model_level,objective,candidate_id,full_r2,base_r2,delta_r2_vs_base
OLS,o_max,m000000_o_max_ord3_rk00001,0.4384530726689259,0.5511279581498074,-0.1126748854808815
OLS,o_max,m000001_o_max_ord3_rk00002,-3.705845927752697,0.5511279581498074,-4.256973885902505
OLS,o_max,m000002_o_max_ord3_rk00003,0.4932223315832801,0.5511279581498074,-0.05790562656652731
OLS,o_max,m000003_o_max_ord3_rk00004,0.4894619467601609,0.5511279581498074,-0.0616660113896465
OLS,o_max,m000004_o_max_ord3_rk00005,0.4772041784185664,0.5511279581498074,-0.07392377973124103
OLS,o_max,m000005_o_max_ord3_rk00006,0.4255344721788188,0.5511279581498074,-0.12559348597098863
OLS,o_max,m000006_o_max_ord3_rk00007,0.4583821782041838,0.5511279581498074,-0.09274577994562361
OLS,o_max,m000007_o_max_ord3_rk00008,0.48570209280274,0.5511279581498074,-0.0654258653470674
OLS,o_max,m000008_o_max_ord3_rk00009,0.472474100996595,0.5511279581498074,-0.07865385715321244
OLS,o_max,m000009_o_max_ord3_rk00010,0.4753491635599596,0.5511279581498074,-0.07577879458984782
OLS,o_max,m000010_o_max_ord3_rk00011,0.4662750083780335,0.5511279581498074,-0.08485294977177393
OLS,o_max,m000011_o_max_ord3_rk00012,0.4662813985117516,0.5511279581498074,-0.08484655963805582
OLS,o_max,m000012_o_max_ord3_rk00013,0.4926556670163033,0.5511279581498074,-0.058472291133504106
OLS,o_max,m000013_o_max_ord3_rk00014,0.489398070820232,0.5511279581498074,-0.061729887329575406
OLS,o_max,m000014_o_max_ord3_rk00015,0.4737597110028047,0.5511279581498074,-0.07736824714700274
OLS,o_max,m000015_o_max_ord3_rk00016,0.5026947830106556,0.5511279581498074,-0.048433175139151796
OLS,o_max,m000016_o_max_ord3_rk00017,0.4885121631193898,0.5511279581498074,-0.06261579503041764
OLS,o_max,m000017_o_max_ord3_rk00018,0.4366171601049519,0.5511279581498074,-0.11451079804485553
OLS,o_max,m000018_o_max_ord3_rk00019,0.5066948787827956,0.5511279581498074,-0.044433079367011796
OLS,o_max,m000019_o_max_ord3_rk00020,0.4820025144855876,0.5511279581498074,-0.0691254436642198
OLS,o_max,m001000_o_max_ord4_rk00001,0.4816966613659983,0.5511279581498074,-0.0694312967838091
OLS,o_max,m001001_o_max_ord4_rk00002,0.4394223688275471,0.5511279581498074,-0.11170558932226032
OLS,o_max,m001002_o_max_ord4_rk00003,0.4578453278040284,0.5511279581498074,-0.093282630345779
OLS,o_max,m001003_o_max_ord4_rk00004,0.4653293179905238,0.5511279581498074,-0.08579864015928362
OLS,o_max,m001004_o_max_ord4_rk00005,0.4443319978444334,0.5511279581498074,-0.10679596030537403
OLS,o_max,m001005_o_max_ord4_rk00006,0.4375718786418922,0.5511279581498074,-0.11355607950791524
OLS,o_max,m001006_o_max_ord4_rk00007,0.5063007299028436,0.5511279581498074,-0.044827228246963835
OLS,o_max,m001007_o_max_ord4_rk00008,-5.527868317744669,0.5511279581498074,-6.078996275894476
OLS,o_max,m001008_o_max_ord4_rk00009,0.4127435073726886,0.5511279581498074,-0.1383844507771188
OLS,o_max,m001009_o_max_ord4_rk00010,0.4292781510872632,0.5511279581498074,-0.12184980706254422
OLS,o_max,m001010_o_max_ord4_rk00011,0.4866001786074955,0.5511279581498074,-0.06452777954231192
OLS,o_max,m001011_o_max_ord4_rk00012,0.4725523375854822,0.5511279581498074,-0.07857562056432521
OLS,o_max,m001012_o_max_ord4_rk00013,0.4647949844350232,0.5511279581498074,-0.08633297371478421
OLS,o_max,m001013_o_max_ord4_rk00014,0.4156909555940229,0.5511279581498074,-0.1354370025557845
OLS,o_max,m001014_o_max_ord4_rk00015,0.4658796215315828,0.5511279581498074,-0.08524833661822462
OLS,o_max,m001015_o_max_ord4_rk00016,0.39752286600347,0.5511279581498074,-0.15360509214633744
OLS,o_max,m001016_o_max_ord4_rk00017,0.4946985626896566,0.5511279581498074,-0.0564293954601508
OLS,o_max,m001017_o_max_ord4_rk00018,0.4623555642300527,0.5511279581498074,-0.08877239391975472
OLS,o_max,m001018_o_max_ord4_rk00019,0.5030714541284573,0.5511279581498074,-0.04805650402135009
OLS,o_max,m001019_o_max_ord4_rk00020,-2.825451821067292,0.5511279581498074,-3.3765797792170993
OLS,o_max,m002000_o_max_ord5_rk00001,0.4579217790081847,0.5511279581498074,-0.09320617914162271
OLS,o_max,m002001_o_max_ord5_rk00002,0.4918923545764836,0.5511279581498074,-0.0592356035733238
OLS,o_max,m002002_o_max_ord5_rk00003,0.4605252180236003,0.5511279581498074,-0.09060274012620712
OLS,o_max,m002003_o_max_ord5_rk00004,0.4652710990810106,0.5511279581498074,-0.08585685906879681
OLS,o_max,m002004_o_max_ord5_rk00005,0.4561135074413009,0.5511279581498074,-0.0950144507085065
OLS,o_max,m002005_o_max_ord5_rk00006,0.4913705551489065,0.5511279581498074,-0.05975740300090093
OLS,o_max,m002006_o_max_ord5_rk00007,0.5081249805384833,0.5511279581498074,-0.0430029776113241
OLS,o_max,m002007_o_max_ord5_rk00008,0.4906001741721911,0.5511279581498074,-0.06052778397761632
OLS,o_max,m002008_o_max_ord5_rk00009,0.446799510311769,0.5511279581498074,-0.10432844783803841
OLS,o_max,m002009_o_max_ord5_rk00010,0.4657323254685114,0.5511279581498074,-0.08539563268129602
OLS,o_max,m002010_o_max_ord5_rk00011,0.4588692233128513,0.5511279581498074,-0.09225873483695612
OLS,o_max,m002011_o_max_ord5_rk00012,0.4803198040087147,0.5511279581498074,-0.0708081541410927
OLS,o_max,m002012_o_max_ord5_rk00013,0.4780108156738876,0.5511279581498074,-0.07311714247591983
OLS,o_max,m002013_o_max_ord5_rk00014,0.4455996526681826,0.5511279581498074,-0.10552830548162484
OLS,o_max,m002014_o_max_ord5_rk00015,0.4677331140140667,0.5511279581498074,-0.08339484413574072
OLS,o_max,m002015_o_max_ord5_rk00016,0.4587164810145573,0.5511279581498074,-0.09241147713525011
OLS,o_max,m002016_o_max_ord5_rk00017,0.4848807960942511,0.5511279581498074,-0.06624716205555631
OLS,o_max,m002017_o_max_ord5_rk00018,0.4375418093803002,0.5511279581498074,-0.11358614876950723
OLS,o_max,m002018_o_max_ord5_rk00019,0.416152966197714,0.5511279581498074,-0.1349749919520934
OLS,o_max,m002019_o_max_ord5_rk00020,0.4893770891395383,0.5511279581498074,-0.061750869010269105
OLS,o_max,m003000_o_max_ord6_rk00001,0.484607685195167,0.5511279581498074,-0.06652027295464041
OLS,o_max,m003001_o_max_ord6_rk00002,0.4736317588623867,0.5511279581498074,-0.07749619928742074
OLS,o_max,m003002_o_max_ord6_rk00003,0.4411113660570637,0.5511279581498074,-0.11001659209274373
OLS,o_max,m003003_o_max_ord6_rk00004,0.473376724650976,0.5511279581498074,-0.0777512334988314
OLS,o_max,m003004_o_max_ord6_rk00005,0.4902918011176775,0.5511279581498074,-0.06083615703212991
OLS,o_max,m003005_o_max_ord6_rk00006,0.4445562856338921,0.5511279581498074,-0.10657167251591532
OLS,o_max,m003006_o_max_ord6_rk00007,0.4743771537826872,0.5511279581498074,-0.07675080436712023
OLS,o_max,m003007_o_max_ord6_rk00008,0.442852564628301,0.5511279581498074,-0.10827539352150639
OLS,o_max,m003008_o_max_ord6_rk00009,0.5106268131306855,0.5511279581498074,-0.04050114501912194
OLS,o_max,m003009_o_max_ord6_rk00010,0.4550546118407272,0.5511279581498074,-0.09607334630908021
OLS,o_max,m003010_o_max_ord6_rk00011,0.5117674079654414,0.5511279581498074,-0.03936055018436602
OLS,o_max,m003011_o_max_ord6_rk00012,0.4434356784456053,0.5511279581498074,-0.10769227970420214
OLS,o_max,m003012_o_max_ord6_rk00013,0.4102147902222414,0.5511279581498074,-0.14091316792756603
OLS,o_max,m003013_o_max_ord6_rk00014,0.5089291257745772,0.5511279581498074,-0.042198832375230255
OLS,o_max,m003014_o_max_ord6_rk00015,0.4660067769231024,0.5511279581498074,-0.08512118122670503
OLS,o_max,m003015_o_max_ord6_rk00016,0.4557729220314357,0.5511279581498074,-0.0953550361183717
OLS,o_max,m003016_o_max_ord6_rk00017,0.4991267306238864,0.5511279581498074,-0.05200122752592101
OLS,o_max,m003017_o_max_ord6_rk00018,0.4743536015934085,0.5511279581498074,-0.07677435655639891
OLS,o_max,m003018_o_max_ord6_rk00019,0.4742663351851772,0.5511279581498074,-0.07686162296463023
OLS,o_max,m003019_o_max_ord6_rk00020,0.4909025061496755,0.5511279581498074,-0.06022545200013191
OLS,o_max,m004000_o_max_ord7_rk00001,0.4988994240046053,0.5511279581498074,-0.05222853414520212
OLS,o_max,m004001_o_max_ord7_rk00002,0.4788789335245107,0.5511279581498074,-0.0722490246252967
OLS,o_max,m004002_o_max_ord7_rk00003,0.5025782033460819,0.5511279581498074,-0.048549754803725476
OLS,o_max,m004003_o_max_ord7_rk00004,0.4628494765872488,0.5511279581498074,-0.08827848156255863
OLS,o_max,m004004_o_max_ord7_rk00005,0.4903451031259617,0.5511279581498074,-0.06078285502384573
OLS,o_max,m004005_o_max_ord7_rk00006,0.5060825237909841,0.5511279581498074,-0.045045434358823355
OLS,o_max,m004006_o_max_ord7_rk00007,0.471371465325581,0.5511279581498074,-0.07975649282422642
OLS,o_max,m004007_o_max_ord7_rk00008,0.4634510353320608,0.5511279581498074,-0.08767692281774664
OLS,o_max,m004008_o_max_ord7_rk00009,0.4923855043643301,0.5511279581498074,-0.05874245378547732
OLS,o_max,m004009_o_max_ord7_rk00010,0.4915234798400637,0.5511279581498074,-0.05960447830974369
OLS,o_max,m004010_o_max_ord7_rk00011,0.4527965394567911,0.5511279581498074,-0.09833141869301631
OLS,o_max,m004011_o_max_ord7_rk00012,0.491589543156531,0.5511279581498074,-0.059538414993276445
OLS,o_max,m004012_o_max_ord7_rk00013,0.4673011370608028,0.5511279581498074,-0.08382682108900463
OLS,o_max,m004013_o_max_ord7_rk00014,0.4780143389399652,0.5511279581498074,-0.07311361920984222
OLS,o_max,m004014_o_max_ord7_rk00015,0.4713372422175547,0.5511279581498074,-0.07979071593225273
OLS,o_max,m004015_o_max_ord7_rk00016,0.4596983007718167,0.5511279581498074,-0.09142965737799069
OLS,o_max,m004016_o_max_ord7_rk00017,0.5066068036721688,0.5511279581498074,-0.0445211544776386
OLS,o_max,m004017_o_max_ord7_rk00018,0.4870171685266871,0.5511279581498074,-0.06411078962312033
OLS,o_max,m004018_o_max_ord7_rk00019,0.4604704830034395,0.5511279581498074,-0.0906574751463679
OLS,o_max,m004019_o_max_ord7_rk00020,0.4746101745807286,0.5511279581498074,-0.07651778356907879
OLS,o_max,m005000_o_max_ord8_rk00001,0.4873181002905253,0.5511279581498074,-0.06380985785928212
OLS,o_max,m005001_o_max_ord8_rk00002,0.5006310139328072,0.5511279581498074,-0.05049694421700024
OLS,o_max,m005002_o_max_ord8_rk00003,0.4869908945571555,0.5511279581498074,-0.06413706359265192
OLS,o_max,m005003_o_max_ord8_rk00004,0.509564017179921,0.5511279581498074,-0.04156394096988647
OLS,o_max,m005004_o_max_ord8_rk00005,0.4903085607818669,0.5511279581498074,-0.06081939736794051
OLS,o_max,m005005_o_max_ord8_rk00006,0.4784623996198757,0.5511279581498074,-0.07266555852993173
OLS,o_max,m005006_o_max_ord8_rk00007,0.5144222928518878,0.5511279581498074,-0.03670566529791963
OLS,o_max,m005007_o_max_ord8_rk00008,0.4725436849489982,0.5511279581498074,-0.07858427320080924
OLS,o_max,m005008_o_max_ord8_rk00009,0.489777834003702,0.5511279581498074,-0.06135012414610541
OLS,o_max,m005009_o_max_ord8_rk00010,0.4649778790105996,0.5511279581498074,-0.0861500791392078
OLS,o_max,m005010_o_max_ord8_rk00011,0.4838401395194129,0.5511279581498074,-0.06728781863039451
OLS,o_max,m005011_o_max_ord8_rk00012,0.4862611028560039,0.5511279581498074,-0.06486685529380354
OLS,o_max,m005012_o_max_ord8_rk00013,0.4973082019340843,0.5511279581498074,-0.0538197562157231
OLS,o_max,m005013_o_max_ord8_rk00014,0.4556374391702797,0.5511279581498074,-0.0954905189795277
OLS,o_max,m005014_o_max_ord8_rk00015,0.4990785512279999,0.5511279581498074,-0.05204940692180754
OLS,o_max,m005015_o_max_ord8_rk00016,0.4984333400787759,0.5511279581498074,-0.05269461807103154
OLS,o_max,m005016_o_max_ord8_rk00017,0.4890360388482501,0.5511279581498074,-0.06209191930155733
OLS,o_max,m005017_o_max_ord8_rk00018,0.5060974388971915,0.5511279581498074,-0.04503051925261592
OLS,o_max,m005018_o_max_ord8_rk00019,0.5093508829122457,0.5511279581498074,-0.04177707523756169
OLS,o_max,m005019_o_max_ord8_rk00020,0.4613924039550611,0.5511279581498074,-0.08973555419474633
OLS,o_max,m006000_o_max_ord9_rk00001,0.4834350471959645,0.5511279581498074,-0.06769291095384294
OLS,o_max,m006001_o_max_ord9_rk00002,0.4885161028937628,0.5511279581498074,-0.06261185525604462
OLS,o_max,m006002_o_max_ord9_rk00003,0.5115176737567764,0.5511279581498074,-0.03961028439303105
OLS,o_max,m006003_o_max_ord9_rk00004,0.467255368362516,0.5511279581498074,-0.0838725897872914
OLS,o_max,m006004_o_max_ord9_rk00005,0.4797033996183008,0.5511279581498074,-0.07142455853150664
OLS,o_max,m006005_o_max_ord9_rk00006,0.4947401835752916,0.5511279581498074,-0.056387774574515825
OLS,o_max,m006006_o_max_ord9_rk00007,0.5033073916384174,0.5511279581498074,-0.047820566511389995
OLS,o_max,m006007_o_max_ord9_rk00008,0.4728147334735727,0.5511279581498074,-0.0783132246762347
OLS,o_max,m006008_o_max_ord9_rk00009,0.4949759274363343,0.5511279581498074,-0.05615203071347313
OLS,o_max,m006009_o_max_ord9_rk00010,0.4782483718733169,0.5511279581498074,-0.0728795862764905
OLS,o_max,m006010_o_max_ord9_rk00011,0.4993582900562756,0.5511279581498074,-0.05176966809353184
OLS,o_max,m006011_o_max_ord9_rk00012,0.5023662374318667,0.5511279581498074,-0.048761720717940715
OLS,o_max,m006012_o_max_ord9_rk00013,0.5035508144607233,0.5511279581498074,-0.04757714368908417
OLS,o_max,m006013_o_max_ord9_rk00014,0.4863287538505042,0.5511279581498074,-0.06479920429930319
OLS,o_max,m006014_o_max_ord9_rk00015,0.4879162056929431,0.5511279581498074,-0.06321175245686433
OLS,o_max,m006015_o_max_ord9_rk00016,0.4969619277214794,0.5511279581498074,-0.054166030428328016
OLS,o_max,m006016_o_max_ord9_rk00017,0.4540960322528153,0.5511279581498074,-0.09703192589699211
OLS,o_max,m006017_o_max_ord9_rk00018,0.4824122439377851,0.5511279581498074,-0.06871571421202233
OLS,o_max,m006018_o_max_ord9_rk00019,0.4952605534311144,0.5511279581498074,-0.055867404718693
OLS,o_max,m006019_o_max_ord9_rk00020,0.4575729216183706,0.5511279581498074,-0.09355503653143682
OLS,o_max,m007000_o_max_ord10_rk00001,0.495327282153815,0.5511279581498074,-0.05580067599599242
OLS,o_max,m007001_o_max_ord10_rk00002,0.4880600824199465,0.5511279581498074,-0.06306787572986094
OLS,o_max,m007002_o_max_ord10_rk00003,0.4843629430187803,0.5511279581498074,-0.06676501513102712
OLS,o_max,m007003_o_max_ord10_rk00004,0.4830411955082193,0.5511279581498074,-0.06808676264158814
OLS,o_max,m007004_o_max_ord10_rk00005,0.4854282813661972,0.5511279581498074,-0.06569967678361022
OLS,o_max,m007005_o_max_ord10_rk00006,0.4875009437303762,0.5511279581498074,-0.0636270144194312
OLS,o_max,m007006_o_max_ord10_rk00007,0.4779402211085197,0.5511279581498074,-0.07318773704128773
OLS,o_max,m007007_o_max_ord10_rk00008,0.4738545826919961,0.5511279581498074,-0.07727337545781132
OLS,o_max,m007008_o_max_ord10_rk00009,0.4413697268962427,0.5511279581498074,-0.10975823125356471
OLS,o_max,m007009_o_max_ord10_rk00010,0.4826548584318546,0.5511279581498074,-0.06847309971795279
OLS,o_max,m007010_o_max_ord10_rk00011,0.4783662015455453,0.5511279581498074,-0.0727617566042621
OLS,o_max,m007011_o_max_ord10_rk00012,0.4997274303911981,0.5511279581498074,-0.051400527758609316
OLS,o_max,m007012_o_max_ord10_rk00013,0.499227912973085,0.5511279581498074,-0.05190004517672242
OLS,o_max,m007013_o_max_ord10_rk00014,0.4780582061457398,0.5511279581498074,-0.07306975200406762
OLS,o_max,m007014_o_max_ord10_rk00015,0.442207594886034,0.5511279581498074,-0.10892036326377341
OLS,o_max,m007015_o_max_ord10_rk00016,0.4874380407330064,0.5511279581498074,-0.06368991741680102
OLS,o_max,m007016_o_max_ord10_rk00017,0.4537210682302366,0.5511279581498074,-0.0974068899195708
OLS,o_max,m007017_o_max_ord10_rk00018,0.4687975847442802,0.5511279581498074,-0.08233037340552724
OLS,o_max,m007018_o_max_ord10_rk00019,0.4722086659954578,0.5511279581498074,-0.07891929215434962
OLS,o_max,m007019_o_max_ord10_rk00020,0.48479623489284,0.5511279581498074,-0.0663317232569674
OLS,o_max,m008000_o_max_ord11_rk00001,0.4974977945588504,0.5511279581498074,-0.053630163590957014
OLS,o_max,m008001_o_max_ord11_rk00002,0.4882822462064636,0.5511279581498074,-0.06284571194334382
OLS,o_max,m008002_o_max_ord11_rk00003,0.4768565313,0.5511279581498074,-0.07427142684980742
OLS,o_max,m008003_o_max_ord11_rk00004,0.4943928334208546,0.5511279581498074,-0.05673512472895281
OLS,o_max,m008004_o_max_ord11_rk00005,0.4944781061850635,0.5511279581498074,-0.056649851964743925
OLS,o_max,m008005_o_max_ord11_rk00006,0.493363440806555,0.5511279581498074,-0.05776451734325244
OLS,o_max,m008006_o_max_ord11_rk00007,0.496987590121422,0.5511279581498074,-0.0541403680283854
OLS,o_max,m008007_o_max_ord11_rk00008,0.4723267696425087,0.5511279581498074,-0.07880118850729873
OLS,o_max,m008008_o_max_ord11_rk00009,0.4769402553860965,0.5511279581498074,-0.0741877027637109
OLS,o_max,m008009_o_max_ord11_rk00010,0.4797540021799943,0.5511279581498074,-0.07137395596981311
OLS,o_max,m008010_o_max_ord11_rk00011,0.4839831047834558,0.5511279581498074,-0.06714485336635162
OLS,o_max,m008011_o_max_ord11_rk00012,0.4769711047450318,0.5511279581498074,-0.07415685340477562
OLS,o_max,m008012_o_max_ord11_rk00013,0.4257101692653939,0.5511279581498074,-0.12541778888441352
OLS,o_max,m008013_o_max_ord11_rk00014,0.4864111813978541,0.5511279581498074,-0.06471677675195331
OLS,o_max,m008014_o_max_ord11_rk00015,0.4963793524477456,0.5511279581498074,-0.0547486057020618
OLS,o_max,m008015_o_max_ord11_rk00016,0.488151080614299,0.5511279581498074,-0.0629768775355084
OLS,o_max,m008016_o_max_ord11_rk00017,0.4839851013764809,0.5511279581498074,-0.06714285677332654
OLS,o_max,m008017_o_max_ord11_rk00018,0.4976902337451399,0.5511279581498074,-0.05343772440466754
OLS,o_max,m008018_o_max_ord11_rk00019,0.4918845231631824,0.5511279581498074,-0.05924343498662504
OLS,o_max,m008019_o_max_ord11_rk00020,0.4865849665916247,0.5511279581498074,-0.06454299155818272
OLS,o_max,m009000_o_max_ord12_rk00001,0.4902425931175865,0.5511279581498074,-0.06088536503222092
OLS,o_max,m009001_o_max_ord12_rk00002,0.4725124614616088,0.5511279581498074,-0.07861549668819862
OLS,o_max,m009002_o_max_ord12_rk00003,0.4597826727618119,0.5511279581498074,-0.09134528538799552
OLS,o_max,m009003_o_max_ord12_rk00004,0.4964418502853113,0.5511279581498074,-0.054686107864496125
OLS,o_max,m009004_o_max_ord12_rk00005,0.4937233182078627,0.5511279581498074,-0.057404639941944724
OLS,o_max,m009005_o_max_ord12_rk00006,0.4927807933167795,0.5511279581498074,-0.05834716483302793
OLS,o_max,m009006_o_max_ord12_rk00007,0.4948421726618596,0.5511279581498074,-0.056285785487947826
OLS,o_max,m009007_o_max_ord12_rk00008,0.4871113834134482,0.5511279581498074,-0.06401657473635924
OLS,o_max,m009008_o_max_ord12_rk00009,0.4902194304704341,0.5511279581498074,-0.060908527679373325
OLS,o_max,m009009_o_max_ord12_rk00010,0.471518419083875,0.5511279581498074,-0.07960953906593243
OLS,o_max,m009010_o_max_ord12_rk00011,0.4825066734972427,0.5511279581498074,-0.06862128465256473
OLS,o_max,m009011_o_max_ord12_rk00012,0.474933711362779,0.5511279581498074,-0.07619424678702841
OLS,o_max,m009012_o_max_ord12_rk00013,0.4692695951697488,0.5511279581498074,-0.08185836298005861
OLS,o_max,m009013_o_max_ord12_rk00014,0.5022227330345312,0.5511279581498074,-0.048905225115276174
OLS,o_max,m009014_o_max_ord12_rk00015,0.4174707322572365,0.5511279581498074,-0.1336572258925709
OLS,o_max,m009015_o_max_ord12_rk00016,0.4915338632080428,0.5511279581498074,-0.0595940949417646
OLS,o_max,m009016_o_max_ord12_rk00017,0.4963934500653094,0.5511279581498074,-0.054734508084498035
OLS,o_max,m009017_o_max_ord12_rk00018,0.4278876234290535,0.5511279581498074,-0.12324033472075391
OLS,o_max,m009018_o_max_ord12_rk00019,0.4894180873683394,0.5511279581498074,-0.061709870781468
OLS,o_max,m009019_o_max_ord12_rk00020,0.3992834348293235,0.5511279581498074,-0.15184452332048393
OLS,o_max,m010000_o_max_ord13_rk00001,0.4815940885019047,0.5511279581498074,-0.0695338696479027
OLS,o_max,m010001_o_max_ord13_rk00002,0.4566428203356589,0.5511279581498074,-0.09448513781414852
OLS,o_max,m010002_o_max_ord13_rk00003,0.4320980250047979,0.5511279581498074,-0.11902993314500954
OLS,o_max,m010003_o_max_ord13_rk00004,0.484257313547479,0.5511279581498074,-0.06687064460232844
OLS,o_max,m010004_o_max_ord13_rk00005,0.4766109285976417,0.5511279581498074,-0.07451702955216571
OLS,o_max,m010005_o_max_ord13_rk00006,0.4833986427339208,0.5511279581498074,-0.06772931541588662
OLS,o_max,m010006_o_max_ord13_rk00007,0.4684726019135414,0.5511279581498074,-0.08265535623626602
OLS,o_max,m010007_o_max_ord13_rk00008,0.3133630500181251,0.5511279581498074,-0.23776490813168233
OLS,o_max,m010008_o_max_ord13_rk00009,0.5026568146557993,0.5511279581498074,-0.04847114349400816
OLS,o_max,m010009_o_max_ord13_rk00010,0.482636367234511,0.5511279581498074,-0.06849159091529644
OLS,o_max,m010010_o_max_ord13_rk00011,0.485920120997953,0.5511279581498074,-0.06520783715185441
OLS,o_max,m010011_o_max_ord13_rk00012,0.4699377425442541,0.5511279581498074,-0.08119021560555334
OLS,o_max,m010012_o_max_ord13_rk00013,0.4952435730394432,0.5511279581498074,-0.0558843851103642
OLS,o_max,m010013_o_max_ord13_rk00014,0.4928918798006453,0.5511279581498074,-0.05823607834916211
OLS,o_max,m010014_o_max_ord13_rk00015,0.4490669392408797,0.5511279581498074,-0.10206101890892771
OLS,o_max,m010015_o_max_ord13_rk00016,0.4941069693408849,0.5511279581498074,-0.057020988808922535
OLS,o_max,m010016_o_max_ord13_rk00017,0.479341376619803,0.5511279581498074,-0.07178658153000445
OLS,o_max,m010017_o_max_ord13_rk00018,0.4828361073730859,0.5511279581498074,-0.06829185077672151
OLS,o_max,m010018_o_max_ord13_rk00019,0.3898830049076109,0.5511279581498074,-0.1612449532421965
OLS,o_max,m010019_o_max_ord13_rk00020,0.463868206820494,0.5511279581498074,-0.0872597513293134
OLS,o_max,m011000_o_max_ord14_rk00001,0.4383041190635616,0.5511279581498074,-0.11282383908624583
OLS,o_max,m011001_o_max_ord14_rk00002,0.4770853517703541,0.5511279581498074,-0.07404260637945331
OLS,o_max,m011002_o_max_ord14_rk00003,0.4807565688077673,0.5511279581498074,-0.07037138934204012
OLS,o_max,m011003_o_max_ord14_rk00004,0.4616824851250356,0.5511279581498074,-0.0894454730247718
OLS,o_max,m011004_o_max_ord14_rk00005,0.285176947497371,0.5511279581498074,-0.2659510106524364
OLS,o_max,m011005_o_max_ord14_rk00006,0.4540531414036342,0.5511279581498074,-0.09707481674617324
OLS,o_max,m011006_o_max_ord14_rk00007,0.4837998295315993,0.5511279581498074,-0.06732812861820814
OLS,o_max,m011007_o_max_ord14_rk00008,0.4431545523487923,0.5511279581498074,-0.10797340580101511
OLS,o_max,m011008_o_max_ord14_rk00009,0.3875989546512046,0.5511279581498074,-0.16352900349860283
OLS,o_max,m011009_o_max_ord14_rk00010,0.410838915098212,0.5511279581498074,-0.1402890430515954
OLS,o_max,m011010_o_max_ord14_rk00011,0.4653338211458193,0.5511279581498074,-0.08579413700398814
OLS,o_max,m011011_o_max_ord14_rk00012,0.3924459921360883,0.5511279581498074,-0.15868196601371914
OLS,o_max,m011012_o_max_ord14_rk00013,0.4627386522500021,0.5511279581498074,-0.08838930589980531
OLS,o_max,m011013_o_max_ord14_rk00014,0.4778942481092302,0.5511279581498074,-0.07323371004057722
OLS,o_max,m011014_o_max_ord14_rk00015,0.436681594814532,0.5511279581498074,-0.11444636333527541
OLS,o_max,m011015_o_max_ord14_rk00016,0.3115960171855559,0.5511279581498074,-0.2395319409642515
OLS,o_max,m011016_o_max_ord14_rk00017,0.3713937743777197,0.5511279581498074,-0.17973418377208772
OLS,o_max,m011017_o_max_ord14_rk00018,0.2721733786572469,0.5511279581498074,-0.27895457949256053
OLS,o_max,m011018_o_max_ord14_rk00019,0.4609921896970784,0.5511279581498074,-0.09013576845272903
OLS,o_max,m011019_o_max_ord14_rk00020,0.4283164934993204,0.5511279581498074,-0.12281146465048703
OLS,o_max,m012000_o_max_ord15_rk00001,0.4454127266885657,0.5511279581498074,-0.10571523146124173
OLS,o_max,m012001_o_max_ord15_rk00002,0.2841398139252862,0.5511279581498074,-0.2669881442245212
OLS,o_max,m012002_o_max_ord15_rk00003,0.4867713598345798,0.5511279581498074,-0.06435659831522761
OLS,o_max,m012003_o_max_ord15_rk00004,0.3942601934565645,0.5511279581498074,-0.15686776469324293
OLS,o_max,m012004_o_max_ord15_rk00005,0.3230609024572348,0.5511279581498074,-0.22806705569257263
OLS,o_max,m012005_o_max_ord15_rk00006,0.4187169796786859,0.5511279581498074,-0.13241097847112154
OLS,o_max,m012006_o_max_ord15_rk00007,0.2714039195503206,0.5511279581498074,-0.2797240385994868
OLS,o_max,m012007_o_max_ord15_rk00008,0.4189849866796998,0.5511279581498074,-0.13214297147010762
OLS,o_max,m012008_o_max_ord15_rk00009,0.4634193437286101,0.5511279581498074,-0.08770861442119732
OLS,o_max,m012009_o_max_ord15_rk00010,0.4264301329944536,0.5511279581498074,-0.12469782515535383
OLS,o_max,m012010_o_max_ord15_rk00011,0.428804363906311,0.5511279581498074,-0.12232359424349643
OLS,o_max,m012011_o_max_ord15_rk00012,0.3703642731212538,0.5511279581498074,-0.1807636850285536
OLS,o_max,m012012_o_max_ord15_rk00013,0.3892838063722332,0.5511279581498074,-0.16184415177757422
OLS,o_max,m012013_o_max_ord15_rk00014,0.4473044841645837,0.5511279581498074,-0.10382347398522374
OLS,o_max,m012014_o_max_ord15_rk00015,0.4726696178791093,0.5511279581498074,-0.07845834027069809
OLS,o_max,m012015_o_max_ord15_rk00016,0.4261931825360693,0.5511279581498074,-0.12493477561373811
OLS,o_max,m012016_o_max_ord15_rk00017,0.4542845010121162,0.5511279581498074,-0.09684345713769121
OLS,o_max,m012017_o_max_ord15_rk00018,0.4368778080098502,0.5511279581498074,-0.11425015013995721
OLS,o_max,m012018_o_max_ord15_rk00019,0.4062455645586493,0.5511279581498074,-0.14488239359115812
OLS,o_max,m012019_o_max_ord15_rk00020,0.4072322926035965,0.5511279581498074,-0.14389566554621092
OLS,o_max,m013000_o_max_ord16_rk00001,0.3048673577510894,0.5511279581498074,-0.246260600398718
OLS,o_max,m013001_o_max_ord16_rk00002,0.3798257638856019,0.5511279581498074,-0.1713021942642055
OLS,o_max,m013002_o_max_ord16_rk00003,0.4278789211491355,0.5511279581498074,-0.12324903700067191
OLS,o_max,m013003_o_max_ord16_rk00004,-7.294272836210869,0.5511279581498074,-7.8454007943606765
OLS,o_max,m013004_o_max_ord16_rk00005,0.3906214223244311,0.5511279581498074,-0.16050653582537633
OLS,o_max,m013005_o_max_ord16_rk00006,0.4150724163859344,0.5511279581498074,-0.13605554176387302
OLS,o_max,m013006_o_max_ord16_rk00007,0.2850219859126177,0.5511279581498074,-0.26610597223718974
OLS,o_max,m013007_o_max_ord16_rk00008,0.2456164090583086,0.5511279581498074,-0.3055115490914988
OLS,o_max,m013008_o_max_ord16_rk00009,0.3969605419636703,0.5511279581498074,-0.1541674161861371
OLS,o_max,m013009_o_max_ord16_rk00010,0.2810112398498052,0.5511279581498074,-0.2701167183000022
OLS,o_max,m013010_o_max_ord16_rk00011,0.3027414654826253,0.5511279581498074,-0.2483864926671821
OLS,o_max,m013011_o_max_ord16_rk00012,0.2767003826995649,0.5511279581498074,-0.27442757545024254
OLS,o_max,m013012_o_max_ord16_rk00013,0.4388829150999066,0.5511279581498074,-0.1122450430499008
OLS,o_max,m013013_o_max_ord16_rk00014,0.4264545962302671,0.5511279581498074,-0.12467336191954032
OLS,o_max,m013014_o_max_ord16_rk00015,0.3502754088882208,0.5511279581498074,-0.20085254926158663
OLS,o_max,m013015_o_max_ord16_rk00016,0.4755460788609287,0.5511279581498074,-0.07558187928887872
OLS,o_max,m013016_o_max_ord16_rk00017,0.4682185204698522,0.5511279581498074,-0.08290943767995523
OLS,o_max,m013017_o_max_ord16_rk00018,0.2422977231527737,0.5511279581498074,-0.3088302349970337
OLS,o_max,m013018_o_max_ord16_rk00019,0.3988374823361342,0.5511279581498074,-0.15229047581367322
OLS,o_max,m013019_o_max_ord16_rk00020,0.3209327638801091,0.5511279581498074,-0.2301951942696983
OLS,o_max,m014000_o_max_ord17_rk00001,-28.20151233266507,0.5511279581498074,-28.752640290814877
OLS,o_max,m014001_o_max_ord17_rk00002,0.3056477699990004,0.5511279581498074,-0.24548018815080702
OLS,o_max,m014002_o_max_ord17_rk00003,0.2808657362882752,0.5511279581498074,-0.2702622218615322
OLS,o_max,m014003_o_max_ord17_rk00004,0.3446150588259602,0.5511279581498074,-0.2065128993238472
OLS,o_max,m014004_o_max_ord17_rk00005,0.3276139294625545,0.5511279581498074,-0.2235140286872529
OLS,o_max,m014005_o_max_ord17_rk00006,0.3452518941529413,0.5511279581498074,-0.20587606399686614
OLS,o_max,m014006_o_max_ord17_rk00007,0.339543389015468,0.5511279581498074,-0.21158456913433943
OLS,o_max,m014007_o_max_ord17_rk00008,0.3625871804010815,0.5511279581498074,-0.1885407777487259
OLS,o_max,m014008_o_max_ord17_rk00009,0.3909057546907718,0.5511279581498074,-0.1602222034590356
OLS,o_max,m014009_o_max_ord17_rk00010,0.2911746067022818,0.5511279581498074,-0.2599533514475256
OLS,o_max,m014010_o_max_ord17_rk00011,0.4455899518732965,0.5511279581498074,-0.10553800627651094
OLS,o_max,m014011_o_max_ord17_rk00012,0.2905233810431012,0.5511279581498074,-0.2606045771067062
OLS,o_max,m014012_o_max_ord17_rk00013,0.4092999959618956,0.5511279581498074,-0.14182796218791183
OLS,o_max,m014013_o_max_ord17_rk00014,0.3000388699593077,0.5511279581498074,-0.25108908819049974
OLS,o_max,m014014_o_max_ord17_rk00015,0.3587582953393284,0.5511279581498074,-0.19236966281047901
OLS,o_max,m014015_o_max_ord17_rk00016,0.2827003957260177,0.5511279581498074,-0.26842756242378973
OLS,o_max,m014016_o_max_ord17_rk00017,0.3999582468796062,0.5511279581498074,-0.15116971127020123
OLS,o_max,m014017_o_max_ord17_rk00018,0.3388829131945033,0.5511279581498074,-0.2122450449553041
OLS,o_max,m014018_o_max_ord17_rk00019,0.2916310219427318,0.5511279581498074,-0.2594969362070756
OLS,o_max,m014019_o_max_ord17_rk00020,0.384740201426527,0.5511279581498074,-0.16638775672328043
OLS,o_max,m015000_o_max_ord18_rk00001,-28.30227812271193,0.5511279581498074,-28.853406080861735
OLS,o_max,m015001_o_max_ord18_rk00002,0.2326246227198924,0.5511279581498074,-0.31850333542991505
OLS,o_max,m015002_o_max_ord18_rk00003,0.2474009690699193,0.5511279581498074,-0.30372698907988815
OLS,o_max,m015003_o_max_ord18_rk00004,0.307613342488117,0.5511279581498074,-0.24351461566169041
OLS,o_max,m015004_o_max_ord18_rk00005,0.287424952087677,0.5511279581498074,-0.26370300606213043
OLS,o_max,m015005_o_max_ord18_rk00006,0.3353757543901448,0.5511279581498074,-0.21575220375966264
OLS,o_max,m015006_o_max_ord18_rk00007,0.1509331242480425,0.5511279581498074,-0.4001948339017649
OLS,o_max,m015007_o_max_ord18_rk00008,0.3608877458177832,0.5511279581498074,-0.1902402123320242
OLS,o_max,m015008_o_max_ord18_rk00009,0.2620192966325085,0.5511279581498074,-0.2891086615172989
OLS,o_max,m015009_o_max_ord18_rk00010,0.2915334465060486,0.5511279581498074,-0.2595945116437588
OLS,o_max,m015010_o_max_ord18_rk00011,0.2972949287276188,0.5511279581498074,-0.2538330294221886
OLS,o_max,m015011_o_max_ord18_rk00012,0.1701244299595412,0.5511279581498074,-0.3810035281902662
OLS,o_max,m015012_o_max_ord18_rk00013,0.4010929757666883,0.5511279581498074,-0.15003498238311913
OLS,o_max,m015013_o_max_ord18_rk00014,0.2485582747971974,0.5511279581498074,-0.30256968335261003
OLS,o_max,m015014_o_max_ord18_rk00015,0.2573499852721296,0.5511279581498074,-0.2937779728776778
OLS,o_max,m015015_o_max_ord18_rk00016,0.3267305466251158,0.5511279581498074,-0.22439741152469161
OLS,o_max,m015016_o_max_ord18_rk00017,0.1630546259691593,0.5511279581498074,-0.3880733321806481
OLS,o_max,m015017_o_max_ord18_rk00018,0.2805095308997626,0.5511279581498074,-0.2706184272500448
OLS,o_max,m015018_o_max_ord18_rk00019,0.3547617814924467,0.5511279581498074,-0.19636617665736072
OLS,o_max,m015019_o_max_ord18_rk00020,0.3130280501526323,0.5511279581498074,-0.23809990799717512
OLS,o_max,m016000_o_max_ord19_rk00001,-28.0552313524012,0.5511279581498074,-28.606359310551007
OLS,o_max,m016001_o_max_ord19_rk00002,0.183065933523347,0.5511279581498074,-0.3680620246264604
OLS,o_max,m016002_o_max_ord19_rk00003,0.2337519762492012,0.5511279581498074,-0.31737598190060623
OLS,o_max,m016003_o_max_ord19_rk00004,0.1441848789900088,0.5511279581498074,-0.4069430791597986
OLS,o_max,m016004_o_max_ord19_rk00005,0.1536129091432001,0.5511279581498074,-0.3975150490066073
OLS,o_max,m016005_o_max_ord19_rk00006,0.2441819253269016,0.5511279581498074,-0.3069460328229058
OLS,o_max,m016006_o_max_ord19_rk00007,0.3582335868235793,0.5511279581498074,-0.1928943713262281
OLS,o_max,m016007_o_max_ord19_rk00008,0.2538762136417786,0.5511279581498074,-0.2972517445080288
OLS,o_max,m016008_o_max_ord19_rk00009,0.2067758648850047,0.5511279581498074,-0.3443520932648027
OLS,o_max,m016009_o_max_ord19_rk00010,0.2970894171370182,0.5511279581498074,-0.2540385410127892
OLS,o_max,m016010_o_max_ord19_rk00011,0.1998922693493042,0.5511279581498074,-0.3512356888005032
OLS,o_max,m016011_o_max_ord19_rk00012,0.1150791544572995,0.5511279581498074,-0.4360488036925079
OLS,o_max,m016012_o_max_ord19_rk00013,0.1894345708694031,0.5511279581498074,-0.36169338728040434
OLS,o_max,m016013_o_max_ord19_rk00014,0.169158573131864,0.5511279581498074,-0.3819693850179434
OLS,o_max,m016014_o_max_ord19_rk00015,0.266217660906818,0.5511279581498074,-0.28491029724298944
OLS,o_max,m016015_o_max_ord19_rk00016,0.3335497477772288,0.5511279581498074,-0.21757821037257863
OLS,o_max,m016016_o_max_ord19_rk00017,0.3199399369766049,0.5511279581498074,-0.23118802117320253
OLS,o_max,m016017_o_max_ord19_rk00018,0.1405602378222845,0.5511279581498074,-0.4105677203275229
OLS,o_max,m016018_o_max_ord19_rk00019,0.2925496988243836,0.5511279581498074,-0.25857825932542383
OLS,o_max,m016019_o_max_ord19_rk00020,-1.654122409516578,0.5511279581498074,-2.2052503676663857
OLS,o_max,m017000_o_max_ord20_rk00001,-18.35296917863086,0.5511279581498074,-18.904097136780667
OLS,o_max,m017001_o_max_ord20_rk00002,0.1265877396924327,0.5511279581498074,-0.4245402184573747
OLS,o_max,m017002_o_max_ord20_rk00003,0.251977288457717,0.5511279581498074,-0.2991506696920904
OLS,o_max,m017003_o_max_ord20_rk00004,0.1138215391118588,0.5511279581498074,-0.43730641903794865
OLS,o_max,m017004_o_max_ord20_rk00005,0.1979963103554204,0.5511279581498074,-0.353131647794387
OLS,o_max,m017005_o_max_ord20_rk00006,0.1628743280746302,0.5511279581498074,-0.3882536300751772
OLS,o_max,m017006_o_max_ord20_rk00007,0.0956878774205239,0.5511279581498074,-0.45544008072928355
OLS,o_max,m017007_o_max_ord20_rk00008,0.1184336555410323,0.5511279581498074,-0.4326943026087751
OLS,o_max,m017008_o_max_ord20_rk00009,0.2921856645758171,0.5511279581498074,-0.25894229357399035
OLS,o_max,m017009_o_max_ord20_rk00010,-0.077407201622023,0.5511279581498074,-0.6285351597718304
OLS,o_max,m017010_o_max_ord20_rk00011,0.3257512570464895,0.5511279581498074,-0.22537670110331792
OLS,o_max,m017011_o_max_ord20_rk00012,-22.64429470138354,0.5511279581498074,-23.195422659533346
OLS,o_max,m017012_o_max_ord20_rk00013,0.1454042362041272,0.5511279581498074,-0.4057237219456802
OLS,o_max,m017013_o_max_ord20_rk00014,0.193014719957566,0.5511279581498074,-0.3581132381922414
OLS,o_max,m017014_o_max_ord20_rk00015,0.2655182766493709,0.5511279581498074,-0.28560968150043653
OLS,o_max,m017015_o_max_ord20_rk00016,-2.607492917323247,0.5511279581498074,-3.158620875473054
OLS,o_max,m017016_o_max_ord20_rk00017,0.1447146082760327,0.5511279581498074,-0.40641334987377475
OLS,o_max,m017017_o_max_ord20_rk00018,-1.790961362903466,0.5511279581498074,-2.3420893210532734
OLS,o_max,m017018_o_max_ord20_rk00019,-29.1625831844403,0.5511279581498074,-29.713711142590107
OLS,o_max,m017019_o_max_ord20_rk00020,0.2606586289676601,0.5511279581498074,-0.2904693291821473
OLS,o_max,m018000_o_max_ord21_rk00001,-20.39766876333897,0.5511279581498074,-20.948796721488776
OLS,o_max,m018001_o_max_ord21_rk00002,0.1427548054021624,0.5511279581498074,-0.408373152747645
OLS,o_max,m018002_o_max_ord21_rk00003,0.0477181621767908,0.5511279581498074,-0.5034097959730166
OLS,o_max,m018003_o_max_ord21_rk00004,0.0428289243536693,0.5511279581498074,-0.5082990337961382
OLS,o_max,m018004_o_max_ord21_rk00005,-14.79613159367949,0.5511279581498074,-15.347259551829298
OLS,o_max,m018005_o_max_ord21_rk00006,0.2967914004664191,0.5511279581498074,-0.2543365576833883
OLS,o_max,m018006_o_max_ord21_rk00007,-21.32666605119118,0.5511279581498074,-21.877794009340985
OLS,o_max,m018007_o_max_ord21_rk00008,0.1181131096311713,0.5511279581498074,-0.43301484851863614
OLS,o_max,m018008_o_max_ord21_rk00009,0.1397565772580596,0.5511279581498074,-0.41137138089174785
OLS,o_max,m018009_o_max_ord21_rk00010,0.2079394939991271,0.5511279581498074,-0.34318846415068033
OLS,o_max,m018010_o_max_ord21_rk00011,0.2698781331071441,0.5511279581498074,-0.2812498250426633
OLS,o_max,m018011_o_max_ord21_rk00012,0.1186155223293324,0.5511279581498074,-0.43251243582047505
OLS,o_max,m018012_o_max_ord21_rk00013,-19.24921883425644,0.5511279581498074,-19.800346792406245
OLS,o_max,m018013_o_max_ord21_rk00014,0.0964111569394048,0.5511279581498074,-0.4547168012104026
OLS,o_max,m018014_o_max_ord21_rk00015,0.145596971097153,0.5511279581498074,-0.40553098705265445
OLS,o_max,m018015_o_max_ord21_rk00016,-31.84190451317194,0.5511279581498074,-32.393032471321746
OLS,o_max,m018016_o_max_ord21_rk00017,-2.677009328563136,0.5511279581498074,-3.2281372867129434
OLS,o_max,m018017_o_max_ord21_rk00018,-0.0016970132490434,0.5511279581498074,-0.5528249713988508
OLS,o_max,m018018_o_max_ord21_rk00019,0.3071614446282659,0.5511279581498074,-0.24396651352154153
OLS,o_max,m018019_o_max_ord21_rk00020,0.2284813842431432,0.5511279581498074,-0.3226465739066642
OLS,o_max,m019000_o_max_ord22_rk00001,-20.24212062834088,0.5511279581498074,-20.793248586490687
OLS,o_max,m019001_o_max_ord22_rk00002,-13.84647326768066,0.5511279581498074,-14.397601225830467
OLS,o_max,m019002_o_max_ord22_rk00003,0.0550761421444718,0.5511279581498074,-0.4960518160053356
OLS,o_max,m019003_o_max_ord22_rk00004,0.0367588241064791,0.5511279581498074,-0.5143691340433283
OLS,o_max,m019004_o_max_ord22_rk00005,-21.23649365369523,0.5511279581498074,-21.787621611845037
OLS,o_max,m019005_o_max_ord22_rk00006,0.2373960743082873,0.5511279581498074,-0.3137318838415201
OLS,o_max,m019006_o_max_ord22_rk00007,-2.697044043832397,0.5511279581498074,-3.248172001982204
OLS,o_max,m019007_o_max_ord22_rk00008,-1.045213691844241,0.5511279581498074,-1.5963416499940484
OLS,o_max,m019008_o_max_ord22_rk00009,0.121429755493914,0.5511279581498074,-0.4296982026558934
OLS,o_max,m019009_o_max_ord22_rk00010,0.0226947594240066,0.5511279581498074,-0.5284331987258009
OLS,o_max,m019010_o_max_ord22_rk00011,0.1196677694485393,0.5511279581498074,-0.4314601887012681
OLS,o_max,m019011_o_max_ord22_rk00012,0.2366489544897191,0.5511279581498074,-0.3144790036600883
OLS,o_max,m019012_o_max_ord22_rk00013,0.0503216505294688,0.5511279581498074,-0.5008063076203386
OLS,o_max,m019013_o_max_ord22_rk00014,0.1540012859075609,0.5511279581498074,-0.3971266722422465
OLS,o_max,m019014_o_max_ord22_rk00015,-18.45635670953219,0.5511279581498074,-19.007484667681997
OLS,o_max,m019015_o_max_ord22_rk00016,-1.764665332882573,0.5511279581498074,-2.3157932910323806
OLS,o_max,m019016_o_max_ord22_rk00017,0.1600936020210727,0.5511279581498074,-0.3910343561287347
OLS,o_max,m019017_o_max_ord22_rk00018,-0.8735089447391491,0.5511279581498074,-1.4246369028889565
OLS,o_max,m019018_o_max_ord22_rk00019,0.0062916695536571,0.5511279581498074,-0.5448362885961503
OLS,o_max,m019019_o_max_ord22_rk00020,0.2704275928027241,0.5511279581498074,-0.2807003653470833
OLS,o_max,m020000_o_max_ord23_rk00001,-9.6645261122521,0.5511279581498074,-10.215654070401907
OLS,o_max,m020001_o_max_ord23_rk00002,-0.931523133994248,0.5511279581498074,-1.4826510921440554
OLS,o_max,m020002_o_max_ord23_rk00003,-3.163908748198462,0.5511279581498074,-3.715036706348269
OLS,o_max,m020003_o_max_ord23_rk00004,-1.310489714640461,0.5511279581498074,-1.8616176727902685
OLS,o_max,m020004_o_max_ord23_rk00005,-9.07717020959649,0.5511279581498074,-9.628298167746298
OLS,o_max,m020005_o_max_ord23_rk00006,0.3601286867641832,0.5511279581498074,-0.19099927138562423
OLS,o_max,m020006_o_max_ord23_rk00007,0.1250924405286844,0.5511279581498074,-0.426035517621123
OLS,o_max,m020007_o_max_ord23_rk00008,-6.615372501088785,0.5511279581498074,-7.166500459238593
OLS,o_max,m020008_o_max_ord23_rk00009,-4.082956749794564,0.5511279581498074,-4.634084707944371
OLS,o_max,m020009_o_max_ord23_rk00010,-1.018316362689949,0.5511279581498074,-1.5694443208397564
OLS,o_max,m020010_o_max_ord23_rk00011,0.1080220257925987,0.5511279581498074,-0.44310593235720874
OLS,o_max,m020011_o_max_ord23_rk00012,-0.6550780474200377,0.5511279581498074,-1.2062060055698451
OLS,o_max,m020012_o_max_ord23_rk00013,0.1817460622271666,0.5511279581498074,-0.3693818959226408
OLS,o_max,m020013_o_max_ord23_rk00014,0.0985859049899249,0.5511279581498074,-0.4525420531598825
OLS,o_max,m020014_o_max_ord23_rk00015,0.3688823503488128,0.5511279581498074,-0.18224560780099464
OLS,o_max,m020015_o_max_ord23_rk00016,0.1811150920297692,0.5511279581498074,-0.37001286612003825
OLS,o_max,m020016_o_max_ord23_rk00017,0.2023780951436907,0.5511279581498074,-0.3487498630061167
OLS,o_max,m020017_o_max_ord23_rk00018,-2.773764675979597,0.5511279581498074,-3.3248926341294043
OLS,o_max,m020018_o_max_ord23_rk00019,-1.623060844935369,0.5511279581498074,-2.174188803085176
OLS,o_max,m020019_o_max_ord23_rk00020,-1.071817094206385,0.5511279581498074,-1.6229450523561924
OLS,o_max,m021000_o_max_ord24_rk00001,-11.2028208236413,0.5511279581498074,-11.753948781791108
OLS,o_max,m021001_o_max_ord24_rk00002,-1.066139878689852,0.5511279581498074,-1.6172678368396594
OLS,o_max,m021002_o_max_ord24_rk00003,0.3093981477245465,0.5511279581498074,-0.24172981042526093
OLS,o_max,m021003_o_max_ord24_rk00004,0.1234271210351878,0.5511279581498074,-0.4277008371146196
OLS,o_max,m021004_o_max_ord24_rk00005,-1.212256184392255,0.5511279581498074,-1.7633841425420624
OLS,o_max,m021005_o_max_ord24_rk00006,0.1237509375618297,0.5511279581498074,-0.4273770205879777
OLS,o_max,m021006_o_max_ord24_rk00007,-1.567977548933352,0.5511279581498074,-2.1191055070831597
OLS,o_max,m021007_o_max_ord24_rk00008,-0.9960906635459674,0.5511279581498074,-1.5472186216957748
OLS,o_max,m021008_o_max_ord24_rk00009,-0.946101150156148,0.5511279581498074,-1.4972291083059555
OLS,o_max,m021009_o_max_ord24_rk00010,0.2971414614918123,0.5511279581498074,-0.2539864966579951
OLS,o_max,m021010_o_max_ord24_rk00011,-4.541851310198004,0.5511279581498074,-5.092979268347811
OLS,o_max,m021011_o_max_ord24_rk00012,0.1398743292719536,0.5511279581498074,-0.4112536288778538
OLS,o_max,m021012_o_max_ord24_rk00013,-1.419454335641306,0.5511279581498074,-1.9705822937911135
OLS,o_max,m021013_o_max_ord24_rk00014,0.4107968575853095,0.5511279581498074,-0.14033110056449793
OLS,o_max,m021014_o_max_ord24_rk00015,0.2615597178380269,0.5511279581498074,-0.2895682403117805
OLS,o_max,m021015_o_max_ord24_rk00016,0.0736852497096263,0.5511279581498074,-0.4774427084401811
OLS,o_max,m021016_o_max_ord24_rk00017,0.1562520812662362,0.5511279581498074,-0.39487587688357123
OLS,o_max,m021017_o_max_ord24_rk00018,0.236397140729259,0.5511279581498074,-0.3147308174205484
OLS,o_max,m021018_o_max_ord24_rk00019,0.1237772074036787,0.5511279581498074,-0.4273507507461287
OLS,o_max,m021019_o_max_ord24_rk00020,-9.347473966306785,0.5511279581498074,-9.898601924456592
OLS,o_max,m022000_o_max_ord25_rk00001,0.2833551385949959,0.5511279581498074,-0.2677728195548115
OLS,o_max,m022001_o_max_ord25_rk00002,0.0749136356127043,0.5511279581498074,-0.4762143225371031
OLS,o_max,m022002_o_max_ord25_rk00003,-11.43186023823046,0.5511279581498074,-11.982988196380267
OLS,o_max,m022003_o_max_ord25_rk00004,0.0421934486475754,0.5511279581498074,-0.5089345095022321
OLS,o_max,m022004_o_max_ord25_rk00005,-1.433827113663131,0.5511279581498074,-1.9849550718129385
OLS,o_max,m022005_o_max_ord25_rk00006,0.1491559898188851,0.5511279581498074,-0.4019719683309223
OLS,o_max,m022006_o_max_ord25_rk00007,-1.520274078958223,0.5511279581498074,-2.0714020371080304
OLS,o_max,m022007_o_max_ord25_rk00008,0.0904711055167849,0.5511279581498074,-0.46065685263302253
OLS,o_max,m022008_o_max_ord25_rk00009,-1.081076425693454,0.5511279581498074,-1.6322043838432614
OLS,o_max,m022009_o_max_ord25_rk00010,-1.892536468420733,0.5511279581498074,-2.4436644265705407
OLS,o_max,m022010_o_max_ord25_rk00011,0.0833061368793016,0.5511279581498074,-0.4678218212705058
OLS,o_max,m022011_o_max_ord25_rk00012,0.2678469090410916,0.5511279581498074,-0.2832810491087158
OLS,o_max,m022012_o_max_ord25_rk00013,0.1990442871562215,0.5511279581498074,-0.35208367099358595
OLS,o_max,m022013_o_max_ord25_rk00014,0.1069595756657226,0.5511279581498074,-0.4441683824840848
OLS,o_max,m022014_o_max_ord25_rk00015,-0.0404742419925883,0.5511279581498074,-0.5916022001423957
OLS,o_max,m022015_o_max_ord25_rk00016,0.0672147334974124,0.5511279581498074,-0.483913224652395
OLS,o_max,m022016_o_max_ord25_rk00017,0.1833627302152237,0.5511279581498074,-0.3677652279345837
OLS,o_max,m022017_o_max_ord25_rk00018,0.228388318566731,0.5511279581498074,-0.3227396395830764
OLS,o_max,m022018_o_max_ord25_rk00019,0.1863405247025765,0.5511279581498074,-0.3647874334472309
OLS,o_max,m022019_o_max_ord25_rk00020,0.2257570878934301,0.5511279581498074,-0.32537087025637734
OLS,o_max,m023000_o_max_ord26_rk00001,-12.42305501549164,0.5511279581498074,-12.974182973641447
OLS,o_max,m023001_o_max_ord26_rk00002,-0.0170636872268481,0.5511279581498074,-0.5681916453766556
OLS,o_max,m023002_o_max_ord26_rk00003,0.0450469317601779,0.5511279581498074,-0.5060810263896295
OLS,o_max,m023003_o_max_ord26_rk00004,-1.553836267695359,0.5511279581498074,-2.1049642258451664
OLS,o_max,m023004_o_max_ord26_rk00005,0.0437903482647088,0.5511279581498074,-0.5073376098850986
OLS,o_max,m023005_o_max_ord26_rk00006,0.2728230055477788,0.5511279581498074,-0.27830495260202864
OLS,o_max,m023006_o_max_ord26_rk00007,0.0328665403514653,0.5511279581498074,-0.5182614177983421
OLS,o_max,m023007_o_max_ord26_rk00008,0.0608979223034168,0.5511279581498074,-0.49023003584639063
OLS,o_max,m023008_o_max_ord26_rk00009,0.1380172905224549,0.5511279581498074,-0.4131106676273525
OLS,o_max,m023009_o_max_ord26_rk00010,-0.0162660921252022,0.5511279581498074,-0.5673940502750097
OLS,o_max,m023010_o_max_ord26_rk00011,-1.81188156134074,0.5511279581498074,-2.3630095194905474
OLS,o_max,m023011_o_max_ord26_rk00012,0.1317682917344759,0.5511279581498074,-0.4193596664153315
OLS,o_max,m023012_o_max_ord26_rk00013,-1.526059489954106,0.5511279581498074,-2.0771874481039134
OLS,o_max,m023013_o_max_ord26_rk00014,-0.1367303986333532,0.5511279581498074,-0.6878583567831607
OLS,o_max,m023014_o_max_ord26_rk00015,0.1501013052909228,0.5511279581498074,-0.4010266528588846
OLS,o_max,m023015_o_max_ord26_rk00016,0.0439799408684141,0.5511279581498074,-0.5071480172813934
OLS,o_max,m023016_o_max_ord26_rk00017,0.1282288294309433,0.5511279581498074,-0.42289912871886415
OLS,o_max,m023017_o_max_ord26_rk00018,0.2019740719148623,0.5511279581498074,-0.34915388623494514
OLS,o_max,m023018_o_max_ord26_rk00019,-1.489618459357673,0.5511279581498074,-2.0407464175074805
OLS,o_max,m023019_o_max_ord26_rk00020,0.1597076756832723,0.5511279581498074,-0.39142028246653515
OLS,o_max,m024000_o_max_ord27_rk00001,-23.5986725187709,0.5511279581498074,-24.149800476920706
OLS,o_max,m024001_o_max_ord27_rk00002,-0.0482104007397345,0.5511279581498074,-0.5993383588895419
OLS,o_max,m024002_o_max_ord27_rk00003,-0.036095645525396,0.5511279581498074,-0.5872236036752034
OLS,o_max,m024003_o_max_ord27_rk00004,0.129121709095357,0.5511279581498074,-0.4220062490544504
OLS,o_max,m024004_o_max_ord27_rk00005,-0.015322675902756,0.5511279581498074,-0.5664506340525635
OLS,o_max,m024005_o_max_ord27_rk00006,-0.007207736782445,0.5511279581498074,-0.5583356949322524
OLS,o_max,m024006_o_max_ord27_rk00007,0.1110112031189201,0.5511279581498074,-0.4401167550308873
OLS,o_max,m024007_o_max_ord27_rk00008,0.1283950825000345,0.5511279581498074,-0.4227328756497729
OLS,o_max,m024008_o_max_ord27_rk00009,-2.517198327378841,0.5511279581498074,-3.0683262855286486
OLS,o_max,m024009_o_max_ord27_rk00010,-0.309805745119625,0.5511279581498074,-0.8609337032694324
OLS,o_max,m024010_o_max_ord27_rk00011,0.0457365423378646,0.5511279581498074,-0.5053914158119428
OLS,o_max,m024011_o_max_ord27_rk00012,-1.976841041703575,0.5511279581498074,-2.5279689998533827
OLS,o_max,m024012_o_max_ord27_rk00013,-0.0255784461967909,0.5511279581498074,-0.5767064043465984
OLS,o_max,m024013_o_max_ord27_rk00014,-0.0073825953600019,0.5511279581498074,-0.5585105535098093
OLS,o_max,m024014_o_max_ord27_rk00015,0.1333217267596381,0.5511279581498074,-0.4178062313901693
OLS,o_max,m024015_o_max_ord27_rk00016,-1.35107834505751,0.5511279581498074,-1.9022063032073173
OLS,o_max,m024016_o_max_ord27_rk00017,-1.591845880468105,0.5511279581498074,-2.1429738386179125
OLS,o_max,m024017_o_max_ord27_rk00018,-0.2246531628695076,0.5511279581498074,-0.7757811210193151
OLS,o_max,m024018_o_max_ord27_rk00019,0.2610459045241392,0.5511279581498074,-0.2900820536256682
OLS,o_max,m024019_o_max_ord27_rk00020,-1.732057759880679,0.5511279581498074,-2.283185718030486
OLS,o_max,m025000_o_max_ord28_rk00001,-26.27718511778674,0.5511279581498074,-26.828313075936546
OLS,o_max,m025001_o_max_ord28_rk00002,0.0863515698053625,0.5511279581498074,-0.4647763883444449
OLS,o_max,m025002_o_max_ord28_rk00003,-0.0764731364424446,0.5511279581498074,-0.627601094592252
OLS,o_max,m025003_o_max_ord28_rk00004,-0.4692256219491202,0.5511279581498074,-1.0203535800989276
OLS,o_max,m025004_o_max_ord28_rk00005,0.0902051531419058,0.5511279581498074,-0.4609228050079016
OLS,o_max,m025005_o_max_ord28_rk00006,0.0746269163901045,0.5511279581498074,-0.4765010417597029
OLS,o_max,m025006_o_max_ord28_rk00007,-0.0661233060058061,0.5511279581498074,-0.6172512641556135
OLS,o_max,m025007_o_max_ord28_rk00008,0.0918469998620197,0.5511279581498074,-0.4592809582877877
OLS,o_max,m025008_o_max_ord28_rk00009,-2.131836321568964,0.5511279581498074,-2.682964279718772
OLS,o_max,m025009_o_max_ord28_rk00010,-0.3005148289736785,0.5511279581498074,-0.851642787123486
OLS,o_max,m025010_o_max_ord28_rk00011,-0.1576442447815758,0.5511279581498074,-0.7087722029313832
OLS,o_max,m025011_o_max_ord28_rk00012,0.1793200546138363,0.5511279581498074,-0.37180790353597115
OLS,o_max,m025012_o_max_ord28_rk00013,0.0873803127643958,0.5511279581498074,-0.46374764538541163
OLS,o_max,m025013_o_max_ord28_rk00014,0.0761105426298666,0.5511279581498074,-0.4750174155199408
OLS,o_max,m025014_o_max_ord28_rk00015,0.0784138301370683,0.5511279581498074,-0.4727141280127391
OLS,o_max,m025015_o_max_ord28_rk00016,-2.011289717051017,0.5511279581498074,-2.562417675200824
OLS,o_max,m025016_o_max_ord28_rk00017,0.1029760615183137,0.5511279581498074,-0.4481518966314937
OLS,o_max,m025017_o_max_ord28_rk00018,-0.2839024450683434,0.5511279581498074,-0.8350304032181508
OLS,o_max,m025018_o_max_ord28_rk00019,-17.77566857754542,0.5511279581498074,-18.326796535695227
OLS,o_max,m025019_o_max_ord28_rk00020,-0.0474067981110808,0.5511279581498074,-0.5985347562608883
OLS,o_max,m026000_o_max_ord29_rk00001,0.0335432698381555,0.5511279581498074,-0.5175846883116519
OLS,o_max,m026001_o_max_ord29_rk00002,-32.87381813124603,0.5511279581498074,-33.42494608939584
OLS,o_max,m026002_o_max_ord29_rk00003,0.0570738531691059,0.5511279581498074,-0.4940541049807015
OLS,o_max,m026003_o_max_ord29_rk00004,0.0980629471785666,0.5511279581498074,-0.4530650109712408
OLS,o_max,m026004_o_max_ord29_rk00005,-0.2041930494568802,0.5511279581498074,-0.7553210076066876
OLS,o_max,m026005_o_max_ord29_rk00006,0.0489947111313597,0.5511279581498074,-0.5021332470184477
OLS,o_max,m026006_o_max_ord29_rk00007,-2.371257416674645,0.5511279581498074,-2.9223853748244526
OLS,o_max,m026007_o_max_ord29_rk00008,-0.4790997908912338,0.5511279581498074,-1.0302277490410412
OLS,o_max,m026008_o_max_ord29_rk00009,0.0266661701290072,0.5511279581498074,-0.5244617880208002
OLS,o_max,m026009_o_max_ord29_rk00010,-2.607471208451601,0.5511279581498074,-3.158599166601409
OLS,o_max,m026010_o_max_ord29_rk00011,-0.1923460322472576,0.5511279581498074,-0.7434739903970651
OLS,o_max,m026011_o_max_ord29_rk00012,-1.385107529855424,0.5511279581498074,-1.9362354880052315
OLS,o_max,m026012_o_max_ord29_rk00013,-0.1537076618888213,0.5511279581498074,-0.7048356200386288
OLS,o_max,m026013_o_max_ord29_rk00014,0.0562967155594363,0.5511279581498074,-0.49483124259037115
OLS,o_max,m026014_o_max_ord29_rk00015,-0.2950830242939499,0.5511279581498074,-0.8462109824437574
OLS,o_max,m026015_o_max_ord29_rk00016,0.0803779520250854,0.5511279581498074,-0.470750006124722
OLS,o_max,m026016_o_max_ord29_rk00017,-0.466349635256954,0.5511279581498074,-1.0174775934067615
OLS,o_max,m026017_o_max_ord29_rk00018,-2.627598739985316,0.5511279581498074,-3.178726698135123
OLS,o_max,m026018_o_max_ord29_rk00019,-3.48485461548928,0.5511279581498074,-4.035982573639087
OLS,o_max,m026019_o_max_ord29_rk00020,-1.792258659541297,0.5511279581498074,-2.3433866176911042
OLS,o_max,m027000_o_max_ord30_rk00001,-36.53449777983013,0.5511279581498074,-37.08562573797994
OLS,o_max,m027001_o_max_ord30_rk00002,0.0028300792426989,0.5511279581498074,-0.5482978789071086
OLS,o_max,m027002_o_max_ord30_rk00003,-0.2116570441378784,0.5511279581498074,-0.7627850022876859
OLS,o_max,m027003_o_max_ord30_rk00004,0.0081978265464794,0.5511279581498074,-0.542930131603328
OLS,o_max,m027004_o_max_ord30_rk00005,-0.0493588225014023,0.5511279581498074,-0.6004867806512098
OLS,o_max,m027005_o_max_ord30_rk00006,-1.418952254972201,0.5511279581498074,-1.9700802131220083
OLS,o_max,m027006_o_max_ord30_rk00007,-3.201630159827229,0.5511279581498074,-3.752758117977036
OLS,o_max,m027007_o_max_ord30_rk00008,-0.1488995504930326,0.5511279581498074,-0.70002750864284
OLS,o_max,m027008_o_max_ord30_rk00009,-0.1459099789652012,0.5511279581498074,-0.6970379371150086
OLS,o_max,m027009_o_max_ord30_rk00010,-0.03108025423705,0.5511279581498074,-0.5822082123868574
OLS,o_max,m027010_o_max_ord30_rk00011,0.072361335574166,0.5511279581498074,-0.4787666225756414
OLS,o_max,m027011_o_max_ord30_rk00012,-1.746320950163799,0.5511279581498074,-2.2974489083136067
OLS,o_max,m027012_o_max_ord30_rk00013,0.0407608167757108,0.5511279581498074,-0.5103671413740967
OLS,o_max,m027013_o_max_ord30_rk00014,0.0732085197002475,0.5511279581498074,-0.4779194384495599
OLS,o_max,m027014_o_max_ord30_rk00015,-0.2905128167008675,0.5511279581498074,-0.8416407748506749
OLS,o_max,m027015_o_max_ord30_rk00016,-0.4291168587916041,0.5511279581498074,-0.9802448169414115
OLS,o_max,m027016_o_max_ord30_rk00017,0.108510110713615,0.5511279581498074,-0.4426178474361924
OLS,o_max,m027017_o_max_ord30_rk00018,-0.4114491119263215,0.5511279581498074,-0.9625770700761289
OLS,o_max,m027018_o_max_ord30_rk00019,-2.909582629694416,0.5511279581498074,-3.4607105878442237
OLS,o_max,m027019_o_max_ord30_rk00020,0.0901179140370157,0.5511279581498074,-0.46101004411279173
d1,o_max,m000000_o_max_ord3_rk00001,0.520169208718815,0.5434060066738533,-0.023236797955038302
d1,o_max,m000001_o_max_ord3_rk00002,0.4688974936562247,0.5434060066738533,-0.07450851301762862
d1,o_max,m000002_o_max_ord3_rk00003,0.5114565971747496,0.5434060066738533,-0.03194940949910374
d1,o_max,m000003_o_max_ord3_rk00004,0.5195995845012407,0.5434060066738533,-0.02380642217261264
d1,o_max,m000004_o_max_ord3_rk00005,0.5180700882298553,0.5434060066738533,-0.025335918443997962
d1,o_max,m000005_o_max_ord3_rk00006,0.5164514624699703,0.5434060066738533,-0.02695454420388299
d1,o_max,m000006_o_max_ord3_rk00007,0.5107449840665894,0.5434060066738533,-0.03266102260726389
d1,o_max,m000007_o_max_ord3_rk00008,0.5178803615651713,0.5434060066738533,-0.02552564510868205
d1,o_max,m000008_o_max_ord3_rk00009,0.5173107088385518,0.5434060066738533,-0.026095297835301512
d1,o_max,m000009_o_max_ord3_rk00010,0.5170296825853973,0.5434060066738533,-0.026376324088456027
d1,o_max,m000010_o_max_ord3_rk00011,0.5208909607485847,0.5434060066738533,-0.02251504592526865
d1,o_max,m000011_o_max_ord3_rk00012,0.5141778514648009,0.5434060066738533,-0.02922815520905242
d1,o_max,m000012_o_max_ord3_rk00013,0.5309489074365503,0.5434060066738533,-0.012457099237302982
d1,o_max,m000013_o_max_ord3_rk00014,0.5259583880416407,0.5434060066738533,-0.017447618632212558
d1,o_max,m000014_o_max_ord3_rk00015,0.509648466200654,0.5434060066738533,-0.03375754047319934
d1,o_max,m000015_o_max_ord3_rk00016,0.5217402069033383,0.5434060066738533,-0.02166579977051497
d1,o_max,m000016_o_max_ord3_rk00017,0.5185670130388748,0.5434060066738533,-0.024838993634978546
d1,o_max,m000017_o_max_ord3_rk00018,0.520044208274544,0.5434060066738533,-0.023361798399309297
d1,o_max,m000018_o_max_ord3_rk00019,0.5228579144787471,0.5434060066738533,-0.020548092195106227
d1,o_max,m000019_o_max_ord3_rk00020,0.5148186380483741,0.5434060066738533,-0.02858736862547917
d1,o_max,m001000_o_max_ord4_rk00001,0.5199397764731143,0.5434060066738533,-0.023466230200739013
d1,o_max,m001001_o_max_ord4_rk00002,0.51489058670724,0.5434060066738533,-0.02851541996661333
d1,o_max,m001002_o_max_ord4_rk00003,0.5183628616263861,0.5434060066738533,-0.025043145047467186
d1,o_max,m001003_o_max_ord4_rk00004,0.5115813473510463,0.5434060066738533,-0.03182465932280698
d1,o_max,m001004_o_max_ord4_rk00005,0.5139905869056325,0.5434060066738533,-0.02941541976822082
d1,o_max,m001005_o_max_ord4_rk00006,0.5121425117878877,0.5434060066738533,-0.03126349488596558
d1,o_max,m001006_o_max_ord4_rk00007,0.5146315045578225,0.5434060066738533,-0.02877450211603083
d1,o_max,m001007_o_max_ord4_rk00008,0.4963731506826522,0.5434060066738533,-0.047032855991201106
d1,o_max,m001008_o_max_ord4_rk00009,0.5238594710309619,0.5434060066738533,-0.01954653564289144
d1,o_max,m001009_o_max_ord4_rk00010,0.5164469412841126,0.5434060066738533,-0.02695906538974069
d1,o_max,m001010_o_max_ord4_rk00011,0.5164038603145898,0.5434060066738533,-0.027002146359263457
d1,o_max,m001011_o_max_ord4_rk00012,0.5179869205060001,0.5434060066738533,-0.025419086167853155
d1,o_max,m001012_o_max_ord4_rk00013,0.5147572723959446,0.5434060066738533,-0.028648734277908705
d1,o_max,m001013_o_max_ord4_rk00014,0.5221119189973911,0.5434060066738533,-0.021294087676462237
d1,o_max,m001014_o_max_ord4_rk00015,0.5130452741827922,0.5434060066738533,-0.030360732491061082
d1,o_max,m001015_o_max_ord4_rk00016,0.5128206347388004,0.5434060066738533,-0.030585371935052952
d1,o_max,m001016_o_max_ord4_rk00017,0.521815943095681,0.5434060066738533,-0.02159006357817228
d1,o_max,m001017_o_max_ord4_rk00018,0.5103747696778398,0.5434060066738533,-0.03303123699601351
d1,o_max,m001018_o_max_ord4_rk00019,0.5234670360874045,0.5434060066738533,-0.01993897058644878
d1,o_max,m001019_o_max_ord4_rk00020,0.500850140622662,0.5434060066738533,-0.04255586605119133
d1,o_max,m002000_o_max_ord5_rk00001,0.5202963803099667,0.5434060066738533,-0.023109626363886582
d1,o_max,m002001_o_max_ord5_rk00002,0.5211260404416329,0.5434060066738533,-0.022279966232220394
d1,o_max,m002002_o_max_ord5_rk00003,0.5213836500489173,0.5434060066738533,-0.022022356624936013
d1,o_max,m002003_o_max_ord5_rk00004,0.5194252256356304,0.5434060066738533,-0.023980781038222876
d1,o_max,m002004_o_max_ord5_rk00005,0.5269519217891144,0.5434060066738533,-0.016454084884738873
d1,o_max,m002005_o_max_ord5_rk00006,0.5167525121170184,0.5434060066738533,-0.026653494556834856
d1,o_max,m002006_o_max_ord5_rk00007,0.5228710060060968,0.5434060066738533,-0.020535000667756487
d1,o_max,m002007_o_max_ord5_rk00008,0.5157536220311597,0.5434060066738533,-0.027652384642693595
d1,o_max,m002008_o_max_ord5_rk00009,0.5135114515986516,0.5434060066738533,-0.029894555075201668
d1,o_max,m002009_o_max_ord5_rk00010,0.513930489710793,0.5434060066738533,-0.029475516963060278
d1,o_max,m002010_o_max_ord5_rk00011,0.5246041430123745,0.5434060066738533,-0.018801863661478846
d1,o_max,m002011_o_max_ord5_rk00012,0.5229832374827909,0.5434060066738533,-0.02042276919106245
d1,o_max,m002012_o_max_ord5_rk00013,0.5090557079026139,0.5434060066738533,-0.03435029877123941
d1,o_max,m002013_o_max_ord5_rk00014,0.5129771099473939,0.5434060066738533,-0.03042889672645943
d1,o_max,m002014_o_max_ord5_rk00015,0.5125477916052688,0.5434060066738533,-0.03085821506858455
d1,o_max,m002015_o_max_ord5_rk00016,0.5201380039166784,0.5434060066738533,-0.023268002757174888
d1,o_max,m002016_o_max_ord5_rk00017,0.5162257923615845,0.5434060066738533,-0.027180214312268802
d1,o_max,m002017_o_max_ord5_rk00018,0.514200471145696,0.5434060066738533,-0.0292055355281573
d1,o_max,m002018_o_max_ord5_rk00019,0.5056294154660506,0.5434060066738533,-0.037776591207802745
d1,o_max,m002019_o_max_ord5_rk00020,0.51503504885499,0.5434060066738533,-0.02837095781886334
d1,o_max,m003000_o_max_ord6_rk00001,0.5179139937726658,0.5434060066738533,-0.025492012901187522
d1,o_max,m003001_o_max_ord6_rk00002,0.516220454497628,0.5434060066738533,-0.027185552176225314
d1,o_max,m003002_o_max_ord6_rk00003,0.5255520859918459,0.5434060066738533,-0.017853920682007418
d1,o_max,m003003_o_max_ord6_rk00004,0.5132074483626148,0.5434060066738533,-0.03019855831123852
d1,o_max,m003004_o_max_ord6_rk00005,0.5140611123816425,0.5434060066738533,-0.029344894292210766
d1,o_max,m003005_o_max_ord6_rk00006,0.5097730818000838,0.5434060066738533,-0.033632924873769454
d1,o_max,m003006_o_max_ord6_rk00007,0.5241309799431377,0.5434060066738533,-0.019275026730715572
d1,o_max,m003007_o_max_ord6_rk00008,0.5196420727244657,0.5434060066738533,-0.023763933949387583
d1,o_max,m003008_o_max_ord6_rk00009,0.520500474207002,0.5434060066738533,-0.02290553246685134
d1,o_max,m003009_o_max_ord6_rk00010,0.5178552219101055,0.5434060066738533,-0.025550784763747836
d1,o_max,m003010_o_max_ord6_rk00011,0.5162601591115228,0.5434060066738533,-0.027145847562330516
d1,o_max,m003011_o_max_ord6_rk00012,0.523115317369581,0.5434060066738533,-0.020290689304272358
d1,o_max,m003012_o_max_ord6_rk00013,0.5111033684594481,0.5434060066738533,-0.032302638214405155
d1,o_max,m003013_o_max_ord6_rk00014,0.5130235994365282,0.5434060066738533,-0.030382407237325104
d1,o_max,m003014_o_max_ord6_rk00015,0.5141647060007228,0.5434060066738533,-0.029241300673130466
d1,o_max,m003015_o_max_ord6_rk00016,0.5207438645329516,0.5434060066738533,-0.022662142140901675
d1,o_max,m003016_o_max_ord6_rk00017,0.5216165019487744,0.5434060066738533,-0.0217895047250789
d1,o_max,m003017_o_max_ord6_rk00018,0.5221932808663244,0.5434060066738533,-0.021212725807528865
d1,o_max,m003018_o_max_ord6_rk00019,0.5105875779375131,0.5434060066738533,-0.03281842873634022
d1,o_max,m003019_o_max_ord6_rk00020,0.5169190974044937,0.5434060066738533,-0.026486909269359593
d1,o_max,m004000_o_max_ord7_rk00001,0.5187794120413056,0.5434060066738533,-0.024626594632547683
d1,o_max,m004001_o_max_ord7_rk00002,0.5106936548956352,0.5434060066738533,-0.032712351778218074
d1,o_max,m004002_o_max_ord7_rk00003,0.5163400781151605,0.5434060066738533,-0.02706592855869283
d1,o_max,m004003_o_max_ord7_rk00004,0.5087598613907106,0.5434060066738533,-0.03464614528314269
d1,o_max,m004004_o_max_ord7_rk00005,0.5167419077226316,0.5434060066738533,-0.026664098951221682
d1,o_max,m004005_o_max_ord7_rk00006,0.5116359379555654,0.5434060066738533,-0.031770068718287914
d1,o_max,m004006_o_max_ord7_rk00007,0.5236559507561456,0.5434060066738533,-0.01975005591770773
d1,o_max,m004007_o_max_ord7_rk00008,0.5184063384696369,0.5434060066738533,-0.024999668204216396
d1,o_max,m004008_o_max_ord7_rk00009,0.516331889465802,0.5434060066738533,-0.027074117208051307
d1,o_max,m004009_o_max_ord7_rk00010,0.5119047342535741,0.5434060066738533,-0.031501272420279225
d1,o_max,m004010_o_max_ord7_rk00011,0.5092682998949567,0.5434060066738533,-0.034137706778896604
d1,o_max,m004011_o_max_ord7_rk00012,0.5093191886444123,0.5434060066738533,-0.034086818029441024
d1,o_max,m004012_o_max_ord7_rk00013,0.5244046610037507,0.5434060066738533,-0.019001345670102587
d1,o_max,m004013_o_max_ord7_rk00014,0.5146522995752155,0.5434060066738533,-0.028753707098637782
d1,o_max,m004014_o_max_ord7_rk00015,0.5179280479055508,0.5434060066738533,-0.0254779587683025
d1,o_max,m004015_o_max_ord7_rk00016,0.5198033360194261,0.5434060066738533,-0.023602670654427227
d1,o_max,m004016_o_max_ord7_rk00017,0.5112946473603468,0.5434060066738533,-0.032111359313506505
d1,o_max,m004017_o_max_ord7_rk00018,0.5184569374050199,0.5434060066738533,-0.024949069268833446
d1,o_max,m004018_o_max_ord7_rk00019,0.5176978437361727,0.5434060066738533,-0.025708162937680634
d1,o_max,m004019_o_max_ord7_rk00020,0.5071135271383007,0.5434060066738533,-0.03629247953555259
d1,o_max,m005000_o_max_ord8_rk00001,0.513566190877321,0.5434060066738533,-0.029839815796532276
d1,o_max,m005001_o_max_ord8_rk00002,0.5221621177851822,0.5434060066738533,-0.021243888888671125
d1,o_max,m005002_o_max_ord8_rk00003,0.5137944870997807,0.5434060066738533,-0.029611519574072598
d1,o_max,m005003_o_max_ord8_rk00004,0.5168710693527749,0.5434060066738533,-0.026534937321078367
d1,o_max,m005004_o_max_ord8_rk00005,0.5225257496016598,0.5434060066738533,-0.020880257072193542
d1,o_max,m005005_o_max_ord8_rk00006,0.5242702681373081,0.5434060066738533,-0.019135738536545155
d1,o_max,m005006_o_max_ord8_rk00007,0.515423748212066,0.5434060066738533,-0.027982258461787257
d1,o_max,m005007_o_max_ord8_rk00008,0.5053755836944882,0.5434060066738533,-0.0380304229793651
d1,o_max,m005008_o_max_ord8_rk00009,0.5074187007410244,0.5434060066738533,-0.03598730593282895
d1,o_max,m005009_o_max_ord8_rk00010,0.5168969300120602,0.5434060066738533,-0.02650907666179314
d1,o_max,m005010_o_max_ord8_rk00011,0.5249729677570184,0.5434060066738533,-0.0184330389168349
d1,o_max,m005011_o_max_ord8_rk00012,0.5130939191549913,0.5434060066738533,-0.030312087518862052
d1,o_max,m005012_o_max_ord8_rk00013,0.5230141283416921,0.5434060066738533,-0.020391878332161162
d1,o_max,m005013_o_max_ord8_rk00014,0.5164211165116572,0.5434060066738533,-0.026984890162196074
d1,o_max,m005014_o_max_ord8_rk00015,0.5227933802183712,0.5434060066738533,-0.02061262645548212
d1,o_max,m005015_o_max_ord8_rk00016,0.5181265245735172,0.5434060066738533,-0.025279482100336148
d1,o_max,m005016_o_max_ord8_rk00017,0.5238815223063218,0.5434060066738533,-0.019524484367531514
d1,o_max,m005017_o_max_ord8_rk00018,0.5183487992319802,0.5434060066738533,-0.02505720744187312
d1,o_max,m005018_o_max_ord8_rk00019,0.5218345487645661,0.5434060066738533,-0.02157145790928716
d1,o_max,m005019_o_max_ord8_rk00020,0.5194113393505574,0.5434060066738533,-0.023994667323295915
d1,o_max,m006000_o_max_ord9_rk00001,0.5102715969668323,0.5434060066738533,-0.03313440970702097
d1,o_max,m006001_o_max_ord9_rk00002,0.5079327819857828,0.5434060066738533,-0.03547322468807046
d1,o_max,m006002_o_max_ord9_rk00003,0.5129800094128568,0.5434060066738533,-0.030425997260996485
d1,o_max,m006003_o_max_ord9_rk00004,0.5106876193439598,0.5434060066738533,-0.03271838732989352
d1,o_max,m006004_o_max_ord9_rk00005,0.5171805223580512,0.5434060066738533,-0.026225484315802072
d1,o_max,m006005_o_max_ord9_rk00006,0.5145506802175145,0.5434060066738533,-0.028855326456338815
d1,o_max,m006006_o_max_ord9_rk00007,0.5189464255863235,0.5434060066738533,-0.02445958108752977
d1,o_max,m006007_o_max_ord9_rk00008,0.5046988055684313,0.5434060066738533,-0.03870720110542203
d1,o_max,m006008_o_max_ord9_rk00009,0.5157048835424081,0.5434060066738533,-0.027701123131445238
d1,o_max,m006009_o_max_ord9_rk00010,0.5152850725900184,0.5434060066738533,-0.02812093408383487
d1,o_max,m006010_o_max_ord9_rk00011,0.5041492829434131,0.5434060066738533,-0.0392567237304402
d1,o_max,m006011_o_max_ord9_rk00012,0.5138603973293044,0.5434060066738533,-0.029545609344548862
d1,o_max,m006012_o_max_ord9_rk00013,0.5252452293305387,0.5434060066738533,-0.01816077734331456
d1,o_max,m006013_o_max_ord9_rk00014,0.5080934563734129,0.5434060066738533,-0.03531255030044045
d1,o_max,m006014_o_max_ord9_rk00015,0.5157595062717788,0.5434060066738533,-0.027646500402074503
d1,o_max,m006015_o_max_ord9_rk00016,0.5143841316467958,0.5434060066738533,-0.029021875027057553
d1,o_max,m006016_o_max_ord9_rk00017,0.5038543072952368,0.5434060066738533,-0.03955169937861647
d1,o_max,m006017_o_max_ord9_rk00018,0.5035730449030458,0.5434060066738533,-0.03983296177080753
d1,o_max,m006018_o_max_ord9_rk00019,0.5144884700313384,0.5434060066738533,-0.02891753664251495
d1,o_max,m006019_o_max_ord9_rk00020,0.5101521572565277,0.5434060066738533,-0.033253849417325565
d1,o_max,m007000_o_max_ord10_rk00001,0.5069839903722958,0.5434060066738533,-0.0364220163015575
d1,o_max,m007001_o_max_ord10_rk00002,0.5152676859742824,0.5434060066738533,-0.028138320699570896
d1,o_max,m007002_o_max_ord10_rk00003,0.5179473760694474,0.5434060066738533,-0.025458630604405896
d1,o_max,m007003_o_max_ord10_rk00004,0.5033335575463241,0.5434060066738533,-0.040072449127529164
d1,o_max,m007004_o_max_ord10_rk00005,0.5223624701184993,0.5434060066738533,-0.02104353655535396
d1,o_max,m007005_o_max_ord10_rk00006,0.5190965659537827,0.5434060066738533,-0.024309440720070574
d1,o_max,m007006_o_max_ord10_rk00007,0.5139547611352497,0.5434060066738533,-0.029451245538603565
d1,o_max,m007007_o_max_ord10_rk00008,0.5119477180699201,0.5434060066738533,-0.03145828860393318
d1,o_max,m007008_o_max_ord10_rk00009,0.5065480528582655,0.5434060066738533,-0.03685795381558776
d1,o_max,m007009_o_max_ord10_rk00010,0.5121765347565828,0.5434060066738533,-0.031229471917270546
d1,o_max,m007010_o_max_ord10_rk00011,0.5124389286201054,0.5434060066738533,-0.030967078053747876
d1,o_max,m007011_o_max_ord10_rk00012,0.5117138961413138,0.5434060066738533,-0.03169211053253951
d1,o_max,m007012_o_max_ord10_rk00013,0.51459544230002,0.5434060066738533,-0.028810564373833336
d1,o_max,m007013_o_max_ord10_rk00014,0.5105005269545828,0.5434060066738533,-0.03290547971927049
d1,o_max,m007014_o_max_ord10_rk00015,0.5327344771999395,0.5434060066738533,-0.01067152947391381
d1,o_max,m007015_o_max_ord10_rk00016,0.5131835743483422,0.5434060066738533,-0.03022243232551114
d1,o_max,m007016_o_max_ord10_rk00017,0.5018442104805442,0.5434060066738533,-0.04156179619330913
d1,o_max,m007017_o_max_ord10_rk00018,0.5189332606758791,0.5434060066738533,-0.02447274599797422
d1,o_max,m007018_o_max_ord10_rk00019,0.5122744395252219,0.5434060066738533,-0.03113156714863141
d1,o_max,m007019_o_max_ord10_rk00020,0.5106822593154877,0.5434060066738533,-0.032723747358365585
d1,o_max,m008000_o_max_ord11_rk00001,0.5117973367835186,0.5434060066738533,-0.03160866989033473
d1,o_max,m008001_o_max_ord11_rk00002,0.5125002423779776,0.5434060066738533,-0.03090576429587566
d1,o_max,m008002_o_max_ord11_rk00003,0.5064877571269715,0.5434060066738533,-0.03691824954688183
d1,o_max,m008003_o_max_ord11_rk00004,0.5014603789201015,0.5434060066738533,-0.04194562775375177
d1,o_max,m008004_o_max_ord11_rk00005,0.514051565844712,0.5434060066738533,-0.029354440829141293
d1,o_max,m008005_o_max_ord11_rk00006,0.5165022864340623,0.5434060066738533,-0.02690372023979104
d1,o_max,m008006_o_max_ord11_rk00007,0.5145029210245408,0.5434060066738533,-0.028903085649312543
d1,o_max,m008007_o_max_ord11_rk00008,0.5135206496804707,0.5434060066738533,-0.029885356993382572
d1,o_max,m008008_o_max_ord11_rk00009,0.5142412685199365,0.5434060066738533,-0.029164738153916847
d1,o_max,m008009_o_max_ord11_rk00010,0.5132191501573693,0.5434060066738533,-0.030186856516484006
d1,o_max,m008010_o_max_ord11_rk00011,0.524731960113605,0.5434060066738533,-0.018674046560248292
d1,o_max,m008011_o_max_ord11_rk00012,0.5162162515968651,0.5434060066738533,-0.027189755076988176
d1,o_max,m008012_o_max_ord11_rk00013,0.5032571112287294,0.5434060066738533,-0.0401488954451239
d1,o_max,m008013_o_max_ord11_rk00014,0.5256396827641101,0.5434060066738533,-0.017766323909743198
d1,o_max,m008014_o_max_ord11_rk00015,0.5236562604811222,0.5434060066738533,-0.019749746192731066
d1,o_max,m008015_o_max_ord11_rk00016,0.5224010434173618,0.5434060066738533,-0.021004963256491482
d1,o_max,m008016_o_max_ord11_rk00017,0.5048930002175931,0.5434060066738533,-0.03851300645626021
d1,o_max,m008017_o_max_ord11_rk00018,0.4999415456013447,0.5434060066738533,-0.04346446107250862
d1,o_max,m008018_o_max_ord11_rk00019,0.5026866515891373,0.5434060066738533,-0.040719355084716025
d1,o_max,m008019_o_max_ord11_rk00020,0.509033010794087,0.5434060066738533,-0.03437299587976628
d1,o_max,m009000_o_max_ord12_rk00001,0.5082493625634159,0.5434060066738533,-0.035156644110437396
d1,o_max,m009001_o_max_ord12_rk00002,0.5070174212746545,0.5434060066738533,-0.03638858539919876
d1,o_max,m009002_o_max_ord12_rk00003,0.5059635400887745,0.5434060066738533,-0.03744246658507877
d1,o_max,m009003_o_max_ord12_rk00004,0.5021337876659843,0.5434060066738533,-0.04127221900786904
d1,o_max,m009004_o_max_ord12_rk00005,0.5164838952066716,0.5434060066738533,-0.02692211146718171
d1,o_max,m009005_o_max_ord12_rk00006,0.5141255224886434,0.5434060066738533,-0.0292804841852099
d1,o_max,m009006_o_max_ord12_rk00007,0.5160987615485192,0.5434060066738533,-0.027307245125334112
d1,o_max,m009007_o_max_ord12_rk00008,0.518282173481788,0.5434060066738533,-0.025123833192065348
d1,o_max,m009008_o_max_ord12_rk00009,0.5043280191184614,0.5434060066738533,-0.039077987555391935
d1,o_max,m009009_o_max_ord12_rk00010,0.4910357945239635,0.5434060066738533,-0.052370212149889794
d1,o_max,m009010_o_max_ord12_rk00011,0.5072134444292149,0.5434060066738533,-0.036192562244638404
d1,o_max,m009011_o_max_ord12_rk00012,0.5014708015700828,0.5434060066738533,-0.04193520510377047
d1,o_max,m009012_o_max_ord12_rk00013,0.5066563834887869,0.5434060066738533,-0.03674962318506636
d1,o_max,m009013_o_max_ord12_rk00014,0.5148450899954911,0.5434060066738533,-0.028560916678362247
d1,o_max,m009014_o_max_ord12_rk00015,0.505694466030731,0.5434060066738533,-0.03771154064312232
d1,o_max,m009015_o_max_ord12_rk00016,0.5047998755908635,0.5434060066738533,-0.038606131082989825
d1,o_max,m009016_o_max_ord12_rk00017,0.5230844957569676,0.5434060066738533,-0.02032151091688572
d1,o_max,m009017_o_max_ord12_rk00018,0.5074536488552759,0.5434060066738533,-0.03595235781857742
d1,o_max,m009018_o_max_ord12_rk00019,0.5196357115645152,0.5434060066738533,-0.023770295109338146
d1,o_max,m009019_o_max_ord12_rk00020,0.5050908750136134,0.5434060066738533,-0.03831513166023992
d1,o_max,m010000_o_max_ord13_rk00001,0.5086136671165233,0.5434060066738533,-0.034792339557329965
d1,o_max,m010001_o_max_ord13_rk00002,0.5097106840989378,0.5434060066738533,-0.033695322574915476
d1,o_max,m010002_o_max_ord13_rk00003,0.507557121486839,0.5434060066738533,-0.035848885187014345
d1,o_max,m010003_o_max_ord13_rk00004,0.5189975832989715,0.5434060066738533,-0.024408423374881805
d1,o_max,m010004_o_max_ord13_rk00005,0.5140500909323322,0.5434060066738533,-0.029355915741521077
d1,o_max,m010005_o_max_ord13_rk00006,0.509710209699044,0.5434060066738533,-0.03369579697480929
d1,o_max,m010006_o_max_ord13_rk00007,0.5142209255119696,0.5434060066738533,-0.029185081161883675
d1,o_max,m010007_o_max_ord13_rk00008,0.5134125852286591,0.5434060066738533,-0.029993421445194235
d1,o_max,m010008_o_max_ord13_rk00009,0.5219673147870303,0.5434060066738533,-0.021438691886823014
d1,o_max,m010009_o_max_ord13_rk00010,0.4986020895213616,0.5434060066738533,-0.04480391715249171
d1,o_max,m010010_o_max_ord13_rk00011,0.5049648464259513,0.5434060066738533,-0.038441160247902006
d1,o_max,m010011_o_max_ord13_rk00012,0.5143233385634233,0.5434060066738533,-0.029082668110430032
d1,o_max,m010012_o_max_ord13_rk00013,0.5246350276217983,0.5434060066738533,-0.018770979052055048
d1,o_max,m010013_o_max_ord13_rk00014,0.5202767353778627,0.5434060066738533,-0.023129271295990628
d1,o_max,m010014_o_max_ord13_rk00015,0.4968860976290541,0.5434060066738533,-0.04651990904479919
d1,o_max,m010015_o_max_ord13_rk00016,0.5152789311790722,0.5434060066738533,-0.028127075494781106
d1,o_max,m010016_o_max_ord13_rk00017,0.509845155270807,0.5434060066738533,-0.03356085140304632
d1,o_max,m010017_o_max_ord13_rk00018,0.5142877370692949,0.5434060066738533,-0.029118269604558433
d1,o_max,m010018_o_max_ord13_rk00019,0.509615115017484,0.5434060066738533,-0.03379089165636928
d1,o_max,m010019_o_max_ord13_rk00020,0.5001407437946594,0.5434060066738533,-0.043265262879193855
d1,o_max,m011000_o_max_ord14_rk00001,0.5053323197103332,0.5434060066738533,-0.03807368696352009
d1,o_max,m011001_o_max_ord14_rk00002,0.5152164878115526,0.5434060066738533,-0.0281895188623007
d1,o_max,m011002_o_max_ord14_rk00003,0.510994780801054,0.5434060066738533,-0.03241122587279932
d1,o_max,m011003_o_max_ord14_rk00004,0.514695362104785,0.5434060066738533,-0.028710644569068355
d1,o_max,m011004_o_max_ord14_rk00005,0.5092825333831907,0.5434060066738533,-0.034123473290662565
d1,o_max,m011005_o_max_ord14_rk00006,0.5119786935350952,0.5434060066738533,-0.03142731313875813
d1,o_max,m011006_o_max_ord14_rk00007,0.5163117122175835,0.5434060066738533,-0.027094294456269763
d1,o_max,m011007_o_max_ord14_rk00008,0.5119913217045954,0.5434060066738533,-0.03141468496925792
d1,o_max,m011008_o_max_ord14_rk00009,0.5009554753741343,0.5434060066738533,-0.042450531299718985
d1,o_max,m011009_o_max_ord14_rk00010,0.5057196665010644,0.5434060066738533,-0.037686340172788935
d1,o_max,m011010_o_max_ord14_rk00011,0.5077085515091586,0.5434060066738533,-0.03569745516469469
d1,o_max,m011011_o_max_ord14_rk00012,0.5069295047324642,0.5434060066738533,-0.03647650194138907
d1,o_max,m011012_o_max_ord14_rk00013,0.5077996380073226,0.5434060066738533,-0.03560636866653066
d1,o_max,m011013_o_max_ord14_rk00014,0.5048681678947433,0.5434060066738533,-0.03853783877910999
d1,o_max,m011014_o_max_ord14_rk00015,0.505930169109993,0.5434060066738533,-0.037475837563860304
d1,o_max,m011015_o_max_ord14_rk00016,0.5107873035746363,0.5434060066738533,-0.032618703099216995
d1,o_max,m011016_o_max_ord14_rk00017,0.5144352568469764,0.5434060066738533,-0.028970749826876863
d1,o_max,m011017_o_max_ord14_rk00018,0.5043264297964896,0.5434060066738533,-0.03907957687736374
d1,o_max,m011018_o_max_ord14_rk00019,0.5080575537885688,0.5434060066738533,-0.03534845288528454
d1,o_max,m011019_o_max_ord14_rk00020,0.5082924347523314,0.5434060066738533,-0.03511357192152187
d1,o_max,m012000_o_max_ord15_rk00001,0.5130118534219599,0.5434060066738533,-0.03039415325189343
d1,o_max,m012001_o_max_ord15_rk00002,0.5137937009374212,0.5434060066738533,-0.029612305736432143
d1,o_max,m012002_o_max_ord15_rk00003,0.5192636573018821,0.5434060066738533,-0.02414234937197124
d1,o_max,m012003_o_max_ord15_rk00004,0.5010223634106736,0.5434060066738533,-0.04238364326317967
d1,o_max,m012004_o_max_ord15_rk00005,0.5194100867832012,0.5434060066738533,-0.023995919890652084
d1,o_max,m012005_o_max_ord15_rk00006,0.4982770983064458,0.5434060066738533,-0.045128908367407516
d1,o_max,m012006_o_max_ord15_rk00007,0.5073728874197524,0.5434060066738533,-0.03603311925410091
d1,o_max,m012007_o_max_ord15_rk00008,0.5048182207601464,0.5434060066738533,-0.03858778591370693
d1,o_max,m012008_o_max_ord15_rk00009,0.5157558806365112,0.5434060066738533,-0.02765012603734207
d1,o_max,m012009_o_max_ord15_rk00010,0.5142790661547265,0.5434060066738533,-0.029126940519126787
d1,o_max,m012010_o_max_ord15_rk00011,0.502457399276222,0.5434060066738533,-0.04094860739763129
d1,o_max,m012011_o_max_ord15_rk00012,0.5109725105281226,0.5434060066738533,-0.032433496145730656
d1,o_max,m012012_o_max_ord15_rk00013,0.5070979257870976,0.5434060066738533,-0.036308080886755745
d1,o_max,m012013_o_max_ord15_rk00014,0.5123877843074361,0.5434060066738533,-0.03101822236641716
d1,o_max,m012014_o_max_ord15_rk00015,0.5144398810262374,0.5434060066738533,-0.028966125647615915
d1,o_max,m012015_o_max_ord15_rk00016,0.5112530659057372,0.5434060066738533,-0.032152940768116145
d1,o_max,m012016_o_max_ord15_rk00017,0.5254785822202916,0.5434060066738533,-0.017927424453561658
d1,o_max,m012017_o_max_ord15_rk00018,0.515804340750835,0.5434060066738533,-0.02760166592301827
d1,o_max,m012018_o_max_ord15_rk00019,0.5010917219287796,0.5434060066738533,-0.042314284745073705
d1,o_max,m012019_o_max_ord15_rk00020,0.5019645172619328,0.5434060066738533,-0.041441489411920496
d1,o_max,m013000_o_max_ord16_rk00001,0.5136691051153097,0.5434060066738533,-0.029736901558543583
d1,o_max,m013001_o_max_ord16_rk00002,0.5017194434730492,0.5434060066738533,-0.041686563200804105
d1,o_max,m013002_o_max_ord16_rk00003,0.5070741509267301,0.5434060066738533,-0.036331855747123165
d1,o_max,m013003_o_max_ord16_rk00004,0.4883716271885422,0.5434060066738533,-0.05503437948531109
d1,o_max,m013004_o_max_ord16_rk00005,0.5049544268172188,0.5434060066738533,-0.0384515798566345
d1,o_max,m013005_o_max_ord16_rk00006,0.5007744445193522,0.5434060066738533,-0.042631562154501146
d1,o_max,m013006_o_max_ord16_rk00007,0.5101921628615915,0.5434060066738533,-0.03321384381226178
d1,o_max,m013007_o_max_ord16_rk00008,0.5065050117625314,0.5434060066738533,-0.03690099491132193
d1,o_max,m013008_o_max_ord16_rk00009,0.5086389489976035,0.5434060066738533,-0.03476705767624977
d1,o_max,m013009_o_max_ord16_rk00010,0.5181481587714453,0.5434060066738533,-0.025257847902408037
d1,o_max,m013010_o_max_ord16_rk00011,0.500756509881215,0.5434060066738533,-0.0426494967926383
d1,o_max,m013011_o_max_ord16_rk00012,0.5052284280433551,0.5434060066738533,-0.0381775786304982
d1,o_max,m013012_o_max_ord16_rk00013,0.5103824325349295,0.5434060066738533,-0.03302357413892376
d1,o_max,m013013_o_max_ord16_rk00014,0.5004669240561855,0.5434060066738533,-0.04293908261766777
d1,o_max,m013014_o_max_ord16_rk00015,0.5004257861315263,0.5434060066738533,-0.042980220542326975
d1,o_max,m013015_o_max_ord16_rk00016,0.5154446345576111,0.5434060066738533,-0.027961372116242167
d1,o_max,m013016_o_max_ord16_rk00017,0.5073040958383448,0.5434060066738533,-0.03610191083550851
d1,o_max,m013017_o_max_ord16_rk00018,0.5024131754579366,0.5434060066738533,-0.04099283121591668
d1,o_max,m013018_o_max_ord16_rk00019,0.5074896496801626,0.5434060066738533,-0.03591635699369067
d1,o_max,m013019_o_max_ord16_rk00020,0.500456807648249,0.5434060066738533,-0.042949199025604345
d1,o_max,m014000_o_max_ord17_rk00001,0.4892603680816256,0.5434060066738533,-0.05414563859222771
d1,o_max,m014001_o_max_ord17_rk00002,0.4971126367435812,0.5434060066738533,-0.04629336993027211
d1,o_max,m014002_o_max_ord17_rk00003,0.5013691034375711,0.5434060066738533,-0.042036903236282175
d1,o_max,m014003_o_max_ord17_rk00004,0.5140026737621521,0.5434060066738533,-0.029403332911701163
d1,o_max,m014004_o_max_ord17_rk00005,0.5077636887363308,0.5434060066738533,-0.03564231793752248
d1,o_max,m014005_o_max_ord17_rk00006,0.5065841434061455,0.5434060066738533,-0.036821863267707755
d1,o_max,m014006_o_max_ord17_rk00007,0.4969693899671027,0.5434060066738533,-0.04643661670675059
d1,o_max,m014007_o_max_ord17_rk00008,0.499396283948521,0.5434060066738533,-0.04400972272533232
d1,o_max,m014008_o_max_ord17_rk00009,0.5133415228235583,0.5434060066738533,-0.030064483850295032
d1,o_max,m014009_o_max_ord17_rk00010,0.5053554714008762,0.5434060066738533,-0.03805053527297708
d1,o_max,m014010_o_max_ord17_rk00011,0.5090215309572286,0.5434060066738533,-0.03438447571662473
d1,o_max,m014011_o_max_ord17_rk00012,0.5042847015850673,0.5434060066738533,-0.039121305088785974
d1,o_max,m014012_o_max_ord17_rk00013,0.5001347528457716,0.5434060066738533,-0.043271253828081724
d1,o_max,m014013_o_max_ord17_rk00014,0.5199226604616376,0.5434060066738533,-0.023483346212215706
d1,o_max,m014014_o_max_ord17_rk00015,0.5031976841768535,0.5434060066738533,-0.04020832249699979
d1,o_max,m014015_o_max_ord17_rk00016,0.5168160642443348,0.5434060066738533,-0.02658994242951851
d1,o_max,m014016_o_max_ord17_rk00017,0.509734364198528,0.5434060066738533,-0.03367164247532528
d1,o_max,m014017_o_max_ord17_rk00018,0.5105372402190587,0.5434060066738533,-0.03286876645479464
d1,o_max,m014018_o_max_ord17_rk00019,0.5097125839730572,0.5434060066738533,-0.033693422700796116
d1,o_max,m014019_o_max_ord17_rk00020,0.487651451407496,0.5434060066738533,-0.05575455526635731
d1,o_max,m015000_o_max_ord18_rk00001,0.492005773224037,0.5434060066738533,-0.05140023344981631
d1,o_max,m015001_o_max_ord18_rk00002,0.4948296021936245,0.5434060066738533,-0.04857640448022882
d1,o_max,m015002_o_max_ord18_rk00003,0.5005597117582676,0.5434060066738533,-0.04284629491558567
d1,o_max,m015003_o_max_ord18_rk00004,0.501555703021288,0.5434060066738533,-0.04185030365256526
d1,o_max,m015004_o_max_ord18_rk00005,0.4989853706489652,0.5434060066738533,-0.044420636024888105
d1,o_max,m015005_o_max_ord18_rk00006,0.5037385193543622,0.5434060066738533,-0.0396674873194911
d1,o_max,m015006_o_max_ord18_rk00007,0.5043829488948055,0.5434060066738533,-0.0390230577790478
d1,o_max,m015007_o_max_ord18_rk00008,0.5060476287941533,0.5434060066738533,-0.03735837787969998
d1,o_max,m015008_o_max_ord18_rk00009,0.5066577485284836,0.5434060066738533,-0.03674825814536975
d1,o_max,m015009_o_max_ord18_rk00010,0.5017772439405793,0.5434060066738533,-0.04162876273327398
d1,o_max,m015010_o_max_ord18_rk00011,0.508203680192034,0.5434060066738533,-0.03520232648181931
d1,o_max,m015011_o_max_ord18_rk00012,0.5033293600520545,0.5434060066738533,-0.04007664662179877
d1,o_max,m015012_o_max_ord18_rk00013,0.5139703645430104,0.5434060066738533,-0.02943564213084293
d1,o_max,m015013_o_max_ord18_rk00014,0.5084619108187234,0.5434060066738533,-0.03494409585512992
d1,o_max,m015014_o_max_ord18_rk00015,0.4996081474923152,0.5434060066738533,-0.04379785918153811
d1,o_max,m015015_o_max_ord18_rk00016,0.4989468352972124,0.5434060066738533,-0.044459171376640905
d1,o_max,m015016_o_max_ord18_rk00017,0.5003654918020874,0.5434060066738533,-0.043040514871765856
d1,o_max,m015017_o_max_ord18_rk00018,0.5049878004226405,0.5434060066738533,-0.03841820625121284
d1,o_max,m015018_o_max_ord18_rk00019,0.5030231200133096,0.5434060066738533,-0.04038288666054368
d1,o_max,m015019_o_max_ord18_rk00020,0.5069430868216815,0.5434060066738533,-0.03646291985217176
d1,o_max,m016000_o_max_ord19_rk00001,0.4793393591466697,0.5434060066738533,-0.0640666475271836
d1,o_max,m016001_o_max_ord19_rk00002,0.5077119984739258,0.5434060066738533,-0.03569400819992752
d1,o_max,m016002_o_max_ord19_rk00003,0.5050910383092059,0.5434060066738533,-0.03831496836464743
d1,o_max,m016003_o_max_ord19_rk00004,0.5136290901541418,0.5434060066738533,-0.029776916519711483
d1,o_max,m016004_o_max_ord19_rk00005,0.5024648129828079,0.5434060066738533,-0.04094119369104543
d1,o_max,m016005_o_max_ord19_rk00006,0.505857108071319,0.5434060066738533,-0.0375488986025343
d1,o_max,m016006_o_max_ord19_rk00007,0.5136578874515152,0.5434060066738533,-0.02974811922233811
d1,o_max,m016007_o_max_ord19_rk00008,0.5105437600617682,0.5434060066738533,-0.032862246612085144
d1,o_max,m016008_o_max_ord19_rk00009,0.5105230149414534,0.5434060066738533,-0.03288299173239995
d1,o_max,m016009_o_max_ord19_rk00010,0.5135556377575797,0.5434060066738533,-0.029850368916273573
d1,o_max,m016010_o_max_ord19_rk00011,0.5119385819319653,0.5434060066738533,-0.03146742474188802
d1,o_max,m016011_o_max_ord19_rk00012,0.4920423189466492,0.5434060066738533,-0.05136368772720412
d1,o_max,m016012_o_max_ord19_rk00013,0.504322548224718,0.5434060066738533,-0.0390834584491353
d1,o_max,m016013_o_max_ord19_rk00014,0.5091531746649697,0.5434060066738533,-0.03425283200888363
d1,o_max,m016014_o_max_ord19_rk00015,0.5115680825055058,0.5434060066738533,-0.03183792416834752
d1,o_max,m016015_o_max_ord19_rk00016,0.5060864557967681,0.5434060066738533,-0.03731955087708516
d1,o_max,m016016_o_max_ord19_rk00017,0.5060359548872138,0.5434060066738533,-0.037370051786639547
d1,o_max,m016017_o_max_ord19_rk00018,0.5083789510456663,0.5434060066738533,-0.035027055628186976
d1,o_max,m016018_o_max_ord19_rk00019,0.507057429780748,0.5434060066738533,-0.03634857689310533
d1,o_max,m016019_o_max_ord19_rk00020,0.4814772837580314,0.5434060066738533,-0.06192872291582191
d1,o_max,m017000_o_max_ord20_rk00001,0.48791092372408,0.5434060066738533,-0.05549508294977329
d1,o_max,m017001_o_max_ord20_rk00002,0.5063145188765734,0.5434060066738533,-0.03709148779727989
d1,o_max,m017002_o_max_ord20_rk00003,0.4982427377366153,0.5434060066738533,-0.04516326893723799
d1,o_max,m017003_o_max_ord20_rk00004,0.4996832315477681,0.5434060066738533,-0.04372277512608519
d1,o_max,m017004_o_max_ord20_rk00005,0.5067250364018965,0.5434060066738533,-0.036680970271956825
d1,o_max,m017005_o_max_ord20_rk00006,0.5090659789200926,0.5434060066738533,-0.03434002775376066
d1,o_max,m017006_o_max_ord20_rk00007,0.5057706740279837,0.5434060066738533,-0.0376353326458696
d1,o_max,m017007_o_max_ord20_rk00008,0.4966533679414329,0.5434060066738533,-0.046752638732420415
d1,o_max,m017008_o_max_ord20_rk00009,0.5047163157321675,0.5434060066738533,-0.03868969094168584
d1,o_max,m017009_o_max_ord20_rk00010,0.5113318882081286,0.5434060066738533,-0.03207411846572472
d1,o_max,m017010_o_max_ord20_rk00011,0.5075580120827504,0.5434060066738533,-0.03584799459110288
d1,o_max,m017011_o_max_ord20_rk00012,0.4911369562108875,0.5434060066738533,-0.052269050462965816
d1,o_max,m017012_o_max_ord20_rk00013,0.512322388214069,0.5434060066738533,-0.031083618459784357
d1,o_max,m017013_o_max_ord20_rk00014,0.5029527534410841,0.5434060066738533,-0.04045325323276916
d1,o_max,m017014_o_max_ord20_rk00015,0.4945927324883757,0.5434060066738533,-0.048813274185477595
d1,o_max,m017015_o_max_ord20_rk00016,0.4837879731225438,0.5434060066738533,-0.05961803355130951
d1,o_max,m017016_o_max_ord20_rk00017,0.505256764527641,0.5434060066738533,-0.03814924214621229
d1,o_max,m017017_o_max_ord20_rk00018,0.4841804943401916,0.5434060066738533,-0.05922551233366169
d1,o_max,m017018_o_max_ord20_rk00019,0.4874357580744463,0.5434060066738533,-0.055970248599407024
d1,o_max,m017019_o_max_ord20_rk00020,0.5086219345694931,0.5434060066738533,-0.034784072104360186
d1,o_max,m018000_o_max_ord21_rk00001,0.4886694866555633,0.5434060066738533,-0.05473652001828999
d1,o_max,m018001_o_max_ord21_rk00002,0.5118631727669881,0.5434060066738533,-0.031542833906865186
d1,o_max,m018002_o_max_ord21_rk00003,0.5008563070826826,0.5434060066738533,-0.04254969959117072
d1,o_max,m018003_o_max_ord21_rk00004,0.5119803546029693,0.5434060066738533,-0.03142565207088399
d1,o_max,m018004_o_max_ord21_rk00005,0.4801728216136638,0.5434060066738533,-0.06323318506018949
d1,o_max,m018005_o_max_ord21_rk00006,0.496208154449774,0.5434060066738533,-0.047197852224079295
d1,o_max,m018006_o_max_ord21_rk00007,0.4858635375211209,0.5434060066738533,-0.05754246915273242
d1,o_max,m018007_o_max_ord21_rk00008,0.5018447109025982,0.5434060066738533,-0.04156129577125511
d1,o_max,m018008_o_max_ord21_rk00009,0.5007615601466694,0.5434060066738533,-0.04264444652718391
d1,o_max,m018009_o_max_ord21_rk00010,0.4926697496665263,0.5434060066738533,-0.05073625700732698
d1,o_max,m018010_o_max_ord21_rk00011,0.5051480987958197,0.5434060066738533,-0.038257907878033626
d1,o_max,m018011_o_max_ord21_rk00012,0.5057867775952142,0.5434060066738533,-0.03761922907863913
d1,o_max,m018012_o_max_ord21_rk00013,0.4837226742989218,0.5434060066738533,-0.05968333237493151
d1,o_max,m018013_o_max_ord21_rk00014,0.5071360393730169,0.5434060066738533,-0.036269967300836425
d1,o_max,m018014_o_max_ord21_rk00015,0.504229338425099,0.5434060066738533,-0.03917666824875432
d1,o_max,m018015_o_max_ord21_rk00016,0.4810891900744521,0.5434060066738533,-0.06231681659940119
d1,o_max,m018016_o_max_ord21_rk00017,0.4729696050085149,0.5434060066738533,-0.07043640166533838
d1,o_max,m018017_o_max_ord21_rk00018,0.460280452364327,0.5434060066738533,-0.08312555430952628
d1,o_max,m018018_o_max_ord21_rk00019,0.5108877658929587,0.5434060066738533,-0.0325182407808946
d1,o_max,m018019_o_max_ord21_rk00020,0.5045710008146211,0.5434060066738533,-0.03883500585923216
d1,o_max,m019000_o_max_ord22_rk00001,0.4926709870433312,0.5434060066738533,-0.05073501963052213
d1,o_max,m019001_o_max_ord22_rk00002,0.4868975259004003,0.5434060066738533,-0.056508480773452996
d1,o_max,m019002_o_max_ord22_rk00003,0.5098197528317545,0.5434060066738533,-0.03358625384209879
d1,o_max,m019003_o_max_ord22_rk00004,0.5162351328338499,0.5434060066738533,-0.027170873840003384
d1,o_max,m019004_o_max_ord22_rk00005,0.4909819875381928,0.5434060066738533,-0.05242401913566053
d1,o_max,m019005_o_max_ord22_rk00006,0.5072970010745055,0.5434060066738533,-0.03610900559934782
d1,o_max,m019006_o_max_ord22_rk00007,0.4685393464744111,0.5434060066738533,-0.07486666019944221
d1,o_max,m019007_o_max_ord22_rk00008,0.5089613643358606,0.5434060066738533,-0.034444642337992715
d1,o_max,m019008_o_max_ord22_rk00009,0.5044239238964152,0.5434060066738533,-0.03898208277743809
d1,o_max,m019009_o_max_ord22_rk00010,0.4831183391726873,0.5434060066738533,-0.06028766750116599
d1,o_max,m019010_o_max_ord22_rk00011,0.5072134223510683,0.5434060066738533,-0.03619258432278505
d1,o_max,m019011_o_max_ord22_rk00012,0.5061941389572755,0.5434060066738533,-0.03721186771657781
d1,o_max,m019012_o_max_ord22_rk00013,0.5072433600250444,0.5434060066738533,-0.03616264664880886
d1,o_max,m019013_o_max_ord22_rk00014,0.5095101905890187,0.5434060066738533,-0.03389581608483461
d1,o_max,m019014_o_max_ord22_rk00015,0.4787369321931419,0.5434060066738533,-0.06466907448071141
d1,o_max,m019015_o_max_ord22_rk00016,0.4805621914735691,0.5434060066738533,-0.0628438152002842
d1,o_max,m019016_o_max_ord22_rk00017,0.5037096890824735,0.5434060066738533,-0.039696317591379815
d1,o_max,m019017_o_max_ord22_rk00018,0.5131755986673426,0.5434060066738533,-0.030230408006510667
d1,o_max,m019018_o_max_ord22_rk00019,0.5129183284173524,0.5434060066738533,-0.030487678256500894
d1,o_max,m019019_o_max_ord22_rk00020,0.5014221811949976,0.5434060066738533,-0.04198382547885571
d1,o_max,m020000_o_max_ord23_rk00001,0.4873671693745781,0.5434060066738533,-0.056038837299275224
d1,o_max,m020001_o_max_ord23_rk00002,0.5083272166207944,0.5434060066738533,-0.03507879005305892
d1,o_max,m020002_o_max_ord23_rk00003,0.4830782388987441,0.5434060066738533,-0.06032776777510923
d1,o_max,m020003_o_max_ord23_rk00004,0.5028829960314654,0.5434060066738533,-0.04052301064238795
d1,o_max,m020004_o_max_ord23_rk00005,0.4834680633437472,0.5434060066738533,-0.0599379433301061
d1,o_max,m020005_o_max_ord23_rk00006,0.5190335423818158,0.5434060066738533,-0.024372464292037543
d1,o_max,m020006_o_max_ord23_rk00007,0.5147889008868101,0.5434060066738533,-0.02861710578704324
d1,o_max,m020007_o_max_ord23_rk00008,0.4919424264097388,0.5434060066738533,-0.05146358026411452
d1,o_max,m020008_o_max_ord23_rk00009,0.4819800151268596,0.5434060066738533,-0.061425991546993686
d1,o_max,m020009_o_max_ord23_rk00010,0.5123541302407777,0.5434060066738533,-0.03105187643307561
d1,o_max,m020010_o_max_ord23_rk00011,0.5157159128811233,0.5434060066738533,-0.02769009379273002
d1,o_max,m020011_o_max_ord23_rk00012,0.5147043237798763,0.5434060066738533,-0.02870168289397701
d1,o_max,m020012_o_max_ord23_rk00013,0.5199337318177595,0.5434060066738533,-0.023472274856093822
d1,o_max,m020013_o_max_ord23_rk00014,0.4837842731253781,0.5434060066738533,-0.05962173354847522
d1,o_max,m020014_o_max_ord23_rk00015,0.5036013146598912,0.5434060066738533,-0.039804692013962084
d1,o_max,m020015_o_max_ord23_rk00016,0.5171554362933312,0.5434060066738533,-0.026250570380522142
d1,o_max,m020016_o_max_ord23_rk00017,0.5134310513578141,0.5434060066738533,-0.02997495531603922
d1,o_max,m020017_o_max_ord23_rk00018,0.4792976470184877,0.5434060066738533,-0.0641083596553656
d1,o_max,m020018_o_max_ord23_rk00019,0.498186389632905,0.5434060066738533,-0.04521961704094829
d1,o_max,m020019_o_max_ord23_rk00020,0.5096892048165902,0.5434060066738533,-0.03371680185726311
d1,o_max,m021000_o_max_ord24_rk00001,0.4791415225249518,0.5434060066738533,-0.06426448414890151
d1,o_max,m021001_o_max_ord24_rk00002,0.504810183437127,0.5434060066738533,-0.03859582323672628
d1,o_max,m021002_o_max_ord24_rk00003,0.5188553511423449,0.5434060066738533,-0.02455065553150837
d1,o_max,m021003_o_max_ord24_rk00004,0.5127483616557476,0.5434060066738533,-0.03065764501810575
d1,o_max,m021004_o_max_ord24_rk00005,0.5064773216208811,0.5434060066738533,-0.0369286850529722
d1,o_max,m021005_o_max_ord24_rk00006,0.5096978856000495,0.5434060066738533,-0.03370812107380383
d1,o_max,m021006_o_max_ord24_rk00007,0.5020219408566926,0.5434060066738533,-0.0413840658171607
d1,o_max,m021007_o_max_ord24_rk00008,0.5146008123725201,0.5434060066738533,-0.028805194301333215
d1,o_max,m021008_o_max_ord24_rk00009,0.5125458035648012,0.5434060066738533,-0.03086020310905213
d1,o_max,m021009_o_max_ord24_rk00010,0.5207549436171373,0.5434060066738533,-0.022651063056716048
d1,o_max,m021010_o_max_ord24_rk00011,0.4864556637605468,0.5434060066738533,-0.05695034291330653
d1,o_max,m021011_o_max_ord24_rk00012,0.5181877857469852,0.5434060066738533,-0.025218220926868096
d1,o_max,m021012_o_max_ord24_rk00013,0.510137991850838,0.5434060066738533,-0.033268014823015335
d1,o_max,m021013_o_max_ord24_rk00014,0.5040672381520438,0.5434060066738533,-0.03933876852180951
d1,o_max,m021014_o_max_ord24_rk00015,0.4741272271557543,0.5434060066738533,-0.06927877951809902
d1,o_max,m021015_o_max_ord24_rk00016,0.4646972083581909,0.5434060066738533,-0.07870879831566241
d1,o_max,m021016_o_max_ord24_rk00017,0.499119173900673,0.5434060066738533,-0.044286832773180296
d1,o_max,m021017_o_max_ord24_rk00018,0.467744311177782,0.5434060066738533,-0.07566169549607132
d1,o_max,m021018_o_max_ord24_rk00019,0.5144075957564463,0.5434060066738533,-0.028998410917406958
d1,o_max,m021019_o_max_ord24_rk00020,0.4761184741474329,0.5434060066738533,-0.06728753252642039
d1,o_max,m022000_o_max_ord25_rk00001,0.5171889104844498,0.5434060066738533,-0.026217096189403488
d1,o_max,m022001_o_max_ord25_rk00002,0.5151298694645772,0.5434060066738533,-0.02827613720927613
d1,o_max,m022002_o_max_ord25_rk00003,0.4828451950241887,0.5434060066738533,-0.06056081164966459
d1,o_max,m022003_o_max_ord25_rk00004,0.5146901585900971,0.5434060066738533,-0.028715848083756157
d1,o_max,m022004_o_max_ord25_rk00005,0.5058937360368602,0.5434060066738533,-0.03751227063699314
d1,o_max,m022005_o_max_ord25_rk00006,0.5206984973366775,0.5434060066738533,-0.022707509337175802
d1,o_max,m022006_o_max_ord25_rk00007,0.5020287868183433,0.5434060066738533,-0.04137721985551002
d1,o_max,m022007_o_max_ord25_rk00008,0.5045946678020394,0.5434060066738533,-0.03881133887181387
d1,o_max,m022008_o_max_ord25_rk00009,0.505667271735717,0.5434060066738533,-0.03773873493813629
d1,o_max,m022009_o_max_ord25_rk00010,0.5015282024143881,0.5434060066738533,-0.04187780425946519
d1,o_max,m022010_o_max_ord25_rk00011,0.4794698938870635,0.5434060066738533,-0.06393611278678979
d1,o_max,m022011_o_max_ord25_rk00012,0.4999544181804269,0.5434060066738533,-0.043451588493426396
d1,o_max,m022012_o_max_ord25_rk00013,0.4790103748525529,0.5434060066738533,-0.06439563182130043
d1,o_max,m022013_o_max_ord25_rk00014,0.5100778540726114,0.5434060066738533,-0.03332815260124189
d1,o_max,m022014_o_max_ord25_rk00015,0.4784869819951988,0.5434060066738533,-0.06491902467865451
d1,o_max,m022015_o_max_ord25_rk00016,0.5164287664456929,0.5434060066738533,-0.026977240228160393
d1,o_max,m022016_o_max_ord25_rk00017,0.4860085537688494,0.5434060066738533,-0.05739745290500392
d1,o_max,m022017_o_max_ord25_rk00018,0.5103694606986084,0.5434060066738533,-0.03303654597524486
d1,o_max,m022018_o_max_ord25_rk00019,0.5030851782283011,0.5434060066738533,-0.04032082844555218
d1,o_max,m022019_o_max_ord25_rk00020,0.4878971131951739,0.5434060066738533,-0.05550889347867938
d1,o_max,m023000_o_max_ord26_rk00001,0.4896879573939107,0.5434060066738533,-0.053718049279942615
d1,o_max,m023001_o_max_ord26_rk00002,0.5173250624766528,0.5434060066738533,-0.02608094419720053
d1,o_max,m023002_o_max_ord26_rk00003,0.5080843113238287,0.5434060066738533,-0.03532169535002461
d1,o_max,m023003_o_max_ord26_rk00004,0.5134407375826389,0.5434060066738533,-0.02996526909121444
d1,o_max,m023004_o_max_ord26_rk00005,0.5063933372889498,0.5434060066738533,-0.03701266938490355
d1,o_max,m023005_o_max_ord26_rk00006,0.521601817188877,0.5434060066738533,-0.02180418948497631
d1,o_max,m023006_o_max_ord26_rk00007,0.4939297035048858,0.5434060066738533,-0.049476303168967506
d1,o_max,m023007_o_max_ord26_rk00008,0.5152522667424657,0.5434060066738533,-0.02815373993138759
d1,o_max,m023008_o_max_ord26_rk00009,0.4927069654935949,0.5434060066738533,-0.05069904118025842
d1,o_max,m023009_o_max_ord26_rk00010,0.4922853802897371,0.5434060066738533,-0.051120626384116186
d1,o_max,m023010_o_max_ord26_rk00011,0.5119139023298425,0.5434060066738533,-0.03149210434401084
d1,o_max,m023011_o_max_ord26_rk00012,0.5164260132187886,0.5434060066738533,-0.026979993455064744
d1,o_max,m023012_o_max_ord26_rk00013,0.502111438693031,0.5434060066738533,-0.041294567980822316
d1,o_max,m023013_o_max_ord26_rk00014,0.5041745539871194,0.5434060066738533,-0.03923145268673389
d1,o_max,m023014_o_max_ord26_rk00015,0.4990590353891161,0.5434060066738533,-0.04434697128473719
d1,o_max,m023015_o_max_ord26_rk00016,0.517766753276514,0.5434060066738533,-0.0256392533973393
d1,o_max,m023016_o_max_ord26_rk00017,0.5098692489977901,0.5434060066738533,-0.033536757676063234
d1,o_max,m023017_o_max_ord26_rk00018,0.5071262291552989,0.5434060066738533,-0.03627977751855438
d1,o_max,m023018_o_max_ord26_rk00019,0.5065212061609243,0.5434060066738533,-0.03688480051292897
d1,o_max,m023019_o_max_ord26_rk00020,0.5003725853052572,0.5434060066738533,-0.043033421368596114
d1,o_max,m024000_o_max_ord27_rk00001,0.4887946860975147,0.5434060066738533,-0.05461132057633861
d1,o_max,m024001_o_max_ord27_rk00002,0.4903362463950987,0.5434060066738533,-0.053069760278754596
d1,o_max,m024002_o_max_ord27_rk00003,0.5180183254304499,0.5434060066738533,-0.025387681243403404
d1,o_max,m024003_o_max_ord27_rk00004,0.4884533446538689,0.5434060066738533,-0.05495266201998439
d1,o_max,m024004_o_max_ord27_rk00005,0.5121442659505858,0.5434060066738533,-0.031261740723267484
d1,o_max,m024005_o_max_ord27_rk00006,0.5193390163428407,0.5434060066738533,-0.02406699033101256
d1,o_max,m024006_o_max_ord27_rk00007,0.5197195041413285,0.5434060066738533,-0.0236865025325248
d1,o_max,m024007_o_max_ord27_rk00008,0.4981524350026622,0.5434060066738533,-0.045253571671191095
d1,o_max,m024008_o_max_ord27_rk00009,0.4865599152572857,0.5434060066738533,-0.0568460914165676
d1,o_max,m024009_o_max_ord27_rk00010,0.5174825292925374,0.5434060066738533,-0.02592347738131595
d1,o_max,m024010_o_max_ord27_rk00011,0.517775675289238,0.5434060066738533,-0.025630331384615346
d1,o_max,m024011_o_max_ord27_rk00012,0.5133122917242677,0.5434060066738533,-0.03009371494958557
d1,o_max,m024012_o_max_ord27_rk00013,0.4914629002822971,0.5434060066738533,-0.05194310639155619
d1,o_max,m024013_o_max_ord27_rk00014,0.4919079580338051,0.5434060066738533,-0.0514980486400482
d1,o_max,m024014_o_max_ord27_rk00015,0.4985679305291415,0.5434060066738533,-0.0448380761447118
d1,o_max,m024015_o_max_ord27_rk00016,0.5143819376030312,0.5434060066738533,-0.02902406907082211
d1,o_max,m024016_o_max_ord27_rk00017,0.5057755183900814,0.5434060066738533,-0.03763048828377191
d1,o_max,m024017_o_max_ord27_rk00018,0.5177799659803948,0.5434060066738533,-0.02562604069345853
d1,o_max,m024018_o_max_ord27_rk00019,0.4914740732881759,0.5434060066738533,-0.05193193338567742
d1,o_max,m024019_o_max_ord27_rk00020,0.515097664480648,0.5434060066738533,-0.028308342193205327
d1,o_max,m025000_o_max_ord28_rk00001,0.4845007152353552,0.5434060066738533,-0.0589052914384981
d1,o_max,m025001_o_max_ord28_rk00002,0.484223142617606,0.5434060066738533,-0.059182864056247286
d1,o_max,m025002_o_max_ord28_rk00003,0.4779132208193989,0.5434060066738533,-0.0654927858544544
d1,o_max,m025003_o_max_ord28_rk00004,0.4790225782270668,0.5434060066738533,-0.06438342844678652
d1,o_max,m025004_o_max_ord28_rk00005,0.4708797356208366,0.5434060066738533,-0.07252627105301668
d1,o_max,m025005_o_max_ord28_rk00006,0.4706456551674514,0.5434060066738533,-0.07276035150640192
d1,o_max,m025006_o_max_ord28_rk00007,0.516355802246256,0.5434060066738533,-0.027050204427597313
d1,o_max,m025007_o_max_ord28_rk00008,0.4788095533652834,0.5434060066738533,-0.06459645330856989
d1,o_max,m025008_o_max_ord28_rk00009,0.4718313757794037,0.5434060066738533,-0.0715746308944496
d1,o_max,m025009_o_max_ord28_rk00010,0.5147552783633051,0.5434060066738533,-0.028650728310548157
d1,o_max,m025010_o_max_ord28_rk00011,0.516064724306915,0.5434060066738533,-0.027341282366938335
d1,o_max,m025011_o_max_ord28_rk00012,0.4722943670631889,0.5434060066738533,-0.07111163961066441
d1,o_max,m025012_o_max_ord28_rk00013,0.4873377100475028,0.5434060066738533,-0.05606829662635049
d1,o_max,m025013_o_max_ord28_rk00014,0.4817526615291957,0.5434060066738533,-0.06165334514465759
d1,o_max,m025014_o_max_ord28_rk00015,0.4682705101105842,0.5434060066738533,-0.07513549656326912
d1,o_max,m025015_o_max_ord28_rk00016,0.4699751260765363,0.5434060066738533,-0.073430880597317
d1,o_max,m025016_o_max_ord28_rk00017,0.5170491921716986,0.5434060066738533,-0.026356814502154657
d1,o_max,m025017_o_max_ord28_rk00018,0.4714446698592938,0.5434060066738533,-0.07196133681455952
d1,o_max,m025018_o_max_ord28_rk00019,0.4833103875893203,0.5434060066738533,-0.06009561908453298
d1,o_max,m025019_o_max_ord28_rk00020,0.4832027880775146,0.5434060066738533,-0.0602032185963387
d1,o_max,m026000_o_max_ord29_rk00001,0.485133176547518,0.5434060066738533,-0.05827283012633533
d1,o_max,m026001_o_max_ord29_rk00002,0.4827934588803299,0.5434060066738533,-0.06061254779352343
d1,o_max,m026002_o_max_ord29_rk00003,0.480239996908708,0.5434060066738533,-0.0631660097651453
d1,o_max,m026003_o_max_ord29_rk00004,0.4854934053074616,0.5434060066738533,-0.0579126013663917
d1,o_max,m026004_o_max_ord29_rk00005,0.4804387490489834,0.5434060066738533,-0.06296725762486988
d1,o_max,m026005_o_max_ord29_rk00006,0.4842477101199022,0.5434060066738533,-0.059158296553951106
d1,o_max,m026006_o_max_ord29_rk00007,0.4720857858564631,0.5434060066738533,-0.0713202208173902
d1,o_max,m026007_o_max_ord29_rk00008,0.4780069109222011,0.5434060066738533,-0.0653990957516522
d1,o_max,m026008_o_max_ord29_rk00009,0.4819391591436428,0.5434060066738533,-0.06146684753021048
d1,o_max,m026009_o_max_ord29_rk00010,0.4674811042433782,0.5434060066738533,-0.07592490243047512
d1,o_max,m026010_o_max_ord29_rk00011,0.5223522952611022,0.5434060066738533,-0.02105371141275114
d1,o_max,m026011_o_max_ord29_rk00012,0.4732098276374711,0.5434060066738533,-0.0701961790363822
d1,o_max,m026012_o_max_ord29_rk00013,0.4810986072950608,0.5434060066738533,-0.06230739937879248
d1,o_max,m026013_o_max_ord29_rk00014,0.4814158052232046,0.5434060066738533,-0.06199020145064871
d1,o_max,m026014_o_max_ord29_rk00015,0.5200639871350256,0.5434060066738533,-0.023342019538827752
d1,o_max,m026015_o_max_ord29_rk00016,0.4756192482214639,0.5434060066738533,-0.0677867584523894
d1,o_max,m026016_o_max_ord29_rk00017,0.5194877469535838,0.5434060066738533,-0.023918259720269508
d1,o_max,m026017_o_max_ord29_rk00018,0.4945044188269618,0.5434060066738533,-0.048901587846891525
d1,o_max,m026018_o_max_ord29_rk00019,0.4953435755656861,0.5434060066738533,-0.048062431108167214
d1,o_max,m026019_o_max_ord29_rk00020,0.47008933676618,0.5434060066738533,-0.07331666990767333
d1,o_max,m027000_o_max_ord30_rk00001,0.4869081779747932,0.5434060066738533,-0.056497828699060115
d1,o_max,m027001_o_max_ord30_rk00002,0.4791058211886441,0.5434060066738533,-0.06430018548520922
d1,o_max,m027002_o_max_ord30_rk00003,0.4872798026286257,0.5434060066738533,-0.05612620404522761
d1,o_max,m027003_o_max_ord30_rk00004,0.4777156533221947,0.5434060066738533,-0.06569035335165863
d1,o_max,m027004_o_max_ord30_rk00005,0.4701467529082016,0.5434060066738533,-0.07325925376565168
d1,o_max,m027005_o_max_ord30_rk00006,0.4673976391117153,0.5434060066738533,-0.07600836756213802
d1,o_max,m027006_o_max_ord30_rk00007,0.4737636097673104,0.5434060066738533,-0.06964239690654289
d1,o_max,m027007_o_max_ord30_rk00008,0.488912578069304,0.5434060066738533,-0.05449342860454931
d1,o_max,m027008_o_max_ord30_rk00009,0.4781002542787913,0.5434060066738533,-0.06530575239506198
d1,o_max,m027009_o_max_ord30_rk00010,0.4848446703886785,0.5434060066738533,-0.05856133628517479
d1,o_max,m027010_o_max_ord30_rk00011,0.4787886397852927,0.5434060066738533,-0.06461736688856062
d1,o_max,m027011_o_max_ord30_rk00012,0.4740900613997806,0.5434060066738533,-0.0693159452740727
d1,o_max,m027012_o_max_ord30_rk00013,0.4851829572627457,0.5434060066738533,-0.05822304941110762
d1,o_max,m027013_o_max_ord30_rk00014,0.4723682639562758,0.5434060066738533,-0.07103774271757751
d1,o_max,m027014_o_max_ord30_rk00015,0.4815041506066483,0.5434060066738533,-0.061901856067205
d1,o_max,m027015_o_max_ord30_rk00016,0.4769027851177272,0.5434060066738533,-0.06650322155612609
d1,o_max,m027016_o_max_ord30_rk00017,0.4709300927025965,0.5434060066738533,-0.0724759139712568
d1,o_max,m027017_o_max_ord30_rk00018,0.5172100098086605,0.5434060066738533,-0.026195996865192805
d1,o_max,m027018_o_max_ord30_rk00019,0.4545395862153927,0.5434060066738533,-0.0888664204584606
d1,o_max,m027019_o_max_ord30_rk00020,0.4753130146173404,0.5434060066738533,-0.06809299205651292
d2,o_max,m000000_o_max_ord3_rk00001,0.595905120450378,0.6111818788975107,-0.015276758447132721
d2,o_max,m000001_o_max_ord3_rk00002,0.5412730233689378,0.6111818788975107,-0.06990885552857296
d2,o_max,m000002_o_max_ord3_rk00003,0.5974276493691693,0.6111818788975107,-0.013754229528341488
d2,o_max,m000003_o_max_ord3_rk00004,0.6108048556072314,0.6111818788975107,-0.00037702329027933246
d2,o_max,m000004_o_max_ord3_rk00005,0.6094727095951986,0.6111818788975107,-0.0017091693023121302
d2,o_max,m000005_o_max_ord3_rk00006,0.5867473701481722,0.6111818788975107,-0.0244345087493385
d2,o_max,m000006_o_max_ord3_rk00007,0.5995328572149343,0.6111818788975107,-0.011649021682576421
d2,o_max,m000007_o_max_ord3_rk00008,0.6028537043217097,0.6111818788975107,-0.00832817457580104
d2,o_max,m000008_o_max_ord3_rk00009,0.606040847195028,0.6111818788975107,-0.005141031702482701
d2,o_max,m000009_o_max_ord3_rk00010,0.5985978364855049,0.6111818788975107,-0.012584042412005836
d2,o_max,m000010_o_max_ord3_rk00011,0.6050780417044964,0.6111818788975107,-0.006103837193014328
d2,o_max,m000011_o_max_ord3_rk00012,0.5958465062087417,0.6111818788975107,-0.015335372688769056
d2,o_max,m000012_o_max_ord3_rk00013,0.608837412331446,0.6111818788975107,-0.0023444665660647956
d2,o_max,m000013_o_max_ord3_rk00014,0.6050247493707954,0.6111818788975107,-0.006157129526715321
d2,o_max,m000014_o_max_ord3_rk00015,0.6046479760560143,0.6111818788975107,-0.006533902841496464
d2,o_max,m000015_o_max_ord3_rk00016,0.6127763894627911,0.6111818788975107,0.0015945105652803715
d2,o_max,m000016_o_max_ord3_rk00017,0.5927736932285483,0.6111818788975107,-0.018408185668962407
d2,o_max,m000017_o_max_ord3_rk00018,0.6012701440270702,0.6111818788975107,-0.009911734870440503
d2,o_max,m000018_o_max_ord3_rk00019,0.6085862221298539,0.6111818788975107,-0.0025956567676568287
d2,o_max,m000019_o_max_ord3_rk00020,0.5982481375727966,0.6111818788975107,-0.012933741324714143
d2,o_max,m001000_o_max_ord4_rk00001,0.5998189502656355,0.6111818788975107,-0.011362928631875269
d2,o_max,m001001_o_max_ord4_rk00002,0.5995856375977069,0.6111818788975107,-0.011596241299803856
d2,o_max,m001002_o_max_ord4_rk00003,0.5960872694241955,0.6111818788975107,-0.015094609473315201
d2,o_max,m001003_o_max_ord4_rk00004,0.606964253380547,0.6111818788975107,-0.004217625516963697
d2,o_max,m001004_o_max_ord4_rk00005,0.5974727540837441,0.6111818788975107,-0.013709124813766627
d2,o_max,m001005_o_max_ord4_rk00006,0.590662613091737,0.6111818788975107,-0.02051926580577379
d2,o_max,m001006_o_max_ord4_rk00007,0.6028844192609706,0.6111818788975107,-0.008297459636540161
d2,o_max,m001007_o_max_ord4_rk00008,0.5703099709573092,0.6111818788975107,-0.04087190794020157
d2,o_max,m001008_o_max_ord4_rk00009,0.6056861215985134,0.6111818788975107,-0.005495757298997317
d2,o_max,m001009_o_max_ord4_rk00010,0.5919012411496012,0.6111818788975107,-0.019280637747909557
d2,o_max,m001010_o_max_ord4_rk00011,0.609902525367088,0.6111818788975107,-0.0012793535304227444
d2,o_max,m001011_o_max_ord4_rk00012,0.6000797262963802,0.6111818788975107,-0.011102152601130566
d2,o_max,m001012_o_max_ord4_rk00013,0.590569154647836,0.6111818788975107,-0.020612724249674752
d2,o_max,m001013_o_max_ord4_rk00014,0.5992247547214626,0.6111818788975107,-0.011957124176048106
d2,o_max,m001014_o_max_ord4_rk00015,0.6013358511422424,0.6111818788975107,-0.009846027755268327
d2,o_max,m001015_o_max_ord4_rk00016,0.5936494804603372,0.6111818788975107,-0.01753239843717358
d2,o_max,m001016_o_max_ord4_rk00017,0.6139185843484992,0.6111818788975107,0.0027367054509884747
d2,o_max,m001017_o_max_ord4_rk00018,0.5862613275568863,0.6111818788975107,-0.02492055134062443
d2,o_max,m001018_o_max_ord4_rk00019,0.6093479164224073,0.6111818788975107,-0.0018339624751034789
d2,o_max,m001019_o_max_ord4_rk00020,0.577367021532373,0.6111818788975107,-0.033814857365137785
d2,o_max,m002000_o_max_ord5_rk00001,0.5935146271000191,0.6111818788975107,-0.017667251797491623
d2,o_max,m002001_o_max_ord5_rk00002,0.593727563036794,0.6111818788975107,-0.017454315860716774
d2,o_max,m002002_o_max_ord5_rk00003,0.5934355006485599,0.6111818788975107,-0.017746378248950867
d2,o_max,m002003_o_max_ord5_rk00004,0.5936953957985316,0.6111818788975107,-0.017486483098979155
d2,o_max,m002004_o_max_ord5_rk00005,0.601074857539228,0.6111818788975107,-0.010107021358282786
d2,o_max,m002005_o_max_ord5_rk00006,0.5962558646674623,0.6111818788975107,-0.014926014230048468
d2,o_max,m002006_o_max_ord5_rk00007,0.5941508612505042,0.6111818788975107,-0.01703101764700654
d2,o_max,m002007_o_max_ord5_rk00008,0.5903274665537988,0.6111818788975107,-0.020854412343711992
d2,o_max,m002008_o_max_ord5_rk00009,0.5875690925259596,0.6111818788975107,-0.023612786371551175
d2,o_max,m002009_o_max_ord5_rk00010,0.6003186677951168,0.6111818788975107,-0.010863211102393966
d2,o_max,m002010_o_max_ord5_rk00011,0.5951868428769014,0.6111818788975107,-0.015995036020609366
d2,o_max,m002011_o_max_ord5_rk00012,0.5920896590354943,0.6111818788975107,-0.01909221986201648
d2,o_max,m002012_o_max_ord5_rk00013,0.5980899420008925,0.6111818788975107,-0.01309193689661825
d2,o_max,m002013_o_max_ord5_rk00014,0.5912373102517551,0.6111818788975107,-0.019944568645755667
d2,o_max,m002014_o_max_ord5_rk00015,0.5930804235085556,0.6111818788975107,-0.018101455388955134
d2,o_max,m002015_o_max_ord5_rk00016,0.6083389998314656,0.6111818788975107,-0.0028428790660451897
d2,o_max,m002016_o_max_ord5_rk00017,0.5909636219507302,0.6111818788975107,-0.02021825694678059
d2,o_max,m002017_o_max_ord5_rk00018,0.58070434520168,0.6111818788975107,-0.030477533695830727
d2,o_max,m002018_o_max_ord5_rk00019,0.5876567548937461,0.6111818788975107,-0.023525124003764608
d2,o_max,m002019_o_max_ord5_rk00020,0.5957732300403942,0.6111818788975107,-0.01540864885711657
d2,o_max,m003000_o_max_ord6_rk00001,0.6040770316696044,0.6111818788975107,-0.007104847227906386
d2,o_max,m003001_o_max_ord6_rk00002,0.6007110407312799,0.6111818788975107,-0.010470838166230845
d2,o_max,m003002_o_max_ord6_rk00003,0.6107757394291202,0.6111818788975107,-0.0004061394683905206
d2,o_max,m003003_o_max_ord6_rk00004,0.5983422089614675,0.6111818788975107,-0.012839669936043241
d2,o_max,m003004_o_max_ord6_rk00005,0.602018596973752,0.6111818788975107,-0.009163281923758704
d2,o_max,m003005_o_max_ord6_rk00006,0.5978969577875841,0.6111818788975107,-0.013284921109926628
d2,o_max,m003006_o_max_ord6_rk00007,0.6074994255975283,0.6111818788975107,-0.0036824532999824022
d2,o_max,m003007_o_max_ord6_rk00008,0.6040298489069253,0.6111818788975107,-0.007152029990585396
d2,o_max,m003008_o_max_ord6_rk00009,0.6028255868858197,0.6111818788975107,-0.00835629201169108
d2,o_max,m003009_o_max_ord6_rk00010,0.6020181360177772,0.6111818788975107,-0.009163742879733539
d2,o_max,m003010_o_max_ord6_rk00011,0.5986933295103134,0.6111818788975107,-0.012488549387197345
d2,o_max,m003011_o_max_ord6_rk00012,0.6110326746948244,0.6111818788975107,-0.00014920420268638157
d2,o_max,m003012_o_max_ord6_rk00013,0.5986342087679465,0.6111818788975107,-0.012547670129564259
d2,o_max,m003013_o_max_ord6_rk00014,0.6044681848915096,0.6111818788975107,-0.006713694006001192
d2,o_max,m003014_o_max_ord6_rk00015,0.6010669876869673,0.6111818788975107,-0.01011489121054343
d2,o_max,m003015_o_max_ord6_rk00016,0.5997795711876238,0.6111818788975107,-0.011402307709886927
d2,o_max,m003016_o_max_ord6_rk00017,0.6004748431117735,0.6111818788975107,-0.010707035785737284
d2,o_max,m003017_o_max_ord6_rk00018,0.6009118183880345,0.6111818788975107,-0.010270060509476209
d2,o_max,m003018_o_max_ord6_rk00019,0.5972888684520119,0.6111818788975107,-0.013893010445498843
d2,o_max,m003019_o_max_ord6_rk00020,0.5906531270579394,0.6111818788975107,-0.02052875183957137
d2,o_max,m004000_o_max_ord7_rk00001,0.6023118714458278,0.6111818788975107,-0.008870007451682982
d2,o_max,m004001_o_max_ord7_rk00002,0.5926372785471696,0.6111818788975107,-0.01854460035034111
d2,o_max,m004002_o_max_ord7_rk00003,0.5999116215023939,0.6111818788975107,-0.01127025739511689
d2,o_max,m004003_o_max_ord7_rk00004,0.5933791061254379,0.6111818788975107,-0.017802772772072872
d2,o_max,m004004_o_max_ord7_rk00005,0.5995931601360428,0.6111818788975107,-0.011588718761467942
d2,o_max,m004005_o_max_ord7_rk00006,0.5903768976271264,0.6111818788975107,-0.020804981270384326
d2,o_max,m004006_o_max_ord7_rk00007,0.6070476219314189,0.6111818788975107,-0.0041342569660918205
d2,o_max,m004007_o_max_ord7_rk00008,0.5985806236105964,0.6111818788975107,-0.012601255286914359
d2,o_max,m004008_o_max_ord7_rk00009,0.5959766046238324,0.6111818788975107,-0.015205274273678349
d2,o_max,m004009_o_max_ord7_rk00010,0.5915679928254025,0.6111818788975107,-0.019613886072108233
d2,o_max,m004010_o_max_ord7_rk00011,0.5924083970983384,0.6111818788975107,-0.018773481799172376
d2,o_max,m004011_o_max_ord7_rk00012,0.5926094825843922,0.6111818788975107,-0.018572396313118578
d2,o_max,m004012_o_max_ord7_rk00013,0.6076128238698946,0.6111818788975107,-0.0035690550276161748
d2,o_max,m004013_o_max_ord7_rk00014,0.5970993181625841,0.6111818788975107,-0.014082560734926641
d2,o_max,m004014_o_max_ord7_rk00015,0.6051344995316918,0.6111818788975107,-0.006047379365818895
d2,o_max,m004015_o_max_ord7_rk00016,0.599158344585826,0.6111818788975107,-0.012023534311684791
d2,o_max,m004016_o_max_ord7_rk00017,0.5950669399708637,0.6111818788975107,-0.01611493892664706
d2,o_max,m004017_o_max_ord7_rk00018,0.5879812503608285,0.6111818788975107,-0.023200628536682255
d2,o_max,m004018_o_max_ord7_rk00019,0.5977572213740305,0.6111818788975107,-0.01342465752348021
d2,o_max,m004019_o_max_ord7_rk00020,0.5956902327710001,0.6111818788975107,-0.01549164612651066
d2,o_max,m005000_o_max_ord8_rk00001,0.5949263491718906,0.6111818788975107,-0.016255529725620166
d2,o_max,m005001_o_max_ord8_rk00002,0.6016971802291569,0.6111818788975107,-0.009484698668353886
d2,o_max,m005002_o_max_ord8_rk00003,0.595859824713751,0.6111818788975107,-0.015322054183759759
d2,o_max,m005003_o_max_ord8_rk00004,0.5972315196120632,0.6111818788975107,-0.013950359285447522
d2,o_max,m005004_o_max_ord8_rk00005,0.6015720175979848,0.6111818788975107,-0.009609861299525901
d2,o_max,m005005_o_max_ord8_rk00006,0.6006009026822201,0.6111818788975107,-0.010580976215290638
d2,o_max,m005006_o_max_ord8_rk00007,0.5968443615726726,0.6111818788975107,-0.014337517324838123
d2,o_max,m005007_o_max_ord8_rk00008,0.5922011474438358,0.6111818788975107,-0.01898073145367496
d2,o_max,m005008_o_max_ord8_rk00009,0.5948076610428836,0.6111818788975107,-0.016374217854627116
d2,o_max,m005009_o_max_ord8_rk00010,0.599630865116886,0.6111818788975107,-0.01155101378062473
d2,o_max,m005010_o_max_ord8_rk00011,0.6055276133926849,0.6111818788975107,-0.0056542655048258395
d2,o_max,m005011_o_max_ord8_rk00012,0.5965543536829145,0.6111818788975107,-0.014627525214596204
d2,o_max,m005012_o_max_ord8_rk00013,0.5928821654795294,0.6111818788975107,-0.01829971341798131
d2,o_max,m005013_o_max_ord8_rk00014,0.597904936385014,0.6111818788975107,-0.013276942512496781
d2,o_max,m005014_o_max_ord8_rk00015,0.599874162924989,0.6111818788975107,-0.011307715972521781
d2,o_max,m005015_o_max_ord8_rk00016,0.5976223203097173,0.6111818788975107,-0.013559558587793452
d2,o_max,m005016_o_max_ord8_rk00017,0.6039509494068809,0.6111818788975107,-0.007230929490629867
d2,o_max,m005017_o_max_ord8_rk00018,0.6021344845501018,0.6111818788975107,-0.009047394347408977
d2,o_max,m005018_o_max_ord8_rk00019,0.5987126507252687,0.6111818788975107,-0.012469228172242053
d2,o_max,m005019_o_max_ord8_rk00020,0.6003099334800834,0.6111818788975107,-0.010871945417427309
d2,o_max,m006000_o_max_ord9_rk00001,0.5923059376530984,0.6111818788975107,-0.018875941244412386
d2,o_max,m006001_o_max_ord9_rk00002,0.5878568256162496,0.6111818788975107,-0.02332505328126111
d2,o_max,m006002_o_max_ord9_rk00003,0.5982977653691477,0.6111818788975107,-0.01288411352836305
d2,o_max,m006003_o_max_ord9_rk00004,0.6003289561617206,0.6111818788975107,-0.010852922735790194
d2,o_max,m006004_o_max_ord9_rk00005,0.5959578040205351,0.6111818788975107,-0.015224074876975635
d2,o_max,m006005_o_max_ord9_rk00006,0.6034306516842672,0.6111818788975107,-0.007751227213243506
d2,o_max,m006006_o_max_ord9_rk00007,0.6014981349685661,0.6111818788975107,-0.009683743928944666
d2,o_max,m006007_o_max_ord9_rk00008,0.5897088406857024,0.6111818788975107,-0.02147303821180835
d2,o_max,m006008_o_max_ord9_rk00009,0.5917847259778078,0.6111818788975107,-0.019397152919702898
d2,o_max,m006009_o_max_ord9_rk00010,0.6030848894390958,0.6111818788975107,-0.008096989458414972
d2,o_max,m006010_o_max_ord9_rk00011,0.599846519596515,0.6111818788975107,-0.011335359300995718
d2,o_max,m006011_o_max_ord9_rk00012,0.6025333205273289,0.6111818788975107,-0.008648558370181858
d2,o_max,m006012_o_max_ord9_rk00013,0.606894792431788,0.6111818788975107,-0.004287086465722734
d2,o_max,m006013_o_max_ord9_rk00014,0.5902660984421848,0.6111818788975107,-0.02091578045532594
d2,o_max,m006014_o_max_ord9_rk00015,0.5947213739614285,0.6111818788975107,-0.0164605049360822
d2,o_max,m006015_o_max_ord9_rk00016,0.5906852119499668,0.6111818788975107,-0.02049666694754393
d2,o_max,m006016_o_max_ord9_rk00017,0.5976750188997688,0.6111818788975107,-0.013506859997741927
d2,o_max,m006017_o_max_ord9_rk00018,0.5965244709182929,0.6111818788975107,-0.014657407979217885
d2,o_max,m006018_o_max_ord9_rk00019,0.598959096635053,0.6111818788975107,-0.012222782262457765
d2,o_max,m006019_o_max_ord9_rk00020,0.5879183841896861,0.6111818788975107,-0.023263494707824628
d2,o_max,m007000_o_max_ord10_rk00001,0.5903618855751069,0.6111818788975107,-0.020819993322403807
d2,o_max,m007001_o_max_ord10_rk00002,0.5954228465690994,0.6111818788975107,-0.01575903232841136
d2,o_max,m007002_o_max_ord10_rk00003,0.5982703348995294,0.6111818788975107,-0.012911543997981334
d2,o_max,m007003_o_max_ord10_rk00004,0.5953834010492683,0.6111818788975107,-0.015798477848242398
d2,o_max,m007004_o_max_ord10_rk00005,0.6010639122751136,0.6111818788975107,-0.010117966622397168
d2,o_max,m007005_o_max_ord10_rk00006,0.5829953781022461,0.6111818788975107,-0.028186500795264635
d2,o_max,m007006_o_max_ord10_rk00007,0.5900469985594854,0.6111818788975107,-0.021134880338025352
d2,o_max,m007007_o_max_ord10_rk00008,0.5947298906089633,0.6111818788975107,-0.016451988288547437
d2,o_max,m007008_o_max_ord10_rk00009,0.5933066334115121,0.6111818788975107,-0.017875245485998614
d2,o_max,m007009_o_max_ord10_rk00010,0.5951351853157131,0.6111818788975107,-0.016046693581797666
d2,o_max,m007010_o_max_ord10_rk00011,0.5977157794114675,0.6111818788975107,-0.01346609948604327
d2,o_max,m007011_o_max_ord10_rk00012,0.6004866311297421,0.6111818788975107,-0.010695247767768645
d2,o_max,m007012_o_max_ord10_rk00013,0.5990276428307837,0.6111818788975107,-0.012154236066727053
d2,o_max,m007013_o_max_ord10_rk00014,0.5899213495870436,0.6111818788975107,-0.02126052931046718
d2,o_max,m007014_o_max_ord10_rk00015,0.5994292123903588,0.6111818788975107,-0.011752666507151899
d2,o_max,m007015_o_max_ord10_rk00016,0.5932376806128161,0.6111818788975107,-0.017944198284694624
d2,o_max,m007016_o_max_ord10_rk00017,0.5821460625470811,0.6111818788975107,-0.029035816350429622
d2,o_max,m007017_o_max_ord10_rk00018,0.599740598417029,0.6111818788975107,-0.011441280480481764
d2,o_max,m007018_o_max_ord10_rk00019,0.5869531676980507,0.6111818788975107,-0.024228711199460018
d2,o_max,m007019_o_max_ord10_rk00020,0.5958969714612048,0.6111818788975107,-0.01528490743630595
d2,o_max,m008000_o_max_ord11_rk00001,0.5933476285179089,0.6111818788975107,-0.017834250379601846
d2,o_max,m008001_o_max_ord11_rk00002,0.5926760483703271,0.6111818788975107,-0.018505830527183686
d2,o_max,m008002_o_max_ord11_rk00003,0.5912084994183943,0.6111818788975107,-0.019973379479116482
d2,o_max,m008003_o_max_ord11_rk00004,0.5860723629108782,0.6111818788975107,-0.02510951598663258
d2,o_max,m008004_o_max_ord11_rk00005,0.5860960049895563,0.6111818788975107,-0.02508587390795447
d2,o_max,m008005_o_max_ord11_rk00006,0.5954053933811283,0.6111818788975107,-0.015776485516382444
d2,o_max,m008006_o_max_ord11_rk00007,0.5961233505909969,0.6111818788975107,-0.015058528306513885
d2,o_max,m008007_o_max_ord11_rk00008,0.5953896145674475,0.6111818788975107,-0.0157922643300632
d2,o_max,m008008_o_max_ord11_rk00009,0.5894109652728922,0.6111818788975107,-0.021770913624618582
d2,o_max,m008009_o_max_ord11_rk00010,0.5882922088475273,0.6111818788975107,-0.022889670049983435
d2,o_max,m008010_o_max_ord11_rk00011,0.5977912001654757,0.6111818788975107,-0.013390678732035033
d2,o_max,m008011_o_max_ord11_rk00012,0.5936593506179901,0.6111818788975107,-0.01752252827952061
d2,o_max,m008012_o_max_ord11_rk00013,0.5924230428422796,0.6111818788975107,-0.0187588360552311
d2,o_max,m008013_o_max_ord11_rk00014,0.5887143838626125,0.6111818788975107,-0.0224674950348982
d2,o_max,m008014_o_max_ord11_rk00015,0.6051911159121881,0.6111818788975107,-0.00599076298532264
d2,o_max,m008015_o_max_ord11_rk00016,0.5906789235078103,0.6111818788975107,-0.020502955389700483
d2,o_max,m008016_o_max_ord11_rk00017,0.5922290434057094,0.6111818788975107,-0.01895283549180138
d2,o_max,m008017_o_max_ord11_rk00018,0.598074826115804,0.6111818788975107,-0.013107052781706763
d2,o_max,m008018_o_max_ord11_rk00019,0.5850872347469601,0.6111818788975107,-0.026094644150550628
d2,o_max,m008019_o_max_ord11_rk00020,0.5822362737840797,0.6111818788975107,-0.028945605113431028
d2,o_max,m009000_o_max_ord12_rk00001,0.5944750836603129,0.6111818788975107,-0.01670679523719787
d2,o_max,m009001_o_max_ord12_rk00002,0.5894009990499232,0.6111818788975107,-0.021780879847587586
d2,o_max,m009002_o_max_ord12_rk00003,0.5962618452303695,0.6111818788975107,-0.01492003366714123
d2,o_max,m009003_o_max_ord12_rk00004,0.5869105822473273,0.6111818788975107,-0.02427129665018346
d2,o_max,m009004_o_max_ord12_rk00005,0.6036340087353236,0.6111818788975107,-0.007547870162187165
d2,o_max,m009005_o_max_ord12_rk00006,0.5949470593056434,0.6111818788975107,-0.016234819591867344
d2,o_max,m009006_o_max_ord12_rk00007,0.5895869611755766,0.6111818788975107,-0.021594917721934115
d2,o_max,m009007_o_max_ord12_rk00008,0.605560615549628,0.6111818788975107,-0.00562126334788271
d2,o_max,m009008_o_max_ord12_rk00009,0.5862577478598042,0.6111818788975107,-0.02492413103770652
d2,o_max,m009009_o_max_ord12_rk00010,0.5823882111827448,0.6111818788975107,-0.02879366771476599
d2,o_max,m009010_o_max_ord12_rk00011,0.5829849677794384,0.6111818788975107,-0.02819691111807232
d2,o_max,m009011_o_max_ord12_rk00012,0.589032566433125,0.6111818788975107,-0.022149312464385784
d2,o_max,m009012_o_max_ord12_rk00013,0.5991454151109211,0.6111818788975107,-0.012036463786589624
d2,o_max,m009013_o_max_ord12_rk00014,0.5978907880235406,0.6111818788975107,-0.01329109087397018
d2,o_max,m009014_o_max_ord12_rk00015,0.5937943231170961,0.6111818788975107,-0.01738755578041462
d2,o_max,m009015_o_max_ord12_rk00016,0.5988801406371141,0.6111818788975107,-0.0123017382603966
d2,o_max,m009016_o_max_ord12_rk00017,0.6059671250330871,0.6111818788975107,-0.005214753864423605
d2,o_max,m009017_o_max_ord12_rk00018,0.5952816899825666,0.6111818788975107,-0.015900188914944158
d2,o_max,m009018_o_max_ord12_rk00019,0.5971027627993282,0.6111818788975107,-0.014079116098182576
d2,o_max,m009019_o_max_ord12_rk00020,0.5907105270983798,0.6111818788975107,-0.020471351799130955
d2,o_max,m010000_o_max_ord13_rk00001,0.5885165014907865,0.6111818788975107,-0.022665377406724252
d2,o_max,m010001_o_max_ord13_rk00002,0.5903534162355526,0.6111818788975107,-0.020828462661958147
d2,o_max,m010002_o_max_ord13_rk00003,0.5854598019522952,0.6111818788975107,-0.025722076945215555
d2,o_max,m010003_o_max_ord13_rk00004,0.601320434406304,0.6111818788975107,-0.009861444491206739
d2,o_max,m010004_o_max_ord13_rk00005,0.5870201964677921,0.6111818788975107,-0.02416168242971861
d2,o_max,m010005_o_max_ord13_rk00006,0.5832322992665624,0.6111818788975107,-0.02794957963094835
d2,o_max,m010006_o_max_ord13_rk00007,0.5972726016327488,0.6111818788975107,-0.013909277264761988
d2,o_max,m010007_o_max_ord13_rk00008,0.5878757877386074,0.6111818788975107,-0.023306091158903364
d2,o_max,m010008_o_max_ord13_rk00009,0.5985016633831667,0.6111818788975107,-0.012680215514344062
d2,o_max,m010009_o_max_ord13_rk00010,0.5829218443325207,0.6111818788975107,-0.028260034564990044
d2,o_max,m010010_o_max_ord13_rk00011,0.5966636704098949,0.6111818788975107,-0.014518208487615869
d2,o_max,m010011_o_max_ord13_rk00012,0.5999744439852623,0.6111818788975107,-0.011207434912248404
d2,o_max,m010012_o_max_ord13_rk00013,0.6009411032075354,0.6111818788975107,-0.01024077568997539
d2,o_max,m010013_o_max_ord13_rk00014,0.5874883080618724,0.6111818788975107,-0.02369357083563839
d2,o_max,m010014_o_max_ord13_rk00015,0.5783040859856632,0.6111818788975107,-0.03287779291184756
d2,o_max,m010015_o_max_ord13_rk00016,0.5859049239004647,0.6111818788975107,-0.025276954997046075
d2,o_max,m010016_o_max_ord13_rk00017,0.5963657649859209,0.6111818788975107,-0.014816113911589879
d2,o_max,m010017_o_max_ord13_rk00018,0.5992068139544173,0.6111818788975107,-0.011975064943093416
d2,o_max,m010018_o_max_ord13_rk00019,0.5918255563274095,0.6111818788975107,-0.019356322570101225
d2,o_max,m010019_o_max_ord13_rk00020,0.5926846808658713,0.6111818788975107,-0.018497198031639406
d2,o_max,m011000_o_max_ord14_rk00001,0.5904976293357667,0.6111818788975107,-0.020684249561744084
d2,o_max,m011001_o_max_ord14_rk00002,0.5946985072422277,0.6111818788975107,-0.01648337165528302
d2,o_max,m011002_o_max_ord14_rk00003,0.5886058601636543,0.6111818788975107,-0.022576018733856396
d2,o_max,m011003_o_max_ord14_rk00004,0.5999228964699179,0.6111818788975107,-0.011258982427592823
d2,o_max,m011004_o_max_ord14_rk00005,0.5867221583246072,0.6111818788975107,-0.024459720572903576
d2,o_max,m011005_o_max_ord14_rk00006,0.6006372618914875,0.6111818788975107,-0.010544617006023271
d2,o_max,m011006_o_max_ord14_rk00007,0.6005770757445048,0.6111818788975107,-0.010604803153005937
d2,o_max,m011007_o_max_ord14_rk00008,0.5986079378638137,0.6111818788975107,-0.012573941033697023
d2,o_max,m011008_o_max_ord14_rk00009,0.5968638433178199,0.6111818788975107,-0.014318035579690802
d2,o_max,m011009_o_max_ord14_rk00010,0.5950733002536259,0.6111818788975107,-0.01610857864388482
d2,o_max,m011010_o_max_ord14_rk00011,0.5969242107837108,0.6111818788975107,-0.014257668113799915
d2,o_max,m011011_o_max_ord14_rk00012,0.5968827420120077,0.6111818788975107,-0.014299136885502994
d2,o_max,m011012_o_max_ord14_rk00013,0.5884660667517445,0.6111818788975107,-0.022715812145766234
d2,o_max,m011013_o_max_ord14_rk00014,0.5917082274215784,0.6111818788975107,-0.019473651475932385
d2,o_max,m011014_o_max_ord14_rk00015,0.5981293785793598,0.6111818788975107,-0.013052500318150972
d2,o_max,m011015_o_max_ord14_rk00016,0.5974910327077281,0.6111818788975107,-0.013690846189782668
d2,o_max,m011016_o_max_ord14_rk00017,0.6054252586093429,0.6111818788975107,-0.005756620288167813
d2,o_max,m011017_o_max_ord14_rk00018,0.5964684586122875,0.6111818788975107,-0.014713420285223267
d2,o_max,m011018_o_max_ord14_rk00019,0.5968972478563639,0.6111818788975107,-0.014284631041146856
d2,o_max,m011019_o_max_ord14_rk00020,0.5908752053557007,0.6111818788975107,-0.02030667354181004
d2,o_max,m012000_o_max_ord15_rk00001,0.6001343242634802,0.6111818788975107,-0.01104755463403051
d2,o_max,m012001_o_max_ord15_rk00002,0.5901310895107523,0.6111818788975107,-0.021050789386758417
d2,o_max,m012002_o_max_ord15_rk00003,0.6003006269048303,0.6111818788975107,-0.010881251992680419
d2,o_max,m012003_o_max_ord15_rk00004,0.5905764264063307,0.6111818788975107,-0.020605452491180065
d2,o_max,m012004_o_max_ord15_rk00005,0.6006587926148569,0.6111818788975107,-0.01052308628265386
d2,o_max,m012005_o_max_ord15_rk00006,0.5886699497216323,0.6111818788975107,-0.02251192917587841
d2,o_max,m012006_o_max_ord15_rk00007,0.593222073282748,0.6111818788975107,-0.017959805614762736
d2,o_max,m012007_o_max_ord15_rk00008,0.5862743942489772,0.6111818788975107,-0.02490748464853354
d2,o_max,m012008_o_max_ord15_rk00009,0.5923913069565079,0.6111818788975107,-0.018790571941002865
d2,o_max,m012009_o_max_ord15_rk00010,0.6033410768008234,0.6111818788975107,-0.00784080209668736
d2,o_max,m012010_o_max_ord15_rk00011,0.5856971446571452,0.6111818788975107,-0.02548473424036557
d2,o_max,m012011_o_max_ord15_rk00012,0.5928291813614607,0.6111818788975107,-0.018352697536050067
d2,o_max,m012012_o_max_ord15_rk00013,0.5912293043414428,0.6111818788975107,-0.019952574556067915
d2,o_max,m012013_o_max_ord15_rk00014,0.5900509962540459,0.6111818788975107,-0.021130882643464854
d2,o_max,m012014_o_max_ord15_rk00015,0.5999638772132685,0.6111818788975107,-0.011218001684242251
d2,o_max,m012015_o_max_ord15_rk00016,0.5967828390027374,0.6111818788975107,-0.014399039894773313
d2,o_max,m012016_o_max_ord15_rk00017,0.5928026691798176,0.6111818788975107,-0.018379209717693135
d2,o_max,m012017_o_max_ord15_rk00018,0.6000889817304649,0.6111818788975107,-0.011092897167045868
d2,o_max,m012018_o_max_ord15_rk00019,0.5918777099237407,0.6111818788975107,-0.019304168973770075
d2,o_max,m012019_o_max_ord15_rk00020,0.5853951104748887,0.6111818788975107,-0.025786768422622064
d2,o_max,m013000_o_max_ord16_rk00001,0.5936166853422981,0.6111818788975107,-0.017565193555212688
d2,o_max,m013001_o_max_ord16_rk00002,0.5904656666548865,0.6111818788975107,-0.02071621224262421
d2,o_max,m013002_o_max_ord16_rk00003,0.5897126598258529,0.6111818788975107,-0.021469219071657886
d2,o_max,m013003_o_max_ord16_rk00004,0.5601028766255605,0.6111818788975107,-0.05107900227195028
d2,o_max,m013004_o_max_ord16_rk00005,0.5918855507981119,0.6111818788975107,-0.019296328099398852
d2,o_max,m013005_o_max_ord16_rk00006,0.5855094843020078,0.6111818788975107,-0.025672394595502968
d2,o_max,m013006_o_max_ord16_rk00007,0.5983905446868736,0.6111818788975107,-0.012791334210637162
d2,o_max,m013007_o_max_ord16_rk00008,0.5895920003257087,0.6111818788975107,-0.021589878571802057
d2,o_max,m013008_o_max_ord16_rk00009,0.58509158173418,0.6111818788975107,-0.026090297163330778
d2,o_max,m013009_o_max_ord16_rk00010,0.5903849331938966,0.6111818788975107,-0.020796945703614123
d2,o_max,m013010_o_max_ord16_rk00011,0.5904191349850569,0.6111818788975107,-0.020762743912453807
d2,o_max,m013011_o_max_ord16_rk00012,0.5894365619763623,0.6111818788975107,-0.02174531692114845
d2,o_max,m013012_o_max_ord16_rk00013,0.5947077625197514,0.6111818788975107,-0.016474116377759307
d2,o_max,m013013_o_max_ord16_rk00014,0.5781369594530099,0.6111818788975107,-0.03304491944450083
d2,o_max,m013014_o_max_ord16_rk00015,0.591845693230066,0.6111818788975107,-0.019336185667444772
d2,o_max,m013015_o_max_ord16_rk00016,0.5884592671156905,0.6111818788975107,-0.022722611781820223
d2,o_max,m013016_o_max_ord16_rk00017,0.5830947606104624,0.6111818788975107,-0.02808711828704835
d2,o_max,m013017_o_max_ord16_rk00018,0.5924805486632735,0.6111818788975107,-0.018701330234237257
d2,o_max,m013018_o_max_ord16_rk00019,0.58599035575124,0.6111818788975107,-0.02519152314627071
d2,o_max,m013019_o_max_ord16_rk00020,0.5859900881119728,0.6111818788975107,-0.025191790785537904
d2,o_max,m014000_o_max_ord17_rk00001,0.5599386262938187,0.6111818788975107,-0.051243252603692
d2,o_max,m014001_o_max_ord17_rk00002,0.5880290752830241,0.6111818788975107,-0.023152803614486683
d2,o_max,m014002_o_max_ord17_rk00003,0.5856887699183273,0.6111818788975107,-0.025493108979183443
d2,o_max,m014003_o_max_ord17_rk00004,0.5859496220376845,0.6111818788975107,-0.02523225685982622
d2,o_max,m014004_o_max_ord17_rk00005,0.5913316267057096,0.6111818788975107,-0.019850252191801143
d2,o_max,m014005_o_max_ord17_rk00006,0.5879013124259346,0.6111818788975107,-0.02328056647157617
d2,o_max,m014006_o_max_ord17_rk00007,0.5873647888826992,0.6111818788975107,-0.02381709001481158
d2,o_max,m014007_o_max_ord17_rk00008,0.5815183276508196,0.6111818788975107,-0.029663551246691178
d2,o_max,m014008_o_max_ord17_rk00009,0.5972898197959461,0.6111818788975107,-0.013892059101564658
d2,o_max,m014009_o_max_ord17_rk00010,0.5820692541358081,0.6111818788975107,-0.02911262476170262
d2,o_max,m014010_o_max_ord17_rk00011,0.5883033694364073,0.6111818788975107,-0.02287850946110348
d2,o_max,m014011_o_max_ord17_rk00012,0.5933557767414621,0.6111818788975107,-0.01782610215604863
d2,o_max,m014012_o_max_ord17_rk00013,0.5883978067359223,0.6111818788975107,-0.022784072161588398
d2,o_max,m014013_o_max_ord17_rk00014,0.5951384324129207,0.6111818788975107,-0.016043446484589996
d2,o_max,m014014_o_max_ord17_rk00015,0.5902199794225023,0.6111818788975107,-0.020961899475008483
d2,o_max,m014015_o_max_ord17_rk00016,0.5962633650484335,0.6111818788975107,-0.014918513849077275
d2,o_max,m014016_o_max_ord17_rk00017,0.5865120336296691,0.6111818788975107,-0.02466984526784166
d2,o_max,m014017_o_max_ord17_rk00018,0.5892138527955907,0.6111818788975107,-0.021968026101920057
d2,o_max,m014018_o_max_ord17_rk00019,0.5921066378080896,0.6111818788975107,-0.019075241089421158
d2,o_max,m014019_o_max_ord17_rk00020,0.5866740663074066,0.6111818788975107,-0.02450781259010415
d2,o_max,m015000_o_max_ord18_rk00001,0.5609673343232013,0.6111818788975107,-0.050214544574309405
d2,o_max,m015001_o_max_ord18_rk00002,0.5742858193051739,0.6111818788975107,-0.03689605959233688
d2,o_max,m015002_o_max_ord18_rk00003,0.5827614464938012,0.6111818788975107,-0.028420432403709506
d2,o_max,m015003_o_max_ord18_rk00004,0.5891392546879842,0.6111818788975107,-0.022042624209526518
d2,o_max,m015004_o_max_ord18_rk00005,0.5892622572910616,0.6111818788975107,-0.021919621606449113
d2,o_max,m015005_o_max_ord18_rk00006,0.5810242222593146,0.6111818788975107,-0.03015765663819614
d2,o_max,m015006_o_max_ord18_rk00007,0.5788252758754064,0.6111818788975107,-0.0323566030221043
d2,o_max,m015007_o_max_ord18_rk00008,0.5813141176183263,0.6111818788975107,-0.029867761279184446
d2,o_max,m015008_o_max_ord18_rk00009,0.5803931860956404,0.6111818788975107,-0.030788692801870354
d2,o_max,m015009_o_max_ord18_rk00010,0.584599489068454,0.6111818788975107,-0.026582389829056696
d2,o_max,m015010_o_max_ord18_rk00011,0.5817188886161884,0.6111818788975107,-0.029462990281322377
d2,o_max,m015011_o_max_ord18_rk00012,0.5817605713632299,0.6111818788975107,-0.02942130753428085
d2,o_max,m015012_o_max_ord18_rk00013,0.5887366799995413,0.6111818788975107,-0.022445198897969476
d2,o_max,m015013_o_max_ord18_rk00014,0.5842156287266034,0.6111818788975107,-0.02696625017090737
d2,o_max,m015014_o_max_ord18_rk00015,0.577774211044042,0.6111818788975107,-0.033407667853468714
d2,o_max,m015015_o_max_ord18_rk00016,0.5804501284227812,0.6111818788975107,-0.030731750474729536
d2,o_max,m015016_o_max_ord18_rk00017,0.5830308541946381,0.6111818788975107,-0.028151024702872673
d2,o_max,m015017_o_max_ord18_rk00018,0.5823642048337907,0.6111818788975107,-0.028817674063720045
d2,o_max,m015018_o_max_ord18_rk00019,0.5845972705804088,0.6111818788975107,-0.026584608317101965
d2,o_max,m015019_o_max_ord18_rk00020,0.5864498260909615,0.6111818788975107,-0.02473205280654922
d2,o_max,m016000_o_max_ord19_rk00001,0.5624082737131249,0.6111818788975107,-0.04877360518438589
d2,o_max,m016001_o_max_ord19_rk00002,0.5852731620461198,0.6111818788975107,-0.025908716851390956
d2,o_max,m016002_o_max_ord19_rk00003,0.5823457170193932,0.6111818788975107,-0.02883616187811755
d2,o_max,m016003_o_max_ord19_rk00004,0.5806749370447971,0.6111818788975107,-0.03050694185271363
d2,o_max,m016004_o_max_ord19_rk00005,0.5862110145470818,0.6111818788975107,-0.024970864350428945
d2,o_max,m016005_o_max_ord19_rk00006,0.5810049196988694,0.6111818788975107,-0.030176959198641384
d2,o_max,m016006_o_max_ord19_rk00007,0.5864624104591357,0.6111818788975107,-0.024719468438375025
d2,o_max,m016007_o_max_ord19_rk00008,0.5910265360129787,0.6111818788975107,-0.020155342884532024
d2,o_max,m016008_o_max_ord19_rk00009,0.584655493701723,0.6111818788975107,-0.02652638519578776
d2,o_max,m016009_o_max_ord19_rk00010,0.5924145397734959,0.6111818788975107,-0.018767339124014848
d2,o_max,m016010_o_max_ord19_rk00011,0.5896871326075186,0.6111818788975107,-0.02149474628999215
d2,o_max,m016011_o_max_ord19_rk00012,0.5819165991499857,0.6111818788975107,-0.02926527974752502
d2,o_max,m016012_o_max_ord19_rk00013,0.5907866936447169,0.6111818788975107,-0.020395185252793824
d2,o_max,m016013_o_max_ord19_rk00014,0.5879645349559466,0.6111818788975107,-0.02321734394156416
d2,o_max,m016014_o_max_ord19_rk00015,0.5853606950228043,0.6111818788975107,-0.025821183874706444
d2,o_max,m016015_o_max_ord19_rk00016,0.5866507573875768,0.6111818788975107,-0.024531121509933973
d2,o_max,m016016_o_max_ord19_rk00017,0.5842789265301249,0.6111818788975107,-0.026902952367385824
d2,o_max,m016017_o_max_ord19_rk00018,0.5861720420608347,0.6111818788975107,-0.025009836836676014
d2,o_max,m016018_o_max_ord19_rk00019,0.5941770870929926,0.6111818788975107,-0.017004791804518193
d2,o_max,m016019_o_max_ord19_rk00020,0.5697236843145668,0.6111818788975107,-0.041458194582943975
d2,o_max,m017000_o_max_ord20_rk00001,0.5486294047793951,0.6111818788975107,-0.0625524741181156
d2,o_max,m017001_o_max_ord20_rk00002,0.5869342445732064,0.6111818788975107,-0.024247634324304324
d2,o_max,m017002_o_max_ord20_rk00003,0.5913033214916605,0.6111818788975107,-0.019878557405850206
d2,o_max,m017003_o_max_ord20_rk00004,0.5856357037306616,0.6111818788975107,-0.025546175166849094
d2,o_max,m017004_o_max_ord20_rk00005,0.5912876610251008,0.6111818788975107,-0.01989421787240997
d2,o_max,m017005_o_max_ord20_rk00006,0.5936671209181182,0.6111818788975107,-0.017514757979392503
d2,o_max,m017006_o_max_ord20_rk00007,0.5869978134802362,0.6111818788975107,-0.02418406541727458
d2,o_max,m017007_o_max_ord20_rk00008,0.5853378355599456,0.6111818788975107,-0.02584404333756518
d2,o_max,m017008_o_max_ord20_rk00009,0.5924999219551201,0.6111818788975107,-0.01868195694239061
d2,o_max,m017009_o_max_ord20_rk00010,0.5940338875563793,0.6111818788975107,-0.01714799134113143
d2,o_max,m017010_o_max_ord20_rk00011,0.5870153917995728,0.6111818788975107,-0.024166487097937894
d2,o_max,m017011_o_max_ord20_rk00012,0.5454320085847633,0.6111818788975107,-0.06574987031274748
d2,o_max,m017012_o_max_ord20_rk00013,0.5904955166965682,0.6111818788975107,-0.020686362200942554
d2,o_max,m017013_o_max_ord20_rk00014,0.580952148253761,0.6111818788975107,-0.030229730643749786
d2,o_max,m017014_o_max_ord20_rk00015,0.58201236001647,0.6111818788975107,-0.02916951888104069
d2,o_max,m017015_o_max_ord20_rk00016,0.5633115047023732,0.6111818788975107,-0.04787037419513751
d2,o_max,m017016_o_max_ord20_rk00017,0.5902244701006547,0.6111818788975107,-0.020957408796856036
d2,o_max,m017017_o_max_ord20_rk00018,0.5654262034682027,0.6111818788975107,-0.04575567542930803
d2,o_max,m017018_o_max_ord20_rk00019,0.5397870622654355,0.6111818788975107,-0.07139481663207525
d2,o_max,m017019_o_max_ord20_rk00020,0.5865252069106127,0.6111818788975107,-0.024656671986898027
d2,o_max,m018000_o_max_ord21_rk00001,0.5684970841444652,0.6111818788975107,-0.04268479475304554
d2,o_max,m018001_o_max_ord21_rk00002,0.5845741432362135,0.6111818788975107,-0.02660773566129726
d2,o_max,m018002_o_max_ord21_rk00003,0.5858723682397651,0.6111818788975107,-0.02530951065774567
d2,o_max,m018003_o_max_ord21_rk00004,0.5868192056430839,0.6111818788975107,-0.02436267325442687
d2,o_max,m018004_o_max_ord21_rk00005,0.5662828330472827,0.6111818788975107,-0.04489904585022808
d2,o_max,m018005_o_max_ord21_rk00006,0.5839892513567715,0.6111818788975107,-0.027192627540739256
d2,o_max,m018006_o_max_ord21_rk00007,0.5638838231063308,0.6111818788975107,-0.04729805579117996
d2,o_max,m018007_o_max_ord21_rk00008,0.5838501011715951,0.6111818788975107,-0.027331777725915662
d2,o_max,m018008_o_max_ord21_rk00009,0.5831009401760341,0.6111818788975107,-0.028080938721476656
d2,o_max,m018009_o_max_ord21_rk00010,0.5851111851510917,0.6111818788975107,-0.026070693746419016
d2,o_max,m018010_o_max_ord21_rk00011,0.5870308127695444,0.6111818788975107,-0.02415106612796636
d2,o_max,m018011_o_max_ord21_rk00012,0.5906226550051568,0.6111818788975107,-0.020559223892353984
d2,o_max,m018012_o_max_ord21_rk00013,0.5584016504995089,0.6111818788975107,-0.052780228398001894
d2,o_max,m018013_o_max_ord21_rk00014,0.5836883725678459,0.6111818788975107,-0.027493506329664852
d2,o_max,m018014_o_max_ord21_rk00015,0.5804416671392588,0.6111818788975107,-0.030740211758251923
d2,o_max,m018015_o_max_ord21_rk00016,0.5518643649672402,0.6111818788975107,-0.059317513930270516
d2,o_max,m018016_o_max_ord21_rk00017,0.5593695183288672,0.6111818788975107,-0.05181236056864358
d2,o_max,m018017_o_max_ord21_rk00018,0.5545025510664301,0.6111818788975107,-0.05667932783108065
d2,o_max,m018018_o_max_ord21_rk00019,0.5871306353840466,0.6111818788975107,-0.024051243513464104
d2,o_max,m018019_o_max_ord21_rk00020,0.581432413809599,0.6111818788975107,-0.029749465087911764
d2,o_max,m019000_o_max_ord22_rk00001,0.5613570934867402,0.6111818788975107,-0.04982478541077051
d2,o_max,m019001_o_max_ord22_rk00002,0.566011055392651,0.6111818788975107,-0.04517082350485979
d2,o_max,m019002_o_max_ord22_rk00003,0.5863152091193411,0.6111818788975107,-0.024866669778169648
d2,o_max,m019003_o_max_ord22_rk00004,0.5948360072133833,0.6111818788975107,-0.01634587168412749
d2,o_max,m019004_o_max_ord22_rk00005,0.546866680987665,0.6111818788975107,-0.06431519790984574
d2,o_max,m019005_o_max_ord22_rk00006,0.5864708248635839,0.6111818788975107,-0.024711054033926816
d2,o_max,m019006_o_max_ord22_rk00007,0.564629069309454,0.6111818788975107,-0.04655280958805674
d2,o_max,m019007_o_max_ord22_rk00008,0.5927145745858529,0.6111818788975107,-0.018467304311657884
d2,o_max,m019008_o_max_ord22_rk00009,0.5829366621764163,0.6111818788975107,-0.02824521672109448
d2,o_max,m019009_o_max_ord22_rk00010,0.5644464959708327,0.6111818788975107,-0.046735382926678004
d2,o_max,m019010_o_max_ord22_rk00011,0.5860317041494663,0.6111818788975107,-0.025150174748044485
d2,o_max,m019011_o_max_ord22_rk00012,0.5892426637196035,0.6111818788975107,-0.0219392151779072
d2,o_max,m019012_o_max_ord22_rk00013,0.5820131302818472,0.6111818788975107,-0.029168748615663542
d2,o_max,m019013_o_max_ord22_rk00014,0.5860262735386195,0.6111818788975107,-0.025155605358891275
d2,o_max,m019014_o_max_ord22_rk00015,0.5528105573248085,0.6111818788975107,-0.058371321572702195
d2,o_max,m019015_o_max_ord22_rk00016,0.5742887976303994,0.6111818788975107,-0.03689308126711133
d2,o_max,m019016_o_max_ord22_rk00017,0.5916666112399398,0.6111818788975107,-0.019515267657570945
d2,o_max,m019017_o_max_ord22_rk00018,0.5945043854499554,0.6111818788975107,-0.016677493447555314
d2,o_max,m019018_o_max_ord22_rk00019,0.5911367093226371,0.6111818788975107,-0.020045169574873678
d2,o_max,m019019_o_max_ord22_rk00020,0.5847133783240511,0.6111818788975107,-0.02646850057345962
d2,o_max,m020000_o_max_ord23_rk00001,0.569267824344669,0.6111818788975107,-0.041914054552841695
d2,o_max,m020001_o_max_ord23_rk00002,0.5994280560161604,0.6111818788975107,-0.011753822881350295
d2,o_max,m020002_o_max_ord23_rk00003,0.5639394583324856,0.6111818788975107,-0.047242420565025145
d2,o_max,m020003_o_max_ord23_rk00004,0.5986207764708894,0.6111818788975107,-0.01256110242662134
d2,o_max,m020004_o_max_ord23_rk00005,0.5618744704260314,0.6111818788975107,-0.0493074084714793
d2,o_max,m020005_o_max_ord23_rk00006,0.5958976999966921,0.6111818788975107,-0.015284178900818679
d2,o_max,m020006_o_max_ord23_rk00007,0.5843649404856601,0.6111818788975107,-0.02681693841185062
d2,o_max,m020007_o_max_ord23_rk00008,0.5700042421540197,0.6111818788975107,-0.041177636743491064
d2,o_max,m020008_o_max_ord23_rk00009,0.5671554820157305,0.6111818788975107,-0.04402639688178023
d2,o_max,m020009_o_max_ord23_rk00010,0.5869025430947455,0.6111818788975107,-0.0242793358027652
d2,o_max,m020010_o_max_ord23_rk00011,0.5901050796035786,0.6111818788975107,-0.021076799293932136
d2,o_max,m020011_o_max_ord23_rk00012,0.5990225584691511,0.6111818788975107,-0.012159320428359655
d2,o_max,m020012_o_max_ord23_rk00013,0.5936448170241501,0.6111818788975107,-0.017537061873360682
d2,o_max,m020013_o_max_ord23_rk00014,0.5658348217978838,0.6111818788975107,-0.04534705709962694
d2,o_max,m020014_o_max_ord23_rk00015,0.5961988752692055,0.6111818788975107,-0.014983003628305291
d2,o_max,m020015_o_max_ord23_rk00016,0.5947838460645002,0.6111818788975107,-0.016398032833010556
d2,o_max,m020016_o_max_ord23_rk00017,0.5870146376900338,0.6111818788975107,-0.02416724120747693
d2,o_max,m020017_o_max_ord23_rk00018,0.5678974937573518,0.6111818788975107,-0.043284385140158976
d2,o_max,m020018_o_max_ord23_rk00019,0.5945069388897503,0.6111818788975107,-0.016674940007760486
d2,o_max,m020019_o_max_ord23_rk00020,0.5884477864938027,0.6111818788975107,-0.02273409240370805
d2,o_max,m021000_o_max_ord24_rk00001,0.5670179135039016,0.6111818788975107,-0.04416396539360912
d2,o_max,m021001_o_max_ord24_rk00002,0.5992790696305765,0.6111818788975107,-0.011902809266934211
d2,o_max,m021002_o_max_ord24_rk00003,0.5938295135299025,0.6111818788975107,-0.017352365367608202
d2,o_max,m021003_o_max_ord24_rk00004,0.597009704193056,0.6111818788975107,-0.014172174704454754
d2,o_max,m021004_o_max_ord24_rk00005,0.6021054909903172,0.6111818788975107,-0.009076387907193562
d2,o_max,m021005_o_max_ord24_rk00006,0.5920570206637488,0.6111818788975107,-0.019124858233761977
d2,o_max,m021006_o_max_ord24_rk00007,0.6010155550038508,0.6111818788975107,-0.010166323893659901
d2,o_max,m021007_o_max_ord24_rk00008,0.595211214564088,0.6111818788975107,-0.015970664333422757
d2,o_max,m021008_o_max_ord24_rk00009,0.5944736213119465,0.6111818788975107,-0.016708257585564268
d2,o_max,m021009_o_max_ord24_rk00010,0.6012903124164792,0.6111818788975107,-0.00989156648103151
d2,o_max,m021010_o_max_ord24_rk00011,0.5690137081091948,0.6111818788975107,-0.04216817078831592
d2,o_max,m021011_o_max_ord24_rk00012,0.5944487145225106,0.6111818788975107,-0.016733164375000165
d2,o_max,m021012_o_max_ord24_rk00013,0.5976457253469146,0.6111818788975107,-0.01353615355059612
d2,o_max,m021013_o_max_ord24_rk00014,0.5998626747599078,0.6111818788975107,-0.0113192041376029
d2,o_max,m021014_o_max_ord24_rk00015,0.5701198040643609,0.6111818788975107,-0.04106207483314983
d2,o_max,m021015_o_max_ord24_rk00016,0.5646652863506321,0.6111818788975107,-0.04651659254687868
d2,o_max,m021016_o_max_ord24_rk00017,0.5928726027066562,0.6111818788975107,-0.01830927619085454
d2,o_max,m021017_o_max_ord24_rk00018,0.5711265502695486,0.6111818788975107,-0.04005532862796213
d2,o_max,m021018_o_max_ord24_rk00019,0.6002042895133263,0.6111818788975107,-0.010977589384184472
d2,o_max,m021019_o_max_ord24_rk00020,0.5586208825613093,0.6111818788975107,-0.05256099633620148
d2,o_max,m022000_o_max_ord25_rk00001,0.5940610333868462,0.6111818788975107,-0.017120845510664506
d2,o_max,m022001_o_max_ord25_rk00002,0.5937989738356326,0.6111818788975107,-0.017382905061878118
d2,o_max,m022002_o_max_ord25_rk00003,0.5644383105333357,0.6111818788975107,-0.04674356836417504
d2,o_max,m022003_o_max_ord25_rk00004,0.5949772109591969,0.6111818788975107,-0.016204667938313877
d2,o_max,m022004_o_max_ord25_rk00005,0.5898843757716647,0.6111818788975107,-0.021297503125845996
d2,o_max,m022005_o_max_ord25_rk00006,0.5937360692254607,0.6111818788975107,-0.017445809672050006
d2,o_max,m022006_o_max_ord25_rk00007,0.5956887958150296,0.6111818788975107,-0.015493083082481096
d2,o_max,m022007_o_max_ord25_rk00008,0.5880334835871364,0.6111818788975107,-0.02314839531037438
d2,o_max,m022008_o_max_ord25_rk00009,0.5940638340155544,0.6111818788975107,-0.01711804488195634
d2,o_max,m022009_o_max_ord25_rk00010,0.5909702209665539,0.6111818788975107,-0.020211657930956806
d2,o_max,m022010_o_max_ord25_rk00011,0.5398475773406405,0.6111818788975107,-0.07133430155687026
d2,o_max,m022011_o_max_ord25_rk00012,0.59162367932819,0.6111818788975107,-0.0195581995693207
d2,o_max,m022012_o_max_ord25_rk00013,0.5400192351824822,0.6111818788975107,-0.07116264371502856
d2,o_max,m022013_o_max_ord25_rk00014,0.5920265761604315,0.6111818788975107,-0.019155302737079216
d2,o_max,m022014_o_max_ord25_rk00015,0.5430113453212714,0.6111818788975107,-0.06817053357623937
d2,o_max,m022015_o_max_ord25_rk00016,0.5967232124942663,0.6111818788975107,-0.014458666403244447
d2,o_max,m022016_o_max_ord25_rk00017,0.5506478572887226,0.6111818788975107,-0.06053402160878818
d2,o_max,m022017_o_max_ord25_rk00018,0.5947890741739588,0.6111818788975107,-0.01639280472355198
d2,o_max,m022018_o_max_ord25_rk00019,0.5866828507707581,0.6111818788975107,-0.024499028126752642
d2,o_max,m022019_o_max_ord25_rk00020,0.5509408659105945,0.6111818788975107,-0.0602410129869162
d2,o_max,m023000_o_max_ord26_rk00001,0.5667589843550249,0.6111818788975107,-0.044422894542485825
d2,o_max,m023001_o_max_ord26_rk00002,0.59152645137977,0.6111818788975107,-0.019655427517740742
d2,o_max,m023002_o_max_ord26_rk00003,0.5944192314398958,0.6111818788975107,-0.01676264745761491
d2,o_max,m023003_o_max_ord26_rk00004,0.5984796321705208,0.6111818788975107,-0.01270224672698994
d2,o_max,m023004_o_max_ord26_rk00005,0.5913181061573796,0.6111818788975107,-0.01986377274013118
d2,o_max,m023005_o_max_ord26_rk00006,0.5970647806703093,0.6111818788975107,-0.014117098227201419
d2,o_max,m023006_o_max_ord26_rk00007,0.5598585906782345,0.6111818788975107,-0.05132328821927623
d2,o_max,m023007_o_max_ord26_rk00008,0.5951458241812155,0.6111818788975107,-0.01603605471629521
d2,o_max,m023008_o_max_ord26_rk00009,0.5640001172838442,0.6111818788975107,-0.047181761613666495
d2,o_max,m023009_o_max_ord26_rk00010,0.5531136095748088,0.6111818788975107,-0.058068269322701926
d2,o_max,m023010_o_max_ord26_rk00011,0.59685867855033,0.6111818788975107,-0.014323200347180709
d2,o_max,m023011_o_max_ord26_rk00012,0.5932211361794992,0.6111818788975107,-0.017960742718011513
d2,o_max,m023012_o_max_ord26_rk00013,0.5905097789166792,0.6111818788975107,-0.020672099980831526
d2,o_max,m023013_o_max_ord26_rk00014,0.5593807211538316,0.6111818788975107,-0.051801157743679105
d2,o_max,m023014_o_max_ord26_rk00015,0.5686169378164398,0.6111818788975107,-0.042564941081070895
d2,o_max,m023015_o_max_ord26_rk00016,0.5906257208760575,0.6111818788975107,-0.020556158021453275
d2,o_max,m023016_o_max_ord26_rk00017,0.5923190309115702,0.6111818788975107,-0.018862847985940512
d2,o_max,m023017_o_max_ord26_rk00018,0.5966823701223747,0.6111818788975107,-0.01449950877513606
d2,o_max,m023018_o_max_ord26_rk00019,0.5983372495222478,0.6111818788975107,-0.012844629375262984
d2,o_max,m023019_o_max_ord26_rk00020,0.5598240216170092,0.6111818788975107,-0.05135785728050157
d2,o_max,m024000_o_max_ord27_rk00001,0.5809866437540856,0.6111818788975107,-0.030195235143425148
d2,o_max,m024001_o_max_ord27_rk00002,0.5672904184979988,0.6111818788975107,-0.04389146039951197
d2,o_max,m024002_o_max_ord27_rk00003,0.5996854674212133,0.6111818788975107,-0.01149641147629743
d2,o_max,m024003_o_max_ord27_rk00004,0.5666264242855885,0.6111818788975107,-0.04455545461192223
d2,o_max,m024004_o_max_ord27_rk00005,0.5957498342851624,0.6111818788975107,-0.015432044612348372
d2,o_max,m024005_o_max_ord27_rk00006,0.5896377959596508,0.6111818788975107,-0.02154408293785992
d2,o_max,m024006_o_max_ord27_rk00007,0.5937520422869671,0.6111818788975107,-0.017429836610543648
d2,o_max,m024007_o_max_ord27_rk00008,0.5646461618198929,0.6111818788975107,-0.04653571707761783
d2,o_max,m024008_o_max_ord27_rk00009,0.5584946820901433,0.6111818788975107,-0.05268719680736744
d2,o_max,m024009_o_max_ord27_rk00010,0.5968897767731098,0.6111818788975107,-0.014292102124400907
d2,o_max,m024010_o_max_ord27_rk00011,0.5914097968335174,0.6111818788975107,-0.01977208206399339
d2,o_max,m024011_o_max_ord27_rk00012,0.5962062440351424,0.6111818788975107,-0.014975634862368303
d2,o_max,m024012_o_max_ord27_rk00013,0.569678539846666,0.6111818788975107,-0.04150333905084469
d2,o_max,m024013_o_max_ord27_rk00014,0.5677124469343569,0.6111818788975107,-0.04346943196315389
d2,o_max,m024014_o_max_ord27_rk00015,0.5696431069329868,0.6111818788975107,-0.041538771964523935
d2,o_max,m024015_o_max_ord27_rk00016,0.5924281477480033,0.6111818788975107,-0.018753731149507402
d2,o_max,m024016_o_max_ord27_rk00017,0.5828490349612949,0.6111818788975107,-0.028332843936215824
d2,o_max,m024017_o_max_ord27_rk00018,0.5945055146729659,0.6111818788975107,-0.016676364224544882
d2,o_max,m024018_o_max_ord27_rk00019,0.5657632206764497,0.6111818788975107,-0.04541865822106106
d2,o_max,m024019_o_max_ord27_rk00020,0.5995650151025674,0.6111818788975107,-0.01161686379494331
d2,o_max,m025000_o_max_ord28_rk00001,0.5619479672613962,0.6111818788975107,-0.04923391163611457
d2,o_max,m025001_o_max_ord28_rk00002,0.5601218653330788,0.6111818788975107,-0.051060013564431905
d2,o_max,m025002_o_max_ord28_rk00003,0.56371114187743,0.6111818788975107,-0.047470737020080755
d2,o_max,m025003_o_max_ord28_rk00004,0.5519451482547413,0.6111818788975107,-0.059236730642769464
d2,o_max,m025004_o_max_ord28_rk00005,0.5662031269361444,0.6111818788975107,-0.04497875196136636
d2,o_max,m025005_o_max_ord28_rk00006,0.5603611544585532,0.6111818788975107,-0.050820724438957576
d2,o_max,m025006_o_max_ord28_rk00007,0.5924490774546805,0.6111818788975107,-0.018732801442830294
d2,o_max,m025007_o_max_ord28_rk00008,0.5639124720386175,0.6111818788975107,-0.04726940685889325
d2,o_max,m025008_o_max_ord28_rk00009,0.5526483572258754,0.6111818788975107,-0.05853352167163539
d2,o_max,m025009_o_max_ord28_rk00010,0.5973766687019597,0.6111818788975107,-0.013805210195551032
d2,o_max,m025010_o_max_ord28_rk00011,0.5940545886535034,0.6111818788975107,-0.017127290244007387
d2,o_max,m025011_o_max_ord28_rk00012,0.5611945749663874,0.6111818788975107,-0.049987303931123384
d2,o_max,m025012_o_max_ord28_rk00013,0.5634615832386464,0.6111818788975107,-0.047720295658864376
d2,o_max,m025013_o_max_ord28_rk00014,0.5618316222208142,0.6111818788975107,-0.04935025667669657
d2,o_max,m025014_o_max_ord28_rk00015,0.5625275736765987,0.6111818788975107,-0.048654305220912075
d2,o_max,m025015_o_max_ord28_rk00016,0.5524068249875091,0.6111818788975107,-0.058775053910001596
d2,o_max,m025016_o_max_ord28_rk00017,0.5869699028623963,0.6111818788975107,-0.02421197603511449
d2,o_max,m025017_o_max_ord28_rk00018,0.5560787218323411,0.6111818788975107,-0.05510315706516966
d2,o_max,m025018_o_max_ord28_rk00019,0.562875658234413,0.6111818788975107,-0.048306220663097754
d2,o_max,m025019_o_max_ord28_rk00020,0.5553792372063207,0.6111818788975107,-0.05580264169119009
d2,o_max,m026000_o_max_ord29_rk00001,0.5492782025191834,0.6111818788975107,-0.06190367637832739
d2,o_max,m026001_o_max_ord29_rk00002,0.5508425143886131,0.6111818788975107,-0.06033936450889765
d2,o_max,m026002_o_max_ord29_rk00003,0.5467137262777608,0.6111818788975107,-0.06446815261974992
d2,o_max,m026003_o_max_ord29_rk00004,0.5453911168087948,0.6111818788975107,-0.06579076208871593
d2,o_max,m026004_o_max_ord29_rk00005,0.5502609255878719,0.6111818788975107,-0.06092095330963887
d2,o_max,m026005_o_max_ord29_rk00006,0.5446813987705865,0.6111818788975107,-0.06650048012692422
d2,o_max,m026006_o_max_ord29_rk00007,0.5455090759889087,0.6111818788975107,-0.065672802908602
d2,o_max,m026007_o_max_ord29_rk00008,0.5433228227479077,0.6111818788975107,-0.06785905614960308
d2,o_max,m026008_o_max_ord29_rk00009,0.547042207988093,0.6111818788975107,-0.06413967090941775
d2,o_max,m026009_o_max_ord29_rk00010,0.5443070012336766,0.6111818788975107,-0.06687487766383415
d2,o_max,m026010_o_max_ord29_rk00011,0.5922674270622406,0.6111818788975107,-0.018914451835270185
d2,o_max,m026011_o_max_ord29_rk00012,0.5515779749175982,0.6111818788975107,-0.059603903979912554
d2,o_max,m026012_o_max_ord29_rk00013,0.5423702706829558,0.6111818788975107,-0.0688116082145549
d2,o_max,m026013_o_max_ord29_rk00014,0.5481013868719602,0.6111818788975107,-0.06308049202555055
d2,o_max,m026014_o_max_ord29_rk00015,0.5903203157159324,0.6111818788975107,-0.02086156318157839
d2,o_max,m026015_o_max_ord29_rk00016,0.5472497163078591,0.6111818788975107,-0.06393216258965162
d2,o_max,m026016_o_max_ord29_rk00017,0.5928260032632577,0.6111818788975107,-0.018355875634253005
d2,o_max,m026017_o_max_ord29_rk00018,0.5602007386057168,0.6111818788975107,-0.0509811402917939
d2,o_max,m026018_o_max_ord29_rk00019,0.5599905836042114,0.6111818788975107,-0.051191295293299355
d2,o_max,m026019_o_max_ord29_rk00020,0.5539208450310464,0.6111818788975107,-0.057261033866464306
d2,o_max,m027000_o_max_ord30_rk00001,0.5547025112955587,0.6111818788975107,-0.056479367601952046
d2,o_max,m027001_o_max_ord30_rk00002,0.5660540322618568,0.6111818788975107,-0.045127846635653945
d2,o_max,m027002_o_max_ord30_rk00003,0.5566215837750514,0.6111818788975107,-0.0545602951224593
d2,o_max,m027003_o_max_ord30_rk00004,0.5645713243173478,0.6111818788975107,-0.046610554580162944
d2,o_max,m027004_o_max_ord30_rk00005,0.5592857021873934,0.6111818788975107,-0.05189617671011737
d2,o_max,m027005_o_max_ord30_rk00006,0.5576332193905502,0.6111818788975107,-0.05354865950696053
d2,o_max,m027006_o_max_ord30_rk00007,0.5506107294040181,0.6111818788975107,-0.060571149493492626
d2,o_max,m027007_o_max_ord30_rk00008,0.560770095996981,0.6111818788975107,-0.05041178290052972
d2,o_max,m027008_o_max_ord30_rk00009,0.5533884298990459,0.6111818788975107,-0.057793448998464836
d2,o_max,m027009_o_max_ord30_rk00010,0.5557698468484641,0.6111818788975107,-0.055412032049046656
d2,o_max,m027010_o_max_ord30_rk00011,0.5676762484383047,0.6111818788975107,-0.04350563045920608
d2,o_max,m027011_o_max_ord30_rk00012,0.5458962526411364,0.6111818788975107,-0.06528562625637435
d2,o_max,m027012_o_max_ord30_rk00013,0.5707346355829374,0.6111818788975107,-0.04044724331457339
d2,o_max,m027013_o_max_ord30_rk00014,0.567118681317145,0.6111818788975107,-0.0440631975803657
d2,o_max,m027014_o_max_ord30_rk00015,0.5653922259746884,0.6111818788975107,-0.04578965292282233
d2,o_max,m027015_o_max_ord30_rk00016,0.5620169688711428,0.6111818788975107,-0.049164910026367914
d2,o_max,m027016_o_max_ord30_rk00017,0.565216274533352,0.6111818788975107,-0.04596560436415875
d2,o_max,m027017_o_max_ord30_rk00018,0.5952908913424395,0.6111818788975107,-0.015890987555071234
d2,o_max,m027018_o_max_ord30_rk00019,0.557689124239813,0.6111818788975107,-0.05349275465769776
d2,o_max,m027019_o_max_ord30_rk00020,0.5589603421496798,0.6111818788975107,-0.05222153674783092
d3,o_max,m000000_o_max_ord3_rk00001,0.6002080882602676,0.6124664176869716,-0.012258329426704018
d3,o_max,m000001_o_max_ord3_rk00002,0.5453729013717911,0.6124664176869716,-0.06709351631518057
d3,o_max,m000002_o_max_ord3_rk00003,0.6044883405708883,0.6124664176869716,-0.007978077116083337
d3,o_max,m000003_o_max_ord3_rk00004,0.6210525238451174,0.6124664176869716,0.008586106158145812
d3,o_max,m000004_o_max_ord3_rk00005,0.6113005726052894,0.6124664176869716,-0.0011658450816822707
d3,o_max,m000005_o_max_ord3_rk00006,0.5993111646870186,0.6124664176869716,-0.013155252999953015
d3,o_max,m000006_o_max_ord3_rk00007,0.6075132813529192,0.6124664176869716,-0.004953136334052477
d3,o_max,m000007_o_max_ord3_rk00008,0.6085668364852197,0.6124664176869716,-0.003899581201751934
d3,o_max,m000008_o_max_ord3_rk00009,0.6146820861170138,0.6124664176869716,0.0022156684300421725
d3,o_max,m000009_o_max_ord3_rk00010,0.6092923390644998,0.6124664176869716,-0.0031740786224718764
d3,o_max,m000010_o_max_ord3_rk00011,0.6096467093513995,0.6124664176869716,-0.002819708335572102
d3,o_max,m000011_o_max_ord3_rk00012,0.6052304138004715,0.6124664176869716,-0.007236003886500142
d3,o_max,m000012_o_max_ord3_rk00013,0.6137909455238255,0.6124664176869716,0.0013245278368538838
d3,o_max,m000013_o_max_ord3_rk00014,0.6092065412022509,0.6124664176869716,-0.003259876484720703
d3,o_max,m000014_o_max_ord3_rk00015,0.6114724462547632,0.6124664176869716,-0.0009939714322084736
d3,o_max,m000015_o_max_ord3_rk00016,0.6153594908437683,0.6124664176869716,0.002893073156796655
d3,o_max,m000016_o_max_ord3_rk00017,0.5955382502107334,0.6124664176869716,-0.016928167476238265
d3,o_max,m000017_o_max_ord3_rk00018,0.6090070337539465,0.6124664176869716,-0.0034593839330251397
d3,o_max,m000018_o_max_ord3_rk00019,0.6127196590282835,0.6124664176869716,0.0002532413413118828
d3,o_max,m000019_o_max_ord3_rk00020,0.6060232575603368,0.6124664176869716,-0.006443160126634817
d3,o_max,m001000_o_max_ord4_rk00001,0.6075586071837522,0.6124664176869716,-0.004907810503219423
d3,o_max,m001001_o_max_ord4_rk00002,0.6018563791024343,0.6124664176869716,-0.010610038584537351
d3,o_max,m001002_o_max_ord4_rk00003,0.6021247464312478,0.6124664176869716,-0.010341671255723828
d3,o_max,m001003_o_max_ord4_rk00004,0.6120636575147991,0.6124664176869716,-0.000402760172172556
d3,o_max,m001004_o_max_ord4_rk00005,0.6026524761727658,0.6124664176869716,-0.009813941514205782
d3,o_max,m001005_o_max_ord4_rk00006,0.5994094895535134,0.6124664176869716,-0.013056928133458268
d3,o_max,m001006_o_max_ord4_rk00007,0.6063161187868298,0.6124664176869716,-0.0061502989001418484
d3,o_max,m001007_o_max_ord4_rk00008,0.5519301314564504,0.6124664176869716,-0.06053628623052121
d3,o_max,m001008_o_max_ord4_rk00009,0.6090767861874535,0.6124664176869716,-0.0033896314995180976
d3,o_max,m001009_o_max_ord4_rk00010,0.5955183322076504,0.6124664176869716,-0.01694808547932125
d3,o_max,m001010_o_max_ord4_rk00011,0.6152722486085858,0.6124664176869716,0.0028058309216141275
d3,o_max,m001011_o_max_ord4_rk00012,0.6017141280746565,0.6124664176869716,-0.010752289612315113
d3,o_max,m001012_o_max_ord4_rk00013,0.5883363387448753,0.6124664176869716,-0.02413007894209629
d3,o_max,m001013_o_max_ord4_rk00014,0.6053409783920614,0.6124664176869716,-0.007125439294910274
d3,o_max,m001014_o_max_ord4_rk00015,0.6077394850741148,0.6124664176869716,-0.004726932612856838
d3,o_max,m001015_o_max_ord4_rk00016,0.5927708287853716,0.6124664176869716,-0.01969558890160006
d3,o_max,m001016_o_max_ord4_rk00017,0.6141818986180374,0.6124664176869716,0.0017154809310657715
d3,o_max,m001017_o_max_ord4_rk00018,0.5983497205619746,0.6124664176869716,-0.01411669712499708
d3,o_max,m001018_o_max_ord4_rk00019,0.6210080464934304,0.6124664176869716,0.008541628806458812
d3,o_max,m001019_o_max_ord4_rk00020,0.5846066226442126,0.6124664176869716,-0.02785979504275904
d3,o_max,m002000_o_max_ord5_rk00001,0.6016242976539216,0.6124664176869716,-0.010842120033050073
d3,o_max,m002001_o_max_ord5_rk00002,0.5951264991237861,0.6124664176869716,-0.017339918563185508
d3,o_max,m002002_o_max_ord5_rk00003,0.597428279399091,0.6124664176869716,-0.015038138287880587
d3,o_max,m002003_o_max_ord5_rk00004,0.5998637789262613,0.6124664176869716,-0.012602638760710327
d3,o_max,m002004_o_max_ord5_rk00005,0.6066775944087909,0.6124664176869716,-0.005788823278180755
d3,o_max,m002005_o_max_ord5_rk00006,0.5988778390777447,0.6124664176869716,-0.013588578609226909
d3,o_max,m002006_o_max_ord5_rk00007,0.5948082328303179,0.6124664176869716,-0.017658184856653714
d3,o_max,m002007_o_max_ord5_rk00008,0.596768892631782,0.6124664176869716,-0.01569752505518962
d3,o_max,m002008_o_max_ord5_rk00009,0.5901898363819085,0.6124664176869716,-0.02227658130506316
d3,o_max,m002009_o_max_ord5_rk00010,0.6018811071253864,0.6124664176869716,-0.010585310561585182
d3,o_max,m002010_o_max_ord5_rk00011,0.5996156179318914,0.6124664176869716,-0.012850799755080189
d3,o_max,m002011_o_max_ord5_rk00012,0.5962482211546353,0.6124664176869716,-0.01621819653233636
d3,o_max,m002012_o_max_ord5_rk00013,0.5976464136938591,0.6124664176869716,-0.014820003993112563
d3,o_max,m002013_o_max_ord5_rk00014,0.5944318862155166,0.6124664176869716,-0.018034531471455062
d3,o_max,m002014_o_max_ord5_rk00015,0.5920409240545685,0.6124664176869716,-0.02042549363240309
d3,o_max,m002015_o_max_ord5_rk00016,0.6058602683211844,0.6124664176869716,-0.006606149365787184
d3,o_max,m002016_o_max_ord5_rk00017,0.606272958069368,0.6124664176869716,-0.006193459617603647
d3,o_max,m002017_o_max_ord5_rk00018,0.5977902691258652,0.6124664176869716,-0.014676148561106439
d3,o_max,m002018_o_max_ord5_rk00019,0.5994981282324792,0.6124664176869716,-0.012968289454492465
d3,o_max,m002019_o_max_ord5_rk00020,0.593003730695398,0.6124664176869716,-0.019462686991573608
d3,o_max,m003000_o_max_ord6_rk00001,0.6067735439764543,0.6124664176869716,-0.005692873710517299
d3,o_max,m003001_o_max_ord6_rk00002,0.6071318172572682,0.6124664176869716,-0.005334600429703462
d3,o_max,m003002_o_max_ord6_rk00003,0.6120305003220013,0.6124664176869716,-0.0004359173649702841
d3,o_max,m003003_o_max_ord6_rk00004,0.6035967979367428,0.6124664176869716,-0.008869619750228819
d3,o_max,m003004_o_max_ord6_rk00005,0.6065696560718153,0.6124664176869716,-0.005896761615156287
d3,o_max,m003005_o_max_ord6_rk00006,0.5989293568650041,0.6124664176869716,-0.013537060821967484
d3,o_max,m003006_o_max_ord6_rk00007,0.611696077234867,0.6124664176869716,-0.0007703404521046675
d3,o_max,m003007_o_max_ord6_rk00008,0.6112128054026607,0.6124664176869716,-0.0012536122843109787
d3,o_max,m003008_o_max_ord6_rk00009,0.6027445016619739,0.6124664176869716,-0.009721916024997723
d3,o_max,m003009_o_max_ord6_rk00010,0.6084887799011078,0.6124664176869716,-0.003977637785863797
d3,o_max,m003010_o_max_ord6_rk00011,0.5995398475173132,0.6124664176869716,-0.01292657016965848
d3,o_max,m003011_o_max_ord6_rk00012,0.6103904862323084,0.6124664176869716,-0.002075931454663227
d3,o_max,m003012_o_max_ord6_rk00013,0.6065954875096968,0.6124664176869716,-0.005870930177274802
d3,o_max,m003013_o_max_ord6_rk00014,0.6119065244757875,0.6124664176869716,-0.0005598932111841037
d3,o_max,m003014_o_max_ord6_rk00015,0.5977066446537203,0.6124664176869716,-0.014759773033251378
d3,o_max,m003015_o_max_ord6_rk00016,0.6091024426515232,0.6124664176869716,-0.0033639750354483855
d3,o_max,m003016_o_max_ord6_rk00017,0.6041595275300693,0.6124664176869716,-0.008306890156902336
d3,o_max,m003017_o_max_ord6_rk00018,0.6090539537068165,0.6124664176869716,-0.003412463980155156
d3,o_max,m003018_o_max_ord6_rk00019,0.6027448185383988,0.6124664176869716,-0.009721599148572846
d3,o_max,m003019_o_max_ord6_rk00020,0.6042223117666794,0.6124664176869716,-0.008244105920292233
d3,o_max,m004000_o_max_ord7_rk00001,0.60156076294874,0.6124664176869716,-0.010905654738231685
d3,o_max,m004001_o_max_ord7_rk00002,0.5937499065436517,0.6124664176869716,-0.018716511143319958
d3,o_max,m004002_o_max_ord7_rk00003,0.590591641302009,0.6124664176869716,-0.021874776384962602
d3,o_max,m004003_o_max_ord7_rk00004,0.5865396690597942,0.6124664176869716,-0.025926748627177476
d3,o_max,m004004_o_max_ord7_rk00005,0.6013513922196956,0.6124664176869716,-0.011115025467276052
d3,o_max,m004005_o_max_ord7_rk00006,0.5984102025774509,0.6124664176869716,-0.014056215109520709
d3,o_max,m004006_o_max_ord7_rk00007,0.6076283338755334,0.6124664176869716,-0.004838083811438243
d3,o_max,m004007_o_max_ord7_rk00008,0.5943787624726844,0.6124664176869716,-0.018087655214287235
d3,o_max,m004008_o_max_ord7_rk00009,0.5975009489239826,0.6124664176869716,-0.014965468762988987
d3,o_max,m004009_o_max_ord7_rk00010,0.5987949628708078,0.6124664176869716,-0.01367145481616383
d3,o_max,m004010_o_max_ord7_rk00011,0.5986380087327132,0.6124664176869716,-0.013828408954258409
d3,o_max,m004011_o_max_ord7_rk00012,0.5956997421654071,0.6124664176869716,-0.016766675521564522
d3,o_max,m004012_o_max_ord7_rk00013,0.6087193822247416,0.6124664176869716,-0.003747035462229986
d3,o_max,m004013_o_max_ord7_rk00014,0.6000260813519503,0.6124664176869716,-0.012440336335021285
d3,o_max,m004014_o_max_ord7_rk00015,0.600019293538194,0.6124664176869716,-0.012447124148777577
d3,o_max,m004015_o_max_ord7_rk00016,0.5962114720832498,0.6124664176869716,-0.01625494560372187
d3,o_max,m004016_o_max_ord7_rk00017,0.5974479520826246,0.6124664176869716,-0.015018465604347053
d3,o_max,m004017_o_max_ord7_rk00018,0.5901988306901815,0.6124664176869716,-0.0222675869967901
d3,o_max,m004018_o_max_ord7_rk00019,0.595726291071351,0.6124664176869716,-0.016740126615620632
d3,o_max,m004019_o_max_ord7_rk00020,0.5963642361319169,0.6124664176869716,-0.016102181555054718
d3,o_max,m005000_o_max_ord8_rk00001,0.601630401687016,0.6124664176869716,-0.01083601599995565
d3,o_max,m005001_o_max_ord8_rk00002,0.6086550548592053,0.6124664176869716,-0.0038113628277662848
d3,o_max,m005002_o_max_ord8_rk00003,0.595055879542358,0.6124664176869716,-0.017410538144613685
d3,o_max,m005003_o_max_ord8_rk00004,0.6048549314969449,0.6124664176869716,-0.007611486190026717
d3,o_max,m005004_o_max_ord8_rk00005,0.6064121447184131,0.6124664176869716,-0.006054272968558538
d3,o_max,m005005_o_max_ord8_rk00006,0.6109834530346165,0.6124664176869716,-0.00148296465235509
d3,o_max,m005006_o_max_ord8_rk00007,0.6071691718022085,0.6124664176869716,-0.005297245884763102
d3,o_max,m005007_o_max_ord8_rk00008,0.5953374824105357,0.6124664176869716,-0.017128935276435886
d3,o_max,m005008_o_max_ord8_rk00009,0.5974113820875961,0.6124664176869716,-0.015055035599375488
d3,o_max,m005009_o_max_ord8_rk00010,0.6049293434533436,0.6124664176869716,-0.007537074233628038
d3,o_max,m005010_o_max_ord8_rk00011,0.611552949023763,0.6124664176869716,-0.0009134686632086275
d3,o_max,m005011_o_max_ord8_rk00012,0.614805248793475,0.6124664176869716,0.0023388311065033474
d3,o_max,m005012_o_max_ord8_rk00013,0.6049619957065697,0.6124664176869716,-0.00750442198040191
d3,o_max,m005013_o_max_ord8_rk00014,0.6068967241905252,0.6124664176869716,-0.005569693496446426
d3,o_max,m005014_o_max_ord8_rk00015,0.6112665348110259,0.6124664176869716,-0.0011998828759457458
d3,o_max,m005015_o_max_ord8_rk00016,0.6053528096367651,0.6124664176869716,-0.007113608050206555
d3,o_max,m005016_o_max_ord8_rk00017,0.6139723722815971,0.6124664176869716,0.001505954594625436
d3,o_max,m005017_o_max_ord8_rk00018,0.6083201487067271,0.6124664176869716,-0.004146268980244505
d3,o_max,m005018_o_max_ord8_rk00019,0.6095599757866264,0.6124664176869716,-0.00290644190034528
d3,o_max,m005019_o_max_ord8_rk00020,0.6070751242148846,0.6124664176869716,-0.005391293472087
d3,o_max,m006000_o_max_ord9_rk00001,0.5997617838797581,0.6124664176869716,-0.012704633807213539
d3,o_max,m006001_o_max_ord9_rk00002,0.6010187923207175,0.6124664176869716,-0.0114476253662541
d3,o_max,m006002_o_max_ord9_rk00003,0.6029005275143641,0.6124664176869716,-0.00956589017260756
d3,o_max,m006003_o_max_ord9_rk00004,0.6077197740318181,0.6124664176869716,-0.004746643655153537
d3,o_max,m006004_o_max_ord9_rk00005,0.6049415120549578,0.6124664176869716,-0.007524905632013801
d3,o_max,m006005_o_max_ord9_rk00006,0.610934629940239,0.6124664176869716,-0.0015317877467326824
d3,o_max,m006006_o_max_ord9_rk00007,0.6090348994630164,0.6124664176869716,-0.0034315182239552655
d3,o_max,m006007_o_max_ord9_rk00008,0.598715911971718,0.6124664176869716,-0.013750505715253603
d3,o_max,m006008_o_max_ord9_rk00009,0.597421520778429,0.6124664176869716,-0.015044896908542604
d3,o_max,m006009_o_max_ord9_rk00010,0.6104349115059025,0.6124664176869716,-0.002031506181069176
d3,o_max,m006010_o_max_ord9_rk00011,0.6092202580244892,0.6124664176869716,-0.0032461596624824285
d3,o_max,m006011_o_max_ord9_rk00012,0.6062219991371642,0.6124664176869716,-0.006244418549807396
d3,o_max,m006012_o_max_ord9_rk00013,0.6084113530936613,0.6124664176869716,-0.004055064593310287
d3,o_max,m006013_o_max_ord9_rk00014,0.5984935478345663,0.6124664176869716,-0.013972869852405312
d3,o_max,m006014_o_max_ord9_rk00015,0.604660954508693,0.6124664176869716,-0.007805463178278682
d3,o_max,m006015_o_max_ord9_rk00016,0.595903729441399,0.6124664176869716,-0.01656268824557261
d3,o_max,m006016_o_max_ord9_rk00017,0.6106126027776408,0.6124664176869716,-0.0018538149093307865
d3,o_max,m006017_o_max_ord9_rk00018,0.605099390985434,0.6124664176869716,-0.00736702670153766
d3,o_max,m006018_o_max_ord9_rk00019,0.6065552711183344,0.6124664176869716,-0.005911146568637227
d3,o_max,m006019_o_max_ord9_rk00020,0.5985867397708441,0.6124664176869716,-0.013879677916127542
d3,o_max,m007000_o_max_ord10_rk00001,0.5814928716356699,0.6124664176869716,-0.03097354605130176
d3,o_max,m007001_o_max_ord10_rk00002,0.5938157914366942,0.6124664176869716,-0.01865062625027747
d3,o_max,m007002_o_max_ord10_rk00003,0.5916313882329584,0.6124664176869716,-0.020835029454013276
d3,o_max,m007003_o_max_ord10_rk00004,0.595235760005896,0.6124664176869716,-0.01723065768107568
d3,o_max,m007004_o_max_ord10_rk00005,0.5993349585791288,0.6124664176869716,-0.013131459107842858
d3,o_max,m007005_o_max_ord10_rk00006,0.5901791162241901,0.6124664176869716,-0.022287301462781572
d3,o_max,m007006_o_max_ord10_rk00007,0.5884219318929051,0.6124664176869716,-0.024044485794066484
d3,o_max,m007007_o_max_ord10_rk00008,0.5959967181435744,0.6124664176869716,-0.016469699543397276
d3,o_max,m007008_o_max_ord10_rk00009,0.5984286591286124,0.6124664176869716,-0.014037758558359203
d3,o_max,m007009_o_max_ord10_rk00010,0.5889642211332153,0.6124664176869716,-0.023502196553756294
d3,o_max,m007010_o_max_ord10_rk00011,0.5927258084898053,0.6124664176869716,-0.01974060919716636
d3,o_max,m007011_o_max_ord10_rk00012,0.5855731881888638,0.6124664176869716,-0.026893229498107796
d3,o_max,m007012_o_max_ord10_rk00013,0.5917967543184741,0.6124664176869716,-0.020669663368497515
d3,o_max,m007013_o_max_ord10_rk00014,0.5892146544811397,0.6124664176869716,-0.023251763205831888
d3,o_max,m007014_o_max_ord10_rk00015,0.5961796079927402,0.6124664176869716,-0.016286809694231463
d3,o_max,m007015_o_max_ord10_rk00016,0.5904926152197553,0.6124664176869716,-0.021973802467216363
d3,o_max,m007016_o_max_ord10_rk00017,0.5849051221581669,0.6124664176869716,-0.027561295528804708
d3,o_max,m007017_o_max_ord10_rk00018,0.601974150122481,0.6124664176869716,-0.01049226756449062
d3,o_max,m007018_o_max_ord10_rk00019,0.5862144261186857,0.6124664176869716,-0.02625199156828595
d3,o_max,m007019_o_max_ord10_rk00020,0.6000302249666842,0.6124664176869716,-0.012436192720287398
d3,o_max,m008000_o_max_ord11_rk00001,0.5928931777441449,0.6124664176869716,-0.01957323994282678
d3,o_max,m008001_o_max_ord11_rk00002,0.594046247556316,0.6124664176869716,-0.018420170130655666
d3,o_max,m008002_o_max_ord11_rk00003,0.5883548925234302,0.6124664176869716,-0.024111525163541425
d3,o_max,m008003_o_max_ord11_rk00004,0.5945942605465926,0.6124664176869716,-0.01787215714037904
d3,o_max,m008004_o_max_ord11_rk00005,0.5965866411535661,0.6124664176869716,-0.015879776533405554
d3,o_max,m008005_o_max_ord11_rk00006,0.5954034422144056,0.6124664176869716,-0.017062975472566078
d3,o_max,m008006_o_max_ord11_rk00007,0.5984496174816953,0.6124664176869716,-0.014016800205276292
d3,o_max,m008007_o_max_ord11_rk00008,0.5970092768946529,0.6124664176869716,-0.015457140792318746
d3,o_max,m008008_o_max_ord11_rk00009,0.5949486277554098,0.6124664176869716,-0.017517789931561834
d3,o_max,m008009_o_max_ord11_rk00010,0.5984618918860717,0.6124664176869716,-0.014004525800899947
d3,o_max,m008010_o_max_ord11_rk00011,0.6091457535133705,0.6124664176869716,-0.0033206641736011067
d3,o_max,m008011_o_max_ord11_rk00012,0.5933089721768909,0.6124664176869716,-0.019157445510080695
d3,o_max,m008012_o_max_ord11_rk00013,0.6032609980128933,0.6124664176869716,-0.009205419674078286
d3,o_max,m008013_o_max_ord11_rk00014,0.5986917029080769,0.6124664176869716,-0.013774714778894692
d3,o_max,m008014_o_max_ord11_rk00015,0.6070393836982404,0.6124664176869716,-0.0054270339887312335
d3,o_max,m008015_o_max_ord11_rk00016,0.5978951041011737,0.6124664176869716,-0.014571313585797885
d3,o_max,m008016_o_max_ord11_rk00017,0.5954635338549819,0.6124664176869716,-0.01700288383198978
d3,o_max,m008017_o_max_ord11_rk00018,0.5854717988175435,0.6124664176869716,-0.02699461886942811
d3,o_max,m008018_o_max_ord11_rk00019,0.5923928393649946,0.6124664176869716,-0.02007357832197698
d3,o_max,m008019_o_max_ord11_rk00020,0.5917269828877549,0.6124664176869716,-0.020739434799216694
d3,o_max,m009000_o_max_ord12_rk00001,0.5942359338028119,0.6124664176869716,-0.01823048388415971
d3,o_max,m009001_o_max_ord12_rk00002,0.589787774284944,0.6124664176869716,-0.022678643402027632
d3,o_max,m009002_o_max_ord12_rk00003,0.5981841712304523,0.6124664176869716,-0.01428224645651932
d3,o_max,m009003_o_max_ord12_rk00004,0.5846908961831134,0.6124664176869716,-0.027775521503858203
d3,o_max,m009004_o_max_ord12_rk00005,0.6089047458965344,0.6124664176869716,-0.003561671790437204
d3,o_max,m009005_o_max_ord12_rk00006,0.5894182787151134,0.6124664176869716,-0.0230481389718582
d3,o_max,m009006_o_max_ord12_rk00007,0.5886092810683877,0.6124664176869716,-0.023857136618583907
d3,o_max,m009007_o_max_ord12_rk00008,0.5987154214449582,0.6124664176869716,-0.01375099624201348
d3,o_max,m009008_o_max_ord12_rk00009,0.5871272913043115,0.6124664176869716,-0.025339126382660115
d3,o_max,m009009_o_max_ord12_rk00010,0.5821245354230657,0.6124664176869716,-0.030341882263905884
d3,o_max,m009010_o_max_ord12_rk00011,0.5834909416145477,0.6124664176869716,-0.0289754760724239
d3,o_max,m009011_o_max_ord12_rk00012,0.5882604859238956,0.6124664176869716,-0.02420593176307606
d3,o_max,m009012_o_max_ord12_rk00013,0.590174534044718,0.6124664176869716,-0.02229188364225365
d3,o_max,m009013_o_max_ord12_rk00014,0.5981126031875805,0.6124664176869716,-0.014353814499391104
d3,o_max,m009014_o_max_ord12_rk00015,0.6013598373755212,0.6124664176869716,-0.011106580311450398
d3,o_max,m009015_o_max_ord12_rk00016,0.6015672886604813,0.6124664176869716,-0.010899129026490373
d3,o_max,m009016_o_max_ord12_rk00017,0.610610796423426,0.6124664176869716,-0.0018556212635456593
d3,o_max,m009017_o_max_ord12_rk00018,0.6004519930894899,0.6124664176869716,-0.012014424597481699
d3,o_max,m009018_o_max_ord12_rk00019,0.5968127297047321,0.6124664176869716,-0.01565368798223954
d3,o_max,m009019_o_max_ord12_rk00020,0.5966988925120158,0.6124664176869716,-0.015767525174955832
d3,o_max,m010000_o_max_ord13_rk00001,0.5882961343079465,0.6124664176869716,-0.02417028337902516
d3,o_max,m010001_o_max_ord13_rk00002,0.5908497542897685,0.6124664176869716,-0.02161666339720314
d3,o_max,m010002_o_max_ord13_rk00003,0.5908751025349206,0.6124664176869716,-0.021591315152051038
d3,o_max,m010003_o_max_ord13_rk00004,0.6057836956391864,0.6124664176869716,-0.0066827220477851945
d3,o_max,m010004_o_max_ord13_rk00005,0.5935652082405146,0.6124664176869716,-0.018901209446457012
d3,o_max,m010005_o_max_ord13_rk00006,0.5880866476942763,0.6124664176869716,-0.02437976999269531
d3,o_max,m010006_o_max_ord13_rk00007,0.6002673111592396,0.6124664176869716,-0.01219910652773204
d3,o_max,m010007_o_max_ord13_rk00008,0.5936633420341344,0.6124664176869716,-0.01880307565283723
d3,o_max,m010008_o_max_ord13_rk00009,0.6031714903094128,0.6124664176869716,-0.009294927377558881
d3,o_max,m010009_o_max_ord13_rk00010,0.5745790647805444,0.6124664176869716,-0.037887352906427196
d3,o_max,m010010_o_max_ord13_rk00011,0.5977991633609555,0.6124664176869716,-0.014667254326016121
d3,o_max,m010011_o_max_ord13_rk00012,0.6026264597583716,0.6124664176869716,-0.00983995792860004
d3,o_max,m010012_o_max_ord13_rk00013,0.6072688829192152,0.6124664176869716,-0.005197534767756418
d3,o_max,m010013_o_max_ord13_rk00014,0.5997126650978467,0.6124664176869716,-0.012753752589124923
d3,o_max,m010014_o_max_ord13_rk00015,0.5819443371397802,0.6124664176869716,-0.03052208054719141
d3,o_max,m010015_o_max_ord13_rk00016,0.5920100101879548,0.6124664176869716,-0.020456407499016782
d3,o_max,m010016_o_max_ord13_rk00017,0.602999689643271,0.6124664176869716,-0.009466728043700634
d3,o_max,m010017_o_max_ord13_rk00018,0.6006017305768201,0.6124664176869716,-0.01186468711015154
d3,o_max,m010018_o_max_ord13_rk00019,0.6007027114322709,0.6124664176869716,-0.01176370625470069
d3,o_max,m010019_o_max_ord13_rk00020,0.5961448610233513,0.6124664176869716,-0.01632155666362034
d3,o_max,m011000_o_max_ord14_rk00001,0.5975927081775179,0.6124664176869716,-0.01487370950945377
d3,o_max,m011001_o_max_ord14_rk00002,0.6005342583357137,0.6124664176869716,-0.01193215935125791
d3,o_max,m011002_o_max_ord14_rk00003,0.5974370076715929,0.6124664176869716,-0.015029410015378719
d3,o_max,m011003_o_max_ord14_rk00004,0.6053141804749151,0.6124664176869716,-0.007152237212056489
d3,o_max,m011004_o_max_ord14_rk00005,0.5987079195524889,0.6124664176869716,-0.01375849813448271
d3,o_max,m011005_o_max_ord14_rk00006,0.6031863969354304,0.6124664176869716,-0.009280020751541218
d3,o_max,m011006_o_max_ord14_rk00007,0.6024308081583036,0.6124664176869716,-0.010035609528668
d3,o_max,m011007_o_max_ord14_rk00008,0.5997837936921445,0.6124664176869716,-0.012682623994827114
d3,o_max,m011008_o_max_ord14_rk00009,0.6016228567231918,0.6124664176869716,-0.010843560963779808
d3,o_max,m011009_o_max_ord14_rk00010,0.6004737233347077,0.6124664176869716,-0.01199269435226391
d3,o_max,m011010_o_max_ord14_rk00011,0.5974331331566348,0.6124664176869716,-0.01503328453033681
d3,o_max,m011011_o_max_ord14_rk00012,0.6029581288694823,0.6124664176869716,-0.00950828881748933
d3,o_max,m011012_o_max_ord14_rk00013,0.5905006275259065,0.6124664176869716,-0.021965790161065146
d3,o_max,m011013_o_max_ord14_rk00014,0.594886624174005,0.6124664176869716,-0.01757979351296668
d3,o_max,m011014_o_max_ord14_rk00015,0.5982892482544302,0.6124664176869716,-0.014177169432541437
d3,o_max,m011015_o_max_ord14_rk00016,0.5985225570184667,0.6124664176869716,-0.013943860668504948
d3,o_max,m011016_o_max_ord14_rk00017,0.6074115622258144,0.6124664176869716,-0.005054855461157248
d3,o_max,m011017_o_max_ord14_rk00018,0.5971234920816999,0.6124664176869716,-0.015342925605271729
d3,o_max,m011018_o_max_ord14_rk00019,0.5903982631404547,0.6124664176869716,-0.022068154546516894
d3,o_max,m011019_o_max_ord14_rk00020,0.5896264192121048,0.6124664176869716,-0.02283999847486684
d3,o_max,m012000_o_max_ord15_rk00001,0.5958170135183778,0.6124664176869716,-0.01664940416859384
d3,o_max,m012001_o_max_ord15_rk00002,0.597212604098375,0.6124664176869716,-0.015253813588596676
d3,o_max,m012002_o_max_ord15_rk00003,0.5940659249452616,0.6124664176869716,-0.018400492741710073
d3,o_max,m012003_o_max_ord15_rk00004,0.596104895601543,0.6124664176869716,-0.016361522085428626
d3,o_max,m012004_o_max_ord15_rk00005,0.6025585469427417,0.6124664176869716,-0.00990787074422994
d3,o_max,m012005_o_max_ord15_rk00006,0.5896572149927635,0.6124664176869716,-0.022809202694208164
d3,o_max,m012006_o_max_ord15_rk00007,0.5933027450564654,0.6124664176869716,-0.019163672630506223
d3,o_max,m012007_o_max_ord15_rk00008,0.5836187135377506,0.6124664176869716,-0.028847704149221
d3,o_max,m012008_o_max_ord15_rk00009,0.5907971565073005,0.6124664176869716,-0.021669261179671162
d3,o_max,m012009_o_max_ord15_rk00010,0.6010147935040888,0.6124664176869716,-0.011451624182882814
d3,o_max,m012010_o_max_ord15_rk00011,0.5857549910128688,0.6124664176869716,-0.026711426674102867
d3,o_max,m012011_o_max_ord15_rk00012,0.5889483072670287,0.6124664176869716,-0.023518110419942895
d3,o_max,m012012_o_max_ord15_rk00013,0.602942976328234,0.6124664176869716,-0.009523441358737617
d3,o_max,m012013_o_max_ord15_rk00014,0.5929329931555245,0.6124664176869716,-0.01953342453144713
d3,o_max,m012014_o_max_ord15_rk00015,0.5953368251262776,0.6124664176869716,-0.017129592560694018
d3,o_max,m012015_o_max_ord15_rk00016,0.6003713021729544,0.6124664176869716,-0.012095115514017207
d3,o_max,m012016_o_max_ord15_rk00017,0.5974358630437352,0.6124664176869716,-0.015030554643236438
d3,o_max,m012017_o_max_ord15_rk00018,0.5931280111558861,0.6124664176869716,-0.01933840653108554
d3,o_max,m012018_o_max_ord15_rk00019,0.5934235052439671,0.6124664176869716,-0.01904291244300449
d3,o_max,m012019_o_max_ord15_rk00020,0.5881265228802424,0.6124664176869716,-0.024339894806729268
d3,o_max,m013000_o_max_ord16_rk00001,0.6039688384389172,0.6124664176869716,-0.008497579248054388
d3,o_max,m013001_o_max_ord16_rk00002,0.6065279690555668,0.6124664176869716,-0.005938448631404802
d3,o_max,m013002_o_max_ord16_rk00003,0.5928796022889158,0.6124664176869716,-0.019586815398055846
d3,o_max,m013003_o_max_ord16_rk00004,0.5819229024412053,0.6124664176869716,-0.030543515245766373
d3,o_max,m013004_o_max_ord16_rk00005,0.6028233627236896,0.6124664176869716,-0.009643054963281994
d3,o_max,m013005_o_max_ord16_rk00006,0.6004449335559687,0.6124664176869716,-0.012021484131002902
d3,o_max,m013006_o_max_ord16_rk00007,0.5969682236887959,0.6124664176869716,-0.015498193998175758
d3,o_max,m013007_o_max_ord16_rk00008,0.5927342301808757,0.6124664176869716,-0.019732187506095955
d3,o_max,m013008_o_max_ord16_rk00009,0.6034756705403149,0.6124664176869716,-0.008990747146656708
d3,o_max,m013009_o_max_ord16_rk00010,0.600067319554231,0.6124664176869716,-0.012399098132740649
d3,o_max,m013010_o_max_ord16_rk00011,0.6010194460664928,0.6124664176869716,-0.011446971620478807
d3,o_max,m013011_o_max_ord16_rk00012,0.5977826751268436,0.6124664176869716,-0.014683742560128055
d3,o_max,m013012_o_max_ord16_rk00013,0.600054571652447,0.6124664176869716,-0.01241184603452461
d3,o_max,m013013_o_max_ord16_rk00014,0.5984593488480949,0.6124664176869716,-0.014007068838876702
d3,o_max,m013014_o_max_ord16_rk00015,0.5949234432399639,0.6124664176869716,-0.017542974447007698
d3,o_max,m013015_o_max_ord16_rk00016,0.5914541320966875,0.6124664176869716,-0.02101228559028412
d3,o_max,m013016_o_max_ord16_rk00017,0.6039614588315119,0.6124664176869716,-0.008504958855459765
d3,o_max,m013017_o_max_ord16_rk00018,0.5907139088856481,0.6124664176869716,-0.02175250880132351
d3,o_max,m013018_o_max_ord16_rk00019,0.5955996401734471,0.6124664176869716,-0.0168667775135245
d3,o_max,m013019_o_max_ord16_rk00020,0.5980331272832161,0.6124664176869716,-0.014433290403755517
d3,o_max,m014000_o_max_ord17_rk00001,0.5663010683923266,0.6124664176869716,-0.046165349294645
d3,o_max,m014001_o_max_ord17_rk00002,0.5910696993102036,0.6124664176869716,-0.021396718376768042
d3,o_max,m014002_o_max_ord17_rk00003,0.5968403392889523,0.6124664176869716,-0.015626078398019327
d3,o_max,m014003_o_max_ord17_rk00004,0.5939811474401289,0.6124664176869716,-0.018485270246842767
d3,o_max,m014004_o_max_ord17_rk00005,0.6004931526312373,0.6124664176869716,-0.011973265055734372
d3,o_max,m014005_o_max_ord17_rk00006,0.6024242238552036,0.6124664176869716,-0.010042193831768076
d3,o_max,m014006_o_max_ord17_rk00007,0.598669983714144,0.6124664176869716,-0.013796433972827593
d3,o_max,m014007_o_max_ord17_rk00008,0.5967188076939665,0.6124664176869716,-0.015747609993005174
d3,o_max,m014008_o_max_ord17_rk00009,0.6025216039347878,0.6124664176869716,-0.009944813752183812
d3,o_max,m014009_o_max_ord17_rk00010,0.595248130317036,0.6124664176869716,-0.01721828736993558
d3,o_max,m014010_o_max_ord17_rk00011,0.6012810987713457,0.6124664176869716,-0.011185318915625908
d3,o_max,m014011_o_max_ord17_rk00012,0.6015077496005934,0.6124664176869716,-0.010958668086378243
d3,o_max,m014012_o_max_ord17_rk00013,0.5974183036881995,0.6124664176869716,-0.01504811399877215
d3,o_max,m014013_o_max_ord17_rk00014,0.5930378305690135,0.6124664176869716,-0.01942858711795814
d3,o_max,m014014_o_max_ord17_rk00015,0.6000752847465038,0.6124664176869716,-0.012391132940467786
d3,o_max,m014015_o_max_ord17_rk00016,0.6023744610019907,0.6124664176869716,-0.010091956684980974
d3,o_max,m014016_o_max_ord17_rk00017,0.5992253110660676,0.6124664176869716,-0.013241106620904053
d3,o_max,m014017_o_max_ord17_rk00018,0.6037319039840564,0.6124664176869716,-0.008734513702915225
d3,o_max,m014018_o_max_ord17_rk00019,0.6054783933852036,0.6124664176869716,-0.006988024301768037
d3,o_max,m014019_o_max_ord17_rk00020,0.595362812727444,0.6124664176869716,-0.017103604959527674
d3,o_max,m015000_o_max_ord18_rk00001,0.5667420347515163,0.6124664176869716,-0.04572438293545533
d3,o_max,m015001_o_max_ord18_rk00002,0.5882540762117765,0.6124664176869716,-0.02421234147519513
d3,o_max,m015002_o_max_ord18_rk00003,0.5965797802805057,0.6124664176869716,-0.015886637406465898
d3,o_max,m015003_o_max_ord18_rk00004,0.5982496741959398,0.6124664176869716,-0.014216743491031858
d3,o_max,m015004_o_max_ord18_rk00005,0.5992375786151067,0.6124664176869716,-0.013228839071864895
d3,o_max,m015005_o_max_ord18_rk00006,0.591338433044007,0.6124664176869716,-0.021127984642964615
d3,o_max,m015006_o_max_ord18_rk00007,0.5975318713581246,0.6124664176869716,-0.014934546328847054
d3,o_max,m015007_o_max_ord18_rk00008,0.593225748175735,0.6124664176869716,-0.019240669511236597
d3,o_max,m015008_o_max_ord18_rk00009,0.5919159284165673,0.6124664176869716,-0.02055048927040437
d3,o_max,m015009_o_max_ord18_rk00010,0.5976610193651151,0.6124664176869716,-0.014805398321856567
d3,o_max,m015010_o_max_ord18_rk00011,0.5963721342942312,0.6124664176869716,-0.01609428339274044
d3,o_max,m015011_o_max_ord18_rk00012,0.5903913696219605,0.6124664176869716,-0.02207504806501115
d3,o_max,m015012_o_max_ord18_rk00013,0.6007665050131896,0.6124664176869716,-0.01169991267378201
d3,o_max,m015013_o_max_ord18_rk00014,0.5997796023798817,0.6124664176869716,-0.012686815307089927
d3,o_max,m015014_o_max_ord18_rk00015,0.5908465627492072,0.6124664176869716,-0.021619854937764416
d3,o_max,m015015_o_max_ord18_rk00016,0.5918296422684306,0.6124664176869716,-0.02063677541854103
d3,o_max,m015016_o_max_ord18_rk00017,0.5912759385795354,0.6124664176869716,-0.02119047910743621
d3,o_max,m015017_o_max_ord18_rk00018,0.593408578418267,0.6124664176869716,-0.019057839268704635
d3,o_max,m015018_o_max_ord18_rk00019,0.5968061547564978,0.6124664176869716,-0.015660262930473845
d3,o_max,m015019_o_max_ord18_rk00020,0.5987476704091571,0.6124664176869716,-0.013718747277814525
d3,o_max,m016000_o_max_ord19_rk00001,0.5651842959611878,0.6124664176869716,-0.04728212172578383
d3,o_max,m016001_o_max_ord19_rk00002,0.5926050342838715,0.6124664176869716,-0.019861383403100175
d3,o_max,m016002_o_max_ord19_rk00003,0.5902633294995666,0.6124664176869716,-0.022203088187405018
d3,o_max,m016003_o_max_ord19_rk00004,0.5922362267152474,0.6124664176869716,-0.020230190971724182
d3,o_max,m016004_o_max_ord19_rk00005,0.5894521449663519,0.6124664176869716,-0.023014272720619733
d3,o_max,m016005_o_max_ord19_rk00006,0.5961419255515553,0.6124664176869716,-0.016324492135416313
d3,o_max,m016006_o_max_ord19_rk00007,0.5978846577353741,0.6124664176869716,-0.014581759951597495
d3,o_max,m016007_o_max_ord19_rk00008,0.5916288930559646,0.6124664176869716,-0.020837524631007076
d3,o_max,m016008_o_max_ord19_rk00009,0.5990747677658101,0.6124664176869716,-0.013391649921161486
d3,o_max,m016009_o_max_ord19_rk00010,0.5971081160408254,0.6124664176869716,-0.015358301646146266
d3,o_max,m016010_o_max_ord19_rk00011,0.590252266979443,0.6124664176869716,-0.022214150707528635
d3,o_max,m016011_o_max_ord19_rk00012,0.5930686268307115,0.6124664176869716,-0.019397790856260144
d3,o_max,m016012_o_max_ord19_rk00013,0.5870832123726906,0.6124664176869716,-0.025383205314281065
d3,o_max,m016013_o_max_ord19_rk00014,0.5942659242923343,0.6124664176869716,-0.018200493394637363
d3,o_max,m016014_o_max_ord19_rk00015,0.5973268489618885,0.6124664176869716,-0.015139568725083152
d3,o_max,m016015_o_max_ord19_rk00016,0.5890369276191119,0.6124664176869716,-0.02342949006785977
d3,o_max,m016016_o_max_ord19_rk00017,0.5921995562926083,0.6124664176869716,-0.02026686139436329
d3,o_max,m016017_o_max_ord19_rk00018,0.5964706456908173,0.6124664176869716,-0.015995771996154318
d3,o_max,m016018_o_max_ord19_rk00019,0.593195992997883,0.6124664176869716,-0.019270424689088683
d3,o_max,m016019_o_max_ord19_rk00020,0.583321177834055,0.6124664176869716,-0.029145239852916616
d3,o_max,m017000_o_max_ord20_rk00001,0.5423368137016793,0.6124664176869716,-0.07012960398529233
d3,o_max,m017001_o_max_ord20_rk00002,0.5912448567032154,0.6124664176869716,-0.02122156098375627
d3,o_max,m017002_o_max_ord20_rk00003,0.5939935305094723,0.6124664176869716,-0.018472887177499286
d3,o_max,m017003_o_max_ord20_rk00004,0.587133634344652,0.6124664176869716,-0.025332783342319587
d3,o_max,m017004_o_max_ord20_rk00005,0.5968916832473884,0.6124664176869716,-0.015574734439583238
d3,o_max,m017005_o_max_ord20_rk00006,0.6003953394968056,0.6124664176869716,-0.012071078190166062
d3,o_max,m017006_o_max_ord20_rk00007,0.5828418633491179,0.6124664176869716,-0.029624554337853715
d3,o_max,m017007_o_max_ord20_rk00008,0.5795358451656409,0.6124664176869716,-0.03293057252133069
d3,o_max,m017008_o_max_ord20_rk00009,0.5956588227123971,0.6124664176869716,-0.016807594974574513
d3,o_max,m017009_o_max_ord20_rk00010,0.5999980454634448,0.6124664176869716,-0.012468372223526814
d3,o_max,m017010_o_max_ord20_rk00011,0.5906700510098934,0.6124664176869716,-0.021796366677078183
d3,o_max,m017011_o_max_ord20_rk00012,0.5693151020714144,0.6124664176869716,-0.043151315615557184
d3,o_max,m017012_o_max_ord20_rk00013,0.5985152431619764,0.6124664176869716,-0.01395117452499528
d3,o_max,m017013_o_max_ord20_rk00014,0.5881858840058043,0.6124664176869716,-0.024280533681167338
d3,o_max,m017014_o_max_ord20_rk00015,0.5777686321377213,0.6124664176869716,-0.03469778554925029
d3,o_max,m017015_o_max_ord20_rk00016,0.5694042623943198,0.6124664176869716,-0.04306215529265178
d3,o_max,m017016_o_max_ord20_rk00017,0.5861688751197551,0.6124664176869716,-0.026297542567216503
d3,o_max,m017017_o_max_ord20_rk00018,0.582882767974163,0.6124664176869716,-0.02958364971280858
d3,o_max,m017018_o_max_ord20_rk00019,0.5527505498289261,0.6124664176869716,-0.0597158678580455
d3,o_max,m017019_o_max_ord20_rk00020,0.5928661596735746,0.6124664176869716,-0.019600258013397043
d3,o_max,m018000_o_max_ord21_rk00001,0.5784139487852031,0.6124664176869716,-0.034052468901768496
d3,o_max,m018001_o_max_ord21_rk00002,0.5988383563776545,0.6124664176869716,-0.013628061309317152
d3,o_max,m018002_o_max_ord21_rk00003,0.5954773189165724,0.6124664176869716,-0.016989098770399225
d3,o_max,m018003_o_max_ord21_rk00004,0.5974704602199223,0.6124664176869716,-0.014995957467049292
d3,o_max,m018004_o_max_ord21_rk00005,0.5674649593829285,0.6124664176869716,-0.04500145830404312
d3,o_max,m018005_o_max_ord21_rk00006,0.5917741227292752,0.6124664176869716,-0.020692294957696422
d3,o_max,m018006_o_max_ord21_rk00007,0.5730811072893163,0.6124664176869716,-0.03938531039765536
d3,o_max,m018007_o_max_ord21_rk00008,0.5975042213710581,0.6124664176869716,-0.014962196315913556
d3,o_max,m018008_o_max_ord21_rk00009,0.5945785474225471,0.6124664176869716,-0.01788787026442451
d3,o_max,m018009_o_max_ord21_rk00010,0.5982027542066108,0.6124664176869716,-0.014263663480360789
d3,o_max,m018010_o_max_ord21_rk00011,0.5938010252708756,0.6124664176869716,-0.018665392416095994
d3,o_max,m018011_o_max_ord21_rk00012,0.6010243231380412,0.6124664176869716,-0.011442094548930415
d3,o_max,m018012_o_max_ord21_rk00013,0.5449077274055827,0.6124664176869716,-0.06755869028138894
d3,o_max,m018013_o_max_ord21_rk00014,0.6003744684386543,0.6124664176869716,-0.012091949248317357
d3,o_max,m018014_o_max_ord21_rk00015,0.5956574034100675,0.6124664176869716,-0.016809014276904177
d3,o_max,m018015_o_max_ord21_rk00016,0.5571243747209818,0.6124664176869716,-0.05534204296598988
d3,o_max,m018016_o_max_ord21_rk00017,0.5820763045564533,0.6124664176869716,-0.030390113130518315
d3,o_max,m018017_o_max_ord21_rk00018,0.572173210854027,0.6124664176869716,-0.040293206832944684
d3,o_max,m018018_o_max_ord21_rk00019,0.5929756724114758,0.6124664176869716,-0.01949074527549588
d3,o_max,m018019_o_max_ord21_rk00020,0.6011206787137549,0.6124664176869716,-0.011345738973216779
d3,o_max,m019000_o_max_ord22_rk00001,0.5764213950278665,0.6124664176869716,-0.03604502265910514
d3,o_max,m019001_o_max_ord22_rk00002,0.5645176001823846,0.6124664176869716,-0.047948817504587016
d3,o_max,m019002_o_max_ord22_rk00003,0.5879928022661698,0.6124664176869716,-0.024473615420801842
d3,o_max,m019003_o_max_ord22_rk00004,0.5944707160414422,0.6124664176869716,-0.01799570164552944
d3,o_max,m019004_o_max_ord22_rk00005,0.5603681709444452,0.6124664176869716,-0.05209824674252639
d3,o_max,m019005_o_max_ord22_rk00006,0.5855916227986302,0.6124664176869716,-0.026874794888341436
d3,o_max,m019006_o_max_ord22_rk00007,0.5748556733099,0.6124664176869716,-0.03761074437707168
d3,o_max,m019007_o_max_ord22_rk00008,0.5953487848661814,0.6124664176869716,-0.017117632820790263
d3,o_max,m019008_o_max_ord22_rk00009,0.5817394358640382,0.6124664176869716,-0.03072698182293343
d3,o_max,m019009_o_max_ord22_rk00010,0.5734390476582405,0.6124664176869716,-0.039027370028731134
d3,o_max,m019010_o_max_ord22_rk00011,0.5879963760218068,0.6124664176869716,-0.024470041665164866
d3,o_max,m019011_o_max_ord22_rk00012,0.5846973470938348,0.6124664176869716,-0.027769070593136824
d3,o_max,m019012_o_max_ord22_rk00013,0.5851960051620386,0.6124664176869716,-0.027270412524933008
d3,o_max,m019013_o_max_ord22_rk00014,0.5913823767322168,0.6124664176869716,-0.0210840409547548
d3,o_max,m019014_o_max_ord22_rk00015,0.5675062274546291,0.6124664176869716,-0.044960190232342545
d3,o_max,m019015_o_max_ord22_rk00016,0.5761358395298529,0.6124664176869716,-0.03633057815711871
d3,o_max,m019016_o_max_ord22_rk00017,0.5896184813088842,0.6124664176869716,-0.022847936378087463
d3,o_max,m019017_o_max_ord22_rk00018,0.6000679596905178,0.6124664176869716,-0.012398457996453782
d3,o_max,m019018_o_max_ord22_rk00019,0.5919374154372812,0.6124664176869716,-0.020529002249690453
d3,o_max,m019019_o_max_ord22_rk00020,0.5733448807232849,0.6124664176869716,-0.0391215369636867
d3,o_max,m020000_o_max_ord23_rk00001,0.5644303332225382,0.6124664176869716,-0.048036084464433415
d3,o_max,m020001_o_max_ord23_rk00002,0.593022811111808,0.6124664176869716,-0.01944360657516364
d3,o_max,m020002_o_max_ord23_rk00003,0.5634721512441343,0.6124664176869716,-0.04899426644283733
d3,o_max,m020003_o_max_ord23_rk00004,0.5998862520783168,0.6124664176869716,-0.012580165608654825
d3,o_max,m020004_o_max_ord23_rk00005,0.5597383662922661,0.6124664176869716,-0.05272805139470549
d3,o_max,m020005_o_max_ord23_rk00006,0.5959831003271754,0.6124664176869716,-0.016483317359796246
d3,o_max,m020006_o_max_ord23_rk00007,0.5863921961895632,0.6124664176869716,-0.026074221497408456
d3,o_max,m020007_o_max_ord23_rk00008,0.5725553471146465,0.6124664176869716,-0.039911070572325125
d3,o_max,m020008_o_max_ord23_rk00009,0.5601125675481269,0.6124664176869716,-0.05235385013884475
d3,o_max,m020009_o_max_ord23_rk00010,0.5914275076126315,0.6124664176869716,-0.02103891007434011
d3,o_max,m020010_o_max_ord23_rk00011,0.5922118020964511,0.6124664176869716,-0.020254615590520553
d3,o_max,m020011_o_max_ord23_rk00012,0.5962440932168992,0.6124664176869716,-0.016222324470072436
d3,o_max,m020012_o_max_ord23_rk00013,0.5932064363261051,0.6124664176869716,-0.019259981360866485
d3,o_max,m020013_o_max_ord23_rk00014,0.5787277664511077,0.6124664176869716,-0.03373865123586395
d3,o_max,m020014_o_max_ord23_rk00015,0.5888714474370176,0.6124664176869716,-0.02359497024995405
d3,o_max,m020015_o_max_ord23_rk00016,0.5940858170490708,0.6124664176869716,-0.018380600637900812
d3,o_max,m020016_o_max_ord23_rk00017,0.5879800375117359,0.6124664176869716,-0.024486380175235745
d3,o_max,m020017_o_max_ord23_rk00018,0.556777818488714,0.6124664176869716,-0.05568859919825764
d3,o_max,m020018_o_max_ord23_rk00019,0.5926805715018737,0.6124664176869716,-0.019785846185097933
d3,o_max,m020019_o_max_ord23_rk00020,0.59595489425159,0.6124664176869716,-0.016511523435381648
d3,o_max,m021000_o_max_ord24_rk00001,0.5760778360507619,0.6124664176869716,-0.03638858163620973
d3,o_max,m021001_o_max_ord24_rk00002,0.5957045885483436,0.6124664176869716,-0.016761829138628004
d3,o_max,m021002_o_max_ord24_rk00003,0.5992311464770401,0.6124664176869716,-0.01323527120993151
d3,o_max,m021003_o_max_ord24_rk00004,0.597457956577975,0.6124664176869716,-0.015008461108996674
d3,o_max,m021004_o_max_ord24_rk00005,0.5927979535168795,0.6124664176869716,-0.01966846417009216
d3,o_max,m021005_o_max_ord24_rk00006,0.5833686092870292,0.6124664176869716,-0.02909780839994247
d3,o_max,m021006_o_max_ord24_rk00007,0.5922858294514186,0.6124664176869716,-0.02018058823555302
d3,o_max,m021007_o_max_ord24_rk00008,0.5870813144082464,0.6124664176869716,-0.02538510327872523
d3,o_max,m021008_o_max_ord24_rk00009,0.5866476144495891,0.6124664176869716,-0.025818803237382504
d3,o_max,m021009_o_max_ord24_rk00010,0.594703592651147,0.6124664176869716,-0.017762825035824603
d3,o_max,m021010_o_max_ord24_rk00011,0.5642222017041638,0.6124664176869716,-0.048244215982807814
d3,o_max,m021011_o_max_ord24_rk00012,0.5859903709222438,0.6124664176869716,-0.026476046764727812
d3,o_max,m021012_o_max_ord24_rk00013,0.5855799895167657,0.6124664176869716,-0.026886428170205923
d3,o_max,m021013_o_max_ord24_rk00014,0.5967180994439276,0.6124664176869716,-0.015748318243044013
d3,o_max,m021014_o_max_ord24_rk00015,0.5686412731375201,0.6124664176869716,-0.04382514454945152
d3,o_max,m021015_o_max_ord24_rk00016,0.5672743853023463,0.6124664176869716,-0.045192032384625325
d3,o_max,m021016_o_max_ord24_rk00017,0.5829045425568713,0.6124664176869716,-0.029561875130100335
d3,o_max,m021017_o_max_ord24_rk00018,0.5665729769808864,0.6124664176869716,-0.04589344070608525
d3,o_max,m021018_o_max_ord24_rk00019,0.5991067818880255,0.6124664176869716,-0.013359635798946168
d3,o_max,m021019_o_max_ord24_rk00020,0.5708273991832336,0.6124664176869716,-0.04163901850373808
d3,o_max,m022000_o_max_ord25_rk00001,0.6009025285290122,0.6124664176869716,-0.011563889157959473
d3,o_max,m022001_o_max_ord25_rk00002,0.6036760642774647,0.6124664176869716,-0.008790353409506957
d3,o_max,m022002_o_max_ord25_rk00003,0.5752105403932055,0.6124664176869716,-0.037255877293766115
d3,o_max,m022003_o_max_ord25_rk00004,0.5995836982545832,0.6124664176869716,-0.01288271943238839
d3,o_max,m022004_o_max_ord25_rk00005,0.6005329262339225,0.6124664176869716,-0.011933491453049117
d3,o_max,m022005_o_max_ord25_rk00006,0.6001353040140762,0.6124664176869716,-0.01233111367289541
d3,o_max,m022006_o_max_ord25_rk00007,0.5963664155402633,0.6124664176869716,-0.01610000214670837
d3,o_max,m022007_o_max_ord25_rk00008,0.5956098374798997,0.6124664176869716,-0.016856580207071925
d3,o_max,m022008_o_max_ord25_rk00009,0.6013944696335037,0.6124664176869716,-0.011071948053467895
d3,o_max,m022009_o_max_ord25_rk00010,0.5986314649736211,0.6124664176869716,-0.013834952713350557
d3,o_max,m022010_o_max_ord25_rk00011,0.5673182582672414,0.6124664176869716,-0.04514815941973027
d3,o_max,m022011_o_max_ord25_rk00012,0.5976298699732536,0.6124664176869716,-0.014836547713718007
d3,o_max,m022012_o_max_ord25_rk00013,0.5631511674234237,0.6124664176869716,-0.04931525026354788
d3,o_max,m022013_o_max_ord25_rk00014,0.5979125087978632,0.6124664176869716,-0.014553908889108458
d3,o_max,m022014_o_max_ord25_rk00015,0.5745646355405103,0.6124664176869716,-0.03790178214646134
d3,o_max,m022015_o_max_ord25_rk00016,0.6012790818857476,0.6124664176869716,-0.011187335801223997
d3,o_max,m022016_o_max_ord25_rk00017,0.5750332113246235,0.6124664176869716,-0.03743320636234815
d3,o_max,m022017_o_max_ord25_rk00018,0.6063175865606214,0.6124664176869716,-0.006148831126350229
d3,o_max,m022018_o_max_ord25_rk00019,0.5959991211610132,0.6124664176869716,-0.016467296525958464
d3,o_max,m022019_o_max_ord25_rk00020,0.5730023639014374,0.6124664176869716,-0.03946405378553419
d3,o_max,m023000_o_max_ord26_rk00001,0.5530971506280838,0.6124664176869716,-0.05936926705888779
d3,o_max,m023001_o_max_ord26_rk00002,0.5963322656928427,0.6124664176869716,-0.01613415199412893
d3,o_max,m023002_o_max_ord26_rk00003,0.6026561975653373,0.6124664176869716,-0.00981022012163435
d3,o_max,m023003_o_max_ord26_rk00004,0.5943405920382854,0.6124664176869716,-0.018125825648686256
d3,o_max,m023004_o_max_ord26_rk00005,0.5944359372902941,0.6124664176869716,-0.01803048039667754
d3,o_max,m023005_o_max_ord26_rk00006,0.5974520321225045,0.6124664176869716,-0.015014385564467103
d3,o_max,m023006_o_max_ord26_rk00007,0.5790293599880469,0.6124664176869716,-0.03343705769892469
d3,o_max,m023007_o_max_ord26_rk00008,0.594771300686126,0.6124664176869716,-0.017695117000845584
d3,o_max,m023008_o_max_ord26_rk00009,0.5827606596571766,0.6124664176869716,-0.029705758029795026
d3,o_max,m023009_o_max_ord26_rk00010,0.5737203004353988,0.6124664176869716,-0.03874611725157284
d3,o_max,m023010_o_max_ord26_rk00011,0.5921228894669157,0.6124664176869716,-0.020343528220055918
d3,o_max,m023011_o_max_ord26_rk00012,0.5973395771473622,0.6124664176869716,-0.015126840539609443
d3,o_max,m023012_o_max_ord26_rk00013,0.5883838246614745,0.6124664176869716,-0.02408259302549709
d3,o_max,m023013_o_max_ord26_rk00014,0.5710274675336324,0.6124664176869716,-0.041438950153339205
d3,o_max,m023014_o_max_ord26_rk00015,0.581732529015476,0.6124664176869716,-0.030733888671495624
d3,o_max,m023015_o_max_ord26_rk00016,0.5902424749049973,0.6124664176869716,-0.02222394278197437
d3,o_max,m023016_o_max_ord26_rk00017,0.5929313635496327,0.6124664176869716,-0.019535054137338914
d3,o_max,m023017_o_max_ord26_rk00018,0.593792326526113,0.6124664176869716,-0.018674091160858608
d3,o_max,m023018_o_max_ord26_rk00019,0.5982586371033143,0.6124664176869716,-0.014207780583657348
d3,o_max,m023019_o_max_ord26_rk00020,0.5791909406390908,0.6124664176869716,-0.03327547704788081
d3,o_max,m024000_o_max_ord27_rk00001,0.564019487163422,0.6124664176869716,-0.04844693052354965
d3,o_max,m024001_o_max_ord27_rk00002,0.5641261316120423,0.6124664176869716,-0.04834028607492935
d3,o_max,m024002_o_max_ord27_rk00003,0.5978027027498649,0.6124664176869716,-0.01466371493710672
d3,o_max,m024003_o_max_ord27_rk00004,0.5537368131118597,0.6124664176869716,-0.05872960457511189
d3,o_max,m024004_o_max_ord27_rk00005,0.5979491724881938,0.6124664176869716,-0.01451724519877784
d3,o_max,m024005_o_max_ord27_rk00006,0.599541572476717,0.6124664176869716,-0.01292484521025461
d3,o_max,m024006_o_max_ord27_rk00007,0.5996050466481777,0.6124664176869716,-0.012861371038793923
d3,o_max,m024007_o_max_ord27_rk00008,0.5591238349570804,0.6124664176869716,-0.05334258272989123
d3,o_max,m024008_o_max_ord27_rk00009,0.5538244675168948,0.6124664176869716,-0.058641950170076784
d3,o_max,m024009_o_max_ord27_rk00010,0.6023539736294037,0.6124664176869716,-0.010112444057567949
d3,o_max,m024010_o_max_ord27_rk00011,0.5982600037479191,0.6124664176869716,-0.014206413939052531
d3,o_max,m024011_o_max_ord27_rk00012,0.5963622162259892,0.6124664176869716,-0.01610420146098246
d3,o_max,m024012_o_max_ord27_rk00013,0.5748860427340793,0.6124664176869716,-0.03758037495289235
d3,o_max,m024013_o_max_ord27_rk00014,0.5641957030947913,0.6124664176869716,-0.04827071459218035
d3,o_max,m024014_o_max_ord27_rk00015,0.5583118172643333,0.6124664176869716,-0.05415460042263831
d3,o_max,m024015_o_max_ord27_rk00016,0.5918196110680329,0.6124664176869716,-0.020646806618938696
d3,o_max,m024016_o_max_ord27_rk00017,0.5865474386912894,0.6124664176869716,-0.025918978995682185
d3,o_max,m024017_o_max_ord27_rk00018,0.601265914308952,0.6124664176869716,-0.011200503378019588
d3,o_max,m024018_o_max_ord27_rk00019,0.5628782279432192,0.6124664176869716,-0.04958818974375245
d3,o_max,m024019_o_max_ord27_rk00020,0.5981699616047469,0.6124664176869716,-0.01429645608222474
d3,o_max,m025000_o_max_ord28_rk00001,0.573907776128841,0.6124664176869716,-0.0385586415581306
d3,o_max,m025001_o_max_ord28_rk00002,0.5751367566089471,0.6124664176869716,-0.03732966107802449
d3,o_max,m025002_o_max_ord28_rk00003,0.5658266172030015,0.6124664176869716,-0.046639800483970095
d3,o_max,m025003_o_max_ord28_rk00004,0.5668641550880889,0.6124664176869716,-0.04560226259888278
d3,o_max,m025004_o_max_ord28_rk00005,0.5782170135162713,0.6124664176869716,-0.034249404170700326
d3,o_max,m025005_o_max_ord28_rk00006,0.5677963934887196,0.6124664176869716,-0.044670024198252056
d3,o_max,m025006_o_max_ord28_rk00007,0.5962557796452317,0.6124664176869716,-0.016210638041739944
d3,o_max,m025007_o_max_ord28_rk00008,0.5636896337568005,0.6124664176869716,-0.04877678393017115
d3,o_max,m025008_o_max_ord28_rk00009,0.5540675117397276,0.6124664176869716,-0.05839890594724406
d3,o_max,m025009_o_max_ord28_rk00010,0.6002492750206689,0.6124664176869716,-0.012217142666302694
d3,o_max,m025010_o_max_ord28_rk00011,0.6029447987480604,0.6124664176869716,-0.009521618938911236
d3,o_max,m025011_o_max_ord28_rk00012,0.5757365325728148,0.6124664176869716,-0.03672988511415687
d3,o_max,m025012_o_max_ord28_rk00013,0.565942275963577,0.6124664176869716,-0.046524141723394585
d3,o_max,m025013_o_max_ord28_rk00014,0.5736922500314561,0.6124664176869716,-0.03877416765551556
d3,o_max,m025014_o_max_ord28_rk00015,0.5707773298121006,0.6124664176869716,-0.04168908787487102
d3,o_max,m025015_o_max_ord28_rk00016,0.5731971106981704,0.6124664176869716,-0.03926930698880127
d3,o_max,m025016_o_max_ord28_rk00017,0.5943972139340417,0.6124664176869716,-0.018069203752929974
d3,o_max,m025017_o_max_ord28_rk00018,0.5698434155473278,0.6124664176869716,-0.04262300213964387
d3,o_max,m025018_o_max_ord28_rk00019,0.5738540279807505,0.6124664176869716,-0.03861238970622116
d3,o_max,m025019_o_max_ord28_rk00020,0.5628136356119713,0.6124664176869716,-0.049652782075000346
d3,o_max,m026000_o_max_ord29_rk00001,0.5628436084682689,0.6124664176869716,-0.04962280921870277
d3,o_max,m026001_o_max_ord29_rk00002,0.5645853398685362,0.6124664176869716,-0.047881077818435425
d3,o_max,m026002_o_max_ord29_rk00003,0.5607544268335491,0.6124664176869716,-0.051711990853422485
d3,o_max,m026003_o_max_ord29_rk00004,0.560560822654234,0.6124664176869716,-0.05190559503273762
d3,o_max,m026004_o_max_ord29_rk00005,0.5541511025060917,0.6124664176869716,-0.058315315180879956
d3,o_max,m026005_o_max_ord29_rk00006,0.5654380638612554,0.6124664176869716,-0.04702835382571624
d3,o_max,m026006_o_max_ord29_rk00007,0.5556175446418166,0.6124664176869716,-0.05684887304515507
d3,o_max,m026007_o_max_ord29_rk00008,0.5492594079271994,0.6124664176869716,-0.06320700975977223
d3,o_max,m026008_o_max_ord29_rk00009,0.5553560903604997,0.6124664176869716,-0.05711032732647192
d3,o_max,m026009_o_max_ord29_rk00010,0.5553621558723993,0.6124664176869716,-0.05710426181457229
d3,o_max,m026010_o_max_ord29_rk00011,0.5977390035180349,0.6124664176869716,-0.014727414168936748
d3,o_max,m026011_o_max_ord29_rk00012,0.5578244570048323,0.6124664176869716,-0.054641960682139334
d3,o_max,m026012_o_max_ord29_rk00013,0.5459988910106888,0.6124664176869716,-0.06646752667628286
d3,o_max,m026013_o_max_ord29_rk00014,0.5568488012013688,0.6124664176869716,-0.05561761648560282
d3,o_max,m026014_o_max_ord29_rk00015,0.6020062402180805,0.6124664176869716,-0.010460177468891163
d3,o_max,m026015_o_max_ord29_rk00016,0.5560954926550145,0.6124664176869716,-0.056370925031957175
d3,o_max,m026016_o_max_ord29_rk00017,0.6050933973829556,0.6124664176869716,-0.007373020304015987
d3,o_max,m026017_o_max_ord29_rk00018,0.5763748653275396,0.6124664176869716,-0.036091552359432066
d3,o_max,m026018_o_max_ord29_rk00019,0.5725384863048137,0.6124664176869716,-0.03992793138215789
d3,o_max,m026019_o_max_ord29_rk00020,0.5561136762130086,0.6124664176869716,-0.056352741473963075
d3,o_max,m027000_o_max_ord30_rk00001,0.5513802188982051,0.6124664176869716,-0.06108619878876653
d3,o_max,m027001_o_max_ord30_rk00002,0.5738646363135242,0.6124664176869716,-0.038601781373447386
d3,o_max,m027002_o_max_ord30_rk00003,0.5667262986663657,0.6124664176869716,-0.04574011902060593
d3,o_max,m027003_o_max_ord30_rk00004,0.5605946784353116,0.6124664176869716,-0.05187173925166
d3,o_max,m027004_o_max_ord30_rk00005,0.5647945171933368,0.6124664176869716,-0.04767190049363479
d3,o_max,m027005_o_max_ord30_rk00006,0.5646930987078954,0.6124664176869716,-0.04777331897907622
d3,o_max,m027006_o_max_ord30_rk00007,0.5466060522527421,0.6124664176869716,-0.06586036543422957
d3,o_max,m027007_o_max_ord30_rk00008,0.574986833408561,0.6124664176869716,-0.03747958427841058
d3,o_max,m027008_o_max_ord30_rk00009,0.5623271140547044,0.6124664176869716,-0.05013930363226726
d3,o_max,m027009_o_max_ord30_rk00010,0.568694987455554,0.6124664176869716,-0.04377143023141761
d3,o_max,m027010_o_max_ord30_rk00011,0.5688011128248277,0.6124664176869716,-0.04366530486214393
d3,o_max,m027011_o_max_ord30_rk00012,0.5541388566448144,0.6124664176869716,-0.058327561042157194
d3,o_max,m027012_o_max_ord30_rk00013,0.589270752594914,0.6124664176869716,-0.023195665092057616
d3,o_max,m027013_o_max_ord30_rk00014,0.5693915235250023,0.6124664176869716,-0.0430748941619693
d3,o_max,m027014_o_max_ord30_rk00015,0.5654073021112546,0.6124664176869716,-0.04705911557571707
d3,o_max,m027015_o_max_ord30_rk00016,0.558784612169662,0.6124664176869716,-0.05368180551730961
d3,o_max,m027016_o_max_ord30_rk00017,0.5742036453600038,0.6124664176869716,-0.03826277232696784
d3,o_max,m027017_o_max_ord30_rk00018,0.5951969890371323,0.6124664176869716,-0.01726942864983938
d3,o_max,m027018_o_max_ord30_rk00019,0.5598267906736267,0.6124664176869716,-0.0526396270133449
d3,o_max,m027019_o_max_ord30_rk00020,0.5728217295488439,0.6124664176869716,-0.039644688138127715
OLS,o_min,m047515_o_min_ord3_rk00001,0.4318895456325796,0.5511279581498074,-0.11923841251722783
OLS,o_min,m047516_o_min_ord3_rk00002,0.513997274704262,0.5511279581498074,-0.037130683445545376
OLS,o_min,m047517_o_min_ord3_rk00003,0.3974633961895976,0.5511279581498074,-0.15366456196020983
OLS,o_min,m047518_o_min_ord3_rk00004,0.5117209450750386,0.5511279581498074,-0.03940701307476879
OLS,o_min,m047519_o_min_ord3_rk00005,-0.9463447145103718,0.5511279581498074,-1.4974726726601792
OLS,o_min,m047520_o_min_ord3_rk00006,-2.758949840060667,0.5511279581498074,-3.3100777982104743
OLS,o_min,m047521_o_min_ord3_rk00007,0.5100328482776768,0.5511279581498074,-0.04109510987213061
OLS,o_min,m047522_o_min_ord3_rk00008,0.497020019899321,0.5511279581498074,-0.05410793825048643
OLS,o_min,m047523_o_min_ord3_rk00009,-0.9687571618685008,0.5511279581498074,-1.5198851200183081
OLS,o_min,m047524_o_min_ord3_rk00010,0.4984526386670891,0.5511279581498074,-0.05267531948271831
OLS,o_min,m047525_o_min_ord3_rk00011,0.3435554126746643,0.5511279581498074,-0.20757254547514314
OLS,o_min,m047526_o_min_ord3_rk00012,-0.9900335849582376,0.5511279581498074,-1.541161543108045
OLS,o_min,m047527_o_min_ord3_rk00013,0.5085211344004223,0.5511279581498074,-0.04260682374938507
OLS,o_min,m047528_o_min_ord3_rk00014,0.2083789387139061,0.5511279581498074,-0.3427490194359013
OLS,o_min,m047529_o_min_ord3_rk00015,-1.050867403876648,0.5511279581498074,-1.6019953620264553
OLS,o_min,m047530_o_min_ord3_rk00016,0.502058517613859,0.5511279581498074,-0.049069440535948416
OLS,o_min,m047531_o_min_ord3_rk00017,-1.415958860964628,0.5511279581498074,-1.9670868191144355
OLS,o_min,m047532_o_min_ord3_rk00018,-1.21307149650416,0.5511279581498074,-1.7641994546539674
OLS,o_min,m047533_o_min_ord3_rk00019,-0.3493377913542286,0.5511279581498074,-0.900465749504036
OLS,o_min,m047534_o_min_ord3_rk00020,-0.7306429939357753,0.5511279581498074,-1.2817709520855827
OLS,o_min,m048515_o_min_ord4_rk00001,-0.1177012039088751,0.5511279581498074,-0.6688291620586825
OLS,o_min,m048516_o_min_ord4_rk00002,0.334240747256443,0.5511279581498074,-0.21688721089336443
OLS,o_min,m048517_o_min_ord4_rk00003,-0.7782324466203503,0.5511279581498074,-1.3293604047701577
OLS,o_min,m048518_o_min_ord4_rk00004,-0.092877892993749,0.5511279581498074,-0.6440058511435565
OLS,o_min,m048519_o_min_ord4_rk00005,0.2233476475289268,0.5511279581498074,-0.32778031062088064
OLS,o_min,m048520_o_min_ord4_rk00006,-0.3481556490010131,0.5511279581498074,-0.8992836071508206
OLS,o_min,m048521_o_min_ord4_rk00007,0.3713868696922093,0.5511279581498074,-0.17974108845759812
OLS,o_min,m048522_o_min_ord4_rk00008,0.4152839192788279,0.5511279581498074,-0.1358440388709795
OLS,o_min,m048523_o_min_ord4_rk00009,-0.4789714994282068,0.5511279581498074,-1.0300994575780142
OLS,o_min,m048524_o_min_ord4_rk00010,0.4359064920280641,0.5511279581498074,-0.11522146612174333
OLS,o_min,m048525_o_min_ord4_rk00011,0.0693498485688327,0.5511279581498074,-0.4817781095809747
OLS,o_min,m048526_o_min_ord4_rk00012,0.3942471809195563,0.5511279581498074,-0.15688077723025112
OLS,o_min,m048527_o_min_ord4_rk00013,-0.5828532176070853,0.5511279581498074,-1.1339811757568927
OLS,o_min,m048528_o_min_ord4_rk00014,-0.1549871924938999,0.5511279581498074,-0.7061151506437073
OLS,o_min,m048529_o_min_ord4_rk00015,0.1748722916932222,0.5511279581498074,-0.37625566645658526
OLS,o_min,m048530_o_min_ord4_rk00016,-1.35739962530132,0.5511279581498074,-1.9085275834511275
OLS,o_min,m048531_o_min_ord4_rk00017,0.3403727158404958,0.5511279581498074,-0.21075524230931164
OLS,o_min,m048532_o_min_ord4_rk00018,0.4060589683227807,0.5511279581498074,-0.1450689898270267
OLS,o_min,m048533_o_min_ord4_rk00019,0.395978057024403,0.5511279581498074,-0.15514990112540444
OLS,o_min,m048534_o_min_ord4_rk00020,0.3807536467250141,0.5511279581498074,-0.1703743114247933
OLS,o_min,m049515_o_min_ord5_rk00001,0.302457338752416,0.5511279581498074,-0.24867061939739143
OLS,o_min,m049516_o_min_ord5_rk00002,-0.4975647526930198,0.5511279581498074,-1.0486927108428272
OLS,o_min,m049517_o_min_ord5_rk00003,-5.995723126430102,0.5511279581498074,-6.5468510845799095
OLS,o_min,m049518_o_min_ord5_rk00004,0.3033925786985009,0.5511279581498074,-0.24773537945130653
OLS,o_min,m049519_o_min_ord5_rk00005,0.139642937759903,0.5511279581498074,-0.4114850203899044
OLS,o_min,m049520_o_min_ord5_rk00006,-2.360735461290058,0.5511279581498074,-2.9118634194398654
OLS,o_min,m049521_o_min_ord5_rk00007,-4.665989420059558,0.5511279581498074,-5.217117378209366
OLS,o_min,m049522_o_min_ord5_rk00008,0.1591700325787844,0.5511279581498074,-0.39195792557102305
OLS,o_min,m049523_o_min_ord5_rk00009,0.3100658692972001,0.5511279581498074,-0.24106208885260733
OLS,o_min,m049524_o_min_ord5_rk00010,-4.284405397091038,0.5511279581498074,-4.8355333552408455
OLS,o_min,m049525_o_min_ord5_rk00011,0.149878339555043,0.5511279581498074,-0.4012496185947644
OLS,o_min,m049526_o_min_ord5_rk00012,0.2918845302519128,0.5511279581498074,-0.2592434278978946
OLS,o_min,m049527_o_min_ord5_rk00013,-4.40981291696801,0.5511279581498074,-4.960940875117817
OLS,o_min,m049528_o_min_ord5_rk00014,0.3605880451433771,0.5511279581498074,-0.1905399130064303
OLS,o_min,m049529_o_min_ord5_rk00015,-7.911987911689893,0.5511279581498074,-8.4631158698397
OLS,o_min,m049530_o_min_ord5_rk00016,0.3494843326354326,0.5511279581498074,-0.2016436255143748
OLS,o_min,m049531_o_min_ord5_rk00017,0.1202477912455549,0.5511279581498074,-0.4308801669042525
OLS,o_min,m049532_o_min_ord5_rk00018,-4.740524792179338,0.5511279581498074,-5.2916527503291455
OLS,o_min,m049533_o_min_ord5_rk00019,0.3395534166494339,0.5511279581498074,-0.21157454150037353
OLS,o_min,m049534_o_min_ord5_rk00020,-0.4500968469643487,0.5511279581498074,-1.0012248051141561
OLS,o_min,m050515_o_min_ord6_rk00001,0.309108040449036,0.5511279581498074,-0.24201991770077141
OLS,o_min,m050516_o_min_ord6_rk00002,-0.3824830953981324,0.5511279581498074,-0.9336110535479398
OLS,o_min,m050517_o_min_ord6_rk00003,-10.52404861897254,0.5511279581498074,-11.075176577122347
OLS,o_min,m050518_o_min_ord6_rk00004,-0.3230079954481109,0.5511279581498074,-0.8741359535979183
OLS,o_min,m050519_o_min_ord6_rk00005,-0.5063473103608251,0.5511279581498074,-1.0574752685106326
OLS,o_min,m050520_o_min_ord6_rk00006,0.2825403596929976,0.5511279581498074,-0.2685875984568098
OLS,o_min,m050521_o_min_ord6_rk00007,0.1871079597809425,0.5511279581498074,-0.3640199983688649
OLS,o_min,m050522_o_min_ord6_rk00008,0.2340093685839691,0.5511279581498074,-0.3171185895658383
OLS,o_min,m050523_o_min_ord6_rk00009,0.3166403116436028,0.5511279581498074,-0.23448764650620463
OLS,o_min,m050524_o_min_ord6_rk00010,-0.5587927756600166,0.5511279581498074,-1.109920733809824
OLS,o_min,m050525_o_min_ord6_rk00011,0.2280578850403768,0.5511279581498074,-0.3230700731094306
OLS,o_min,m050526_o_min_ord6_rk00012,0.3410124416259895,0.5511279581498074,-0.21011551652381794
OLS,o_min,m050527_o_min_ord6_rk00013,0.2489527641271655,0.5511279581498074,-0.3021751940226419
OLS,o_min,m050528_o_min_ord6_rk00014,0.0360442559877189,0.5511279581498074,-0.5150837021620885
OLS,o_min,m050529_o_min_ord6_rk00015,-0.3802052178720601,0.5511279581498074,-0.9313331760218675
OLS,o_min,m050530_o_min_ord6_rk00016,0.2466449937493903,0.5511279581498074,-0.3044829644004171
OLS,o_min,m050531_o_min_ord6_rk00017,-0.0310834087684426,0.5511279581498074,-0.58221136691825
OLS,o_min,m050532_o_min_ord6_rk00018,-11.99535628792978,0.5511279581498074,-12.546484246079588
OLS,o_min,m050533_o_min_ord6_rk00019,0.3417788431504945,0.5511279581498074,-0.2093491149993129
OLS,o_min,m050534_o_min_ord6_rk00020,0.3591531645322015,0.5511279581498074,-0.19197479361760594
OLS,o_min,m051515_o_min_ord7_rk00001,-0.0591479087359145,0.5511279581498074,-0.6102758668857219
OLS,o_min,m051516_o_min_ord7_rk00002,0.2300541520803015,0.5511279581498074,-0.3210738060695059
OLS,o_min,m051517_o_min_ord7_rk00003,0.1684992109110469,0.5511279581498074,-0.3826287472387605
OLS,o_min,m051518_o_min_ord7_rk00004,-0.2663554767964906,0.5511279581498074,-0.817483434946298
OLS,o_min,m051519_o_min_ord7_rk00005,0.4336241359963632,0.5511279581498074,-0.11750382215344424
OLS,o_min,m051520_o_min_ord7_rk00006,-9.40562441034326,0.5511279581498074,-9.956752368493067
OLS,o_min,m051521_o_min_ord7_rk00007,-0.2519383309421441,0.5511279581498074,-0.8030662890919515
OLS,o_min,m051522_o_min_ord7_rk00008,0.0782114772110798,0.5511279581498074,-0.4729164809387276
OLS,o_min,m051523_o_min_ord7_rk00009,0.2582201485743557,0.5511279581498074,-0.2929078095754517
OLS,o_min,m051524_o_min_ord7_rk00010,-9.213921987109185,0.5511279581498074,-9.765049945258992
OLS,o_min,m051525_o_min_ord7_rk00011,-0.0484168996095804,0.5511279581498074,-0.5995448577593878
OLS,o_min,m051526_o_min_ord7_rk00012,0.3214445053064901,0.5511279581498074,-0.22968345284331732
OLS,o_min,m051527_o_min_ord7_rk00013,-9.062468221700374,0.5511279581498074,-9.613596179850182
OLS,o_min,m051528_o_min_ord7_rk00014,-8.111226775068449,0.5511279581498074,-8.662354733218256
OLS,o_min,m051529_o_min_ord7_rk00015,0.3308309100329232,0.5511279581498074,-0.22029704811688422
OLS,o_min,m051530_o_min_ord7_rk00016,-0.4664738805445592,0.5511279581498074,-1.0176018386943666
OLS,o_min,m051531_o_min_ord7_rk00017,0.1736139024383051,0.5511279581498074,-0.3775140557115023
OLS,o_min,m051532_o_min_ord7_rk00018,0.4317625498835928,0.5511279581498074,-0.11936540826621461
OLS,o_min,m051533_o_min_ord7_rk00019,0.3061159361781328,0.5511279581498074,-0.2450120219716746
OLS,o_min,m051534_o_min_ord7_rk00020,-0.6986247937994061,0.5511279581498074,-1.2497527519492135
OLS,o_min,m052515_o_min_ord8_rk00001,0.0874529009431398,0.5511279581498074,-0.46367505720666763
OLS,o_min,m052516_o_min_ord8_rk00002,-0.0588296372752927,0.5511279581498074,-0.6099575954251001
OLS,o_min,m052517_o_min_ord8_rk00003,0.2095075180431973,0.5511279581498074,-0.3416204401066101
OLS,o_min,m052518_o_min_ord8_rk00004,-0.2514409251380669,0.5511279581498074,-0.8025688832878743
OLS,o_min,m052519_o_min_ord8_rk00005,0.1432725751581066,0.5511279581498074,-0.4078553829917008
OLS,o_min,m052520_o_min_ord8_rk00006,0.1681631031524659,0.5511279581498074,-0.3829648549973415
OLS,o_min,m052521_o_min_ord8_rk00007,-0.1364919283299921,0.5511279581498074,-0.6876198864797995
OLS,o_min,m052522_o_min_ord8_rk00008,0.1756849154484278,0.5511279581498074,-0.3754430427013796
OLS,o_min,m052523_o_min_ord8_rk00009,0.3591194079947718,0.5511279581498074,-0.1920085501550356
OLS,o_min,m052524_o_min_ord8_rk00010,0.4866340202724177,0.5511279581498074,-0.06449393787738972
OLS,o_min,m052525_o_min_ord8_rk00011,0.2925575272242896,0.5511279581498074,-0.2585704309255178
OLS,o_min,m052526_o_min_ord8_rk00012,0.1102148004873108,0.5511279581498074,-0.4409131576624966
OLS,o_min,m052527_o_min_ord8_rk00013,-0.6174781526214441,0.5511279581498074,-1.1686061107712515
OLS,o_min,m052528_o_min_ord8_rk00014,0.2699259280812327,0.5511279581498074,-0.2812020300685747
OLS,o_min,m052529_o_min_ord8_rk00015,-8.374362624124602,0.5511279581498074,-8.92549058227441
OLS,o_min,m052530_o_min_ord8_rk00016,-8.251341363203927,0.5511279581498074,-8.802469321353735
OLS,o_min,m052531_o_min_ord8_rk00017,-8.275616398408387,0.5511279581498074,-8.826744356558194
OLS,o_min,m052532_o_min_ord8_rk00018,-0.0026741477932428,0.5511279581498074,-0.5538021059430502
OLS,o_min,m052533_o_min_ord8_rk00019,0.4948280086142509,0.5511279581498074,-0.056299949535556504
OLS,o_min,m052534_o_min_ord8_rk00020,0.2452751536472232,0.5511279581498074,-0.30585280450258423
OLS,o_min,m053515_o_min_ord9_rk00001,-1.566608462269998,0.5511279581498074,-2.1177364204198055
OLS,o_min,m053516_o_min_ord9_rk00002,0.1389429045734906,0.5511279581498074,-0.41218505357631685
OLS,o_min,m053517_o_min_ord9_rk00003,0.2718453929503727,0.5511279581498074,-0.27928256519943473
OLS,o_min,m053518_o_min_ord9_rk00004,-0.2058276376288492,0.5511279581498074,-0.7569555957786567
OLS,o_min,m053519_o_min_ord9_rk00005,0.1451199069934809,0.5511279581498074,-0.40600805115632654
OLS,o_min,m053520_o_min_ord9_rk00006,0.0654172024861166,0.5511279581498074,-0.4857107556636908
OLS,o_min,m053521_o_min_ord9_rk00007,0.2974866104539579,0.5511279581498074,-0.2536413476958495
OLS,o_min,m053522_o_min_ord9_rk00008,-0.0169112778801339,0.5511279581498074,-0.5680392360299413
OLS,o_min,m053523_o_min_ord9_rk00009,0.041279523132903,0.5511279581498074,-0.5098484350169045
OLS,o_min,m053524_o_min_ord9_rk00010,-0.3479152134511776,0.5511279581498074,-0.899043171600985
OLS,o_min,m053525_o_min_ord9_rk00011,-0.1833079645171789,0.5511279581498074,-0.7344359226669863
OLS,o_min,m053526_o_min_ord9_rk00012,-0.0621906870143802,0.5511279581498074,-0.6133186451641877
OLS,o_min,m053527_o_min_ord9_rk00013,0.2144562849297184,0.5511279581498074,-0.336671673220089
OLS,o_min,m053528_o_min_ord9_rk00014,-0.0424868399448545,0.5511279581498074,-0.5936147980946619
OLS,o_min,m053529_o_min_ord9_rk00015,0.221016097415455,0.5511279581498074,-0.3301118607343524
OLS,o_min,m053530_o_min_ord9_rk00016,0.2680792999787992,0.5511279581498074,-0.2830486581710082
OLS,o_min,m053531_o_min_ord9_rk00017,0.1700720079746104,0.5511279581498074,-0.381055950175197
OLS,o_min,m053532_o_min_ord9_rk00018,0.3011822359657613,0.5511279581498074,-0.2499457221840461
OLS,o_min,m053533_o_min_ord9_rk00019,0.1738105460231799,0.5511279581498074,-0.3773174121266275
OLS,o_min,m053534_o_min_ord9_rk00020,0.3284658933453311,0.5511279581498074,-0.2226620648044763
OLS,o_min,m054515_o_min_ord10_rk00001,0.1645559714130915,0.5511279581498074,-0.3865719867367159
OLS,o_min,m054516_o_min_ord10_rk00002,0.1701874966867886,0.5511279581498074,-0.38094046146301885
OLS,o_min,m054517_o_min_ord10_rk00003,0.3485680446830321,0.5511279581498074,-0.20255991346677532
OLS,o_min,m054518_o_min_ord10_rk00004,0.0607083006261831,0.5511279581498074,-0.4904196575236243
OLS,o_min,m054519_o_min_ord10_rk00005,-4.175250648554405,0.5511279581498074,-4.726378606704213
OLS,o_min,m054520_o_min_ord10_rk00006,0.0295652182026325,0.5511279581498074,-0.521562739947175
OLS,o_min,m054521_o_min_ord10_rk00007,-0.0158568632173963,0.5511279581498074,-0.5669848213672037
OLS,o_min,m054522_o_min_ord10_rk00008,0.1324794794991185,0.5511279581498074,-0.4186484786506889
OLS,o_min,m054523_o_min_ord10_rk00009,-0.0082709815753063,0.5511279581498074,-0.5593989397251137
OLS,o_min,m054524_o_min_ord10_rk00010,-0.0073071226402861,0.5511279581498074,-0.5584350807900935
OLS,o_min,m054525_o_min_ord10_rk00011,0.280487684870241,0.5511279581498074,-0.2706402732795664
OLS,o_min,m054526_o_min_ord10_rk00012,-0.0715910270543045,0.5511279581498074,-0.622718985204112
OLS,o_min,m054527_o_min_ord10_rk00013,0.2887462181886798,0.5511279581498074,-0.2623817399611276
OLS,o_min,m054528_o_min_ord10_rk00014,0.2914015478816202,0.5511279581498074,-0.2597264102681872
OLS,o_min,m054529_o_min_ord10_rk00015,-0.0622283473148785,0.5511279581498074,-0.6133563054646859
OLS,o_min,m054530_o_min_ord10_rk00016,0.1515699957525874,0.5511279581498074,-0.39955796239722
OLS,o_min,m054531_o_min_ord10_rk00017,0.3089546999525965,0.5511279581498074,-0.24217325819721092
OLS,o_min,m054532_o_min_ord10_rk00018,-0.041998872360865,0.5511279581498074,-0.5931268305106724
OLS,o_min,m054533_o_min_ord10_rk00019,0.0480310027008442,0.5511279581498074,-0.5030969554489633
OLS,o_min,m054534_o_min_ord10_rk00020,-0.0106806737423239,0.5511279581498074,-0.5618086318921314
OLS,o_min,m055515_o_min_ord11_rk00001,0.1846902642599373,0.5511279581498074,-0.36643769388987013
OLS,o_min,m055516_o_min_ord11_rk00002,-0.269331379270826,0.5511279581498074,-0.8204593374206335
OLS,o_min,m055517_o_min_ord11_rk00003,-0.1925868383256368,0.5511279581498074,-0.7437147964754443
OLS,o_min,m055518_o_min_ord11_rk00004,-0.220149002784324,0.5511279581498074,-0.7712769609341315
OLS,o_min,m055519_o_min_ord11_rk00005,-0.0729672644584522,0.5511279581498074,-0.6240952226082597
OLS,o_min,m055520_o_min_ord11_rk00006,-2.954781988097771,0.5511279581498074,-3.505909946247578
OLS,o_min,m055521_o_min_ord11_rk00007,-1.172679291297388,0.5511279581498074,-1.7238072494471954
OLS,o_min,m055522_o_min_ord11_rk00008,-1.251796780054707,0.5511279581498074,-1.8029247382045144
OLS,o_min,m055523_o_min_ord11_rk00009,-1.070651345545956,0.5511279581498074,-1.6217793036957635
OLS,o_min,m055524_o_min_ord11_rk00010,0.1791451711032277,0.5511279581498074,-0.3719827870465797
OLS,o_min,m055525_o_min_ord11_rk00011,0.1778236406876413,0.5511279581498074,-0.3733043174621661
OLS,o_min,m055526_o_min_ord11_rk00012,0.025439685212686,0.5511279581498074,-0.5256882729371214
OLS,o_min,m055527_o_min_ord11_rk00013,0.3330142022741746,0.5511279581498074,-0.2181137558756328
OLS,o_min,m055528_o_min_ord11_rk00014,0.1863542146796432,0.5511279581498074,-0.3647737434701642
OLS,o_min,m055529_o_min_ord11_rk00015,-0.4522754570521992,0.5511279581498074,-1.0034034152020066
OLS,o_min,m055530_o_min_ord11_rk00016,0.0617862880137695,0.5511279581498074,-0.4893416701360379
OLS,o_min,m055531_o_min_ord11_rk00017,0.4093138998320794,0.5511279581498074,-0.14181405831772803
OLS,o_min,m055532_o_min_ord11_rk00018,-0.5648724419384485,0.5511279581498074,-1.116000400088256
OLS,o_min,m055533_o_min_ord11_rk00019,-0.9627823539334566,0.5511279581498074,-1.513910312083264
OLS,o_min,m055534_o_min_ord11_rk00020,0.2383617390205935,0.5511279581498074,-0.31276621912921393
OLS,o_min,m056515_o_min_ord12_rk00001,-0.2729529634278917,0.5511279581498074,-0.8240809215776992
OLS,o_min,m056516_o_min_ord12_rk00002,-2.782966541870096,0.5511279581498074,-3.334094500019903
OLS,o_min,m056517_o_min_ord12_rk00003,0.1327660562309961,0.5511279581498074,-0.4183619019188113
OLS,o_min,m056518_o_min_ord12_rk00004,-0.211032777750096,0.5511279581498074,-0.7621607358999034
OLS,o_min,m056519_o_min_ord12_rk00005,0.0454135133358006,0.5511279581498074,-0.5057144448140068
OLS,o_min,m056520_o_min_ord12_rk00006,-1.532266240944781,0.5511279581498074,-2.083394199094588
OLS,o_min,m056521_o_min_ord12_rk00007,0.2999768717941591,0.5511279581498074,-0.2511510863556483
OLS,o_min,m056522_o_min_ord12_rk00008,-0.2734716763397771,0.5511279581498074,-0.8245996344895845
OLS,o_min,m056523_o_min_ord12_rk00009,-1.690556831919811,0.5511279581498074,-2.2416847900696184
OLS,o_min,m056524_o_min_ord12_rk00010,-0.4266011972026926,0.5511279581498074,-0.9777291553525
OLS,o_min,m056525_o_min_ord12_rk00011,-0.3287090168079467,0.5511279581498074,-0.8798369749577541
OLS,o_min,m056526_o_min_ord12_rk00012,0.3376445109621601,0.5511279581498074,-0.21348344718764733
OLS,o_min,m056527_o_min_ord12_rk00013,-0.2637479356623653,0.5511279581498074,-0.8148758938121727
OLS,o_min,m056528_o_min_ord12_rk00014,-1.088236060026311,0.5511279581498074,-1.6393640181761184
OLS,o_min,m056529_o_min_ord12_rk00015,-0.0869636069201196,0.5511279581498074,-0.638091565069927
OLS,o_min,m056530_o_min_ord12_rk00016,-0.4069338948514189,0.5511279581498074,-0.9580618530012264
OLS,o_min,m056531_o_min_ord12_rk00017,0.0714778254338165,0.5511279581498074,-0.4796501327159909
OLS,o_min,m056532_o_min_ord12_rk00018,0.0808399238301668,0.5511279581498074,-0.4702880343196406
OLS,o_min,m056533_o_min_ord12_rk00019,-0.997770342121157,0.5511279581498074,-1.5488983002709644
OLS,o_min,m056534_o_min_ord12_rk00020,-0.0809164703060834,0.5511279581498074,-0.6320444284558908
OLS,o_min,m057515_o_min_ord13_rk00001,-0.4694508343786894,0.5511279581498074,-1.0205787925284968
OLS,o_min,m057516_o_min_ord13_rk00002,-0.2665477369672937,0.5511279581498074,-0.8176756951171011
OLS,o_min,m057517_o_min_ord13_rk00003,-1.477332095244243,0.5511279581498074,-2.0284600533940504
OLS,o_min,m057518_o_min_ord13_rk00004,-0.5842402348719753,0.5511279581498074,-1.1353681930217827
OLS,o_min,m057519_o_min_ord13_rk00005,-0.5982051369462658,0.5511279581498074,-1.1493330950960732
OLS,o_min,m057520_o_min_ord13_rk00006,0.261075387112249,0.5511279581498074,-0.29005257103755844
OLS,o_min,m057521_o_min_ord13_rk00007,0.0337154878845582,0.5511279581498074,-0.5174124702652492
OLS,o_min,m057522_o_min_ord13_rk00008,-0.8489299985620566,0.5511279581498074,-1.400057956711864
OLS,o_min,m057523_o_min_ord13_rk00009,0.3000018327211508,0.5511279581498074,-0.25112612542865664
OLS,o_min,m057524_o_min_ord13_rk00010,-0.7750975127413198,0.5511279581498074,-1.3262254708911272
OLS,o_min,m057525_o_min_ord13_rk00011,-0.2355272529996139,0.5511279581498074,-0.7866552111494214
OLS,o_min,m057526_o_min_ord13_rk00012,-2.753767035503237,0.5511279581498074,-3.3048949936530443
OLS,o_min,m057527_o_min_ord13_rk00013,-0.5843076834591068,0.5511279581498074,-1.1354356416089142
OLS,o_min,m057528_o_min_ord13_rk00014,0.1017537805511429,0.5511279581498074,-0.4493741775986645
OLS,o_min,m057529_o_min_ord13_rk00015,0.0616734457934357,0.5511279581498074,-0.4894545123563717
OLS,o_min,m057530_o_min_ord13_rk00016,-0.4820837787123924,0.5511279581498074,-1.0332117368621998
OLS,o_min,m057531_o_min_ord13_rk00017,-0.1200342926113926,0.5511279581498074,-0.6711622507612001
OLS,o_min,m057532_o_min_ord13_rk00018,-0.1805158767018768,0.5511279581498074,-0.7316438348516843
OLS,o_min,m057533_o_min_ord13_rk00019,-1.564100414517827,0.5511279581498074,-2.1152283726676346
OLS,o_min,m057534_o_min_ord13_rk00020,0.0404044812114788,0.5511279581498074,-0.5107234769383286
OLS,o_min,m058515_o_min_ord14_rk00001,-0.5847122344954687,0.5511279581498074,-1.1358401926452761
OLS,o_min,m058516_o_min_ord14_rk00002,-0.7918977347031997,0.5511279581498074,-1.343025692853007
OLS,o_min,m058517_o_min_ord14_rk00003,-0.9088387558456644,0.5511279581498074,-1.4599667139954717
OLS,o_min,m058518_o_min_ord14_rk00004,0.3686262552177267,0.5511279581498074,-0.18250170293208073
OLS,o_min,m058519_o_min_ord14_rk00005,-0.6524226724368316,0.5511279581498074,-1.203550630586639
OLS,o_min,m058520_o_min_ord14_rk00006,-0.4028420650677284,0.5511279581498074,-0.9539700232175359
OLS,o_min,m058521_o_min_ord14_rk00007,-0.1570707846293706,0.5511279581498074,-0.708198742779178
OLS,o_min,m058522_o_min_ord14_rk00008,-0.3840352577138379,0.5511279581498074,-0.9351632158636454
OLS,o_min,m058523_o_min_ord14_rk00009,-0.9500011247655088,0.5511279581498074,-1.501129082915316
OLS,o_min,m058524_o_min_ord14_rk00010,-0.5716224279793245,0.5511279581498074,-1.122750386129132
OLS,o_min,m058525_o_min_ord14_rk00011,-2.185807597628025,0.5511279581498074,-2.7369355557778325
OLS,o_min,m058526_o_min_ord14_rk00012,-0.5980436657338304,0.5511279581498074,-1.1491716238836378
OLS,o_min,m058527_o_min_ord14_rk00013,-0.0483338693986459,0.5511279581498074,-0.5994618275484533
OLS,o_min,m058528_o_min_ord14_rk00014,-0.0881158402280504,0.5511279581498074,-0.6392437983778578
OLS,o_min,m058529_o_min_ord14_rk00015,-0.4489655628601314,0.5511279581498074,-1.0000935210099389
OLS,o_min,m058530_o_min_ord14_rk00016,-1.215743088051927,0.5511279581498074,-1.7668710462017345
OLS,o_min,m058531_o_min_ord14_rk00017,-0.3914917923921197,0.5511279581498074,-0.9426197505419271
OLS,o_min,m058532_o_min_ord14_rk00018,-0.1701075622122743,0.5511279581498074,-0.7212355203620817
OLS,o_min,m058533_o_min_ord14_rk00019,-0.5971195713805617,0.5511279581498074,-1.1482475295303691
OLS,o_min,m058534_o_min_ord14_rk00020,-0.2930890370926762,0.5511279581498074,-0.8442169952424836
OLS,o_min,m059515_o_min_ord15_rk00001,-0.9716376437276196,0.5511279581498074,-1.5227656018774272
OLS,o_min,m059516_o_min_ord15_rk00002,-0.2080231497682063,0.5511279581498074,-0.7591511079180138
OLS,o_min,m059517_o_min_ord15_rk00003,-0.8369817152800094,0.5511279581498074,-1.3881096734298168
OLS,o_min,m059518_o_min_ord15_rk00004,-0.0664570104968824,0.5511279581498074,-0.6175849686466898
OLS,o_min,m059519_o_min_ord15_rk00005,-0.8007069643518507,0.5511279581498074,-1.3518349225016582
OLS,o_min,m059520_o_min_ord15_rk00006,-0.7115571998724921,0.5511279581498074,-1.2626851580222995
OLS,o_min,m059521_o_min_ord15_rk00007,0.0270947073524927,0.5511279581498074,-0.5240332507973147
OLS,o_min,m059522_o_min_ord15_rk00008,-0.581088806991376,0.5511279581498074,-1.1322167651411834
OLS,o_min,m059523_o_min_ord15_rk00009,-0.3001442312233398,0.5511279581498074,-0.8512721893731472
OLS,o_min,m059524_o_min_ord15_rk00010,-2.862788231443882,0.5511279581498074,-3.4139161895936896
OLS,o_min,m059525_o_min_ord15_rk00011,-0.8492870426748778,0.5511279581498074,-1.4004150008246852
OLS,o_min,m059526_o_min_ord15_rk00012,-0.4991482917240828,0.5511279581498074,-1.0502762498738902
OLS,o_min,m059527_o_min_ord15_rk00013,-0.339887189930647,0.5511279581498074,-0.8910151480804545
OLS,o_min,m059528_o_min_ord15_rk00014,-0.405222017925388,0.5511279581498074,-0.9563499760751955
OLS,o_min,m059529_o_min_ord15_rk00015,0.3247095073146864,0.5511279581498074,-0.22641845083512102
OLS,o_min,m059530_o_min_ord15_rk00016,0.4101285482679988,0.5511279581498074,-0.1409994098818086
OLS,o_min,m059531_o_min_ord15_rk00017,-1.023984802148846,0.5511279581498074,-1.5751127602986534
OLS,o_min,m059532_o_min_ord15_rk00018,-0.3852520649261242,0.5511279581498074,-0.9363800230759316
OLS,o_min,m059533_o_min_ord15_rk00019,-1.080009957455198,0.5511279581498074,-1.6311379156050054
OLS,o_min,m059534_o_min_ord15_rk00020,-0.0225816447979698,0.5511279581498074,-0.5737096029477772
OLS,o_min,m060515_o_min_ord16_rk00001,-0.1020693611088303,0.5511279581498074,-0.6531973192586378
OLS,o_min,m060516_o_min_ord16_rk00002,-0.1697514630257808,0.5511279581498074,-0.7208794211755882
OLS,o_min,m060517_o_min_ord16_rk00003,-0.6134053551099243,0.5511279581498074,-1.1645333132597318
OLS,o_min,m060518_o_min_ord16_rk00004,-0.3324340248647379,0.5511279581498074,-0.8835619830145454
OLS,o_min,m060519_o_min_ord16_rk00005,-0.3964547356440409,0.5511279581498074,-0.9475826937938483
OLS,o_min,m060520_o_min_ord16_rk00006,-1.381506345732162,0.5511279581498074,-1.9326343038819693
OLS,o_min,m060521_o_min_ord16_rk00007,-0.4109987674007103,0.5511279581498074,-0.9621267255505177
OLS,o_min,m060522_o_min_ord16_rk00008,-0.1899274386858132,0.5511279581498074,-0.7410553968356206
OLS,o_min,m060523_o_min_ord16_rk00009,-2.943486295101072,0.5511279581498074,-3.4946142532508793
OLS,o_min,m060524_o_min_ord16_rk00010,-0.0133112753196817,0.5511279581498074,-0.5644392334694891
OLS,o_min,m060525_o_min_ord16_rk00011,0.3128278430470483,0.5511279581498074,-0.2383001151027591
OLS,o_min,m060526_o_min_ord16_rk00012,-0.8630753576442709,0.5511279581498074,-1.4142033157940783
OLS,o_min,m060527_o_min_ord16_rk00013,-0.5083636639544327,0.5511279581498074,-1.05949162210424
OLS,o_min,m060528_o_min_ord16_rk00014,-0.861872900535477,0.5511279581498074,-1.4130008586852845
OLS,o_min,m060529_o_min_ord16_rk00015,-0.1301373387800262,0.5511279581498074,-0.6812652969298336
OLS,o_min,m060530_o_min_ord16_rk00016,0.0450392284967424,0.5511279581498074,-0.5060887296530651
OLS,o_min,m060531_o_min_ord16_rk00017,0.3966423439264339,0.5511279581498074,-0.15448561422337354
OLS,o_min,m060532_o_min_ord16_rk00018,-1.218455786343146,0.5511279581498074,-1.7695837444929534
OLS,o_min,m060533_o_min_ord16_rk00019,-1.14631629597371,0.5511279581498074,-1.6974442541235175
OLS,o_min,m060534_o_min_ord16_rk00020,0.010601425534897,0.5511279581498074,-0.5405265326149105
OLS,o_min,m061515_o_min_ord17_rk00001,-0.1547853098226543,0.5511279581498074,-0.7059132679724617
OLS,o_min,m061516_o_min_ord17_rk00002,-0.1445009291463734,0.5511279581498074,-0.6956288872961809
OLS,o_min,m061517_o_min_ord17_rk00003,-0.428406386245991,0.5511279581498074,-0.9795343443957985
OLS,o_min,m061518_o_min_ord17_rk00004,-0.6318350829603152,0.5511279581498074,-1.1829630411101226
OLS,o_min,m061519_o_min_ord17_rk00005,-0.6990689300408837,0.5511279581498074,-1.250196888190691
OLS,o_min,m061520_o_min_ord17_rk00006,-1.862366964324766,0.5511279581498074,-2.413494922474573
OLS,o_min,m061521_o_min_ord17_rk00007,-0.7396391842439223,0.5511279581498074,-1.2907671423937297
OLS,o_min,m061522_o_min_ord17_rk00008,-0.5287362542205298,0.5511279581498074,-1.0798642123703373
OLS,o_min,m061523_o_min_ord17_rk00009,-0.4487621291472929,0.5511279581498074,-0.9998900872971004
OLS,o_min,m061524_o_min_ord17_rk00010,0.1487141027917352,0.5511279581498074,-0.4024138553580722
OLS,o_min,m061525_o_min_ord17_rk00011,0.126659948000971,0.5511279581498074,-0.4244680101488364
OLS,o_min,m061526_o_min_ord17_rk00012,-0.6414489747574796,0.5511279581498074,-1.192576932907287
OLS,o_min,m061527_o_min_ord17_rk00013,-0.5356489323271978,0.5511279581498074,-1.0867768904770052
OLS,o_min,m061528_o_min_ord17_rk00014,-0.405635697228689,0.5511279581498074,-0.9567636553784964
OLS,o_min,m061529_o_min_ord17_rk00015,0.4086893215932007,0.5511279581498074,-0.1424386365566067
OLS,o_min,m061530_o_min_ord17_rk00016,-0.3235915592931202,0.5511279581498074,-0.8747195174429276
OLS,o_min,m061531_o_min_ord17_rk00017,-0.5183370225330493,0.5511279581498074,-1.0694649806828567
OLS,o_min,m061532_o_min_ord17_rk00018,-0.4451305483618586,0.5511279581498074,-0.996258506511666
OLS,o_min,m061533_o_min_ord17_rk00019,-0.9108909658885228,0.5511279581498074,-1.4620189240383303
OLS,o_min,m061534_o_min_ord17_rk00020,0.075744756118291,0.5511279581498074,-0.4753832020315164
OLS,o_min,m062515_o_min_ord18_rk00001,-0.8770567341726201,0.5511279581498074,-1.4281846923224275
OLS,o_min,m062516_o_min_ord18_rk00002,-0.1823315931820621,0.5511279581498074,-0.7334595513318696
OLS,o_min,m062517_o_min_ord18_rk00003,-0.4504859241895915,0.5511279581498074,-1.001613882339399
OLS,o_min,m062518_o_min_ord18_rk00004,-0.1560057220507582,0.5511279581498074,-0.7071336802005657
OLS,o_min,m062519_o_min_ord18_rk00005,-0.829017635675106,0.5511279581498074,-1.3801455938249134
OLS,o_min,m062520_o_min_ord18_rk00006,0.2414304534505928,0.5511279581498074,-0.30969750469921464
OLS,o_min,m062521_o_min_ord18_rk00007,-0.5014426777983318,0.5511279581498074,-1.0525706359481393
OLS,o_min,m062522_o_min_ord18_rk00008,0.1754106545044335,0.5511279581498074,-0.3757173036453739
OLS,o_min,m062523_o_min_ord18_rk00009,-0.5131777508668667,0.5511279581498074,-1.064305709016674
OLS,o_min,m062524_o_min_ord18_rk00010,-0.7105017177599251,0.5511279581498074,-1.2616296759097325
OLS,o_min,m062525_o_min_ord18_rk00011,-0.9526197837588192,0.5511279581498074,-1.5037477419086267
OLS,o_min,m062526_o_min_ord18_rk00012,-0.4917004391205164,0.5511279581498074,-1.0428283972703238
OLS,o_min,m062527_o_min_ord18_rk00013,-0.7770121963739933,0.5511279581498074,-1.3281401545238007
OLS,o_min,m062528_o_min_ord18_rk00014,0.1304739072357562,0.5511279581498074,-0.4206540509140512
OLS,o_min,m062529_o_min_ord18_rk00015,-2.314614926032272,0.5511279581498074,-2.8657428841820796
OLS,o_min,m062530_o_min_ord18_rk00016,-0.00375417997108,0.5511279581498074,-0.5548821381208874
OLS,o_min,m062531_o_min_ord18_rk00017,-1.527590331913791,0.5511279581498074,-2.0787182900635983
OLS,o_min,m062532_o_min_ord18_rk00018,-3.652849714360288,0.5511279581498074,-4.203977672510096
OLS,o_min,m062533_o_min_ord18_rk00019,0.1038998846515005,0.5511279581498074,-0.4472280734983069
OLS,o_min,m062534_o_min_ord18_rk00020,-0.2094731167763175,0.5511279581498074,-0.7606010749261249
OLS,o_min,m063515_o_min_ord19_rk00001,-0.5671338410166633,0.5511279581498074,-1.1182617991664707
OLS,o_min,m063516_o_min_ord19_rk00002,-0.7631469367160066,0.5511279581498074,-1.314274894865814
OLS,o_min,m063517_o_min_ord19_rk00003,-0.8933959844706834,0.5511279581498074,-1.4445239426204908
OLS,o_min,m063518_o_min_ord19_rk00004,0.148919855729906,0.5511279581498074,-0.40220810241990146
OLS,o_min,m063519_o_min_ord19_rk00005,0.2015577304304713,0.5511279581498074,-0.3495702277193361
OLS,o_min,m063520_o_min_ord19_rk00006,-0.7652718514473924,0.5511279581498074,-1.3163998095971998
OLS,o_min,m063521_o_min_ord19_rk00007,-0.5873268076924918,0.5511279581498074,-1.1384547658422992
OLS,o_min,m063522_o_min_ord19_rk00008,0.1670108481302543,0.5511279581498074,-0.3841171100195531
OLS,o_min,m063523_o_min_ord19_rk00009,-0.7407213531403238,0.5511279581498074,-1.2918493112901313
OLS,o_min,m063524_o_min_ord19_rk00010,-0.8115992405342414,0.5511279581498074,-1.3627271986840488
OLS,o_min,m063525_o_min_ord19_rk00011,-0.0620236821628972,0.5511279581498074,-0.6131516403127046
OLS,o_min,m063526_o_min_ord19_rk00012,-0.5057360144592609,0.5511279581498074,-1.0568639726090683
OLS,o_min,m063527_o_min_ord19_rk00013,-0.3591981322744171,0.5511279581498074,-0.9103260904242245
OLS,o_min,m063528_o_min_ord19_rk00014,-0.3400176391953784,0.5511279581498074,-0.8911455973451858
OLS,o_min,m063529_o_min_ord19_rk00015,0.1262178622958364,0.5511279581498074,-0.424910095853971
OLS,o_min,m063530_o_min_ord19_rk00016,-9.574209952061988,0.5511279581498074,-10.125337910211796
OLS,o_min,m063531_o_min_ord19_rk00017,-0.9327278257455064,0.5511279581498074,-1.4838557838953137
OLS,o_min,m063532_o_min_ord19_rk00018,-2.375282046196244,0.5511279581498074,-2.9264100043460513
OLS,o_min,m063533_o_min_ord19_rk00019,-0.8511967893182424,0.5511279581498074,-1.4023247474680498
OLS,o_min,m063534_o_min_ord19_rk00020,-8.524555431088254,0.5511279581498074,-9.075683389238062
OLS,o_min,m064515_o_min_ord20_rk00001,-0.7761487188403937,0.5511279581498074,-1.3272766769902011
OLS,o_min,m064516_o_min_ord20_rk00002,-0.2806729548705109,0.5511279581498074,-0.8318009130203183
OLS,o_min,m064517_o_min_ord20_rk00003,-0.8572853613163689,0.5511279581498074,-1.4084133194661763
OLS,o_min,m064518_o_min_ord20_rk00004,-0.490082055634349,0.5511279581498074,-1.0412100137841565
OLS,o_min,m064519_o_min_ord20_rk00005,0.1313954639014715,0.5511279581498074,-0.4197324942483359
OLS,o_min,m064520_o_min_ord20_rk00006,0.1767881839368111,0.5511279581498074,-0.37433977421299636
OLS,o_min,m064521_o_min_ord20_rk00007,-0.5735692369612544,0.5511279581498074,-1.1246971951110618
OLS,o_min,m064522_o_min_ord20_rk00008,-0.5537628848734775,0.5511279581498074,-1.1048908430232849
OLS,o_min,m064523_o_min_ord20_rk00009,-0.5954787450175911,0.5511279581498074,-1.1466067031673985
OLS,o_min,m064524_o_min_ord20_rk00010,-0.8871663737938258,0.5511279581498074,-1.4382943319436332
OLS,o_min,m064525_o_min_ord20_rk00011,-0.3836919414872219,0.5511279581498074,-0.9348198996370294
OLS,o_min,m064526_o_min_ord20_rk00012,-5.425336198539029,0.5511279581498074,-5.976464156688837
OLS,o_min,m064527_o_min_ord20_rk00013,-0.8289190540632541,0.5511279581498074,-1.3800470122130615
OLS,o_min,m064528_o_min_ord20_rk00014,-0.5999529662508292,0.5511279581498074,-1.1510809244006366
OLS,o_min,m064529_o_min_ord20_rk00015,-0.5515465702588287,0.5511279581498074,-1.1026745284086361
OLS,o_min,m064530_o_min_ord20_rk00016,-0.4201562107862029,0.5511279581498074,-0.9712841689360103
OLS,o_min,m064531_o_min_ord20_rk00017,-0.2152209852189297,0.5511279581498074,-0.7663489433687372
OLS,o_min,m064532_o_min_ord20_rk00018,-9.303983257214671,0.5511279581498074,-9.855111215364479
OLS,o_min,m064533_o_min_ord20_rk00019,0.1139012289794584,0.5511279581498074,-0.437226729170349
OLS,o_min,m064534_o_min_ord20_rk00020,-0.8236189143623978,0.5511279581498074,-1.3747468725122052
OLS,o_min,m065515_o_min_ord21_rk00001,-10.89423301296623,0.5511279581498074,-11.445360971116038
OLS,o_min,m065516_o_min_ord21_rk00002,-12.05820886968383,0.5511279581498074,-12.609336827833637
OLS,o_min,m065517_o_min_ord21_rk00003,-0.2059904355167381,0.5511279581498074,-0.7571183936665455
OLS,o_min,m065518_o_min_ord21_rk00004,-5.522334809184555,0.5511279581498074,-6.073462767334362
OLS,o_min,m065519_o_min_ord21_rk00005,-0.4475877302796005,0.5511279581498074,-0.9987156884294079
OLS,o_min,m065520_o_min_ord21_rk00006,-4.107738701059448,0.5511279581498074,-4.658866659209256
OLS,o_min,m065521_o_min_ord21_rk00007,-0.5283000606843036,0.5511279581498074,-1.079428018834111
OLS,o_min,m065522_o_min_ord21_rk00008,0.1036000379361383,0.5511279581498074,-0.4475279202136691
OLS,o_min,m065523_o_min_ord21_rk00009,-0.6233507851143987,0.5511279581498074,-1.174478743264206
OLS,o_min,m065524_o_min_ord21_rk00010,-1.08891587371693,0.5511279581498074,-1.6400438318667374
OLS,o_min,m065525_o_min_ord21_rk00011,-0.3932781539274326,0.5511279581498074,-0.94440611207724
OLS,o_min,m065526_o_min_ord21_rk00012,-1.153434915788806,0.5511279581498074,-1.7045628739386134
OLS,o_min,m065527_o_min_ord21_rk00013,-0.5461262889045249,0.5511279581498074,-1.0972542470543323
OLS,o_min,m065528_o_min_ord21_rk00014,-2.023562033958377,0.5511279581498074,-2.5746899921081843
OLS,o_min,m065529_o_min_ord21_rk00015,-7.854439694537136,0.5511279581498074,-8.405567652686944
OLS,o_min,m065530_o_min_ord21_rk00016,-0.1566259506988121,0.5511279581498074,-0.7077539088486196
OLS,o_min,m065531_o_min_ord21_rk00017,-8.950208299096925,0.5511279581498074,-9.501336257246733
OLS,o_min,m065532_o_min_ord21_rk00018,-5.538234539733986,0.5511279581498074,-6.089362497883793
OLS,o_min,m065533_o_min_ord21_rk00019,-0.1447223704889124,0.5511279581498074,-0.6958503286387199
OLS,o_min,m065534_o_min_ord21_rk00020,-0.6150364713446379,0.5511279581498074,-1.1661644294944453
OLS,o_min,m066515_o_min_ord22_rk00001,-10.56757167048257,0.5511279581498074,-11.118699628632378
OLS,o_min,m066516_o_min_ord22_rk00002,-11.53010536132385,0.5511279581498074,-12.081233319473657
OLS,o_min,m066517_o_min_ord22_rk00003,-5.311491303232682,0.5511279581498074,-5.8626192613824895
OLS,o_min,m066518_o_min_ord22_rk00004,-4.829221866807327,0.5511279581498074,-5.380349824957134
OLS,o_min,m066519_o_min_ord22_rk00005,-8.58655310851394,0.5511279581498074,-9.137681066663747
OLS,o_min,m066520_o_min_ord22_rk00006,-0.5445850773152128,0.5511279581498074,-1.0957130354650202
OLS,o_min,m066521_o_min_ord22_rk00007,-2.008811424470591,0.5511279581498074,-2.5599393826203984
OLS,o_min,m066522_o_min_ord22_rk00008,-11.35134550744631,0.5511279581498074,-11.902473465596117
OLS,o_min,m066523_o_min_ord22_rk00009,-16.01686787435321,0.5511279581498074,-16.567995832503016
OLS,o_min,m066524_o_min_ord22_rk00010,-5.925789385209169,0.5511279581498074,-6.476917343358977
OLS,o_min,m066525_o_min_ord22_rk00011,-2.921151908253945,0.5511279581498074,-3.4722798664037526
OLS,o_min,m066526_o_min_ord22_rk00012,-1.136629774305548,0.5511279581498074,-1.6877577324553554
OLS,o_min,m066527_o_min_ord22_rk00013,-2.660470747424929,0.5511279581498074,-3.211598705574737
OLS,o_min,m066528_o_min_ord22_rk00014,-2.231278357619128,0.5511279581498074,-2.7824063157689354
OLS,o_min,m066529_o_min_ord22_rk00015,-11.97866673013808,0.5511279581498074,-12.529794688287888
OLS,o_min,m066530_o_min_ord22_rk00016,-7.492390618323805,0.5511279581498074,-8.043518576473613
OLS,o_min,m066531_o_min_ord22_rk00017,-3.56825540964372,0.5511279581498074,-4.119383367793527
OLS,o_min,m066532_o_min_ord22_rk00018,-0.4793239204416424,0.5511279581498074,-1.0304518785914498
OLS,o_min,m066533_o_min_ord22_rk00019,-14.86439941070062,0.5511279581498074,-15.415527368850428
OLS,o_min,m066534_o_min_ord22_rk00020,-0.391166903555322,0.5511279581498074,-0.9422948617051294
OLS,o_min,m067515_o_min_ord23_rk00001,-11.19919154851765,0.5511279581498074,-11.750319506667458
OLS,o_min,m067516_o_min_ord23_rk00002,-5.995505315538724,0.5511279581498074,-6.546633273688531
OLS,o_min,m067517_o_min_ord23_rk00003,-2.632585400954738,0.5511279581498074,-3.1837133591045452
OLS,o_min,m067518_o_min_ord23_rk00004,-11.16348100967464,0.5511279581498074,-11.714608967824448
OLS,o_min,m067519_o_min_ord23_rk00005,-6.893281303573001,0.5511279581498074,-7.444409261722809
OLS,o_min,m067520_o_min_ord23_rk00006,-3.719707071445325,0.5511279581498074,-4.2708350295951325
OLS,o_min,m067521_o_min_ord23_rk00007,-11.4162361848162,0.5511279581498074,-11.967364142966007
OLS,o_min,m067522_o_min_ord23_rk00008,-2.566300562570523,0.5511279581498074,-3.1174285207203303
OLS,o_min,m067523_o_min_ord23_rk00009,-4.142953386084383,0.5511279581498074,-4.69408134423419
OLS,o_min,m067524_o_min_ord23_rk00010,-2.593319894219687,0.5511279581498074,-3.1444478523694945
OLS,o_min,m067525_o_min_ord23_rk00011,-1.799600281503093,0.5511279581498074,-2.3507282396529003
OLS,o_min,m067526_o_min_ord23_rk00012,-11.70867616182856,0.5511279581498074,-12.259804119978368
OLS,o_min,m067527_o_min_ord23_rk00013,-15.41519295184071,0.5511279581498074,-15.966320909990518
OLS,o_min,m067528_o_min_ord23_rk00014,-1.574692468549238,0.5511279581498074,-2.1258204266990455
OLS,o_min,m067529_o_min_ord23_rk00015,-0.583313104856273,0.5511279581498074,-1.1344410630060804
OLS,o_min,m067530_o_min_ord23_rk00016,-4.083426267437597,0.5511279581498074,-4.634554225587404
OLS,o_min,m067531_o_min_ord23_rk00017,-9.58450004644688,0.5511279581498074,-10.135628004596688
OLS,o_min,m067532_o_min_ord23_rk00018,-4.841696641632916,0.5511279581498074,-5.392824599782724
OLS,o_min,m067533_o_min_ord23_rk00019,-4.409625016566325,0.5511279581498074,-4.960752974716133
OLS,o_min,m067534_o_min_ord23_rk00020,-3.237575528134969,0.5511279581498074,-3.788703486284777
OLS,o_min,m068515_o_min_ord24_rk00001,-16.92243875402632,0.5511279581498074,-17.473566712176126
OLS,o_min,m068516_o_min_ord24_rk00002,-11.48885002404632,0.5511279581498074,-12.039977982196127
OLS,o_min,m068517_o_min_ord24_rk00003,-3.635523470763341,0.5511279581498074,-4.186651428913148
OLS,o_min,m068518_o_min_ord24_rk00004,-3.685567793426682,0.5511279581498074,-4.236695751576489
OLS,o_min,m068519_o_min_ord24_rk00005,-2.042626093259228,0.5511279581498074,-2.593754051409036
OLS,o_min,m068520_o_min_ord24_rk00006,-5.01637073492535,0.5511279581498074,-5.567498693075158
OLS,o_min,m068521_o_min_ord24_rk00007,-6.046789705221866,0.5511279581498074,-6.597917663371674
OLS,o_min,m068522_o_min_ord24_rk00008,-4.11240216307765,0.5511279581498074,-4.663530121227458
OLS,o_min,m068523_o_min_ord24_rk00009,-4.15989441573156,0.5511279581498074,-4.7110223738813675
OLS,o_min,m068524_o_min_ord24_rk00010,-3.196788270501101,0.5511279581498074,-3.747916228650908
OLS,o_min,m068525_o_min_ord24_rk00011,-11.52636083134164,0.5511279581498074,-12.077488789491447
OLS,o_min,m068526_o_min_ord24_rk00012,-6.82474762723946,0.5511279581498074,-7.3758755853892675
OLS,o_min,m068527_o_min_ord24_rk00013,-4.236576272888563,0.5511279581498074,-4.78770423103837
OLS,o_min,m068528_o_min_ord24_rk00014,-2.590387184104674,0.5511279581498074,-3.141515142254481
OLS,o_min,m068529_o_min_ord24_rk00015,-6.495281624291611,0.5511279581498074,-7.046409582441418
OLS,o_min,m068530_o_min_ord24_rk00016,-20.17648298908754,0.5511279581498074,-20.727610947237345
OLS,o_min,m068531_o_min_ord24_rk00017,-8.08778056292724,0.5511279581498074,-8.638908521077047
OLS,o_min,m068532_o_min_ord24_rk00018,-2.169034619823824,0.5511279581498074,-2.720162577973632
OLS,o_min,m068533_o_min_ord24_rk00019,-13.43440592074596,0.5511279581498074,-13.985533878895767
OLS,o_min,m068534_o_min_ord24_rk00020,-2.503480301036196,0.5511279581498074,-3.0546082591860033
OLS,o_min,m069515_o_min_ord25_rk00001,-17.88228901768315,0.5511279581498074,-18.433416975832955
OLS,o_min,m069516_o_min_ord25_rk00002,-5.566195392791514,0.5511279581498074,-6.117323350941322
OLS,o_min,m069517_o_min_ord25_rk00003,-19.09518512111118,0.5511279581498074,-19.646313079260985
OLS,o_min,m069518_o_min_ord25_rk00004,-4.369112761784384,0.5511279581498074,-4.920240719934192
OLS,o_min,m069519_o_min_ord25_rk00005,-8.111613657495175,0.5511279581498074,-8.662741615644983
OLS,o_min,m069520_o_min_ord25_rk00006,-3.569032104277658,0.5511279581498074,-4.120160062427465
OLS,o_min,m069521_o_min_ord25_rk00007,-5.821530065824253,0.5511279581498074,-6.3726580239740604
OLS,o_min,m069522_o_min_ord25_rk00008,-4.903807806568381,0.5511279581498074,-5.454935764718188
OLS,o_min,m069523_o_min_ord25_rk00009,-16.34594305046333,0.5511279581498074,-16.897071008613135
OLS,o_min,m069524_o_min_ord25_rk00010,-3.622023567753794,0.5511279581498074,-4.173151525903601
OLS,o_min,m069525_o_min_ord25_rk00011,-13.41292538778037,0.5511279581498074,-13.964053345930177
OLS,o_min,m069526_o_min_ord25_rk00012,-6.698822445356915,0.5511279581498074,-7.249950403506722
OLS,o_min,m069527_o_min_ord25_rk00013,-7.451545366668894,0.5511279581498074,-8.002673324818701
OLS,o_min,m069528_o_min_ord25_rk00014,-8.268959759384915,0.5511279581498074,-8.820087717534722
OLS,o_min,m069529_o_min_ord25_rk00015,-3.511066815112692,0.5511279581498074,-4.062194773262499
OLS,o_min,m069530_o_min_ord25_rk00016,-0.8132380439897553,0.5511279581498074,-1.3643660021395627
OLS,o_min,m069531_o_min_ord25_rk00017,-14.64425406509813,0.5511279581498074,-15.195382023247937
OLS,o_min,m069532_o_min_ord25_rk00018,-15.68076878128642,0.5511279581498074,-16.231896739436227
OLS,o_min,m069533_o_min_ord25_rk00019,-1.586631904555735,0.5511279581498074,-2.1377598627055425
OLS,o_min,m069534_o_min_ord25_rk00020,-5.202726334936431,0.5511279581498074,-5.753854293086238
OLS,o_min,m070515_o_min_ord26_rk00001,-21.1526368903084,0.5511279581498074,-21.703764848458206
OLS,o_min,m070516_o_min_ord26_rk00002,-18.44321641067359,0.5511279581498074,-18.994344368823395
OLS,o_min,m070517_o_min_ord26_rk00003,-6.143172944995453,0.5511279581498074,-6.694300903145261
OLS,o_min,m070518_o_min_ord26_rk00004,-9.193966910631486,0.5511279581498074,-9.745094868781294
OLS,o_min,m070519_o_min_ord26_rk00005,-15.13525370971576,0.5511279581498074,-15.686381667865568
OLS,o_min,m070520_o_min_ord26_rk00006,-8.06452479645157,0.5511279581498074,-8.615652754601378
OLS,o_min,m070521_o_min_ord26_rk00007,-14.77476830467841,0.5511279581498074,-15.325896262828218
OLS,o_min,m070522_o_min_ord26_rk00008,-15.30991186468148,0.5511279581498074,-15.861039822831287
OLS,o_min,m070523_o_min_ord26_rk00009,-20.67647857504921,0.5511279581498074,-21.227606533199015
OLS,o_min,m070524_o_min_ord26_rk00010,-7.678678312996162,0.5511279581498074,-8.22980627114597
OLS,o_min,m070525_o_min_ord26_rk00011,-5.239872132916769,0.5511279581498074,-5.791000091066577
OLS,o_min,m070526_o_min_ord26_rk00012,-9.636632208591712,0.5511279581498074,-10.18776016674152
OLS,o_min,m070527_o_min_ord26_rk00013,-16.51220156226579,0.5511279581498074,-17.063329520415596
OLS,o_min,m070528_o_min_ord26_rk00014,-16.31885158278522,0.5511279581498074,-16.869979540935027
OLS,o_min,m070529_o_min_ord26_rk00015,-0.9703821705744948,0.5511279581498074,-1.5215101287243022
OLS,o_min,m070530_o_min_ord26_rk00016,-6.178789371099463,0.5511279581498074,-6.729917329249271
OLS,o_min,m070531_o_min_ord26_rk00017,-4.020096106445581,0.5511279581498074,-4.5712240645953885
OLS,o_min,m070532_o_min_ord26_rk00018,-24.71113476421324,0.5511279581498074,-25.262262722363047
OLS,o_min,m070533_o_min_ord26_rk00019,-5.62923443853886,0.5511279581498074,-6.180362396688667
OLS,o_min,m070534_o_min_ord26_rk00020,-17.63723192050421,0.5511279581498074,-18.188359878654015
OLS,o_min,m071515_o_min_ord27_rk00001,-9.897424013627957,0.5511279581498074,-10.448551971777764
OLS,o_min,m071516_o_min_ord27_rk00002,-16.57770266230296,0.5511279581498074,-17.128830620452767
OLS,o_min,m071517_o_min_ord27_rk00003,-10.24184004479397,0.5511279581498074,-10.792968002943777
OLS,o_min,m071518_o_min_ord27_rk00004,-24.62313953600476,0.5511279581498074,-25.174267494154567
OLS,o_min,m071519_o_min_ord27_rk00005,-9.458010878682378,0.5511279581498074,-10.009138836832186
OLS,o_min,m071520_o_min_ord27_rk00006,-3.553787368648115,0.5511279581498074,-4.104915326797922
OLS,o_min,m071521_o_min_ord27_rk00007,-2.187430630204073,0.5511279581498074,-2.7385585883538806
OLS,o_min,m071522_o_min_ord27_rk00008,-6.762258994309826,0.5511279581498074,-7.313386952459633
OLS,o_min,m071523_o_min_ord27_rk00009,-1.13356741241597,0.5511279581498074,-1.6846953705657775
OLS,o_min,m071524_o_min_ord27_rk00010,-14.57094058545064,0.5511279581498074,-15.122068543600447
OLS,o_min,m071525_o_min_ord27_rk00011,-19.73781442891237,0.5511279581498074,-20.288942387062175
OLS,o_min,m071526_o_min_ord27_rk00012,-15.38716130548378,0.5511279581498074,-15.938289263633587
OLS,o_min,m071527_o_min_ord27_rk00013,-1.293773821904631,0.5511279581498074,-1.8449017800544385
OLS,o_min,m071528_o_min_ord27_rk00014,-9.242827600840648,0.5511279581498074,-9.793955558990456
OLS,o_min,m071529_o_min_ord27_rk00015,-0.765833974493239,0.5511279581498074,-1.3169619326430464
OLS,o_min,m071530_o_min_ord27_rk00016,-17.06550294836157,0.5511279581498074,-17.616630906511375
OLS,o_min,m071531_o_min_ord27_rk00017,-19.1102699796672,0.5511279581498074,-19.661397937817007
OLS,o_min,m071532_o_min_ord27_rk00018,-3.792697661058302,0.5511279581498074,-4.3438256192081095
OLS,o_min,m071533_o_min_ord27_rk00019,-7.135743039454907,0.5511279581498074,-7.686870997604714
OLS,o_min,m071534_o_min_ord27_rk00020,-2.722178339720946,0.5511279581498074,-3.2733062978707537
OLS,o_min,m072515_o_min_ord28_rk00001,-2.376598949335022,0.5511279581498074,-2.9277269074848293
OLS,o_min,m072516_o_min_ord28_rk00002,-9.484418323590477,0.5511279581498074,-10.035546281740285
OLS,o_min,m072517_o_min_ord28_rk00003,-5.450031675375659,0.5511279581498074,-6.001159633525466
OLS,o_min,m072518_o_min_ord28_rk00004,-12.69289707424771,0.5511279581498074,-13.244025032397518
OLS,o_min,m072519_o_min_ord28_rk00005,-2.13774726026281,0.5511279581498074,-2.6888752184126172
OLS,o_min,m072520_o_min_ord28_rk00006,-8.547586159570718,0.5511279581498074,-9.098714117720526
OLS,o_min,m072521_o_min_ord28_rk00007,-12.88920005514712,0.5511279581498074,-13.440328013296927
OLS,o_min,m072522_o_min_ord28_rk00008,-0.9397849102443858,0.5511279581498074,-1.4909128683941932
OLS,o_min,m072523_o_min_ord28_rk00009,-3.208895796437634,0.5511279581498074,-3.7600237545874418
OLS,o_min,m072524_o_min_ord28_rk00010,-4.113180318497132,0.5511279581498074,-4.664308276646939
OLS,o_min,m072525_o_min_ord28_rk00011,-10.76583898778896,0.5511279581498074,-11.316966945938768
OLS,o_min,m072526_o_min_ord28_rk00012,-1.667854993289611,0.5511279581498074,-2.2189829514394184
OLS,o_min,m072527_o_min_ord28_rk00013,-0.8655790342581335,0.5511279581498074,-1.416706992407941
OLS,o_min,m072528_o_min_ord28_rk00014,-0.8154244707975731,0.5511279581498074,-1.3665524289473805
OLS,o_min,m072529_o_min_ord28_rk00015,-9.946548051320937,0.5511279581498074,-10.497676009470744
OLS,o_min,m072530_o_min_ord28_rk00016,-1.523396974334218,0.5511279581498074,-2.0745249324840254
OLS,o_min,m072531_o_min_ord28_rk00017,-11.91682214939804,0.5511279581498074,-12.467950107547848
OLS,o_min,m072532_o_min_ord28_rk00018,-1.139790073270682,0.5511279581498074,-1.6909180314204895
OLS,o_min,m072533_o_min_ord28_rk00019,-7.473900599815975,0.5511279581498074,-8.025028557965783
OLS,o_min,m072534_o_min_ord28_rk00020,-9.966004855462302,0.5511279581498074,-10.51713281361211
OLS,o_min,m073515_o_min_ord29_rk00001,-11.63973774426376,0.5511279581498074,-12.190865702413568
OLS,o_min,m073516_o_min_ord29_rk00002,-1.423381356395328,0.5511279581498074,-1.9745093145451353
OLS,o_min,m073517_o_min_ord29_rk00003,-1.676915781317944,0.5511279581498074,-2.2280437394677515
OLS,o_min,m073518_o_min_ord29_rk00004,-11.00257617264342,0.5511279581498074,-11.553704130793228
OLS,o_min,m073519_o_min_ord29_rk00005,-4.163868373894508,0.5511279581498074,-4.714996332044316
OLS,o_min,m073520_o_min_ord29_rk00006,-1.290476037671844,0.5511279581498074,-1.8416039958216515
OLS,o_min,m073521_o_min_ord29_rk00007,-13.08827241006832,0.5511279581498074,-13.639400368218128
OLS,o_min,m073522_o_min_ord29_rk00008,-0.8572612901757666,0.5511279581498074,-1.408389248325574
OLS,o_min,m073523_o_min_ord29_rk00009,-5.697052265770148,0.5511279581498074,-6.248180223919956
OLS,o_min,m073524_o_min_ord29_rk00010,-7.987726712926039,0.5511279581498074,-8.538854671075846
OLS,o_min,m073525_o_min_ord29_rk00011,-0.7221070319750174,0.5511279581498074,-1.2732349901248248
OLS,o_min,m073526_o_min_ord29_rk00012,-0.9081466227243644,0.5511279581498074,-1.4592745808741718
OLS,o_min,m073527_o_min_ord29_rk00013,-4.984990666493749,0.5511279581498074,-5.5361186246435565
OLS,o_min,m073528_o_min_ord29_rk00014,-3.19688457372273,0.5511279581498074,-3.7480125318725372
OLS,o_min,m073529_o_min_ord29_rk00015,-1.9131053834136,0.5511279581498074,-2.4642333415634075
OLS,o_min,m073530_o_min_ord29_rk00016,-0.8101001738752054,0.5511279581498074,-1.3612281320250128
OLS,o_min,m073531_o_min_ord29_rk00017,-0.7955905832167915,0.5511279581498074,-1.346718541366599
OLS,o_min,m073532_o_min_ord29_rk00018,-16.42663121813022,0.5511279581498074,-16.977759176280024
OLS,o_min,m073533_o_min_ord29_rk00019,-12.78847756254399,0.5511279581498074,-13.339605520693798
OLS,o_min,m073534_o_min_ord29_rk00020,-1.168991309558466,0.5511279581498074,-1.7201192677082735
OLS,o_min,m074515_o_min_ord30_rk00001,-1.666915811600255,0.5511279581498074,-2.2180437697500626
OLS,o_min,m074516_o_min_ord30_rk00002,-11.94200014464939,0.5511279581498074,-12.493128102799197
OLS,o_min,m074517_o_min_ord30_rk00003,-0.8359369827579526,0.5511279581498074,-1.38706494090776
OLS,o_min,m074518_o_min_ord30_rk00004,-8.802583131509486,0.5511279581498074,-9.353711089659294
OLS,o_min,m074519_o_min_ord30_rk00005,-0.9536356152864456,0.5511279581498074,-1.504763573436253
OLS,o_min,m074520_o_min_ord30_rk00006,-3.434265818376868,0.5511279581498074,-3.985393776526675
OLS,o_min,m074521_o_min_ord30_rk00007,-4.564666868558498,0.5511279581498074,-5.1157948267083055
OLS,o_min,m074522_o_min_ord30_rk00008,-1.996103955581038,0.5511279581498074,-2.5472319137308457
OLS,o_min,m074523_o_min_ord30_rk00009,-5.118563965809139,0.5511279581498074,-5.669691923958947
OLS,o_min,m074524_o_min_ord30_rk00010,-1.843701680415546,0.5511279581498074,-2.394829638565353
OLS,o_min,m074525_o_min_ord30_rk00011,-1.409828915712648,0.5511279581498074,-1.9609568738624554
OLS,o_min,m074526_o_min_ord30_rk00012,-11.35414813350093,0.5511279581498074,-11.905276091650737
OLS,o_min,m074527_o_min_ord30_rk00013,-11.08667969012965,0.5511279581498074,-11.637807648279457
OLS,o_min,m074528_o_min_ord30_rk00014,-3.916978794463602,0.5511279581498074,-4.4681067526134095
OLS,o_min,m074529_o_min_ord30_rk00015,-2.095210650415194,0.5511279581498074,-2.646338608565001
OLS,o_min,m074530_o_min_ord30_rk00016,-1.660886715549703,0.5511279581498074,-2.2120146736995103
OLS,o_min,m074531_o_min_ord30_rk00017,-13.16077459808456,0.5511279581498074,-13.711902556234367
OLS,o_min,m074532_o_min_ord30_rk00018,-0.9384141835646528,0.5511279581498074,-1.4895421417144603
OLS,o_min,m074533_o_min_ord30_rk00019,-16.57985941310937,0.5511279581498074,-17.130987371259177
OLS,o_min,m074534_o_min_ord30_rk00020,-8.701870880428878,0.5511279581498074,-9.252998838578685
d1,o_min,m047515_o_min_ord3_rk00001,0.518210808185242,0.5434060066738533,-0.025195198488611292
d1,o_min,m047516_o_min_ord3_rk00002,0.5002555609461489,0.5434060066738533,-0.043150445727704434
d1,o_min,m047517_o_min_ord3_rk00003,0.5272060601712707,0.5434060066738533,-0.016199946502582607
d1,o_min,m047518_o_min_ord3_rk00004,0.5036116242157747,0.5434060066738533,-0.03979438245807865
d1,o_min,m047519_o_min_ord3_rk00005,0.506442872688609,0.5434060066738533,-0.03696313398524431
d1,o_min,m047520_o_min_ord3_rk00006,0.429495406935834,0.5434060066738533,-0.11391059973801931
d1,o_min,m047521_o_min_ord3_rk00007,0.523913868215035,0.5434060066738533,-0.019492138458818253
d1,o_min,m047522_o_min_ord3_rk00008,0.5140082760860127,0.5434060066738533,-0.029397730587840565
d1,o_min,m047523_o_min_ord3_rk00009,0.4967852417129693,0.5434060066738533,-0.04662076496088402
d1,o_min,m047524_o_min_ord3_rk00010,0.53160388755696,0.5434060066738533,-0.011802119116893328
d1,o_min,m047525_o_min_ord3_rk00011,0.546924297842275,0.5434060066738533,0.0035182911684217277
d1,o_min,m047526_o_min_ord3_rk00012,0.4889758166412671,0.5434060066738533,-0.0544301900325862
d1,o_min,m047527_o_min_ord3_rk00013,0.5230094058172092,0.5434060066738533,-0.020396600856644076
d1,o_min,m047528_o_min_ord3_rk00014,0.4557858022157324,0.5434060066738533,-0.08762020445812091
d1,o_min,m047529_o_min_ord3_rk00015,0.4569774278370738,0.5434060066738533,-0.08642857883677951
d1,o_min,m047530_o_min_ord3_rk00016,0.5237899993722703,0.5434060066738533,-0.01961600730158297
d1,o_min,m047531_o_min_ord3_rk00017,0.5220400544421181,0.5434060066738533,-0.021365952231735208
d1,o_min,m047532_o_min_ord3_rk00018,0.4858606935429975,0.5434060066738533,-0.05754531313085581
d1,o_min,m047533_o_min_ord3_rk00019,0.5047898417412027,0.5434060066738533,-0.03861616493265063
d1,o_min,m047534_o_min_ord3_rk00020,0.4822167367012132,0.5434060066738533,-0.061189269972640126
d1,o_min,m048515_o_min_ord4_rk00001,0.5263599291593948,0.5434060066738533,-0.017046077514458524
d1,o_min,m048516_o_min_ord4_rk00002,0.518033139155945,0.5434060066738533,-0.02537286751790835
d1,o_min,m048517_o_min_ord4_rk00003,0.5035734873605445,0.5434060066738533,-0.03983251931330878
d1,o_min,m048518_o_min_ord4_rk00004,0.4989746789489456,0.5434060066738533,-0.04443132772490771
d1,o_min,m048519_o_min_ord4_rk00005,0.5388886989846293,0.5434060066738533,-0.004517307689223982
d1,o_min,m048520_o_min_ord4_rk00006,0.4956059147273562,0.5434060066738533,-0.04780009194649709
d1,o_min,m048521_o_min_ord4_rk00007,0.523847902399099,0.5434060066738533,-0.01955810427475435
d1,o_min,m048522_o_min_ord4_rk00008,0.5155864459572066,0.5434060066738533,-0.027819560716646707
d1,o_min,m048523_o_min_ord4_rk00009,0.5195666429393933,0.5434060066738533,-0.02383936373446005
d1,o_min,m048524_o_min_ord4_rk00010,0.4848460454780856,0.5434060066738533,-0.05855996119576773
d1,o_min,m048525_o_min_ord4_rk00011,0.5005462378435137,0.5434060066738533,-0.042859768830339595
d1,o_min,m048526_o_min_ord4_rk00012,0.4882105526554046,0.5434060066738533,-0.05519545401844872
d1,o_min,m048527_o_min_ord4_rk00013,0.5219078278297549,0.5434060066738533,-0.021498178844098437
d1,o_min,m048528_o_min_ord4_rk00014,0.5203206525461248,0.5434060066738533,-0.023085354127728497
d1,o_min,m048529_o_min_ord4_rk00015,0.5109475112362063,0.5434060066738533,-0.032458495437647006
d1,o_min,m048530_o_min_ord4_rk00016,0.5238783475252795,0.5434060066738533,-0.019527659148573795
d1,o_min,m048531_o_min_ord4_rk00017,0.4761975797020169,0.5434060066738533,-0.06720842697183638
d1,o_min,m048532_o_min_ord4_rk00018,0.5382218389992233,0.5434060066738533,-0.005184167674630036
d1,o_min,m048533_o_min_ord4_rk00019,0.4843281555325431,0.5434060066738533,-0.0590778511413102
d1,o_min,m048534_o_min_ord4_rk00020,0.473794693630457,0.5434060066738533,-0.0696113130433963
d1,o_min,m049515_o_min_ord5_rk00001,0.5273663151261315,0.5434060066738533,-0.01603969154772178
d1,o_min,m049516_o_min_ord5_rk00002,0.5120323287981604,0.5434060066738533,-0.031373677875692896
d1,o_min,m049517_o_min_ord5_rk00003,0.4447072509827425,0.5434060066738533,-0.0986987556911108
d1,o_min,m049518_o_min_ord5_rk00004,0.5262814432809202,0.5434060066738533,-0.017124563392933112
d1,o_min,m049519_o_min_ord5_rk00005,0.5310268358835443,0.5434060066738533,-0.012379170790309035
d1,o_min,m049520_o_min_ord5_rk00006,0.52373475549454,0.5434060066738533,-0.019671251179313343
d1,o_min,m049521_o_min_ord5_rk00007,0.4590220802890923,0.5434060066738533,-0.084383926384761
d1,o_min,m049522_o_min_ord5_rk00008,0.5267190735797069,0.5434060066738533,-0.016686933094146372
d1,o_min,m049523_o_min_ord5_rk00009,0.5188207612145743,0.5434060066738533,-0.02458524545927898
d1,o_min,m049524_o_min_ord5_rk00010,0.4871817550907037,0.5434060066738533,-0.05622425158314959
d1,o_min,m049525_o_min_ord5_rk00011,0.5286747174041071,0.5434060066738533,-0.014731289269746206
d1,o_min,m049526_o_min_ord5_rk00012,0.5221202091656918,0.5434060066738533,-0.021285797508161508
d1,o_min,m049527_o_min_ord5_rk00013,0.4926590957739736,0.5434060066738533,-0.050746910899879705
d1,o_min,m049528_o_min_ord5_rk00014,0.5284210422735582,0.5434060066738533,-0.014984964400295064
d1,o_min,m049529_o_min_ord5_rk00015,0.5137392502592186,0.5434060066738533,-0.029666756414634676
d1,o_min,m049530_o_min_ord5_rk00016,0.5341467451963109,0.5434060066738533,-0.009259261477542413
d1,o_min,m049531_o_min_ord5_rk00017,0.5259953663949521,0.5434060066738533,-0.017410640278901157
d1,o_min,m049532_o_min_ord5_rk00018,0.515464688391698,0.5434060066738533,-0.027941318282155292
d1,o_min,m049533_o_min_ord5_rk00019,0.5311593371722724,0.5434060066738533,-0.012246669501580931
d1,o_min,m049534_o_min_ord5_rk00020,0.5150944415588783,0.5434060066738533,-0.028311565114975012
d1,o_min,m050515_o_min_ord6_rk00001,0.5198816758435167,0.5434060066738533,-0.02352433083033656
d1,o_min,m050516_o_min_ord6_rk00002,0.5163249703251019,0.5434060066738533,-0.027081036348751364
d1,o_min,m050517_o_min_ord6_rk00003,0.5178175178591015,0.5434060066738533,-0.025588488814751842
d1,o_min,m050518_o_min_ord6_rk00004,0.5143900727860693,0.5434060066738533,-0.029015933887784007
d1,o_min,m050519_o_min_ord6_rk00005,0.5138041879499291,0.5434060066738533,-0.0296018187239242
d1,o_min,m050520_o_min_ord6_rk00006,0.5198586712490236,0.5434060066738533,-0.023547335424829674
d1,o_min,m050521_o_min_ord6_rk00007,0.5506510710966545,0.5434060066738533,0.007245064422801151
d1,o_min,m050522_o_min_ord6_rk00008,0.5181355773325942,0.5434060066738533,-0.025270429341259115
d1,o_min,m050523_o_min_ord6_rk00009,0.5239331951902477,0.5434060066738533,-0.01947281148360558
d1,o_min,m050524_o_min_ord6_rk00010,0.5301320775873837,0.5434060066738533,-0.013273929086469627
d1,o_min,m050525_o_min_ord6_rk00011,0.5234186591561034,0.5434060066738533,-0.019987347517749887
d1,o_min,m050526_o_min_ord6_rk00012,0.5371942744837893,0.5434060066738533,-0.00621173219006399
d1,o_min,m050527_o_min_ord6_rk00013,0.5155003047881128,0.5434060066738533,-0.027905701885740486
d1,o_min,m050528_o_min_ord6_rk00014,0.5196670780372399,0.5434060066738533,-0.02373892863661342
d1,o_min,m050529_o_min_ord6_rk00015,0.5052290953129999,0.5434060066738533,-0.03817691136085344
d1,o_min,m050530_o_min_ord6_rk00016,0.5131630884304059,0.5434060066738533,-0.03024291824344738
d1,o_min,m050531_o_min_ord6_rk00017,0.5265735716743507,0.5434060066738533,-0.0168324349995026
d1,o_min,m050532_o_min_ord6_rk00018,0.5177501798145842,0.5434060066738533,-0.02565582685926915
d1,o_min,m050533_o_min_ord6_rk00019,0.523416606724898,0.5434060066738533,-0.019989399948955322
d1,o_min,m050534_o_min_ord6_rk00020,0.5478078928819545,0.5434060066738533,0.0044018862081012244
d1,o_min,m051515_o_min_ord7_rk00001,0.4984376545510449,0.5434060066738533,-0.04496835212280842
d1,o_min,m051516_o_min_ord7_rk00002,0.5217574463091372,0.5434060066738533,-0.021648560364716074
d1,o_min,m051517_o_min_ord7_rk00003,0.5440240228236859,0.5434060066738533,0.0006180161498325898
d1,o_min,m051518_o_min_ord7_rk00004,0.5249888340617428,0.5434060066738533,-0.01841717261211051
d1,o_min,m051519_o_min_ord7_rk00005,0.5238699886282834,0.5434060066738533,-0.019536018045569925
d1,o_min,m051520_o_min_ord7_rk00006,0.5118608389194264,0.5434060066738533,-0.03154516775442695
d1,o_min,m051521_o_min_ord7_rk00007,0.4928166953654365,0.5434060066738533,-0.05058931130841682
d1,o_min,m051522_o_min_ord7_rk00008,0.4942437543133575,0.5434060066738533,-0.04916225236049582
d1,o_min,m051523_o_min_ord7_rk00009,0.5497830929019143,0.5434060066738533,0.006377086228060991
d1,o_min,m051524_o_min_ord7_rk00010,0.5054958012775508,0.5434060066738533,-0.03791020539630252
d1,o_min,m051525_o_min_ord7_rk00011,0.5003982637849547,0.5434060066738533,-0.04300774288889864
d1,o_min,m051526_o_min_ord7_rk00012,0.5204629472259443,0.5434060066738533,-0.022943059447908976
d1,o_min,m051527_o_min_ord7_rk00013,0.5099033040242591,0.5434060066738533,-0.03350270264959421
d1,o_min,m051528_o_min_ord7_rk00014,0.5020662744346021,0.5434060066738533,-0.04133973223925125
d1,o_min,m051529_o_min_ord7_rk00015,0.5178013038414524,0.5434060066738533,-0.025604702832400905
d1,o_min,m051530_o_min_ord7_rk00016,0.5133068015758059,0.5434060066738533,-0.03009920509804742
d1,o_min,m051531_o_min_ord7_rk00017,0.4753515803044827,0.5434060066738533,-0.06805442636937059
d1,o_min,m051532_o_min_ord7_rk00018,0.5282465362161077,0.5434060066738533,-0.015159470457745572
d1,o_min,m051533_o_min_ord7_rk00019,0.5292145582915313,0.5434060066738533,-0.014191448382322003
d1,o_min,m051534_o_min_ord7_rk00020,0.5356571016392209,0.5434060066738533,-0.007748905034632436
d1,o_min,m052515_o_min_ord8_rk00001,0.475543091690252,0.5434060066738533,-0.06786291498360131
d1,o_min,m052516_o_min_ord8_rk00002,0.5026026453263053,0.5434060066738533,-0.04080336134754803
d1,o_min,m052517_o_min_ord8_rk00003,0.5436160810529236,0.5434060066738533,0.0002100743790702797
d1,o_min,m052518_o_min_ord8_rk00004,0.4976804215381671,0.5434060066738533,-0.0457255851356862
d1,o_min,m052519_o_min_ord8_rk00005,0.5275532034408481,0.5434060066738533,-0.015852803233005197
d1,o_min,m052520_o_min_ord8_rk00006,0.5414945910639738,0.5434060066738533,-0.0019114156098795076
d1,o_min,m052521_o_min_ord8_rk00007,0.5315767309182102,0.5434060066738533,-0.011829275755643076
d1,o_min,m052522_o_min_ord8_rk00008,0.5369426897654237,0.5434060066738533,-0.006463316908429606
d1,o_min,m052523_o_min_ord8_rk00009,0.5441065565834425,0.5434060066738533,0.000700549909589232
d1,o_min,m052524_o_min_ord8_rk00010,0.4818565555364552,0.5434060066738533,-0.061549451137398126
d1,o_min,m052525_o_min_ord8_rk00011,0.5469317390857198,0.5434060066738533,0.003525732411866489
d1,o_min,m052526_o_min_ord8_rk00012,0.5050165488631708,0.5434060066738533,-0.03838945781068248
d1,o_min,m052527_o_min_ord8_rk00013,0.4891878826826936,0.5434060066738533,-0.05421812399115972
d1,o_min,m052528_o_min_ord8_rk00014,0.544296532499114,0.5434060066738533,0.000890525825260724
d1,o_min,m052529_o_min_ord8_rk00015,0.5027042433072997,0.5434060066738533,-0.04070176336655362
d1,o_min,m052530_o_min_ord8_rk00016,0.5113099182350411,0.5434060066738533,-0.032096088438812176
d1,o_min,m052531_o_min_ord8_rk00017,0.5113842175811129,0.5434060066738533,-0.03202178909274045
d1,o_min,m052532_o_min_ord8_rk00018,0.5184711195069093,0.5434060066738533,-0.02493488716694403
d1,o_min,m052533_o_min_ord8_rk00019,0.5220614432360842,0.5434060066738533,-0.021344563437769137
d1,o_min,m052534_o_min_ord8_rk00020,0.5397032578270742,0.5434060066738533,-0.0037027488467791247
d1,o_min,m053515_o_min_ord9_rk00001,0.5186287959020567,0.5434060066738533,-0.02477721077179662
d1,o_min,m053516_o_min_ord9_rk00002,0.5192336964933735,0.5434060066738533,-0.024172310180479828
d1,o_min,m053517_o_min_ord9_rk00003,0.5367639705776637,0.5434060066738533,-0.00664203609618963
d1,o_min,m053518_o_min_ord9_rk00004,0.482782308262377,0.5434060066738533,-0.0606236984114763
d1,o_min,m053519_o_min_ord9_rk00005,0.5371037449090431,0.5434060066738533,-0.006302261764810191
d1,o_min,m053520_o_min_ord9_rk00006,0.5010711894692889,0.5434060066738533,-0.042334817204564446
d1,o_min,m053521_o_min_ord9_rk00007,0.5197424308564376,0.5434060066738533,-0.02366357581741574
d1,o_min,m053522_o_min_ord9_rk00008,0.5167314653468109,0.5434060066738533,-0.02667454132704239
d1,o_min,m053523_o_min_ord9_rk00009,0.5343219402575641,0.5434060066738533,-0.009084066416289227
d1,o_min,m053524_o_min_ord9_rk00010,0.5454801448605061,0.5434060066738533,0.0020741381866528075
d1,o_min,m053525_o_min_ord9_rk00011,0.5191357067947446,0.5434060066738533,-0.02427029987910867
d1,o_min,m053526_o_min_ord9_rk00012,0.4875664189917513,0.5434060066738533,-0.05583958768210201
d1,o_min,m053527_o_min_ord9_rk00013,0.5346700105052284,0.5434060066738533,-0.00873599616862486
d1,o_min,m053528_o_min_ord9_rk00014,0.5361699429498912,0.5434060066738533,-0.007236063723962127
d1,o_min,m053529_o_min_ord9_rk00015,0.5352461642396014,0.5434060066738533,-0.00815984243425194
d1,o_min,m053530_o_min_ord9_rk00016,0.5525123944973267,0.5434060066738533,0.009106387823473394
d1,o_min,m053531_o_min_ord9_rk00017,0.5056401562411261,0.5434060066738533,-0.03776585043272718
d1,o_min,m053532_o_min_ord9_rk00018,0.4982281993802058,0.5434060066738533,-0.04517780729364751
d1,o_min,m053533_o_min_ord9_rk00019,0.5539060537903799,0.5434060066738533,0.010500047116526634
d1,o_min,m053534_o_min_ord9_rk00020,0.5346248137858239,0.5434060066738533,-0.008781192888029365
d1,o_min,m054515_o_min_ord10_rk00001,0.5330035860257275,0.5434060066738533,-0.010402420648125799
d1,o_min,m054516_o_min_ord10_rk00002,0.5082755853613855,0.5434060066738533,-0.0351304213124678
d1,o_min,m054517_o_min_ord10_rk00003,0.5367845099958899,0.5434060066738533,-0.006621496677963412
d1,o_min,m054518_o_min_ord10_rk00004,0.5114767472772674,0.5434060066738533,-0.03192925939658586
d1,o_min,m054519_o_min_ord10_rk00005,0.5130630162105684,0.5434060066738533,-0.030342990463284925
d1,o_min,m054520_o_min_ord10_rk00006,0.5093240379560413,0.5434060066738533,-0.034081968717811995
d1,o_min,m054521_o_min_ord10_rk00007,0.5570608361973012,0.5434060066738533,0.013654829523447876
d1,o_min,m054522_o_min_ord10_rk00008,0.5245629941653622,0.5434060066738533,-0.018843012508491075
d1,o_min,m054523_o_min_ord10_rk00009,0.5505784197755748,0.5434060066738533,0.007172413101721453
d1,o_min,m054524_o_min_ord10_rk00010,0.532143705291644,0.5434060066738533,-0.011262301382209294
d1,o_min,m054525_o_min_ord10_rk00011,0.55178980288879,0.5434060066738533,0.008383796214936678
d1,o_min,m054526_o_min_ord10_rk00012,0.4497463744973823,0.5434060066738533,-0.093659632176471
d1,o_min,m054527_o_min_ord10_rk00013,0.5455102760438909,0.5434060066738533,0.0021042693700376036
d1,o_min,m054528_o_min_ord10_rk00014,0.5382873990445034,0.5434060066738533,-0.005118607629349903
d1,o_min,m054529_o_min_ord10_rk00015,0.5290824095338044,0.5434060066738533,-0.014323597140048938
d1,o_min,m054530_o_min_ord10_rk00016,0.5349820727151336,0.5434060066738533,-0.008423933958719654
d1,o_min,m054531_o_min_ord10_rk00017,0.5445705071531806,0.5434060066738533,0.0011645004793272573
d1,o_min,m054532_o_min_ord10_rk00018,0.5360067122842793,0.5434060066738533,-0.007399294389573985
d1,o_min,m054533_o_min_ord10_rk00019,0.5604985330243011,0.5434060066738533,0.01709252635044778
d1,o_min,m054534_o_min_ord10_rk00020,0.5177955541644113,0.5434060066738533,-0.02561045250944205
d1,o_min,m055515_o_min_ord11_rk00001,0.5272024184394899,0.5434060066738533,-0.01620358823436341
d1,o_min,m055516_o_min_ord11_rk00002,0.5334455234234592,0.5434060066738533,-0.009960483250394114
d1,o_min,m055517_o_min_ord11_rk00003,0.5430550137473726,0.5434060066738533,-0.0003509929264806644
d1,o_min,m055518_o_min_ord11_rk00004,0.5429002403955807,0.5434060066738533,-0.0005057662782725902
d1,o_min,m055519_o_min_ord11_rk00005,0.4692783464612385,0.5434060066738533,-0.0741276602126148
d1,o_min,m055520_o_min_ord11_rk00006,0.5268222432825325,0.5434060066738533,-0.016583763391320838
d1,o_min,m055521_o_min_ord11_rk00007,0.5206824777459276,0.5434060066738533,-0.02272352892792573
d1,o_min,m055522_o_min_ord11_rk00008,0.497872335553715,0.5434060066738533,-0.045533671120138286
d1,o_min,m055523_o_min_ord11_rk00009,0.5207462794697832,0.5434060066738533,-0.022659727204070057
d1,o_min,m055524_o_min_ord11_rk00010,0.5461722375597382,0.5434060066738533,0.0027662308858849016
d1,o_min,m055525_o_min_ord11_rk00011,0.522533771222518,0.5434060066738533,-0.02087223545133532
d1,o_min,m055526_o_min_ord11_rk00012,0.5318268408903408,0.5434060066738533,-0.01157916578351248
d1,o_min,m055527_o_min_ord11_rk00013,0.5346973857747033,0.5434060066738533,-0.008708620899150032
d1,o_min,m055528_o_min_ord11_rk00014,0.5174805776851648,0.5434060066738533,-0.025925428988688548
d1,o_min,m055529_o_min_ord11_rk00015,0.5122709536097106,0.5434060066738533,-0.03113505306414266
d1,o_min,m055530_o_min_ord11_rk00016,0.5200970266586039,0.5434060066738533,-0.023308980015249392
d1,o_min,m055531_o_min_ord11_rk00017,0.5194152146545732,0.5434060066738533,-0.023990792019280116
d1,o_min,m055532_o_min_ord11_rk00018,0.5147288038222366,0.5434060066738533,-0.02867720285161668
d1,o_min,m055533_o_min_ord11_rk00019,0.5204806723595554,0.5434060066738533,-0.022925334314297885
d1,o_min,m055534_o_min_ord11_rk00020,0.5529169746156162,0.5434060066738533,0.009510967941762871
d1,o_min,m056515_o_min_ord12_rk00001,0.5219244198061479,0.5434060066738533,-0.021481586867705404
d1,o_min,m056516_o_min_ord12_rk00002,0.5314985759937365,0.5434060066738533,-0.011907430680116793
d1,o_min,m056517_o_min_ord12_rk00003,0.5149179808318916,0.5434060066738533,-0.02848802584196175
d1,o_min,m056518_o_min_ord12_rk00004,0.5195865068999784,0.5434060066738533,-0.023819499773874875
d1,o_min,m056519_o_min_ord12_rk00005,0.5504423930935853,0.5434060066738533,0.0070363864197320325
d1,o_min,m056520_o_min_ord12_rk00006,0.5192543295822138,0.5434060066738533,-0.024151677091639456
d1,o_min,m056521_o_min_ord12_rk00007,0.5156088940240089,0.5434060066738533,-0.027797112649844413
d1,o_min,m056522_o_min_ord12_rk00008,0.5181941823819498,0.5434060066738533,-0.025211824291903495
d1,o_min,m056523_o_min_ord12_rk00009,0.5204805990320911,0.5434060066738533,-0.022925407641762208
d1,o_min,m056524_o_min_ord12_rk00010,0.5328099674108873,0.5434060066738533,-0.01059603926296604
d1,o_min,m056525_o_min_ord12_rk00011,0.5133458277351343,0.5434060066738533,-0.03006017893871904
d1,o_min,m056526_o_min_ord12_rk00012,0.5133227702000742,0.5434060066738533,-0.030083236473779085
d1,o_min,m056527_o_min_ord12_rk00013,0.5095437931329109,0.5434060066738533,-0.03386221354094243
d1,o_min,m056528_o_min_ord12_rk00014,0.5267072205842598,0.5434060066738533,-0.01669878608959352
d1,o_min,m056529_o_min_ord12_rk00015,0.4895086632606965,0.5434060066738533,-0.05389734341315683
d1,o_min,m056530_o_min_ord12_rk00016,0.5122960265973793,0.5434060066738533,-0.03110998007647403
d1,o_min,m056531_o_min_ord12_rk00017,0.5230847134056338,0.5434060066738533,-0.02032129326821952
d1,o_min,m056532_o_min_ord12_rk00018,0.5133336230280277,0.5434060066738533,-0.03007238364582565
d1,o_min,m056533_o_min_ord12_rk00019,0.5262447686726954,0.5434060066738533,-0.017161238001157875
d1,o_min,m056534_o_min_ord12_rk00020,0.5457316636146717,0.5434060066738533,0.0023256569408184324
d1,o_min,m057515_o_min_ord13_rk00001,0.5204749563637084,0.5434060066738533,-0.022931050310144863
d1,o_min,m057516_o_min_ord13_rk00002,0.536257615887744,0.5434060066738533,-0.007148390786109293
d1,o_min,m057517_o_min_ord13_rk00003,0.5198955918712973,0.5434060066738533,-0.023510414802556
d1,o_min,m057518_o_min_ord13_rk00004,0.5107621221726997,0.5434060066738533,-0.03264388450115363
d1,o_min,m057519_o_min_ord13_rk00005,0.5136481409182584,0.5434060066738533,-0.029757865755594914
d1,o_min,m057520_o_min_ord13_rk00006,0.5096079750017323,0.5434060066738533,-0.03379803167212103
d1,o_min,m057521_o_min_ord13_rk00007,0.5210388179366363,0.5434060066738533,-0.022367188737216992
d1,o_min,m057522_o_min_ord13_rk00008,0.5273245199419456,0.5434060066738533,-0.01608148673190768
d1,o_min,m057523_o_min_ord13_rk00009,0.5050416897149783,0.5434060066738533,-0.03836431695887499
d1,o_min,m057524_o_min_ord13_rk00010,0.5266054898164901,0.5434060066738533,-0.016800516857363168
d1,o_min,m057525_o_min_ord13_rk00011,0.4828950812390906,0.5434060066738533,-0.06051092543476272
d1,o_min,m057526_o_min_ord13_rk00012,0.5249325756064871,0.5434060066738533,-0.01847343106736621
d1,o_min,m057527_o_min_ord13_rk00013,0.5136482992211951,0.5434060066738533,-0.029757707452658155
d1,o_min,m057528_o_min_ord13_rk00014,0.5126141425110677,0.5434060066738533,-0.030791864162785565
d1,o_min,m057529_o_min_ord13_rk00015,0.545689778132337,0.5434060066738533,0.0022837714584836855
d1,o_min,m057530_o_min_ord13_rk00016,0.5178131582007688,0.5434060066738533,-0.025592848473084517
d1,o_min,m057531_o_min_ord13_rk00017,0.5296468582949201,0.5434060066738533,-0.013759148378933217
d1,o_min,m057532_o_min_ord13_rk00018,0.5167567867788525,0.5434060066738533,-0.026649219895000797
d1,o_min,m057533_o_min_ord13_rk00019,0.5261819750820811,0.5434060066738533,-0.017224031591772215
d1,o_min,m057534_o_min_ord13_rk00020,0.5284321452718039,0.5434060066738533,-0.014973861402049371
d1,o_min,m058515_o_min_ord14_rk00001,0.5224293319285663,0.5434060066738533,-0.020976674745286972
d1,o_min,m058516_o_min_ord14_rk00002,0.5204768726354252,0.5434060066738533,-0.02292913403842811
d1,o_min,m058517_o_min_ord14_rk00003,0.5239190284598141,0.5434060066738533,-0.01948697821403922
d1,o_min,m058518_o_min_ord14_rk00004,0.5267761771846085,0.5434060066738533,-0.01662982948924485
d1,o_min,m058519_o_min_ord14_rk00005,0.5247788506074516,0.5434060066738533,-0.01862715606640175
d1,o_min,m058520_o_min_ord14_rk00006,0.5289876130783484,0.5434060066738533,-0.014418393595504897
d1,o_min,m058521_o_min_ord14_rk00007,0.5352210023815623,0.5434060066738533,-0.008185004292290965
d1,o_min,m058522_o_min_ord14_rk00008,0.5230990079214373,0.5434060066738533,-0.02030699875241604
d1,o_min,m058523_o_min_ord14_rk00009,0.5199095219210784,0.5434060066738533,-0.023496484752774882
d1,o_min,m058524_o_min_ord14_rk00010,0.5311711520756289,0.5434060066738533,-0.012234854598224376
d1,o_min,m058525_o_min_ord14_rk00011,0.5274261885479262,0.5434060066738533,-0.01597981812592708
d1,o_min,m058526_o_min_ord14_rk00012,0.5170999298186049,0.5434060066738533,-0.02630607685524844
d1,o_min,m058527_o_min_ord14_rk00013,0.5337891494085241,0.5434060066738533,-0.009616857265329237
d1,o_min,m058528_o_min_ord14_rk00014,0.5142965703475044,0.5434060066738533,-0.02910943632634888
d1,o_min,m058529_o_min_ord14_rk00015,0.5311137931506305,0.5434060066738533,-0.01229221352322285
d1,o_min,m058530_o_min_ord14_rk00016,0.5321709813115867,0.5434060066738533,-0.011235025362266615
d1,o_min,m058531_o_min_ord14_rk00017,0.5245845316796353,0.5434060066738533,-0.018821474994218046
d1,o_min,m058532_o_min_ord14_rk00018,0.5332673976006022,0.5434060066738533,-0.010138609073251148
d1,o_min,m058533_o_min_ord14_rk00019,0.5211908778726206,0.5434060066738533,-0.022215128801232664
d1,o_min,m058534_o_min_ord14_rk00020,0.5283755524366931,0.5434060066738533,-0.015030454237160207
d1,o_min,m059515_o_min_ord15_rk00001,0.5199842178418104,0.5434060066738533,-0.023421788832042933
d1,o_min,m059516_o_min_ord15_rk00002,0.5271940899887537,0.5434060066738533,-0.01621191668509958
d1,o_min,m059517_o_min_ord15_rk00003,0.5122965489966487,0.5434060066738533,-0.031109457677204633
d1,o_min,m059518_o_min_ord15_rk00004,0.51897465117807,0.5434060066738533,-0.024431355495783347
d1,o_min,m059519_o_min_ord15_rk00005,0.5149296513983003,0.5434060066738533,-0.028476355275553034
d1,o_min,m059520_o_min_ord15_rk00006,0.509623778388893,0.5434060066738533,-0.03378222828496036
d1,o_min,m059521_o_min_ord15_rk00007,0.5159147426446795,0.5434060066738533,-0.02749126402917379
d1,o_min,m059522_o_min_ord15_rk00008,0.5112164496652184,0.5434060066738533,-0.032189557008634906
d1,o_min,m059523_o_min_ord15_rk00009,0.5230005453977009,0.5434060066738533,-0.020405461276152392
d1,o_min,m059524_o_min_ord15_rk00010,0.5168007793946977,0.5434060066738533,-0.026605227279155597
d1,o_min,m059525_o_min_ord15_rk00011,0.5055776905952034,0.5434060066738533,-0.03782831607864989
d1,o_min,m059526_o_min_ord15_rk00012,0.5143125442069452,0.5434060066738533,-0.029093462466908138
d1,o_min,m059527_o_min_ord15_rk00013,0.5218112423377572,0.5434060066738533,-0.021594764336096084
d1,o_min,m059528_o_min_ord15_rk00014,0.5170862727350372,0.5434060066738533,-0.026319733938816148
d1,o_min,m059529_o_min_ord15_rk00015,0.5179170630832592,0.5434060066738533,-0.02548894359059406
d1,o_min,m059530_o_min_ord15_rk00016,0.518413552166605,0.5434060066738533,-0.024992454507248296
d1,o_min,m059531_o_min_ord15_rk00017,0.5224334889696829,0.5434060066738533,-0.020972517704170413
d1,o_min,m059532_o_min_ord15_rk00018,0.521878894209079,0.5434060066738533,-0.021527112464774345
d1,o_min,m059533_o_min_ord15_rk00019,0.5125523833356262,0.5434060066738533,-0.030853623338227054
d1,o_min,m059534_o_min_ord15_rk00020,0.5197191286553062,0.5434060066738533,-0.023686878018547075
d1,o_min,m060515_o_min_ord16_rk00001,0.5300149857387053,0.5434060066738533,-0.01339102093514799
d1,o_min,m060516_o_min_ord16_rk00002,0.5230169216070724,0.5434060066738533,-0.020389085066780943
d1,o_min,m060517_o_min_ord16_rk00003,0.5152435731175415,0.5434060066738533,-0.02816243355631176
d1,o_min,m060518_o_min_ord16_rk00004,0.5233440911728143,0.5434060066738533,-0.020061915501038974
d1,o_min,m060519_o_min_ord16_rk00005,0.5230614802633607,0.5434060066738533,-0.02034452641049256
d1,o_min,m060520_o_min_ord16_rk00006,0.518012947063768,0.5434060066738533,-0.02539305961008531
d1,o_min,m060521_o_min_ord16_rk00007,0.5234651023473953,0.5434060066738533,-0.01994090432645801
d1,o_min,m060522_o_min_ord16_rk00008,0.5284529742511234,0.5434060066738533,-0.01495303242272994
d1,o_min,m060523_o_min_ord16_rk00009,0.5092288038566812,0.5434060066738533,-0.03417720281717207
d1,o_min,m060524_o_min_ord16_rk00010,0.5283660817711714,0.5434060066738533,-0.015039924902681912
d1,o_min,m060525_o_min_ord16_rk00011,0.5160145282273132,0.5434060066738533,-0.027391478446540107
d1,o_min,m060526_o_min_ord16_rk00012,0.5144550120157962,0.5434060066738533,-0.02895099465805706
d1,o_min,m060527_o_min_ord16_rk00013,0.5161402830369054,0.5434060066738533,-0.027265723636947903
d1,o_min,m060528_o_min_ord16_rk00014,0.5201788294363214,0.5434060066738533,-0.02322717723753187
d1,o_min,m060529_o_min_ord16_rk00015,0.5189053905550267,0.5434060066738533,-0.02450061611882659
d1,o_min,m060530_o_min_ord16_rk00016,0.5223524329676418,0.5434060066738533,-0.021053573706211526
d1,o_min,m060531_o_min_ord16_rk00017,0.510913986017699,0.5434060066738533,-0.03249202065615431
d1,o_min,m060532_o_min_ord16_rk00018,0.5190029895766148,0.5434060066738533,-0.024403017097238466
d1,o_min,m060533_o_min_ord16_rk00019,0.5205058971398999,0.5434060066738533,-0.022900109533953383
d1,o_min,m060534_o_min_ord16_rk00020,0.5110113821506868,0.5434060066738533,-0.03239462452316655
d1,o_min,m061515_o_min_ord17_rk00001,0.5136131063644309,0.5434060066738533,-0.029792900309422388
d1,o_min,m061516_o_min_ord17_rk00002,0.5048810040123419,0.5434060066738533,-0.038525002661511376
d1,o_min,m061517_o_min_ord17_rk00003,0.5159120056896367,0.5434060066738533,-0.027494000984216616
d1,o_min,m061518_o_min_ord17_rk00004,0.5176569421187102,0.5434060066738533,-0.025749064555143142
d1,o_min,m061519_o_min_ord17_rk00005,0.5138201495853782,0.5434060066738533,-0.029585857088475054
d1,o_min,m061520_o_min_ord17_rk00006,0.4975817611493701,0.5434060066738533,-0.04582424552448322
d1,o_min,m061521_o_min_ord17_rk00007,0.5271065498743526,0.5434060066738533,-0.016299456799500733
d1,o_min,m061522_o_min_ord17_rk00008,0.5185996571526339,0.5434060066738533,-0.024806349521219406
d1,o_min,m061523_o_min_ord17_rk00009,0.5137930668828246,0.5434060066738533,-0.029612939791028747
d1,o_min,m061524_o_min_ord17_rk00010,0.4970295329594173,0.5434060066738533,-0.046376473714435984
d1,o_min,m061525_o_min_ord17_rk00011,0.4952168434690196,0.5434060066738533,-0.048189163204833685
d1,o_min,m061526_o_min_ord17_rk00012,0.5133990288711527,0.5434060066738533,-0.030006977802700563
d1,o_min,m061527_o_min_ord17_rk00013,0.5177034021304794,0.5434060066738533,-0.02570260454337392
d1,o_min,m061528_o_min_ord17_rk00014,0.5208125411843508,0.5434060066738533,-0.022593465489502473
d1,o_min,m061529_o_min_ord17_rk00015,0.4983652933917211,0.5434060066738533,-0.045040713282132216
d1,o_min,m061530_o_min_ord17_rk00016,0.5151227236138028,0.5434060066738533,-0.028283283060050457
d1,o_min,m061531_o_min_ord17_rk00017,0.5162439320138618,0.5434060066738533,-0.027162074659991542
d1,o_min,m061532_o_min_ord17_rk00018,0.5129650447379983,0.5434060066738533,-0.030440961935854993
d1,o_min,m061533_o_min_ord17_rk00019,0.5101375507018626,0.5434060066738533,-0.033268455971990685
d1,o_min,m061534_o_min_ord17_rk00020,0.5184103863289313,0.5434060066738533,-0.024995620344921976
d1,o_min,m062515_o_min_ord18_rk00001,0.492115488418157,0.5434060066738533,-0.051290518255696305
d1,o_min,m062516_o_min_ord18_rk00002,0.5219609879258972,0.5434060066738533,-0.021445018747956124
d1,o_min,m062517_o_min_ord18_rk00003,0.5282425382708028,0.5434060066738533,-0.015163468403050495
d1,o_min,m062518_o_min_ord18_rk00004,0.4996512476671084,0.5434060066738533,-0.043754759006744914
d1,o_min,m062519_o_min_ord18_rk00005,0.5284221364477604,0.5434060066738533,-0.014983870226092932
d1,o_min,m062520_o_min_ord18_rk00006,0.522217387689542,0.5434060066738533,-0.021188618984311347
d1,o_min,m062521_o_min_ord18_rk00007,0.5297159246412999,0.5434060066738533,-0.013690082032553397
d1,o_min,m062522_o_min_ord18_rk00008,0.5043503327591752,0.5434060066738533,-0.039055673914678124
d1,o_min,m062523_o_min_ord18_rk00009,0.5280216388805687,0.5434060066738533,-0.015384367793284559
d1,o_min,m062524_o_min_ord18_rk00010,0.5312441931723565,0.5434060066738533,-0.01216181350149681
d1,o_min,m062525_o_min_ord18_rk00011,0.4856870508977337,0.5434060066738533,-0.05771895577611963
d1,o_min,m062526_o_min_ord18_rk00012,0.5286409625169264,0.5434060066738533,-0.01476504415692692
d1,o_min,m062527_o_min_ord18_rk00013,0.5307249696543019,0.5434060066738533,-0.012681037019551367
d1,o_min,m062528_o_min_ord18_rk00014,0.4990475039023452,0.5434060066738533,-0.0443585027715081
d1,o_min,m062529_o_min_ord18_rk00015,0.5047855627392501,0.5434060066738533,-0.03862044393460318
d1,o_min,m062530_o_min_ord18_rk00016,0.4968408656893164,0.5434060066738533,-0.0465651409845369
d1,o_min,m062531_o_min_ord18_rk00017,0.5036295279423435,0.5434060066738533,-0.0397764787315098
d1,o_min,m062532_o_min_ord18_rk00018,0.5022755396369831,0.5434060066738533,-0.04113046703687018
d1,o_min,m062533_o_min_ord18_rk00019,0.4908563868786347,0.5434060066738533,-0.052549619795218605
d1,o_min,m062534_o_min_ord18_rk00020,0.5293877055183864,0.5434060066738533,-0.014018301155466872
d1,o_min,m063515_o_min_ord19_rk00001,0.5090817828706278,0.5434060066738533,-0.03432422380322553
d1,o_min,m063516_o_min_ord19_rk00002,0.5015809919643157,0.5434060066738533,-0.04182501470953759
d1,o_min,m063517_o_min_ord19_rk00003,0.5018047318332863,0.5434060066738533,-0.04160127484056697
d1,o_min,m063518_o_min_ord19_rk00004,0.5069060487228672,0.5434060066738533,-0.03649995795098615
d1,o_min,m063519_o_min_ord19_rk00005,0.5045004319020496,0.5434060066738533,-0.038905574771803675
d1,o_min,m063520_o_min_ord19_rk00006,0.5096399845807776,0.5434060066738533,-0.033766022093075665
d1,o_min,m063521_o_min_ord19_rk00007,0.5088386278856634,0.5434060066738533,-0.03456737878818994
d1,o_min,m063522_o_min_ord19_rk00008,0.5044990682432093,0.5434060066738533,-0.03890693843064397
d1,o_min,m063523_o_min_ord19_rk00009,0.508038142404952,0.5434060066738533,-0.03536786426890126
d1,o_min,m063524_o_min_ord19_rk00010,0.510210226241322,0.5434060066738533,-0.03319578043253135
d1,o_min,m063525_o_min_ord19_rk00011,0.4988389411317924,0.5434060066738533,-0.04456706554206091
d1,o_min,m063526_o_min_ord19_rk00012,0.5100558583931152,0.5434060066738533,-0.03335014828073812
d1,o_min,m063527_o_min_ord19_rk00013,0.5109260422778831,0.5434060066738533,-0.03247996439597023
d1,o_min,m063528_o_min_ord19_rk00014,0.5104632652640362,0.5434060066738533,-0.03294274140981712
d1,o_min,m063529_o_min_ord19_rk00015,0.5040702703982569,0.5434060066738533,-0.03933573627559639
d1,o_min,m063530_o_min_ord19_rk00016,0.5171862675874237,0.5434060066738533,-0.026219739086429605
d1,o_min,m063531_o_min_ord19_rk00017,0.4907640152397873,0.5434060066738533,-0.052641991434066004
d1,o_min,m063532_o_min_ord19_rk00018,0.506259678625814,0.5434060066738533,-0.0371463280480393
d1,o_min,m063533_o_min_ord19_rk00019,0.5070829633130222,0.5434060066738533,-0.03632304336083114
d1,o_min,m063534_o_min_ord19_rk00020,0.5333691562737448,0.5434060066738533,-0.010036850400108488
d1,o_min,m064515_o_min_ord20_rk00001,0.5257503165329174,0.5434060066738533,-0.01765569014093593
d1,o_min,m064516_o_min_ord20_rk00002,0.5072896236233004,0.5434060066738533,-0.03611638305055287
d1,o_min,m064517_o_min_ord20_rk00003,0.5240750216481198,0.5434060066738533,-0.019330985025733494
d1,o_min,m064518_o_min_ord20_rk00004,0.4965168349307394,0.5434060066738533,-0.04688917174311391
d1,o_min,m064519_o_min_ord20_rk00005,0.5154326369240607,0.5434060066738533,-0.027973369749792587
d1,o_min,m064520_o_min_ord20_rk00006,0.5033257146909167,0.5434060066738533,-0.04008029198293661
d1,o_min,m064521_o_min_ord20_rk00007,0.4958948769482303,0.5434060066738533,-0.04751112972562299
d1,o_min,m064522_o_min_ord20_rk00008,0.4972622066312666,0.5434060066738533,-0.046143800042586725
d1,o_min,m064523_o_min_ord20_rk00009,0.4973335020418822,0.5434060066738533,-0.0460725046319711
d1,o_min,m064524_o_min_ord20_rk00010,0.5241543527698858,0.5434060066738533,-0.019251653903967547
d1,o_min,m064525_o_min_ord20_rk00011,0.5276943791462545,0.5434060066738533,-0.015711627527598804
d1,o_min,m064526_o_min_ord20_rk00012,0.5044248330497382,0.5434060066738533,-0.03898117362411513
d1,o_min,m064527_o_min_ord20_rk00013,0.528666189429059,0.5434060066738533,-0.01473981724479434
d1,o_min,m064528_o_min_ord20_rk00014,0.5148119296432174,0.5434060066738533,-0.028594077030635878
d1,o_min,m064529_o_min_ord20_rk00015,0.5245931669739647,0.5434060066738533,-0.01881283969988856
d1,o_min,m064530_o_min_ord20_rk00016,0.5251428765029854,0.5434060066738533,-0.01826313017086789
d1,o_min,m064531_o_min_ord20_rk00017,0.4992267612613935,0.5434060066738533,-0.04417924541245982
d1,o_min,m064532_o_min_ord20_rk00018,0.540040625570144,0.5434060066738533,-0.0033653811037093195
d1,o_min,m064533_o_min_ord20_rk00019,0.5082205636164137,0.5434060066738533,-0.03518544305743965
d1,o_min,m064534_o_min_ord20_rk00020,0.5269335140402106,0.5434060066738533,-0.0164724926336427
d1,o_min,m065515_o_min_ord21_rk00001,0.5195904120794004,0.5434060066738533,-0.023815594594452927
d1,o_min,m065516_o_min_ord21_rk00002,0.5055771491066656,0.5434060066738533,-0.03782885756718768
d1,o_min,m065517_o_min_ord21_rk00003,0.5136616684277552,0.5434060066738533,-0.029744338246098123
d1,o_min,m065518_o_min_ord21_rk00004,0.4996370782733639,0.5434060066738533,-0.043768928400489404
d1,o_min,m065519_o_min_ord21_rk00005,0.4993817358698011,0.5434060066738533,-0.04402427080405219
d1,o_min,m065520_o_min_ord21_rk00006,0.5236662442463318,0.5434060066738533,-0.019739762427521512
d1,o_min,m065521_o_min_ord21_rk00007,0.5023775800910174,0.5434060066738533,-0.0410284265828359
d1,o_min,m065522_o_min_ord21_rk00008,0.5068621164293673,0.5434060066738533,-0.03654389024448601
d1,o_min,m065523_o_min_ord21_rk00009,0.5178034189697214,0.5434060066738533,-0.02560258770413193
d1,o_min,m065524_o_min_ord21_rk00010,0.5152862006250795,0.5434060066738533,-0.028119806048773843
d1,o_min,m065525_o_min_ord21_rk00011,0.5057288594590588,0.5434060066738533,-0.03767714721479454
d1,o_min,m065526_o_min_ord21_rk00012,0.498306282719489,0.5434060066738533,-0.04509972395436429
d1,o_min,m065527_o_min_ord21_rk00013,0.5184654746465169,0.5434060066738533,-0.02494053202733637
d1,o_min,m065528_o_min_ord21_rk00014,0.5250199347007909,0.5434060066738533,-0.018386071973062412
d1,o_min,m065529_o_min_ord21_rk00015,0.5378004632822024,0.5434060066738533,-0.005605543391650869
d1,o_min,m065530_o_min_ord21_rk00016,0.4981728910645094,0.5434060066738533,-0.0452331156093439
d1,o_min,m065531_o_min_ord21_rk00017,0.536504848424858,0.5434060066738533,-0.006901158248995287
d1,o_min,m065532_o_min_ord21_rk00018,0.4988237997058674,0.5434060066738533,-0.04458220696798593
d1,o_min,m065533_o_min_ord21_rk00019,0.5136134597052027,0.5434060066738533,-0.029792546968650635
d1,o_min,m065534_o_min_ord21_rk00020,0.4967542014914609,0.5434060066738533,-0.046651805182392425
d1,o_min,m066515_o_min_ord22_rk00001,0.5123727793606276,0.5434060066738533,-0.031033227313225664
d1,o_min,m066516_o_min_ord22_rk00002,0.5104164640273863,0.5434060066738533,-0.03298954264646703
d1,o_min,m066517_o_min_ord22_rk00003,0.5210896225462762,0.5434060066738533,-0.022316384127577082
d1,o_min,m066518_o_min_ord22_rk00004,0.500631239975196,0.5434060066738533,-0.04277476669865732
d1,o_min,m066519_o_min_ord22_rk00005,0.5340949784572443,0.5434060066738533,-0.009311028216609007
d1,o_min,m066520_o_min_ord22_rk00006,0.5101011729415743,0.5434060066738533,-0.03330483373227899
d1,o_min,m066521_o_min_ord22_rk00007,0.5303216368467947,0.5434060066738533,-0.013084369827058628
d1,o_min,m066522_o_min_ord22_rk00008,0.5142525217361356,0.5434060066738533,-0.029153484937717744
d1,o_min,m066523_o_min_ord22_rk00009,0.5000552122554878,0.5434060066738533,-0.043350794418365535
d1,o_min,m066524_o_min_ord22_rk00010,0.5141191129281478,0.5434060066738533,-0.029286893745705478
d1,o_min,m066525_o_min_ord22_rk00011,0.5083400842725228,0.5434060066738533,-0.03506592240133055
d1,o_min,m066526_o_min_ord22_rk00012,0.5091915844929458,0.5434060066738533,-0.03421442218090753
d1,o_min,m066527_o_min_ord22_rk00013,0.513276679115676,0.5434060066738533,-0.03012932755817732
d1,o_min,m066528_o_min_ord22_rk00014,0.5033868855477075,0.5434060066738533,-0.04001912112614581
d1,o_min,m066529_o_min_ord22_rk00015,0.5118028189893848,0.5434060066738533,-0.03160318768446846
d1,o_min,m066530_o_min_ord22_rk00016,0.5109255033010344,0.5434060066738533,-0.032480503372818936
d1,o_min,m066531_o_min_ord22_rk00017,0.5260225751772605,0.5434060066738533,-0.017383431496592827
d1,o_min,m066532_o_min_ord22_rk00018,0.5229535680499413,0.5434060066738533,-0.020452438623911995
d1,o_min,m066533_o_min_ord22_rk00019,0.4997637990967163,0.5434060066738533,-0.04364220757713699
d1,o_min,m066534_o_min_ord22_rk00020,0.5109897335626972,0.5434060066738533,-0.032416273111156135
d1,o_min,m067515_o_min_ord23_rk00001,0.5162689053539282,0.5434060066738533,-0.027137101319925083
d1,o_min,m067516_o_min_ord23_rk00002,0.5159487562337746,0.5434060066738533,-0.02745725044007874
d1,o_min,m067517_o_min_ord23_rk00003,0.5215734207345681,0.5434060066738533,-0.021832585939285165
d1,o_min,m067518_o_min_ord23_rk00004,0.514542594029775,0.5434060066738533,-0.028863412644078323
d1,o_min,m067519_o_min_ord23_rk00005,0.5160346636531675,0.5434060066738533,-0.02737134302068578
d1,o_min,m067520_o_min_ord23_rk00006,0.5211464770578864,0.5434060066738533,-0.02225952961596689
d1,o_min,m067521_o_min_ord23_rk00007,0.5116662890671386,0.5434060066738533,-0.03173971760671468
d1,o_min,m067522_o_min_ord23_rk00008,0.5145983393945406,0.5434060066738533,-0.02880766727931272
d1,o_min,m067523_o_min_ord23_rk00009,0.5139132088450471,0.5434060066738533,-0.029492797828806205
d1,o_min,m067524_o_min_ord23_rk00010,0.5317463681959242,0.5434060066738533,-0.011659638477929057
d1,o_min,m067525_o_min_ord23_rk00011,0.5073933231202332,0.5434060066738533,-0.036012683553620084
d1,o_min,m067526_o_min_ord23_rk00012,0.5220719363935113,0.5434060066738533,-0.021334070280341955
d1,o_min,m067527_o_min_ord23_rk00013,0.505290335526128,0.5434060066738533,-0.038115671147725294
d1,o_min,m067528_o_min_ord23_rk00014,0.5202545462147411,0.5434060066738533,-0.023151460459112205
d1,o_min,m067529_o_min_ord23_rk00015,0.5042632371542995,0.5434060066738533,-0.039142769519553755
d1,o_min,m067530_o_min_ord23_rk00016,0.5098041888143405,0.5434060066738533,-0.03360181785951277
d1,o_min,m067531_o_min_ord23_rk00017,0.5165724816247497,0.5434060066738533,-0.026833525049103635
d1,o_min,m067532_o_min_ord23_rk00018,0.5169027031479253,0.5434060066738533,-0.026503303525928
d1,o_min,m067533_o_min_ord23_rk00019,0.5180874847347567,0.5434060066738533,-0.02531852193909656
d1,o_min,m067534_o_min_ord23_rk00020,0.5120193480840369,0.5434060066738533,-0.031386658589816374
d1,o_min,m068515_o_min_ord24_rk00001,0.504726587014627,0.5434060066738533,-0.03867941965922628
d1,o_min,m068516_o_min_ord24_rk00002,0.5018812788761282,0.5434060066738533,-0.04152472779772509
d1,o_min,m068517_o_min_ord24_rk00003,0.5021758785492285,0.5434060066738533,-0.04123012812462479
d1,o_min,m068518_o_min_ord24_rk00004,0.5054249506891973,0.5434060066738533,-0.037981055984655954
d1,o_min,m068519_o_min_ord24_rk00005,0.5126486632210452,0.5434060066738533,-0.030757343452808117
d1,o_min,m068520_o_min_ord24_rk00006,0.505266239281174,0.5434060066738533,-0.038139767392679325
d1,o_min,m068521_o_min_ord24_rk00007,0.5017392942918151,0.5434060066738533,-0.04166671238203823
d1,o_min,m068522_o_min_ord24_rk00008,0.5035827038635701,0.5434060066738533,-0.039823302810283234
d1,o_min,m068523_o_min_ord24_rk00009,0.5027025060279292,0.5434060066738533,-0.040703500645924096
d1,o_min,m068524_o_min_ord24_rk00010,0.5156620316344236,0.5434060066738533,-0.027743975039429714
d1,o_min,m068525_o_min_ord24_rk00011,0.5129175571613995,0.5434060066738533,-0.030488449512453775
d1,o_min,m068526_o_min_ord24_rk00012,0.5033206555428686,0.5434060066738533,-0.04008535113098466
d1,o_min,m068527_o_min_ord24_rk00013,0.5024230070587619,0.5434060066738533,-0.04098299961509144
d1,o_min,m068528_o_min_ord24_rk00014,0.507387662005538,0.5434060066738533,-0.03601834466831533
d1,o_min,m068529_o_min_ord24_rk00015,0.506621250849457,0.5434060066738533,-0.03678475582439633
d1,o_min,m068530_o_min_ord24_rk00016,0.4959472596618398,0.5434060066738533,-0.047458747012013525
d1,o_min,m068531_o_min_ord24_rk00017,0.4996772785639728,0.5434060066738533,-0.04372872810988049
d1,o_min,m068532_o_min_ord24_rk00018,0.5354789271861911,0.5434060066738533,-0.007927079487662247
d1,o_min,m068533_o_min_ord24_rk00019,0.493128215733932,0.5434060066738533,-0.050277790939921296
d1,o_min,m068534_o_min_ord24_rk00020,0.4993270751963548,0.5434060066738533,-0.04407893147749853
d1,o_min,m069515_o_min_ord25_rk00001,0.5115043758947402,0.5434060066738533,-0.03190163077911312
d1,o_min,m069516_o_min_ord25_rk00002,0.5171052153114178,0.5434060066738533,-0.02630079136243546
d1,o_min,m069517_o_min_ord25_rk00003,0.517495420971026,0.5434060066738533,-0.025910585702827338
d1,o_min,m069518_o_min_ord25_rk00004,0.5100300539442667,0.5434060066738533,-0.0333759527295866
d1,o_min,m069519_o_min_ord25_rk00005,0.5148829823736403,0.5434060066738533,-0.02852302430021303
d1,o_min,m069520_o_min_ord25_rk00006,0.5122724825103129,0.5434060066738533,-0.031133524163540427
d1,o_min,m069521_o_min_ord25_rk00007,0.5089256211321489,0.5434060066738533,-0.034480385541704406
d1,o_min,m069522_o_min_ord25_rk00008,0.5235501285436474,0.5434060066738533,-0.01985587813020595
d1,o_min,m069523_o_min_ord25_rk00009,0.5053077351247771,0.5434060066738533,-0.03809827154907619
d1,o_min,m069524_o_min_ord25_rk00010,0.5144466871666717,0.5434060066738533,-0.028959319507181558
d1,o_min,m069525_o_min_ord25_rk00011,0.5106555922174347,0.5434060066738533,-0.032750414456418575
d1,o_min,m069526_o_min_ord25_rk00012,0.5133056256947067,0.5434060066738533,-0.03010038097914658
d1,o_min,m069527_o_min_ord25_rk00013,0.510211805869857,0.5434060066738533,-0.033194200803996265
d1,o_min,m069528_o_min_ord25_rk00014,0.5218713549559861,0.5434060066738533,-0.02153465171786717
d1,o_min,m069529_o_min_ord25_rk00015,0.5017362189961357,0.5434060066738533,-0.04166978767771756
d1,o_min,m069530_o_min_ord25_rk00016,0.5052560222972254,0.5434060066738533,-0.038149984376627866
d1,o_min,m069531_o_min_ord25_rk00017,0.5172342211678791,0.5434060066738533,-0.02617178550597421
d1,o_min,m069532_o_min_ord25_rk00018,0.5121516259187981,0.5434060066738533,-0.031254380755055156
d1,o_min,m069533_o_min_ord25_rk00019,0.5223646923404066,0.5434060066738533,-0.021041314333446692
d1,o_min,m069534_o_min_ord25_rk00020,0.5096230053502205,0.5434060066738533,-0.033783001323632766
d1,o_min,m070515_o_min_ord26_rk00001,0.5094180769269164,0.5434060066738533,-0.033987929746936874
d1,o_min,m070516_o_min_ord26_rk00002,0.5062359181929421,0.5434060066738533,-0.03717008848091119
d1,o_min,m070517_o_min_ord26_rk00003,0.5093581037794774,0.5434060066738533,-0.03404790289437587
d1,o_min,m070518_o_min_ord26_rk00004,0.5183564022442215,0.5434060066738533,-0.025049604429631778
d1,o_min,m070519_o_min_ord26_rk00005,0.5056284980247199,0.5434060066738533,-0.03777750864913343
d1,o_min,m070520_o_min_ord26_rk00006,0.5172658866428401,0.5434060066738533,-0.02614012003101318
d1,o_min,m070521_o_min_ord26_rk00007,0.5162555469190402,0.5434060066738533,-0.027150459754813117
d1,o_min,m070522_o_min_ord26_rk00008,0.5070236334221969,0.5434060066738533,-0.036382373251656386
d1,o_min,m070523_o_min_ord26_rk00009,0.5160790985006093,0.5434060066738533,-0.027326908173244013
d1,o_min,m070524_o_min_ord26_rk00010,0.518888068786213,0.5434060066738533,-0.02451793788764034
d1,o_min,m070525_o_min_ord26_rk00011,0.5086174489214197,0.5434060066738533,-0.03478855775243361
d1,o_min,m070526_o_min_ord26_rk00012,0.4978590463262182,0.5434060066738533,-0.04554696034763511
d1,o_min,m070527_o_min_ord26_rk00013,0.5048530358826954,0.5434060066738533,-0.03855297079115794
d1,o_min,m070528_o_min_ord26_rk00014,0.5168603091853317,0.5434060066738533,-0.026545697488521647
d1,o_min,m070529_o_min_ord26_rk00015,0.5082541752705949,0.5434060066738533,-0.03515183140325839
d1,o_min,m070530_o_min_ord26_rk00016,0.5067525600969713,0.5434060066738533,-0.036653446576881965
d1,o_min,m070531_o_min_ord26_rk00017,0.509814360823402,0.5434060066738533,-0.03359164585045127
d1,o_min,m070532_o_min_ord26_rk00018,0.5094213186391237,0.5434060066738533,-0.03398468803472965
d1,o_min,m070533_o_min_ord26_rk00019,0.5069462655108166,0.5434060066738533,-0.03645974116303674
d1,o_min,m070534_o_min_ord26_rk00020,0.5094493045935162,0.5434060066738533,-0.033956702080337076
d1,o_min,m071515_o_min_ord27_rk00001,0.5139228989862642,0.5434060066738533,-0.029483107687589105
d1,o_min,m071516_o_min_ord27_rk00002,0.5096799129367459,0.5434060066738533,-0.03372609373710744
d1,o_min,m071517_o_min_ord27_rk00003,0.5077611639529298,0.5434060066738533,-0.0356448427209235
d1,o_min,m071518_o_min_ord27_rk00004,0.5123540283899122,0.5434060066738533,-0.03105197828394113
d1,o_min,m071519_o_min_ord27_rk00005,0.5140387733617482,0.5434060066738533,-0.029367233312105112
d1,o_min,m071520_o_min_ord27_rk00006,0.5116631720877638,0.5434060066738533,-0.03174283458608951
d1,o_min,m071521_o_min_ord27_rk00007,0.4910727981187025,0.5434060066738533,-0.05233320855515078
d1,o_min,m071522_o_min_ord27_rk00008,0.5080266688609318,0.5434060066738533,-0.03537933781292146
d1,o_min,m071523_o_min_ord27_rk00009,0.5263552269911549,0.5434060066738533,-0.017050779682698414
d1,o_min,m071524_o_min_ord27_rk00010,0.5047521122760866,0.5434060066738533,-0.038653894397766675
d1,o_min,m071525_o_min_ord27_rk00011,0.5130365566879517,0.5434060066738533,-0.03036944998590163
d1,o_min,m071526_o_min_ord27_rk00012,0.5080244774610241,0.5434060066738533,-0.03538152921282922
d1,o_min,m071527_o_min_ord27_rk00013,0.5267845211158029,0.5434060066738533,-0.01662148555805043
d1,o_min,m071528_o_min_ord27_rk00014,0.513375388423817,0.5434060066738533,-0.03003061825003628
d1,o_min,m071529_o_min_ord27_rk00015,0.5070244575550105,0.5434060066738533,-0.03638154911884284
d1,o_min,m071530_o_min_ord27_rk00016,0.5099652358351865,0.5434060066738533,-0.03344077083866681
d1,o_min,m071531_o_min_ord27_rk00017,0.5106432130859275,0.5434060066738533,-0.032762793587925776
d1,o_min,m071532_o_min_ord27_rk00018,0.5306797790185197,0.5434060066738533,-0.0127262276553336
d1,o_min,m071533_o_min_ord27_rk00019,0.5035177853746958,0.5434060066738533,-0.03988822129915748
d1,o_min,m071534_o_min_ord27_rk00020,0.509318282855769,0.5434060066738533,-0.03408772381808434
d1,o_min,m072515_o_min_ord28_rk00001,0.4932715396260609,0.5434060066738533,-0.0501344670477924
d1,o_min,m072516_o_min_ord28_rk00002,0.5090057912291563,0.5434060066738533,-0.03440021544469696
d1,o_min,m072517_o_min_ord28_rk00003,0.5093718080212911,0.5434060066738533,-0.034034198652562186
d1,o_min,m072518_o_min_ord28_rk00004,0.5028903920061532,0.5434060066738533,-0.04051561466770015
d1,o_min,m072519_o_min_ord28_rk00005,0.516669586655798,0.5434060066738533,-0.026736420018055318
d1,o_min,m072520_o_min_ord28_rk00006,0.5145344997425345,0.5434060066738533,-0.02887150693131879
d1,o_min,m072521_o_min_ord28_rk00007,0.5021413125533163,0.5434060066738533,-0.041264694120537015
d1,o_min,m072522_o_min_ord28_rk00008,0.4975887311749205,0.5434060066738533,-0.04581727549893283
d1,o_min,m072523_o_min_ord28_rk00009,0.5034588953508764,0.5434060066738533,-0.0399471113229769
d1,o_min,m072524_o_min_ord28_rk00010,0.533923569661964,0.5434060066738533,-0.009482437011889333
d1,o_min,m072525_o_min_ord28_rk00011,0.5096803836011711,0.5434060066738533,-0.03372562307268223
d1,o_min,m072526_o_min_ord28_rk00012,0.5331112654088581,0.5434060066738533,-0.010294741264995189
d1,o_min,m072527_o_min_ord28_rk00013,0.4938459108267718,0.5434060066738533,-0.04956009584708149
d1,o_min,m072528_o_min_ord28_rk00014,0.4992484938092246,0.5434060066738533,-0.04415751286462871
d1,o_min,m072529_o_min_ord28_rk00015,0.5108497560098196,0.5434060066738533,-0.03255625066403367
d1,o_min,m072530_o_min_ord28_rk00016,0.4963890655679641,0.5434060066738533,-0.04701694110588922
d1,o_min,m072531_o_min_ord28_rk00017,0.5074203765243742,0.5434060066738533,-0.035985630149479086
d1,o_min,m072532_o_min_ord28_rk00018,0.5335166379244957,0.5434060066738533,-0.009889368749357641
d1,o_min,m072533_o_min_ord28_rk00019,0.5032558968262617,0.5434060066738533,-0.0401501098475916
d1,o_min,m072534_o_min_ord28_rk00020,0.5143825195406827,0.5434060066738533,-0.0290234871331706
d1,o_min,m073515_o_min_ord29_rk00001,0.4981207251069067,0.5434060066738533,-0.04528528156694661
d1,o_min,m073516_o_min_ord29_rk00002,0.4936581702495745,0.5434060066738533,-0.049747836424278824
d1,o_min,m073517_o_min_ord29_rk00003,0.5279684551375312,0.5434060066738533,-0.015437551536322092
d1,o_min,m073518_o_min_ord29_rk00004,0.4997531303369488,0.5434060066738533,-0.04365287633690451
d1,o_min,m073519_o_min_ord29_rk00005,0.5271096118421392,0.5434060066738533,-0.01629639483171408
d1,o_min,m073520_o_min_ord29_rk00006,0.510710367132744,0.5434060066738533,-0.03269563954110932
d1,o_min,m073521_o_min_ord29_rk00007,0.4991705625472378,0.5434060066738533,-0.04423544412661551
d1,o_min,m073522_o_min_ord29_rk00008,0.4962405415576933,0.5434060066738533,-0.04716546511615999
d1,o_min,m073523_o_min_ord29_rk00009,0.505214027967769,0.5434060066738533,-0.03819197870608426
d1,o_min,m073524_o_min_ord29_rk00010,0.5096013152170645,0.5434060066738533,-0.03380469145678877
d1,o_min,m073525_o_min_ord29_rk00011,0.5094106533112253,0.5434060066738533,-0.033995353362628045
d1,o_min,m073526_o_min_ord29_rk00012,0.5088260736446921,0.5434060066738533,-0.03457993302916118
d1,o_min,m073527_o_min_ord29_rk00013,0.515180371346309,0.5434060066738533,-0.028225635327544296
d1,o_min,m073528_o_min_ord29_rk00014,0.5003407371266724,0.5434060066738533,-0.04306526954718093
d1,o_min,m073529_o_min_ord29_rk00015,0.5064380357971422,0.5434060066738533,-0.03696797087671111
d1,o_min,m073530_o_min_ord29_rk00016,0.5116937175702274,0.5434060066738533,-0.03171228910362589
d1,o_min,m073531_o_min_ord29_rk00017,0.5349253762758135,0.5434060066738533,-0.008480630398039812
d1,o_min,m073532_o_min_ord29_rk00018,0.5069889166210737,0.5434060066738533,-0.0364170900527796
d1,o_min,m073533_o_min_ord29_rk00019,0.5032920828830417,0.5434060066738533,-0.04011392379081158
d1,o_min,m073534_o_min_ord29_rk00020,0.5312000913286234,0.5434060066738533,-0.012205915345229856
d1,o_min,m074515_o_min_ord30_rk00001,0.510181334327551,0.5434060066738533,-0.03322467234630233
d1,o_min,m074516_o_min_ord30_rk00002,0.5007474667270824,0.5434060066738533,-0.042658539946770935
d1,o_min,m074517_o_min_ord30_rk00003,0.5059872196303072,0.5434060066738533,-0.037418787043546065
d1,o_min,m074518_o_min_ord30_rk00004,0.5035923096120658,0.5434060066738533,-0.0398136970617875
d1,o_min,m074519_o_min_ord30_rk00005,0.5058372398460256,0.5434060066738533,-0.037568766827827726
d1,o_min,m074520_o_min_ord30_rk00006,0.535241389322909,0.5434060066738533,-0.008164617350944314
d1,o_min,m074521_o_min_ord30_rk00007,0.5004539547527957,0.5434060066738533,-0.042952051921057555
d1,o_min,m074522_o_min_ord30_rk00008,0.5289522804173548,0.5434060066738533,-0.014453726256498545
d1,o_min,m074523_o_min_ord30_rk00009,0.4986898298128347,0.5434060066738533,-0.044716176861018586
d1,o_min,m074524_o_min_ord30_rk00010,0.5333977611585492,0.5434060066738533,-0.010008245515304104
d1,o_min,m074525_o_min_ord30_rk00011,0.5060038440809415,0.5434060066738533,-0.03740216259291185
d1,o_min,m074526_o_min_ord30_rk00012,0.4951155022711939,0.5434060066738533,-0.04829050440265942
d1,o_min,m074527_o_min_ord30_rk00013,0.5072132533512431,0.5434060066738533,-0.03619275332261018
d1,o_min,m074528_o_min_ord30_rk00014,0.5331610083092349,0.5434060066738533,-0.010244998364618452
d1,o_min,m074529_o_min_ord30_rk00015,0.5104210442997186,0.5434060066738533,-0.03298496237413473
d1,o_min,m074530_o_min_ord30_rk00016,0.5304701739375226,0.5434060066738533,-0.012935832736330699
d1,o_min,m074531_o_min_ord30_rk00017,0.4985278686061658,0.5434060066738533,-0.04487813806768748
d1,o_min,m074532_o_min_ord30_rk00018,0.5321504253692906,0.5434060066738533,-0.011255581304562723
d1,o_min,m074533_o_min_ord30_rk00019,0.5067665291207489,0.5434060066738533,-0.03663947755310437
d1,o_min,m074534_o_min_ord30_rk00020,0.5024848446694347,0.5434060066738533,-0.04092116200441864
d2,o_min,m047515_o_min_ord3_rk00001,0.5877353710660068,0.6111818788975107,-0.023446507831503927
d2,o_min,m047516_o_min_ord3_rk00002,0.5852967788610084,0.6111818788975107,-0.02588510003650235
d2,o_min,m047517_o_min_ord3_rk00003,0.5942558373690369,0.6111818788975107,-0.01692604152847388
d2,o_min,m047518_o_min_ord3_rk00004,0.5911844643545935,0.6111818788975107,-0.019997414542917258
d2,o_min,m047519_o_min_ord3_rk00005,0.5779025132567247,0.6111818788975107,-0.03327936564078604
d2,o_min,m047520_o_min_ord3_rk00006,0.5360544090520303,0.6111818788975107,-0.07512746984548047
d2,o_min,m047521_o_min_ord3_rk00007,0.5989899931216682,0.6111818788975107,-0.012191885775842515
d2,o_min,m047522_o_min_ord3_rk00008,0.5837928366545098,0.6111818788975107,-0.027389042243000983
d2,o_min,m047523_o_min_ord3_rk00009,0.557873308489655,0.6111818788975107,-0.05330857040785575
d2,o_min,m047524_o_min_ord3_rk00010,0.5991495828264051,0.6111818788975107,-0.012032296071105675
d2,o_min,m047525_o_min_ord3_rk00011,0.6139187523123919,0.6111818788975107,0.002736873414881158
d2,o_min,m047526_o_min_ord3_rk00012,0.5659763091243999,0.6111818788975107,-0.045205569773110854
d2,o_min,m047527_o_min_ord3_rk00013,0.6050882350279797,0.6111818788975107,-0.00609364386953104
d2,o_min,m047528_o_min_ord3_rk00014,0.5692743184025705,0.6111818788975107,-0.041907560494940266
d2,o_min,m047529_o_min_ord3_rk00015,0.5303429073763202,0.6111818788975107,-0.08083897152119057
d2,o_min,m047530_o_min_ord3_rk00016,0.5975528001288264,0.6111818788975107,-0.013629078768684355
d2,o_min,m047531_o_min_ord3_rk00017,0.5801107085191135,0.6111818788975107,-0.03107117037839724
d2,o_min,m047532_o_min_ord3_rk00018,0.5610961483273679,0.6111818788975107,-0.05008573057014287
d2,o_min,m047533_o_min_ord3_rk00019,0.5876130013205496,0.6111818788975107,-0.023568877576961134
d2,o_min,m047534_o_min_ord3_rk00020,0.5699885964258025,0.6111818788975107,-0.04119328247170828
d2,o_min,m048515_o_min_ord4_rk00001,0.5969612409362579,0.6111818788975107,-0.014220637961252836
d2,o_min,m048516_o_min_ord4_rk00002,0.6063200644118691,0.6111818788975107,-0.004861814485641602
d2,o_min,m048517_o_min_ord4_rk00003,0.5910582154147581,0.6111818788975107,-0.02012366348275263
d2,o_min,m048518_o_min_ord4_rk00004,0.578429686550985,0.6111818788975107,-0.03275219234652571
d2,o_min,m048519_o_min_ord4_rk00005,0.6209864186948091,0.6111818788975107,0.00980453979729834
d2,o_min,m048520_o_min_ord4_rk00006,0.589929360648064,0.6111818788975107,-0.02125251824944674
d2,o_min,m048521_o_min_ord4_rk00007,0.6071697370134507,0.6111818788975107,-0.004012141884060072
d2,o_min,m048522_o_min_ord4_rk00008,0.5988471815587618,0.6111818788975107,-0.012334697338748923
d2,o_min,m048523_o_min_ord4_rk00009,0.5941768111498356,0.6111818788975107,-0.017005067747675184
d2,o_min,m048524_o_min_ord4_rk00010,0.5669723835524483,0.6111818788975107,-0.044209495345062466
d2,o_min,m048525_o_min_ord4_rk00011,0.5729721697691472,0.6111818788975107,-0.03820970912836352
d2,o_min,m048526_o_min_ord4_rk00012,0.5724356389621288,0.6111818788975107,-0.038746239935381954
d2,o_min,m048527_o_min_ord4_rk00013,0.6136447587225426,0.6111818788975107,0.002462879825031905
d2,o_min,m048528_o_min_ord4_rk00014,0.5981238076125819,0.6111818788975107,-0.013058071284928863
d2,o_min,m048529_o_min_ord4_rk00015,0.5874431336736663,0.6111818788975107,-0.02373874522384445
d2,o_min,m048530_o_min_ord4_rk00016,0.608221296278185,0.6111818788975107,-0.0029605826193257467
d2,o_min,m048531_o_min_ord4_rk00017,0.5498431609770209,0.6111818788975107,-0.06133871792048984
d2,o_min,m048532_o_min_ord4_rk00018,0.6221291562373832,0.6111818788975107,0.010947277339872441
d2,o_min,m048533_o_min_ord4_rk00019,0.562665425894677,0.6111818788975107,-0.04851645300283369
d2,o_min,m048534_o_min_ord4_rk00020,0.5641571785209434,0.6111818788975107,-0.04702470037656736
d2,o_min,m049515_o_min_ord5_rk00001,0.6091795861622382,0.6111818788975107,-0.002002292735272526
d2,o_min,m049516_o_min_ord5_rk00002,0.5894752324561539,0.6111818788975107,-0.02170664644135689
d2,o_min,m049517_o_min_ord5_rk00003,0.557283478198058,0.6111818788975107,-0.05389840069945273
d2,o_min,m049518_o_min_ord5_rk00004,0.5896706144507453,0.6111818788975107,-0.021511264446765432
d2,o_min,m049519_o_min_ord5_rk00005,0.5968637523980482,0.6111818788975107,-0.014318126499462513
d2,o_min,m049520_o_min_ord5_rk00006,0.59640307615147,0.6111818788975107,-0.014778802746040709
d2,o_min,m049521_o_min_ord5_rk00007,0.5593996272053416,0.6111818788975107,-0.0517822516921691
d2,o_min,m049522_o_min_ord5_rk00008,0.5909810494274239,0.6111818788975107,-0.020200829470086834
d2,o_min,m049523_o_min_ord5_rk00009,0.6046154851569923,0.6111818788975107,-0.006566393740518484
d2,o_min,m049524_o_min_ord5_rk00010,0.553945472870633,0.6111818788975107,-0.05723640602687774
d2,o_min,m049525_o_min_ord5_rk00011,0.5909347007447174,0.6111818788975107,-0.02024717815279331
d2,o_min,m049526_o_min_ord5_rk00012,0.5736818270290622,0.6111818788975107,-0.037500051868448514
d2,o_min,m049527_o_min_ord5_rk00013,0.5675071780079288,0.6111818788975107,-0.04367470088958192
d2,o_min,m049528_o_min_ord5_rk00014,0.6062281825849671,0.6111818788975107,-0.0049536963125436095
d2,o_min,m049529_o_min_ord5_rk00015,0.5790499814362129,0.6111818788975107,-0.032131897461297854
d2,o_min,m049530_o_min_ord5_rk00016,0.5947434845479267,0.6111818788975107,-0.01643839434958405
d2,o_min,m049531_o_min_ord5_rk00017,0.6054539307832667,0.6111818788975107,-0.005727948114244041
d2,o_min,m049532_o_min_ord5_rk00018,0.5840936346512389,0.6111818788975107,-0.027088244246271875
d2,o_min,m049533_o_min_ord5_rk00019,0.585272843171303,0.6111818788975107,-0.02590903572620773
d2,o_min,m049534_o_min_ord5_rk00020,0.5723039624541397,0.6111818788975107,-0.03887791644337102
d2,o_min,m050515_o_min_ord6_rk00001,0.6077512449957622,0.6111818788975107,-0.003430633901748581
d2,o_min,m050516_o_min_ord6_rk00002,0.5903717255295704,0.6111818788975107,-0.020810153367940343
d2,o_min,m050517_o_min_ord6_rk00003,0.5774803235366546,0.6111818788975107,-0.03370155536085617
d2,o_min,m050518_o_min_ord6_rk00004,0.5873080610171113,0.6111818788975107,-0.02387381788039944
d2,o_min,m050519_o_min_ord6_rk00005,0.5794761226051686,0.6111818788975107,-0.03170575629234218
d2,o_min,m050520_o_min_ord6_rk00006,0.5747953642982639,0.6111818788975107,-0.0363865145992468
d2,o_min,m050521_o_min_ord6_rk00007,0.6124325221315756,0.6111818788975107,0.0012506432340648743
d2,o_min,m050522_o_min_ord6_rk00008,0.5806314153318329,0.6111818788975107,-0.03055046356567781
d2,o_min,m050523_o_min_ord6_rk00009,0.6161529517077212,0.6111818788975107,0.004971072810210475
d2,o_min,m050524_o_min_ord6_rk00010,0.5906071412831321,0.6111818788975107,-0.02057473761437867
d2,o_min,m050525_o_min_ord6_rk00011,0.60815738436492,0.6111818788975107,-0.0030244945325907935
d2,o_min,m050526_o_min_ord6_rk00012,0.624535163464699,0.6111818788975107,0.013353284567188206
d2,o_min,m050527_o_min_ord6_rk00013,0.595769330076809,0.6111818788975107,-0.015412548820701755
d2,o_min,m050528_o_min_ord6_rk00014,0.5880784529992104,0.6111818788975107,-0.02310342589830039
d2,o_min,m050529_o_min_ord6_rk00015,0.5789281431048805,0.6111818788975107,-0.032253735792630245
d2,o_min,m050530_o_min_ord6_rk00016,0.5860816144703542,0.6111818788975107,-0.025100264427156516
d2,o_min,m050531_o_min_ord6_rk00017,0.5999635128283893,0.6111818788975107,-0.01121836606912141
d2,o_min,m050532_o_min_ord6_rk00018,0.5851464222058913,0.6111818788975107,-0.02603545669161944
d2,o_min,m050533_o_min_ord6_rk00019,0.6072801979150737,0.6111818788975107,-0.003901680982437039
d2,o_min,m050534_o_min_ord6_rk00020,0.6062137143894817,0.6111818788975107,-0.00496816450802906
d2,o_min,m051515_o_min_ord7_rk00001,0.569645196085248,0.6111818788975107,-0.04153668281226275
d2,o_min,m051516_o_min_ord7_rk00002,0.5867240213226884,0.6111818788975107,-0.024457857574822328
d2,o_min,m051517_o_min_ord7_rk00003,0.6112361111895332,0.6111818788975107,5.423229202250468e-05
d2,o_min,m051518_o_min_ord7_rk00004,0.5905396242577019,0.6111818788975107,-0.020642254639808844
d2,o_min,m051519_o_min_ord7_rk00005,0.6131605130722223,0.6111818788975107,0.0019786341747115577
d2,o_min,m051520_o_min_ord7_rk00006,0.5828271436633587,0.6111818788975107,-0.028354735234151995
d2,o_min,m051521_o_min_ord7_rk00007,0.5791838328254161,0.6111818788975107,-0.031998046072094666
d2,o_min,m051522_o_min_ord7_rk00008,0.5623427264263776,0.6111818788975107,-0.04883915247113313
d2,o_min,m051523_o_min_ord7_rk00009,0.608918978750963,0.6111818788975107,-0.0022629001465477305
d2,o_min,m051524_o_min_ord7_rk00010,0.5831762840946204,0.6111818788975107,-0.028005594802890332
d2,o_min,m051525_o_min_ord7_rk00011,0.5644992542993484,0.6111818788975107,-0.0466826245981623
d2,o_min,m051526_o_min_ord7_rk00012,0.5975207672382248,0.6111818788975107,-0.013661111659285963
d2,o_min,m051527_o_min_ord7_rk00013,0.5828242206711547,0.6111818788975107,-0.028357658226356053
d2,o_min,m051528_o_min_ord7_rk00014,0.5806492028333803,0.6111818788975107,-0.03053267606413046
d2,o_min,m051529_o_min_ord7_rk00015,0.5996886070250553,0.6111818788975107,-0.011493271872455413
d2,o_min,m051530_o_min_ord7_rk00016,0.5771524352549343,0.6111818788975107,-0.03402944364257643
d2,o_min,m051531_o_min_ord7_rk00017,0.5411448058531294,0.6111818788975107,-0.07003707304438134
d2,o_min,m051532_o_min_ord7_rk00018,0.6218687904287403,0.6111818788975107,0.010686911531229581
d2,o_min,m051533_o_min_ord7_rk00019,0.6200400005098683,0.6111818788975107,0.00885812161235755
d2,o_min,m051534_o_min_ord7_rk00020,0.5942257857644515,0.6111818788975107,-0.016956093133059236
d2,o_min,m052515_o_min_ord8_rk00001,0.5524597839067549,0.6111818788975107,-0.05872209499075587
d2,o_min,m052516_o_min_ord8_rk00002,0.5803433096642915,0.6111818788975107,-0.03083856923321926
d2,o_min,m052517_o_min_ord8_rk00003,0.6125089050930546,0.6111818788975107,0.0013270261955438123
d2,o_min,m052518_o_min_ord8_rk00004,0.5697669033561493,0.6111818788975107,-0.04141497554136142
d2,o_min,m052519_o_min_ord8_rk00005,0.6036417789560686,0.6111818788975107,-0.007540099941442113
d2,o_min,m052520_o_min_ord8_rk00006,0.6013728852449126,0.6111818788975107,-0.00980899365259813
d2,o_min,m052521_o_min_ord8_rk00007,0.5894273771198106,0.6111818788975107,-0.021754501777700108
d2,o_min,m052522_o_min_ord8_rk00008,0.6120149285144881,0.6111818788975107,0.0008330496169773882
d2,o_min,m052523_o_min_ord8_rk00009,0.5943509594939684,0.6111818788975107,-0.01683091940354231
d2,o_min,m052524_o_min_ord8_rk00010,0.5644503738508997,0.6111818788975107,-0.046731505046611055
d2,o_min,m052525_o_min_ord8_rk00011,0.6065700853226841,0.6111818788975107,-0.004611793574826661
d2,o_min,m052526_o_min_ord8_rk00012,0.5792451258158628,0.6111818788975107,-0.031936753081647895
d2,o_min,m052527_o_min_ord8_rk00013,0.5773832851080611,0.6111818788975107,-0.033798593789449605
d2,o_min,m052528_o_min_ord8_rk00014,0.6093456212667583,0.6111818788975107,-0.001836257630752458
d2,o_min,m052529_o_min_ord8_rk00015,0.5773728915605439,0.6111818788975107,-0.0338089873369668
d2,o_min,m052530_o_min_ord8_rk00016,0.5766789120149461,0.6111818788975107,-0.0345029668825646
d2,o_min,m052531_o_min_ord8_rk00017,0.5693695342660695,0.6111818788975107,-0.041812344631441234
d2,o_min,m052532_o_min_ord8_rk00018,0.5797944115616076,0.6111818788975107,-0.03138746733590314
d2,o_min,m052533_o_min_ord8_rk00019,0.58557066885971,0.6111818788975107,-0.025611210037800758
d2,o_min,m052534_o_min_ord8_rk00020,0.5993045686987235,0.6111818788975107,-0.011877310198787239
d2,o_min,m053515_o_min_ord9_rk00001,0.5895096601475069,0.6111818788975107,-0.021672218750003802
d2,o_min,m053516_o_min_ord9_rk00002,0.5982821953699307,0.6111818788975107,-0.012899683527580086
d2,o_min,m053517_o_min_ord9_rk00003,0.6234784045945714,0.6111818788975107,0.012296525697060634
d2,o_min,m053518_o_min_ord9_rk00004,0.56674990011772,0.6111818788975107,-0.04443197877979077
d2,o_min,m053519_o_min_ord9_rk00005,0.6146369408136376,0.6111818788975107,0.003455061916126878
d2,o_min,m053520_o_min_ord9_rk00006,0.5276909770105573,0.6111818788975107,-0.0834909018869534
d2,o_min,m053521_o_min_ord9_rk00007,0.5988325343773402,0.6111818788975107,-0.012349344520170558
d2,o_min,m053522_o_min_ord9_rk00008,0.592776108710404,0.6111818788975107,-0.018405770187106762
d2,o_min,m053523_o_min_ord9_rk00009,0.6006457418129642,0.6111818788975107,-0.010536137084546593
d2,o_min,m053524_o_min_ord9_rk00010,0.6082295956153394,0.6111818788975107,-0.002952283282171342
d2,o_min,m053525_o_min_ord9_rk00011,0.5747269737549218,0.6111818788975107,-0.03645490514258898
d2,o_min,m053526_o_min_ord9_rk00012,0.5652390739807289,0.6111818788975107,-0.04594280491678182
d2,o_min,m053527_o_min_ord9_rk00013,0.6005620040379468,0.6111818788975107,-0.01061987485956395
d2,o_min,m053528_o_min_ord9_rk00014,0.6168395742663014,0.6111818788975107,0.005657695368790683
d2,o_min,m053529_o_min_ord9_rk00015,0.6073955573494483,0.6111818788975107,-0.0037863215480624657
d2,o_min,m053530_o_min_ord9_rk00016,0.6229077336211559,0.6111818788975107,0.01172585472364518
d2,o_min,m053531_o_min_ord9_rk00017,0.5592602782181633,0.6111818788975107,-0.05192160067934748
d2,o_min,m053532_o_min_ord9_rk00018,0.5811690840080808,0.6111818788975107,-0.030012794889429983
d2,o_min,m053533_o_min_ord9_rk00019,0.6000807422470942,0.6111818788975107,-0.011101136650416565
d2,o_min,m053534_o_min_ord9_rk00020,0.6098675262111,0.6111818788975107,-0.0013143526864107802
d2,o_min,m054515_o_min_ord10_rk00001,0.5898237260232364,0.6111818788975107,-0.02135815287427434
d2,o_min,m054516_o_min_ord10_rk00002,0.5916815569045388,0.6111818788975107,-0.019500321992971914
d2,o_min,m054517_o_min_ord10_rk00003,0.6206361932572972,0.6111818788975107,0.009454314359786498
d2,o_min,m054518_o_min_ord10_rk00004,0.5943219507627148,0.6111818788975107,-0.016859928134795976
d2,o_min,m054519_o_min_ord10_rk00005,0.6044960901304072,0.6111818788975107,-0.006685788767103573
d2,o_min,m054520_o_min_ord10_rk00006,0.5957001212710868,0.6111818788975107,-0.015481757626423898
d2,o_min,m054521_o_min_ord10_rk00007,0.6169497546204591,0.6111818788975107,0.005767875722948346
d2,o_min,m054522_o_min_ord10_rk00008,0.5917852354211353,0.6111818788975107,-0.019396643476375486
d2,o_min,m054523_o_min_ord10_rk00009,0.6005661026769226,0.6111818788975107,-0.01061577622058818
d2,o_min,m054524_o_min_ord10_rk00010,0.6083873758909264,0.6111818788975107,-0.002794503006584348
d2,o_min,m054525_o_min_ord10_rk00011,0.6224665932073561,0.6111818788975107,0.011284714309845345
d2,o_min,m054526_o_min_ord10_rk00012,0.5731581252985831,0.6111818788975107,-0.03802375359892762
d2,o_min,m054527_o_min_ord10_rk00013,0.6224801927709444,0.6111818788975107,0.011298313873433607
d2,o_min,m054528_o_min_ord10_rk00014,0.6175089856900655,0.6111818788975107,0.006327106792554771
d2,o_min,m054529_o_min_ord10_rk00015,0.6040735612035819,0.6111818788975107,-0.007108317693928834
d2,o_min,m054530_o_min_ord10_rk00016,0.601352782792776,0.6111818788975107,-0.009829096104734703
d2,o_min,m054531_o_min_ord10_rk00017,0.6008218518603656,0.6111818788975107,-0.010360027037145114
d2,o_min,m054532_o_min_ord10_rk00018,0.6024388115554196,0.6111818788975107,-0.008743067342091182
d2,o_min,m054533_o_min_ord10_rk00019,0.6235508070668472,0.6111818788975107,0.012368928169336435
d2,o_min,m054534_o_min_ord10_rk00020,0.6061289716880343,0.6111818788975107,-0.005052907209476487
d2,o_min,m055515_o_min_ord11_rk00001,0.5991966861264164,0.6111818788975107,-0.011985192771094333
d2,o_min,m055516_o_min_ord11_rk00002,0.5994626665141127,0.6111818788975107,-0.011719212383398014
d2,o_min,m055517_o_min_ord11_rk00003,0.6172602504431834,0.6111818788975107,0.0060783715456727005
d2,o_min,m055518_o_min_ord11_rk00004,0.6098126037012093,0.6111818788975107,-0.0013692751963014782
d2,o_min,m055519_o_min_ord11_rk00005,0.5724550480092729,0.6111818788975107,-0.038726830888237807
d2,o_min,m055520_o_min_ord11_rk00006,0.6114050443061063,0.6111818788975107,0.00022316540859557144
d2,o_min,m055521_o_min_ord11_rk00007,0.5936925308308834,0.6111818788975107,-0.017489348066627386
d2,o_min,m055522_o_min_ord11_rk00008,0.5813776576386842,0.6111818788975107,-0.029804221258826535
d2,o_min,m055523_o_min_ord11_rk00009,0.597697362735096,0.6111818788975107,-0.01348451616241475
d2,o_min,m055524_o_min_ord11_rk00010,0.6019922443402983,0.6111818788975107,-0.009189634557212445
d2,o_min,m055525_o_min_ord11_rk00011,0.5907046966321355,0.6111818788975107,-0.020477182265375204
d2,o_min,m055526_o_min_ord11_rk00012,0.603251305628804,0.6111818788975107,-0.00793057326870672
d2,o_min,m055527_o_min_ord11_rk00013,0.607855818322802,0.6111818788975107,-0.0033260605747087446
d2,o_min,m055528_o_min_ord11_rk00014,0.588738921545984,0.6111818788975107,-0.022442957351526793
d2,o_min,m055529_o_min_ord11_rk00015,0.6014070165597389,0.6111818788975107,-0.009774862337771806
d2,o_min,m055530_o_min_ord11_rk00016,0.6107272614720262,0.6111818788975107,-0.0004546174254845825
d2,o_min,m055531_o_min_ord11_rk00017,0.5854300034926548,0.6111818788975107,-0.025751875404855906
d2,o_min,m055532_o_min_ord11_rk00018,0.5933001318516211,0.6111818788975107,-0.01788174704588963
d2,o_min,m055533_o_min_ord11_rk00019,0.5870142264245437,0.6111818788975107,-0.02416765247296704
d2,o_min,m055534_o_min_ord11_rk00020,0.6184958562933112,0.6111818788975107,0.0073139773958004195
d2,o_min,m056515_o_min_ord12_rk00001,0.5936987220757881,0.6111818788975107,-0.017483156821722634
d2,o_min,m056516_o_min_ord12_rk00002,0.6197371515639234,0.6111818788975107,0.00855527266641265
d2,o_min,m056517_o_min_ord12_rk00003,0.5961649276387643,0.6111818788975107,-0.01501695125874647
d2,o_min,m056518_o_min_ord12_rk00004,0.5914037646409108,0.6111818788975107,-0.01977811425659992
d2,o_min,m056519_o_min_ord12_rk00005,0.6104557254056293,0.6111818788975107,-0.0007261534918814316
d2,o_min,m056520_o_min_ord12_rk00006,0.5972001166786662,0.6111818788975107,-0.013981762218844507
d2,o_min,m056521_o_min_ord12_rk00007,0.587694856047096,0.6111818788975107,-0.023487022850414707
d2,o_min,m056522_o_min_ord12_rk00008,0.5899363089981784,0.6111818788975107,-0.02124556989933235
d2,o_min,m056523_o_min_ord12_rk00009,0.5990517514240834,0.6111818788975107,-0.012130127473427343
d2,o_min,m056524_o_min_ord12_rk00010,0.5957633115766829,0.6111818788975107,-0.015418567320827803
d2,o_min,m056525_o_min_ord12_rk00011,0.5922166881040325,0.6111818788975107,-0.018965190793478248
d2,o_min,m056526_o_min_ord12_rk00012,0.5859410764508615,0.6111818788975107,-0.02524080244664928
d2,o_min,m056527_o_min_ord12_rk00013,0.6026508011098981,0.6111818788975107,-0.00853107778761264
d2,o_min,m056528_o_min_ord12_rk00014,0.5945912021998362,0.6111818788975107,-0.016590676697674556
d2,o_min,m056529_o_min_ord12_rk00015,0.5738021106393616,0.6111818788975107,-0.03737976825814915
d2,o_min,m056530_o_min_ord12_rk00016,0.5900276059537644,0.6111818788975107,-0.02115427294374639
d2,o_min,m056531_o_min_ord12_rk00017,0.6249824985442449,0.6111818788975107,0.01380061964673418
d2,o_min,m056532_o_min_ord12_rk00018,0.5877746594680959,0.6111818788975107,-0.023407219429414816
d2,o_min,m056533_o_min_ord12_rk00019,0.5966718427887847,0.6111818788975107,-0.014510036108726032
d2,o_min,m056534_o_min_ord12_rk00020,0.6146598454825707,0.6111818788975107,0.003477966585059944
d2,o_min,m057515_o_min_ord13_rk00001,0.597204361831337,0.6111818788975107,-0.013977517066173784
d2,o_min,m057516_o_min_ord13_rk00002,0.5923235533224462,0.6111818788975107,-0.018858325575064505
d2,o_min,m057517_o_min_ord13_rk00003,0.6154436681063952,0.6111818788975107,0.004261789208884426
d2,o_min,m057518_o_min_ord13_rk00004,0.5843067433717757,0.6111818788975107,-0.02687513552573506
d2,o_min,m057519_o_min_ord13_rk00005,0.5914635294235397,0.6111818788975107,-0.019718349473970997
d2,o_min,m057520_o_min_ord13_rk00006,0.596125321283081,0.6111818788975107,-0.0150565576144297
d2,o_min,m057521_o_min_ord13_rk00007,0.6021334831769825,0.6111818788975107,-0.00904839572052829
d2,o_min,m057522_o_min_ord13_rk00008,0.6213766859941485,0.6111818788975107,0.010194807096637781
d2,o_min,m057523_o_min_ord13_rk00009,0.5948424483856034,0.6111818788975107,-0.016339430511907338
d2,o_min,m057524_o_min_ord13_rk00010,0.5968431481895322,0.6111818788975107,-0.014338730707978531
d2,o_min,m057525_o_min_ord13_rk00011,0.5708070459104533,0.6111818788975107,-0.04037483298705746
d2,o_min,m057526_o_min_ord13_rk00012,0.6147350956751143,0.6111818788975107,0.003553216777603563
d2,o_min,m057527_o_min_ord13_rk00013,0.585347308656426,0.6111818788975107,-0.02583457024108471
d2,o_min,m057528_o_min_ord13_rk00014,0.5913924748027708,0.6111818788975107,-0.01978940409473995
d2,o_min,m057529_o_min_ord13_rk00015,0.6059347654551743,0.6111818788975107,-0.005247113442336415
d2,o_min,m057530_o_min_ord13_rk00016,0.6016390319705944,0.6111818788975107,-0.009542846926916315
d2,o_min,m057531_o_min_ord13_rk00017,0.6130677345594249,0.6111818788975107,0.0018858556619141265
d2,o_min,m057532_o_min_ord13_rk00018,0.5971798980011194,0.6111818788975107,-0.014001980896391375
d2,o_min,m057533_o_min_ord13_rk00019,0.6159014440412501,0.6111818788975107,0.00471956514373939
d2,o_min,m057534_o_min_ord13_rk00020,0.6157119185089495,0.6111818788975107,0.004530039611438719
d2,o_min,m058515_o_min_ord14_rk00001,0.5951122092804983,0.6111818788975107,-0.016069669617012394
d2,o_min,m058516_o_min_ord14_rk00002,0.5842708903678469,0.6111818788975107,-0.026910988529663893
d2,o_min,m058517_o_min_ord14_rk00003,0.5926407626093539,0.6111818788975107,-0.0185411162881568
d2,o_min,m058518_o_min_ord14_rk00004,0.5930839319539576,0.6111818788975107,-0.018097946943553156
d2,o_min,m058519_o_min_ord14_rk00005,0.5907303636113658,0.6111818788975107,-0.020451515286144972
d2,o_min,m058520_o_min_ord14_rk00006,0.6161197814694304,0.6111818788975107,0.004937902571919617
d2,o_min,m058521_o_min_ord14_rk00007,0.6181599963873752,0.6111818788975107,0.006978117489864433
d2,o_min,m058522_o_min_ord14_rk00008,0.5933752237160432,0.6111818788975107,-0.017806655181467512
d2,o_min,m058523_o_min_ord14_rk00009,0.6025365824997044,0.6111818788975107,-0.008645296397806312
d2,o_min,m058524_o_min_ord14_rk00010,0.6062337360259157,0.6111818788975107,-0.004948142871595063
d2,o_min,m058525_o_min_ord14_rk00011,0.5954209797493624,0.6111818788975107,-0.015760899148148377
d2,o_min,m058526_o_min_ord14_rk00012,0.5780075429106473,0.6111818788975107,-0.03317433598686348
d2,o_min,m058527_o_min_ord14_rk00013,0.619819381749211,0.6111818788975107,0.008637502851700285
d2,o_min,m058528_o_min_ord14_rk00014,0.6076222906666842,0.6111818788975107,-0.0035595882308265825
d2,o_min,m058529_o_min_ord14_rk00015,0.6045466133534539,0.6111818788975107,-0.006635265544056801
d2,o_min,m058530_o_min_ord14_rk00016,0.6125617287243983,0.6111818788975107,0.001379849826887547
d2,o_min,m058531_o_min_ord14_rk00017,0.592487642892551,0.6111818788975107,-0.018694236004959786
d2,o_min,m058532_o_min_ord14_rk00018,0.6128243403176705,0.6111818788975107,0.0016424614201597798
d2,o_min,m058533_o_min_ord14_rk00019,0.5966182893496926,0.6111818788975107,-0.014563589547818112
d2,o_min,m058534_o_min_ord14_rk00020,0.610519918544155,0.6111818788975107,-0.0006619603533557505
d2,o_min,m059515_o_min_ord15_rk00001,0.5850007270282858,0.6111818788975107,-0.026181151869224983
d2,o_min,m059516_o_min_ord15_rk00002,0.6068354786842199,0.6111818788975107,-0.004346400213290802
d2,o_min,m059517_o_min_ord15_rk00003,0.5885288168842335,0.6111818788975107,-0.022653062013277214
d2,o_min,m059518_o_min_ord15_rk00004,0.6101664888938433,0.6111818788975107,-0.0010153900036674601
d2,o_min,m059519_o_min_ord15_rk00005,0.5883200574278253,0.6111818788975107,-0.022861821469685406
d2,o_min,m059520_o_min_ord15_rk00006,0.587853734160148,0.6111818788975107,-0.023328144737362777
d2,o_min,m059521_o_min_ord15_rk00007,0.6070159780343288,0.6111818788975107,-0.004165900863181915
d2,o_min,m059522_o_min_ord15_rk00008,0.6095523835537755,0.6111818788975107,-0.0016294953437352433
d2,o_min,m059523_o_min_ord15_rk00009,0.6073903218285046,0.6111818788975107,-0.003791557069006135
d2,o_min,m059524_o_min_ord15_rk00010,0.5918055754117075,0.6111818788975107,-0.019376303485803215
d2,o_min,m059525_o_min_ord15_rk00011,0.5985510081688987,0.6111818788975107,-0.01263087072861202
d2,o_min,m059526_o_min_ord15_rk00012,0.6092158457766037,0.6111818788975107,-0.0019660331209070403
d2,o_min,m059527_o_min_ord15_rk00013,0.607710903770126,0.6111818788975107,-0.003470975127384701
d2,o_min,m059528_o_min_ord15_rk00014,0.6099273247559023,0.6111818788975107,-0.001254554141608466
d2,o_min,m059529_o_min_ord15_rk00015,0.5792286978868708,0.6111818788975107,-0.03195318101063993
d2,o_min,m059530_o_min_ord15_rk00016,0.5883038703726134,0.6111818788975107,-0.022878008524897298
d2,o_min,m059531_o_min_ord15_rk00017,0.5964326006127061,0.6111818788975107,-0.014749278284804657
d2,o_min,m059532_o_min_ord15_rk00018,0.6064402534709983,0.6111818788975107,-0.0047416254265124635
d2,o_min,m059533_o_min_ord15_rk00019,0.5894708425362158,0.6111818788975107,-0.0217110363612949
d2,o_min,m059534_o_min_ord15_rk00020,0.6067936072939564,0.6111818788975107,-0.004388271603554372
d2,o_min,m060515_o_min_ord16_rk00001,0.6023215951501034,0.6111818788975107,-0.008860283747407327
d2,o_min,m060516_o_min_ord16_rk00002,0.6043995692229021,0.6111818788975107,-0.006782309674608689
d2,o_min,m060517_o_min_ord16_rk00003,0.600467015850476,0.6111818788975107,-0.010714863047034728
d2,o_min,m060518_o_min_ord16_rk00004,0.5966965018393411,0.6111818788975107,-0.014485377058169657
d2,o_min,m060519_o_min_ord16_rk00005,0.5923755472666496,0.6111818788975107,-0.018806331630861095
d2,o_min,m060520_o_min_ord16_rk00006,0.5807021059995595,0.6111818788975107,-0.03047977289795123
d2,o_min,m060521_o_min_ord16_rk00007,0.5982322552748893,0.6111818788975107,-0.01294962362262142
d2,o_min,m060522_o_min_ord16_rk00008,0.6048146749208069,0.6111818788975107,-0.006367203976703872
d2,o_min,m060523_o_min_ord16_rk00009,0.5882493688248018,0.6111818788975107,-0.02293251007270891
d2,o_min,m060524_o_min_ord16_rk00010,0.6006167492063303,0.6111818788975107,-0.010565129691180397
d2,o_min,m060525_o_min_ord16_rk00011,0.5865052085472696,0.6111818788975107,-0.024676670350241126
d2,o_min,m060526_o_min_ord16_rk00012,0.5877584932525687,0.6111818788975107,-0.023423385644942063
d2,o_min,m060527_o_min_ord16_rk00013,0.6048990990367931,0.6111818788975107,-0.00628277986071768
d2,o_min,m060528_o_min_ord16_rk00014,0.5821725469740137,0.6111818788975107,-0.029009331923497084
d2,o_min,m060529_o_min_ord16_rk00015,0.6061001238106691,0.6111818788975107,-0.005081755086841611
d2,o_min,m060530_o_min_ord16_rk00016,0.6001358301029474,0.6111818788975107,-0.01104604879456339
d2,o_min,m060531_o_min_ord16_rk00017,0.5989940433423491,0.6111818788975107,-0.012187835555161675
d2,o_min,m060532_o_min_ord16_rk00018,0.588611935308468,0.6111818788975107,-0.02256994358904274
d2,o_min,m060533_o_min_ord16_rk00019,0.5845113189046851,0.6111818788975107,-0.026670559992825638
d2,o_min,m060534_o_min_ord16_rk00020,0.5921921490673239,0.6111818788975107,-0.018989729830186874
d2,o_min,m061515_o_min_ord17_rk00001,0.6038687791705349,0.6111818788975107,-0.0073130997269758025
d2,o_min,m061516_o_min_ord17_rk00002,0.6052821018164962,0.6111818788975107,-0.005899777081014523
d2,o_min,m061517_o_min_ord17_rk00003,0.6110090996367612,0.6111818788975107,-0.00017277926074954486
d2,o_min,m061518_o_min_ord17_rk00004,0.6115061055556898,0.6111818788975107,0.00032422665817910534
d2,o_min,m061519_o_min_ord17_rk00005,0.6089343152564646,0.6111818788975107,-0.0022475636410461686
d2,o_min,m061520_o_min_ord17_rk00006,0.5786304044914679,0.6111818788975107,-0.03255147440604289
d2,o_min,m061521_o_min_ord17_rk00007,0.5762818199967308,0.6111818788975107,-0.03490005890077996
d2,o_min,m061522_o_min_ord17_rk00008,0.6092653497598992,0.6111818788975107,-0.0019165291376115334
d2,o_min,m061523_o_min_ord17_rk00009,0.5986170596336676,0.6111818788975107,-0.012564819263843119
d2,o_min,m061524_o_min_ord17_rk00010,0.597171328610471,0.6111818788975107,-0.014010550287039791
d2,o_min,m061525_o_min_ord17_rk00011,0.5952852502716095,0.6111818788975107,-0.015896628625901243
d2,o_min,m061526_o_min_ord17_rk00012,0.603190543951706,0.6111818788975107,-0.007991334945804729
d2,o_min,m061527_o_min_ord17_rk00013,0.605607484757885,0.6111818788975107,-0.0055743941396257934
d2,o_min,m061528_o_min_ord17_rk00014,0.6096519165320003,0.6111818788975107,-0.0015299623655103955
d2,o_min,m061529_o_min_ord17_rk00015,0.5981640132350292,0.6111818788975107,-0.013017865662481531
d2,o_min,m061530_o_min_ord17_rk00016,0.6179710854181328,0.6111818788975107,0.006789206520622093
d2,o_min,m061531_o_min_ord17_rk00017,0.6164674145044138,0.6111818788975107,0.005285535606903036
d2,o_min,m061532_o_min_ord17_rk00018,0.6097263265099553,0.6111818788975107,-0.0014555523875554588
d2,o_min,m061533_o_min_ord17_rk00019,0.580664637950133,0.6111818788975107,-0.030517240947377733
d2,o_min,m061534_o_min_ord17_rk00020,0.6040286679508376,0.6111818788975107,-0.007153210946673094
d2,o_min,m062515_o_min_ord18_rk00001,0.5757682371540258,0.6111818788975107,-0.035413641743484936
d2,o_min,m062516_o_min_ord18_rk00002,0.5940256568474478,0.6111818788975107,-0.017156222050062953
d2,o_min,m062517_o_min_ord18_rk00003,0.6008767455036615,0.6111818788975107,-0.010305133393849197
d2,o_min,m062518_o_min_ord18_rk00004,0.5958052231611939,0.6111818788975107,-0.015376655736316858
d2,o_min,m062519_o_min_ord18_rk00005,0.6044795101516647,0.6111818788975107,-0.006702368745846066
d2,o_min,m062520_o_min_ord18_rk00006,0.6058561690545523,0.6111818788975107,-0.005325709842958437
d2,o_min,m062521_o_min_ord18_rk00007,0.5875644285433949,0.6111818788975107,-0.023617450354115888
d2,o_min,m062522_o_min_ord18_rk00008,0.6098543974420035,0.6111818788975107,-0.0013274814555072068
d2,o_min,m062523_o_min_ord18_rk00009,0.5995296938202306,0.6111818788975107,-0.011652185077280164
d2,o_min,m062524_o_min_ord18_rk00010,0.5977380567967362,0.6111818788975107,-0.01344382210077455
d2,o_min,m062525_o_min_ord18_rk00011,0.5881709086708748,0.6111818788975107,-0.023010970226635896
d2,o_min,m062526_o_min_ord18_rk00012,0.5907126238923336,0.6111818788975107,-0.020469255005177156
d2,o_min,m062527_o_min_ord18_rk00013,0.6089240267807112,0.6111818788975107,-0.002257852116799519
d2,o_min,m062528_o_min_ord18_rk00014,0.5951078352889363,0.6111818788975107,-0.01607404360857445
d2,o_min,m062529_o_min_ord18_rk00015,0.575906204215459,0.6111818788975107,-0.03527567468205173
d2,o_min,m062530_o_min_ord18_rk00016,0.5867391543265629,0.6111818788975107,-0.02444272457094787
d2,o_min,m062531_o_min_ord18_rk00017,0.581097988162349,0.6111818788975107,-0.03008389073516171
d2,o_min,m062532_o_min_ord18_rk00018,0.5791975814871333,0.6111818788975107,-0.03198429741037745
d2,o_min,m062533_o_min_ord18_rk00019,0.5856025805239,0.6111818788975107,-0.025579298373610726
d2,o_min,m062534_o_min_ord18_rk00020,0.5917813806002946,0.6111818788975107,-0.01940049829721613
d2,o_min,m063515_o_min_ord19_rk00001,0.6022709100814434,0.6111818788975107,-0.008910968816067344
d2,o_min,m063516_o_min_ord19_rk00002,0.5872799698579978,0.6111818788975107,-0.023901909039512947
d2,o_min,m063517_o_min_ord19_rk00003,0.5772447268812697,0.6111818788975107,-0.033937152016241035
d2,o_min,m063518_o_min_ord19_rk00004,0.6001277617852299,0.6111818788975107,-0.011054117112280881
d2,o_min,m063519_o_min_ord19_rk00005,0.5973391965269281,0.6111818788975107,-0.013842682370582615
d2,o_min,m063520_o_min_ord19_rk00006,0.5957595280308906,0.6111818788975107,-0.015422350866620138
d2,o_min,m063521_o_min_ord19_rk00007,0.6013243012263354,0.6111818788975107,-0.009857577671175344
d2,o_min,m063522_o_min_ord19_rk00008,0.5961740187354017,0.6111818788975107,-0.015007860162109088
d2,o_min,m063523_o_min_ord19_rk00009,0.5966630733980527,0.6111818788975107,-0.014518805499458054
d2,o_min,m063524_o_min_ord19_rk00010,0.5944808322140549,0.6111818788975107,-0.016701046683455845
d2,o_min,m063525_o_min_ord19_rk00011,0.6026739679891222,0.6111818788975107,-0.008507910908388538
d2,o_min,m063526_o_min_ord19_rk00012,0.5966566647719792,0.6111818788975107,-0.014525214125531538
d2,o_min,m063527_o_min_ord19_rk00013,0.6006654681193134,0.6111818788975107,-0.010516410778197316
d2,o_min,m063528_o_min_ord19_rk00014,0.5895406734074036,0.6111818788975107,-0.021641205490107174
d2,o_min,m063529_o_min_ord19_rk00015,0.600156786589799,0.6111818788975107,-0.011025092307711759
d2,o_min,m063530_o_min_ord19_rk00016,0.6011922492490258,0.6111818788975107,-0.009989629648484932
d2,o_min,m063531_o_min_ord19_rk00017,0.579195910930787,0.6111818788975107,-0.031985967966723705
d2,o_min,m063532_o_min_ord19_rk00018,0.6073050370765982,0.6111818788975107,-0.0038768418209125244
d2,o_min,m063533_o_min_ord19_rk00019,0.5946636843953201,0.6111818788975107,-0.01651819450219061
d2,o_min,m063534_o_min_ord19_rk00020,0.6201246484371674,0.6111818788975107,0.00894276953965667
d2,o_min,m064515_o_min_ord20_rk00001,0.6075068502513594,0.6111818788975107,-0.0036750286461513237
d2,o_min,m064516_o_min_ord20_rk00002,0.5837614098414414,0.6111818788975107,-0.02742046905606932
d2,o_min,m064517_o_min_ord20_rk00003,0.6091725788797844,0.6111818788975107,-0.0020093000177263676
d2,o_min,m064518_o_min_ord20_rk00004,0.5921274103208949,0.6111818788975107,-0.019054468576615857
d2,o_min,m064519_o_min_ord20_rk00005,0.6096988181437515,0.6111818788975107,-0.0014830607537592577
d2,o_min,m064520_o_min_ord20_rk00006,0.6043111761450826,0.6111818788975107,-0.006870702752428182
d2,o_min,m064521_o_min_ord20_rk00007,0.5926226171801636,0.6111818788975107,-0.01855926171734712
d2,o_min,m064522_o_min_ord20_rk00008,0.60076090893374,0.6111818788975107,-0.010420969963770732
d2,o_min,m064523_o_min_ord20_rk00009,0.5875685304233036,0.6111818788975107,-0.023613348474207152
d2,o_min,m064524_o_min_ord20_rk00010,0.6097421829448058,0.6111818788975107,-0.001439695952704989
d2,o_min,m064525_o_min_ord20_rk00011,0.6083636506702267,0.6111818788975107,-0.0028182282272840586
d2,o_min,m064526_o_min_ord20_rk00012,0.5885204389874598,0.6111818788975107,-0.022661439910050984
d2,o_min,m064527_o_min_ord20_rk00013,0.6094931919983693,0.6111818788975107,-0.0016886868991414783
d2,o_min,m064528_o_min_ord20_rk00014,0.5986278649589016,0.6111818788975107,-0.01255401393860911
d2,o_min,m064529_o_min_ord20_rk00015,0.6107511213799237,0.6111818788975107,-0.0004307575175870326
d2,o_min,m064530_o_min_ord20_rk00016,0.6074531827312477,0.6111818788975107,-0.0037286961662630347
d2,o_min,m064531_o_min_ord20_rk00017,0.5956929641172723,0.6111818788975107,-0.015488914780238394
d2,o_min,m064532_o_min_ord20_rk00018,0.6212466452479113,0.6111818788975107,0.010064766350400545
d2,o_min,m064533_o_min_ord20_rk00019,0.603485574311918,0.6111818788975107,-0.007696304585592784
d2,o_min,m064534_o_min_ord20_rk00020,0.609521079263853,0.6111818788975107,-0.001660799633657728
d2,o_min,m065515_o_min_ord21_rk00001,0.6095671571191117,0.6111818788975107,-0.001614721778399053
d2,o_min,m065516_o_min_ord21_rk00002,0.6077152732806186,0.6111818788975107,-0.00346660561689216
d2,o_min,m065517_o_min_ord21_rk00003,0.6004176261560259,0.6111818788975107,-0.010764252741484848
d2,o_min,m065518_o_min_ord21_rk00004,0.6009556906718927,0.6111818788975107,-0.01022618822561805
d2,o_min,m065519_o_min_ord21_rk00005,0.6023456326898758,0.6111818788975107,-0.008836246207634901
d2,o_min,m065520_o_min_ord21_rk00006,0.6085359955482903,0.6111818788975107,-0.002645883349220446
d2,o_min,m065521_o_min_ord21_rk00007,0.6000645478859827,0.6111818788975107,-0.011117331011528009
d2,o_min,m065522_o_min_ord21_rk00008,0.5915140692474302,0.6111818788975107,-0.019667809650080526
d2,o_min,m065523_o_min_ord21_rk00009,0.5925834295419337,0.6111818788975107,-0.018598449355577085
d2,o_min,m065524_o_min_ord21_rk00010,0.6000717769537555,0.6111818788975107,-0.01111010194375528
d2,o_min,m065525_o_min_ord21_rk00011,0.6064543282451844,0.6111818788975107,-0.004727550652326329
d2,o_min,m065526_o_min_ord21_rk00012,0.5968476073456841,0.6111818788975107,-0.01433427155182665
d2,o_min,m065527_o_min_ord21_rk00013,0.6003843149806879,0.6111818788975107,-0.01079756391682285
d2,o_min,m065528_o_min_ord21_rk00014,0.6070034632400951,0.6111818788975107,-0.004178415657415613
d2,o_min,m065529_o_min_ord21_rk00015,0.6191121924726776,0.6111818788975107,0.007930313575166825
d2,o_min,m065530_o_min_ord21_rk00016,0.594931694484276,0.6111818788975107,-0.01625018441323478
d2,o_min,m065531_o_min_ord21_rk00017,0.6204928626795029,0.6111818788975107,0.009310983781992133
d2,o_min,m065532_o_min_ord21_rk00018,0.5996744661219124,0.6111818788975107,-0.011507412775598302
d2,o_min,m065533_o_min_ord21_rk00019,0.5985853961571739,0.6111818788975107,-0.012596482740336867
d2,o_min,m065534_o_min_ord21_rk00020,0.6020568107051052,0.6111818788975107,-0.00912506819240555
d2,o_min,m066515_o_min_ord22_rk00001,0.6035859965945305,0.6111818788975107,-0.00759588230298025
d2,o_min,m066516_o_min_ord22_rk00002,0.601631757163618,0.6111818788975107,-0.009550121733892691
d2,o_min,m066517_o_min_ord22_rk00003,0.604307447518334,0.6111818788975107,-0.00687443137917676
d2,o_min,m066518_o_min_ord22_rk00004,0.5989917218320839,0.6111818788975107,-0.01219015706542681
d2,o_min,m066519_o_min_ord22_rk00005,0.6154591402301594,0.6111818788975107,0.0042772613326486075
d2,o_min,m066520_o_min_ord22_rk00006,0.5927032238743992,0.6111818788975107,-0.018478655023111523
d2,o_min,m066521_o_min_ord22_rk00007,0.6051717126323438,0.6111818788975107,-0.006010166265166927
d2,o_min,m066522_o_min_ord22_rk00008,0.5995674454651536,0.6111818788975107,-0.01161443343235713
d2,o_min,m066523_o_min_ord22_rk00009,0.5920043380835751,0.6111818788975107,-0.019177540813935634
d2,o_min,m066524_o_min_ord22_rk00010,0.6041456472755049,0.6111818788975107,-0.00703623162200584
d2,o_min,m066525_o_min_ord22_rk00011,0.5968074426605603,0.6111818788975107,-0.01437443623695045
d2,o_min,m066526_o_min_ord22_rk00012,0.5954458370255077,0.6111818788975107,-0.01573604187200306
d2,o_min,m066527_o_min_ord22_rk00013,0.597802595623981,0.6111818788975107,-0.013379283273529774
d2,o_min,m066528_o_min_ord22_rk00014,0.5873324192776427,0.6111818788975107,-0.023849459619868063
d2,o_min,m066529_o_min_ord22_rk00015,0.5936958631683712,0.6111818788975107,-0.017486015729139548
d2,o_min,m066530_o_min_ord22_rk00016,0.5969442493953292,0.6111818788975107,-0.014237629502181548
d2,o_min,m066531_o_min_ord22_rk00017,0.6012582239706334,0.6111818788975107,-0.009923654926877301
d2,o_min,m066532_o_min_ord22_rk00018,0.5947108023474708,0.6111818788975107,-0.016471076550039987
d2,o_min,m066533_o_min_ord22_rk00019,0.5909212984024732,0.6111818788975107,-0.02026058049503754
d2,o_min,m066534_o_min_ord22_rk00020,0.598258019577484,0.6111818788975107,-0.01292385932002671
d2,o_min,m067515_o_min_ord23_rk00001,0.6076823117192469,0.6111818788975107,-0.0034995671782638293
d2,o_min,m067516_o_min_ord23_rk00002,0.6071513211455748,0.6111818788975107,-0.004030557751935948
d2,o_min,m067517_o_min_ord23_rk00003,0.6066650514839917,0.6111818788975107,-0.004516827413518998
d2,o_min,m067518_o_min_ord23_rk00004,0.612556392922883,0.6111818788975107,0.0013745140253722532
d2,o_min,m067519_o_min_ord23_rk00005,0.5999040574208601,0.6111818788975107,-0.011277821476650685
d2,o_min,m067520_o_min_ord23_rk00006,0.6129571020485092,0.6111818788975107,0.0017752231509984284
d2,o_min,m067521_o_min_ord23_rk00007,0.608758632866299,0.6111818788975107,-0.00242324603121169
d2,o_min,m067522_o_min_ord23_rk00008,0.6017537900260216,0.6111818788975107,-0.00942808887148916
d2,o_min,m067523_o_min_ord23_rk00009,0.6022741342398794,0.6111818788975107,-0.008907744657631333
d2,o_min,m067524_o_min_ord23_rk00010,0.618814224263601,0.6111818788975107,0.007632345366090254
d2,o_min,m067525_o_min_ord23_rk00011,0.5948776489985381,0.6111818788975107,-0.016304229898972622
d2,o_min,m067526_o_min_ord23_rk00012,0.607072903825697,0.6111818788975107,-0.004108975071813736
d2,o_min,m067527_o_min_ord23_rk00013,0.6015549431501848,0.6111818788975107,-0.009626935747325982
d2,o_min,m067528_o_min_ord23_rk00014,0.6085391633467503,0.6111818788975107,-0.002642715550760455
d2,o_min,m067529_o_min_ord23_rk00015,0.6048883823944016,0.6111818788975107,-0.006293496503109175
d2,o_min,m067530_o_min_ord23_rk00016,0.6068147287374321,0.6111818788975107,-0.004367150160078603
d2,o_min,m067531_o_min_ord23_rk00017,0.6119568876232973,0.6111818788975107,0.0007750087257865079
d2,o_min,m067532_o_min_ord23_rk00018,0.6077715757745367,0.6111818788975107,-0.0034103031229740788
d2,o_min,m067533_o_min_ord23_rk00019,0.6058470979287545,0.6111818788975107,-0.005334780968756281
d2,o_min,m067534_o_min_ord23_rk00020,0.6030206130914937,0.6111818788975107,-0.00816126580601706
d2,o_min,m068515_o_min_ord24_rk00001,0.6024698352647084,0.6111818788975107,-0.008712043632802313
d2,o_min,m068516_o_min_ord24_rk00002,0.5994657841422102,0.6111818788975107,-0.011716094755300555
d2,o_min,m068517_o_min_ord24_rk00003,0.6008978098624826,0.6111818788975107,-0.010284069035028098
d2,o_min,m068518_o_min_ord24_rk00004,0.6039953732251439,0.6111818788975107,-0.007186505672366894
d2,o_min,m068519_o_min_ord24_rk00005,0.6095044260228926,0.6111818788975107,-0.0016774528746181794
d2,o_min,m068520_o_min_ord24_rk00006,0.6069384680156521,0.6111818788975107,-0.004243410881858645
d2,o_min,m068521_o_min_ord24_rk00007,0.6087728766677734,0.6111818788975107,-0.002409002229737389
d2,o_min,m068522_o_min_ord24_rk00008,0.6048029717231236,0.6111818788975107,-0.006378907174387161
d2,o_min,m068523_o_min_ord24_rk00009,0.6069083484951453,0.6111818788975107,-0.004273530402365444
d2,o_min,m068524_o_min_ord24_rk00010,0.6092948216587439,0.6111818788975107,-0.0018870572387668094
d2,o_min,m068525_o_min_ord24_rk00011,0.606612006116801,0.6111818788975107,-0.0045698727807097494
d2,o_min,m068526_o_min_ord24_rk00012,0.6069658657228431,0.6111818788975107,-0.004216013174667688
d2,o_min,m068527_o_min_ord24_rk00013,0.6096046425625472,0.6111818788975107,-0.0015772363349635388
d2,o_min,m068528_o_min_ord24_rk00014,0.6056620804595816,0.6111818788975107,-0.005519798437929158
d2,o_min,m068529_o_min_ord24_rk00015,0.6006669014361288,0.6111818788975107,-0.010514977461381969
d2,o_min,m068530_o_min_ord24_rk00016,0.5965828066763258,0.6111818788975107,-0.01459907222118495
d2,o_min,m068531_o_min_ord24_rk00017,0.603660261594791,0.6111818788975107,-0.007521617302719719
d2,o_min,m068532_o_min_ord24_rk00018,0.6136885062943231,0.6111818788975107,0.0025066273968123998
d2,o_min,m068533_o_min_ord24_rk00019,0.6060086201967458,0.6111818788975107,-0.0051732587007649045
d2,o_min,m068534_o_min_ord24_rk00020,0.6116839305170529,0.6111818788975107,0.0005020516195421987
d2,o_min,m069515_o_min_ord25_rk00001,0.5935630204336267,0.6111818788975107,-0.017618858463884002
d2,o_min,m069516_o_min_ord25_rk00002,0.5913378375123823,0.6111818788975107,-0.019844041385128408
d2,o_min,m069517_o_min_ord25_rk00003,0.5956015794980263,0.6111818788975107,-0.015580299399484465
d2,o_min,m069518_o_min_ord25_rk00004,0.5937551422913356,0.6111818788975107,-0.01742673660617511
d2,o_min,m069519_o_min_ord25_rk00005,0.5942451604414385,0.6111818788975107,-0.016936718456072253
d2,o_min,m069520_o_min_ord25_rk00006,0.5976975388271197,0.6111818788975107,-0.01348434007039101
d2,o_min,m069521_o_min_ord25_rk00007,0.5911121966251249,0.6111818788975107,-0.020069682272385814
d2,o_min,m069522_o_min_ord25_rk00008,0.6025195268403842,0.6111818788975107,-0.00866235205712651
d2,o_min,m069523_o_min_ord25_rk00009,0.592044106469233,0.6111818788975107,-0.019137772428277744
d2,o_min,m069524_o_min_ord25_rk00010,0.5911605181932736,0.6111818788975107,-0.0200213607042371
d2,o_min,m069525_o_min_ord25_rk00011,0.601090623185819,0.6111818788975107,-0.010091255711691782
d2,o_min,m069526_o_min_ord25_rk00012,0.5969555319098949,0.6111818788975107,-0.014226346987615823
d2,o_min,m069527_o_min_ord25_rk00013,0.5889602488891976,0.6111818788975107,-0.02222163000831312
d2,o_min,m069528_o_min_ord25_rk00014,0.6039930718974346,0.6111818788975107,-0.0071888070000761806
d2,o_min,m069529_o_min_ord25_rk00015,0.5887782973826727,0.6111818788975107,-0.02240358151483801
d2,o_min,m069530_o_min_ord25_rk00016,0.5808075357002069,0.6111818788975107,-0.03037434319730381
d2,o_min,m069531_o_min_ord25_rk00017,0.594624107867997,0.6111818788975107,-0.016557771029513724
d2,o_min,m069532_o_min_ord25_rk00018,0.5955598125851257,0.6111818788975107,-0.015622066312385052
d2,o_min,m069533_o_min_ord25_rk00019,0.5975593162520865,0.6111818788975107,-0.013622562645424274
d2,o_min,m069534_o_min_ord25_rk00020,0.5872681164023865,0.6111818788975107,-0.023913762495124224
d2,o_min,m070515_o_min_ord26_rk00001,0.5970313371185136,0.6111818788975107,-0.014150541778997106
d2,o_min,m070516_o_min_ord26_rk00002,0.5974679560632399,0.6111818788975107,-0.013713922834270864
d2,o_min,m070517_o_min_ord26_rk00003,0.5916936992646064,0.6111818788975107,-0.01948817963290439
d2,o_min,m070518_o_min_ord26_rk00004,0.5996746088789977,0.6111818788975107,-0.011507270018513038
d2,o_min,m070519_o_min_ord26_rk00005,0.5940053265207415,0.6111818788975107,-0.017176552376769294
d2,o_min,m070520_o_min_ord26_rk00006,0.5993693757956027,0.6111818788975107,-0.011812503101908067
d2,o_min,m070521_o_min_ord26_rk00007,0.5952866341892722,0.6111818788975107,-0.015895244708238554
d2,o_min,m070522_o_min_ord26_rk00008,0.5919757889507574,0.6111818788975107,-0.019206089946753324
d2,o_min,m070523_o_min_ord26_rk00009,0.5954909225182412,0.6111818788975107,-0.01569095637926954
d2,o_min,m070524_o_min_ord26_rk00010,0.6006786138804245,0.6111818788975107,-0.010503265017086205
d2,o_min,m070525_o_min_ord26_rk00011,0.5926699273607847,0.6111818788975107,-0.018511951536726023
d2,o_min,m070526_o_min_ord26_rk00012,0.5931684394893296,0.6111818788975107,-0.01801343940818112
d2,o_min,m070527_o_min_ord26_rk00013,0.5857721293525904,0.6111818788975107,-0.025409749544920368
d2,o_min,m070528_o_min_ord26_rk00014,0.5981377720713887,0.6111818788975107,-0.013044106826122004
d2,o_min,m070529_o_min_ord26_rk00015,0.588719323897313,0.6111818788975107,-0.02246255500019778
d2,o_min,m070530_o_min_ord26_rk00016,0.593375916070884,0.6111818788975107,-0.01780596282662672
d2,o_min,m070531_o_min_ord26_rk00017,0.5881997953215503,0.6111818788975107,-0.022982083575960432
d2,o_min,m070532_o_min_ord26_rk00018,0.59248776058115,0.6111818788975107,-0.018694118316360697
d2,o_min,m070533_o_min_ord26_rk00019,0.5977998497105546,0.6111818788975107,-0.01338202918695619
d2,o_min,m070534_o_min_ord26_rk00020,0.593179488800337,0.6111818788975107,-0.01800239009717375
d2,o_min,m071515_o_min_ord27_rk00001,0.6044273978332437,0.6111818788975107,-0.006754481064267015
d2,o_min,m071516_o_min_ord27_rk00002,0.5981611219501546,0.6111818788975107,-0.01302075694735616
d2,o_min,m071517_o_min_ord27_rk00003,0.6019717754355476,0.6111818788975107,-0.00921010346196316
d2,o_min,m071518_o_min_ord27_rk00004,0.6002540899951843,0.6111818788975107,-0.010927788902326485
d2,o_min,m071519_o_min_ord27_rk00005,0.6017026811122649,0.6111818788975107,-0.009479197785245863
d2,o_min,m071520_o_min_ord27_rk00006,0.6019765246626598,0.6111818788975107,-0.009205354234850915
d2,o_min,m071521_o_min_ord27_rk00007,0.5673294088527518,0.6111818788975107,-0.043852470044758896
d2,o_min,m071522_o_min_ord27_rk00008,0.5937522592492606,0.6111818788975107,-0.017429619648250183
d2,o_min,m071523_o_min_ord27_rk00009,0.598072344760709,0.6111818788975107,-0.013109534136801715
d2,o_min,m071524_o_min_ord27_rk00010,0.6002287496217276,0.6111818788975107,-0.01095312927578318
d2,o_min,m071525_o_min_ord27_rk00011,0.5990115942444014,0.6111818788975107,-0.01217028465310932
d2,o_min,m071526_o_min_ord27_rk00012,0.6006193973483456,0.6111818788975107,-0.01056248154916517
d2,o_min,m071527_o_min_ord27_rk00013,0.6155199052831957,0.6111818788975107,0.004338026385684923
d2,o_min,m071528_o_min_ord27_rk00014,0.6031457496866656,0.6111818788975107,-0.008036129210845178
d2,o_min,m071529_o_min_ord27_rk00015,0.5980731232000083,0.6111818788975107,-0.013108755697502472
d2,o_min,m071530_o_min_ord27_rk00016,0.6040960824730264,0.6111818788975107,-0.00708579642448437
d2,o_min,m071531_o_min_ord27_rk00017,0.6032492417445501,0.6111818788975107,-0.007932637152960664
d2,o_min,m071532_o_min_ord27_rk00018,0.6143882313724789,0.6111818788975107,0.003206352474968144
d2,o_min,m071533_o_min_ord27_rk00019,0.6011530712070194,0.6111818788975107,-0.010028807690491304
d2,o_min,m071534_o_min_ord27_rk00020,0.5972192634081921,0.6111818788975107,-0.013962615489318653
d2,o_min,m072515_o_min_ord28_rk00001,0.5736727817487014,0.6111818788975107,-0.037509097148809345
d2,o_min,m072516_o_min_ord28_rk00002,0.5999929590339028,0.6111818788975107,-0.011188919863607927
d2,o_min,m072517_o_min_ord28_rk00003,0.5954166470245676,0.6111818788975107,-0.015765231872943097
d2,o_min,m072518_o_min_ord28_rk00004,0.5991998541376804,0.6111818788975107,-0.011982024759830345
d2,o_min,m072519_o_min_ord28_rk00005,0.5964143753182127,0.6111818788975107,-0.014767503579298014
d2,o_min,m072520_o_min_ord28_rk00006,0.6027146788925518,0.6111818788975107,-0.00846720000495893
d2,o_min,m072521_o_min_ord28_rk00007,0.5987747070969046,0.6111818788975107,-0.012407171800606132
d2,o_min,m072522_o_min_ord28_rk00008,0.5908470493096509,0.6111818788975107,-0.020334829587859815
d2,o_min,m072523_o_min_ord28_rk00009,0.6006195477711668,0.6111818788975107,-0.010562331126343971
d2,o_min,m072524_o_min_ord28_rk00010,0.6107376231784694,0.6111818788975107,-0.0004442557190413865
d2,o_min,m072525_o_min_ord28_rk00011,0.5990036936744648,0.6111818788975107,-0.012178185223045923
d2,o_min,m072526_o_min_ord28_rk00012,0.612165562082344,0.6111818788975107,0.0009836831848332173
d2,o_min,m072527_o_min_ord28_rk00013,0.575438416370637,0.6111818788975107,-0.03574346252687377
d2,o_min,m072528_o_min_ord28_rk00014,0.585119565484285,0.6111818788975107,-0.026062313413225735
d2,o_min,m072529_o_min_ord28_rk00015,0.596375863429621,0.6111818788975107,-0.014806015467889733
d2,o_min,m072530_o_min_ord28_rk00016,0.5747595028945343,0.6111818788975107,-0.036422376002976486
d2,o_min,m072531_o_min_ord28_rk00017,0.5979751956622014,0.6111818788975107,-0.01320668323530938
d2,o_min,m072532_o_min_ord28_rk00018,0.6136139562404457,0.6111818788975107,0.002432077342934935
d2,o_min,m072533_o_min_ord28_rk00019,0.5948976381506175,0.6111818788975107,-0.016284240746893275
d2,o_min,m072534_o_min_ord28_rk00020,0.5987606521234459,0.6111818788975107,-0.012421226774064875
d2,o_min,m073515_o_min_ord29_rk00001,0.5903025493167413,0.6111818788975107,-0.020879329580769435
d2,o_min,m073516_o_min_ord29_rk00002,0.5490067976721291,0.6111818788975107,-0.06217508122538162
d2,o_min,m073517_o_min_ord29_rk00003,0.5893071819109904,0.6111818788975107,-0.021874696986520337
d2,o_min,m073518_o_min_ord29_rk00004,0.5893656366052101,0.6111818788975107,-0.021816242292300614
d2,o_min,m073519_o_min_ord29_rk00005,0.6120090071750857,0.6111818788975107,0.0008271282775749178
d2,o_min,m073520_o_min_ord29_rk00006,0.5800507894007091,0.6111818788975107,-0.031131089496801656
d2,o_min,m073521_o_min_ord29_rk00007,0.5926842035554001,0.6111818788975107,-0.018497675342110664
d2,o_min,m073522_o_min_ord29_rk00008,0.5766473955532178,0.6111818788975107,-0.03453448334429299
d2,o_min,m073523_o_min_ord29_rk00009,0.5897117787007902,0.6111818788975107,-0.021470100196720576
d2,o_min,m073524_o_min_ord29_rk00010,0.5891531209688068,0.6111818788975107,-0.022028757928703957
d2,o_min,m073525_o_min_ord29_rk00011,0.5792841251592403,0.6111818788975107,-0.03189775373827042
d2,o_min,m073526_o_min_ord29_rk00012,0.5823810608456961,0.6111818788975107,-0.02880081805181467
d2,o_min,m073527_o_min_ord29_rk00013,0.5928870598772187,0.6111818788975107,-0.018294819020292064
d2,o_min,m073528_o_min_ord29_rk00014,0.597582063311163,0.6111818788975107,-0.013599815586347708
d2,o_min,m073529_o_min_ord29_rk00015,0.5710105219325365,0.6111818788975107,-0.0401713569649742
d2,o_min,m073530_o_min_ord29_rk00016,0.5737051644642578,0.6111818788975107,-0.037476714433252956
d2,o_min,m073531_o_min_ord29_rk00017,0.6046927052814309,0.6111818788975107,-0.006489173616079813
d2,o_min,m073532_o_min_ord29_rk00018,0.5989488252156558,0.6111818788975107,-0.0122330536818549
d2,o_min,m073533_o_min_ord29_rk00019,0.5962548162581877,0.6111818788975107,-0.014927062639323085
d2,o_min,m073534_o_min_ord29_rk00020,0.6089327815887138,0.6111818788975107,-0.0022490973087969657
d2,o_min,m074515_o_min_ord30_rk00001,0.5786583135340776,0.6111818788975107,-0.03252356536343315
d2,o_min,m074516_o_min_ord30_rk00002,0.5891656459633321,0.6111818788975107,-0.022016232934178648
d2,o_min,m074517_o_min_ord30_rk00003,0.5743158406687227,0.6111818788975107,-0.03686603822878809
d2,o_min,m074518_o_min_ord30_rk00004,0.5878231827171998,0.6111818788975107,-0.023358696180310945
d2,o_min,m074519_o_min_ord30_rk00005,0.5772409792375274,0.6111818788975107,-0.03394089965998337
d2,o_min,m074520_o_min_ord30_rk00006,0.6022414510260817,0.6111818788975107,-0.008940427871429013
d2,o_min,m074521_o_min_ord30_rk00007,0.5894253242623397,0.6111818788975107,-0.02175655463517101
d2,o_min,m074522_o_min_ord30_rk00008,0.6012828530184043,0.6111818788975107,-0.009899025879106405
d2,o_min,m074523_o_min_ord30_rk00009,0.5860470557762723,0.6111818788975107,-0.025134823121238492
d2,o_min,m074524_o_min_ord30_rk00010,0.5997415821357006,0.6111818788975107,-0.011440296761810131
d2,o_min,m074525_o_min_ord30_rk00011,0.5812252736376026,0.6111818788975107,-0.029956605259908176
d2,o_min,m074526_o_min_ord30_rk00012,0.5902883260113696,0.6111818788975107,-0.020893552886141142
d2,o_min,m074527_o_min_ord30_rk00013,0.5823515545149338,0.6111818788975107,-0.028830324382576933
d2,o_min,m074528_o_min_ord30_rk00014,0.6000674296268177,0.6111818788975107,-0.01111444927069305
d2,o_min,m074529_o_min_ord30_rk00015,0.5750404596573735,0.6111818788975107,-0.03614141924013725
d2,o_min,m074530_o_min_ord30_rk00016,0.5961617916773916,0.6111818788975107,-0.01502008722011916
d2,o_min,m074531_o_min_ord30_rk00017,0.5818654031784055,0.6111818788975107,-0.02931647571910523
d2,o_min,m074532_o_min_ord30_rk00018,0.6114106353390532,0.6111818788975107,0.00022875644154241037
d2,o_min,m074533_o_min_ord30_rk00019,0.5886623977326528,0.6111818788975107,-0.022519481164857913
d2,o_min,m074534_o_min_ord30_rk00020,0.5837237616757129,0.6111818788975107,-0.027458117221797806
d3,o_min,m047515_o_min_ord3_rk00001,0.5886951677008191,0.6124664176869716,-0.023771249986152543
d3,o_min,m047516_o_min_ord3_rk00002,0.5943852127128744,0.6124664176869716,-0.018081204974097265
d3,o_min,m047517_o_min_ord3_rk00003,0.6110360423716363,0.6124664176869716,-0.0014303753153352972
d3,o_min,m047518_o_min_ord3_rk00004,0.595208454679283,0.6124664176869716,-0.01725796300768867
d3,o_min,m047519_o_min_ord3_rk00005,0.5908096616400391,0.6124664176869716,-0.021656756046932513
d3,o_min,m047520_o_min_ord3_rk00006,0.5557203075391058,0.6124664176869716,-0.05674611014786579
d3,o_min,m047521_o_min_ord3_rk00007,0.6095865904586495,0.6124664176869716,-0.0028798272283221404
d3,o_min,m047522_o_min_ord3_rk00008,0.586951137544229,0.6124664176869716,-0.025515280142742625
d3,o_min,m047523_o_min_ord3_rk00009,0.5708492450625815,0.6124664176869716,-0.04161717262439013
d3,o_min,m047524_o_min_ord3_rk00010,0.6027530021541447,0.6124664176869716,-0.009713415532826897
d3,o_min,m047525_o_min_ord3_rk00011,0.6196918050109042,0.6124664176869716,0.0072253873239325195
d3,o_min,m047526_o_min_ord3_rk00012,0.5779132533076932,0.6124664176869716,-0.03455316437927847
d3,o_min,m047527_o_min_ord3_rk00013,0.606947059125234,0.6124664176869716,-0.005519358561737686
d3,o_min,m047528_o_min_ord3_rk00014,0.5752601876920581,0.6124664176869716,-0.03720622999491352
d3,o_min,m047529_o_min_ord3_rk00015,0.5496145761268325,0.6124664176869716,-0.06285184156013912
d3,o_min,m047530_o_min_ord3_rk00016,0.6086527647224362,0.6124664176869716,-0.0038136529645353967
d3,o_min,m047531_o_min_ord3_rk00017,0.5791878951468845,0.6124664176869716,-0.03327852254008712
d3,o_min,m047532_o_min_ord3_rk00018,0.5731959616870868,0.6124664176869716,-0.03927045599988488
d3,o_min,m047533_o_min_ord3_rk00019,0.5959628043671638,0.6124664176869716,-0.016503613319807875
d3,o_min,m047534_o_min_ord3_rk00020,0.5747631037293321,0.6124664176869716,-0.037703313957639484
d3,o_min,m048515_o_min_ord4_rk00001,0.6057426640786598,0.6124664176869716,-0.006723753608311789
d3,o_min,m048516_o_min_ord4_rk00002,0.6135756929514994,0.6124664176869716,0.0011092752645277537
d3,o_min,m048517_o_min_ord4_rk00003,0.5975169492045228,0.6124664176869716,-0.014949468482448824
d3,o_min,m048518_o_min_ord4_rk00004,0.5887446257532895,0.6124664176869716,-0.02372179193368218
d3,o_min,m048519_o_min_ord4_rk00005,0.6238504327986167,0.6124664176869716,0.011384015111645107
d3,o_min,m048520_o_min_ord4_rk00006,0.5984516930999855,0.6124664176869716,-0.01401472458698616
d3,o_min,m048521_o_min_ord4_rk00007,0.6079051839764067,0.6124664176869716,-0.004561233710564938
d3,o_min,m048522_o_min_ord4_rk00008,0.6091637937513527,0.6124664176869716,-0.0033026239356189757
d3,o_min,m048523_o_min_ord4_rk00009,0.6019507857797866,0.6124664176869716,-0.010515631907185075
d3,o_min,m048524_o_min_ord4_rk00010,0.5791893244226679,0.6124664176869716,-0.033277093264303725
d3,o_min,m048525_o_min_ord4_rk00011,0.5927688790655669,0.6124664176869716,-0.019697538621404775
d3,o_min,m048526_o_min_ord4_rk00012,0.5834947879849477,0.6124664176869716,-0.028971629702023938
d3,o_min,m048527_o_min_ord4_rk00013,0.6059263037766857,0.6124664176869716,-0.006540113910285972
d3,o_min,m048528_o_min_ord4_rk00014,0.6069792495248145,0.6124664176869716,-0.005487168162157108
d3,o_min,m048529_o_min_ord4_rk00015,0.6015416437608112,0.6124664176869716,-0.010924773926160425
d3,o_min,m048530_o_min_ord4_rk00016,0.6015269193274334,0.6124664176869716,-0.010939498359538224
d3,o_min,m048531_o_min_ord4_rk00017,0.5551721554027066,0.6124664176869716,-0.05729426228426504
d3,o_min,m048532_o_min_ord4_rk00018,0.6255549158689294,0.6124664176869716,0.013088498181957786
d3,o_min,m048533_o_min_ord4_rk00019,0.5732671074080034,0.6124664176869716,-0.03919931027896828
d3,o_min,m048534_o_min_ord4_rk00020,0.5732493118154793,0.6124664176869716,-0.0392171058714923
d3,o_min,m049515_o_min_ord5_rk00001,0.607078992453298,0.6124664176869716,-0.005387425233673637
d3,o_min,m049516_o_min_ord5_rk00002,0.594932651493848,0.6124664176869716,-0.017533766193123634
d3,o_min,m049517_o_min_ord5_rk00003,0.565980829184209,0.6124664176869716,-0.04648558850276263
d3,o_min,m049518_o_min_ord5_rk00004,0.599367478789843,0.6124664176869716,-0.013098938897128654
d3,o_min,m049519_o_min_ord5_rk00005,0.6039639732343132,0.6124664176869716,-0.008502444452658464
d3,o_min,m049520_o_min_ord5_rk00006,0.5814115977431376,0.6124664176869716,-0.031054819943834078
d3,o_min,m049521_o_min_ord5_rk00007,0.5589522016859889,0.6124664176869716,-0.05351421600098272
d3,o_min,m049522_o_min_ord5_rk00008,0.5920221475669503,0.6124664176869716,-0.02044427012002137
d3,o_min,m049523_o_min_ord5_rk00009,0.6067821652370748,0.6124664176869716,-0.005684252449896787
d3,o_min,m049524_o_min_ord5_rk00010,0.568519568092087,0.6124664176869716,-0.043946849594884596
d3,o_min,m049525_o_min_ord5_rk00011,0.6017681423135727,0.6124664176869716,-0.010698275373398958
d3,o_min,m049526_o_min_ord5_rk00012,0.5903846769673533,0.6124664176869716,-0.022081740719618326
d3,o_min,m049527_o_min_ord5_rk00013,0.5739153094323157,0.6124664176869716,-0.03855110825465591
d3,o_min,m049528_o_min_ord5_rk00014,0.6077998721961826,0.6124664176869716,-0.0046665454907890425
d3,o_min,m049529_o_min_ord5_rk00015,0.6021883824276466,0.6124664176869716,-0.010278035259325025
d3,o_min,m049530_o_min_ord5_rk00016,0.6026798733621541,0.6124664176869716,-0.009786544324817514
d3,o_min,m049531_o_min_ord5_rk00017,0.6079066158250641,0.6124664176869716,-0.00455980186190752
d3,o_min,m049532_o_min_ord5_rk00018,0.5872316714470706,0.6124664176869716,-0.025234746239901074
d3,o_min,m049533_o_min_ord5_rk00019,0.6024000667556275,0.6124664176869716,-0.010066350931344115
d3,o_min,m049534_o_min_ord5_rk00020,0.5798483990044668,0.6124664176869716,-0.0326180186825048
d3,o_min,m050515_o_min_ord6_rk00001,0.594444956131212,0.6124664176869716,-0.018021461555759677
d3,o_min,m050516_o_min_ord6_rk00002,0.5988236616983524,0.6124664176869716,-0.013642755988619193
d3,o_min,m050517_o_min_ord6_rk00003,0.6012556787203005,0.6124664176869716,-0.01121073896667113
d3,o_min,m050518_o_min_ord6_rk00004,0.5977848636718164,0.6124664176869716,-0.014681554015155251
d3,o_min,m050519_o_min_ord6_rk00005,0.5804121626376338,0.6124664176869716,-0.03205425504933779
d3,o_min,m050520_o_min_ord6_rk00006,0.5785159711950717,0.6124664176869716,-0.03395044649189993
d3,o_min,m050521_o_min_ord6_rk00007,0.6066726156564495,0.6124664176869716,-0.005793802030522155
d3,o_min,m050522_o_min_ord6_rk00008,0.5857379106479326,0.6124664176869716,-0.026728507039039062
d3,o_min,m050523_o_min_ord6_rk00009,0.6141029659710302,0.6124664176869716,0.0016365482840585699
d3,o_min,m050524_o_min_ord6_rk00010,0.5914950156740462,0.6124664176869716,-0.020971402012925466
d3,o_min,m050525_o_min_ord6_rk00011,0.600706968633328,0.6124664176869716,-0.011759449053643678
d3,o_min,m050526_o_min_ord6_rk00012,0.622001794141368,0.6124664176869716,0.009535376454396394
d3,o_min,m050527_o_min_ord6_rk00013,0.6053554214468831,0.6124664176869716,-0.007110996240088485
d3,o_min,m050528_o_min_ord6_rk00014,0.5957982130611066,0.6124664176869716,-0.016668204625865046
d3,o_min,m050529_o_min_ord6_rk00015,0.5934379816328684,0.6124664176869716,-0.019028436054103204
d3,o_min,m050530_o_min_ord6_rk00016,0.599015582775766,0.6124664176869716,-0.013450834911205578
d3,o_min,m050531_o_min_ord6_rk00017,0.6034235429981232,0.6124664176869716,-0.009042874688848457
d3,o_min,m050532_o_min_ord6_rk00018,0.5992636455037385,0.6124664176869716,-0.01320277218323318
d3,o_min,m050533_o_min_ord6_rk00019,0.6047729158901424,0.6124664176869716,-0.007693501796829261
d3,o_min,m050534_o_min_ord6_rk00020,0.6044661352466585,0.6124664176869716,-0.008000282440313145
d3,o_min,m051515_o_min_ord7_rk00001,0.5899910937453473,0.6124664176869716,-0.022475323941624326
d3,o_min,m051516_o_min_ord7_rk00002,0.5840331791467692,0.6124664176869716,-0.02843323854020241
d3,o_min,m051517_o_min_ord7_rk00003,0.6079299545083586,0.6124664176869716,-0.004536463178613004
d3,o_min,m051518_o_min_ord7_rk00004,0.5937441138316857,0.6124664176869716,-0.01872230385528595
d3,o_min,m051519_o_min_ord7_rk00005,0.6112851058311015,0.6124664176869716,-0.0011813118558701152
d3,o_min,m051520_o_min_ord7_rk00006,0.5894428028242751,0.6124664176869716,-0.02302361486269655
d3,o_min,m051521_o_min_ord7_rk00007,0.5935278094850173,0.6124664176869716,-0.018938608201954366
d3,o_min,m051522_o_min_ord7_rk00008,0.5673767269874568,0.6124664176869716,-0.04508969069951485
d3,o_min,m051523_o_min_ord7_rk00009,0.613290122967536,0.6124664176869716,0.0008237052805644129
d3,o_min,m051524_o_min_ord7_rk00010,0.591573218556632,0.6124664176869716,-0.0208931991303396
d3,o_min,m051525_o_min_ord7_rk00011,0.5692951862782801,0.6124664176869716,-0.0431712314086915
d3,o_min,m051526_o_min_ord7_rk00012,0.5926318460722145,0.6124664176869716,-0.0198345716147571
d3,o_min,m051527_o_min_ord7_rk00013,0.5822660085506225,0.6124664176869716,-0.030200409136349138
d3,o_min,m051528_o_min_ord7_rk00014,0.5842260762866948,0.6124664176869716,-0.02824034140027687
d3,o_min,m051529_o_min_ord7_rk00015,0.5832361402312902,0.6124664176869716,-0.029230277455681408
d3,o_min,m051530_o_min_ord7_rk00016,0.5913778207232698,0.6124664176869716,-0.0210885969637018
d3,o_min,m051531_o_min_ord7_rk00017,0.5424504040262914,0.6124664176869716,-0.07001601366068022
d3,o_min,m051532_o_min_ord7_rk00018,0.6117741984901934,0.6124664176869716,-0.0006922191967781988
d3,o_min,m051533_o_min_ord7_rk00019,0.6188675374743768,0.6124664176869716,0.006401119787405207
d3,o_min,m051534_o_min_ord7_rk00020,0.6008406055801274,0.6124664176869716,-0.011625812106844213
d3,o_min,m052515_o_min_ord8_rk00001,0.5726616361738461,0.6124664176869716,-0.0398047815131255
d3,o_min,m052516_o_min_ord8_rk00002,0.5903585977872858,0.6124664176869716,-0.0221078198996858
d3,o_min,m052517_o_min_ord8_rk00003,0.6045790856338558,0.6124664176869716,-0.00788733205311587
d3,o_min,m052518_o_min_ord8_rk00004,0.5802541776000812,0.6124664176869716,-0.03221224008689039
d3,o_min,m052519_o_min_ord8_rk00005,0.5993671272231627,0.6124664176869716,-0.013099290463808977
d3,o_min,m052520_o_min_ord8_rk00006,0.6040572606288311,0.6124664176869716,-0.008409157058140493
d3,o_min,m052521_o_min_ord8_rk00007,0.5837258387913621,0.6124664176869716,-0.028740578895609548
d3,o_min,m052522_o_min_ord8_rk00008,0.6023556942488708,0.6124664176869716,-0.010110723438100822
d3,o_min,m052523_o_min_ord8_rk00009,0.6024409125046528,0.6124664176869716,-0.010025505182318817
d3,o_min,m052524_o_min_ord8_rk00010,0.5640080371790963,0.6124664176869716,-0.04845838050787532
d3,o_min,m052525_o_min_ord8_rk00011,0.5959744578123625,0.6124664176869716,-0.016491959874609163
d3,o_min,m052526_o_min_ord8_rk00012,0.5664138829328553,0.6124664176869716,-0.0460525347541163
d3,o_min,m052527_o_min_ord8_rk00013,0.5778861642070984,0.6124664176869716,-0.03458025347987326
d3,o_min,m052528_o_min_ord8_rk00014,0.610467790156355,0.6124664176869716,-0.0019986275306166368
d3,o_min,m052529_o_min_ord8_rk00015,0.5822477514842592,0.6124664176869716,-0.030218666202712408
d3,o_min,m052530_o_min_ord8_rk00016,0.5776291788361131,0.6124664176869716,-0.03483723885085854
d3,o_min,m052531_o_min_ord8_rk00017,0.5651842980049824,0.6124664176869716,-0.047282119681989254
d3,o_min,m052532_o_min_ord8_rk00018,0.5909932946090336,0.6124664176869716,-0.021473123077938028
d3,o_min,m052533_o_min_ord8_rk00019,0.5767200913103192,0.6124664176869716,-0.035746326376652426
d3,o_min,m052534_o_min_ord8_rk00020,0.6117774739580158,0.6124664176869716,-0.000688943728955782
d3,o_min,m053515_o_min_ord9_rk00001,0.5939276531627443,0.6124664176869716,-0.018538764524227314
d3,o_min,m053516_o_min_ord9_rk00002,0.5956663457272127,0.6124664176869716,-0.016800071959758966
d3,o_min,m053517_o_min_ord9_rk00003,0.6226751792230123,0.6124664176869716,0.010208761536040667
d3,o_min,m053518_o_min_ord9_rk00004,0.5798472190060333,0.6124664176869716,-0.03261919868093832
d3,o_min,m053519_o_min_ord9_rk00005,0.6159559107553999,0.6124664176869716,0.0034894930684282732
d3,o_min,m053520_o_min_ord9_rk00006,0.5779807330027427,0.6124664176869716,-0.03448568468422897
d3,o_min,m053521_o_min_ord9_rk00007,0.5927905315970983,0.6124664176869716,-0.019675886089873362
d3,o_min,m053522_o_min_ord9_rk00008,0.5874217466562439,0.6124664176869716,-0.025044671030727716
d3,o_min,m053523_o_min_ord9_rk00009,0.6103218433809352,0.6124664176869716,-0.0021445743060364286
d3,o_min,m053524_o_min_ord9_rk00010,0.6105442538931984,0.6124664176869716,-0.0019221637937731906
d3,o_min,m053525_o_min_ord9_rk00011,0.5632928541989596,0.6124664176869716,-0.04917356348801205
d3,o_min,m053526_o_min_ord9_rk00012,0.5827585156897139,0.6124664176869716,-0.029707901997257702
d3,o_min,m053527_o_min_ord9_rk00013,0.6061814719791532,0.6124664176869716,-0.006284945707818457
d3,o_min,m053528_o_min_ord9_rk00014,0.6197541885082887,0.6124664176869716,0.007287770821317041
d3,o_min,m053529_o_min_ord9_rk00015,0.6119613922383856,0.6124664176869716,-0.000505025448585994
d3,o_min,m053530_o_min_ord9_rk00016,0.6250790816943155,0.6124664176869716,0.012612664007343843
d3,o_min,m053531_o_min_ord9_rk00017,0.5825482339532415,0.6124664176869716,-0.02991818373373012
d3,o_min,m053532_o_min_ord9_rk00018,0.5892874900699274,0.6124664176869716,-0.02317892761704421
d3,o_min,m053533_o_min_ord9_rk00019,0.6033941974628165,0.6124664176869716,-0.009072220224155103
d3,o_min,m053534_o_min_ord9_rk00020,0.6143179112939805,0.6124664176869716,0.0018514936070088694
d3,o_min,m054515_o_min_ord10_rk00001,0.5931982493603265,0.6124664176869716,-0.01926816832664513
d3,o_min,m054516_o_min_ord10_rk00002,0.6023654770429507,0.6124664176869716,-0.010100940644020895
d3,o_min,m054517_o_min_ord10_rk00003,0.6146547465060543,0.6124664176869716,0.0021883288190827077
d3,o_min,m054518_o_min_ord10_rk00004,0.6031644452245996,0.6124664176869716,-0.009301972462372077
d3,o_min,m054519_o_min_ord10_rk00005,0.6023707583038276,0.6124664176869716,-0.010095659383144051
d3,o_min,m054520_o_min_ord10_rk00006,0.5985556721399012,0.6124664176869716,-0.013910745547070391
d3,o_min,m054521_o_min_ord10_rk00007,0.6164430734416708,0.6124664176869716,0.003976655754699188
d3,o_min,m054522_o_min_ord10_rk00008,0.5989957951762408,0.6124664176869716,-0.013470622510730834
d3,o_min,m054523_o_min_ord10_rk00009,0.6166147978733122,0.6124664176869716,0.004148380186340561
d3,o_min,m054524_o_min_ord10_rk00010,0.6199900567880051,0.6124664176869716,0.007523639101033486
d3,o_min,m054525_o_min_ord10_rk00011,0.6181672387756925,0.6124664176869716,0.005700821088720831
d3,o_min,m054526_o_min_ord10_rk00012,0.5879984290766755,0.6124664176869716,-0.024467988610296088
d3,o_min,m054527_o_min_ord10_rk00013,0.6229720992856744,0.6124664176869716,0.010505681598702798
d3,o_min,m054528_o_min_ord10_rk00014,0.622878735212612,0.6124664176869716,0.010412317525640313
d3,o_min,m054529_o_min_ord10_rk00015,0.6061764726099541,0.6124664176869716,-0.0062899450770175225
d3,o_min,m054530_o_min_ord10_rk00016,0.6024884776350145,0.6124664176869716,-0.00997794005195718
d3,o_min,m054531_o_min_ord10_rk00017,0.6167753714757207,0.6124664176869716,0.00430895378874907
d3,o_min,m054532_o_min_ord10_rk00018,0.6022040846791458,0.6124664176869716,-0.010262333007825863
d3,o_min,m054533_o_min_ord10_rk00019,0.6199982609388264,0.6124664176869716,0.007531843251854742
d3,o_min,m054534_o_min_ord10_rk00020,0.6094000537797379,0.6124664176869716,-0.0030663639072336935
d3,o_min,m055515_o_min_ord11_rk00001,0.5881792995539641,0.6124664176869716,-0.024287118133007546
d3,o_min,m055516_o_min_ord11_rk00002,0.5963556764063873,0.6124664176869716,-0.016110741280584318
d3,o_min,m055517_o_min_ord11_rk00003,0.6161772599452516,0.6124664176869716,0.0037108422582800005
d3,o_min,m055518_o_min_ord11_rk00004,0.6103890433608266,0.6124664176869716,-0.002077374326145076
d3,o_min,m055519_o_min_ord11_rk00005,0.5874544161543303,0.6124664176869716,-0.02501200153264138
d3,o_min,m055520_o_min_ord11_rk00006,0.6201426226655973,0.6124664176869716,0.007676204978625645
d3,o_min,m055521_o_min_ord11_rk00007,0.5915391552597465,0.6124664176869716,-0.02092726242722509
d3,o_min,m055522_o_min_ord11_rk00008,0.5894533157493078,0.6124664176869716,-0.023013101937663816
d3,o_min,m055523_o_min_ord11_rk00009,0.6007778993164649,0.6124664176869716,-0.011688518370506773
d3,o_min,m055524_o_min_ord11_rk00010,0.599806456573661,0.6124664176869716,-0.01265996111331058
d3,o_min,m055525_o_min_ord11_rk00011,0.5974783285302316,0.6124664176869716,-0.014988089156739992
d3,o_min,m055526_o_min_ord11_rk00012,0.6152516113217904,0.6124664176869716,0.0027851936348187722
d3,o_min,m055527_o_min_ord11_rk00013,0.613954013499704,0.6124664176869716,0.0014875958127323896
d3,o_min,m055528_o_min_ord11_rk00014,0.5935539662073419,0.6124664176869716,-0.01891245147962972
d3,o_min,m055529_o_min_ord11_rk00015,0.6000386282290475,0.6124664176869716,-0.01242778945792411
d3,o_min,m055530_o_min_ord11_rk00016,0.616395540461893,0.6124664176869716,0.003929122774921412
d3,o_min,m055531_o_min_ord11_rk00017,0.5966159673336462,0.6124664176869716,-0.01585045035332544
d3,o_min,m055532_o_min_ord11_rk00018,0.5956243216082561,0.6124664176869716,-0.016842096078715563
d3,o_min,m055533_o_min_ord11_rk00019,0.5997442822904472,0.6124664176869716,-0.012722135396524448
d3,o_min,m055534_o_min_ord11_rk00020,0.612592846627696,0.6124664176869716,0.00012642894072434352
d3,o_min,m056515_o_min_ord12_rk00001,0.581529351629149,0.6124664176869716,-0.03093706605782265
d3,o_min,m056516_o_min_ord12_rk00002,0.6196897237466603,0.6124664176869716,0.007223306059688683
d3,o_min,m056517_o_min_ord12_rk00003,0.5870699463728561,0.6124664176869716,-0.025396471314115487
d3,o_min,m056518_o_min_ord12_rk00004,0.5939487531235388,0.6124664176869716,-0.018517664563432845
d3,o_min,m056519_o_min_ord12_rk00005,0.6124500786139309,0.6124664176869716,-1.633907304077198e-05
d3,o_min,m056520_o_min_ord12_rk00006,0.589870074902259,0.6124664176869716,-0.022596342784712675
d3,o_min,m056521_o_min_ord12_rk00007,0.5830609807129866,0.6124664176869716,-0.02940543697398501
d3,o_min,m056522_o_min_ord12_rk00008,0.5764322576401164,0.6124664176869716,-0.036034160046855224
d3,o_min,m056523_o_min_ord12_rk00009,0.6055723204516509,0.6124664176869716,-0.006894097235320751
d3,o_min,m056524_o_min_ord12_rk00010,0.5965773523085692,0.6124664176869716,-0.0158890653784024
d3,o_min,m056525_o_min_ord12_rk00011,0.5968031065318387,0.6124664176869716,-0.015663311155132975
d3,o_min,m056526_o_min_ord12_rk00012,0.5926926942744164,0.6124664176869716,-0.019773723412555233
d3,o_min,m056527_o_min_ord12_rk00013,0.6076036224312646,0.6124664176869716,-0.0048627952557069865
d3,o_min,m056528_o_min_ord12_rk00014,0.5913456924822691,0.6124664176869716,-0.02112072520470254
d3,o_min,m056529_o_min_ord12_rk00015,0.6018631063285371,0.6124664176869716,-0.010603311358434508
d3,o_min,m056530_o_min_ord12_rk00016,0.598138350560764,0.6124664176869716,-0.0143280671262076
d3,o_min,m056531_o_min_ord12_rk00017,0.6248237872917373,0.6124664176869716,0.012357369604765633
d3,o_min,m056532_o_min_ord12_rk00018,0.5962085328517985,0.6124664176869716,-0.016257884835173098
d3,o_min,m056533_o_min_ord12_rk00019,0.5909651446059896,0.6124664176869716,-0.021501273080982042
d3,o_min,m056534_o_min_ord12_rk00020,0.6173430162040875,0.6124664176869716,0.00487659851711586
d3,o_min,m057515_o_min_ord13_rk00001,0.6028285110411202,0.6124664176869716,-0.009637906645851402
d3,o_min,m057516_o_min_ord13_rk00002,0.5991733830545335,0.6124664176869716,-0.013293034632438139
d3,o_min,m057517_o_min_ord13_rk00003,0.6101256295325528,0.6124664176869716,-0.002340788154418849
d3,o_min,m057518_o_min_ord13_rk00004,0.5947466436048373,0.6124664176869716,-0.01771977408213432
d3,o_min,m057519_o_min_ord13_rk00005,0.6054677546110377,0.6124664176869716,-0.006998663075933886
d3,o_min,m057520_o_min_ord13_rk00006,0.5914035450609274,0.6124664176869716,-0.021062872626044227
d3,o_min,m057521_o_min_ord13_rk00007,0.611709717924729,0.6124664176869716,-0.0007566997622426852
d3,o_min,m057522_o_min_ord13_rk00008,0.6240815844605228,0.6124664176869716,0.011615166773551122
d3,o_min,m057523_o_min_ord13_rk00009,0.6053076681539022,0.6124664176869716,-0.007158749533069386
d3,o_min,m057524_o_min_ord13_rk00010,0.6046545446180619,0.6124664176869716,-0.007811873068909736
d3,o_min,m057525_o_min_ord13_rk00011,0.5986822448892472,0.6124664176869716,-0.013784172797724481
d3,o_min,m057526_o_min_ord13_rk00012,0.6171984549416052,0.6124664176869716,0.004732037254633559
d3,o_min,m057527_o_min_ord13_rk00013,0.6038247668622527,0.6124664176869716,-0.008641650824718905
d3,o_min,m057528_o_min_ord13_rk00014,0.6001978918888056,0.6124664176869716,-0.012268525798166063
d3,o_min,m057529_o_min_ord13_rk00015,0.5962327067259436,0.6124664176869716,-0.01623371096102799
d3,o_min,m057530_o_min_ord13_rk00016,0.592351506166982,0.6124664176869716,-0.020114911519989676
d3,o_min,m057531_o_min_ord13_rk00017,0.6216627195855986,0.6124664176869716,0.009196301898626968
d3,o_min,m057532_o_min_ord13_rk00018,0.6053655930901343,0.6124664176869716,-0.007100824596837363
d3,o_min,m057533_o_min_ord13_rk00019,0.6202024008408606,0.6124664176869716,0.0077359831538890145
d3,o_min,m057534_o_min_ord13_rk00020,0.6160404624500768,0.6124664176869716,0.0035740447631051886
d3,o_min,m058515_o_min_ord14_rk00001,0.5881026637712217,0.6124664176869716,-0.024363753915749964
d3,o_min,m058516_o_min_ord14_rk00002,0.5891524713646972,0.6124664176869716,-0.02331394632227446
d3,o_min,m058517_o_min_ord14_rk00003,0.5898824277033728,0.6124664176869716,-0.022583989983598785
d3,o_min,m058518_o_min_ord14_rk00004,0.5937684254022598,0.6124664176869716,-0.018697992284711806
d3,o_min,m058519_o_min_ord14_rk00005,0.5895844673646642,0.6124664176869716,-0.022881950322307443
d3,o_min,m058520_o_min_ord14_rk00006,0.6237186511253634,0.6124664176869716,0.011252233438391768
d3,o_min,m058521_o_min_ord14_rk00007,0.6173711209754835,0.6124664176869716,0.004904703288511891
d3,o_min,m058522_o_min_ord14_rk00008,0.5926730889132101,0.6124664176869716,-0.019793328773761498
d3,o_min,m058523_o_min_ord14_rk00009,0.6007911632400732,0.6124664176869716,-0.011675254446898431
d3,o_min,m058524_o_min_ord14_rk00010,0.607879173902739,0.6124664176869716,-0.004587243784232586
d3,o_min,m058525_o_min_ord14_rk00011,0.6041058168960873,0.6124664176869716,-0.008360600790884298
d3,o_min,m058526_o_min_ord14_rk00012,0.5932438547497854,0.6124664176869716,-0.01922256293718627
d3,o_min,m058527_o_min_ord14_rk00013,0.6150201195087256,0.6124664176869716,0.002553701821753962
d3,o_min,m058528_o_min_ord14_rk00014,0.6108706124628235,0.6124664176869716,-0.0015958052241481502
d3,o_min,m058529_o_min_ord14_rk00015,0.6075801413207891,0.6124664176869716,-0.0048862763661825515
d3,o_min,m058530_o_min_ord14_rk00016,0.6189497114401703,0.6124664176869716,0.006483293753198671
d3,o_min,m058531_o_min_ord14_rk00017,0.5984128917715981,0.6124664176869716,-0.014053525915373566
d3,o_min,m058532_o_min_ord14_rk00018,0.6206898565101181,0.6124664176869716,0.008223438823146467
d3,o_min,m058533_o_min_ord14_rk00019,0.6001491410827593,0.6124664176869716,-0.012317276604212335
d3,o_min,m058534_o_min_ord14_rk00020,0.6063518212619661,0.6124664176869716,-0.0061145964250055584
d3,o_min,m059515_o_min_ord15_rk00001,0.5714021863404531,0.6124664176869716,-0.04106423134651849
d3,o_min,m059516_o_min_ord15_rk00002,0.6142045169103165,0.6124664176869716,0.001738099223344891
d3,o_min,m059517_o_min_ord15_rk00003,0.5770021426253974,0.6124664176869716,-0.035464275061574235
d3,o_min,m059518_o_min_ord15_rk00004,0.6142661844143359,0.6124664176869716,0.0017997667273642604
d3,o_min,m059519_o_min_ord15_rk00005,0.5737303366453016,0.6124664176869716,-0.038736081041670034
d3,o_min,m059520_o_min_ord15_rk00006,0.5870376425468137,0.6124664176869716,-0.025428775140157955
d3,o_min,m059521_o_min_ord15_rk00007,0.5987448482938763,0.6124664176869716,-0.013721569393095323
d3,o_min,m059522_o_min_ord15_rk00008,0.616578898290757,0.6124664176869716,0.004112480603785329
d3,o_min,m059523_o_min_ord15_rk00009,0.6182556153491978,0.6124664176869716,0.0057891976622261865
d3,o_min,m059524_o_min_ord15_rk00010,0.5754904101653096,0.6124664176869716,-0.03697600752166208
d3,o_min,m059525_o_min_ord15_rk00011,0.5891856359279048,0.6124664176869716,-0.023280781759066782
d3,o_min,m059526_o_min_ord15_rk00012,0.6045430996077277,0.6124664176869716,-0.007923318079243957
d3,o_min,m059527_o_min_ord15_rk00013,0.6047851284392841,0.6124664176869716,-0.007681289247687517
d3,o_min,m059528_o_min_ord15_rk00014,0.6020708697193613,0.6124664176869716,-0.01039554796761033
d3,o_min,m059529_o_min_ord15_rk00015,0.5867088135954908,0.6124664176869716,-0.025757604091480868
d3,o_min,m059530_o_min_ord15_rk00016,0.5883826834068178,0.6124664176869716,-0.024083734280153868
d3,o_min,m059531_o_min_ord15_rk00017,0.5812330438109212,0.6124664176869716,-0.031233373876050408
d3,o_min,m059532_o_min_ord15_rk00018,0.6039071054699413,0.6124664176869716,-0.008559312217030324
d3,o_min,m059533_o_min_ord15_rk00019,0.5777262669984602,0.6124664176869716,-0.03474015068851144
d3,o_min,m059534_o_min_ord15_rk00020,0.599105447163716,0.6124664176869716,-0.013360970523255578
d3,o_min,m060515_o_min_ord16_rk00001,0.6143497309612594,0.6124664176869716,0.0018833132742878123
d3,o_min,m060516_o_min_ord16_rk00002,0.619007083984448,0.6124664176869716,0.006540666297476405
d3,o_min,m060517_o_min_ord16_rk00003,0.6183430330050239,0.6124664176869716,0.005876615318052281
d3,o_min,m060518_o_min_ord16_rk00004,0.6177063448136098,0.6124664176869716,0.005239927126638122
d3,o_min,m060519_o_min_ord16_rk00005,0.6076482215415946,0.6124664176869716,-0.0048181961453770406
d3,o_min,m060520_o_min_ord16_rk00006,0.5718206610376392,0.6124664176869716,-0.040645756649332454
d3,o_min,m060521_o_min_ord16_rk00007,0.6113335234406974,0.6124664176869716,-0.0011328942462742742
d3,o_min,m060522_o_min_ord16_rk00008,0.6059202946575861,0.6124664176869716,-0.006546123029385509
d3,o_min,m060523_o_min_ord16_rk00009,0.5905110014769037,0.6124664176869716,-0.021955416210067913
d3,o_min,m060524_o_min_ord16_rk00010,0.6126263894356287,0.6124664176869716,0.00015997174865711727
d3,o_min,m060525_o_min_ord16_rk00011,0.5917875118193766,0.6124664176869716,-0.02067890586759502
d3,o_min,m060526_o_min_ord16_rk00012,0.5894121517612387,0.6124664176869716,-0.023054265925732897
d3,o_min,m060527_o_min_ord16_rk00013,0.608224308977813,0.6124664176869716,-0.004242108709158643
d3,o_min,m060528_o_min_ord16_rk00014,0.5671211475038269,0.6124664176869716,-0.045345270183144715
d3,o_min,m060529_o_min_ord16_rk00015,0.6000094455144204,0.6124664176869716,-0.012456972172551262
d3,o_min,m060530_o_min_ord16_rk00016,0.6117466616506777,0.6124664176869716,-0.0007197560362939281
d3,o_min,m060531_o_min_ord16_rk00017,0.6050388663788481,0.6124664176869716,-0.007427551308123559
d3,o_min,m060532_o_min_ord16_rk00018,0.5765907091507974,0.6124664176869716,-0.03587570853617428
d3,o_min,m060533_o_min_ord16_rk00019,0.5772982152006086,0.6124664176869716,-0.03516820248636299
d3,o_min,m060534_o_min_ord16_rk00020,0.5977773953416592,0.6124664176869716,-0.014689022345312441
d3,o_min,m061515_o_min_ord17_rk00001,0.6062477833204148,0.6124664176869716,-0.006218634366556786
d3,o_min,m061516_o_min_ord17_rk00002,0.590814312874189,0.6124664176869716,-0.02165210481278268
d3,o_min,m061517_o_min_ord17_rk00003,0.6004112637349126,0.6124664176869716,-0.012055153952059028
d3,o_min,m061518_o_min_ord17_rk00004,0.607985975950601,0.6124664176869716,-0.004480441736370633
d3,o_min,m061519_o_min_ord17_rk00005,0.6038227344890723,0.6124664176869716,-0.008643683197899321
d3,o_min,m061520_o_min_ord17_rk00006,0.5748894504030886,0.6124664176869716,-0.037576967283883045
d3,o_min,m061521_o_min_ord17_rk00007,0.5863130994829686,0.6124664176869716,-0.026153318204003018
d3,o_min,m061522_o_min_ord17_rk00008,0.6084282908206224,0.6124664176869716,-0.00403812686634919
d3,o_min,m061523_o_min_ord17_rk00009,0.5874164259524521,0.6124664176869716,-0.025049991734519494
d3,o_min,m061524_o_min_ord17_rk00010,0.5876565388134486,0.6124664176869716,-0.02480987887352304
d3,o_min,m061525_o_min_ord17_rk00011,0.5870667837132799,0.6124664176869716,-0.025399633973691715
d3,o_min,m061526_o_min_ord17_rk00012,0.593020891515944,0.6124664176869716,-0.019445526171027683
d3,o_min,m061527_o_min_ord17_rk00013,0.6057947243770252,0.6124664176869716,-0.006671693309946436
d3,o_min,m061528_o_min_ord17_rk00014,0.6131110234305179,0.6124664176869716,0.0006446057435463004
d3,o_min,m061529_o_min_ord17_rk00015,0.5817731752551554,0.6124664176869716,-0.03069324243181626
d3,o_min,m061530_o_min_ord17_rk00016,0.604789151560887,0.6124664176869716,-0.007677266126084659
d3,o_min,m061531_o_min_ord17_rk00017,0.6074548642970179,0.6124664176869716,-0.005011553389953738
d3,o_min,m061532_o_min_ord17_rk00018,0.6089393801231585,0.6124664176869716,-0.003527037563813118
d3,o_min,m061533_o_min_ord17_rk00019,0.5801229603777375,0.6124664176869716,-0.03234345730923416
d3,o_min,m061534_o_min_ord17_rk00020,0.6024441202336774,0.6124664176869716,-0.010022297453294193
d3,o_min,m062515_o_min_ord18_rk00001,0.569958452148966,0.6124664176869716,-0.04250796553800562
d3,o_min,m062516_o_min_ord18_rk00002,0.6070937453993416,0.6124664176869716,-0.005372672287630054
d3,o_min,m062517_o_min_ord18_rk00003,0.6089361232028512,0.6124664176869716,-0.0035302944841204553
d3,o_min,m062518_o_min_ord18_rk00004,0.6070457206260154,0.6124664176869716,-0.00542069706095627
d3,o_min,m062519_o_min_ord18_rk00005,0.6088181961459951,0.6124664176869716,-0.0036482215409765484
d3,o_min,m062520_o_min_ord18_rk00006,0.6099987995026179,0.6124664176869716,-0.0024676181843537037
d3,o_min,m062521_o_min_ord18_rk00007,0.5947775781231882,0.6124664176869716,-0.01768883956378342
d3,o_min,m062522_o_min_ord18_rk00008,0.5979011541137973,0.6124664176869716,-0.014565263573174336
d3,o_min,m062523_o_min_ord18_rk00009,0.6038360902581679,0.6124664176869716,-0.008630327428803763
d3,o_min,m062524_o_min_ord18_rk00010,0.6005914129745926,0.6124664176869716,-0.011875004712379011
d3,o_min,m062525_o_min_ord18_rk00011,0.5934667422480879,0.6124664176869716,-0.0189996754388837
d3,o_min,m062526_o_min_ord18_rk00012,0.5941752996667518,0.6124664176869716,-0.018291118020219876
d3,o_min,m062527_o_min_ord18_rk00013,0.606564717785472,0.6124664176869716,-0.00590169990149958
d3,o_min,m062528_o_min_ord18_rk00014,0.6060653132720184,0.6124664176869716,-0.006401104414953229
d3,o_min,m062529_o_min_ord18_rk00015,0.575994876624355,0.6124664176869716,-0.03647154106261663
d3,o_min,m062530_o_min_ord18_rk00016,0.5927383747284196,0.6124664176869716,-0.019728042958552017
d3,o_min,m062531_o_min_ord18_rk00017,0.5842017694965793,0.6124664176869716,-0.028264648190392316
d3,o_min,m062532_o_min_ord18_rk00018,0.5756338858723027,0.6124664176869716,-0.036832531814668945
d3,o_min,m062533_o_min_ord18_rk00019,0.5841207830050217,0.6124664176869716,-0.02834563468194995
d3,o_min,m062534_o_min_ord18_rk00020,0.6069166064720914,0.6124664176869716,-0.005549811214880185
d3,o_min,m063515_o_min_ord19_rk00001,0.6114243308048053,0.6124664176869716,-0.0010420868821663376
d3,o_min,m063516_o_min_ord19_rk00002,0.5964185986067061,0.6124664176869716,-0.016047819080265535
d3,o_min,m063517_o_min_ord19_rk00003,0.5761304882806719,0.6124664176869716,-0.036335929406299705
d3,o_min,m063518_o_min_ord19_rk00004,0.599059832312751,0.6124664176869716,-0.01340658537422068
d3,o_min,m063519_o_min_ord19_rk00005,0.6019620096020528,0.6124664176869716,-0.010504408084918815
d3,o_min,m063520_o_min_ord19_rk00006,0.606821166459519,0.6124664176869716,-0.00564525122745263
d3,o_min,m063521_o_min_ord19_rk00007,0.6105233308329736,0.6124664176869716,-0.0019430868539980217
d3,o_min,m063522_o_min_ord19_rk00008,0.6132247377209994,0.6124664176869716,0.0007583200340277596
d3,o_min,m063523_o_min_ord19_rk00009,0.6094074024045821,0.6124664176869716,-0.003059015282389499
d3,o_min,m063524_o_min_ord19_rk00010,0.6124721613409738,0.6124664176869716,5.7436540021882365e-06
d3,o_min,m063525_o_min_ord19_rk00011,0.5900577308752865,0.6124664176869716,-0.022408686811685175
d3,o_min,m063526_o_min_ord19_rk00012,0.61480750666113,0.6124664176869716,0.0023410889741584118
d3,o_min,m063527_o_min_ord19_rk00013,0.6107782035276266,0.6124664176869716,-0.0016882141593450584
d3,o_min,m063528_o_min_ord19_rk00014,0.600066092598283,0.6124664176869716,-0.012400325088688602
d3,o_min,m063529_o_min_ord19_rk00015,0.5947881566869898,0.6124664176869716,-0.01767826099998182
d3,o_min,m063530_o_min_ord19_rk00016,0.5928231987024544,0.6124664176869716,-0.019643218984517263
d3,o_min,m063531_o_min_ord19_rk00017,0.5842378086805939,0.6124664176869716,-0.028228609006377692
d3,o_min,m063532_o_min_ord19_rk00018,0.603903741383885,0.6124664176869716,-0.008562676303086603
d3,o_min,m063533_o_min_ord19_rk00019,0.6095320426038076,0.6124664176869716,-0.002934375083164076
d3,o_min,m063534_o_min_ord19_rk00020,0.615559692547909,0.6124664176869716,0.003093274860937356
d3,o_min,m064515_o_min_ord20_rk00001,0.5962261748940804,0.6124664176869716,-0.01624024279289127
d3,o_min,m064516_o_min_ord20_rk00002,0.5992249306146551,0.6124664176869716,-0.013241487072316538
d3,o_min,m064517_o_min_ord20_rk00003,0.5995737115687145,0.6124664176869716,-0.012892706118257102
d3,o_min,m064518_o_min_ord20_rk00004,0.5860056691040005,0.6124664176869716,-0.026460748582971094
d3,o_min,m064519_o_min_ord20_rk00005,0.5966733571257116,0.6124664176869716,-0.015793060561260064
d3,o_min,m064520_o_min_ord20_rk00006,0.5911246916031279,0.6124664176869716,-0.02134172608384377
d3,o_min,m064521_o_min_ord20_rk00007,0.5858746085618738,0.6124664176869716,-0.026591809125097843
d3,o_min,m064522_o_min_ord20_rk00008,0.60376089844674,0.6124664176869716,-0.008705519240231663
d3,o_min,m064523_o_min_ord20_rk00009,0.5818694379564562,0.6124664176869716,-0.03059697973051545
d3,o_min,m064524_o_min_ord20_rk00010,0.5957905516619536,0.6124664176869716,-0.016675866025018027
d3,o_min,m064525_o_min_ord20_rk00011,0.5967875403976072,0.6124664176869716,-0.015678877289364457
d3,o_min,m064526_o_min_ord20_rk00012,0.5854561948793535,0.6124664176869716,-0.02701022280761811
d3,o_min,m064527_o_min_ord20_rk00013,0.5931959891593931,0.6124664176869716,-0.019270428527578543
d3,o_min,m064528_o_min_ord20_rk00014,0.5927372737124385,0.6124664176869716,-0.01972914397453318
d3,o_min,m064529_o_min_ord20_rk00015,0.6118987882688736,0.6124664176869716,-0.0005676294180980701
d3,o_min,m064530_o_min_ord20_rk00016,0.5981554977076406,0.6124664176869716,-0.014310919979330983
d3,o_min,m064531_o_min_ord20_rk00017,0.5904308261636908,0.6124664176869716,-0.02203559152328083
d3,o_min,m064532_o_min_ord20_rk00018,0.6097431018738777,0.6124664176869716,-0.0027233158130939294
d3,o_min,m064533_o_min_ord20_rk00019,0.5965895813974533,0.6124664176869716,-0.015876836289518304
d3,o_min,m064534_o_min_ord20_rk00020,0.6077785505411936,0.6124664176869716,-0.0046878671457780685
d3,o_min,m065515_o_min_ord21_rk00001,0.6055352421135163,0.6124664176869716,-0.00693117557345535
d3,o_min,m065516_o_min_ord21_rk00002,0.6001536517196202,0.6124664176869716,-0.012312765967351424
d3,o_min,m065517_o_min_ord21_rk00003,0.6027917192713775,0.6124664176869716,-0.009674698415594096
d3,o_min,m065518_o_min_ord21_rk00004,0.5945110672529532,0.6124664176869716,-0.017955350434018413
d3,o_min,m065519_o_min_ord21_rk00005,0.6019994573042228,0.6124664176869716,-0.010466960382748858
d3,o_min,m065520_o_min_ord21_rk00006,0.6197081864509866,0.6124664176869716,0.007241768764014944
d3,o_min,m065521_o_min_ord21_rk00007,0.5933904553210475,0.6124664176869716,-0.019075962365924126
d3,o_min,m065522_o_min_ord21_rk00008,0.5999211924579613,0.6124664176869716,-0.01254522522901036
d3,o_min,m065523_o_min_ord21_rk00009,0.6079135782115652,0.6124664176869716,-0.004552839475406412
d3,o_min,m065524_o_min_ord21_rk00010,0.6032679140948077,0.6124664176869716,-0.009198503592163898
d3,o_min,m065525_o_min_ord21_rk00011,0.5993544801154076,0.6124664176869716,-0.013111937571564036
d3,o_min,m065526_o_min_ord21_rk00012,0.5961925523242583,0.6124664176869716,-0.016273865362713358
d3,o_min,m065527_o_min_ord21_rk00013,0.6054410311220608,0.6124664176869716,-0.007025386564910807
d3,o_min,m065528_o_min_ord21_rk00014,0.6092551102054993,0.6124664176869716,-0.0032113074814723586
d3,o_min,m065529_o_min_ord21_rk00015,0.6141379359550834,0.6124664176869716,0.001671518268111738
d3,o_min,m065530_o_min_ord21_rk00016,0.5914292106447241,0.6124664176869716,-0.02103720704224754
d3,o_min,m065531_o_min_ord21_rk00017,0.6161159828520635,0.6124664176869716,0.0036495651650918504
d3,o_min,m065532_o_min_ord21_rk00018,0.5955235885665175,0.6124664176869716,-0.016942829120454084
d3,o_min,m065533_o_min_ord21_rk00019,0.5949836277759525,0.6124664176869716,-0.017482789911019148
d3,o_min,m065534_o_min_ord21_rk00020,0.5995155299019597,0.6124664176869716,-0.012950887785011966
d3,o_min,m066515_o_min_ord22_rk00001,0.6054260058061958,0.6124664176869716,-0.007040411880775865
d3,o_min,m066516_o_min_ord22_rk00002,0.6026107250606981,0.6124664176869716,-0.009855692626273505
d3,o_min,m066517_o_min_ord22_rk00003,0.6089944872911902,0.6124664176869716,-0.0034719303957814196
d3,o_min,m066518_o_min_ord22_rk00004,0.6049064977765117,0.6124664176869716,-0.0075599199104599
d3,o_min,m066519_o_min_ord22_rk00005,0.6100234106983834,0.6124664176869716,-0.0024430069885882366
d3,o_min,m066520_o_min_ord22_rk00006,0.5940466619916973,0.6124664176869716,-0.01841975569527432
d3,o_min,m066521_o_min_ord22_rk00007,0.6127941948841311,0.6124664176869716,0.0003277771971594845
d3,o_min,m066522_o_min_ord22_rk00008,0.603560004245151,0.6124664176869716,-0.008906413441820638
d3,o_min,m066523_o_min_ord22_rk00009,0.6030947933681076,0.6124664176869716,-0.009371624318864069
d3,o_min,m066524_o_min_ord22_rk00010,0.6051158584547336,0.6124664176869716,-0.007350559232238041
d3,o_min,m066525_o_min_ord22_rk00011,0.6004083946285803,0.6124664176869716,-0.01205802305839132
d3,o_min,m066526_o_min_ord22_rk00012,0.5932282789506098,0.6124664176869716,-0.01923813873636182
d3,o_min,m066527_o_min_ord22_rk00013,0.5966190010969272,0.6124664176869716,-0.015847416590044405
d3,o_min,m066528_o_min_ord22_rk00014,0.5940264696136104,0.6124664176869716,-0.018439948073361245
d3,o_min,m066529_o_min_ord22_rk00015,0.6004149626938031,0.6124664176869716,-0.012051454993168509
d3,o_min,m066530_o_min_ord22_rk00016,0.5939542680044954,0.6124664176869716,-0.018512149682476275
d3,o_min,m066531_o_min_ord22_rk00017,0.6080907961740774,0.6124664176869716,-0.004375621512894279
d3,o_min,m066532_o_min_ord22_rk00018,0.6123748054588819,0.6124664176869716,-9.161222808973246e-05
d3,o_min,m066533_o_min_ord22_rk00019,0.5978603239904834,0.6124664176869716,-0.014606093696488243
d3,o_min,m066534_o_min_ord22_rk00020,0.5900238289245614,0.6124664176869716,-0.02244258876241023
d3,o_min,m067515_o_min_ord23_rk00001,0.604752591158926,0.6124664176869716,-0.007713826528045642
d3,o_min,m067516_o_min_ord23_rk00002,0.6030407085502963,0.6124664176869716,-0.009425709136675287
d3,o_min,m067517_o_min_ord23_rk00003,0.6060939907542752,0.6124664176869716,-0.006372426932696462
d3,o_min,m067518_o_min_ord23_rk00004,0.6045676396660965,0.6124664176869716,-0.00789877802087513
d3,o_min,m067519_o_min_ord23_rk00005,0.5889516920366485,0.6124664176869716,-0.023514725650323087
d3,o_min,m067520_o_min_ord23_rk00006,0.6121174676403255,0.6124664176869716,-0.00034895004664614593
d3,o_min,m067521_o_min_ord23_rk00007,0.6016957294844557,0.6124664176869716,-0.010770688202515921
d3,o_min,m067522_o_min_ord23_rk00008,0.5944015049633803,0.6124664176869716,-0.018064912723591342
d3,o_min,m067523_o_min_ord23_rk00009,0.5948801446853846,0.6124664176869716,-0.017586273001586994
d3,o_min,m067524_o_min_ord23_rk00010,0.6145533785239713,0.6124664176869716,0.002086960836999663
d3,o_min,m067525_o_min_ord23_rk00011,0.5908271331356425,0.6124664176869716,-0.02163928455132913
d3,o_min,m067526_o_min_ord23_rk00012,0.6046102304696579,0.6124664176869716,-0.007856187217313737
d3,o_min,m067527_o_min_ord23_rk00013,0.5921977625695523,0.6124664176869716,-0.020268655117419376
d3,o_min,m067528_o_min_ord23_rk00014,0.6036606450789552,0.6124664176869716,-0.008805772608016404
d3,o_min,m067529_o_min_ord23_rk00015,0.5944903324678216,0.6124664176869716,-0.017976085219150062
d3,o_min,m067530_o_min_ord23_rk00016,0.5998707924737468,0.6124664176869716,-0.012595625213224881
d3,o_min,m067531_o_min_ord23_rk00017,0.6007995429342509,0.6124664176869716,-0.011666874752720768
d3,o_min,m067532_o_min_ord23_rk00018,0.5948786377984479,0.6124664176869716,-0.01758777988852378
d3,o_min,m067533_o_min_ord23_rk00019,0.6055564153038234,0.6124664176869716,-0.006910002383148206
d3,o_min,m067534_o_min_ord23_rk00020,0.6042661015570139,0.6124664176869716,-0.008200316129957752
d3,o_min,m068515_o_min_ord24_rk00001,0.5947349656163073,0.6124664176869716,-0.01773145207066429
d3,o_min,m068516_o_min_ord24_rk00002,0.5936866869859467,0.6124664176869716,-0.0187797307010249
d3,o_min,m068517_o_min_ord24_rk00003,0.5947711186438772,0.6124664176869716,-0.017695299043094415
d3,o_min,m068518_o_min_ord24_rk00004,0.597032760843146,0.6124664176869716,-0.015433656843825583
d3,o_min,m068519_o_min_ord24_rk00005,0.5958075751265701,0.6124664176869716,-0.01665884256040151
d3,o_min,m068520_o_min_ord24_rk00006,0.5998917493610234,0.6124664176869716,-0.012574668325948224
d3,o_min,m068521_o_min_ord24_rk00007,0.60271106505342,0.6124664176869716,-0.00975535263355165
d3,o_min,m068522_o_min_ord24_rk00008,0.5908365114081376,0.6124664176869716,-0.021629906278833988
d3,o_min,m068523_o_min_ord24_rk00009,0.5964998257734218,0.6124664176869716,-0.015966591913549877
d3,o_min,m068524_o_min_ord24_rk00010,0.6010532697938674,0.6124664176869716,-0.011413147893104214
d3,o_min,m068525_o_min_ord24_rk00011,0.5938715303443245,0.6124664176869716,-0.018594887342647137
d3,o_min,m068526_o_min_ord24_rk00012,0.5893685021323123,0.6124664176869716,-0.023097915554659343
d3,o_min,m068527_o_min_ord24_rk00013,0.5982269339987252,0.6124664176869716,-0.014239483688246457
d3,o_min,m068528_o_min_ord24_rk00014,0.5881266835329578,0.6124664176869716,-0.024339734154013803
d3,o_min,m068529_o_min_ord24_rk00015,0.5826558157434378,0.6124664176869716,-0.0298106019435338
d3,o_min,m068530_o_min_ord24_rk00016,0.6005871718943954,0.6124664176869716,-0.011879245792576265
d3,o_min,m068531_o_min_ord24_rk00017,0.6062348561080229,0.6124664176869716,-0.006231561578948774
d3,o_min,m068532_o_min_ord24_rk00018,0.6136401453869763,0.6124664176869716,0.0011737277000046786
d3,o_min,m068533_o_min_ord24_rk00019,0.5958956072535075,0.6124664176869716,-0.01657081043346409
d3,o_min,m068534_o_min_ord24_rk00020,0.5983954196471936,0.6124664176869716,-0.014070998039778071
d3,o_min,m069515_o_min_ord25_rk00001,0.5872780268047014,0.6124664176869716,-0.025188390882270206
d3,o_min,m069516_o_min_ord25_rk00002,0.5928186349949776,0.6124664176869716,-0.019647782691994076
d3,o_min,m069517_o_min_ord25_rk00003,0.5933861988031606,0.6124664176869716,-0.019080218883811062
d3,o_min,m069518_o_min_ord25_rk00004,0.5915152253797604,0.6124664176869716,-0.02095119230721121
d3,o_min,m069519_o_min_ord25_rk00005,0.5999705021069173,0.6124664176869716,-0.012495915580054362
d3,o_min,m069520_o_min_ord25_rk00006,0.6020701616081258,0.6124664176869716,-0.010396256078845867
d3,o_min,m069521_o_min_ord25_rk00007,0.5941679484256437,0.6124664176869716,-0.018298469261327943
d3,o_min,m069522_o_min_ord25_rk00008,0.5926835032595726,0.6124664176869716,-0.01978291442739899
d3,o_min,m069523_o_min_ord25_rk00009,0.5813395133799844,0.6124664176869716,-0.03112690430698728
d3,o_min,m069524_o_min_ord25_rk00010,0.5988754836507091,0.6124664176869716,-0.013590934036262547
d3,o_min,m069525_o_min_ord25_rk00011,0.5899604089859622,0.6124664176869716,-0.022506008701009383
d3,o_min,m069526_o_min_ord25_rk00012,0.5944335211329904,0.6124664176869716,-0.018032896553981215
d3,o_min,m069527_o_min_ord25_rk00013,0.5868193957444523,0.6124664176869716,-0.025647021942519332
d3,o_min,m069528_o_min_ord25_rk00014,0.6061476688092365,0.6124664176869716,-0.006318748877735092
d3,o_min,m069529_o_min_ord25_rk00015,0.5949454580213199,0.6124664176869716,-0.017520959665651703
d3,o_min,m069530_o_min_ord25_rk00016,0.578602328202049,0.6124664176869716,-0.03386408948492259
d3,o_min,m069531_o_min_ord25_rk00017,0.5951868952578886,0.6124664176869716,-0.01727952242908304
d3,o_min,m069532_o_min_ord25_rk00018,0.5978623033658312,0.6124664176869716,-0.014604114321140393
d3,o_min,m069533_o_min_ord25_rk00019,0.5988359000382042,0.6124664176869716,-0.013630517648767437
d3,o_min,m069534_o_min_ord25_rk00020,0.5910924335257677,0.6124664176869716,-0.02137398416120395
d3,o_min,m070515_o_min_ord26_rk00001,0.6035281293485911,0.6124664176869716,-0.008938288338380507
d3,o_min,m070516_o_min_ord26_rk00002,0.5943359133294642,0.6124664176869716,-0.018130504357507404
d3,o_min,m070517_o_min_ord26_rk00003,0.6008680048216624,0.6124664176869716,-0.011598412865309271
d3,o_min,m070518_o_min_ord26_rk00004,0.599662947345181,0.6124664176869716,-0.012803470341790635
d3,o_min,m070519_o_min_ord26_rk00005,0.5944228199783208,0.6124664176869716,-0.018043597708650827
d3,o_min,m070520_o_min_ord26_rk00006,0.6052608636223923,0.6124664176869716,-0.007205554064579345
d3,o_min,m070521_o_min_ord26_rk00007,0.6019070643266863,0.6124664176869716,-0.01055935336028535
d3,o_min,m070522_o_min_ord26_rk00008,0.5948727051145164,0.6124664176869716,-0.017593712572455233
d3,o_min,m070523_o_min_ord26_rk00009,0.6051893283898162,0.6124664176869716,-0.007277089297155426
d3,o_min,m070524_o_min_ord26_rk00010,0.6044835456702761,0.6124664176869716,-0.007982872016695564
d3,o_min,m070525_o_min_ord26_rk00011,0.5890512556853362,0.6124664176869716,-0.023415162001635403
d3,o_min,m070526_o_min_ord26_rk00012,0.5929578797364148,0.6124664176869716,-0.019508537950556848
d3,o_min,m070527_o_min_ord26_rk00013,0.5951110200064278,0.6124664176869716,-0.017355397680543838
d3,o_min,m070528_o_min_ord26_rk00014,0.6030603727152479,0.6124664176869716,-0.009406044971723704
d3,o_min,m070529_o_min_ord26_rk00015,0.6033442954142509,0.6124664176869716,-0.00912212227272069
d3,o_min,m070530_o_min_ord26_rk00016,0.5917179108895179,0.6124664176869716,-0.02074850679745377
d3,o_min,m070531_o_min_ord26_rk00017,0.595237821250409,0.6124664176869716,-0.017228596436562604
d3,o_min,m070532_o_min_ord26_rk00018,0.593727264606843,0.6124664176869716,-0.018739153080128634
d3,o_min,m070533_o_min_ord26_rk00019,0.6074180171895706,0.6124664176869716,-0.005048400497401073
d3,o_min,m070534_o_min_ord26_rk00020,0.6001673782614518,0.6124664176869716,-0.012299039425519798
d3,o_min,m071515_o_min_ord27_rk00001,0.6039882458486712,0.6124664176869716,-0.008478171838300463
d3,o_min,m071516_o_min_ord27_rk00002,0.6001089189441868,0.6124664176869716,-0.0123574987427848
d3,o_min,m071517_o_min_ord27_rk00003,0.5991025597503885,0.6124664176869716,-0.013363857936583123
d3,o_min,m071518_o_min_ord27_rk00004,0.6042582795232129,0.6124664176869716,-0.00820813816375876
d3,o_min,m071519_o_min_ord27_rk00005,0.6011353905672231,0.6124664176869716,-0.011331027119748538
d3,o_min,m071520_o_min_ord27_rk00006,0.6019051491608416,0.6124664176869716,-0.010561268526130041
d3,o_min,m071521_o_min_ord27_rk00007,0.5794309829216674,0.6124664176869716,-0.03303543476530424
d3,o_min,m071522_o_min_ord27_rk00008,0.5939852451815055,0.6124664176869716,-0.018481172505466104
d3,o_min,m071523_o_min_ord27_rk00009,0.5856339669094583,0.6124664176869716,-0.026832450777513284
d3,o_min,m071524_o_min_ord27_rk00010,0.596136507548072,0.6124664176869716,-0.016329910138899617
d3,o_min,m071525_o_min_ord27_rk00011,0.6003218112249473,0.6124664176869716,-0.01214460646202431
d3,o_min,m071526_o_min_ord27_rk00012,0.598380997676558,0.6124664176869716,-0.014085420010413685
d3,o_min,m071527_o_min_ord27_rk00013,0.6054155018935983,0.6124664176869716,-0.007050915793373358
d3,o_min,m071528_o_min_ord27_rk00014,0.6037052477023375,0.6124664176869716,-0.008761169984634165
d3,o_min,m071529_o_min_ord27_rk00015,0.5989806912145439,0.6124664176869716,-0.01348572647242774
d3,o_min,m071530_o_min_ord27_rk00016,0.5934399895719501,0.6124664176869716,-0.019026428115021532
d3,o_min,m071531_o_min_ord27_rk00017,0.5964606052333195,0.6124664176869716,-0.01600581245365218
d3,o_min,m071532_o_min_ord27_rk00018,0.6098647768028741,0.6124664176869716,-0.0026016408840975336
d3,o_min,m071533_o_min_ord27_rk00019,0.5955186081967441,0.6124664176869716,-0.01694780949022756
d3,o_min,m071534_o_min_ord27_rk00020,0.5999560355290754,0.6124664176869716,-0.012510382157896238
d3,o_min,m072515_o_min_ord28_rk00001,0.5726420107345724,0.6124664176869716,-0.039824406952399194
d3,o_min,m072516_o_min_ord28_rk00002,0.6009432105482557,0.6124664176869716,-0.011523207138715907
d3,o_min,m072517_o_min_ord28_rk00003,0.6005276489324236,0.6124664176869716,-0.011938768754548024
d3,o_min,m072518_o_min_ord28_rk00004,0.5993368620781877,0.6124664176869716,-0.013129555608783927
d3,o_min,m072519_o_min_ord28_rk00005,0.5998197563957601,0.6124664176869716,-0.012646661291211503
d3,o_min,m072520_o_min_ord28_rk00006,0.6061994002666073,0.6124664176869716,-0.006267017420364285
d3,o_min,m072521_o_min_ord28_rk00007,0.5991140873422276,0.6124664176869716,-0.013352330344744034
d3,o_min,m072522_o_min_ord28_rk00008,0.5975492043877224,0.6124664176869716,-0.014917213299249221
d3,o_min,m072523_o_min_ord28_rk00009,0.5959146137058053,0.6124664176869716,-0.01655180398116629
d3,o_min,m072524_o_min_ord28_rk00010,0.6076185472975315,0.6124664176869716,-0.004847870389440123
d3,o_min,m072525_o_min_ord28_rk00011,0.5998782533511737,0.6124664176869716,-0.012588164335797902
d3,o_min,m072526_o_min_ord28_rk00012,0.6089829383324253,0.6124664176869716,-0.0034834793545462928
d3,o_min,m072527_o_min_ord28_rk00013,0.585481378154412,0.6124664176869716,-0.026985039532559596
d3,o_min,m072528_o_min_ord28_rk00014,0.5919689390949363,0.6124664176869716,-0.020497478592035323
d3,o_min,m072529_o_min_ord28_rk00015,0.6024148624043599,0.6124664176869716,-0.010051555282611702
d3,o_min,m072530_o_min_ord28_rk00016,0.5852528795920566,0.6124664176869716,-0.027213538094915002
d3,o_min,m072531_o_min_ord28_rk00017,0.6014679965078695,0.6124664176869716,-0.010998421179102102
d3,o_min,m072532_o_min_ord28_rk00018,0.6048431124364146,0.6124664176869716,-0.007623305250556989
d3,o_min,m072533_o_min_ord28_rk00019,0.5954079028351342,0.6124664176869716,-0.017058514851837403
d3,o_min,m072534_o_min_ord28_rk00020,0.5972839060883206,0.6124664176869716,-0.015182511598651027
d3,o_min,m073515_o_min_ord29_rk00001,0.5819957054234572,0.6124664176869716,-0.030470712263514388
d3,o_min,m073516_o_min_ord29_rk00002,0.5545668949457505,0.6124664176869716,-0.05789952274122112
d3,o_min,m073517_o_min_ord29_rk00003,0.5853727582910071,0.6124664176869716,-0.02709365939596453
d3,o_min,m073518_o_min_ord29_rk00004,0.5847459043461409,0.6124664176869716,-0.0277205133408307
d3,o_min,m073519_o_min_ord29_rk00005,0.5915240707462495,0.6124664176869716,-0.020942346940722167
d3,o_min,m073520_o_min_ord29_rk00006,0.5759452691369578,0.6124664176869716,-0.03652114855001387
d3,o_min,m073521_o_min_ord29_rk00007,0.5767733584078967,0.6124664176869716,-0.03569305927907496
d3,o_min,m073522_o_min_ord29_rk00008,0.579202463650012,0.6124664176869716,-0.033263954036959587
d3,o_min,m073523_o_min_ord29_rk00009,0.5833800785271634,0.6124664176869716,-0.029086339159808183
d3,o_min,m073524_o_min_ord29_rk00010,0.5810859568300519,0.6124664176869716,-0.0313804608569197
d3,o_min,m073525_o_min_ord29_rk00011,0.5798120901990309,0.6124664176869716,-0.032654327487940726
d3,o_min,m073526_o_min_ord29_rk00012,0.5697687891488258,0.6124664176869716,-0.04269762853814585
d3,o_min,m073527_o_min_ord29_rk00013,0.5895607856396603,0.6124664176869716,-0.02290563204731133
d3,o_min,m073528_o_min_ord29_rk00014,0.5798689365070258,0.6124664176869716,-0.032597481179945875
d3,o_min,m073529_o_min_ord29_rk00015,0.5801340667852918,0.6124664176869716,-0.03233235090167985
d3,o_min,m073530_o_min_ord29_rk00016,0.5700635111735937,0.6124664176869716,-0.04240290651337797
d3,o_min,m073531_o_min_ord29_rk00017,0.5890223039914235,0.6124664176869716,-0.023444113695548108
d3,o_min,m073532_o_min_ord29_rk00018,0.5857823255312592,0.6124664176869716,-0.026684092155712436
d3,o_min,m073533_o_min_ord29_rk00019,0.5818729325380705,0.6124664176869716,-0.030593485148901145
d3,o_min,m073534_o_min_ord29_rk00020,0.59205138113353,0.6124664176869716,-0.02041503655344168
d3,o_min,m074515_o_min_ord30_rk00001,0.5870141896695757,0.6124664176869716,-0.025452228017395884
d3,o_min,m074516_o_min_ord30_rk00002,0.5992508654249329,0.6124664176869716,-0.013215552262038743
d3,o_min,m074517_o_min_ord30_rk00003,0.5912645634449943,0.6124664176869716,-0.02120185424197729
d3,o_min,m074518_o_min_ord30_rk00004,0.5855546909454159,0.6124664176869716,-0.02691172674155573
d3,o_min,m074519_o_min_ord30_rk00005,0.5879577425795278,0.6124664176869716,-0.02450867510744381
d3,o_min,m074520_o_min_ord30_rk00006,0.6056011505123701,0.6124664176869716,-0.006865267174601564
d3,o_min,m074521_o_min_ord30_rk00007,0.5926171980419666,0.6124664176869716,-0.01984921964500508
d3,o_min,m074522_o_min_ord30_rk00008,0.6010412463687012,0.6124664176869716,-0.011425171318270477
d3,o_min,m074523_o_min_ord30_rk00009,0.5977695274427426,0.6124664176869716,-0.014696890244229044
d3,o_min,m074524_o_min_ord30_rk00010,0.6078818721536041,0.6124664176869716,-0.004584545533367512
d3,o_min,m074525_o_min_ord30_rk00011,0.5937030942844483,0.6124664176869716,-0.01876332340252329
d3,o_min,m074526_o_min_ord30_rk00012,0.5997724452744901,0.6124664176869716,-0.012693972412481491
d3,o_min,m074527_o_min_ord30_rk00013,0.593584132178278,0.6124664176869716,-0.01888228550869364
d3,o_min,m074528_o_min_ord30_rk00014,0.6014531717379668,0.6124664176869716,-0.01101324594900488
d3,o_min,m074529_o_min_ord30_rk00015,0.585987482375746,0.6124664176869716,-0.026478935311225582
d3,o_min,m074530_o_min_ord30_rk00016,0.5931445759774792,0.6124664176869716,-0.01932184170949247
d3,o_min,m074531_o_min_ord30_rk00017,0.5954729540256054,0.6124664176869716,-0.016993463661366226
d3,o_min,m074532_o_min_ord30_rk00018,0.6001088574596667,0.6124664176869716,-0.012357560227304942
d3,o_min,m074533_o_min_ord30_rk00019,0.5961191704467343,0.6124664176869716,-0.016347247240237284
d3,o_min,m074534_o_min_ord30_rk00020,0.5926448310623602,0.6124664176869716,-0.01982158662461142
