model_level,objective,candidate_id,full_r2,base_r2,delta_r2_vs_base
OLS,o_max,m000000_o_max_ord3_rk00001,0.2727153385048678,0.2662406461567889,0.006474692348078903
OLS,o_max,m000001_o_max_ord3_rk00002,-0.1144220161610563,0.2662406461567889,-0.3806626623178452
OLS,o_max,m000002_o_max_ord3_rk00003,0.2777580125488758,0.2662406461567889,0.011517366392086892
OLS,o_max,m000003_o_max_ord3_rk00004,0.2395059765994085,0.2662406461567889,-0.02673466955738038
OLS,o_max,m000004_o_max_ord3_rk00005,0.240215742092119,0.2662406461567889,-0.026024904064669896
OLS,o_max,m000005_o_max_ord3_rk00006,0.270462112208184,0.2662406461567889,0.0042214660513951174
OLS,o_max,m000006_o_max_ord3_rk00007,0.2359168746890332,0.2662406461567889,-0.030323771467755695
OLS,o_max,m000007_o_max_ord3_rk00008,0.2430502076775351,0.2662406461567889,-0.023190438479253783
OLS,o_max,m000008_o_max_ord3_rk00009,0.2576559614748206,0.2662406461567889,-0.008584684681968269
OLS,o_max,m000009_o_max_ord3_rk00010,0.2803762491898721,0.2662406461567889,0.0141356030330832
OLS,o_max,m000010_o_max_ord3_rk00011,0.2283359955611208,0.2662406461567889,-0.03790465059566808
OLS,o_max,m000011_o_max_ord3_rk00012,0.2728495823274895,0.2662406461567889,0.00660893617070063
OLS,o_max,m000012_o_max_ord3_rk00013,0.2793139283061011,0.2662406461567889,0.013073282149312193
OLS,o_max,m000013_o_max_ord3_rk00014,0.2561668210465526,0.2662406461567889,-0.0100738251102363
OLS,o_max,m000014_o_max_ord3_rk00015,0.2320520033638553,0.2662406461567889,-0.03418864279293357
OLS,o_max,m000015_o_max_ord3_rk00016,0.2535840613290298,0.2662406461567889,-0.01265658482775911
OLS,o_max,m000016_o_max_ord3_rk00017,0.2554474079139823,0.2662406461567889,-0.010793238242806591
OLS,o_max,m000017_o_max_ord3_rk00018,0.2744513647592844,0.2662406461567889,0.008210718602495504
OLS,o_max,m000018_o_max_ord3_rk00019,0.2836240821514375,0.2662406461567889,0.01738343599464859
OLS,o_max,m000019_o_max_ord3_rk00020,0.2498998149835777,0.2662406461567889,-0.016340831173211195
OLS,o_max,m001000_o_max_ord4_rk00001,0.2709618550245182,0.2662406461567889,0.00472120886772931
OLS,o_max,m001001_o_max_ord4_rk00002,0.1970019625747324,0.2662406461567889,-0.06923868358205648
OLS,o_max,m001002_o_max_ord4_rk00003,0.262265256579834,0.2662406461567889,-0.003975389576954869
OLS,o_max,m001003_o_max_ord4_rk00004,0.2543289153822159,0.2662406461567889,-0.01191173077457297
OLS,o_max,m001004_o_max_ord4_rk00005,0.21733446555711,0.2662406461567889,-0.04890618059967888
OLS,o_max,m001005_o_max_ord4_rk00006,0.2371110767749275,0.2662406461567889,-0.029129569381861398
OLS,o_max,m001006_o_max_ord4_rk00007,0.2753081451464525,0.2662406461567889,0.009067498989663636
OLS,o_max,m001007_o_max_ord4_rk00008,-0.0841554719622568,0.2662406461567889,-0.3503961181190457
OLS,o_max,m001008_o_max_ord4_rk00009,0.2596613701194877,0.2662406461567889,-0.006579276037301185
OLS,o_max,m001009_o_max_ord4_rk00010,0.24371529165838,0.2662406461567889,-0.022525354498408895
OLS,o_max,m001010_o_max_ord4_rk00011,0.2418020812501995,0.2662406461567889,-0.024438564906589383
OLS,o_max,m001011_o_max_ord4_rk00012,0.2624702252595968,0.2662406461567889,-0.003770420897192095
OLS,o_max,m001012_o_max_ord4_rk00013,0.2624030161993262,0.2662406461567889,-0.0038376299574626738
OLS,o_max,m001013_o_max_ord4_rk00014,0.2546713969761687,0.2662406461567889,-0.01156924918062019
OLS,o_max,m001014_o_max_ord4_rk00015,0.2682038614600803,0.2662406461567889,0.00196321530329141
OLS,o_max,m001015_o_max_ord4_rk00016,0.2605699932453067,0.2662406461567889,-0.005670652911482166
OLS,o_max,m001016_o_max_ord4_rk00017,0.2323918684950628,0.2662406461567889,-0.03384877766172609
OLS,o_max,m001017_o_max_ord4_rk00018,0.2785398637925665,0.2662406461567889,0.012299217635777626
OLS,o_max,m001018_o_max_ord4_rk00019,0.2655904833618767,0.2662406461567889,-0.0006501627949122013
OLS,o_max,m001019_o_max_ord4_rk00020,-0.0706241994049019,0.2662406461567889,-0.3368648455616908
OLS,o_max,m002000_o_max_ord5_rk00001,0.2105970935581191,0.2662406461567889,-0.05564355259866979
OLS,o_max,m002001_o_max_ord5_rk00002,0.2636549165866125,0.2662406461567889,-0.002585729570176387
OLS,o_max,m002002_o_max_ord5_rk00003,0.2277058842200453,0.2662406461567889,-0.03853476193674357
OLS,o_max,m002003_o_max_ord5_rk00004,0.1987228808804999,0.2662406461567889,-0.06751776527628897
OLS,o_max,m002004_o_max_ord5_rk00005,0.2564967594679604,0.2662406461567889,-0.009743886688828474
OLS,o_max,m002005_o_max_ord5_rk00006,0.2477233068030143,0.2662406461567889,-0.018517339353774587
OLS,o_max,m002006_o_max_ord5_rk00007,0.2644968244210295,0.2662406461567889,-0.0017438217357593766
OLS,o_max,m002007_o_max_ord5_rk00008,0.2492650955442179,0.2662406461567889,-0.016975550612570972
OLS,o_max,m002008_o_max_ord5_rk00009,0.2489750139032788,0.2662406461567889,-0.017265632253510077
OLS,o_max,m002009_o_max_ord5_rk00010,0.2430076410940194,0.2662406461567889,-0.023233005062769485
OLS,o_max,m002010_o_max_ord5_rk00011,0.2493645054764699,0.2662406461567889,-0.01687614068031898
OLS,o_max,m002011_o_max_ord5_rk00012,0.2539751305333184,0.2662406461567889,-0.012265515623470502
OLS,o_max,m002012_o_max_ord5_rk00013,0.2674033537205457,0.2662406461567889,0.001162707563756804
OLS,o_max,m002013_o_max_ord5_rk00014,0.2682919917303292,0.2662406461567889,0.0020513455735403086
OLS,o_max,m002014_o_max_ord5_rk00015,0.2369312656937537,0.2662406461567889,-0.02930938046303519
OLS,o_max,m002015_o_max_ord5_rk00016,0.2169663136345827,0.2662406461567889,-0.04927433252220617
OLS,o_max,m002016_o_max_ord5_rk00017,0.2442777010703186,0.2662406461567889,-0.021962945086470287
OLS,o_max,m002017_o_max_ord5_rk00018,0.1689324181543431,0.2662406461567889,-0.09730822800244579
OLS,o_max,m002018_o_max_ord5_rk00019,0.2181623417439703,0.2662406461567889,-0.04807830441281857
OLS,o_max,m002019_o_max_ord5_rk00020,0.25931327811325,0.2662406461567889,-0.006927368043538884
OLS,o_max,m003000_o_max_ord6_rk00001,0.2078066649095065,0.2662406461567889,-0.058433981247282385
OLS,o_max,m003001_o_max_ord6_rk00002,0.2029012854950702,0.2662406461567889,-0.06333936066171869
OLS,o_max,m003002_o_max_ord6_rk00003,0.2044284422328706,0.2662406461567889,-0.061812203923918285
OLS,o_max,m003003_o_max_ord6_rk00004,0.1807281717274879,0.2662406461567889,-0.08551247442930099
OLS,o_max,m003004_o_max_ord6_rk00005,0.225589751815093,0.2662406461567889,-0.04065089434169589
OLS,o_max,m003005_o_max_ord6_rk00006,0.206291002303467,0.2662406461567889,-0.05994964385332188
OLS,o_max,m003006_o_max_ord6_rk00007,0.246189805988703,0.2662406461567889,-0.020050840168085893
OLS,o_max,m003007_o_max_ord6_rk00008,0.1988442257972411,0.2662406461567889,-0.06739642035954779
OLS,o_max,m003008_o_max_ord6_rk00009,0.262459856786841,0.2662406461567889,-0.0037807893699479123
OLS,o_max,m003009_o_max_ord6_rk00010,0.193044112703,0.2662406461567889,-0.07319653345378888
OLS,o_max,m003010_o_max_ord6_rk00011,0.2368659295472874,0.2662406461567889,-0.029374716609501472
OLS,o_max,m003011_o_max_ord6_rk00012,0.2179335996660423,0.2662406461567889,-0.048307046490746575
OLS,o_max,m003012_o_max_ord6_rk00013,0.1814239188590535,0.2662406461567889,-0.08481672729773537
OLS,o_max,m003013_o_max_ord6_rk00014,0.2306654118968765,0.2662406461567889,-0.03557523425991238
OLS,o_max,m003014_o_max_ord6_rk00015,0.2299932502795822,0.2662406461567889,-0.036247395877206684
OLS,o_max,m003015_o_max_ord6_rk00016,0.2185839340164423,0.2662406461567889,-0.047656712140346585
OLS,o_max,m003016_o_max_ord6_rk00017,0.2424465362856187,0.2662406461567889,-0.02379410987117017
OLS,o_max,m003017_o_max_ord6_rk00018,0.2388770846110101,0.2662406461567889,-0.027363561545778792
OLS,o_max,m003018_o_max_ord6_rk00019,0.2025099588029603,0.2662406461567889,-0.06373068735382859
OLS,o_max,m003019_o_max_ord6_rk00020,0.257563703008912,0.2662406461567889,-0.00867694314787687
OLS,o_max,m004000_o_max_ord7_rk00001,0.1943265591936716,0.2662406461567889,-0.0719140869631173
OLS,o_max,m004001_o_max_ord7_rk00002,0.2012278337923567,0.2662406461567889,-0.06501281236443218
OLS,o_max,m004002_o_max_ord7_rk00003,0.2267383047214621,0.2662406461567889,-0.0395023414353268
OLS,o_max,m004003_o_max_ord7_rk00004,0.2211068044977039,0.2662406461567889,-0.04513384165908499
OLS,o_max,m004004_o_max_ord7_rk00005,0.2267401544677841,0.2662406461567889,-0.039500491689004796
OLS,o_max,m004005_o_max_ord7_rk00006,0.1683507213210101,0.2662406461567889,-0.0978899248357788
OLS,o_max,m004006_o_max_ord7_rk00007,0.1996902527293214,0.2662406461567889,-0.06655039342746749
OLS,o_max,m004007_o_max_ord7_rk00008,0.1934600516945628,0.2662406461567889,-0.0727805944622261
OLS,o_max,m004008_o_max_ord7_rk00009,0.1867733727881326,0.2662406461567889,-0.07946727336865628
OLS,o_max,m004009_o_max_ord7_rk00010,0.1725453812594718,0.2662406461567889,-0.09369526489731708
OLS,o_max,m004010_o_max_ord7_rk00011,0.1855914599957092,0.2662406461567889,-0.08064918616107969
OLS,o_max,m004011_o_max_ord7_rk00012,0.2545342121606371,0.2662406461567889,-0.011706433996151788
OLS,o_max,m004012_o_max_ord7_rk00013,0.2100202609542842,0.2662406461567889,-0.05622038520250469
OLS,o_max,m004013_o_max_ord7_rk00014,0.259650016502903,0.2662406461567889,-0.006590629653885904
OLS,o_max,m004014_o_max_ord7_rk00015,0.1794630179720049,0.2662406461567889,-0.08677762818478399
OLS,o_max,m004015_o_max_ord7_rk00016,0.1842030820793699,0.2662406461567889,-0.082037564077419
OLS,o_max,m004016_o_max_ord7_rk00017,0.2114948437889817,0.2662406461567889,-0.054745802367807184
OLS,o_max,m004017_o_max_ord7_rk00018,0.2103282510852606,0.2662406461567889,-0.05591239507152829
OLS,o_max,m004018_o_max_ord7_rk00019,0.1783367078585828,0.2662406461567889,-0.08790393829820609
OLS,o_max,m004019_o_max_ord7_rk00020,0.2538050994692624,0.2662406461567889,-0.0124355466875265
OLS,o_max,m005000_o_max_ord8_rk00001,0.2211634738544053,0.2662406461567889,-0.04507717230238359
OLS,o_max,m005001_o_max_ord8_rk00002,0.2188143638372964,0.2662406461567889,-0.047426282319492474
OLS,o_max,m005002_o_max_ord8_rk00003,0.2518675927469033,0.2662406461567889,-0.014373053409885594
OLS,o_max,m005003_o_max_ord8_rk00004,0.1514861607329849,0.2662406461567889,-0.11475448542380398
OLS,o_max,m005004_o_max_ord8_rk00005,0.1641223108425028,0.2662406461567889,-0.10211833531428607
OLS,o_max,m005005_o_max_ord8_rk00006,0.1759063526976083,0.2662406461567889,-0.09033429345918059
OLS,o_max,m005006_o_max_ord8_rk00007,0.2122351178103827,0.2662406461567889,-0.05400552834640618
OLS,o_max,m005007_o_max_ord8_rk00008,0.2103018762331311,0.2662406461567889,-0.05593876992365779
OLS,o_max,m005008_o_max_ord8_rk00009,0.2752294399404269,0.2662406461567889,0.008988793783638038
OLS,o_max,m005009_o_max_ord8_rk00010,0.1908129477598283,0.2662406461567889,-0.07542769839696059
OLS,o_max,m005010_o_max_ord8_rk00011,0.2336359861916573,0.2662406461567889,-0.032604659965131594
OLS,o_max,m005011_o_max_ord8_rk00012,0.1754070046234119,0.2662406461567889,-0.09083364153337697
OLS,o_max,m005012_o_max_ord8_rk00013,0.2139486463475751,0.2662406461567889,-0.052291999809213785
OLS,o_max,m005013_o_max_ord8_rk00014,0.1879716854228706,0.2662406461567889,-0.07826896073391829
OLS,o_max,m005014_o_max_ord8_rk00015,0.2153848810969162,0.2662406461567889,-0.05085576505987269
OLS,o_max,m005015_o_max_ord8_rk00016,0.1624734818744626,0.2662406461567889,-0.1037671642823263
OLS,o_max,m005016_o_max_ord8_rk00017,0.1800853545375161,0.2662406461567889,-0.0861552916192728
OLS,o_max,m005017_o_max_ord8_rk00018,0.1881770239090258,0.2662406461567889,-0.07806362224776309
OLS,o_max,m005018_o_max_ord8_rk00019,0.2279658598104704,0.2662406461567889,-0.03827478634631848
OLS,o_max,m005019_o_max_ord8_rk00020,0.2117919659822393,0.2662406461567889,-0.054448680174549596
OLS,o_max,m006000_o_max_ord9_rk00001,0.2482451796899051,0.2662406461567889,-0.017995466466883797
OLS,o_max,m006001_o_max_ord9_rk00002,0.2028089894521362,0.2662406461567889,-0.06343165670465267
OLS,o_max,m006002_o_max_ord9_rk00003,0.1947068722528095,0.2662406461567889,-0.07153377390397939
OLS,o_max,m006003_o_max_ord9_rk00004,0.2091335385464656,0.2662406461567889,-0.05710710761032328
OLS,o_max,m006004_o_max_ord9_rk00005,0.2063984564171078,0.2662406461567889,-0.059842189739681084
OLS,o_max,m006005_o_max_ord9_rk00006,0.2038625913853672,0.2662406461567889,-0.06237805477142169
OLS,o_max,m006006_o_max_ord9_rk00007,0.2186463620806906,0.2662406461567889,-0.04759428407609828
OLS,o_max,m006007_o_max_ord9_rk00008,0.2017050463197542,0.2662406461567889,-0.06453559983703469
OLS,o_max,m006008_o_max_ord9_rk00009,0.2179520679382612,0.2662406461567889,-0.048288578218527695
OLS,o_max,m006009_o_max_ord9_rk00010,0.2092395215945038,0.2662406461567889,-0.057001124562285094
OLS,o_max,m006010_o_max_ord9_rk00011,0.1949275267464517,0.2662406461567889,-0.07131311941033719
OLS,o_max,m006011_o_max_ord9_rk00012,0.2188714419474083,0.2662406461567889,-0.047369204209380594
OLS,o_max,m006012_o_max_ord9_rk00013,0.2206094002195214,0.2662406461567889,-0.04563124593726747
OLS,o_max,m006013_o_max_ord9_rk00014,0.223373732773776,0.2662406461567889,-0.04286691338301288
OLS,o_max,m006014_o_max_ord9_rk00015,0.2424459005559339,0.2662406461567889,-0.023794745600854983
OLS,o_max,m006015_o_max_ord9_rk00016,0.2451205543624927,0.2662406461567889,-0.021120091794296192
OLS,o_max,m006016_o_max_ord9_rk00017,0.2189232073922565,0.2662406461567889,-0.04731743876453237
OLS,o_max,m006017_o_max_ord9_rk00018,0.2289280250988271,0.2662406461567889,-0.03731262105796179
OLS,o_max,m006018_o_max_ord9_rk00019,0.1418528415179005,0.2662406461567889,-0.12438780463888838
OLS,o_max,m006019_o_max_ord9_rk00020,0.2507477905530272,0.2662406461567889,-0.01549285560376168
OLS,o_max,m007000_o_max_ord10_rk00001,0.2346301722211232,0.2662406461567889,-0.031610473935665684
OLS,o_max,m007001_o_max_ord10_rk00002,0.2390261800539339,0.2662406461567889,-0.027214466102854995
OLS,o_max,m007002_o_max_ord10_rk00003,0.2355152642530237,0.2662406461567889,-0.030725381903765198
OLS,o_max,m007003_o_max_ord10_rk00004,0.2242272725219519,0.2662406461567889,-0.04201337363483698
OLS,o_max,m007004_o_max_ord10_rk00005,0.2408106433011807,0.2662406461567889,-0.025430002855608175
OLS,o_max,m007005_o_max_ord10_rk00006,0.2447409495610757,0.2662406461567889,-0.021499696595713186
OLS,o_max,m007006_o_max_ord10_rk00007,0.2459270546421312,0.2662406461567889,-0.020313591514657697
OLS,o_max,m007007_o_max_ord10_rk00008,0.1932565321340913,0.2662406461567889,-0.07298411402269758
OLS,o_max,m007008_o_max_ord10_rk00009,0.2300444572869593,0.2662406461567889,-0.03619618886982959
OLS,o_max,m007009_o_max_ord10_rk00010,0.1982751229746812,0.2662406461567889,-0.06796552318210769
OLS,o_max,m007010_o_max_ord10_rk00011,0.2428777677352611,0.2662406461567889,-0.02336287842152779
OLS,o_max,m007011_o_max_ord10_rk00012,0.2411126902741859,0.2662406461567889,-0.025127955882602998
OLS,o_max,m007012_o_max_ord10_rk00013,0.1949939899826376,0.2662406461567889,-0.0712466561741513
OLS,o_max,m007013_o_max_ord10_rk00014,0.2425919929038902,0.2662406461567889,-0.023648653252898694
OLS,o_max,m007014_o_max_ord10_rk00015,0.247394139113383,0.2662406461567889,-0.018846507043405875
OLS,o_max,m007015_o_max_ord10_rk00016,0.2390075721744473,0.2662406461567889,-0.027233073982341593
OLS,o_max,m007016_o_max_ord10_rk00017,0.1899008512100509,0.2662406461567889,-0.07633979494673798
OLS,o_max,m007017_o_max_ord10_rk00018,0.1935864387926938,0.2662406461567889,-0.07265420736409509
OLS,o_max,m007018_o_max_ord10_rk00019,0.180103380915635,0.2662406461567889,-0.08613726524115389
OLS,o_max,m007019_o_max_ord10_rk00020,0.1930387676439739,0.2662406461567889,-0.07320187851281498
OLS,o_max,m008000_o_max_ord11_rk00001,0.2300310160881038,0.2662406461567889,-0.03620963006868508
OLS,o_max,m008001_o_max_ord11_rk00002,0.2310181699185753,0.2662406461567889,-0.03522247623821359
OLS,o_max,m008002_o_max_ord11_rk00003,0.2308948160789504,0.2662406461567889,-0.03534583007783848
OLS,o_max,m008003_o_max_ord11_rk00004,0.2172209979351859,0.2662406461567889,-0.049019648221602985
OLS,o_max,m008004_o_max_ord11_rk00005,0.2166067909399561,0.2662406461567889,-0.04963385521683278
OLS,o_max,m008005_o_max_ord11_rk00006,0.2297281900686987,0.2662406461567889,-0.03651245608809017
OLS,o_max,m008006_o_max_ord11_rk00007,0.2296236013080621,0.2662406461567889,-0.0366170448487268
OLS,o_max,m008007_o_max_ord11_rk00008,0.2098415288695121,0.2662406461567889,-0.056399117287276784
OLS,o_max,m008008_o_max_ord11_rk00009,0.2398136751336016,0.2662406461567889,-0.02642697102318728
OLS,o_max,m008009_o_max_ord11_rk00010,0.2110550243316039,0.2662406461567889,-0.055185621825184994
OLS,o_max,m008010_o_max_ord11_rk00011,0.2406195648545955,0.2662406461567889,-0.02562108130219337
OLS,o_max,m008011_o_max_ord11_rk00012,0.2323644777352114,0.2662406461567889,-0.03387616842157748
OLS,o_max,m008012_o_max_ord11_rk00013,0.200457130304419,0.2662406461567889,-0.06578351585236988
OLS,o_max,m008013_o_max_ord11_rk00014,0.2266200558094377,0.2662406461567889,-0.03962059034735119
OLS,o_max,m008014_o_max_ord11_rk00015,0.2332992282430649,0.2662406461567889,-0.032941417913723986
OLS,o_max,m008015_o_max_ord11_rk00016,0.2350977162272223,0.2662406461567889,-0.031142929929566576
OLS,o_max,m008016_o_max_ord11_rk00017,0.2170593676753829,0.2662406461567889,-0.04918127848140599
OLS,o_max,m008017_o_max_ord11_rk00018,0.2338629598665503,0.2662406461567889,-0.03237768629023857
OLS,o_max,m008018_o_max_ord11_rk00019,0.2281201112119015,0.2662406461567889,-0.038120534944887374
OLS,o_max,m008019_o_max_ord11_rk00020,0.2188944361380462,0.2662406461567889,-0.047346210018742674
OLS,o_max,m009000_o_max_ord12_rk00001,0.225854561915563,0.2662406461567889,-0.04038608424122589
OLS,o_max,m009001_o_max_ord12_rk00002,0.2270515685830281,0.2662406461567889,-0.03918907757376078
OLS,o_max,m009002_o_max_ord12_rk00003,0.2046758794274557,0.2662406461567889,-0.0615647667293332
OLS,o_max,m009003_o_max_ord12_rk00004,0.2089200926219753,0.2662406461567889,-0.05732055353481358
OLS,o_max,m009004_o_max_ord12_rk00005,0.2317914368539961,0.2662406461567889,-0.03444920930279277
OLS,o_max,m009005_o_max_ord12_rk00006,0.2097204453836469,0.2662406461567889,-0.05652020077314199
OLS,o_max,m009006_o_max_ord12_rk00007,0.2134576917094014,0.2662406461567889,-0.05278295444738748
OLS,o_max,m009007_o_max_ord12_rk00008,0.2240981303994154,0.2662406461567889,-0.04214251575737349
OLS,o_max,m009008_o_max_ord12_rk00009,0.2251321638430234,0.2662406461567889,-0.04110848231376549
OLS,o_max,m009009_o_max_ord12_rk00010,0.2124926767886565,0.2662406461567889,-0.05374796936813239
OLS,o_max,m009010_o_max_ord12_rk00011,0.2138797046377415,0.2662406461567889,-0.05236094151904738
OLS,o_max,m009011_o_max_ord12_rk00012,0.2008656582949752,0.2662406461567889,-0.06537498786181367
OLS,o_max,m009012_o_max_ord12_rk00013,0.2265775528668269,0.2662406461567889,-0.03966309328996198
OLS,o_max,m009013_o_max_ord12_rk00014,0.2086183357287703,0.2662406461567889,-0.057622310428018575
OLS,o_max,m009014_o_max_ord12_rk00015,0.1934863763034356,0.2662406461567889,-0.07275426985335329
OLS,o_max,m009015_o_max_ord12_rk00016,0.2100934579655675,0.2662406461567889,-0.05614718819122139
OLS,o_max,m009016_o_max_ord12_rk00017,0.233736367115757,0.2662406461567889,-0.0325042790410319
OLS,o_max,m009017_o_max_ord12_rk00018,0.211463216829737,0.2662406461567889,-0.054777429327051874
OLS,o_max,m009018_o_max_ord12_rk00019,0.219803926700009,0.2662406461567889,-0.04643671945677988
OLS,o_max,m009019_o_max_ord12_rk00020,0.1864302228475904,0.2662406461567889,-0.07981042330919849
OLS,o_max,m010000_o_max_ord13_rk00001,0.2207759238412276,0.2662406461567889,-0.045464722315561285
OLS,o_max,m010001_o_max_ord13_rk00002,0.1963072460339717,0.2662406461567889,-0.06993340012281718
OLS,o_max,m010002_o_max_ord13_rk00003,0.19947987243936,0.2662406461567889,-0.06676077371742889
OLS,o_max,m010003_o_max_ord13_rk00004,0.223459722695107,0.2662406461567889,-0.042780923461681886
OLS,o_max,m010004_o_max_ord13_rk00005,0.2073734788858685,0.2662406461567889,-0.058867167270920395
OLS,o_max,m010005_o_max_ord13_rk00006,0.1930285915066515,0.2662406461567889,-0.07321205465013739
OLS,o_max,m010006_o_max_ord13_rk00007,0.2281232476851566,0.2662406461567889,-0.038117398471632286
OLS,o_max,m010007_o_max_ord13_rk00008,0.1875670035390791,0.2662406461567889,-0.07867364261770979
OLS,o_max,m010008_o_max_ord13_rk00009,0.2098026557050838,0.2662406461567889,-0.05643799045170508
OLS,o_max,m010009_o_max_ord13_rk00010,0.2035095759864348,0.2662406461567889,-0.06273107017035409
OLS,o_max,m010010_o_max_ord13_rk00011,0.2005208081076208,0.2662406461567889,-0.06571983804916809
OLS,o_max,m010011_o_max_ord13_rk00012,0.206765029414499,0.2662406461567889,-0.05947561674228988
OLS,o_max,m010012_o_max_ord13_rk00013,0.2037190333597804,0.2662406461567889,-0.06252161279700849
OLS,o_max,m010013_o_max_ord13_rk00014,0.2059793785420738,0.2662406461567889,-0.06026126761471509
OLS,o_max,m010014_o_max_ord13_rk00015,0.1968243835955991,0.2662406461567889,-0.0694162625611898
OLS,o_max,m010015_o_max_ord13_rk00016,0.2076772534543927,0.2662406461567889,-0.05856339270239619
OLS,o_max,m010016_o_max_ord13_rk00017,0.2048459131552263,0.2662406461567889,-0.06139473300156259
OLS,o_max,m010017_o_max_ord13_rk00018,0.2191347710313258,0.2662406461567889,-0.047105875125463076
OLS,o_max,m010018_o_max_ord13_rk00019,0.1788334172074807,0.2662406461567889,-0.08740722894930819
OLS,o_max,m010019_o_max_ord13_rk00020,0.205232365037983,0.2662406461567889,-0.06100828111880588
OLS,o_max,m011000_o_max_ord14_rk00001,0.190697709282912,0.2662406461567889,-0.07554293687387689
OLS,o_max,m011001_o_max_ord14_rk00002,0.2187689612556037,0.2662406461567889,-0.047471684901185196
OLS,o_max,m011002_o_max_ord14_rk00003,0.2005569828277003,0.2662406461567889,-0.06568366332908859
OLS,o_max,m011003_o_max_ord14_rk00004,0.1951740123596215,0.2662406461567889,-0.07106663379716738
OLS,o_max,m011004_o_max_ord14_rk00005,0.1826372373633568,0.2662406461567889,-0.08360340879343209
OLS,o_max,m011005_o_max_ord14_rk00006,0.1822576642385996,0.2662406461567889,-0.08398298191818929
OLS,o_max,m011006_o_max_ord14_rk00007,0.2048710487926384,0.2662406461567889,-0.061369597364150485
OLS,o_max,m011007_o_max_ord14_rk00008,0.2009514124730548,0.2662406461567889,-0.06528923368373407
OLS,o_max,m011008_o_max_ord14_rk00009,0.1753704335562116,0.2662406461567889,-0.09087021260057729
OLS,o_max,m011009_o_max_ord14_rk00010,0.2025826439476027,0.2662406461567889,-0.06365800220918619
OLS,o_max,m011010_o_max_ord14_rk00011,0.191446762296246,0.2662406461567889,-0.07479388386054289
OLS,o_max,m011011_o_max_ord14_rk00012,0.1681780997376775,0.2662406461567889,-0.09806254641911138
OLS,o_max,m011012_o_max_ord14_rk00013,0.1940118424803887,0.2662406461567889,-0.0722288036764002
OLS,o_max,m011013_o_max_ord14_rk00014,0.2138232789978188,0.2662406461567889,-0.05241736715897008
OLS,o_max,m011014_o_max_ord14_rk00015,0.1531553309610558,0.2662406461567889,-0.11308531519573309
OLS,o_max,m011015_o_max_ord14_rk00016,0.1820634877714875,0.2662406461567889,-0.08417715838530138
OLS,o_max,m011016_o_max_ord14_rk00017,0.1743118661727584,0.2662406461567889,-0.09192877998403048
OLS,o_max,m011017_o_max_ord14_rk00018,0.1834408603079326,0.2662406461567889,-0.08279978584885628
OLS,o_max,m011018_o_max_ord14_rk00019,0.1845639406054486,0.2662406461567889,-0.0816767055513403
OLS,o_max,m011019_o_max_ord14_rk00020,0.1654309401270473,0.2662406461567889,-0.1008097060297416
OLS,o_max,m012000_o_max_ord15_rk00001,0.1898824281829553,0.2662406461567889,-0.07635821797383358
OLS,o_max,m012001_o_max_ord15_rk00002,0.1734590636785917,0.2662406461567889,-0.09278158247819718
OLS,o_max,m012002_o_max_ord15_rk00003,0.1949253570256839,0.2662406461567889,-0.07131528913110499
OLS,o_max,m012003_o_max_ord15_rk00004,0.1634317489418089,0.2662406461567889,-0.10280889721497999
OLS,o_max,m012004_o_max_ord15_rk00005,0.1753675673437149,0.2662406461567889,-0.09087307881307399
OLS,o_max,m012005_o_max_ord15_rk00006,0.1382498318553719,0.2662406461567889,-0.12799081430141698
OLS,o_max,m012006_o_max_ord15_rk00007,0.1763289696739403,0.2662406461567889,-0.08991167648284859
OLS,o_max,m012007_o_max_ord15_rk00008,0.1646733056016601,0.2662406461567889,-0.10156734055512878
OLS,o_max,m012008_o_max_ord15_rk00009,0.1917023882348764,0.2662406461567889,-0.07453825792191249
OLS,o_max,m012009_o_max_ord15_rk00010,0.1984060449901912,0.2662406461567889,-0.06783460116659767
OLS,o_max,m012010_o_max_ord15_rk00011,0.1848837179332783,0.2662406461567889,-0.0813569282235106
OLS,o_max,m012011_o_max_ord15_rk00012,0.1713039702506247,0.2662406461567889,-0.0949366759061642
OLS,o_max,m012012_o_max_ord15_rk00013,0.1651000900646153,0.2662406461567889,-0.1011405560921736
OLS,o_max,m012013_o_max_ord15_rk00014,0.1745553235314118,0.2662406461567889,-0.0916853226253771
OLS,o_max,m012014_o_max_ord15_rk00015,0.2108406412308952,0.2662406461567889,-0.0554000049258937
OLS,o_max,m012015_o_max_ord15_rk00016,0.1448068208012316,0.2662406461567889,-0.12143382535555727
OLS,o_max,m012016_o_max_ord15_rk00017,0.2010090477600501,0.2662406461567889,-0.06523159839673878
OLS,o_max,m012017_o_max_ord15_rk00018,0.1631390478491046,0.2662406461567889,-0.10310159830768428
OLS,o_max,m012018_o_max_ord15_rk00019,0.1524053423430846,0.2662406461567889,-0.1138353038137043
OLS,o_max,m012019_o_max_ord15_rk00020,0.1655834017991894,0.2662406461567889,-0.10065724435759948
OLS,o_max,m013000_o_max_ord16_rk00001,0.1695955550254692,0.2662406461567889,-0.0966450911313197
OLS,o_max,m013001_o_max_ord16_rk00002,0.14062409416995,0.2662406461567889,-0.12561655198683888
OLS,o_max,m013002_o_max_ord16_rk00003,0.1626885399994257,0.2662406461567889,-0.10355210615736318
OLS,o_max,m013003_o_max_ord16_rk00004,-1.947229188931,0.2662406461567889,-2.213469835087789
OLS,o_max,m013004_o_max_ord16_rk00005,0.1608167935593977,0.2662406461567889,-0.10542385259739118
OLS,o_max,m013005_o_max_ord16_rk00006,0.1560975943821264,0.2662406461567889,-0.11014305177466249
OLS,o_max,m013006_o_max_ord16_rk00007,0.1750401893072349,0.2662406461567889,-0.091200456849554
OLS,o_max,m013007_o_max_ord16_rk00008,0.1249434478888286,0.2662406461567889,-0.14129719826796028
OLS,o_max,m013008_o_max_ord16_rk00009,0.1599515192479271,0.2662406461567889,-0.10628912690886178
OLS,o_max,m013009_o_max_ord16_rk00010,0.1775976542416024,0.2662406461567889,-0.08864299191518649
OLS,o_max,m013010_o_max_ord16_rk00011,0.1418130267351623,0.2662406461567889,-0.12442761942162658
OLS,o_max,m013011_o_max_ord16_rk00012,0.150233318010398,0.2662406461567889,-0.11600732814639089
OLS,o_max,m013012_o_max_ord16_rk00013,0.1834178365963084,0.2662406461567889,-0.08282280956048049
OLS,o_max,m013013_o_max_ord16_rk00014,0.1758974479947153,0.2662406461567889,-0.09034319816207359
OLS,o_max,m013014_o_max_ord16_rk00015,0.1243490438073186,0.2662406461567889,-0.1418916023494703
OLS,o_max,m013015_o_max_ord16_rk00016,0.1650141113895833,0.2662406461567889,-0.10122653476720558
OLS,o_max,m013016_o_max_ord16_rk00017,0.1666008645810804,0.2662406461567889,-0.09963978157570849
OLS,o_max,m013017_o_max_ord16_rk00018,0.1244565748517304,0.2662406461567889,-0.1417840713050585
OLS,o_max,m013018_o_max_ord16_rk00019,0.1455323132303594,0.2662406461567889,-0.12070833292642949
OLS,o_max,m013019_o_max_ord16_rk00020,0.1299593007212056,0.2662406461567889,-0.1362813454355833
OLS,o_max,m014000_o_max_ord17_rk00001,-1.993769921571114,0.2662406461567889,-2.2600105677279028
OLS,o_max,m014001_o_max_ord17_rk00002,0.1321612338752192,0.2662406461567889,-0.1340794122815697
OLS,o_max,m014002_o_max_ord17_rk00003,0.1418208986384863,0.2662406461567889,-0.12441974751830259
OLS,o_max,m014003_o_max_ord17_rk00004,0.1716400345598514,0.2662406461567889,-0.09460061159693747
OLS,o_max,m014004_o_max_ord17_rk00005,0.1314924859552159,0.2662406461567889,-0.134748160201573
OLS,o_max,m014005_o_max_ord17_rk00006,0.1267861398016689,0.2662406461567889,-0.13945450635512
OLS,o_max,m014006_o_max_ord17_rk00007,0.1504506856910892,0.2662406461567889,-0.1157899604656997
OLS,o_max,m014007_o_max_ord17_rk00008,0.1471210950263156,0.2662406461567889,-0.11911955113047329
OLS,o_max,m014008_o_max_ord17_rk00009,0.1609647146588759,0.2662406461567889,-0.10527593149791298
OLS,o_max,m014009_o_max_ord17_rk00010,0.1566510755011609,0.2662406461567889,-0.109589570655628
OLS,o_max,m014010_o_max_ord17_rk00011,0.1636000006887071,0.2662406461567889,-0.1026406454680818
OLS,o_max,m014011_o_max_ord17_rk00012,0.1239375080537703,0.2662406461567889,-0.1423031381030186
OLS,o_max,m014012_o_max_ord17_rk00013,0.152761502464792,0.2662406461567889,-0.11347914369199688
OLS,o_max,m014013_o_max_ord17_rk00014,0.1388571052811759,0.2662406461567889,-0.127383540875613
OLS,o_max,m014014_o_max_ord17_rk00015,0.1121143793731452,0.2662406461567889,-0.1541262667836437
OLS,o_max,m014015_o_max_ord17_rk00016,0.1466937297255001,0.2662406461567889,-0.11954691643128879
OLS,o_max,m014016_o_max_ord17_rk00017,0.1608091356394841,0.2662406461567889,-0.10543151051730479
OLS,o_max,m014017_o_max_ord17_rk00018,0.1501521723068275,0.2662406461567889,-0.11608847384996138
OLS,o_max,m014018_o_max_ord17_rk00019,0.1642263051201916,0.2662406461567889,-0.10201434103659729
OLS,o_max,m014019_o_max_ord17_rk00020,0.1421203564443907,0.2662406461567889,-0.12412028971239819
OLS,o_max,m015000_o_max_ord18_rk00001,-1.057676147168163,0.2662406461567889,-1.323916793324952
OLS,o_max,m015001_o_max_ord18_rk00002,0.1452979546272556,0.2662406461567889,-0.1209426915295333
OLS,o_max,m015002_o_max_ord18_rk00003,0.1162251172163457,0.2662406461567889,-0.15001552894044318
OLS,o_max,m015003_o_max_ord18_rk00004,0.1298667394776662,0.2662406461567889,-0.1363739066791227
OLS,o_max,m015004_o_max_ord18_rk00005,0.0885738422049898,0.2662406461567889,-0.17766680395179907
OLS,o_max,m015005_o_max_ord18_rk00006,0.155733933920742,0.2662406461567889,-0.11050671223604688
OLS,o_max,m015006_o_max_ord18_rk00007,0.171391427303969,0.2662406461567889,-0.09484921885281988
OLS,o_max,m015007_o_max_ord18_rk00008,0.1316681909427257,0.2662406461567889,-0.1345724552140632
OLS,o_max,m015008_o_max_ord18_rk00009,0.1514480077527864,0.2662406461567889,-0.11479263840400247
OLS,o_max,m015009_o_max_ord18_rk00010,0.155821679692199,0.2662406461567889,-0.11041896646458987
OLS,o_max,m015010_o_max_ord18_rk00011,0.1581402389811855,0.2662406461567889,-0.10810040717560337
OLS,o_max,m015011_o_max_ord18_rk00012,0.1130675296459491,0.2662406461567889,-0.15317311651083979
OLS,o_max,m015012_o_max_ord18_rk00013,0.1585351375294732,0.2662406461567889,-0.10770550862731568
OLS,o_max,m015013_o_max_ord18_rk00014,0.1208325679256667,0.2662406461567889,-0.14540807823112217
OLS,o_max,m015014_o_max_ord18_rk00015,0.1039614243965091,0.2662406461567889,-0.16227922176027978
OLS,o_max,m015015_o_max_ord18_rk00016,0.107978498702589,0.2662406461567889,-0.1582621474541999
OLS,o_max,m015016_o_max_ord18_rk00017,0.1434536611553553,0.2662406461567889,-0.12278698500143359
OLS,o_max,m015017_o_max_ord18_rk00018,0.1331119421177639,0.2662406461567889,-0.133128704039025
OLS,o_max,m015018_o_max_ord18_rk00019,0.1414558901411989,0.2662406461567889,-0.12478475601559
OLS,o_max,m015019_o_max_ord18_rk00020,0.137837719987287,0.2662406461567889,-0.12840292616950189
OLS,o_max,m016000_o_max_ord19_rk00001,-1.071202890595475,0.2662406461567889,-1.337443536752264
OLS,o_max,m016001_o_max_ord19_rk00002,0.1456448543612747,0.2662406461567889,-0.12059579179551419
OLS,o_max,m016002_o_max_ord19_rk00003,0.1504740571344215,0.2662406461567889,-0.11576658902236739
OLS,o_max,m016003_o_max_ord19_rk00004,0.1694978068914769,0.2662406461567889,-0.09674283926531199
OLS,o_max,m016004_o_max_ord19_rk00005,0.0909210568735072,0.2662406461567889,-0.17531958928328167
OLS,o_max,m016005_o_max_ord19_rk00006,0.1523346456829351,0.2662406461567889,-0.1139060004738538
OLS,o_max,m016006_o_max_ord19_rk00007,0.1640516079343998,0.2662406461567889,-0.10218903822238909
OLS,o_max,m016007_o_max_ord19_rk00008,0.1057499470961564,0.2662406461567889,-0.16049069906063249
OLS,o_max,m016008_o_max_ord19_rk00009,0.1172673566235845,0.2662406461567889,-0.14897328953320438
OLS,o_max,m016009_o_max_ord19_rk00010,0.1427563202291409,0.2662406461567889,-0.12348432592764799
OLS,o_max,m016010_o_max_ord19_rk00011,0.1536693193840916,0.2662406461567889,-0.1125713267726973
OLS,o_max,m016011_o_max_ord19_rk00012,0.1154524454770884,0.2662406461567889,-0.1507882006797005
OLS,o_max,m016012_o_max_ord19_rk00013,0.0871112747247762,0.2662406461567889,-0.17912937143201269
OLS,o_max,m016013_o_max_ord19_rk00014,0.1741780570151403,0.2662406461567889,-0.09206258914164858
OLS,o_max,m016014_o_max_ord19_rk00015,0.1017147185652926,0.2662406461567889,-0.16452592759149628
OLS,o_max,m016015_o_max_ord19_rk00016,0.1025298165001438,0.2662406461567889,-0.16371082965664507
OLS,o_max,m016016_o_max_ord19_rk00017,0.0887929886987568,0.2662406461567889,-0.1774476574580321
OLS,o_max,m016017_o_max_ord19_rk00018,0.1546365574602732,0.2662406461567889,-0.1116040886965157
OLS,o_max,m016018_o_max_ord19_rk00019,0.0936061501400792,0.2662406461567889,-0.1726344960167097
OLS,o_max,m016019_o_max_ord19_rk00020,-0.4257177318631691,0.2662406461567889,-0.691958378019958
OLS,o_max,m017000_o_max_ord20_rk00001,-0.5853147860512249,0.2662406461567889,-0.8515554322080138
OLS,o_max,m017001_o_max_ord20_rk00002,0.1535092569933021,0.2662406461567889,-0.1127313891634868
OLS,o_max,m017002_o_max_ord20_rk00003,0.155832653385348,0.2662406461567889,-0.1104079927714409
OLS,o_max,m017003_o_max_ord20_rk00004,0.0941620228217746,0.2662406461567889,-0.17207862333501428
OLS,o_max,m017004_o_max_ord20_rk00005,0.1392269476443058,0.2662406461567889,-0.1270136985124831
OLS,o_max,m017005_o_max_ord20_rk00006,0.1695670870403505,0.2662406461567889,-0.09667355911643838
OLS,o_max,m017006_o_max_ord20_rk00007,0.0998062681083182,0.2662406461567889,-0.16643437804847067
OLS,o_max,m017007_o_max_ord20_rk00008,0.1194046456035733,0.2662406461567889,-0.14683600055321558
OLS,o_max,m017008_o_max_ord20_rk00009,0.1224887221438812,0.2662406461567889,-0.14375192401290768
OLS,o_max,m017009_o_max_ord20_rk00010,0.1321148449773038,0.2662406461567889,-0.13412580117948508
OLS,o_max,m017010_o_max_ord20_rk00011,0.0748471262893072,0.2662406461567889,-0.19139351986748168
OLS,o_max,m017011_o_max_ord20_rk00012,-2.770044237074714,0.2662406461567889,-3.036284883231503
OLS,o_max,m017012_o_max_ord20_rk00013,0.0670138230454766,0.2662406461567889,-0.1992268231113123
OLS,o_max,m017013_o_max_ord20_rk00014,0.1058712843408727,0.2662406461567889,-0.16036936181591618
OLS,o_max,m017014_o_max_ord20_rk00015,0.1140037912375094,0.2662406461567889,-0.1522368549192795
OLS,o_max,m017015_o_max_ord20_rk00016,-1.673121110917866,0.2662406461567889,-1.9393617570746549
OLS,o_max,m017016_o_max_ord20_rk00017,0.0925376928831701,0.2662406461567889,-0.1737029532736188
OLS,o_max,m017017_o_max_ord20_rk00018,0.1598562068400596,0.2662406461567889,-0.10638443931672928
OLS,o_max,m017018_o_max_ord20_rk00019,-0.9264387049749438,0.2662406461567889,-1.1926793511317326
OLS,o_max,m017019_o_max_ord20_rk00020,0.1431904618136654,0.2662406461567889,-0.12305018434312348
OLS,o_max,m018000_o_max_ord21_rk00001,-0.8880116715690731,0.2662406461567889,-1.1542523177258621
OLS,o_max,m018001_o_max_ord21_rk00002,0.1509846811904657,0.2662406461567889,-0.11525596496632318
OLS,o_max,m018002_o_max_ord21_rk00003,0.104239421552968,0.2662406461567889,-0.16200122460382088
OLS,o_max,m018003_o_max_ord21_rk00004,0.1183442542227017,0.2662406461567889,-0.14789639193408718
OLS,o_max,m018004_o_max_ord21_rk00005,-2.295673595692272,0.2662406461567889,-2.5619142418490606
OLS,o_max,m018005_o_max_ord21_rk00006,0.118568149296616,0.2662406461567889,-0.1476724968601729
OLS,o_max,m018006_o_max_ord21_rk00007,-4.988384986036619,0.2662406461567889,-5.254625632193409
OLS,o_max,m018007_o_max_ord21_rk00008,0.1319747744703782,0.2662406461567889,-0.1342658716864107
OLS,o_max,m018008_o_max_ord21_rk00009,0.1185154983216656,0.2662406461567889,-0.1477251478351233
OLS,o_max,m018009_o_max_ord21_rk00010,0.1234253778145793,0.2662406461567889,-0.1428152683422096
OLS,o_max,m018010_o_max_ord21_rk00011,0.1120771373097848,0.2662406461567889,-0.15416350884700408
OLS,o_max,m018011_o_max_ord21_rk00012,0.0995827634040584,0.2662406461567889,-0.16665788275273047
OLS,o_max,m018012_o_max_ord21_rk00013,-0.5120402091674192,0.2662406461567889,-0.7782808553242081
OLS,o_max,m018013_o_max_ord21_rk00014,0.1071082771037026,0.2662406461567889,-0.15913236905308628
OLS,o_max,m018014_o_max_ord21_rk00015,0.1435349499570347,0.2662406461567889,-0.12270569619975419
OLS,o_max,m018015_o_max_ord21_rk00016,-1.323737340414358,0.2662406461567889,-1.5899779865711468
OLS,o_max,m018016_o_max_ord21_rk00017,-0.1531697871243664,0.2662406461567889,-0.4194104332811553
OLS,o_max,m018017_o_max_ord21_rk00018,0.0614362322759127,0.2662406461567889,-0.20480441388087617
OLS,o_max,m018018_o_max_ord21_rk00019,0.076001758916869,0.2662406461567889,-0.19023888723991988
OLS,o_max,m018019_o_max_ord21_rk00020,0.0818894908044275,0.2662406461567889,-0.18435115535236138
OLS,o_max,m019000_o_max_ord22_rk00001,-1.657024525600231,0.2662406461567889,-1.92326517175702
OLS,o_max,m019001_o_max_ord22_rk00002,-4.270626597624133,0.2662406461567889,-4.5368672437809225
OLS,o_max,m019002_o_max_ord22_rk00003,0.113718242399352,0.2662406461567889,-0.1525224037574369
OLS,o_max,m019003_o_max_ord22_rk00004,0.1141514085150853,0.2662406461567889,-0.15208923764170357
OLS,o_max,m019004_o_max_ord22_rk00005,-0.7839233803549919,0.2662406461567889,-1.0501640265117809
OLS,o_max,m019005_o_max_ord22_rk00006,0.1153893226055624,0.2662406461567889,-0.1508513235512265
OLS,o_max,m019006_o_max_ord22_rk00007,-0.2052152997732483,0.2662406461567889,-0.47145594593003715
OLS,o_max,m019007_o_max_ord22_rk00008,0.1492757677982839,0.2662406461567889,-0.116964878358505
OLS,o_max,m019008_o_max_ord22_rk00009,0.0574225388629728,0.2662406461567889,-0.20881810729381609
OLS,o_max,m019009_o_max_ord22_rk00010,-0.2813251631871445,0.2662406461567889,-0.5475658093439334
OLS,o_max,m019010_o_max_ord22_rk00011,0.1253660349944035,0.2662406461567889,-0.1408746111623854
OLS,o_max,m019011_o_max_ord22_rk00012,0.0889388319972795,0.2662406461567889,-0.17730181415950938
OLS,o_max,m019012_o_max_ord22_rk00013,0.0917583683228178,0.2662406461567889,-0.17448227783397108
OLS,o_max,m019013_o_max_ord22_rk00014,0.1386817514049581,0.2662406461567889,-0.1275588947518308
OLS,o_max,m019014_o_max_ord22_rk00015,-4.189428322571553,0.2662406461567889,-4.455668968728342
OLS,o_max,m019015_o_max_ord22_rk00016,0.1638959154590523,0.2662406461567889,-0.10234473069773659
OLS,o_max,m019016_o_max_ord22_rk00017,0.0125408327281295,0.2662406461567889,-0.2536998134286594
OLS,o_max,m019017_o_max_ord22_rk00018,-0.3880098027450704,0.2662406461567889,-0.6542504489018592
OLS,o_max,m019018_o_max_ord22_rk00019,0.1058515759419279,0.2662406461567889,-0.16038907021486098
OLS,o_max,m019019_o_max_ord22_rk00020,0.080253934581609,0.2662406461567889,-0.18598671157517987
OLS,o_max,m020000_o_max_ord23_rk00001,-1.918387865929453,0.2662406461567889,-2.184628512086242
OLS,o_max,m020001_o_max_ord23_rk00002,-0.1330447213765548,0.2662406461567889,-0.39928536753334365
OLS,o_max,m020002_o_max_ord23_rk00003,-4.639142666326074,0.2662406461567889,-4.905383312482863
OLS,o_max,m020003_o_max_ord23_rk00004,-0.1843412520318748,0.2662406461567889,-0.4505818981886637
OLS,o_max,m020004_o_max_ord23_rk00005,-0.8175796668272661,0.2662406461567889,-1.083820312984055
OLS,o_max,m020005_o_max_ord23_rk00006,-0.4324951866749167,0.2662406461567889,-0.6987358328317056
OLS,o_max,m020006_o_max_ord23_rk00007,0.0646885369538941,0.2662406461567889,-0.2015521092028948
OLS,o_max,m020007_o_max_ord23_rk00008,-1.947998086311692,0.2662406461567889,-2.214238732468481
OLS,o_max,m020008_o_max_ord23_rk00009,-4.37236615935627,0.2662406461567889,-4.638606805513059
OLS,o_max,m020009_o_max_ord23_rk00010,0.1450055960473075,0.2662406461567889,-0.12123505010948138
OLS,o_max,m020010_o_max_ord23_rk00011,0.1100594238702024,0.2662406461567889,-0.15618122228658649
OLS,o_max,m020011_o_max_ord23_rk00012,-0.0722215701878172,0.2662406461567889,-0.3384622163446061
OLS,o_max,m020012_o_max_ord23_rk00013,0.07876278965878,0.2662406461567889,-0.18747785649800888
OLS,o_max,m020013_o_max_ord23_rk00014,-0.262317729051688,0.2662406461567889,-0.5285583752084768
OLS,o_max,m020014_o_max_ord23_rk00015,-0.1232068184684287,0.2662406461567889,-0.38944746462521757
OLS,o_max,m020015_o_max_ord23_rk00016,-0.1149952408396028,0.2662406461567889,-0.38123588699639166
OLS,o_max,m020016_o_max_ord23_rk00017,0.0817364802268882,0.2662406461567889,-0.18450416592990068
OLS,o_max,m020017_o_max_ord23_rk00018,-0.2106344599117144,0.2662406461567889,-0.47687510606850325
OLS,o_max,m020018_o_max_ord23_rk00019,-0.052370247447625,0.2662406461567889,-0.31861089360441386
OLS,o_max,m020019_o_max_ord23_rk00020,0.1089868366851002,0.2662406461567889,-0.15725380947168868
OLS,o_max,m021000_o_max_ord24_rk00001,-0.568480694752225,0.2662406461567889,-0.8347213409090138
OLS,o_max,m021001_o_max_ord24_rk00002,-0.0774776626978779,0.2662406461567889,-0.3437183088546668
OLS,o_max,m021002_o_max_ord24_rk00003,-0.585733818784195,0.2662406461567889,-0.8519744649409838
OLS,o_max,m021003_o_max_ord24_rk00004,-0.3479408453760171,0.2662406461567889,-0.614181491532806
OLS,o_max,m021004_o_max_ord24_rk00005,-0.3560118515856678,0.2662406461567889,-0.6222524977424566
OLS,o_max,m021005_o_max_ord24_rk00006,0.012765789753201,0.2662406461567889,-0.2534748564035879
OLS,o_max,m021006_o_max_ord24_rk00007,-0.1491226876697235,0.2662406461567889,-0.41536333382651236
OLS,o_max,m021007_o_max_ord24_rk00008,-0.0613814421810203,0.2662406461567889,-0.3276220883378092
OLS,o_max,m021008_o_max_ord24_rk00009,-0.0431194332706901,0.2662406461567889,-0.309360079427479
OLS,o_max,m021009_o_max_ord24_rk00010,-0.0068673715982958,0.2662406461567889,-0.2731080177550847
OLS,o_max,m021010_o_max_ord24_rk00011,-5.575568834087467,0.2662406461567889,-5.841809480244256
OLS,o_max,m021011_o_max_ord24_rk00012,-0.0708608495903522,0.2662406461567889,-0.3371014957471411
OLS,o_max,m021012_o_max_ord24_rk00013,-0.0085683060824723,0.2662406461567889,-0.27480895223926116
OLS,o_max,m021013_o_max_ord24_rk00014,-0.0966506407396827,0.2662406461567889,-0.3628912868964716
OLS,o_max,m021014_o_max_ord24_rk00015,-0.3748886594975291,0.2662406461567889,-0.6411293056543179
OLS,o_max,m021015_o_max_ord24_rk00016,-0.3302742265485563,0.2662406461567889,-0.5965148727053452
OLS,o_max,m021016_o_max_ord24_rk00017,-0.0450132855078193,0.2662406461567889,-0.3112539316646082
OLS,o_max,m021017_o_max_ord24_rk00018,-0.7346297298033773,0.2662406461567889,-1.000870375960166
OLS,o_max,m021018_o_max_ord24_rk00019,-0.3623906558497662,0.2662406461567889,-0.628631302006555
OLS,o_max,m021019_o_max_ord24_rk00020,-7.521868999064971,0.2662406461567889,-7.78810964522176
OLS,o_max,m022000_o_max_ord25_rk00001,-0.2474625463681461,0.2662406461567889,-0.513703192524935
OLS,o_max,m022001_o_max_ord25_rk00002,-0.510190260572188,0.2662406461567889,-0.7764309067289769
OLS,o_max,m022002_o_max_ord25_rk00003,-1.45239194335618,0.2662406461567889,-1.718632589512969
OLS,o_max,m022003_o_max_ord25_rk00004,-0.1290892859464254,0.2662406461567889,-0.3953299321032143
OLS,o_max,m022004_o_max_ord25_rk00005,-0.3436165421490091,0.2662406461567889,-0.6098571883057979
OLS,o_max,m022005_o_max_ord25_rk00006,-0.0485702816848512,0.2662406461567889,-0.3148109278416401
OLS,o_max,m022006_o_max_ord25_rk00007,-0.3396129188844101,0.2662406461567889,-0.6058535650411989
OLS,o_max,m022007_o_max_ord25_rk00008,-0.0876380720853342,0.2662406461567889,-0.3538787182421231
OLS,o_max,m022008_o_max_ord25_rk00009,-0.1977537739126587,0.2662406461567889,-0.4639944200694476
OLS,o_max,m022009_o_max_ord25_rk00010,-0.095348102951156,0.2662406461567889,-0.3615887491079449
OLS,o_max,m022010_o_max_ord25_rk00011,-0.7824446479522953,0.2662406461567889,-1.048685294109084
OLS,o_max,m022011_o_max_ord25_rk00012,-0.2296635653423051,0.2662406461567889,-0.49590421149909397
OLS,o_max,m022012_o_max_ord25_rk00013,-0.4428282787297868,0.2662406461567889,-0.7090689248865757
OLS,o_max,m022013_o_max_ord25_rk00014,-0.3151703541601101,0.2662406461567889,-0.581411000316899
OLS,o_max,m022014_o_max_ord25_rk00015,-0.3106708012883168,0.2662406461567889,-0.5769114474451057
OLS,o_max,m022015_o_max_ord25_rk00016,-0.5295588827512352,0.2662406461567889,-0.7957995289080241
OLS,o_max,m022016_o_max_ord25_rk00017,-0.2522127338664666,0.2662406461567889,-0.5184533800232555
OLS,o_max,m022017_o_max_ord25_rk00018,-0.3563970269858743,0.2662406461567889,-0.6226376731426632
OLS,o_max,m022018_o_max_ord25_rk00019,-0.1047990787053103,0.2662406461567889,-0.3710397248620992
OLS,o_max,m022019_o_max_ord25_rk00020,-0.4455792349731371,0.2662406461567889,-0.711819881129926
OLS,o_max,m023000_o_max_ord26_rk00001,-2.688555560558968,0.2662406461567889,-2.954796206715757
OLS,o_max,m023001_o_max_ord26_rk00002,-0.2727742700576485,0.2662406461567889,-0.5390149162144373
OLS,o_max,m023002_o_max_ord26_rk00003,-0.331639206086346,0.2662406461567889,-0.5978798522431349
OLS,o_max,m023003_o_max_ord26_rk00004,-0.0946115803648353,0.2662406461567889,-0.3608522265216242
OLS,o_max,m023004_o_max_ord26_rk00005,-0.3142923087841076,0.2662406461567889,-0.5805329549408964
OLS,o_max,m023005_o_max_ord26_rk00006,-0.2199507819385167,0.2662406461567889,-0.4861914280953056
OLS,o_max,m023006_o_max_ord26_rk00007,-1.506387876416208,0.2662406461567889,-1.772628522572997
OLS,o_max,m023007_o_max_ord26_rk00008,-0.4864780058515476,0.2662406461567889,-0.7527186520083364
OLS,o_max,m023008_o_max_ord26_rk00009,-0.9613187785498468,0.2662406461567889,-1.2275594247066357
OLS,o_max,m023009_o_max_ord26_rk00010,-0.3918424259898703,0.2662406461567889,-0.6580830721466592
OLS,o_max,m023010_o_max_ord26_rk00011,-0.3113858028333025,0.2662406461567889,-0.5776264489900914
OLS,o_max,m023011_o_max_ord26_rk00012,-0.5405331096918067,0.2662406461567889,-0.8067737558485956
OLS,o_max,m023012_o_max_ord26_rk00013,-7.108101688271789,0.2662406461567889,-7.374342334428579
OLS,o_max,m023013_o_max_ord26_rk00014,-0.4498082868724347,0.2662406461567889,-0.7160489330292236
OLS,o_max,m023014_o_max_ord26_rk00015,-0.316342516899339,0.2662406461567889,-0.5825831630561279
OLS,o_max,m023015_o_max_ord26_rk00016,-0.0085169924009411,0.2662406461567889,-0.27475763855773
OLS,o_max,m023016_o_max_ord26_rk00017,-0.2835471790705415,0.2662406461567889,-0.5497878252273304
OLS,o_max,m023017_o_max_ord26_rk00018,-0.0740107905915625,0.2662406461567889,-0.3402514367483514
OLS,o_max,m023018_o_max_ord26_rk00019,-0.1157932947479072,0.2662406461567889,-0.3820339409046961
OLS,o_max,m023019_o_max_ord26_rk00020,-1.383429155360782,0.2662406461567889,-1.6496698015175708
OLS,o_max,m024000_o_max_ord27_rk00001,-3.077831842636125,0.2662406461567889,-3.344072488792914
OLS,o_max,m024001_o_max_ord27_rk00002,-1.056301589645457,0.2662406461567889,-1.322542235802246
OLS,o_max,m024002_o_max_ord27_rk00003,-0.2998866267728368,0.2662406461567889,-0.5661272729296256
OLS,o_max,m024003_o_max_ord27_rk00004,-0.919468620307059,0.2662406461567889,-1.185709266463848
OLS,o_max,m024004_o_max_ord27_rk00005,-0.3443101524593708,0.2662406461567889,-0.6105507986161597
OLS,o_max,m024005_o_max_ord27_rk00006,-0.2328379828782554,0.2662406461567889,-0.4990786290350443
OLS,o_max,m024006_o_max_ord27_rk00007,-0.3223680164434581,0.2662406461567889,-0.5886086626002469
OLS,o_max,m024007_o_max_ord27_rk00008,-0.9485599763263064,0.2662406461567889,-1.2148006224830952
OLS,o_max,m024008_o_max_ord27_rk00009,-0.567221676095073,0.2662406461567889,-0.8334623222518619
OLS,o_max,m024009_o_max_ord27_rk00010,-0.1788997997772941,0.2662406461567889,-0.445140445934083
OLS,o_max,m024010_o_max_ord27_rk00011,-0.3304667287443186,0.2662406461567889,-0.5967073749011075
OLS,o_max,m024011_o_max_ord27_rk00012,-0.1183185937529984,0.2662406461567889,-0.3845592399097873
OLS,o_max,m024012_o_max_ord27_rk00013,-0.4432508184274379,0.2662406461567889,-0.7094914645842267
OLS,o_max,m024013_o_max_ord27_rk00014,-1.529480912661662,0.2662406461567889,-1.795721558818451
OLS,o_max,m024014_o_max_ord27_rk00015,-1.389548636066097,0.2662406461567889,-1.655789282222886
OLS,o_max,m024015_o_max_ord27_rk00016,-0.1840722460968493,0.2662406461567889,-0.4503128922536382
OLS,o_max,m024016_o_max_ord27_rk00017,-3.053574823975259,0.2662406461567889,-3.3198154701320477
OLS,o_max,m024017_o_max_ord27_rk00018,-0.6083364383491636,0.2662406461567889,-0.8745770845059525
OLS,o_max,m024018_o_max_ord27_rk00019,-0.8402547711692543,0.2662406461567889,-1.1064954173260433
OLS,o_max,m024019_o_max_ord27_rk00020,-0.0605385126191657,0.2662406461567889,-0.3267791587759546
OLS,o_max,m025000_o_max_ord28_rk00001,-6.314684024304042,0.2662406461567889,-6.580924670460831
OLS,o_max,m025001_o_max_ord28_rk00002,-0.9201205423589428,0.2662406461567889,-1.1863611885157317
OLS,o_max,m025002_o_max_ord28_rk00003,-1.110695345506357,0.2662406461567889,-1.3769359916631458
OLS,o_max,m025003_o_max_ord28_rk00004,-1.067019029752041,0.2662406461567889,-1.3332596759088298
OLS,o_max,m025004_o_max_ord28_rk00005,-0.803548497217504,0.2662406461567889,-1.069789143374293
OLS,o_max,m025005_o_max_ord28_rk00006,-1.077397740778709,0.2662406461567889,-1.3436383869354978
OLS,o_max,m025006_o_max_ord28_rk00007,-0.2804874900255496,0.2662406461567889,-0.5467281361823385
OLS,o_max,m025007_o_max_ord28_rk00008,-1.358728762801038,0.2662406461567889,-1.6249694089578268
OLS,o_max,m025008_o_max_ord28_rk00009,-1.68263585899367,0.2662406461567889,-1.948876505150459
OLS,o_max,m025009_o_max_ord28_rk00010,-0.306411623747741,0.2662406461567889,-0.5726522699045299
OLS,o_max,m025010_o_max_ord28_rk00011,-0.3438173657490788,0.2662406461567889,-0.6100580119058676
OLS,o_max,m025011_o_max_ord28_rk00012,-1.076077264843858,0.2662406461567889,-1.342317911000647
OLS,o_max,m025012_o_max_ord28_rk00013,-1.137130566298709,0.2662406461567889,-1.403371212455498
OLS,o_max,m025013_o_max_ord28_rk00014,-1.453093581755358,0.2662406461567889,-1.7193342279121469
OLS,o_max,m025014_o_max_ord28_rk00015,-0.8219978605675089,0.2662406461567889,-1.0882385067242977
OLS,o_max,m025015_o_max_ord28_rk00016,-0.5133541849093823,0.2662406461567889,-0.7795948310661712
OLS,o_max,m025016_o_max_ord28_rk00017,-0.2479518716377642,0.2662406461567889,-0.5141925177945531
OLS,o_max,m025017_o_max_ord28_rk00018,-1.183962412536748,0.2662406461567889,-1.4502030586935368
OLS,o_max,m025018_o_max_ord28_rk00019,-6.075831776040273,0.2662406461567889,-6.342072422197062
OLS,o_max,m025019_o_max_ord28_rk00020,-0.5561962361830799,0.2662406461567889,-0.8224368823398688
OLS,o_max,m026000_o_max_ord29_rk00001,-1.036497104628815,0.2662406461567889,-1.302737750785604
OLS,o_max,m026001_o_max_ord29_rk00002,-4.486579995493665,0.2662406461567889,-4.752820641650454
OLS,o_max,m026002_o_max_ord29_rk00003,-0.8207951438540046,0.2662406461567889,-1.0870357900107934
OLS,o_max,m026003_o_max_ord29_rk00004,-1.093325768316633,0.2662406461567889,-1.3595664144734219
OLS,o_max,m026004_o_max_ord29_rk00005,-0.8349966631670189,0.2662406461567889,-1.1012373093238077
OLS,o_max,m026005_o_max_ord29_rk00006,-1.375430048506382,0.2662406461567889,-1.641670694663171
OLS,o_max,m026006_o_max_ord29_rk00007,-1.61531094110549,0.2662406461567889,-1.8815515872622788
OLS,o_max,m026007_o_max_ord29_rk00008,-1.187621650395783,0.2662406461567889,-1.4538622965525718
OLS,o_max,m026008_o_max_ord29_rk00009,-0.9559635905512764,0.2662406461567889,-1.2222042367080652
OLS,o_max,m026009_o_max_ord29_rk00010,-2.962387983629262,0.2662406461567889,-3.228628629786051
OLS,o_max,m026010_o_max_ord29_rk00011,-0.2753445587957344,0.2662406461567889,-0.5415852049525233
OLS,o_max,m026011_o_max_ord29_rk00012,-0.9366939949435736,0.2662406461567889,-1.2029346411003625
OLS,o_max,m026012_o_max_ord29_rk00013,-1.453729523040157,0.2662406461567889,-1.7199701691969458
OLS,o_max,m026013_o_max_ord29_rk00014,-1.001810331128816,0.2662406461567889,-1.268050977285605
OLS,o_max,m026014_o_max_ord29_rk00015,-0.3121822589696925,0.2662406461567889,-0.5784229051264813
OLS,o_max,m026015_o_max_ord29_rk00016,-0.7951231147170399,0.2662406461567889,-1.0613637608738289
OLS,o_max,m026016_o_max_ord29_rk00017,-0.3528547537960542,0.2662406461567889,-0.619095399952843
OLS,o_max,m026017_o_max_ord29_rk00018,-5.767587245468509,0.2662406461567889,-6.0338278916252985
OLS,o_max,m026018_o_max_ord29_rk00019,-7.411972924267994,0.2662406461567889,-7.678213570424783
OLS,o_max,m026019_o_max_ord29_rk00020,-1.825534849904302,0.2662406461567889,-2.091775496061091
OLS,o_max,m027000_o_max_ord30_rk00001,-14.04673499459006,0.2662406461567889,-14.31297564074685
OLS,o_max,m027001_o_max_ord30_rk00002,-1.152113361397409,0.2662406461567889,-1.418354007554198
OLS,o_max,m027002_o_max_ord30_rk00003,-0.974003488250677,0.2662406461567889,-1.2402441344074657
OLS,o_max,m027003_o_max_ord30_rk00004,-0.9772979340575793,0.2662406461567889,-1.2435385802143681
OLS,o_max,m027004_o_max_ord30_rk00005,-0.9907325726274996,0.2662406461567889,-1.2569732187842884
OLS,o_max,m027005_o_max_ord30_rk00006,-0.9788113217339374,0.2662406461567889,-1.2450519678907264
OLS,o_max,m027006_o_max_ord30_rk00007,-2.595389566165302,0.2662406461567889,-2.861630212322091
OLS,o_max,m027007_o_max_ord30_rk00008,-1.100445430817985,0.2662406461567889,-1.3666860769747737
OLS,o_max,m027008_o_max_ord30_rk00009,-1.483673862320395,0.2662406461567889,-1.7499145084771839
OLS,o_max,m027009_o_max_ord30_rk00010,-0.8809169422676031,0.2662406461567889,-1.1471575884243919
OLS,o_max,m027010_o_max_ord30_rk00011,-1.25064372321621,0.2662406461567889,-1.516884369372999
OLS,o_max,m027011_o_max_ord30_rk00012,-1.769652548921313,0.2662406461567889,-2.035893195078102
OLS,o_max,m027012_o_max_ord30_rk00013,-0.2973537629673168,0.2662406461567889,-0.5635944091241056
OLS,o_max,m027013_o_max_ord30_rk00014,-0.3773326611469312,0.2662406461567889,-0.6435733073037201
OLS,o_max,m027014_o_max_ord30_rk00015,-1.279592592479236,0.2662406461567889,-1.5458332386360247
OLS,o_max,m027015_o_max_ord30_rk00016,-1.076117294299607,0.2662406461567889,-1.3423579404563957
OLS,o_max,m027016_o_max_ord30_rk00017,-0.5577373649140196,0.2662406461567889,-0.8239780110708085
OLS,o_max,m027017_o_max_ord30_rk00018,-0.3070146781665441,0.2662406461567889,-0.5732553243233329
OLS,o_max,m027018_o_max_ord30_rk00019,-8.238843064126588,0.2662406461567889,-8.505083710283376
OLS,o_max,m027019_o_max_ord30_rk00020,-1.534771412996304,0.2662406461567889,-1.8010120591530927
d1,o_max,m000000_o_max_ord3_rk00001,0.2919791733511633,0.2739191082716351,0.018060065079528176
d1,o_max,m000001_o_max_ord3_rk00002,0.227223320927967,0.2739191082716351,-0.04669578734366814
d1,o_max,m000002_o_max_ord3_rk00003,0.2910706438660198,0.2739191082716351,0.017151535594384648
d1,o_max,m000003_o_max_ord3_rk00004,0.289687177629961,0.2739191082716351,0.015768069358325865
d1,o_max,m000004_o_max_ord3_rk00005,0.2915146284273402,0.2739191082716351,0.01759552015570509
d1,o_max,m000005_o_max_ord3_rk00006,0.2903272647533547,0.2739191082716351,0.01640815648171956
d1,o_max,m000006_o_max_ord3_rk00007,0.2900730831687363,0.2739191082716351,0.016153974897101187
d1,o_max,m000007_o_max_ord3_rk00008,0.2939453794985992,0.2739191082716351,0.0200262712269641
d1,o_max,m000008_o_max_ord3_rk00009,0.2896780469829163,0.2739191082716351,0.0157589387112812
d1,o_max,m000009_o_max_ord3_rk00010,0.2958999237159703,0.2739191082716351,0.021980815444335167
d1,o_max,m000010_o_max_ord3_rk00011,0.2912703141738579,0.2739191082716351,0.017351205902222777
d1,o_max,m000011_o_max_ord3_rk00012,0.2959274555238426,0.2739191082716351,0.02200834725220746
d1,o_max,m000012_o_max_ord3_rk00013,0.2894747005621743,0.2739191082716351,0.015555592290539155
d1,o_max,m000013_o_max_ord3_rk00014,0.29474475935294,0.2739191082716351,0.020825651081304852
d1,o_max,m000014_o_max_ord3_rk00015,0.2911525101107236,0.2739191082716351,0.017233401839088447
d1,o_max,m000015_o_max_ord3_rk00016,0.2940617091552649,0.2739191082716351,0.02014260088362979
d1,o_max,m000016_o_max_ord3_rk00017,0.2946335491397421,0.2739191082716351,0.020714440868106976
d1,o_max,m000017_o_max_ord3_rk00018,0.2914397143488916,0.2739191082716351,0.017520606077256473
d1,o_max,m000018_o_max_ord3_rk00019,0.2922346819811897,0.2739191082716351,0.018315573709554556
d1,o_max,m000019_o_max_ord3_rk00020,0.2941734020851843,0.2739191082716351,0.02025429381354915
d1,o_max,m001000_o_max_ord4_rk00001,0.2913783703266087,0.2739191082716351,0.017459262054973557
d1,o_max,m001001_o_max_ord4_rk00002,0.2892026574912422,0.2739191082716351,0.015283549219607062
d1,o_max,m001002_o_max_ord4_rk00003,0.2974258484937802,0.2739191082716351,0.02350674022214505
d1,o_max,m001003_o_max_ord4_rk00004,0.2891779831569546,0.2739191082716351,0.015258874885319462
d1,o_max,m001004_o_max_ord4_rk00005,0.2894149435019575,0.2739191082716351,0.015495835230322386
d1,o_max,m001005_o_max_ord4_rk00006,0.2897293981528266,0.2739191082716351,0.015810289881191486
d1,o_max,m001006_o_max_ord4_rk00007,0.2969771798348085,0.2739191082716351,0.023058071563173355
d1,o_max,m001007_o_max_ord4_rk00008,0.2466461418687555,0.2739191082716351,-0.027272966402879628
d1,o_max,m001008_o_max_ord4_rk00009,0.2913537679261736,0.2739191082716351,0.017434659654538498
d1,o_max,m001009_o_max_ord4_rk00010,0.2908898921687685,0.2739191082716351,0.016970783897133357
d1,o_max,m001010_o_max_ord4_rk00011,0.2948498827453484,0.2739191082716351,0.020930774473713276
d1,o_max,m001011_o_max_ord4_rk00012,0.2919342723336587,0.2739191082716351,0.01801516406202358
d1,o_max,m001012_o_max_ord4_rk00013,0.2954566006180884,0.2739191082716351,0.021537492346453302
d1,o_max,m001013_o_max_ord4_rk00014,0.2908981208937625,0.2739191082716351,0.016979012622127365
d1,o_max,m001014_o_max_ord4_rk00015,0.2890459915711918,0.2739191082716351,0.015126883299556693
d1,o_max,m001015_o_max_ord4_rk00016,0.2909754265437758,0.2739191082716351,0.017056318272140658
d1,o_max,m001016_o_max_ord4_rk00017,0.2954260574340643,0.2739191082716351,0.02150694916242918
d1,o_max,m001017_o_max_ord4_rk00018,0.2882962004734388,0.2739191082716351,0.014377092201803665
d1,o_max,m001018_o_max_ord4_rk00019,0.2879283248619816,0.2739191082716351,0.014009216590346485
d1,o_max,m001019_o_max_ord4_rk00020,0.2316547419547161,0.2739191082716351,-0.042264366316919016
d1,o_max,m002000_o_max_ord5_rk00001,0.2895289344556259,0.2739191082716351,0.01560982618399076
d1,o_max,m002001_o_max_ord5_rk00002,0.2925097276223999,0.2739191082716351,0.01859061935076478
d1,o_max,m002002_o_max_ord5_rk00003,0.2894720732911997,0.2739191082716351,0.015552965019564602
d1,o_max,m002003_o_max_ord5_rk00004,0.2933771457630933,0.2739191082716351,0.01945803749145819
d1,o_max,m002004_o_max_ord5_rk00005,0.2886966820565504,0.2739191082716351,0.014777573784915288
d1,o_max,m002005_o_max_ord5_rk00006,0.2930305803712066,0.2739191082716351,0.01911147209957148
d1,o_max,m002006_o_max_ord5_rk00007,0.2909006213190344,0.2739191082716351,0.016981513047399255
d1,o_max,m002007_o_max_ord5_rk00008,0.2931955888496234,0.2739191082716351,0.019276480577988253
d1,o_max,m002008_o_max_ord5_rk00009,0.2898006994295805,0.2739191082716351,0.01588159115794535
d1,o_max,m002009_o_max_ord5_rk00010,0.2954061952251782,0.2739191082716351,0.021487086953543066
d1,o_max,m002010_o_max_ord5_rk00011,0.2883533991837538,0.2739191082716351,0.014434290912118675
d1,o_max,m002011_o_max_ord5_rk00012,0.2829246267019399,0.2739191082716351,0.009005518430304782
d1,o_max,m002012_o_max_ord5_rk00013,0.2922270378289823,0.2739191082716351,0.01830792955734717
d1,o_max,m002013_o_max_ord5_rk00014,0.2941886045601869,0.2739191082716351,0.02026949628855179
d1,o_max,m002014_o_max_ord5_rk00015,0.2954110747374668,0.2739191082716351,0.02149196646583168
d1,o_max,m002015_o_max_ord5_rk00016,0.287226888835642,0.2739191082716351,0.013307780564006888
d1,o_max,m002016_o_max_ord5_rk00017,0.2887124216221497,0.2739191082716351,0.014793313350514592
d1,o_max,m002017_o_max_ord5_rk00018,0.2910932715844644,0.2739191082716351,0.017174163312829283
d1,o_max,m002018_o_max_ord5_rk00019,0.2917453568039354,0.2739191082716351,0.01782624853230025
d1,o_max,m002019_o_max_ord5_rk00020,0.2927167280345906,0.2739191082716351,0.018797619762955464
d1,o_max,m003000_o_max_ord6_rk00001,0.2916775137871935,0.2739191082716351,0.01775840551555835
d1,o_max,m003001_o_max_ord6_rk00002,0.2882313287965422,0.2739191082716351,0.014312220524907049
d1,o_max,m003002_o_max_ord6_rk00003,0.2861937758650081,0.2739191082716351,0.012274667593372979
d1,o_max,m003003_o_max_ord6_rk00004,0.2904830817384964,0.2739191082716351,0.01656397346686128
d1,o_max,m003004_o_max_ord6_rk00005,0.2885465204693315,0.2739191082716351,0.014627412197696366
d1,o_max,m003005_o_max_ord6_rk00006,0.288987343795579,0.2739191082716351,0.015068235523943874
d1,o_max,m003006_o_max_ord6_rk00007,0.2931203717162405,0.2739191082716351,0.019201263444605376
d1,o_max,m003007_o_max_ord6_rk00008,0.289007877651911,0.2739191082716351,0.015088769380275868
d1,o_max,m003008_o_max_ord6_rk00009,0.2917909396924802,0.2739191082716351,0.017871831420845086
d1,o_max,m003009_o_max_ord6_rk00010,0.2768917690143099,0.2739191082716351,0.002972660742674771
d1,o_max,m003010_o_max_ord6_rk00011,0.2929525757014803,0.2739191082716351,0.019033467429845186
d1,o_max,m003011_o_max_ord6_rk00012,0.2883822559643767,0.2739191082716351,0.014463147692741596
d1,o_max,m003012_o_max_ord6_rk00013,0.2919766556173593,0.2739191082716351,0.01805754734572418
d1,o_max,m003013_o_max_ord6_rk00014,0.2916046895124384,0.2739191082716351,0.017685581240803272
d1,o_max,m003014_o_max_ord6_rk00015,0.2937214132524784,0.2739191082716351,0.01980230498084329
d1,o_max,m003015_o_max_ord6_rk00016,0.2913301630446759,0.2739191082716351,0.01741105477304078
d1,o_max,m003016_o_max_ord6_rk00017,0.2834257196954112,0.2739191082716351,0.009506611423776068
d1,o_max,m003017_o_max_ord6_rk00018,0.2924458655774136,0.2739191082716351,0.018526757305778463
d1,o_max,m003018_o_max_ord6_rk00019,0.2883363257079514,0.2739191082716351,0.014417217436316299
d1,o_max,m003019_o_max_ord6_rk00020,0.2944222411932879,0.2739191082716351,0.02050313292165279
d1,o_max,m004000_o_max_ord7_rk00001,0.2923893456469619,0.2739191082716351,0.01847023737532677
d1,o_max,m004001_o_max_ord7_rk00002,0.292320132289907,0.2739191082716351,0.018401024018271872
d1,o_max,m004002_o_max_ord7_rk00003,0.2876945008051926,0.2739191082716351,0.013775392533557473
d1,o_max,m004003_o_max_ord7_rk00004,0.2906124752372734,0.2739191082716351,0.01669336696563828
d1,o_max,m004004_o_max_ord7_rk00005,0.2946065649679634,0.2739191082716351,0.020687456696328266
d1,o_max,m004005_o_max_ord7_rk00006,0.2951865719952322,0.2739191082716351,0.021267463723597058
d1,o_max,m004006_o_max_ord7_rk00007,0.2944033105397531,0.2739191082716351,0.02048420226811798
d1,o_max,m004007_o_max_ord7_rk00008,0.2898791115133875,0.2739191082716351,0.015960003241752396
d1,o_max,m004008_o_max_ord7_rk00009,0.2840143159811698,0.2739191082716351,0.010095207709534648
d1,o_max,m004009_o_max_ord7_rk00010,0.2883592104098944,0.2739191082716351,0.014440102138259248
d1,o_max,m004010_o_max_ord7_rk00011,0.2912099873076549,0.2739191082716351,0.01729087903601978
d1,o_max,m004011_o_max_ord7_rk00012,0.2908244364207354,0.2739191082716351,0.016905328149100285
d1,o_max,m004012_o_max_ord7_rk00013,0.2920144450229527,0.2739191082716351,0.01809533675131758
d1,o_max,m004013_o_max_ord7_rk00014,0.2948164133303776,0.2739191082716351,0.020897305058742488
d1,o_max,m004014_o_max_ord7_rk00015,0.2772991050052823,0.2739191082716351,0.0033799967336471948
d1,o_max,m004015_o_max_ord7_rk00016,0.2891712090472287,0.2739191082716351,0.01525210077559358
d1,o_max,m004016_o_max_ord7_rk00017,0.2863145214873918,0.2739191082716351,0.012395413215756657
d1,o_max,m004017_o_max_ord7_rk00018,0.293544666712077,0.2739191082716351,0.019625558440441893
d1,o_max,m004018_o_max_ord7_rk00019,0.2880021574596529,0.2739191082716351,0.014083049188017782
d1,o_max,m004019_o_max_ord7_rk00020,0.2947432333250523,0.2739191082716351,0.020824125053417186
d1,o_max,m005000_o_max_ord8_rk00001,0.295027196246633,0.2739191082716351,0.021108087974997858
d1,o_max,m005001_o_max_ord8_rk00002,0.2950234645896291,0.2739191082716351,0.021104356317993955
d1,o_max,m005002_o_max_ord8_rk00003,0.2876644878074551,0.2739191082716351,0.013745379535820001
d1,o_max,m005003_o_max_ord8_rk00004,0.2885504177338062,0.2739191082716351,0.01463130946217106
d1,o_max,m005004_o_max_ord8_rk00005,0.2843869942205065,0.2739191082716351,0.01046788594887138
d1,o_max,m005005_o_max_ord8_rk00006,0.290627834894806,0.2739191082716351,0.016708726623170855
d1,o_max,m005006_o_max_ord8_rk00007,0.2894670735385393,0.2739191082716351,0.015547965266904162
d1,o_max,m005007_o_max_ord8_rk00008,0.2907220894339755,0.2739191082716351,0.016802981162340358
d1,o_max,m005008_o_max_ord8_rk00009,0.2959999969526357,0.2739191082716351,0.022080888681000554
d1,o_max,m005009_o_max_ord8_rk00010,0.2959146097293892,0.2739191082716351,0.021995501457754085
d1,o_max,m005010_o_max_ord8_rk00011,0.2908455596698799,0.2739191082716351,0.01692645139824478
d1,o_max,m005011_o_max_ord8_rk00012,0.2920872252839721,0.2739191082716351,0.01816811701233695
d1,o_max,m005012_o_max_ord8_rk00013,0.2885511608338553,0.2739191082716351,0.014632052562220166
d1,o_max,m005013_o_max_ord8_rk00014,0.2916967180351194,0.2739191082716351,0.017777609763484248
d1,o_max,m005014_o_max_ord8_rk00015,0.2737084851547335,0.2739191082716351,-0.0002106231169016204
d1,o_max,m005015_o_max_ord8_rk00016,0.2895553126005022,0.2739191082716351,0.015636204328867087
d1,o_max,m005016_o_max_ord8_rk00017,0.2903973295764058,0.2739191082716351,0.016478221304770668
d1,o_max,m005017_o_max_ord8_rk00018,0.2905342544463573,0.2739191082716351,0.01661514617472215
d1,o_max,m005018_o_max_ord8_rk00019,0.2882744840046984,0.2739191082716351,0.01435537573306328
d1,o_max,m005019_o_max_ord8_rk00020,0.2829706180718803,0.2739191082716351,0.009051509800245161
d1,o_max,m006000_o_max_ord9_rk00001,0.2929166482415575,0.2739191082716351,0.018997539969922372
d1,o_max,m006001_o_max_ord9_rk00002,0.2922398149586772,0.2739191082716351,0.018320706687042054
d1,o_max,m006002_o_max_ord9_rk00003,0.2898597820093376,0.2739191082716351,0.01594067373770247
d1,o_max,m006003_o_max_ord9_rk00004,0.2911934410574588,0.2739191082716351,0.017274332785823687
d1,o_max,m006004_o_max_ord9_rk00005,0.284097520008176,0.2739191082716351,0.010178411736540882
d1,o_max,m006005_o_max_ord9_rk00006,0.2804908314254569,0.2739191082716351,0.006571723153821762
d1,o_max,m006006_o_max_ord9_rk00007,0.28950733390917,0.2739191082716351,0.01558822563753487
d1,o_max,m006007_o_max_ord9_rk00008,0.2913029342894672,0.2739191082716351,0.01738382601783206
d1,o_max,m006008_o_max_ord9_rk00009,0.2915656820227232,0.2739191082716351,0.01764657375108808
d1,o_max,m006009_o_max_ord9_rk00010,0.2936993219785094,0.2739191082716351,0.019780213706874272
d1,o_max,m006010_o_max_ord9_rk00011,0.2908704792210831,0.2739191082716351,0.016951370949447986
d1,o_max,m006011_o_max_ord9_rk00012,0.2895861899594415,0.2739191082716351,0.015667081687806395
d1,o_max,m006012_o_max_ord9_rk00013,0.2894361577446211,0.2739191082716351,0.015517049472985989
d1,o_max,m006013_o_max_ord9_rk00014,0.2930844402677574,0.2739191082716351,0.019165331996122248
d1,o_max,m006014_o_max_ord9_rk00015,0.2768389817756246,0.2739191082716351,0.0029198735039894785
d1,o_max,m006015_o_max_ord9_rk00016,0.2890806222495991,0.2739191082716351,0.015161513977963947
d1,o_max,m006016_o_max_ord9_rk00017,0.2915873470342978,0.2739191082716351,0.017668238762662658
d1,o_max,m006017_o_max_ord9_rk00018,0.2908749391634405,0.2739191082716351,0.016955830891805357
d1,o_max,m006018_o_max_ord9_rk00019,0.2891802593381312,0.2739191082716351,0.01526115106649606
d1,o_max,m006019_o_max_ord9_rk00020,0.2889399645146318,0.2739191082716351,0.01502085624299665
d1,o_max,m007000_o_max_ord10_rk00001,0.2937896206818219,0.2739191082716351,0.01987051241018678
d1,o_max,m007001_o_max_ord10_rk00002,0.2906443939206832,0.2739191082716351,0.01672528564904807
d1,o_max,m007002_o_max_ord10_rk00003,0.2881999485930069,0.2739191082716351,0.01428084032137178
d1,o_max,m007003_o_max_ord10_rk00004,0.2912924782782882,0.2739191082716351,0.017373370006653066
d1,o_max,m007004_o_max_ord10_rk00005,0.2967692675582888,0.2739191082716351,0.022850159286653682
d1,o_max,m007005_o_max_ord10_rk00006,0.2917631199968222,0.2739191082716351,0.01784401172518707
d1,o_max,m007006_o_max_ord10_rk00007,0.294521809658816,0.2739191082716351,0.0206027013871809
d1,o_max,m007007_o_max_ord10_rk00008,0.2908643498113467,0.2739191082716351,0.016945241539711553
d1,o_max,m007008_o_max_ord10_rk00009,0.2978482043556261,0.2739191082716351,0.023929096083990964
d1,o_max,m007009_o_max_ord10_rk00010,0.2869215375516517,0.2739191082716351,0.013002429280016548
d1,o_max,m007010_o_max_ord10_rk00011,0.2942663639140394,0.2739191082716351,0.02034725564240425
d1,o_max,m007011_o_max_ord10_rk00012,0.2954554733184551,0.2739191082716351,0.021536365046819994
d1,o_max,m007012_o_max_ord10_rk00013,0.2901059709831196,0.2739191082716351,0.01618686271148445
d1,o_max,m007013_o_max_ord10_rk00014,0.2937220061092809,0.2739191082716351,0.019802897837645772
d1,o_max,m007014_o_max_ord10_rk00015,0.2881496226754448,0.2739191082716351,0.01423051440380968
d1,o_max,m007015_o_max_ord10_rk00016,0.2945236099476356,0.2739191082716351,0.020604501676000475
d1,o_max,m007016_o_max_ord10_rk00017,0.292486484861574,0.2739191082716351,0.0185673765899389
d1,o_max,m007017_o_max_ord10_rk00018,0.2852972610125233,0.2739191082716351,0.011378152740888159
d1,o_max,m007018_o_max_ord10_rk00019,0.2955094298869121,0.2739191082716351,0.021590321615276964
d1,o_max,m007019_o_max_ord10_rk00020,0.2917745882439685,0.2739191082716351,0.017855479972333388
d1,o_max,m008000_o_max_ord11_rk00001,0.2896349896555268,0.2739191082716351,0.015715881383891683
d1,o_max,m008001_o_max_ord11_rk00002,0.2832569121746726,0.2739191082716351,0.009337803903037456
d1,o_max,m008002_o_max_ord11_rk00003,0.2921449819947421,0.2739191082716351,0.018225873723106967
d1,o_max,m008003_o_max_ord11_rk00004,0.2931486405561025,0.2739191082716351,0.019229532284467388
d1,o_max,m008004_o_max_ord11_rk00005,0.2907303683154337,0.2739191082716351,0.01681126004379857
d1,o_max,m008005_o_max_ord11_rk00006,0.2835878422083054,0.2739191082716351,0.009668733936670282
d1,o_max,m008006_o_max_ord11_rk00007,0.2904599271295699,0.2739191082716351,0.01654081885793479
d1,o_max,m008007_o_max_ord11_rk00008,0.2901849275893885,0.2739191082716351,0.016265819317753394
d1,o_max,m008008_o_max_ord11_rk00009,0.2937119063623322,0.2739191082716351,0.01979279809069706
d1,o_max,m008009_o_max_ord11_rk00010,0.2897711968953755,0.2739191082716351,0.01585208862374038
d1,o_max,m008010_o_max_ord11_rk00011,0.2878120586669969,0.2739191082716351,0.013892950395361758
d1,o_max,m008011_o_max_ord11_rk00012,0.2865950512330973,0.2739191082716351,0.012675942961462183
d1,o_max,m008012_o_max_ord11_rk00013,0.2930565975163905,0.2739191082716351,0.01913748924475539
d1,o_max,m008013_o_max_ord11_rk00014,0.2811740284106379,0.2739191082716351,0.007254920139002752
d1,o_max,m008014_o_max_ord11_rk00015,0.2844208120099023,0.2739191082716351,0.010501703738267198
d1,o_max,m008015_o_max_ord11_rk00016,0.2889529858028199,0.2739191082716351,0.015033877531184792
d1,o_max,m008016_o_max_ord11_rk00017,0.2916904817266316,0.2739191082716351,0.017771373454996464
d1,o_max,m008017_o_max_ord11_rk00018,0.2943942170567809,0.2739191082716351,0.0204751087851458
d1,o_max,m008018_o_max_ord11_rk00019,0.291906315390246,0.2739191082716351,0.01798720711861085
d1,o_max,m008019_o_max_ord11_rk00020,0.2921105958434155,0.2739191082716351,0.01819148757178035
d1,o_max,m009000_o_max_ord12_rk00001,0.2875241694201376,0.2739191082716351,0.013605061148502462
d1,o_max,m009001_o_max_ord12_rk00002,0.2930606594594345,0.2739191082716351,0.019141551187799366
d1,o_max,m009002_o_max_ord12_rk00003,0.2943870282189919,0.2739191082716351,0.02046791994735675
d1,o_max,m009003_o_max_ord12_rk00004,0.2917276493704754,0.2739191082716351,0.01780854109884028
d1,o_max,m009004_o_max_ord12_rk00005,0.2905138573009138,0.2739191082716351,0.016594749029278655
d1,o_max,m009005_o_max_ord12_rk00006,0.2883429934071441,0.2739191082716351,0.014423885135508963
d1,o_max,m009006_o_max_ord12_rk00007,0.2858714990661154,0.2739191082716351,0.011952390794480294
d1,o_max,m009007_o_max_ord12_rk00008,0.2869810927638264,0.2739191082716351,0.013061984492191259
d1,o_max,m009008_o_max_ord12_rk00009,0.28607484291099,0.2739191082716351,0.012155734639354876
d1,o_max,m009009_o_max_ord12_rk00010,0.2943504344406862,0.2739191082716351,0.02043132616905108
d1,o_max,m009010_o_max_ord12_rk00011,0.2922127215401838,0.2739191082716351,0.01829361326854867
d1,o_max,m009011_o_max_ord12_rk00012,0.2937304880541421,0.2739191082716351,0.019811379782506966
d1,o_max,m009012_o_max_ord12_rk00013,0.292639540892188,0.2739191082716351,0.018720432620552896
d1,o_max,m009013_o_max_ord12_rk00014,0.2907286869269856,0.2739191082716351,0.016809578655350488
d1,o_max,m009014_o_max_ord12_rk00015,0.2919848017294072,0.2739191082716351,0.018065693457772092
d1,o_max,m009015_o_max_ord12_rk00016,0.2949457119872831,0.2739191082716351,0.021026603715647962
d1,o_max,m009016_o_max_ord12_rk00017,0.2792164945268682,0.2739191082716351,0.005297386255233072
d1,o_max,m009017_o_max_ord12_rk00018,0.2910267446395593,0.2739191082716351,0.017107636367924173
d1,o_max,m009018_o_max_ord12_rk00019,0.2792577725935152,0.2739191082716351,0.005338664321880071
d1,o_max,m009019_o_max_ord12_rk00020,0.2855665451221971,0.2739191082716351,0.011647436850561965
d1,o_max,m010000_o_max_ord13_rk00001,0.2829634934806262,0.2739191082716351,0.00904438520899109
d1,o_max,m010001_o_max_ord13_rk00002,0.290009819436162,0.2739191082716351,0.016090711164526872
d1,o_max,m010002_o_max_ord13_rk00003,0.2909525418312684,0.2739191082716351,0.01703343355963327
d1,o_max,m010003_o_max_ord13_rk00004,0.2834014141903926,0.2739191082716351,0.009482305918757483
d1,o_max,m010004_o_max_ord13_rk00005,0.2910675541589338,0.2739191082716351,0.01714844588729869
d1,o_max,m010005_o_max_ord13_rk00006,0.2845539742808208,0.2739191082716351,0.010634866009185673
d1,o_max,m010006_o_max_ord13_rk00007,0.2903179536761553,0.2739191082716351,0.01639884540452019
d1,o_max,m010007_o_max_ord13_rk00008,0.2904217515757902,0.2739191082716351,0.016502643304155074
d1,o_max,m010008_o_max_ord13_rk00009,0.2860126991163083,0.2739191082716351,0.012093590844673152
d1,o_max,m010009_o_max_ord13_rk00010,0.2861397939881583,0.2739191082716351,0.012220685716523183
d1,o_max,m010010_o_max_ord13_rk00011,0.290123872120714,0.2739191082716351,0.016204763849078874
d1,o_max,m010011_o_max_ord13_rk00012,0.2907608401463751,0.2739191082716351,0.016841731874739974
d1,o_max,m010012_o_max_ord13_rk00013,0.2837719608837052,0.2739191082716351,0.009852852612070084
d1,o_max,m010013_o_max_ord13_rk00014,0.2826292826365629,0.2739191082716351,0.00871017436492777
d1,o_max,m010014_o_max_ord13_rk00015,0.2931370539269672,0.2739191082716351,0.01921794565533208
d1,o_max,m010015_o_max_ord13_rk00016,0.2857571114434358,0.2739191082716351,0.01183800317180067
d1,o_max,m010016_o_max_ord13_rk00017,0.289047068040229,0.2739191082716351,0.01512795976859388
d1,o_max,m010017_o_max_ord13_rk00018,0.2849498300832269,0.2739191082716351,0.01103072181159176
d1,o_max,m010018_o_max_ord13_rk00019,0.2863511011815998,0.2739191082716351,0.012431992909964662
d1,o_max,m010019_o_max_ord13_rk00020,0.2936738689313694,0.2739191082716351,0.01975476065973425
d1,o_max,m011000_o_max_ord14_rk00001,0.2908730829781156,0.2739191082716351,0.016953974706480468
d1,o_max,m011001_o_max_ord14_rk00002,0.2834426850178002,0.2739191082716351,0.009523576746165052
d1,o_max,m011002_o_max_ord14_rk00003,0.2846275658437321,0.2739191082716351,0.010708457572096985
d1,o_max,m011003_o_max_ord14_rk00004,0.2898766218713647,0.2739191082716351,0.015957513599729578
d1,o_max,m011004_o_max_ord14_rk00005,0.2902300249103691,0.2739191082716351,0.016310916638733963
d1,o_max,m011005_o_max_ord14_rk00006,0.2843596313281306,0.2739191082716351,0.010440523056495454
d1,o_max,m011006_o_max_ord14_rk00007,0.2866183842290744,0.2739191082716351,0.012699275957439249
d1,o_max,m011007_o_max_ord14_rk00008,0.287123712079332,0.2739191082716351,0.01320460380769689
d1,o_max,m011008_o_max_ord14_rk00009,0.2876647384952083,0.2739191082716351,0.013745630223573169
d1,o_max,m011009_o_max_ord14_rk00010,0.2856217985042757,0.2739191082716351,0.011702690232640589
d1,o_max,m011010_o_max_ord14_rk00011,0.2868276892155273,0.2739191082716351,0.01290858094389219
d1,o_max,m011011_o_max_ord14_rk00012,0.2930295218529162,0.2739191082716351,0.01911041358128107
d1,o_max,m011012_o_max_ord14_rk00013,0.2887947903229687,0.2739191082716351,0.01487568205133355
d1,o_max,m011013_o_max_ord14_rk00014,0.2881253974152684,0.2739191082716351,0.014206289143633255
d1,o_max,m011014_o_max_ord14_rk00015,0.2913631403104931,0.2739191082716351,0.01744403203885797
d1,o_max,m011015_o_max_ord14_rk00016,0.290688275166411,0.2739191082716351,0.016769166894775867
d1,o_max,m011016_o_max_ord14_rk00017,0.284472756288342,0.2739191082716351,0.010553648016706885
d1,o_max,m011017_o_max_ord14_rk00018,0.2928891985793552,0.2739191082716351,0.018970090307720067
d1,o_max,m011018_o_max_ord14_rk00019,0.2891998141978847,0.2739191082716351,0.015280705926249583
d1,o_max,m011019_o_max_ord14_rk00020,0.2911068621421249,0.2739191082716351,0.017187753870489764
d1,o_max,m012000_o_max_ord15_rk00001,0.2868577978255295,0.2739191082716351,0.012938689553894378
d1,o_max,m012001_o_max_ord15_rk00002,0.2845750709233724,0.2739191082716351,0.010655962651737294
d1,o_max,m012002_o_max_ord15_rk00003,0.2787920037553092,0.2739191082716351,0.004872895483674089
d1,o_max,m012003_o_max_ord15_rk00004,0.2897498624519951,0.2739191082716351,0.01583075418035995
d1,o_max,m012004_o_max_ord15_rk00005,0.2841780672909956,0.2739191082716351,0.01025895901936047
d1,o_max,m012005_o_max_ord15_rk00006,0.2884969333511138,0.2739191082716351,0.01457782507947869
d1,o_max,m012006_o_max_ord15_rk00007,0.2885313298521867,0.2739191082716351,0.014612221580551588
d1,o_max,m012007_o_max_ord15_rk00008,0.289414613000684,0.2739191082716351,0.01549550472904887
d1,o_max,m012008_o_max_ord15_rk00009,0.287408172074169,0.2739191082716351,0.013489063802533896
d1,o_max,m012009_o_max_ord15_rk00010,0.2843869659499162,0.2739191082716351,0.010467857678281067
d1,o_max,m012010_o_max_ord15_rk00011,0.28849958467289,0.2739191082716351,0.014580476401254872
d1,o_max,m012011_o_max_ord15_rk00012,0.2847156217190035,0.2739191082716351,0.010796513447368372
d1,o_max,m012012_o_max_ord15_rk00013,0.2875191543028078,0.2739191082716351,0.013600046031172652
d1,o_max,m012013_o_max_ord15_rk00014,0.2838996623115164,0.2739191082716351,0.009980554039881295
d1,o_max,m012014_o_max_ord15_rk00015,0.2843173659449893,0.2739191082716351,0.010398257673354172
d1,o_max,m012015_o_max_ord15_rk00016,0.2898235664408254,0.2739191082716351,0.015904458169190283
d1,o_max,m012016_o_max_ord15_rk00017,0.2767118324839737,0.2739191082716351,0.00279272421233856
d1,o_max,m012017_o_max_ord15_rk00018,0.2900739729482263,0.2739191082716351,0.016154864676591163
d1,o_max,m012018_o_max_ord15_rk00019,0.2924448234322736,0.2739191082716351,0.0185257151606385
d1,o_max,m012019_o_max_ord15_rk00020,0.2892845412693358,0.2739191082716351,0.015365432997700657
d1,o_max,m013000_o_max_ord16_rk00001,0.284534427463569,0.2739191082716351,0.01061531919193387
d1,o_max,m013001_o_max_ord16_rk00002,0.2852183468728233,0.2739191082716351,0.0112992386011882
d1,o_max,m013002_o_max_ord16_rk00003,0.2886138184102075,0.2739191082716351,0.014694710138572376
d1,o_max,m013003_o_max_ord16_rk00004,0.2400633252704829,0.2739191082716351,-0.03385578300115222
d1,o_max,m013004_o_max_ord16_rk00005,0.2898652868672462,0.2739191082716351,0.015946178595611094
d1,o_max,m013005_o_max_ord16_rk00006,0.2874232230473398,0.2739191082716351,0.013504114775704679
d1,o_max,m013006_o_max_ord16_rk00007,0.2839970349160839,0.2739191082716351,0.010077926644448787
d1,o_max,m013007_o_max_ord16_rk00008,0.286968833198661,0.2739191082716351,0.013049724927025885
d1,o_max,m013008_o_max_ord16_rk00009,0.289237062875571,0.2739191082716351,0.015317954603935868
d1,o_max,m013009_o_max_ord16_rk00010,0.2773851495249645,0.2739191082716351,0.0034660412533293883
d1,o_max,m013010_o_max_ord16_rk00011,0.2923941573001122,0.2739191082716351,0.018475049028477075
d1,o_max,m013011_o_max_ord16_rk00012,0.2868772104743736,0.2739191082716351,0.012958102202738464
d1,o_max,m013012_o_max_ord16_rk00013,0.2866571530474124,0.2739191082716351,0.01273804477577728
d1,o_max,m013013_o_max_ord16_rk00014,0.2873860148560153,0.2739191082716351,0.013466906584380156
d1,o_max,m013014_o_max_ord16_rk00015,0.2907019478996028,0.2739191082716351,0.01678283962796767
d1,o_max,m013015_o_max_ord16_rk00016,0.2848085323183962,0.2739191082716351,0.010889424046761076
d1,o_max,m013016_o_max_ord16_rk00017,0.2868922036928006,0.2739191082716351,0.012973095421165481
d1,o_max,m013017_o_max_ord16_rk00018,0.288023927570617,0.2739191082716351,0.014104819298981885
d1,o_max,m013018_o_max_ord16_rk00019,0.2896248919302736,0.2739191082716351,0.01570578365863845
d1,o_max,m013019_o_max_ord16_rk00020,0.2888402757420834,0.2739191082716351,0.014921167470448249
d1,o_max,m014000_o_max_ord17_rk00001,0.2672059109014916,0.2739191082716351,-0.006713197370143531
d1,o_max,m014001_o_max_ord17_rk00002,0.2909567305787052,0.2739191082716351,0.017037622307070066
d1,o_max,m014002_o_max_ord17_rk00003,0.2879712677734077,0.2739191082716351,0.014052159501772576
d1,o_max,m014003_o_max_ord17_rk00004,0.288610602968896,0.2739191082716351,0.014691494697260887
d1,o_max,m014004_o_max_ord17_rk00005,0.2875260280395595,0.2739191082716351,0.013606919767924386
d1,o_max,m014005_o_max_ord17_rk00006,0.2879354870838571,0.2739191082716351,0.014016378812221952
d1,o_max,m014006_o_max_ord17_rk00007,0.2904164720686559,0.2739191082716351,0.01649736379702077
d1,o_max,m014007_o_max_ord17_rk00008,0.2890500545592834,0.2739191082716351,0.015130946287648273
d1,o_max,m014008_o_max_ord17_rk00009,0.2891642531394074,0.2739191082716351,0.015245144867772287
d1,o_max,m014009_o_max_ord17_rk00010,0.2916032998489692,0.2739191082716351,0.017684191577334085
d1,o_max,m014010_o_max_ord17_rk00011,0.2828171415698365,0.2739191082716351,0.00889803329820138
d1,o_max,m014011_o_max_ord17_rk00012,0.2900475858018881,0.2739191082716351,0.016128477530252983
d1,o_max,m014012_o_max_ord17_rk00013,0.2901014249743141,0.2739191082716351,0.016182316702679
d1,o_max,m014013_o_max_ord17_rk00014,0.2893711663990523,0.2739191082716351,0.015452058127417179
d1,o_max,m014014_o_max_ord17_rk00015,0.2910624071223037,0.2739191082716351,0.017143298850668565
d1,o_max,m014015_o_max_ord17_rk00016,0.288014787242053,0.2739191082716351,0.014095678970417858
d1,o_max,m014016_o_max_ord17_rk00017,0.289219167885601,0.2739191082716351,0.015300059613965855
d1,o_max,m014017_o_max_ord17_rk00018,0.2916642014475189,0.2739191082716351,0.017745093175883797
d1,o_max,m014018_o_max_ord17_rk00019,0.2883084854877799,0.2739191082716351,0.01438937721614475
d1,o_max,m014019_o_max_ord17_rk00020,0.2909017843388413,0.2739191082716351,0.01698267606720616
d1,o_max,m015000_o_max_ord18_rk00001,0.2473021684904564,0.2739191082716351,-0.02661693978117874
d1,o_max,m015001_o_max_ord18_rk00002,0.290369937511724,0.2739191082716351,0.016450829240088893
d1,o_max,m015002_o_max_ord18_rk00003,0.2909384689573567,0.2739191082716351,0.017019360685721574
d1,o_max,m015003_o_max_ord18_rk00004,0.2903548118898417,0.2739191082716351,0.016435703618206565
d1,o_max,m015004_o_max_ord18_rk00005,0.2916448305236113,0.2739191082716351,0.01772572225197616
d1,o_max,m015005_o_max_ord18_rk00006,0.2887930205484043,0.2739191082716351,0.014873912276769152
d1,o_max,m015006_o_max_ord18_rk00007,0.2940034175975592,0.2739191082716351,0.020084309325924088
d1,o_max,m015007_o_max_ord18_rk00008,0.2905168068742019,0.2739191082716351,0.01659769860256677
d1,o_max,m015008_o_max_ord18_rk00009,0.2907870159318964,0.2739191082716351,0.01686790766026125
d1,o_max,m015009_o_max_ord18_rk00010,0.2885273177798603,0.2739191082716351,0.014608209508225167
d1,o_max,m015010_o_max_ord18_rk00011,0.295422216923473,0.2739191082716351,0.021503108651837854
d1,o_max,m015011_o_max_ord18_rk00012,0.28969117939903,0.2739191082716351,0.01577207112739487
d1,o_max,m015012_o_max_ord18_rk00013,0.2889633276633504,0.2739191082716351,0.015044219391715297
d1,o_max,m015013_o_max_ord18_rk00014,0.2925253608556233,0.2739191082716351,0.01860625258398818
d1,o_max,m015014_o_max_ord18_rk00015,0.2904481466222578,0.2739191082716351,0.016529038350622693
d1,o_max,m015015_o_max_ord18_rk00016,0.2921817391547875,0.2739191082716351,0.018262630883152386
d1,o_max,m015016_o_max_ord18_rk00017,0.2875017475518854,0.2739191082716351,0.013582639280250275
d1,o_max,m015017_o_max_ord18_rk00018,0.2879289076353166,0.2739191082716351,0.014009799363681463
d1,o_max,m015018_o_max_ord18_rk00019,0.2905251017223551,0.2739191082716351,0.016605993450719947
d1,o_max,m015019_o_max_ord18_rk00020,0.2874278919032652,0.2739191082716351,0.01350878363163005
d1,o_max,m016000_o_max_ord19_rk00001,0.2565236388201586,0.2739191082716351,-0.01739546945147652
d1,o_max,m016001_o_max_ord19_rk00002,0.2914059437729017,0.2739191082716351,0.017486835501266562
d1,o_max,m016002_o_max_ord19_rk00003,0.2883884764435831,0.2739191082716351,0.014469368171947994
d1,o_max,m016003_o_max_ord19_rk00004,0.2877535473995123,0.2739191082716351,0.013834439127877185
d1,o_max,m016004_o_max_ord19_rk00005,0.288066070690631,0.2739191082716351,0.014146962418995879
d1,o_max,m016005_o_max_ord19_rk00006,0.2846271840027541,0.2739191082716351,0.010708075731118982
d1,o_max,m016006_o_max_ord19_rk00007,0.2856171538682391,0.2739191082716351,0.011698045596603979
d1,o_max,m016007_o_max_ord19_rk00008,0.2870233782775913,0.2739191082716351,0.013104270005956153
d1,o_max,m016008_o_max_ord19_rk00009,0.2870589532015174,0.2739191082716351,0.013139844929882294
d1,o_max,m016009_o_max_ord19_rk00010,0.286143882399347,0.2739191082716351,0.01222477412771189
d1,o_max,m016010_o_max_ord19_rk00011,0.2864487715061414,0.2739191082716351,0.012529663234506272
d1,o_max,m016011_o_max_ord19_rk00012,0.291137175031933,0.2739191082716351,0.017218066760297857
d1,o_max,m016012_o_max_ord19_rk00013,0.2927724710221162,0.2739191082716351,0.01885336275048105
d1,o_max,m016013_o_max_ord19_rk00014,0.2893408400708042,0.2739191082716351,0.015421731799169058
d1,o_max,m016014_o_max_ord19_rk00015,0.2869708403130995,0.2739191082716351,0.01305173204146437
d1,o_max,m016015_o_max_ord19_rk00016,0.2927921926710995,0.2739191082716351,0.01887308439946439
d1,o_max,m016016_o_max_ord19_rk00017,0.2935958627973288,0.2739191082716351,0.019676754525693674
d1,o_max,m016017_o_max_ord19_rk00018,0.2865641143513571,0.2739191082716351,0.012645006079721965
d1,o_max,m016018_o_max_ord19_rk00019,0.2869788845695028,0.2739191082716351,0.013059776297867698
d1,o_max,m016019_o_max_ord19_rk00020,0.295622867423346,0.2739191082716351,0.021703759151710855
d1,o_max,m017000_o_max_ord20_rk00001,0.2531574315872709,0.2739191082716351,-0.02076167668436424
d1,o_max,m017001_o_max_ord20_rk00002,0.2908301417284684,0.2739191082716351,0.016911033456833258
d1,o_max,m017002_o_max_ord20_rk00003,0.290358741549087,0.2739191082716351,0.01643963327745185
d1,o_max,m017003_o_max_ord20_rk00004,0.2920613276638707,0.2739191082716351,0.018142219392235592
d1,o_max,m017004_o_max_ord20_rk00005,0.2901460167527634,0.2739191082716351,0.016226908481128288
d1,o_max,m017005_o_max_ord20_rk00006,0.2856092918047346,0.2739191082716351,0.011690183533099474
d1,o_max,m017006_o_max_ord20_rk00007,0.2910690472032263,0.2739191082716351,0.01714993893159117
d1,o_max,m017007_o_max_ord20_rk00008,0.2878180330583194,0.2739191082716351,0.013898924786684252
d1,o_max,m017008_o_max_ord20_rk00009,0.2851606711781613,0.2739191082716351,0.01124156290652617
d1,o_max,m017009_o_max_ord20_rk00010,0.285654887946164,0.2739191082716351,0.011735779674528879
d1,o_max,m017010_o_max_ord20_rk00011,0.2923882305136268,0.2739191082716351,0.018469122241991653
d1,o_max,m017011_o_max_ord20_rk00012,0.2507456775411119,0.2739191082716351,-0.023173430730523248
d1,o_max,m017012_o_max_ord20_rk00013,0.2831347034475022,0.2739191082716351,0.009215595175867064
d1,o_max,m017013_o_max_ord20_rk00014,0.292612167171379,0.2739191082716351,0.018693058899743875
d1,o_max,m017014_o_max_ord20_rk00015,0.2918063930415886,0.2739191082716351,0.017887284769953493
d1,o_max,m017015_o_max_ord20_rk00016,0.294847750864135,0.2739191082716351,0.02092864259249988
d1,o_max,m017016_o_max_ord20_rk00017,0.2898746947236552,0.2739191082716351,0.015955586452020054
d1,o_max,m017017_o_max_ord20_rk00018,0.2978217678756196,0.2739191082716351,0.023902659603984466
d1,o_max,m017018_o_max_ord20_rk00019,0.2632228383493989,0.2739191082716351,-0.010696269922236212
d1,o_max,m017019_o_max_ord20_rk00020,0.28577905513143,0.2739191082716351,0.011859946859794857
d1,o_max,m018000_o_max_ord21_rk00001,0.2499851542450979,0.2739191082716351,-0.023933954026537224
d1,o_max,m018001_o_max_ord21_rk00002,0.2889985703491702,0.2739191082716351,0.015079462077535077
d1,o_max,m018002_o_max_ord21_rk00003,0.2940342272738225,0.2739191082716351,0.020115119002187376
d1,o_max,m018003_o_max_ord21_rk00004,0.2868353362698269,0.2739191082716351,0.012916227998191754
d1,o_max,m018004_o_max_ord21_rk00005,0.2545266893494768,0.2739191082716351,-0.019392418922158317
d1,o_max,m018005_o_max_ord21_rk00006,0.2891052520841536,0.2739191082716351,0.015186143812518482
d1,o_max,m018006_o_max_ord21_rk00007,0.2476134339860275,0.2739191082716351,-0.026305674285607622
d1,o_max,m018007_o_max_ord21_rk00008,0.2923923215452794,0.2739191082716351,0.018473213273644262
d1,o_max,m018008_o_max_ord21_rk00009,0.2867027024309592,0.2739191082716351,0.012783594159324063
d1,o_max,m018009_o_max_ord21_rk00010,0.2925315132247323,0.2739191082716351,0.018612404953097184
d1,o_max,m018010_o_max_ord21_rk00011,0.2926786481787093,0.2739191082716351,0.018759539907074185
d1,o_max,m018011_o_max_ord21_rk00012,0.2933634191507812,0.2739191082716351,0.019444310879146054
d1,o_max,m018012_o_max_ord21_rk00013,0.2570471670259295,0.2739191082716351,-0.016871941245705624
d1,o_max,m018013_o_max_ord21_rk00014,0.2890424269707419,0.2739191082716351,0.01512331869910677
d1,o_max,m018014_o_max_ord21_rk00015,0.2918949899795883,0.2739191082716351,0.017975881707953167
d1,o_max,m018015_o_max_ord21_rk00016,0.247269438001915,0.2739191082716351,-0.02664967026972012
d1,o_max,m018016_o_max_ord21_rk00017,0.2963805745039292,0.2739191082716351,0.02246146623229406
d1,o_max,m018017_o_max_ord21_rk00018,0.2929936320170265,0.2739191082716351,0.01907452374539137
d1,o_max,m018018_o_max_ord21_rk00019,0.289638124121113,0.2739191082716351,0.01571901584947788
d1,o_max,m018019_o_max_ord21_rk00020,0.2839077473202227,0.2739191082716351,0.0099886390485876
d1,o_max,m019000_o_max_ord22_rk00001,0.2589350539817362,0.2739191082716351,-0.014984054289898907
d1,o_max,m019001_o_max_ord22_rk00002,0.2445530127361085,0.2739191082716351,-0.029366095535526632
d1,o_max,m019002_o_max_ord22_rk00003,0.2883716828244388,0.2739191082716351,0.014452574552803688
d1,o_max,m019003_o_max_ord22_rk00004,0.2852789702692934,0.2739191082716351,0.01135986199765826
d1,o_max,m019004_o_max_ord22_rk00005,0.2423686604830934,0.2739191082716351,-0.03155044778854171
d1,o_max,m019005_o_max_ord22_rk00006,0.2891246429357402,0.2739191082716351,0.01520553466410507
d1,o_max,m019006_o_max_ord22_rk00007,0.2918678266670377,0.2739191082716351,0.017948718395402574
d1,o_max,m019007_o_max_ord22_rk00008,0.2942767488094031,0.2739191082716351,0.02035764053776795
d1,o_max,m019008_o_max_ord22_rk00009,0.2927299515661798,0.2739191082716351,0.018810843294544688
d1,o_max,m019009_o_max_ord22_rk00010,0.2858357016212026,0.2739191082716351,0.011916593349567461
d1,o_max,m019010_o_max_ord22_rk00011,0.2886853379391487,0.2739191082716351,0.014766229667513564
d1,o_max,m019011_o_max_ord22_rk00012,0.2852022764913419,0.2739191082716351,0.011283168219706763
d1,o_max,m019012_o_max_ord22_rk00013,0.2927159974478783,0.2739191082716351,0.01879688917624317
d1,o_max,m019013_o_max_ord22_rk00014,0.288706297602461,0.2739191082716351,0.0147871893308259
d1,o_max,m019014_o_max_ord22_rk00015,0.2598347155016136,0.2739191082716351,-0.014084392770021548
d1,o_max,m019015_o_max_ord22_rk00016,0.2936489048810536,0.2739191082716351,0.019729796609418482
d1,o_max,m019016_o_max_ord22_rk00017,0.2848055982395927,0.2739191082716351,0.010886489967957602
d1,o_max,m019017_o_max_ord22_rk00018,0.2988003642583209,0.2739191082716351,0.02488125598668578
d1,o_max,m019018_o_max_ord22_rk00019,0.2866290024913338,0.2739191082716351,0.012709894219698648
d1,o_max,m019019_o_max_ord22_rk00020,0.2891892987533553,0.2739191082716351,0.01527019048172018
d1,o_max,m020000_o_max_ord23_rk00001,0.2576793279038728,0.2739191082716351,-0.016239780367762302
d1,o_max,m020001_o_max_ord23_rk00002,0.2994401475236173,0.2739191082716351,0.02552103925198218
d1,o_max,m020002_o_max_ord23_rk00003,0.2516989124653818,0.2739191082716351,-0.02222019580625334
d1,o_max,m020003_o_max_ord23_rk00004,0.2995082840863748,0.2739191082716351,0.025589175814739684
d1,o_max,m020004_o_max_ord23_rk00005,0.2561538327845558,0.2739191082716351,-0.017765275487079346
d1,o_max,m020005_o_max_ord23_rk00006,0.2972406037460964,0.2739191082716351,0.023321495474461273
d1,o_max,m020006_o_max_ord23_rk00007,0.2902313152594247,0.2739191082716351,0.016312206987789568
d1,o_max,m020007_o_max_ord23_rk00008,0.2578823910251455,0.2739191082716351,-0.01603671724648964
d1,o_max,m020008_o_max_ord23_rk00009,0.2589143820045397,0.2739191082716351,-0.015004726267095425
d1,o_max,m020009_o_max_ord23_rk00010,0.29502296092391,0.2739191082716351,0.02110385265227488
d1,o_max,m020010_o_max_ord23_rk00011,0.2816063687261344,0.2739191082716351,0.007687260454499301
d1,o_max,m020011_o_max_ord23_rk00012,0.2938718677098484,0.2739191082716351,0.019952759438213286
d1,o_max,m020012_o_max_ord23_rk00013,0.285910268320641,0.2739191082716351,0.011991160049005856
d1,o_max,m020013_o_max_ord23_rk00014,0.2844985882203101,0.2739191082716351,0.010579479948674975
d1,o_max,m020014_o_max_ord23_rk00015,0.2951815783652929,0.2739191082716351,0.02126247009365778
d1,o_max,m020015_o_max_ord23_rk00016,0.2906364373624415,0.2739191082716351,0.016717329090806365
d1,o_max,m020016_o_max_ord23_rk00017,0.2904053554020457,0.2739191082716351,0.01648624713041058
d1,o_max,m020017_o_max_ord23_rk00018,0.2925511191134222,0.2739191082716351,0.01863201084178706
d1,o_max,m020018_o_max_ord23_rk00019,0.2991962981253725,0.2739191082716351,0.025277189853737392
d1,o_max,m020019_o_max_ord23_rk00020,0.3003833037978409,0.2739191082716351,0.02646419552620577
d1,o_max,m021000_o_max_ord24_rk00001,0.2466985035577791,0.2739191082716351,-0.02722060471385604
d1,o_max,m021001_o_max_ord24_rk00002,0.2913973326388909,0.2739191082716351,0.017478224367255768
d1,o_max,m021002_o_max_ord24_rk00003,0.2958256595945909,0.2739191082716351,0.02190655132295577
d1,o_max,m021003_o_max_ord24_rk00004,0.2884715994993114,0.2739191082716351,0.014552491227676267
d1,o_max,m021004_o_max_ord24_rk00005,0.2997781138432041,0.2739191082716351,0.02585900557156895
d1,o_max,m021005_o_max_ord24_rk00006,0.2851687486151351,0.2739191082716351,0.011249640343499956
d1,o_max,m021006_o_max_ord24_rk00007,0.30131758026037,0.2739191082716351,0.02739847198873485
d1,o_max,m021007_o_max_ord24_rk00008,0.2920871305694504,0.2739191082716351,0.01816802229781528
d1,o_max,m021008_o_max_ord24_rk00009,0.2965003968099434,0.2739191082716351,0.022581288538308264
d1,o_max,m021009_o_max_ord24_rk00010,0.2881345061116726,0.2739191082716351,0.014215397840037447
d1,o_max,m021010_o_max_ord24_rk00011,0.2527078129644186,0.2739191082716351,-0.02121129530721655
d1,o_max,m021011_o_max_ord24_rk00012,0.2840014726818054,0.2739191082716351,0.010082364410170297
d1,o_max,m021012_o_max_ord24_rk00013,0.298145170403312,0.2739191082716351,0.024226062131676884
d1,o_max,m021013_o_max_ord24_rk00014,0.2926754253303023,0.2739191082716351,0.01875631705866715
d1,o_max,m021014_o_max_ord24_rk00015,0.2931311347665765,0.2739191082716351,0.01921202649494136
d1,o_max,m021015_o_max_ord24_rk00016,0.2830777374270642,0.2739191082716351,0.009158629155429088
d1,o_max,m021016_o_max_ord24_rk00017,0.2848079177514628,0.2739191082716351,0.010888809479827677
d1,o_max,m021017_o_max_ord24_rk00018,0.2939370721624298,0.2739191082716351,0.020017963890794688
d1,o_max,m021018_o_max_ord24_rk00019,0.2875078278888237,0.2739191082716351,0.01358871961718855
d1,o_max,m021019_o_max_ord24_rk00020,0.2478015236000909,0.2739191082716351,-0.026117584671544236
d1,o_max,m022000_o_max_ord25_rk00001,0.2920424349128391,0.2739191082716351,0.018123326641203974
d1,o_max,m022001_o_max_ord25_rk00002,0.2875585389915123,0.2739191082716351,0.013639430719877166
d1,o_max,m022002_o_max_ord25_rk00003,0.2561718432116575,0.2739191082716351,-0.017747265059977646
d1,o_max,m022003_o_max_ord25_rk00004,0.2827604022164036,0.2739191082716351,0.008841293944768458
d1,o_max,m022004_o_max_ord25_rk00005,0.2984789459471053,0.2739191082716351,0.024559837675470153
d1,o_max,m022005_o_max_ord25_rk00006,0.2897484995456861,0.2739191082716351,0.015829391274050975
d1,o_max,m022006_o_max_ord25_rk00007,0.298982942482035,0.2739191082716351,0.02506383421039987
d1,o_max,m022007_o_max_ord25_rk00008,0.2880117717817514,0.2739191082716351,0.014092663510116288
d1,o_max,m022008_o_max_ord25_rk00009,0.2958190754352289,0.2739191082716351,0.02189996716359377
d1,o_max,m022009_o_max_ord25_rk00010,0.300798006555618,0.2739191082716351,0.026878898283982877
d1,o_max,m022010_o_max_ord25_rk00011,0.2925109172493894,0.2739191082716351,0.018591808977754254
d1,o_max,m022011_o_max_ord25_rk00012,0.2918057226894625,0.2739191082716351,0.01788661441782735
d1,o_max,m022012_o_max_ord25_rk00013,0.290012998795968,0.2739191082716351,0.016093890524332854
d1,o_max,m022013_o_max_ord25_rk00014,0.2891892461967293,0.2739191082716351,0.015270137925094185
d1,o_max,m022014_o_max_ord25_rk00015,0.2829999426158679,0.2739191082716351,0.009080834344232791
d1,o_max,m022015_o_max_ord25_rk00016,0.2917477137338758,0.2739191082716351,0.017828605462240688
d1,o_max,m022016_o_max_ord25_rk00017,0.2887331770949373,0.2739191082716351,0.014814068823302162
d1,o_max,m022017_o_max_ord25_rk00018,0.2925845882783052,0.2739191082716351,0.018665480006670065
d1,o_max,m022018_o_max_ord25_rk00019,0.2945551528666544,0.2739191082716351,0.020636044595019276
d1,o_max,m022019_o_max_ord25_rk00020,0.2922923506344462,0.2739191082716351,0.01837324236281107
d1,o_max,m023000_o_max_ord26_rk00001,0.2451604130540567,0.2739191082716351,-0.02875869521757843
d1,o_max,m023001_o_max_ord26_rk00002,0.2913260903562431,0.2739191082716351,0.017406982084607947
d1,o_max,m023002_o_max_ord26_rk00003,0.2952894221690949,0.2739191082716351,0.021370313897459747
d1,o_max,m023003_o_max_ord26_rk00004,0.2984172454702856,0.2739191082716351,0.02449813719865046
d1,o_max,m023004_o_max_ord26_rk00005,0.2953610320226583,0.2739191082716351,0.021441923751023162
d1,o_max,m023005_o_max_ord26_rk00006,0.2960902904151435,0.2739191082716351,0.022171182143508383
d1,o_max,m023006_o_max_ord26_rk00007,0.2845660531706699,0.2739191082716351,0.010646944899034783
d1,o_max,m023007_o_max_ord26_rk00008,0.2945382424490468,0.2739191082716351,0.02061913417741168
d1,o_max,m023008_o_max_ord26_rk00009,0.2939015098552701,0.2739191082716351,0.019982401583634957
d1,o_max,m023009_o_max_ord26_rk00010,0.2832016175614913,0.2739191082716351,0.009282509289856189
d1,o_max,m023010_o_max_ord26_rk00011,0.2981519020534825,0.2739191082716351,0.024232793781847395
d1,o_max,m023011_o_max_ord26_rk00012,0.2900542191113496,0.2739191082716351,0.016135110839714473
d1,o_max,m023012_o_max_ord26_rk00013,0.2908131880070141,0.2739191082716351,0.016894079735378986
d1,o_max,m023013_o_max_ord26_rk00014,0.2890457111093253,0.2739191082716351,0.015126602837690184
d1,o_max,m023014_o_max_ord26_rk00015,0.2909134818215062,0.2739191082716351,0.0169943735498711
d1,o_max,m023015_o_max_ord26_rk00016,0.2802469343718421,0.2739191082716351,0.00632782610020699
d1,o_max,m023016_o_max_ord26_rk00017,0.2860736771614836,0.2739191082716351,0.01215456888984845
d1,o_max,m023017_o_max_ord26_rk00018,0.2894150722630092,0.2739191082716351,0.015495963991374095
d1,o_max,m023018_o_max_ord26_rk00019,0.2984118914322098,0.2739191082716351,0.024492783160574683
d1,o_max,m023019_o_max_ord26_rk00020,0.2952138961995669,0.2739191082716351,0.02129478792793177
d1,o_max,m024000_o_max_ord27_rk00001,0.2593962068577253,0.2739191082716351,-0.014522901413909828
d1,o_max,m024001_o_max_ord27_rk00002,0.2915900417073888,0.2739191082716351,0.017670933435753655
d1,o_max,m024002_o_max_ord27_rk00003,0.2964866206664485,0.2739191082716351,0.02256751239481336
d1,o_max,m024003_o_max_ord27_rk00004,0.2957442575540877,0.2739191082716351,0.02182514928245255
d1,o_max,m024004_o_max_ord27_rk00005,0.2948517144368378,0.2739191082716351,0.02093260616520265
d1,o_max,m024005_o_max_ord27_rk00006,0.2886126255967134,0.2739191082716351,0.014693517325078287
d1,o_max,m024006_o_max_ord27_rk00007,0.2884918071216191,0.2739191082716351,0.014572698849983967
d1,o_max,m024007_o_max_ord27_rk00008,0.2962394175215196,0.2739191082716351,0.022320309249884485
d1,o_max,m024008_o_max_ord27_rk00009,0.2989554423302152,0.2739191082716351,0.02503633405858008
d1,o_max,m024009_o_max_ord27_rk00010,0.2867438560342309,0.2739191082716351,0.01282474776259579
d1,o_max,m024010_o_max_ord27_rk00011,0.2889364370339304,0.2739191082716351,0.015017328762295279
d1,o_max,m024011_o_max_ord27_rk00012,0.2993201179652155,0.2739191082716351,0.02540100969358039
d1,o_max,m024012_o_max_ord27_rk00013,0.2907886970017957,0.2739191082716351,0.01686958873016059
d1,o_max,m024013_o_max_ord27_rk00014,0.291498742856805,0.2739191082716351,0.017579634585169868
d1,o_max,m024014_o_max_ord27_rk00015,0.2979800379063426,0.2739191082716351,0.024060929634707462
d1,o_max,m024015_o_max_ord27_rk00016,0.298977316755968,0.2739191082716351,0.025058208484332878
d1,o_max,m024016_o_max_ord27_rk00017,0.2951198964277909,0.2739191082716351,0.02120078815615578
d1,o_max,m024017_o_max_ord27_rk00018,0.2966510278989079,0.2739191082716351,0.02273191962727278
d1,o_max,m024018_o_max_ord27_rk00019,0.2969074451090395,0.2739191082716351,0.022988336837404366
d1,o_max,m024019_o_max_ord27_rk00020,0.2956035890012739,0.2739191082716351,0.0216844807296388
d1,o_max,m025000_o_max_ord28_rk00001,0.2445576667844661,0.2739191082716351,-0.029361441487169015
d1,o_max,m025001_o_max_ord28_rk00002,0.2950232087120771,0.2739191082716351,0.021104100440441975
d1,o_max,m025002_o_max_ord28_rk00003,0.2878975038642138,0.2739191082716351,0.013978395592578685
d1,o_max,m025003_o_max_ord28_rk00004,0.2883026548724807,0.2739191082716351,0.014383546600845565
d1,o_max,m025004_o_max_ord28_rk00005,0.2947347195020463,0.2739191082716351,0.020815611230411202
d1,o_max,m025005_o_max_ord28_rk00006,0.295410175426956,0.2739191082716351,0.021491067155320898
d1,o_max,m025006_o_max_ord28_rk00007,0.2989116693069636,0.2739191082716351,0.024992561035328487
d1,o_max,m025007_o_max_ord28_rk00008,0.2882933024874345,0.2739191082716351,0.014374194215799385
d1,o_max,m025008_o_max_ord28_rk00009,0.297520842313284,0.2739191082716351,0.023601734041648892
d1,o_max,m025009_o_max_ord28_rk00010,0.2974576732652434,0.2739191082716351,0.02353856499360829
d1,o_max,m025010_o_max_ord28_rk00011,0.2988201436508642,0.2739191082716351,0.024901035379229053
d1,o_max,m025011_o_max_ord28_rk00012,0.2958412540355484,0.2739191082716351,0.02192214576391327
d1,o_max,m025012_o_max_ord28_rk00013,0.2940836658001258,0.2739191082716351,0.020164557528490668
d1,o_max,m025013_o_max_ord28_rk00014,0.2971157888841781,0.2739191082716351,0.023196680612542986
d1,o_max,m025014_o_max_ord28_rk00015,0.2957624859328177,0.2739191082716351,0.02184337766118255
d1,o_max,m025015_o_max_ord28_rk00016,0.2969097019710248,0.2739191082716351,0.02299059369938966
d1,o_max,m025016_o_max_ord28_rk00017,0.2829288609995085,0.2739191082716351,0.009009752727873355
d1,o_max,m025017_o_max_ord28_rk00018,0.2869011014603889,0.2739191082716351,0.01298199318875376
d1,o_max,m025018_o_max_ord28_rk00019,0.2467850256850668,0.2739191082716351,-0.027134082586568326
d1,o_max,m025019_o_max_ord28_rk00020,0.2886837670949258,0.2739191082716351,0.0147646588232907
d1,o_max,m026000_o_max_ord29_rk00001,0.3008038320805281,0.2739191082716351,0.026884723808892952
d1,o_max,m026001_o_max_ord29_rk00002,0.2432929304156704,0.2739191082716351,-0.03062617785596472
d1,o_max,m026002_o_max_ord29_rk00003,0.2990673361982494,0.2739191082716351,0.025148227926614253
d1,o_max,m026003_o_max_ord29_rk00004,0.3010504580561993,0.2739191082716351,0.027131349784564163
d1,o_max,m026004_o_max_ord29_rk00005,0.2971274220144118,0.2739191082716351,0.023208313742776654
d1,o_max,m026005_o_max_ord29_rk00006,0.2897272802329397,0.2739191082716351,0.015808171961304573
d1,o_max,m026006_o_max_ord29_rk00007,0.2975287359155095,0.2739191082716351,0.023609627643874365
d1,o_max,m026007_o_max_ord29_rk00008,0.2954399181344099,0.2739191082716351,0.02152080986277477
d1,o_max,m026008_o_max_ord29_rk00009,0.2993699664535324,0.2739191082716351,0.025450858181897296
d1,o_max,m026009_o_max_ord29_rk00010,0.298091670964147,0.2739191082716351,0.02417256269251189
d1,o_max,m026010_o_max_ord29_rk00011,0.2982166114536552,0.2739191082716351,0.024297503182020064
d1,o_max,m026011_o_max_ord29_rk00012,0.2962915116334587,0.2739191082716351,0.022372403361823556
d1,o_max,m026012_o_max_ord29_rk00013,0.291605804699141,0.2739191082716351,0.017686696427505866
d1,o_max,m026013_o_max_ord29_rk00014,0.2996148471986801,0.2739191082716351,0.025695738927044964
d1,o_max,m026014_o_max_ord29_rk00015,0.2962146409250882,0.2739191082716351,0.022295532653453076
d1,o_max,m026015_o_max_ord29_rk00016,0.2930180263935875,0.2739191082716351,0.019098918121952357
d1,o_max,m026016_o_max_ord29_rk00017,0.2959916455353246,0.2739191082716351,0.022072537263689462
d1,o_max,m026017_o_max_ord29_rk00018,0.24490924489185,0.2739191082716351,-0.029009863379785117
d1,o_max,m026018_o_max_ord29_rk00019,0.2586508881804306,0.2739191082716351,-0.015268220091204543
d1,o_max,m026019_o_max_ord29_rk00020,0.2978235779163468,0.2739191082716351,0.023904469644711657
d1,o_max,m027000_o_max_ord30_rk00001,0.2500409442626625,0.2739191082716351,-0.023878164008972635
d1,o_max,m027001_o_max_ord30_rk00002,0.2965531866916588,0.2739191082716351,0.022634078420023684
d1,o_max,m027002_o_max_ord30_rk00003,0.2922002481228063,0.2739191082716351,0.01828113985117119
d1,o_max,m027003_o_max_ord30_rk00004,0.2959022752680674,0.2739191082716351,0.02198316699643227
d1,o_max,m027004_o_max_ord30_rk00005,0.2973376186567473,0.2739191082716351,0.023418510385112168
d1,o_max,m027005_o_max_ord30_rk00006,0.2970086041139737,0.2739191082716351,0.023089495842338548
d1,o_max,m027006_o_max_ord30_rk00007,0.2970075011339927,0.2739191082716351,0.023088392862357587
d1,o_max,m027007_o_max_ord30_rk00008,0.2925340948109731,0.2739191082716351,0.018614986539337963
d1,o_max,m027008_o_max_ord30_rk00009,0.2910338457635273,0.2739191082716351,0.017114737491892185
d1,o_max,m027009_o_max_ord30_rk00010,0.2930671277122892,0.2739191082716351,0.019148019440654085
d1,o_max,m027010_o_max_ord30_rk00011,0.296566150701157,0.2739191082716351,0.02264704242952187
d1,o_max,m027011_o_max_ord30_rk00012,0.2969952032312901,0.2739191082716351,0.023076094959654958
d1,o_max,m027012_o_max_ord30_rk00013,0.2955019863737701,0.2739191082716351,0.021582878102134995
d1,o_max,m027013_o_max_ord30_rk00014,0.2951398553515608,0.2739191082716351,0.02122074707992566
d1,o_max,m027014_o_max_ord30_rk00015,0.2974962591237975,0.2739191082716351,0.023577150852162387
d1,o_max,m027015_o_max_ord30_rk00016,0.297927707722992,0.2739191082716351,0.02400859945135686
d1,o_max,m027016_o_max_ord30_rk00017,0.2953610832654815,0.2739191082716351,0.02144197499384637
d1,o_max,m027017_o_max_ord30_rk00018,0.2953508180116155,0.2739191082716351,0.021431709739980376
d1,o_max,m027018_o_max_ord30_rk00019,0.2929326132467587,0.2739191082716351,0.019013504975123552
d1,o_max,m027019_o_max_ord30_rk00020,0.2912920583127411,0.2739191082716351,0.01737295004110595
d2,o_max,m000000_o_max_ord3_rk00001,0.3091277872422298,0.2865670414413664,0.02256074580086337
d2,o_max,m000001_o_max_ord3_rk00002,0.2926022354759968,0.2865670414413664,0.006035194034630376
d2,o_max,m000002_o_max_ord3_rk00003,0.3075441312050366,0.2865670414413664,0.020977089763670187
d2,o_max,m000003_o_max_ord3_rk00004,0.3012516490803468,0.2865670414413664,0.014684607638980385
d2,o_max,m000004_o_max_ord3_rk00005,0.3053621236436026,0.2865670414413664,0.01879508220223619
d2,o_max,m000005_o_max_ord3_rk00006,0.3029656046752572,0.2865670414413664,0.016398563233890773
d2,o_max,m000006_o_max_ord3_rk00007,0.3049463315613907,0.2865670414413664,0.018379290120024316
d2,o_max,m000007_o_max_ord3_rk00008,0.3041727464634481,0.2865670414413664,0.017605705022081697
d2,o_max,m000008_o_max_ord3_rk00009,0.3029591649192419,0.2865670414413664,0.016392123477875498
d2,o_max,m000009_o_max_ord3_rk00010,0.3078220281766043,0.2865670414413664,0.021254986735237902
d2,o_max,m000010_o_max_ord3_rk00011,0.3016504542134884,0.2865670414413664,0.015083412772121996
d2,o_max,m000011_o_max_ord3_rk00012,0.3108269641176546,0.2865670414413664,0.02425992267628818
d2,o_max,m000012_o_max_ord3_rk00013,0.3010659488507815,0.2865670414413664,0.014498907409415063
d2,o_max,m000013_o_max_ord3_rk00014,0.30767310815679,0.2865670414413664,0.021106066715423588
d2,o_max,m000014_o_max_ord3_rk00015,0.3052819045448404,0.2865670414413664,0.018714863103473978
d2,o_max,m000015_o_max_ord3_rk00016,0.3050424892433842,0.2865670414413664,0.018475447802017764
d2,o_max,m000016_o_max_ord3_rk00017,0.3054157236051521,0.2865670414413664,0.018848682163785713
d2,o_max,m000017_o_max_ord3_rk00018,0.3064146190572223,0.2865670414413664,0.01984757761585587
d2,o_max,m000018_o_max_ord3_rk00019,0.3085987726945521,0.2865670414413664,0.022031731253185693
d2,o_max,m000019_o_max_ord3_rk00020,0.3087266092334113,0.2865670414413664,0.022159567792044865
d2,o_max,m001000_o_max_ord4_rk00001,0.308129380998105,0.2865670414413664,0.021562339556738586
d2,o_max,m001001_o_max_ord4_rk00002,0.3052168942523523,0.2865670414413664,0.018649852810985912
d2,o_max,m001002_o_max_ord4_rk00003,0.3071889178629061,0.2865670414413664,0.020621876421539675
d2,o_max,m001003_o_max_ord4_rk00004,0.3010682550589287,0.2865670414413664,0.014501213617562292
d2,o_max,m001004_o_max_ord4_rk00005,0.301013859607409,0.2865670414413664,0.014446818166042596
d2,o_max,m001005_o_max_ord4_rk00006,0.296327200442137,0.2865670414413664,0.009760159000770596
d2,o_max,m001006_o_max_ord4_rk00007,0.3089325915346307,0.2865670414413664,0.022365550093264297
d2,o_max,m001007_o_max_ord4_rk00008,0.2492316760429453,0.2865670414413664,-0.03733536539842111
d2,o_max,m001008_o_max_ord4_rk00009,0.3005710636283606,0.2865670414413664,0.014004022186994203
d2,o_max,m001009_o_max_ord4_rk00010,0.310350662622717,0.2865670414413664,0.023783621181350578
d2,o_max,m001010_o_max_ord4_rk00011,0.3043156552219944,0.2865670414413664,0.017748613780627975
d2,o_max,m001011_o_max_ord4_rk00012,0.2977481475821195,0.2865670414413664,0.011181106140753072
d2,o_max,m001012_o_max_ord4_rk00013,0.3026703695786912,0.2865670414413664,0.01610332813732479
d2,o_max,m001013_o_max_ord4_rk00014,0.3065661093509771,0.2865670414413664,0.0199990679096107
d2,o_max,m001014_o_max_ord4_rk00015,0.3011114582411794,0.2865670414413664,0.014544416799812998
d2,o_max,m001015_o_max_ord4_rk00016,0.3081805625491783,0.2865670414413664,0.021613521107811895
d2,o_max,m001016_o_max_ord4_rk00017,0.3023500219967553,0.2865670414413664,0.015782980555388904
d2,o_max,m001017_o_max_ord4_rk00018,0.2953760021737661,0.2865670414413664,0.008808960732399673
d2,o_max,m001018_o_max_ord4_rk00019,0.2979994291033848,0.2865670414413664,0.011432387662018373
d2,o_max,m001019_o_max_ord4_rk00020,0.2763824483380915,0.2865670414413664,-0.010184593103274908
d2,o_max,m002000_o_max_ord5_rk00001,0.3049685289001697,0.2865670414413664,0.018401487458803267
d2,o_max,m002001_o_max_ord5_rk00002,0.3111493334260297,0.2865670414413664,0.024582291984663274
d2,o_max,m002002_o_max_ord5_rk00003,0.3051316135303399,0.2865670414413664,0.018564572088973497
d2,o_max,m002003_o_max_ord5_rk00004,0.3078917269694179,0.2865670414413664,0.0213246855280515
d2,o_max,m002004_o_max_ord5_rk00005,0.3062366264269973,0.2865670414413664,0.019669584985630872
d2,o_max,m002005_o_max_ord5_rk00006,0.3117917292758568,0.2865670414413664,0.02522468783449039
d2,o_max,m002006_o_max_ord5_rk00007,0.3087718887406944,0.2865670414413664,0.02220484729932798
d2,o_max,m002007_o_max_ord5_rk00008,0.311130345058861,0.2865670414413664,0.024563303617494592
d2,o_max,m002008_o_max_ord5_rk00009,0.3041210759615551,0.2865670414413664,0.017554034520188666
d2,o_max,m002009_o_max_ord5_rk00010,0.3043005863709178,0.2865670414413664,0.01773354492955137
d2,o_max,m002010_o_max_ord5_rk00011,0.3120415362051316,0.2865670414413664,0.025474494763765176
d2,o_max,m002011_o_max_ord5_rk00012,0.3042462341359381,0.2865670414413664,0.017679192694571688
d2,o_max,m002012_o_max_ord5_rk00013,0.2961802739101249,0.2865670414413664,0.009613232468758504
d2,o_max,m002013_o_max_ord5_rk00014,0.3164064189710288,0.2865670414413664,0.02983937752966237
d2,o_max,m002014_o_max_ord5_rk00015,0.3043273955095629,0.2865670414413664,0.017760354068196482
d2,o_max,m002015_o_max_ord5_rk00016,0.2999868374451465,0.2865670414413664,0.013419796003780071
d2,o_max,m002016_o_max_ord5_rk00017,0.2994283133797887,0.2865670414413664,0.012861271938422292
d2,o_max,m002017_o_max_ord5_rk00018,0.3065574041081266,0.2865670414413664,0.019990362666760186
d2,o_max,m002018_o_max_ord5_rk00019,0.2982689375259584,0.2865670414413664,0.01170189608459199
d2,o_max,m002019_o_max_ord5_rk00020,0.303878813003178,0.2865670414413664,0.017311771561811573
d2,o_max,m003000_o_max_ord6_rk00001,0.3029023151089764,0.2865670414413664,0.016335273667610006
d2,o_max,m003001_o_max_ord6_rk00002,0.3022088506505047,0.2865670414413664,0.01564180920913827
d2,o_max,m003002_o_max_ord6_rk00003,0.29947880295618,0.2865670414413664,0.012911761514813602
d2,o_max,m003003_o_max_ord6_rk00004,0.3042588642575499,0.2865670414413664,0.017691822816183478
d2,o_max,m003004_o_max_ord6_rk00005,0.3002213364455147,0.2865670414413664,0.013654295004148276
d2,o_max,m003005_o_max_ord6_rk00006,0.3003718633006393,0.2865670414413664,0.013804821859272898
d2,o_max,m003006_o_max_ord6_rk00007,0.3050643215542183,0.2865670414413664,0.0184972801128519
d2,o_max,m003007_o_max_ord6_rk00008,0.3059355387327153,0.2865670414413664,0.019368497291348874
d2,o_max,m003008_o_max_ord6_rk00009,0.3073035766417125,0.2865670414413664,0.020736535200346073
d2,o_max,m003009_o_max_ord6_rk00010,0.3012235478485553,0.2865670414413664,0.014656506407188907
d2,o_max,m003010_o_max_ord6_rk00011,0.307412005844379,0.2865670414413664,0.02084496440301259
d2,o_max,m003011_o_max_ord6_rk00012,0.2993037895707423,0.2865670414413664,0.012736748129375863
d2,o_max,m003012_o_max_ord6_rk00013,0.3128496878211132,0.2865670414413664,0.02628264637974681
d2,o_max,m003013_o_max_ord6_rk00014,0.3000494664283107,0.2865670414413664,0.013482424986944297
d2,o_max,m003014_o_max_ord6_rk00015,0.2957322742198724,0.2865670414413664,0.009165232778506005
d2,o_max,m003015_o_max_ord6_rk00016,0.3063772309680246,0.2865670414413664,0.019810189526658195
d2,o_max,m003016_o_max_ord6_rk00017,0.3044944896558796,0.2865670414413664,0.017927448214513197
d2,o_max,m003017_o_max_ord6_rk00018,0.3116965992696434,0.2865670414413664,0.02512955782827697
d2,o_max,m003018_o_max_ord6_rk00019,0.304838476487588,0.2865670414413664,0.018271435046221585
d2,o_max,m003019_o_max_ord6_rk00020,0.2979648237657669,0.2865670414413664,0.011397782324400474
d2,o_max,m004000_o_max_ord7_rk00001,0.3033349609288236,0.2865670414413664,0.016767919487457206
d2,o_max,m004001_o_max_ord7_rk00002,0.3111527786868855,0.2865670414413664,0.0245857372455191
d2,o_max,m004002_o_max_ord7_rk00003,0.2956759219499129,0.2865670414413664,0.009108880508546469
d2,o_max,m004003_o_max_ord7_rk00004,0.3024722212213393,0.2865670414413664,0.01590517977997291
d2,o_max,m004004_o_max_ord7_rk00005,0.2978269190558766,0.2865670414413664,0.011259877614510194
d2,o_max,m004005_o_max_ord7_rk00006,0.3074874336869622,0.2865670414413664,0.020920392245595776
d2,o_max,m004006_o_max_ord7_rk00007,0.3031929888630242,0.2865670414413664,0.016625947421657794
d2,o_max,m004007_o_max_ord7_rk00008,0.3070350150649831,0.2865670414413664,0.020467973623616686
d2,o_max,m004008_o_max_ord7_rk00009,0.3008976676775661,0.2865670414413664,0.014330626236199684
d2,o_max,m004009_o_max_ord7_rk00010,0.3048860029864365,0.2865670414413664,0.018318961545070067
d2,o_max,m004010_o_max_ord7_rk00011,0.3103659708670243,0.2865670414413664,0.023798929425657867
d2,o_max,m004011_o_max_ord7_rk00012,0.3012887322277398,0.2865670414413664,0.014721690786373365
d2,o_max,m004012_o_max_ord7_rk00013,0.3032670146454416,0.2865670414413664,0.01669997320407518
d2,o_max,m004013_o_max_ord7_rk00014,0.3080732136246092,0.2865670414413664,0.0215061721832428
d2,o_max,m004014_o_max_ord7_rk00015,0.2968207654818212,0.2865670414413664,0.01025372404045477
d2,o_max,m004015_o_max_ord7_rk00016,0.3079803188657014,0.2865670414413664,0.021413277424334964
d2,o_max,m004016_o_max_ord7_rk00017,0.3044520554584277,0.2865670414413664,0.017885014017061274
d2,o_max,m004017_o_max_ord7_rk00018,0.3084321001837812,0.2865670414413664,0.02186505874241479
d2,o_max,m004018_o_max_ord7_rk00019,0.3034584445265817,0.2865670414413664,0.016891403085215306
d2,o_max,m004019_o_max_ord7_rk00020,0.3011977775692647,0.2865670414413664,0.01463073612789828
d2,o_max,m005000_o_max_ord8_rk00001,0.306228991834216,0.2865670414413664,0.01966195039284957
d2,o_max,m005001_o_max_ord8_rk00002,0.30948738608186,0.2865670414413664,0.022920344640493584
d2,o_max,m005002_o_max_ord8_rk00003,0.3027743035196778,0.2865670414413664,0.016207262078311413
d2,o_max,m005003_o_max_ord8_rk00004,0.3048626585591345,0.2865670414413664,0.018295617117768115
d2,o_max,m005004_o_max_ord8_rk00005,0.2994216823615653,0.2865670414413664,0.01285464092019889
d2,o_max,m005005_o_max_ord8_rk00006,0.3095317086772541,0.2865670414413664,0.022964667235887692
d2,o_max,m005006_o_max_ord8_rk00007,0.3003377148607777,0.2865670414413664,0.013770673419411295
d2,o_max,m005007_o_max_ord8_rk00008,0.3027230723744016,0.2865670414413664,0.016156030933035193
d2,o_max,m005008_o_max_ord8_rk00009,0.3068012451000713,0.2865670414413664,0.020234203658704875
d2,o_max,m005009_o_max_ord8_rk00010,0.3071207747703822,0.2865670414413664,0.020553733329015778
d2,o_max,m005010_o_max_ord8_rk00011,0.304294765295627,0.2865670414413664,0.01772772385426058
d2,o_max,m005011_o_max_ord8_rk00012,0.314557420908571,0.2865670414413664,0.027990379467204562
d2,o_max,m005012_o_max_ord8_rk00013,0.3089129813087115,0.2865670414413664,0.022345939867345066
d2,o_max,m005013_o_max_ord8_rk00014,0.2978617261903732,0.2865670414413664,0.0112946847490068
d2,o_max,m005014_o_max_ord8_rk00015,0.2974885353895791,0.2865670414413664,0.01092149394821268
d2,o_max,m005015_o_max_ord8_rk00016,0.3036035611621113,0.2865670414413664,0.01703651972074488
d2,o_max,m005016_o_max_ord8_rk00017,0.3022183750053919,0.2865670414413664,0.015651333564025482
d2,o_max,m005017_o_max_ord8_rk00018,0.3087434732105507,0.2865670414413664,0.02217643176918427
d2,o_max,m005018_o_max_ord8_rk00019,0.3069951281828312,0.2865670414413664,0.02042808674146479
d2,o_max,m005019_o_max_ord8_rk00020,0.2942015749482305,0.2865670414413664,0.007634533506864105
d2,o_max,m006000_o_max_ord9_rk00001,0.3061727881029937,0.2865670414413664,0.019605746661627288
d2,o_max,m006001_o_max_ord9_rk00002,0.310665634554892,0.2865670414413664,0.02409859311352558
d2,o_max,m006002_o_max_ord9_rk00003,0.311008085866041,0.2865670414413664,0.024441044424674596
d2,o_max,m006003_o_max_ord9_rk00004,0.3076772440598896,0.2865670414413664,0.0211102026185232
d2,o_max,m006004_o_max_ord9_rk00005,0.3028615773608796,0.2865670414413664,0.016294535919513187
d2,o_max,m006005_o_max_ord9_rk00006,0.3043056648016449,0.2865670414413664,0.017738623360278483
d2,o_max,m006006_o_max_ord9_rk00007,0.3114831528969644,0.2865670414413664,0.024916111455597967
d2,o_max,m006007_o_max_ord9_rk00008,0.3073894035927034,0.2865670414413664,0.02082236215133698
d2,o_max,m006008_o_max_ord9_rk00009,0.3075502934516927,0.2865670414413664,0.020983252010326303
d2,o_max,m006009_o_max_ord9_rk00010,0.3046361115487992,0.2865670414413664,0.018069070107432805
d2,o_max,m006010_o_max_ord9_rk00011,0.314881175955539,0.2865670414413664,0.028314134514172584
d2,o_max,m006011_o_max_ord9_rk00012,0.3083043661818232,0.2865670414413664,0.02173732474045681
d2,o_max,m006012_o_max_ord9_rk00013,0.3066906563422565,0.2865670414413664,0.020123614900890097
d2,o_max,m006013_o_max_ord9_rk00014,0.3095058176540267,0.2865670414413664,0.022938776212660272
d2,o_max,m006014_o_max_ord9_rk00015,0.2990439066183488,0.2865670414413664,0.012476865176982377
d2,o_max,m006015_o_max_ord9_rk00016,0.3041504758808931,0.2865670414413664,0.0175834344395267
d2,o_max,m006016_o_max_ord9_rk00017,0.3095617246130304,0.2865670414413664,0.022994683171663977
d2,o_max,m006017_o_max_ord9_rk00018,0.3072965150009474,0.2865670414413664,0.02072947355958099
d2,o_max,m006018_o_max_ord9_rk00019,0.3110920144150976,0.2865670414413664,0.024524972973731185
d2,o_max,m006019_o_max_ord9_rk00020,0.3023694233535738,0.2865670414413664,0.015802381912207397
d2,o_max,m007000_o_max_ord10_rk00001,0.3035753038730082,0.2865670414413664,0.017008262431641774
d2,o_max,m007001_o_max_ord10_rk00002,0.3049519759439202,0.2865670414413664,0.018384934502553796
d2,o_max,m007002_o_max_ord10_rk00003,0.2916282376066766,0.2865670414413664,0.0050611961653102
d2,o_max,m007003_o_max_ord10_rk00004,0.3097574913334255,0.2865670414413664,0.023190449892059095
d2,o_max,m007004_o_max_ord10_rk00005,0.3039896205787195,0.2865670414413664,0.017422579137353067
d2,o_max,m007005_o_max_ord10_rk00006,0.3125038219271233,0.2865670414413664,0.025936780485756872
d2,o_max,m007006_o_max_ord10_rk00007,0.3015044084794747,0.2865670414413664,0.014937367038108273
d2,o_max,m007007_o_max_ord10_rk00008,0.3034674635128104,0.2865670414413664,0.016900422071443988
d2,o_max,m007008_o_max_ord10_rk00009,0.3037356395747993,0.2865670414413664,0.01716859813343291
d2,o_max,m007009_o_max_ord10_rk00010,0.3053756493422336,0.2865670414413664,0.01880860790086719
d2,o_max,m007010_o_max_ord10_rk00011,0.3089176164824704,0.2865670414413664,0.022350575041103993
d2,o_max,m007011_o_max_ord10_rk00012,0.3175669865993006,0.2865670414413664,0.030999945157934194
d2,o_max,m007012_o_max_ord10_rk00013,0.3051271281999568,0.2865670414413664,0.01856008675859039
d2,o_max,m007013_o_max_ord10_rk00014,0.3059493112373836,0.2865670414413664,0.019382269796017204
d2,o_max,m007014_o_max_ord10_rk00015,0.3076750509096383,0.2865670414413664,0.021108009468271904
d2,o_max,m007015_o_max_ord10_rk00016,0.3038421772127235,0.2865670414413664,0.017275135771357086
d2,o_max,m007016_o_max_ord10_rk00017,0.3118835964295443,0.2865670414413664,0.025316554988177864
d2,o_max,m007017_o_max_ord10_rk00018,0.3015774482431597,0.2865670414413664,0.015010406801793275
d2,o_max,m007018_o_max_ord10_rk00019,0.3066204666021271,0.2865670414413664,0.020053425160760696
d2,o_max,m007019_o_max_ord10_rk00020,0.31264499249214,0.2865670414413664,0.026077951050773596
d2,o_max,m008000_o_max_ord11_rk00001,0.3047622382817935,0.2865670414413664,0.018195196840427086
d2,o_max,m008001_o_max_ord11_rk00002,0.3015495235042891,0.2865670414413664,0.014982482062922686
d2,o_max,m008002_o_max_ord11_rk00003,0.3064860555835933,0.2865670414413664,0.01991901414222691
d2,o_max,m008003_o_max_ord11_rk00004,0.306635865874482,0.2865670414413664,0.020068824433115584
d2,o_max,m008004_o_max_ord11_rk00005,0.3075600749500619,0.2865670414413664,0.02099303350869547
d2,o_max,m008005_o_max_ord11_rk00006,0.3028529224812193,0.2865670414413664,0.0162858810398529
d2,o_max,m008006_o_max_ord11_rk00007,0.3043742701573821,0.2865670414413664,0.0178072287160157
d2,o_max,m008007_o_max_ord11_rk00008,0.3101028320423423,0.2865670414413664,0.02353579060097588
d2,o_max,m008008_o_max_ord11_rk00009,0.3070231049359444,0.2865670414413664,0.020456063494578014
d2,o_max,m008009_o_max_ord11_rk00010,0.3069747887028504,0.2865670414413664,0.020407747261483977
d2,o_max,m008010_o_max_ord11_rk00011,0.3086516148777489,0.2865670414413664,0.022084573436382482
d2,o_max,m008011_o_max_ord11_rk00012,0.3016449436618281,0.2865670414413664,0.01507790222046168
d2,o_max,m008012_o_max_ord11_rk00013,0.3058958322966199,0.2865670414413664,0.019328790855253464
d2,o_max,m008013_o_max_ord11_rk00014,0.302732588847672,0.2865670414413664,0.016165547406305603
d2,o_max,m008014_o_max_ord11_rk00015,0.3017584713315042,0.2865670414413664,0.015191429890137775
d2,o_max,m008015_o_max_ord11_rk00016,0.3076142605285872,0.2865670414413664,0.021047219087220792
d2,o_max,m008016_o_max_ord11_rk00017,0.302121561537009,0.2865670414413664,0.015554520095642566
d2,o_max,m008017_o_max_ord11_rk00018,0.3073708463319081,0.2865670414413664,0.020803804890541677
d2,o_max,m008018_o_max_ord11_rk00019,0.3077037981186814,0.2865670414413664,0.021136756677315016
d2,o_max,m008019_o_max_ord11_rk00020,0.3050748659445822,0.2865670414413664,0.01850782450321581
d2,o_max,m009000_o_max_ord12_rk00001,0.2987333475821704,0.2865670414413664,0.012166306140803995
d2,o_max,m009001_o_max_ord12_rk00002,0.3042630539682484,0.2865670414413664,0.017696012526881966
d2,o_max,m009002_o_max_ord12_rk00003,0.3053307869431616,0.2865670414413664,0.018763745501795215
d2,o_max,m009003_o_max_ord12_rk00004,0.3066804286519146,0.2865670414413664,0.020113387210548173
d2,o_max,m009004_o_max_ord12_rk00005,0.2993542014689372,0.2865670414413664,0.012787160027570799
d2,o_max,m009005_o_max_ord12_rk00006,0.3054945708624786,0.2865670414413664,0.0189275294211122
d2,o_max,m009006_o_max_ord12_rk00007,0.3007462552793064,0.2865670414413664,0.014179213837939963
d2,o_max,m009007_o_max_ord12_rk00008,0.2972419127898209,0.2865670414413664,0.010674871348454462
d2,o_max,m009008_o_max_ord12_rk00009,0.3013151138592751,0.2865670414413664,0.014748072417908709
d2,o_max,m009009_o_max_ord12_rk00010,0.3088332055915578,0.2865670414413664,0.022266164150191392
d2,o_max,m009010_o_max_ord12_rk00011,0.3057784751157771,0.2865670414413664,0.019211433674410694
d2,o_max,m009011_o_max_ord12_rk00012,0.3073314503407193,0.2865670414413664,0.020764408899352882
d2,o_max,m009012_o_max_ord12_rk00013,0.3053493384454417,0.2865670414413664,0.0187822970040753
d2,o_max,m009013_o_max_ord12_rk00014,0.3049274089210696,0.2865670414413664,0.01836036747970321
d2,o_max,m009014_o_max_ord12_rk00015,0.3031828268982417,0.2865670414413664,0.01661578545687531
d2,o_max,m009015_o_max_ord12_rk00016,0.3043169056676145,0.2865670414413664,0.01774986422624808
d2,o_max,m009016_o_max_ord12_rk00017,0.2948455120641001,0.2865670414413664,0.00827847062273368
d2,o_max,m009017_o_max_ord12_rk00018,0.3036423313427348,0.2865670414413664,0.017075289901368362
d2,o_max,m009018_o_max_ord12_rk00019,0.2978509590449923,0.2865670414413664,0.011283917603625904
d2,o_max,m009019_o_max_ord12_rk00020,0.299130020739233,0.2865670414413664,0.012562979297866594
d2,o_max,m010000_o_max_ord13_rk00001,0.2941034360845008,0.2865670414413664,0.007536394643134381
d2,o_max,m010001_o_max_ord13_rk00002,0.3053364052256399,0.2865670414413664,0.018769363784273463
d2,o_max,m010002_o_max_ord13_rk00003,0.3063206860406985,0.2865670414413664,0.0197536445993321
d2,o_max,m010003_o_max_ord13_rk00004,0.2950250571564827,0.2865670414413664,0.008458015715116285
d2,o_max,m010004_o_max_ord13_rk00005,0.3023451912839499,0.2865670414413664,0.015778149842583467
d2,o_max,m010005_o_max_ord13_rk00006,0.304052272720457,0.2865670414413664,0.017485231279090574
d2,o_max,m010006_o_max_ord13_rk00007,0.3018790255337431,0.2865670414413664,0.015311984092376663
d2,o_max,m010007_o_max_ord13_rk00008,0.3065178076372835,0.2865670414413664,0.01995076619591707
d2,o_max,m010008_o_max_ord13_rk00009,0.2989873246917854,0.2865670414413664,0.012420283250418995
d2,o_max,m010009_o_max_ord13_rk00010,0.3018423252548893,0.2865670414413664,0.015275283813522889
d2,o_max,m010010_o_max_ord13_rk00011,0.3066163484433909,0.2865670414413664,0.020049307002024508
d2,o_max,m010011_o_max_ord13_rk00012,0.3091600522931625,0.2865670414413664,0.022593010851796103
d2,o_max,m010012_o_max_ord13_rk00013,0.3026153038753927,0.2865670414413664,0.016048262434026295
d2,o_max,m010013_o_max_ord13_rk00014,0.2952657843363955,0.2865670414413664,0.008698742895029088
d2,o_max,m010014_o_max_ord13_rk00015,0.306173788170452,0.2865670414413664,0.019606746729085578
d2,o_max,m010015_o_max_ord13_rk00016,0.3005081611658212,0.2865670414413664,0.013941119724454776
d2,o_max,m010016_o_max_ord13_rk00017,0.3020760304290543,0.2865670414413664,0.015508988987687877
d2,o_max,m010017_o_max_ord13_rk00018,0.2973596777894088,0.2865670414413664,0.010792636348042395
d2,o_max,m010018_o_max_ord13_rk00019,0.3024623650130625,0.2865670414413664,0.015895323571696096
d2,o_max,m010019_o_max_ord13_rk00020,0.3085068562374357,0.2865670414413664,0.021939814796069268
d2,o_max,m011000_o_max_ord14_rk00001,0.3057773671145929,0.2865670414413664,0.019210325673226503
d2,o_max,m011001_o_max_ord14_rk00002,0.3038238640746348,0.2865670414413664,0.017256822633268387
d2,o_max,m011002_o_max_ord14_rk00003,0.3037446953755749,0.2865670414413664,0.017177653934208503
d2,o_max,m011003_o_max_ord14_rk00004,0.3079075844145132,0.2865670414413664,0.021340542973146803
d2,o_max,m011004_o_max_ord14_rk00005,0.3109534996322797,0.2865670414413664,0.024386458190913285
d2,o_max,m011005_o_max_ord14_rk00006,0.3061020552808037,0.2865670414413664,0.019535013839437287
d2,o_max,m011006_o_max_ord14_rk00007,0.3070601718206308,0.2865670414413664,0.020493130379264368
d2,o_max,m011007_o_max_ord14_rk00008,0.3076394571435263,0.2865670414413664,0.021072415702159897
d2,o_max,m011008_o_max_ord14_rk00009,0.300514182363333,0.2865670414413664,0.013947140921966583
d2,o_max,m011009_o_max_ord14_rk00010,0.3012136550925124,0.2865670414413664,0.014646613651146001
d2,o_max,m011010_o_max_ord14_rk00011,0.308433858713393,0.2865670414413664,0.021866817272026606
d2,o_max,m011011_o_max_ord14_rk00012,0.3062679868279427,0.2865670414413664,0.019700945386576296
d2,o_max,m011012_o_max_ord14_rk00013,0.3030448044236995,0.2865670414413664,0.01647776298233311
d2,o_max,m011013_o_max_ord14_rk00014,0.3055217447463727,0.2865670414413664,0.018954703305006315
d2,o_max,m011014_o_max_ord14_rk00015,0.3072731145841687,0.2865670414413664,0.020706073142802317
d2,o_max,m011015_o_max_ord14_rk00016,0.3066518972647319,0.2865670414413664,0.0200848558233655
d2,o_max,m011016_o_max_ord14_rk00017,0.297178782729937,0.2865670414413664,0.010611741288570564
d2,o_max,m011017_o_max_ord14_rk00018,0.3098175833344784,0.2865670414413664,0.023250541893111987
d2,o_max,m011018_o_max_ord14_rk00019,0.3042700760238883,0.2865670414413664,0.01770303458252187
d2,o_max,m011019_o_max_ord14_rk00020,0.3115145311500709,0.2865670414413664,0.024947489708704473
d2,o_max,m012000_o_max_ord15_rk00001,0.3106500885400699,0.2865670414413664,0.024083047098703514
d2,o_max,m012001_o_max_ord15_rk00002,0.3134460399087057,0.2865670414413664,0.026878998467339266
d2,o_max,m012002_o_max_ord15_rk00003,0.3092205084709185,0.2865670414413664,0.022653467029552066
d2,o_max,m012003_o_max_ord15_rk00004,0.3103024176635807,0.2865670414413664,0.023735376222214277
d2,o_max,m012004_o_max_ord15_rk00005,0.307875661244248,0.2865670414413664,0.021308619802881568
d2,o_max,m012005_o_max_ord15_rk00006,0.3161025019719525,0.2865670414413664,0.02953546053058609
d2,o_max,m012006_o_max_ord15_rk00007,0.3122931957953058,0.2865670414413664,0.02572615435393938
d2,o_max,m012007_o_max_ord15_rk00008,0.314813147964474,0.2865670414413664,0.028246106523107606
d2,o_max,m012008_o_max_ord15_rk00009,0.3073994483593908,0.2865670414413664,0.020832406918024404
d2,o_max,m012009_o_max_ord15_rk00010,0.3021673235245616,0.2865670414413664,0.015600282083195194
d2,o_max,m012010_o_max_ord15_rk00011,0.3144223793784828,0.2865670414413664,0.027855337937116365
d2,o_max,m012011_o_max_ord15_rk00012,0.3021350281449235,0.2865670414413664,0.01556798670355708
d2,o_max,m012012_o_max_ord15_rk00013,0.3078813444075583,0.2865670414413664,0.02131430296619191
d2,o_max,m012013_o_max_ord15_rk00014,0.3101777686901775,0.2865670414413664,0.02361072724881108
d2,o_max,m012014_o_max_ord15_rk00015,0.3051808222146235,0.2865670414413664,0.018613780773257094
d2,o_max,m012015_o_max_ord15_rk00016,0.3149410750103705,0.2865670414413664,0.028374033569004087
d2,o_max,m012016_o_max_ord15_rk00017,0.3015286723073146,0.2865670414413664,0.014961630865948206
d2,o_max,m012017_o_max_ord15_rk00018,0.3128987075560293,0.2865670414413664,0.026331666114662866
d2,o_max,m012018_o_max_ord15_rk00019,0.3031550931422826,0.2865670414413664,0.016588051700916207
d2,o_max,m012019_o_max_ord15_rk00020,0.3095330388645277,0.2865670414413664,0.0229659974231613
d2,o_max,m013000_o_max_ord16_rk00001,0.3032600006072543,0.2865670414413664,0.016692959165887866
d2,o_max,m013001_o_max_ord16_rk00002,0.300080217007647,0.2865670414413664,0.013513175566280566
d2,o_max,m013002_o_max_ord16_rk00003,0.3066790746170482,0.2865670414413664,0.020112033175681776
d2,o_max,m013003_o_max_ord16_rk00004,0.2897626964108023,0.2865670414413664,0.0031956549694359127
d2,o_max,m013004_o_max_ord16_rk00005,0.3043292571167065,0.2865670414413664,0.017762215675340087
d2,o_max,m013005_o_max_ord16_rk00006,0.30809296320807,0.2865670414413664,0.021525921766703593
d2,o_max,m013006_o_max_ord16_rk00007,0.302990909940845,0.2865670414413664,0.016423868499478578
d2,o_max,m013007_o_max_ord16_rk00008,0.3102524461884703,0.2865670414413664,0.0236854047471039
d2,o_max,m013008_o_max_ord16_rk00009,0.297546016443416,0.2865670414413664,0.010978975002049585
d2,o_max,m013009_o_max_ord16_rk00010,0.2959868375634722,0.2865670414413664,0.009419796122105806
d2,o_max,m013010_o_max_ord16_rk00011,0.3082261139520207,0.2865670414413664,0.021659072510654298
d2,o_max,m013011_o_max_ord16_rk00012,0.3055130660751396,0.2865670414413664,0.018946024633773206
d2,o_max,m013012_o_max_ord16_rk00013,0.3065719654515457,0.2865670414413664,0.02000492401017928
d2,o_max,m013013_o_max_ord16_rk00014,0.2989671210292672,0.2865670414413664,0.012400079587900792
d2,o_max,m013014_o_max_ord16_rk00015,0.3100584285047184,0.2865670414413664,0.023491387063351965
d2,o_max,m013015_o_max_ord16_rk00016,0.2999013217891741,0.2865670414413664,0.013334280347807703
d2,o_max,m013016_o_max_ord16_rk00017,0.306307611532134,0.2865670414413664,0.019740570090767573
d2,o_max,m013017_o_max_ord16_rk00018,0.3091341600661504,0.2865670414413664,0.022567118624784
d2,o_max,m013018_o_max_ord16_rk00019,0.3079577877388124,0.2865670414413664,0.021390746297445973
d2,o_max,m013019_o_max_ord16_rk00020,0.3142236090056324,0.2865670414413664,0.027656567564265988
d2,o_max,m014000_o_max_ord17_rk00001,0.2611215702219218,0.2865670414413664,-0.025445471219444626
d2,o_max,m014001_o_max_ord17_rk00002,0.3098500050600009,0.2865670414413664,0.023282963618634467
d2,o_max,m014002_o_max_ord17_rk00003,0.3015474514967602,0.2865670414413664,0.0149804100553938
d2,o_max,m014003_o_max_ord17_rk00004,0.3039634803156559,0.2865670414413664,0.017396438874289488
d2,o_max,m014004_o_max_ord17_rk00005,0.3111862637521742,0.2865670414413664,0.024619222310807765
d2,o_max,m014005_o_max_ord17_rk00006,0.3040473618597002,0.2865670414413664,0.017480320418333806
d2,o_max,m014006_o_max_ord17_rk00007,0.307731017402905,0.2865670414413664,0.021163975961538573
d2,o_max,m014007_o_max_ord17_rk00008,0.3160462934344706,0.2865670414413664,0.029479251993104194
d2,o_max,m014008_o_max_ord17_rk00009,0.3077053192245778,0.2865670414413664,0.021138277783211368
d2,o_max,m014009_o_max_ord17_rk00010,0.3076577126034043,0.2865670414413664,0.02109067116203789
d2,o_max,m014010_o_max_ord17_rk00011,0.3091845021063303,0.2865670414413664,0.022617460664963895
d2,o_max,m014011_o_max_ord17_rk00012,0.3121331336419947,0.2865670414413664,0.025566092200628276
d2,o_max,m014012_o_max_ord17_rk00013,0.3117996294628634,0.2865670414413664,0.02523258802149697
d2,o_max,m014013_o_max_ord17_rk00014,0.3075774342746625,0.2865670414413664,0.021010392833296088
d2,o_max,m014014_o_max_ord17_rk00015,0.3144711825694927,0.2865670414413664,0.02790414112812628
d2,o_max,m014015_o_max_ord17_rk00016,0.3081763661163265,0.2865670414413664,0.021609324674960073
d2,o_max,m014016_o_max_ord17_rk00017,0.3076655869796522,0.2865670414413664,0.021098545538285773
d2,o_max,m014017_o_max_ord17_rk00018,0.3048959675723793,0.2865670414413664,0.01832892613101289
d2,o_max,m014018_o_max_ord17_rk00019,0.3091664147476994,0.2865670414413664,0.022599373306332993
d2,o_max,m014019_o_max_ord17_rk00020,0.3128774728543287,0.2865670414413664,0.0263104314129623
d2,o_max,m015000_o_max_ord18_rk00001,0.2887117452204489,0.2865670414413664,0.0021447037790824908
d2,o_max,m015001_o_max_ord18_rk00002,0.2995478713585249,0.2865670414413664,0.012980829917158487
d2,o_max,m015002_o_max_ord18_rk00003,0.3067464200124883,0.2865670414413664,0.020179378571121898
d2,o_max,m015003_o_max_ord18_rk00004,0.3065799461029772,0.2865670414413664,0.020012904661610764
d2,o_max,m015004_o_max_ord18_rk00005,0.3082145254791794,0.2865670414413664,0.02164748403781297
d2,o_max,m015005_o_max_ord18_rk00006,0.3005151501611665,0.2865670414413664,0.013948108719800068
d2,o_max,m015006_o_max_ord18_rk00007,0.3027697820578164,0.2865670414413664,0.016202740616449995
d2,o_max,m015007_o_max_ord18_rk00008,0.3077156215058587,0.2865670414413664,0.021148580064492273
d2,o_max,m015008_o_max_ord18_rk00009,0.2943964045618097,0.2865670414413664,0.0078293631204433
d2,o_max,m015009_o_max_ord18_rk00010,0.3075281081759736,0.2865670414413664,0.02096106673460718
d2,o_max,m015010_o_max_ord18_rk00011,0.2956896833814958,0.2865670414413664,0.009122641940129406
d2,o_max,m015011_o_max_ord18_rk00012,0.3016346607633121,0.2865670414413664,0.015067619321945669
d2,o_max,m015012_o_max_ord18_rk00013,0.2985129209144691,0.2865670414413664,0.011945879473102716
d2,o_max,m015013_o_max_ord18_rk00014,0.3084431722420104,0.2865670414413664,0.02187613080064399
d2,o_max,m015014_o_max_ord18_rk00015,0.3130809874994079,0.2865670414413664,0.02651394605804147
d2,o_max,m015015_o_max_ord18_rk00016,0.3096193828256919,0.2865670414413664,0.023052341384325492
d2,o_max,m015016_o_max_ord18_rk00017,0.2978384821779991,0.2865670414413664,0.011271440736632665
d2,o_max,m015017_o_max_ord18_rk00018,0.3111586568476596,0.2865670414413664,0.024591615406293177
d2,o_max,m015018_o_max_ord18_rk00019,0.3076249323753943,0.2865670414413664,0.02105789093402788
d2,o_max,m015019_o_max_ord18_rk00020,0.3082286566566692,0.2865670414413664,0.0216616152153028
d2,o_max,m016000_o_max_ord19_rk00001,0.2793141827028846,0.2865670414413664,-0.007252858738481804
d2,o_max,m016001_o_max_ord19_rk00002,0.3113670657952385,0.2865670414413664,0.024800024353872074
d2,o_max,m016002_o_max_ord19_rk00003,0.3042077926905484,0.2865670414413664,0.017640751249181963
d2,o_max,m016003_o_max_ord19_rk00004,0.3104497378603518,0.2865670414413664,0.023882696418985383
d2,o_max,m016004_o_max_ord19_rk00005,0.3092631832311703,0.2865670414413664,0.022696141789803892
d2,o_max,m016005_o_max_ord19_rk00006,0.3005063635524786,0.2865670414413664,0.013939322111112207
d2,o_max,m016006_o_max_ord19_rk00007,0.3071469838513081,0.2865670414413664,0.02057994240994171
d2,o_max,m016007_o_max_ord19_rk00008,0.3136324206884108,0.2865670414413664,0.027065379247044385
d2,o_max,m016008_o_max_ord19_rk00009,0.3094621821346476,0.2865670414413664,0.02289514069328119
d2,o_max,m016009_o_max_ord19_rk00010,0.314650644867012,0.2865670414413664,0.028083603425645587
d2,o_max,m016010_o_max_ord19_rk00011,0.3083653322836243,0.2865670414413664,0.021798290842257873
d2,o_max,m016011_o_max_ord19_rk00012,0.3036172607079568,0.2865670414413664,0.017050219266590394
d2,o_max,m016012_o_max_ord19_rk00013,0.307511057620461,0.2865670414413664,0.020944016179094582
d2,o_max,m016013_o_max_ord19_rk00014,0.3116968496373727,0.2865670414413664,0.025129808196006298
d2,o_max,m016014_o_max_ord19_rk00015,0.3098192498993855,0.2865670414413664,0.023252208458019064
d2,o_max,m016015_o_max_ord19_rk00016,0.3120467447781022,0.2865670414413664,0.02547970333673577
d2,o_max,m016016_o_max_ord19_rk00017,0.3138728829835141,0.2865670414413664,0.027305841542147713
d2,o_max,m016017_o_max_ord19_rk00018,0.2993695998066042,0.2865670414413664,0.012802558365237804
d2,o_max,m016018_o_max_ord19_rk00019,0.3089466188965585,0.2865670414413664,0.02237957745519209
d2,o_max,m016019_o_max_ord19_rk00020,0.3145828669181763,0.2865670414413664,0.028015825476809864
d2,o_max,m017000_o_max_ord20_rk00001,0.2794389986518218,0.2865670414413664,-0.0071280427895445975
d2,o_max,m017001_o_max_ord20_rk00002,0.3033445540541908,0.2865670414413664,0.016777512612824397
d2,o_max,m017002_o_max_ord20_rk00003,0.300289928615546,0.2865670414413664,0.013722887174179577
d2,o_max,m017003_o_max_ord20_rk00004,0.3061089779134445,0.2865670414413664,0.01954193647207808
d2,o_max,m017004_o_max_ord20_rk00005,0.3035654799247522,0.2865670414413664,0.01699843848338578
d2,o_max,m017005_o_max_ord20_rk00006,0.3015840206164486,0.2865670414413664,0.015016979175082212
d2,o_max,m017006_o_max_ord20_rk00007,0.309552004369964,0.2865670414413664,0.022984962928597585
d2,o_max,m017007_o_max_ord20_rk00008,0.3044212619483998,0.2865670414413664,0.01785422050703339
d2,o_max,m017008_o_max_ord20_rk00009,0.2964338024327109,0.2865670414413664,0.009866760991344481
d2,o_max,m017009_o_max_ord20_rk00010,0.292502143371381,0.2865670414413664,0.0059351019300145635
d2,o_max,m017010_o_max_ord20_rk00011,0.3142107997462441,0.2865670414413664,0.027643758304877697
d2,o_max,m017011_o_max_ord20_rk00012,0.2833825226594703,0.2865670414413664,-0.0031845187818961285
d2,o_max,m017012_o_max_ord20_rk00013,0.3023557484617016,0.2865670414413664,0.01578870702033519
d2,o_max,m017013_o_max_ord20_rk00014,0.305785580066672,0.2865670414413664,0.019218538625305592
d2,o_max,m017014_o_max_ord20_rk00015,0.30582162142391,0.2865670414413664,0.019254579982543596
d2,o_max,m017015_o_max_ord20_rk00016,0.312391386758275,0.2865670414413664,0.02582434531690858
d2,o_max,m017016_o_max_ord20_rk00017,0.3082982539873234,0.2865670414413664,0.021731212545957
d2,o_max,m017017_o_max_ord20_rk00018,0.3062181372415283,0.2865670414413664,0.01965109580016189
d2,o_max,m017018_o_max_ord20_rk00019,0.2987250601350282,0.2865670414413664,0.012158018693661787
d2,o_max,m017019_o_max_ord20_rk00020,0.2962439306344335,0.2865670414413664,0.009676889193067084
d2,o_max,m018000_o_max_ord21_rk00001,0.2704048050959172,0.2865670414413664,-0.01616223634544922
d2,o_max,m018001_o_max_ord21_rk00002,0.3146336407159464,0.2865670414413664,0.028066599274579995
d2,o_max,m018002_o_max_ord21_rk00003,0.3102216651905193,0.2865670414413664,0.023654623749152892
d2,o_max,m018003_o_max_ord21_rk00004,0.30617833187681,0.2865670414413664,0.019611290435443574
d2,o_max,m018004_o_max_ord21_rk00005,0.2626751340866908,0.2865670414413664,-0.023891907354675612
d2,o_max,m018005_o_max_ord21_rk00006,0.3074200873742317,0.2865670414413664,0.0208530459328653
d2,o_max,m018006_o_max_ord21_rk00007,0.2651307772277097,0.2865670414413664,-0.021436264213656686
d2,o_max,m018007_o_max_ord21_rk00008,0.3067426084663568,0.2865670414413664,0.020175567024990404
d2,o_max,m018008_o_max_ord21_rk00009,0.302338237531681,0.2865670414413664,0.015771196090314576
d2,o_max,m018009_o_max_ord21_rk00010,0.3055000982092191,0.2865670414413664,0.018933056767852674
d2,o_max,m018010_o_max_ord21_rk00011,0.3141211812748078,0.2865670414413664,0.027554139833441404
d2,o_max,m018011_o_max_ord21_rk00012,0.3101058801638364,0.2865670414413664,0.02353883872246998
d2,o_max,m018012_o_max_ord21_rk00013,0.277113933527535,0.2865670414413664,-0.009453107913831416
d2,o_max,m018013_o_max_ord21_rk00014,0.3111432394964105,0.2865670414413664,0.024576198055044074
d2,o_max,m018014_o_max_ord21_rk00015,0.3109879034038461,0.2865670414413664,0.024420861962479667
d2,o_max,m018015_o_max_ord21_rk00016,0.2660966309222095,0.2865670414413664,-0.020470410519156934
d2,o_max,m018016_o_max_ord21_rk00017,0.312279024787656,0.2865670414413664,0.025711983346289602
d2,o_max,m018017_o_max_ord21_rk00018,0.3097979453365609,0.2865670414413664,0.0232309038951945
d2,o_max,m018018_o_max_ord21_rk00019,0.314403201287031,0.2865670414413664,0.027836159845664565
d2,o_max,m018019_o_max_ord21_rk00020,0.3068947462819922,0.2865670414413664,0.020327704840625793
d2,o_max,m019000_o_max_ord22_rk00001,0.3012401258346544,0.2865670414413664,0.014673084393288016
d2,o_max,m019001_o_max_ord22_rk00002,0.2753483786811187,0.2865670414413664,-0.011218662760247688
d2,o_max,m019002_o_max_ord22_rk00003,0.304662622433636,0.2865670414413664,0.0180955809922696
d2,o_max,m019003_o_max_ord22_rk00004,0.2976217872106219,0.2865670414413664,0.01105474576925547
d2,o_max,m019004_o_max_ord22_rk00005,0.2923487151694401,0.2865670414413664,0.0057816737280737
d2,o_max,m019005_o_max_ord22_rk00006,0.3046064323614167,0.2865670414413664,0.018039390920050302
d2,o_max,m019006_o_max_ord22_rk00007,0.3122041166792718,0.2865670414413664,0.02563707523790537
d2,o_max,m019007_o_max_ord22_rk00008,0.2967249783460171,0.2865670414413664,0.010157936904650666
d2,o_max,m019008_o_max_ord22_rk00009,0.3091953124871702,0.2865670414413664,0.022628271045803783
d2,o_max,m019009_o_max_ord22_rk00010,0.3039308376841649,0.2865670414413664,0.01736379624279849
d2,o_max,m019010_o_max_ord22_rk00011,0.3040703163830442,0.2865670414413664,0.017503274941677804
d2,o_max,m019011_o_max_ord22_rk00012,0.2991846430007382,0.2865670414413664,0.012617601559371805
d2,o_max,m019012_o_max_ord22_rk00013,0.3057648651277993,0.2865670414413664,0.019197823686432913
d2,o_max,m019013_o_max_ord22_rk00014,0.3042055507030075,0.2865670414413664,0.017638509261641067
d2,o_max,m019014_o_max_ord22_rk00015,0.2920982149489581,0.2865670414413664,0.005531173507591691
d2,o_max,m019015_o_max_ord22_rk00016,0.3097305634500251,0.2865670414413664,0.023163522008658677
d2,o_max,m019016_o_max_ord22_rk00017,0.3013058231243821,0.2865670414413664,0.014738781683015678
d2,o_max,m019017_o_max_ord22_rk00018,0.3017658994800783,0.2865670414413664,0.015198858038711904
d2,o_max,m019018_o_max_ord22_rk00019,0.3041021335033614,0.2865670414413664,0.017535092061994995
d2,o_max,m019019_o_max_ord22_rk00020,0.3059738005535728,0.2865670414413664,0.019406759112206406
d2,o_max,m020000_o_max_ord23_rk00001,0.2889494139524134,0.2865670414413664,0.002382372511047004
d2,o_max,m020001_o_max_ord23_rk00002,0.2957945866640651,0.2865670414413664,0.009227545222698696
d2,o_max,m020002_o_max_ord23_rk00003,0.2762983468298935,0.2865670414413664,-0.010268694611472895
d2,o_max,m020003_o_max_ord23_rk00004,0.3044491186951775,0.2865670414413664,0.01788207725381108
d2,o_max,m020004_o_max_ord23_rk00005,0.2794657464211143,0.2865670414413664,-0.007101295020252085
d2,o_max,m020005_o_max_ord23_rk00006,0.302566085406002,0.2865670414413664,0.015999043964635584
d2,o_max,m020006_o_max_ord23_rk00007,0.3037801861220132,0.2865670414413664,0.017213144680646775
d2,o_max,m020007_o_max_ord23_rk00008,0.2755344355065132,0.2865670414413664,-0.011032605934853223
d2,o_max,m020008_o_max_ord23_rk00009,0.2673157760170561,0.2865670414413664,-0.019251265424310327
d2,o_max,m020009_o_max_ord23_rk00010,0.3003879058419959,0.2865670414413664,0.013820864400629462
d2,o_max,m020010_o_max_ord23_rk00011,0.3010942705091473,0.2865670414413664,0.014527229067780867
d2,o_max,m020011_o_max_ord23_rk00012,0.2963145966950486,0.2865670414413664,0.009747555253682205
d2,o_max,m020012_o_max_ord23_rk00013,0.2996849865431836,0.2865670414413664,0.013117945101817186
d2,o_max,m020013_o_max_ord23_rk00014,0.305519772773132,0.2865670414413664,0.018952731331765615
d2,o_max,m020014_o_max_ord23_rk00015,0.3106418613270478,0.2865670414413664,0.024074819885681387
d2,o_max,m020015_o_max_ord23_rk00016,0.3104731075738844,0.2865670414413664,0.023906066132518
d2,o_max,m020016_o_max_ord23_rk00017,0.3045938785225877,0.2865670414413664,0.01802683708122127
d2,o_max,m020017_o_max_ord23_rk00018,0.3084317509823034,0.2865670414413664,0.021864709540937
d2,o_max,m020018_o_max_ord23_rk00019,0.3035892800726701,0.2865670414413664,0.0170222386313037
d2,o_max,m020019_o_max_ord23_rk00020,0.2979195204233287,0.2865670414413664,0.011352478981962288
d2,o_max,m021000_o_max_ord24_rk00001,0.301045087322059,0.2865670414413664,0.01447804588069257
d2,o_max,m021001_o_max_ord24_rk00002,0.2912614707953147,0.2865670414413664,0.004694429353948315
d2,o_max,m021002_o_max_ord24_rk00003,0.2938928900234303,0.2865670414413664,0.007325848582063865
d2,o_max,m021003_o_max_ord24_rk00004,0.306923551740383,0.2865670414413664,0.020356510299016584
d2,o_max,m021004_o_max_ord24_rk00005,0.3005533817613793,0.2865670414413664,0.013986340320012891
d2,o_max,m021005_o_max_ord24_rk00006,0.3014772231559897,0.2865670414413664,0.014910181714623272
d2,o_max,m021006_o_max_ord24_rk00007,0.3011857195528609,0.2865670414413664,0.014618678111494476
d2,o_max,m021007_o_max_ord24_rk00008,0.2969024681379733,0.2865670414413664,0.010335426696606864
d2,o_max,m021008_o_max_ord24_rk00009,0.2947191595730175,0.2865670414413664,0.008152118131651065
d2,o_max,m021009_o_max_ord24_rk00010,0.2888805681031997,0.2865670414413664,0.002313526661833265
d2,o_max,m021010_o_max_ord24_rk00011,0.2808049600487666,0.2865670414413664,-0.005762081392599816
d2,o_max,m021011_o_max_ord24_rk00012,0.2985836038040684,0.2865670414413664,0.012016562362701988
d2,o_max,m021012_o_max_ord24_rk00013,0.2928936522272042,0.2865670414413664,0.006326610785837794
d2,o_max,m021013_o_max_ord24_rk00014,0.3064687498020895,0.2865670414413664,0.01990170836072308
d2,o_max,m021014_o_max_ord24_rk00015,0.2952701983715849,0.2865670414413664,0.008703156930218503
d2,o_max,m021015_o_max_ord24_rk00016,0.3013662812755416,0.2865670414413664,0.014799239834175193
d2,o_max,m021016_o_max_ord24_rk00017,0.3047796738912434,0.2865670414413664,0.018212632449876975
d2,o_max,m021017_o_max_ord24_rk00018,0.2978492493601852,0.2865670414413664,0.011282207918818787
d2,o_max,m021018_o_max_ord24_rk00019,0.3094199180350289,0.2865670414413664,0.022852876593662474
d2,o_max,m021019_o_max_ord24_rk00020,0.2786285311053516,0.2865670414413664,-0.007938510336014837
d2,o_max,m022000_o_max_ord25_rk00001,0.297848444817974,0.2865670414413664,0.011281403376607602
d2,o_max,m022001_o_max_ord25_rk00002,0.3120752349280539,0.2865670414413664,0.02550819348668748
d2,o_max,m022002_o_max_ord25_rk00003,0.2745953315420918,0.2865670414413664,-0.011971709899274596
d2,o_max,m022003_o_max_ord25_rk00004,0.3018814335389845,0.2865670414413664,0.01531439209761809
d2,o_max,m022004_o_max_ord25_rk00005,0.3084306691529896,0.2865670414413664,0.0218636277116232
d2,o_max,m022005_o_max_ord25_rk00006,0.2951203184404697,0.2865670414413664,0.008553276999103299
d2,o_max,m022006_o_max_ord25_rk00007,0.3103034270712236,0.2865670414413664,0.023736385629857193
d2,o_max,m022007_o_max_ord25_rk00008,0.3028684222237924,0.2865670414413664,0.01630138078242599
d2,o_max,m022008_o_max_ord25_rk00009,0.2978704553951048,0.2865670414413664,0.011303413953738406
d2,o_max,m022009_o_max_ord25_rk00010,0.305629661624893,0.2865670414413664,0.019062620183526613
d2,o_max,m022010_o_max_ord25_rk00011,0.3125177472433539,0.2865670414413664,0.025950705801987495
d2,o_max,m022011_o_max_ord25_rk00012,0.31306537962335,0.2865670414413664,0.026498338181983605
d2,o_max,m022012_o_max_ord25_rk00013,0.3015046264542406,0.2865670414413664,0.014937585012874177
d2,o_max,m022013_o_max_ord25_rk00014,0.3149042351958574,0.2865670414413664,0.028337193754491008
d2,o_max,m022014_o_max_ord25_rk00015,0.3032154407004771,0.2865670414413664,0.016648399259110713
d2,o_max,m022015_o_max_ord25_rk00016,0.3129102721747884,0.2865670414413664,0.026343230733421985
d2,o_max,m022016_o_max_ord25_rk00017,0.2950796290513442,0.2865670414413664,0.008512587609977806
d2,o_max,m022017_o_max_ord25_rk00018,0.3139507017833746,0.2865670414413664,0.027383660342008176
d2,o_max,m022018_o_max_ord25_rk00019,0.3127843109137875,0.2865670414413664,0.02621726947242109
d2,o_max,m022019_o_max_ord25_rk00020,0.3009887889067104,0.2865670414413664,0.01442174746534397
d2,o_max,m023000_o_max_ord26_rk00001,0.2998199692291539,0.2865670414413664,0.013252927787787472
d2,o_max,m023001_o_max_ord26_rk00002,0.3076534310878107,0.2865670414413664,0.02108638964644427
d2,o_max,m023002_o_max_ord26_rk00003,0.3009738232680357,0.2865670414413664,0.014406781826669268
d2,o_max,m023003_o_max_ord26_rk00004,0.3091387500771356,0.2865670414413664,0.022571708635769183
d2,o_max,m023004_o_max_ord26_rk00005,0.3021948102406033,0.2865670414413664,0.015627768799236885
d2,o_max,m023005_o_max_ord26_rk00006,0.2964688721655015,0.2865670414413664,0.009901830724135086
d2,o_max,m023006_o_max_ord26_rk00007,0.307915703898603,0.2865670414413664,0.0213486624572366
d2,o_max,m023007_o_max_ord26_rk00008,0.3115798774945898,0.2865670414413664,0.02501283605322341
d2,o_max,m023008_o_max_ord26_rk00009,0.301467220050122,0.2865670414413664,0.014900178608755588
d2,o_max,m023009_o_max_ord26_rk00010,0.3010143737872034,0.2865670414413664,0.014447332345837005
d2,o_max,m023010_o_max_ord26_rk00011,0.3089924814302202,0.2865670414413664,0.022425439988853768
d2,o_max,m023011_o_max_ord26_rk00012,0.3066156834975333,0.2865670414413664,0.02004864205616691
d2,o_max,m023012_o_max_ord26_rk00013,0.3067681120141234,0.2865670414413664,0.020201070572756996
d2,o_max,m023013_o_max_ord26_rk00014,0.2985574297424196,0.2865670414413664,0.0119903883010532
d2,o_max,m023014_o_max_ord26_rk00015,0.2969884532302526,0.2865670414413664,0.01042141178888617
d2,o_max,m023015_o_max_ord26_rk00016,0.2987205970607663,0.2865670414413664,0.012153555619399903
d2,o_max,m023016_o_max_ord26_rk00017,0.3056143912993787,0.2865670414413664,0.019047349858012264
d2,o_max,m023017_o_max_ord26_rk00018,0.3094589147419773,0.2865670414413664,0.022891873300610877
d2,o_max,m023018_o_max_ord26_rk00019,0.3097579367218415,0.2865670414413664,0.023190895280475077
d2,o_max,m023019_o_max_ord26_rk00020,0.2967477413989774,0.2865670414413664,0.010180699957611006
d2,o_max,m024000_o_max_ord27_rk00001,0.2783120382569871,0.2865670414413664,-0.008255003184379328
d2,o_max,m024001_o_max_ord27_rk00002,0.3060554051543798,0.2865670414413664,0.01948836371301338
d2,o_max,m024002_o_max_ord27_rk00003,0.3022498349724613,0.2865670414413664,0.015682793531094863
d2,o_max,m024003_o_max_ord27_rk00004,0.299505898404091,0.2865670414413664,0.012938856962724565
d2,o_max,m024004_o_max_ord27_rk00005,0.3006578394160193,0.2865670414413664,0.014090797974652902
d2,o_max,m024005_o_max_ord27_rk00006,0.3087559412841246,0.2865670414413664,0.02218889984275818
d2,o_max,m024006_o_max_ord27_rk00007,0.3085130012981686,0.2865670414413664,0.0219459598568022
d2,o_max,m024007_o_max_ord27_rk00008,0.2995274722687979,0.2865670414413664,0.01296043082743148
d2,o_max,m024008_o_max_ord27_rk00009,0.3091236684346453,0.2865670414413664,0.022556626993278872
d2,o_max,m024009_o_max_ord27_rk00010,0.3123738543362658,0.2865670414413664,0.02580681289489939
d2,o_max,m024010_o_max_ord27_rk00011,0.3039332939984156,0.2865670414413664,0.01736625255704921
d2,o_max,m024011_o_max_ord27_rk00012,0.3084403321407727,0.2865670414413664,0.0218732906994063
d2,o_max,m024012_o_max_ord27_rk00013,0.2983406823762685,0.2865670414413664,0.011773640934902074
d2,o_max,m024013_o_max_ord27_rk00014,0.3072407617102016,0.2865670414413664,0.020673720268835183
d2,o_max,m024014_o_max_ord27_rk00015,0.304386584303242,0.2865670414413664,0.017819542861875592
d2,o_max,m024015_o_max_ord27_rk00016,0.3056888819329837,0.2865670414413664,0.019121840491617303
d2,o_max,m024016_o_max_ord27_rk00017,0.3127493298300173,0.2865670414413664,0.026182288388650887
d2,o_max,m024017_o_max_ord27_rk00018,0.308027693411019,0.2865670414413664,0.021460651969652578
d2,o_max,m024018_o_max_ord27_rk00019,0.2983613148157434,0.2865670414413664,0.011794273374376996
d2,o_max,m024019_o_max_ord27_rk00020,0.3034116886044553,0.2865670414413664,0.016844647163088866
d2,o_max,m025000_o_max_ord28_rk00001,0.3085619063700322,0.2865670414413664,0.021994864928665814
d2,o_max,m025001_o_max_ord28_rk00002,0.3085516050619836,0.2865670414413664,0.02198456362061718
d2,o_max,m025002_o_max_ord28_rk00003,0.3153407375566615,0.2865670414413664,0.028773696115295067
d2,o_max,m025003_o_max_ord28_rk00004,0.3167833075533841,0.2865670414413664,0.030216266112017665
d2,o_max,m025004_o_max_ord28_rk00005,0.3087286291531242,0.2865670414413664,0.022161587711757802
d2,o_max,m025005_o_max_ord28_rk00006,0.3082395165335316,0.2865670414413664,0.02167247509216519
d2,o_max,m025006_o_max_ord28_rk00007,0.3094356064538328,0.2865670414413664,0.02286856501246637
d2,o_max,m025007_o_max_ord28_rk00008,0.3142746425763009,0.2865670414413664,0.02770760113493448
d2,o_max,m025008_o_max_ord28_rk00009,0.3170531840637622,0.2865670414413664,0.030486142622395795
d2,o_max,m025009_o_max_ord28_rk00010,0.3118735719917325,0.2865670414413664,0.02530653055036608
d2,o_max,m025010_o_max_ord28_rk00011,0.3085656315518555,0.2865670414413664,0.021998590110489102
d2,o_max,m025011_o_max_ord28_rk00012,0.3096510956112566,0.2865670414413664,0.023084054169890178
d2,o_max,m025012_o_max_ord28_rk00013,0.306032728190577,0.2865670414413664,0.019465686749210565
d2,o_max,m025013_o_max_ord28_rk00014,0.3101655398016131,0.2865670414413664,0.02359849836024669
d2,o_max,m025014_o_max_ord28_rk00015,0.3098685464333205,0.2865670414413664,0.023301504991954103
d2,o_max,m025015_o_max_ord28_rk00016,0.3115008212962452,0.2865670414413664,0.024933779854878768
d2,o_max,m025016_o_max_ord28_rk00017,0.3167187340445782,0.2865670414413664,0.030151692603211766
d2,o_max,m025017_o_max_ord28_rk00018,0.3140271568530897,0.2865670414413664,0.027460115411723274
d2,o_max,m025018_o_max_ord28_rk00019,0.3030311125898048,0.2865670414413664,0.016464071148438397
d2,o_max,m025019_o_max_ord28_rk00020,0.3095530084413116,0.2865670414413664,0.022985966999945207
d2,o_max,m026000_o_max_ord29_rk00001,0.2985900071130329,0.2865670414413664,0.012022965671666497
d2,o_max,m026001_o_max_ord29_rk00002,0.2899628088477018,0.2865670414413664,0.0033957674063354037
d2,o_max,m026002_o_max_ord29_rk00003,0.3030900470833911,0.2865670414413664,0.01652300564202469
d2,o_max,m026003_o_max_ord29_rk00004,0.2967039880870055,0.2865670414413664,0.010136946645639078
d2,o_max,m026004_o_max_ord29_rk00005,0.3099893413997189,0.2865670414413664,0.023422299958352488
d2,o_max,m026005_o_max_ord29_rk00006,0.3138068254363655,0.2865670414413664,0.0272397839949991
d2,o_max,m026006_o_max_ord29_rk00007,0.3158051963510957,0.2865670414413664,0.029238154909729308
d2,o_max,m026007_o_max_ord29_rk00008,0.3058468886044847,0.2865670414413664,0.019279847163118313
d2,o_max,m026008_o_max_ord29_rk00009,0.2958716720732315,0.2865670414413664,0.009304630631865096
d2,o_max,m026009_o_max_ord29_rk00010,0.3115027125761865,0.2865670414413664,0.024935671134820092
d2,o_max,m026010_o_max_ord29_rk00011,0.3002206379574647,0.2865670414413664,0.013653596516098265
d2,o_max,m026011_o_max_ord29_rk00012,0.3123405241475738,0.2865670414413664,0.025773482706207385
d2,o_max,m026012_o_max_ord29_rk00013,0.3074642929037429,0.2865670414413664,0.020897251462376476
d2,o_max,m026013_o_max_ord29_rk00014,0.2974030384482987,0.2865670414413664,0.010835997006932274
d2,o_max,m026014_o_max_ord29_rk00015,0.3018428007358538,0.2865670414413664,0.015275759294487379
d2,o_max,m026015_o_max_ord29_rk00016,0.3064615331733528,0.2865670414413664,0.019894491731986375
d2,o_max,m026016_o_max_ord29_rk00017,0.30205499449934,0.2865670414413664,0.01548795305797357
d2,o_max,m026017_o_max_ord29_rk00018,0.2861661980325054,0.2865670414413664,-0.0004008434088609847
d2,o_max,m026018_o_max_ord29_rk00019,0.2948450934029777,0.2865670414413664,0.008278051961611299
d2,o_max,m026019_o_max_ord29_rk00020,0.3119274454042253,0.2865670414413664,0.02536040396285888
d2,o_max,m027000_o_max_ord30_rk00001,0.2880487359291866,0.2865670414413664,0.0014816944878202065
d2,o_max,m027001_o_max_ord30_rk00002,0.3025222551732637,0.2865670414413664,0.01595521373189729
d2,o_max,m027002_o_max_ord30_rk00003,0.306306808183324,0.2865670414413664,0.0197397667419576
d2,o_max,m027003_o_max_ord30_rk00004,0.295193972426485,0.2865670414413664,0.008626930985118575
d2,o_max,m027004_o_max_ord30_rk00005,0.3003202722293856,0.2865670414413664,0.01375323078801921
d2,o_max,m027005_o_max_ord30_rk00006,0.3136383402649969,0.2865670414413664,0.027071298823630463
d2,o_max,m027006_o_max_ord30_rk00007,0.3105171589605381,0.2865670414413664,0.0239501175191717
d2,o_max,m027007_o_max_ord30_rk00008,0.3093103813393923,0.2865670414413664,0.022743339898025905
d2,o_max,m027008_o_max_ord30_rk00009,0.3144490547672802,0.2865670414413664,0.02788201332591378
d2,o_max,m027009_o_max_ord30_rk00010,0.2997313648267008,0.2865670414413664,0.013164323385334409
d2,o_max,m027010_o_max_ord30_rk00011,0.3020026738774548,0.2865670414413664,0.015435632436088365
d2,o_max,m027011_o_max_ord30_rk00012,0.3122209340921359,0.2865670414413664,0.025653892650769505
d2,o_max,m027012_o_max_ord30_rk00013,0.3092901680441022,0.2865670414413664,0.022723126602735788
d2,o_max,m027013_o_max_ord30_rk00014,0.3060908836154881,0.2865670414413664,0.019523842174121675
d2,o_max,m027014_o_max_ord30_rk00015,0.3014081012916919,0.2865670414413664,0.014841059850325466
d2,o_max,m027015_o_max_ord30_rk00016,0.2995070583544976,0.2865670414413664,0.01294001691313118
d2,o_max,m027016_o_max_ord30_rk00017,0.3074767484080389,0.2865670414413664,0.020909706966672492
d2,o_max,m027017_o_max_ord30_rk00018,0.3047953530269737,0.2865670414413664,0.018228311585607282
d2,o_max,m027018_o_max_ord30_rk00019,0.3145408820486338,0.2865670414413664,0.027973840607267375
d2,o_max,m027019_o_max_ord30_rk00020,0.3131727241932611,0.2865670414413664,0.026605682751894677
d3,o_max,m000000_o_max_ord3_rk00001,0.3070755296360687,0.2785400732599385,0.028535456376130197
d3,o_max,m000001_o_max_ord3_rk00002,0.2862676686135296,0.2785400732599385,0.007727595353591077
d3,o_max,m000002_o_max_ord3_rk00003,0.306877455856419,0.2785400732599385,0.028337382596480498
d3,o_max,m000003_o_max_ord3_rk00004,0.2971273270514056,0.2785400732599385,0.018587253791467084
d3,o_max,m000004_o_max_ord3_rk00005,0.3032032660981599,0.2785400732599385,0.02466319283822138
d3,o_max,m000005_o_max_ord3_rk00006,0.3019732663231633,0.2785400732599385,0.023433193063224778
d3,o_max,m000006_o_max_ord3_rk00007,0.3010424878751377,0.2785400732599385,0.022502414615199196
d3,o_max,m000007_o_max_ord3_rk00008,0.3025414792240004,0.2785400732599385,0.02400140596406186
d3,o_max,m000008_o_max_ord3_rk00009,0.2975093251206205,0.2785400732599385,0.01896925186068199
d3,o_max,m000009_o_max_ord3_rk00010,0.3072158330747493,0.2785400732599385,0.028675759814810797
d3,o_max,m000010_o_max_ord3_rk00011,0.2994266985394541,0.2785400732599385,0.02088662527951557
d3,o_max,m000011_o_max_ord3_rk00012,0.3075220629613239,0.2785400732599385,0.02898198970138538
d3,o_max,m000012_o_max_ord3_rk00013,0.2959963830389533,0.2785400732599385,0.0174563097790148
d3,o_max,m000013_o_max_ord3_rk00014,0.2983424570181573,0.2785400732599385,0.0198023837582188
d3,o_max,m000014_o_max_ord3_rk00015,0.3034613336968396,0.2785400732599385,0.02492126043690107
d3,o_max,m000015_o_max_ord3_rk00016,0.3063443110879279,0.2785400732599385,0.02780423782798941
d3,o_max,m000016_o_max_ord3_rk00017,0.3080040279556981,0.2785400732599385,0.029463954695759575
d3,o_max,m000017_o_max_ord3_rk00018,0.3065807678302648,0.2785400732599385,0.028040694570326263
d3,o_max,m000018_o_max_ord3_rk00019,0.3058530876916607,0.2785400732599385,0.027313014431722182
d3,o_max,m000019_o_max_ord3_rk00020,0.2982413769206101,0.2785400732599385,0.019701303660671576
d3,o_max,m001000_o_max_ord4_rk00001,0.2978929023436634,0.2785400732599385,0.019352829083724876
d3,o_max,m001001_o_max_ord4_rk00002,0.2975910314095541,0.2785400732599385,0.019050958149615604
d3,o_max,m001002_o_max_ord4_rk00003,0.3017291493905591,0.2785400732599385,0.0231890761306206
d3,o_max,m001003_o_max_ord4_rk00004,0.298278162176119,0.2785400732599385,0.019738088916180507
d3,o_max,m001004_o_max_ord4_rk00005,0.2995258343014353,0.2785400732599385,0.020985761041496798
d3,o_max,m001005_o_max_ord4_rk00006,0.289914092377283,0.2785400732599385,0.01137401911734448
d3,o_max,m001006_o_max_ord4_rk00007,0.3017820776852594,0.2785400732599385,0.023242004425320872
d3,o_max,m001007_o_max_ord4_rk00008,0.2655456251007078,0.2785400732599385,-0.012994448159230731
d3,o_max,m001008_o_max_ord4_rk00009,0.3033090222578281,0.2785400732599385,0.02476894899788956
d3,o_max,m001009_o_max_ord4_rk00010,0.3016378989463572,0.2785400732599385,0.02309782568641866
d3,o_max,m001010_o_max_ord4_rk00011,0.2942936141412724,0.2785400732599385,0.015753540881333905
d3,o_max,m001011_o_max_ord4_rk00012,0.2990809519903282,0.2785400732599385,0.020540878730389678
d3,o_max,m001012_o_max_ord4_rk00013,0.2944947244035071,0.2785400732599385,0.015954651143568588
d3,o_max,m001013_o_max_ord4_rk00014,0.300743671482431,0.2785400732599385,0.02220359822249246
d3,o_max,m001014_o_max_ord4_rk00015,0.2921647973786748,0.2785400732599385,0.013624724118736276
d3,o_max,m001015_o_max_ord4_rk00016,0.2943308464104877,0.2785400732599385,0.015790773150549164
d3,o_max,m001016_o_max_ord4_rk00017,0.2935104958360079,0.2785400732599385,0.014970422576069398
d3,o_max,m001017_o_max_ord4_rk00018,0.2903573892894285,0.2785400732599385,0.011817316029489988
d3,o_max,m001018_o_max_ord4_rk00019,0.2872290901961254,0.2785400732599385,0.0086890169361869
d3,o_max,m001019_o_max_ord4_rk00020,0.2853972096457128,0.2785400732599385,0.006857136385774287
d3,o_max,m002000_o_max_ord5_rk00001,0.3029092318741534,0.2785400732599385,0.024369158614214903
d3,o_max,m002001_o_max_ord5_rk00002,0.3073769572774911,0.2785400732599385,0.028836884017552578
d3,o_max,m002002_o_max_ord5_rk00003,0.3010080975243363,0.2785400732599385,0.022468024264397812
d3,o_max,m002003_o_max_ord5_rk00004,0.3047769611011524,0.2785400732599385,0.026236887841213863
d3,o_max,m002004_o_max_ord5_rk00005,0.2985094741608084,0.2785400732599385,0.019969400900869905
d3,o_max,m002005_o_max_ord5_rk00006,0.3081966391864095,0.2785400732599385,0.02965656592647098
d3,o_max,m002006_o_max_ord5_rk00007,0.3072299725166423,0.2785400732599385,0.028689899256703788
d3,o_max,m002007_o_max_ord5_rk00008,0.308215763322198,0.2785400732599385,0.029675690062259508
d3,o_max,m002008_o_max_ord5_rk00009,0.3054109217977057,0.2785400732599385,0.026870848537767167
d3,o_max,m002009_o_max_ord5_rk00010,0.307930625107004,0.2785400732599385,0.02939055184706546
d3,o_max,m002010_o_max_ord5_rk00011,0.3012549698089009,0.2785400732599385,0.02271489654896236
d3,o_max,m002011_o_max_ord5_rk00012,0.2944148646250991,0.2785400732599385,0.015874791365160568
d3,o_max,m002012_o_max_ord5_rk00013,0.2929060733788804,0.2785400732599385,0.014366000118941902
d3,o_max,m002013_o_max_ord5_rk00014,0.3122671690076206,0.2785400732599385,0.03372709574768207
d3,o_max,m002014_o_max_ord5_rk00015,0.3070959984762647,0.2785400732599385,0.02855592521632616
d3,o_max,m002015_o_max_ord5_rk00016,0.2935877195091496,0.2785400732599385,0.015047646249211066
d3,o_max,m002016_o_max_ord5_rk00017,0.2998566165021061,0.2785400732599385,0.021316543242167585
d3,o_max,m002017_o_max_ord5_rk00018,0.3064438530790168,0.2785400732599385,0.027903779819078267
d3,o_max,m002018_o_max_ord5_rk00019,0.2934375136970294,0.2785400732599385,0.014897440437090903
d3,o_max,m002019_o_max_ord5_rk00020,0.3070601669846803,0.2785400732599385,0.02852009372474179
d3,o_max,m003000_o_max_ord6_rk00001,0.2977251866043952,0.2785400732599385,0.01918511334445666
d3,o_max,m003001_o_max_ord6_rk00002,0.2997511640198276,0.2785400732599385,0.021211090759889084
d3,o_max,m003002_o_max_ord6_rk00003,0.2980466136276615,0.2785400732599385,0.01950654036772298
d3,o_max,m003003_o_max_ord6_rk00004,0.3029081048797387,0.2785400732599385,0.024368031619800168
d3,o_max,m003004_o_max_ord6_rk00005,0.3023920566327772,0.2785400732599385,0.02385198337283867
d3,o_max,m003005_o_max_ord6_rk00006,0.2902012769856574,0.2785400732599385,0.011661203725718883
d3,o_max,m003006_o_max_ord6_rk00007,0.3021023063154461,0.2785400732599385,0.023562233055507587
d3,o_max,m003007_o_max_ord6_rk00008,0.301130621384475,0.2785400732599385,0.02259054812453648
d3,o_max,m003008_o_max_ord6_rk00009,0.3013128894978735,0.2785400732599385,0.02277281623793498
d3,o_max,m003009_o_max_ord6_rk00010,0.2949410493875196,0.2785400732599385,0.01640097612758107
d3,o_max,m003010_o_max_ord6_rk00011,0.3025170344221215,0.2785400732599385,0.023976961162183008
d3,o_max,m003011_o_max_ord6_rk00012,0.2974358158761839,0.2785400732599385,0.01889574261624538
d3,o_max,m003012_o_max_ord6_rk00013,0.3063438456947953,0.2785400732599385,0.027803772434856766
d3,o_max,m003013_o_max_ord6_rk00014,0.2979159584598172,0.2785400732599385,0.019375885199878706
d3,o_max,m003014_o_max_ord6_rk00015,0.3026790516430301,0.2785400732599385,0.02413897838309159
d3,o_max,m003015_o_max_ord6_rk00016,0.2969229120350802,0.2785400732599385,0.018382838775141686
d3,o_max,m003016_o_max_ord6_rk00017,0.2940839432771395,0.2785400732599385,0.015543870017200978
d3,o_max,m003017_o_max_ord6_rk00018,0.2993232095519916,0.2785400732599385,0.020783136292053084
d3,o_max,m003018_o_max_ord6_rk00019,0.3019342787853016,0.2785400732599385,0.023394205525363088
d3,o_max,m003019_o_max_ord6_rk00020,0.2942568369964488,0.2785400732599385,0.015716763736510264
d3,o_max,m004000_o_max_ord7_rk00001,0.3048982781507368,0.2785400732599385,0.026358204890798265
d3,o_max,m004001_o_max_ord7_rk00002,0.3005360462620295,0.2785400732599385,0.021995973002090996
d3,o_max,m004002_o_max_ord7_rk00003,0.2964034331665617,0.2785400732599385,0.01786335990662319
d3,o_max,m004003_o_max_ord7_rk00004,0.2932245069370737,0.2785400732599385,0.014684433677135178
d3,o_max,m004004_o_max_ord7_rk00005,0.2984884115253603,0.2785400732599385,0.019948338265421806
d3,o_max,m004005_o_max_ord7_rk00006,0.3044973507270089,0.2785400732599385,0.025957277467070383
d3,o_max,m004006_o_max_ord7_rk00007,0.3042073305355014,0.2785400732599385,0.025667257275562905
d3,o_max,m004007_o_max_ord7_rk00008,0.3085762613971141,0.2785400732599385,0.030036188137175568
d3,o_max,m004008_o_max_ord7_rk00009,0.2941995584232675,0.2785400732599385,0.01565948516332899
d3,o_max,m004009_o_max_ord7_rk00010,0.3006339038329922,0.2785400732599385,0.022093830573053697
d3,o_max,m004010_o_max_ord7_rk00011,0.3095874757110194,0.2785400732599385,0.031047402451080897
d3,o_max,m004011_o_max_ord7_rk00012,0.3004774369914582,0.2785400732599385,0.021937363731519666
d3,o_max,m004012_o_max_ord7_rk00013,0.3025091412885854,0.2785400732599385,0.0239690680286469
d3,o_max,m004013_o_max_ord7_rk00014,0.2969182749365767,0.2785400732599385,0.018378201676638173
d3,o_max,m004014_o_max_ord7_rk00015,0.2833806115582135,0.2785400732599385,0.004840538298274966
d3,o_max,m004015_o_max_ord7_rk00016,0.2982272955258148,0.2785400732599385,0.01968722226587627
d3,o_max,m004016_o_max_ord7_rk00017,0.297112310582708,0.2785400732599385,0.01857223732276947
d3,o_max,m004017_o_max_ord7_rk00018,0.3028525896835224,0.2785400732599385,0.024312516423583896
d3,o_max,m004018_o_max_ord7_rk00019,0.3001770456631902,0.2785400732599385,0.021636972403251686
d3,o_max,m004019_o_max_ord7_rk00020,0.3051572196580135,0.2785400732599385,0.026617146398074998
d3,o_max,m005000_o_max_ord8_rk00001,0.2949291639518264,0.2785400732599385,0.016389090691887875
d3,o_max,m005001_o_max_ord8_rk00002,0.2993299829796753,0.2785400732599385,0.020789909719736765
d3,o_max,m005002_o_max_ord8_rk00003,0.2961452045445867,0.2785400732599385,0.01760513128464819
d3,o_max,m005003_o_max_ord8_rk00004,0.3024173458969884,0.2785400732599385,0.023877272637049862
d3,o_max,m005004_o_max_ord8_rk00005,0.2915982494684047,0.2785400732599385,0.013058176208466166
d3,o_max,m005005_o_max_ord8_rk00006,0.2949395738594385,0.2785400732599385,0.01639950059949996
d3,o_max,m005006_o_max_ord8_rk00007,0.2949405464044353,0.2785400732599385,0.016400473144496774
d3,o_max,m005007_o_max_ord8_rk00008,0.2980646710161373,0.2785400732599385,0.019524597756198803
d3,o_max,m005008_o_max_ord8_rk00009,0.3000277364032576,0.2785400732599385,0.02148766314331907
d3,o_max,m005009_o_max_ord8_rk00010,0.2984942750410736,0.2785400732599385,0.019954201781135106
d3,o_max,m005010_o_max_ord8_rk00011,0.2991096031453333,0.2785400732599385,0.02056952988539479
d3,o_max,m005011_o_max_ord8_rk00012,0.3028717223320674,0.2785400732599385,0.02433164907212887
d3,o_max,m005012_o_max_ord8_rk00013,0.2955756017875568,0.2785400732599385,0.017035528527618304
d3,o_max,m005013_o_max_ord8_rk00014,0.2991446199396159,0.2785400732599385,0.02060454667967737
d3,o_max,m005014_o_max_ord8_rk00015,0.2823823647165823,0.2785400732599385,0.003842291456643776
d3,o_max,m005015_o_max_ord8_rk00016,0.3030409166490132,0.2785400732599385,0.02450084338907471
d3,o_max,m005016_o_max_ord8_rk00017,0.2981408418903462,0.2785400732599385,0.01960076863040766
d3,o_max,m005017_o_max_ord8_rk00018,0.3014947394379421,0.2785400732599385,0.02295466617800357
d3,o_max,m005018_o_max_ord8_rk00019,0.2950269381820226,0.2785400732599385,0.016486864922084066
d3,o_max,m005019_o_max_ord8_rk00020,0.2888989749192068,0.2785400732599385,0.010358901659268283
d3,o_max,m006000_o_max_ord9_rk00001,0.3056102064586579,0.2785400732599385,0.02707013319871937
d3,o_max,m006001_o_max_ord9_rk00002,0.3043287063543438,0.2785400732599385,0.025788633094405267
d3,o_max,m006002_o_max_ord9_rk00003,0.302426850764371,0.2785400732599385,0.023886777504432466
d3,o_max,m006003_o_max_ord9_rk00004,0.3007916814753943,0.2785400732599385,0.022251608215455798
d3,o_max,m006004_o_max_ord9_rk00005,0.2919247990240821,0.2785400732599385,0.013384725764143568
d3,o_max,m006005_o_max_ord9_rk00006,0.2834846085237665,0.2785400732599385,0.004944535263827987
d3,o_max,m006006_o_max_ord9_rk00007,0.30269609902308,0.2785400732599385,0.024156025763141464
d3,o_max,m006007_o_max_ord9_rk00008,0.3066938382030779,0.2785400732599385,0.02815376494313937
d3,o_max,m006008_o_max_ord9_rk00009,0.2984554807275427,0.2785400732599385,0.019915407467604174
d3,o_max,m006009_o_max_ord9_rk00010,0.297982072385872,0.2785400732599385,0.019441999125933473
d3,o_max,m006010_o_max_ord9_rk00011,0.3089152171133329,0.2785400732599385,0.030375143853394404
d3,o_max,m006011_o_max_ord9_rk00012,0.3030944283981915,0.2785400732599385,0.024554355138252992
d3,o_max,m006012_o_max_ord9_rk00013,0.2990967364426293,0.2785400732599385,0.020556663182690782
d3,o_max,m006013_o_max_ord9_rk00014,0.2971712023123345,0.2785400732599385,0.018631129052396
d3,o_max,m006014_o_max_ord9_rk00015,0.2863863156150023,0.2785400732599385,0.00784624235506376
d3,o_max,m006015_o_max_ord9_rk00016,0.292754936665204,0.2785400732599385,0.01421486340526551
d3,o_max,m006016_o_max_ord9_rk00017,0.3035859047935948,0.2785400732599385,0.025045831533656304
d3,o_max,m006017_o_max_ord9_rk00018,0.3015690828357108,0.2785400732599385,0.023029009575772308
d3,o_max,m006018_o_max_ord9_rk00019,0.3065910556119994,0.2785400732599385,0.028050982352060883
d3,o_max,m006019_o_max_ord9_rk00020,0.2975695901685518,0.2785400732599385,0.019029516908613264
d3,o_max,m007000_o_max_ord10_rk00001,0.303253185779804,0.2785400732599385,0.024713112519865466
d3,o_max,m007001_o_max_ord10_rk00002,0.2954457509569077,0.2785400732599385,0.016905677696969212
d3,o_max,m007002_o_max_ord10_rk00003,0.2916349972624291,0.2785400732599385,0.013094924002490571
d3,o_max,m007003_o_max_ord10_rk00004,0.2965882106848595,0.2785400732599385,0.018048137424921007
d3,o_max,m007004_o_max_ord10_rk00005,0.2942979216572196,0.2785400732599385,0.01575784839728106
d3,o_max,m007005_o_max_ord10_rk00006,0.2954387931466922,0.2785400732599385,0.016898719886753677
d3,o_max,m007006_o_max_ord10_rk00007,0.2957281958958517,0.2785400732599385,0.017188122635913183
d3,o_max,m007007_o_max_ord10_rk00008,0.3036287383044805,0.2785400732599385,0.02508866504454199
d3,o_max,m007008_o_max_ord10_rk00009,0.2936944975066324,0.2785400732599385,0.015154424246693887
d3,o_max,m007009_o_max_ord10_rk00010,0.3049230897543664,0.2785400732599385,0.02638301649442787
d3,o_max,m007010_o_max_ord10_rk00011,0.295174732454236,0.2785400732599385,0.016634659194297463
d3,o_max,m007011_o_max_ord10_rk00012,0.3014361782214166,0.2785400732599385,0.022896104961478092
d3,o_max,m007012_o_max_ord10_rk00013,0.3037910755025573,0.2785400732599385,0.02525100224261878
d3,o_max,m007013_o_max_ord10_rk00014,0.3027372659818151,0.2785400732599385,0.024197192721876593
d3,o_max,m007014_o_max_ord10_rk00015,0.2986792257356468,0.2785400732599385,0.0201391524757083
d3,o_max,m007015_o_max_ord10_rk00016,0.2981713597649655,0.2785400732599385,0.01963128650502699
d3,o_max,m007016_o_max_ord10_rk00017,0.3045167605330463,0.2785400732599385,0.025976687273107812
d3,o_max,m007017_o_max_ord10_rk00018,0.2888735435555323,0.2785400732599385,0.010333470295593783
d3,o_max,m007018_o_max_ord10_rk00019,0.300365566966577,0.2785400732599385,0.0218254937066385
d3,o_max,m007019_o_max_ord10_rk00020,0.3056907844739799,0.2785400732599385,0.02715071121404139
d3,o_max,m008000_o_max_ord11_rk00001,0.3052978379072607,0.2785400732599385,0.026757764647322213
d3,o_max,m008001_o_max_ord11_rk00002,0.2974375814084434,0.2785400732599385,0.018897508148504882
d3,o_max,m008002_o_max_ord11_rk00003,0.3003428657737139,0.2785400732599385,0.02180279251377537
d3,o_max,m008003_o_max_ord11_rk00004,0.3080329852167555,0.2785400732599385,0.02949291195681697
d3,o_max,m008004_o_max_ord11_rk00005,0.3002889995422397,0.2785400732599385,0.021748926282301184
d3,o_max,m008005_o_max_ord11_rk00006,0.2944868594106258,0.2785400732599385,0.015946786150687287
d3,o_max,m008006_o_max_ord11_rk00007,0.295561434354486,0.2785400732599385,0.017021361094547494
d3,o_max,m008007_o_max_ord11_rk00008,0.3066117279700652,0.2785400732599385,0.02807165471012668
d3,o_max,m008008_o_max_ord11_rk00009,0.2987905205416875,0.2785400732599385,0.020250447281748962
d3,o_max,m008009_o_max_ord11_rk00010,0.2975060177384402,0.2785400732599385,0.018965944478501695
d3,o_max,m008010_o_max_ord11_rk00011,0.2979301926638084,0.2785400732599385,0.019390119403869865
d3,o_max,m008011_o_max_ord11_rk00012,0.2893470716094624,0.2785400732599385,0.010806998349523866
d3,o_max,m008012_o_max_ord11_rk00013,0.3013815587176874,0.2785400732599385,0.02284148545774889
d3,o_max,m008013_o_max_ord11_rk00014,0.2888854215128512,0.2785400732599385,0.010345348252912667
d3,o_max,m008014_o_max_ord11_rk00015,0.2839031327621888,0.2785400732599385,0.0053630595022503
d3,o_max,m008015_o_max_ord11_rk00016,0.2959426145884454,0.2785400732599385,0.017402541328506882
d3,o_max,m008016_o_max_ord11_rk00017,0.3038868806200078,0.2785400732599385,0.02534680736006928
d3,o_max,m008017_o_max_ord11_rk00018,0.302056530354458,0.2785400732599385,0.023516457094519494
d3,o_max,m008018_o_max_ord11_rk00019,0.2991958033094909,0.2785400732599385,0.0206557300495524
d3,o_max,m008019_o_max_ord11_rk00020,0.3038348958541947,0.2785400732599385,0.025294822594256194
d3,o_max,m009000_o_max_ord12_rk00001,0.3008357756429628,0.2785400732599385,0.022295702383024307
d3,o_max,m009001_o_max_ord12_rk00002,0.3012406336800997,0.2785400732599385,0.022700560420161164
d3,o_max,m009002_o_max_ord12_rk00003,0.3088093866547013,0.2785400732599385,0.030269313394762798
d3,o_max,m009003_o_max_ord12_rk00004,0.3038323434267052,0.2785400732599385,0.02529227016676666
d3,o_max,m009004_o_max_ord12_rk00005,0.300087667394439,0.2785400732599385,0.02154759413450047
d3,o_max,m009005_o_max_ord12_rk00006,0.3002666230735742,0.2785400732599385,0.021726549813635698
d3,o_max,m009006_o_max_ord12_rk00007,0.2970991178534917,0.2785400732599385,0.018559044593553176
d3,o_max,m009007_o_max_ord12_rk00008,0.2952366140857475,0.2785400732599385,0.01669654082580896
d3,o_max,m009008_o_max_ord12_rk00009,0.2983806801669548,0.2785400732599385,0.01984060690701628
d3,o_max,m009009_o_max_ord12_rk00010,0.3069789946798876,0.2785400732599385,0.02843892141994908
d3,o_max,m009010_o_max_ord12_rk00011,0.2992717541735393,0.2785400732599385,0.02073168091360078
d3,o_max,m009011_o_max_ord12_rk00012,0.3041671946090372,0.2785400732599385,0.02562712134909867
d3,o_max,m009012_o_max_ord12_rk00013,0.2998068518856926,0.2785400732599385,0.0212667786257541
d3,o_max,m009013_o_max_ord12_rk00014,0.2979949313318003,0.2785400732599385,0.019454858071861758
d3,o_max,m009014_o_max_ord12_rk00015,0.3025759842766846,0.2785400732599385,0.02403591101674607
d3,o_max,m009015_o_max_ord12_rk00016,0.310270592100803,0.2785400732599385,0.031730518840864474
d3,o_max,m009016_o_max_ord12_rk00017,0.292634450554822,0.2785400732599385,0.014094377294883498
d3,o_max,m009017_o_max_ord12_rk00018,0.300505708145645,0.2785400732599385,0.021965634885706464
d3,o_max,m009018_o_max_ord12_rk00019,0.2851546541072387,0.2785400732599385,0.006614580847300211
d3,o_max,m009019_o_max_ord12_rk00020,0.3031390534288131,0.2785400732599385,0.024598980168874574
d3,o_max,m010000_o_max_ord13_rk00001,0.3011262400475053,0.2785400732599385,0.022586166787566808
d3,o_max,m010001_o_max_ord13_rk00002,0.3088477213644972,0.2785400732599385,0.03030764810455866
d3,o_max,m010002_o_max_ord13_rk00003,0.312090867482134,0.2785400732599385,0.03355079422219548
d3,o_max,m010003_o_max_ord13_rk00004,0.3021383015829284,0.2785400732599385,0.02359822832298991
d3,o_max,m010004_o_max_ord13_rk00005,0.3033510442368164,0.2785400732599385,0.0248109709768779
d3,o_max,m010005_o_max_ord13_rk00006,0.3007751683405101,0.2785400732599385,0.022235095080571587
d3,o_max,m010006_o_max_ord13_rk00007,0.3084771696692635,0.2785400732599385,0.02993709640932496
d3,o_max,m010007_o_max_ord13_rk00008,0.3118679835539216,0.2785400732599385,0.033327910293983076
d3,o_max,m010008_o_max_ord13_rk00009,0.3047158789308853,0.2785400732599385,0.026175805670946795
d3,o_max,m010009_o_max_ord13_rk00010,0.3037857917625677,0.2785400732599385,0.02524571850262919
d3,o_max,m010010_o_max_ord13_rk00011,0.3041584563518092,0.2785400732599385,0.0256183830918707
d3,o_max,m010011_o_max_ord13_rk00012,0.3129448400017514,0.2785400732599385,0.034404766741812864
d3,o_max,m010012_o_max_ord13_rk00013,0.299270096458314,0.2785400732599385,0.02073002319837547
d3,o_max,m010013_o_max_ord13_rk00014,0.3036343468707819,0.2785400732599385,0.025094273610843376
d3,o_max,m010014_o_max_ord13_rk00015,0.3073410009641872,0.2785400732599385,0.02880092770424869
d3,o_max,m010015_o_max_ord13_rk00016,0.2918977927326571,0.2785400732599385,0.013357719472718577
d3,o_max,m010016_o_max_ord13_rk00017,0.3041251115038497,0.2785400732599385,0.025585038243911173
d3,o_max,m010017_o_max_ord13_rk00018,0.2964364658685563,0.2785400732599385,0.017896392608617806
d3,o_max,m010018_o_max_ord13_rk00019,0.3010830230725866,0.2785400732599385,0.022542949812648094
d3,o_max,m010019_o_max_ord13_rk00020,0.3087517468776136,0.2785400732599385,0.030211673617675072
d3,o_max,m011000_o_max_ord14_rk00001,0.3061873105363151,0.2785400732599385,0.02764723727637658
d3,o_max,m011001_o_max_ord14_rk00002,0.2993437259253181,0.2785400732599385,0.02080365266537959
d3,o_max,m011002_o_max_ord14_rk00003,0.2916582420108919,0.2785400732599385,0.013118168750953396
d3,o_max,m011003_o_max_ord14_rk00004,0.3043646064215527,0.2785400732599385,0.025824533161614205
d3,o_max,m011004_o_max_ord14_rk00005,0.3004833692291576,0.2785400732599385,0.021943295969219068
d3,o_max,m011005_o_max_ord14_rk00006,0.2976730580336717,0.2785400732599385,0.019132984773733208
d3,o_max,m011006_o_max_ord14_rk00007,0.2976866302484597,0.2785400732599385,0.01914655698852119
d3,o_max,m011007_o_max_ord14_rk00008,0.30765935306365,0.2785400732599385,0.029119279803711484
d3,o_max,m011008_o_max_ord14_rk00009,0.2989380918951303,0.2785400732599385,0.020398018635191806
d3,o_max,m011009_o_max_ord14_rk00010,0.294356494879502,0.2785400732599385,0.01581642161956348
d3,o_max,m011010_o_max_ord14_rk00011,0.3008293542005735,0.2785400732599385,0.02228928094063498
d3,o_max,m011011_o_max_ord14_rk00012,0.3052109401051708,0.2785400732599385,0.02667086684523229
d3,o_max,m011012_o_max_ord14_rk00013,0.3010321345691625,0.2785400732599385,0.022492061309223987
d3,o_max,m011013_o_max_ord14_rk00014,0.3021354368397819,0.2785400732599385,0.023595363579843376
d3,o_max,m011014_o_max_ord14_rk00015,0.3038468204366047,0.2785400732599385,0.0253067471766662
d3,o_max,m011015_o_max_ord14_rk00016,0.3005894922173513,0.2785400732599385,0.022049418957412803
d3,o_max,m011016_o_max_ord14_rk00017,0.2948463959307197,0.2785400732599385,0.016306322670781193
d3,o_max,m011017_o_max_ord14_rk00018,0.3065351055966968,0.2785400732599385,0.027995032336758263
d3,o_max,m011018_o_max_ord14_rk00019,0.3037984728968781,0.2785400732599385,0.0252583996369396
d3,o_max,m011019_o_max_ord14_rk00020,0.3091753036036441,0.2785400732599385,0.030635230343705577
d3,o_max,m012000_o_max_ord15_rk00001,0.3015611908044839,0.2785400732599385,0.02302111754454539
d3,o_max,m012001_o_max_ord15_rk00002,0.3002508917150218,0.2785400732599385,0.02171081845508327
d3,o_max,m012002_o_max_ord15_rk00003,0.2914594408992759,0.2785400732599385,0.012919367639337376
d3,o_max,m012003_o_max_ord15_rk00004,0.3013093059282175,0.2785400732599385,0.02276923266827896
d3,o_max,m012004_o_max_ord15_rk00005,0.3022400142430104,0.2785400732599385,0.023699940983071877
d3,o_max,m012005_o_max_ord15_rk00006,0.3060485886837093,0.2785400732599385,0.027508515423770807
d3,o_max,m012006_o_max_ord15_rk00007,0.3005152811436641,0.2785400732599385,0.02197520788372559
d3,o_max,m012007_o_max_ord15_rk00008,0.3075249418033042,0.2785400732599385,0.028984868543365683
d3,o_max,m012008_o_max_ord15_rk00009,0.2970417067689106,0.2785400732599385,0.018501633508972104
d3,o_max,m012009_o_max_ord15_rk00010,0.2899655333136104,0.2785400732599385,0.011425460053671899
d3,o_max,m012010_o_max_ord15_rk00011,0.305682795226888,0.2785400732599385,0.0271427219669495
d3,o_max,m012011_o_max_ord15_rk00012,0.2904362833930538,0.2785400732599385,0.01189621013311526
d3,o_max,m012012_o_max_ord15_rk00013,0.301663304566752,0.2785400732599385,0.023123231306813485
d3,o_max,m012013_o_max_ord15_rk00014,0.2908467406786482,0.2785400732599385,0.012306667418709671
d3,o_max,m012014_o_max_ord15_rk00015,0.2962903390933092,0.2785400732599385,0.017750265833370693
d3,o_max,m012015_o_max_ord15_rk00016,0.3012988608371075,0.2785400732599385,0.022758787577168982
d3,o_max,m012016_o_max_ord15_rk00017,0.2972121134587916,0.2785400732599385,0.0186720401988531
d3,o_max,m012017_o_max_ord15_rk00018,0.3064092301797776,0.2785400732599385,0.0278691569198391
d3,o_max,m012018_o_max_ord15_rk00019,0.2977637465670711,0.2785400732599385,0.019223673307132594
d3,o_max,m012019_o_max_ord15_rk00020,0.29927692109653,0.2785400732599385,0.020736847836591465
d3,o_max,m013000_o_max_ord16_rk00001,0.304525019284081,0.2785400732599385,0.025984946024142475
d3,o_max,m013001_o_max_ord16_rk00002,0.3063760162216271,0.2785400732599385,0.027835942961688565
d3,o_max,m013002_o_max_ord16_rk00003,0.3095432400793815,0.2785400732599385,0.031003166819442984
d3,o_max,m013003_o_max_ord16_rk00004,0.290304651702631,0.2785400732599385,0.011764578442692464
d3,o_max,m013004_o_max_ord16_rk00005,0.3112897876272028,0.2785400732599385,0.03274971436726426
d3,o_max,m013005_o_max_ord16_rk00006,0.3109588689337494,0.2785400732599385,0.032418795673810896
d3,o_max,m013006_o_max_ord16_rk00007,0.3015806806370911,0.2785400732599385,0.023040607377152578
d3,o_max,m013007_o_max_ord16_rk00008,0.3043727677795989,0.2785400732599385,0.02583269451966036
d3,o_max,m013008_o_max_ord16_rk00009,0.3093837385668928,0.2785400732599385,0.03084366530695426
d3,o_max,m013009_o_max_ord16_rk00010,0.3034394511969864,0.2785400732599385,0.024899377937047884
d3,o_max,m013010_o_max_ord16_rk00011,0.3111916979798117,0.2785400732599385,0.03265162471987321
d3,o_max,m013011_o_max_ord16_rk00012,0.3033031767293106,0.2785400732599385,0.024763103469372105
d3,o_max,m013012_o_max_ord16_rk00013,0.3095061858138561,0.2785400732599385,0.03096611255391757
d3,o_max,m013013_o_max_ord16_rk00014,0.3040674871450418,0.2785400732599385,0.025527413885103267
d3,o_max,m013014_o_max_ord16_rk00015,0.3082318610643987,0.2785400732599385,0.02969178780446019
d3,o_max,m013015_o_max_ord16_rk00016,0.2997352528651027,0.2785400732599385,0.021195179605164205
d3,o_max,m013016_o_max_ord16_rk00017,0.3060327246545038,0.2785400732599385,0.027492651394565304
d3,o_max,m013017_o_max_ord16_rk00018,0.3019498267340047,0.2785400732599385,0.02340975347406621
d3,o_max,m013018_o_max_ord16_rk00019,0.3098435603938722,0.2785400732599385,0.03130348713393366
d3,o_max,m013019_o_max_ord16_rk00020,0.3142340110645962,0.2785400732599385,0.03569393780465768
d3,o_max,m014000_o_max_ord17_rk00001,0.2717215275029508,0.2785400732599385,-0.006818545756987704
d3,o_max,m014001_o_max_ord17_rk00002,0.3094099756511754,0.2785400732599385,0.03086990239123688
d3,o_max,m014002_o_max_ord17_rk00003,0.3021982057225071,0.2785400732599385,0.023658132462568593
d3,o_max,m014003_o_max_ord17_rk00004,0.2968856466608978,0.2785400732599385,0.01834557340095927
d3,o_max,m014004_o_max_ord17_rk00005,0.3062701996061938,0.2785400732599385,0.02773012634625527
d3,o_max,m014005_o_max_ord17_rk00006,0.3042171989719374,0.2785400732599385,0.02567712571199887
d3,o_max,m014006_o_max_ord17_rk00007,0.3116967326343164,0.2785400732599385,0.033156659374377895
d3,o_max,m014007_o_max_ord17_rk00008,0.3144644467092446,0.2785400732599385,0.0359243734493061
d3,o_max,m014008_o_max_ord17_rk00009,0.303176023929379,0.2785400732599385,0.024635950669440465
d3,o_max,m014009_o_max_ord17_rk00010,0.3017011996566685,0.2785400732599385,0.02316112639672996
d3,o_max,m014010_o_max_ord17_rk00011,0.3073564889857125,0.2785400732599385,0.02881641572577398
d3,o_max,m014011_o_max_ord17_rk00012,0.3131801480293797,0.2785400732599385,0.0346400747694412
d3,o_max,m014012_o_max_ord17_rk00013,0.308898015349957,0.2785400732599385,0.030357942090018464
d3,o_max,m014013_o_max_ord17_rk00014,0.3098664711645011,0.2785400732599385,0.0313263979045626
d3,o_max,m014014_o_max_ord17_rk00015,0.3054865759665485,0.2785400732599385,0.026946502706609976
d3,o_max,m014015_o_max_ord17_rk00016,0.3055379653524052,0.2785400732599385,0.02699789209246667
d3,o_max,m014016_o_max_ord17_rk00017,0.3081528285176328,0.2785400732599385,0.0296127552576943
d3,o_max,m014017_o_max_ord17_rk00018,0.3105070213784354,0.2785400732599385,0.031966948118496874
d3,o_max,m014018_o_max_ord17_rk00019,0.3081782023452095,0.2785400732599385,0.02963812908527097
d3,o_max,m014019_o_max_ord17_rk00020,0.3047783999737783,0.2785400732599385,0.0262383267138398
d3,o_max,m015000_o_max_ord18_rk00001,0.2790502269649902,0.2785400732599385,0.0005101537050516969
d3,o_max,m015001_o_max_ord18_rk00002,0.2991784448318026,0.2785400732599385,0.0206383715718641
d3,o_max,m015002_o_max_ord18_rk00003,0.3071523480967495,0.2785400732599385,0.028612274836811002
d3,o_max,m015003_o_max_ord18_rk00004,0.3013488406733363,0.2785400732599385,0.022808767413397768
d3,o_max,m015004_o_max_ord18_rk00005,0.3029485793466083,0.2785400732599385,0.02440850608666978
d3,o_max,m015005_o_max_ord18_rk00006,0.2983182045093525,0.2785400732599385,0.019778131249413966
d3,o_max,m015006_o_max_ord18_rk00007,0.3051154917548669,0.2785400732599385,0.026575418494928393
d3,o_max,m015007_o_max_ord18_rk00008,0.3021188087762965,0.2785400732599385,0.023578735516357974
d3,o_max,m015008_o_max_ord18_rk00009,0.289373169777807,0.2785400732599385,0.010833096517868512
d3,o_max,m015009_o_max_ord18_rk00010,0.3017306568162562,0.2785400732599385,0.0231905835563177
d3,o_max,m015010_o_max_ord18_rk00011,0.2989419232662441,0.2785400732599385,0.020401850006305566
d3,o_max,m015011_o_max_ord18_rk00012,0.3013550997511228,0.2785400732599385,0.022815026491184276
d3,o_max,m015012_o_max_ord18_rk00013,0.2989333775365337,0.2785400732599385,0.020393304276595192
d3,o_max,m015013_o_max_ord18_rk00014,0.3023953061140614,0.2785400732599385,0.023855232854122888
d3,o_max,m015014_o_max_ord18_rk00015,0.3051996132843324,0.2785400732599385,0.026659540024393913
d3,o_max,m015015_o_max_ord18_rk00016,0.3025796744687847,0.2785400732599385,0.024039601208846184
d3,o_max,m015016_o_max_ord18_rk00017,0.2957037743338798,0.2785400732599385,0.017163701073941273
d3,o_max,m015017_o_max_ord18_rk00018,0.3058650176946444,0.2785400732599385,0.0273249444347059
d3,o_max,m015018_o_max_ord18_rk00019,0.3061254334840344,0.2785400732599385,0.02758536022409591
d3,o_max,m015019_o_max_ord18_rk00020,0.3038482376099826,0.2785400732599385,0.02530816435004407
d3,o_max,m016000_o_max_ord19_rk00001,0.269461047190638,0.2785400732599385,-0.0090790260693005
d3,o_max,m016001_o_max_ord19_rk00002,0.3082805698565822,0.2785400732599385,0.029740496596643684
d3,o_max,m016002_o_max_ord19_rk00003,0.2932993272593841,0.2785400732599385,0.01475925399944561
d3,o_max,m016003_o_max_ord19_rk00004,0.3022696447494565,0.2785400732599385,0.023729571489517987
d3,o_max,m016004_o_max_ord19_rk00005,0.3042135663628804,0.2785400732599385,0.02567349310294187
d3,o_max,m016005_o_max_ord19_rk00006,0.297406663482573,0.2785400732599385,0.018866590222634483
d3,o_max,m016006_o_max_ord19_rk00007,0.2981868363028433,0.2785400732599385,0.019646763042904802
d3,o_max,m016007_o_max_ord19_rk00008,0.3090227631403164,0.2785400732599385,0.03048268988037789
d3,o_max,m016008_o_max_ord19_rk00009,0.3148471192140293,0.2785400732599385,0.03630704595409079
d3,o_max,m016009_o_max_ord19_rk00010,0.3013025135943618,0.2785400732599385,0.022762440334423262
d3,o_max,m016010_o_max_ord19_rk00011,0.3095774478571864,0.2785400732599385,0.03103737459724787
d3,o_max,m016011_o_max_ord19_rk00012,0.2974530789744121,0.2785400732599385,0.018913005714473574
d3,o_max,m016012_o_max_ord19_rk00013,0.2949931373077786,0.2785400732599385,0.016453064047840082
d3,o_max,m016013_o_max_ord19_rk00014,0.3021014386472754,0.2785400732599385,0.023561365387336886
d3,o_max,m016014_o_max_ord19_rk00015,0.3059268218140755,0.2785400732599385,0.027386748554136975
d3,o_max,m016015_o_max_ord19_rk00016,0.3090400659585105,0.2785400732599385,0.03049999269857201
d3,o_max,m016016_o_max_ord19_rk00017,0.3101655286584907,0.2785400732599385,0.03162545539855216
d3,o_max,m016017_o_max_ord19_rk00018,0.2956847173237941,0.2785400732599385,0.017144644063855574
d3,o_max,m016018_o_max_ord19_rk00019,0.3024442635093922,0.2785400732599385,0.023904190249453672
d3,o_max,m016019_o_max_ord19_rk00020,0.3050761221143299,0.2785400732599385,0.02653604885439137
d3,o_max,m017000_o_max_ord20_rk00001,0.2845439904429858,0.2785400732599385,0.006003917183047269
d3,o_max,m017001_o_max_ord20_rk00002,0.2985126234036179,0.2785400732599385,0.01997255014367938
d3,o_max,m017002_o_max_ord20_rk00003,0.2981706726147787,0.2785400732599385,0.019630599354840184
d3,o_max,m017003_o_max_ord20_rk00004,0.2977205250402785,0.2785400732599385,0.019180451780340002
d3,o_max,m017004_o_max_ord20_rk00005,0.3031222671296012,0.2785400732599385,0.024582193869662705
d3,o_max,m017005_o_max_ord20_rk00006,0.3020990098750191,0.2785400732599385,0.023558936615080572
d3,o_max,m017006_o_max_ord20_rk00007,0.3013265657146791,0.2785400732599385,0.02278649245474057
d3,o_max,m017007_o_max_ord20_rk00008,0.2977634189990634,0.2785400732599385,0.019223345739124875
d3,o_max,m017008_o_max_ord20_rk00009,0.2985454445192294,0.2785400732599385,0.02000537125929086
d3,o_max,m017009_o_max_ord20_rk00010,0.2959872772494891,0.2785400732599385,0.017447203989550575
d3,o_max,m017010_o_max_ord20_rk00011,0.3073919439919128,0.2785400732599385,0.02885187073197426
d3,o_max,m017011_o_max_ord20_rk00012,0.2889094076525693,0.2785400732599385,0.010369334392630769
d3,o_max,m017012_o_max_ord20_rk00013,0.3025569566639212,0.2785400732599385,0.02401688340398267
d3,o_max,m017013_o_max_ord20_rk00014,0.304155980216262,0.2785400732599385,0.025615906956323486
d3,o_max,m017014_o_max_ord20_rk00015,0.3028041999567613,0.2785400732599385,0.024264126696822763
d3,o_max,m017015_o_max_ord20_rk00016,0.3069776850197138,0.2785400732599385,0.028437611759775272
d3,o_max,m017016_o_max_ord20_rk00017,0.3052878056845544,0.2785400732599385,0.026747732424615867
d3,o_max,m017017_o_max_ord20_rk00018,0.3040313145746205,0.2785400732599385,0.025491241314682
d3,o_max,m017018_o_max_ord20_rk00019,0.2896183234613654,0.2785400732599385,0.011078250201426887
d3,o_max,m017019_o_max_ord20_rk00020,0.2985738022100617,0.2785400732599385,0.020033728950123175
d3,o_max,m018000_o_max_ord21_rk00001,0.2706390789064462,0.2785400732599385,-0.007900994353492341
d3,o_max,m018001_o_max_ord21_rk00002,0.3078016704806842,0.2785400732599385,0.029261597220745672
d3,o_max,m018002_o_max_ord21_rk00003,0.3021518556689579,0.2785400732599385,0.0236117824090194
d3,o_max,m018003_o_max_ord21_rk00004,0.3047536378917934,0.2785400732599385,0.02621356463185487
d3,o_max,m018004_o_max_ord21_rk00005,0.2799201547570747,0.2785400732599385,0.0013800814971361985
d3,o_max,m018005_o_max_ord21_rk00006,0.3067444813836151,0.2785400732599385,0.028204408123676583
d3,o_max,m018006_o_max_ord21_rk00007,0.271630362814134,0.2785400732599385,-0.006909710445804518
d3,o_max,m018007_o_max_ord21_rk00008,0.2956520727346685,0.2785400732599385,0.017111999474729966
d3,o_max,m018008_o_max_ord21_rk00009,0.3017094029789824,0.2785400732599385,0.023169329719043896
d3,o_max,m018009_o_max_ord21_rk00010,0.3020335402431947,0.2785400732599385,0.02349346698325616
d3,o_max,m018010_o_max_ord21_rk00011,0.3054674284720861,0.2785400732599385,0.026927355212147563
d3,o_max,m018011_o_max_ord21_rk00012,0.3022791625105527,0.2785400732599385,0.023739089250614187
d3,o_max,m018012_o_max_ord21_rk00013,0.2786458424706294,0.2785400732599385,0.00010576921069088696
d3,o_max,m018013_o_max_ord21_rk00014,0.3057595271592329,0.2785400732599385,0.027219453899294366
d3,o_max,m018014_o_max_ord21_rk00015,0.3030188045155738,0.2785400732599385,0.024478731255635267
d3,o_max,m018015_o_max_ord21_rk00016,0.2761206487200759,0.2785400732599385,-0.0024194245398626024
d3,o_max,m018016_o_max_ord21_rk00017,0.3024287824953522,0.2785400732599385,0.023888709235413697
d3,o_max,m018017_o_max_ord21_rk00018,0.3043171163119916,0.2785400732599385,0.025777043052053084
d3,o_max,m018018_o_max_ord21_rk00019,0.3077592199108839,0.2785400732599385,0.029219146650945382
d3,o_max,m018019_o_max_ord21_rk00020,0.2978160500150669,0.2785400732599385,0.019275976755128377
d3,o_max,m019000_o_max_ord22_rk00001,0.2827103690823412,0.2785400732599385,0.004170295822402692
d3,o_max,m019001_o_max_ord22_rk00002,0.2729335593206917,0.2785400732599385,-0.005606513939246827
d3,o_max,m019002_o_max_ord22_rk00003,0.2969089725085868,0.2785400732599385,0.018368899248648263
d3,o_max,m019003_o_max_ord22_rk00004,0.2875746939528482,0.2785400732599385,0.009034620692909667
d3,o_max,m019004_o_max_ord22_rk00005,0.2803761566394697,0.2785400732599385,0.0018360833795311726
d3,o_max,m019005_o_max_ord22_rk00006,0.3041081683857077,0.2785400732599385,0.025568095125769186
d3,o_max,m019006_o_max_ord22_rk00007,0.302585270669393,0.2785400732599385,0.02404519740945449
d3,o_max,m019007_o_max_ord22_rk00008,0.2942003688162458,0.2785400732599385,0.01566029555630727
d3,o_max,m019008_o_max_ord22_rk00009,0.3053185627900363,0.2785400732599385,0.02677848953009776
d3,o_max,m019009_o_max_ord22_rk00010,0.3009690509454208,0.2785400732599385,0.0224289776854823
d3,o_max,m019010_o_max_ord22_rk00011,0.3001754302302448,0.2785400732599385,0.021635356970306274
d3,o_max,m019011_o_max_ord22_rk00012,0.3017876215710084,0.2785400732599385,0.0232475483110699
d3,o_max,m019012_o_max_ord22_rk00013,0.3015565628780162,0.2785400732599385,0.023016489618077673
d3,o_max,m019013_o_max_ord22_rk00014,0.2973658611548667,0.2785400732599385,0.01882578789492817
d3,o_max,m019014_o_max_ord22_rk00015,0.2790356119283261,0.2785400732599385,0.0004955386683875851
d3,o_max,m019015_o_max_ord22_rk00016,0.3033271987266239,0.2785400732599385,0.024787125466685378
d3,o_max,m019016_o_max_ord22_rk00017,0.3053020830195221,0.2785400732599385,0.026762009759583594
d3,o_max,m019017_o_max_ord22_rk00018,0.296909957147811,0.2785400732599385,0.018369883887872474
d3,o_max,m019018_o_max_ord22_rk00019,0.2993065528480531,0.2785400732599385,0.02076647958811456
d3,o_max,m019019_o_max_ord22_rk00020,0.2965457830080659,0.2785400732599385,0.018005709748127374
d3,o_max,m020000_o_max_ord23_rk00001,0.2917340002990407,0.2785400732599385,0.01319392703910216
d3,o_max,m020001_o_max_ord23_rk00002,0.2933603874632025,0.2785400732599385,0.014820314203263962
d3,o_max,m020002_o_max_ord23_rk00003,0.2905671073828263,0.2785400732599385,0.012027034122887803
d3,o_max,m020003_o_max_ord23_rk00004,0.3044353782703539,0.2785400732599385,0.02589530501041537
d3,o_max,m020004_o_max_ord23_rk00005,0.2794894937799651,0.2785400732599385,0.0009494205200266115
d3,o_max,m020005_o_max_ord23_rk00006,0.2969495851029318,0.2785400732599385,0.018409511842993276
d3,o_max,m020006_o_max_ord23_rk00007,0.3059804768109457,0.2785400732599385,0.027440403551007186
d3,o_max,m020007_o_max_ord23_rk00008,0.2866541004584145,0.2785400732599385,0.008114027198475982
d3,o_max,m020008_o_max_ord23_rk00009,0.2751270091083506,0.2785400732599385,-0.00341306415158793
d3,o_max,m020009_o_max_ord23_rk00010,0.3069753296742694,0.2785400732599385,0.028435256414330867
d3,o_max,m020010_o_max_ord23_rk00011,0.2998785759212008,0.2785400732599385,0.021338502661262304
d3,o_max,m020011_o_max_ord23_rk00012,0.3007056619134776,0.2785400732599385,0.02216558865353907
d3,o_max,m020012_o_max_ord23_rk00013,0.3020111193603783,0.2785400732599385,0.023471046100439763
d3,o_max,m020013_o_max_ord23_rk00014,0.3111197429015908,0.2785400732599385,0.032579669641652265
d3,o_max,m020014_o_max_ord23_rk00015,0.3038117272769863,0.2785400732599385,0.025271654017047784
d3,o_max,m020015_o_max_ord23_rk00016,0.2976631669705045,0.2785400732599385,0.019123093710565975
d3,o_max,m020016_o_max_ord23_rk00017,0.3110912787369616,0.2785400732599385,0.03255120547702306
d3,o_max,m020017_o_max_ord23_rk00018,0.3084500407456534,0.2785400732599385,0.029909967485714894
d3,o_max,m020018_o_max_ord23_rk00019,0.3024197456062492,0.2785400732599385,0.023879672346310665
d3,o_max,m020019_o_max_ord23_rk00020,0.3043665254299091,0.2785400732599385,0.025826452169970593
d3,o_max,m021000_o_max_ord24_rk00001,0.284860702587568,0.2785400732599385,0.006320629327629501
d3,o_max,m021001_o_max_ord24_rk00002,0.2894021162274124,0.2785400732599385,0.010862042967473895
d3,o_max,m021002_o_max_ord24_rk00003,0.2939886201384721,0.2785400732599385,0.015448546878533587
d3,o_max,m021003_o_max_ord24_rk00004,0.3103160952612528,0.2785400732599385,0.0317760220013143
d3,o_max,m021004_o_max_ord24_rk00005,0.2915828095798164,0.2785400732599385,0.013042736319877901
d3,o_max,m021005_o_max_ord24_rk00006,0.294870351604694,0.2785400732599385,0.016330278344755478
d3,o_max,m021006_o_max_ord24_rk00007,0.2880071809643816,0.2785400732599385,0.00946710770444309
d3,o_max,m021007_o_max_ord24_rk00008,0.2910623611579024,0.2785400732599385,0.01252228789796389
d3,o_max,m021008_o_max_ord24_rk00009,0.2919286719028674,0.2785400732599385,0.013388598642928906
d3,o_max,m021009_o_max_ord24_rk00010,0.2890342111586318,0.2785400732599385,0.010494137898693301
d3,o_max,m021010_o_max_ord24_rk00011,0.268627940870792,0.2785400732599385,-0.00991213238914651
d3,o_max,m021011_o_max_ord24_rk00012,0.2987695624256233,0.2785400732599385,0.02022948916568479
d3,o_max,m021012_o_max_ord24_rk00013,0.2853749188020902,0.2785400732599385,0.006834845542151691
d3,o_max,m021013_o_max_ord24_rk00014,0.3043748683287252,0.2785400732599385,0.025834795068786665
d3,o_max,m021014_o_max_ord24_rk00015,0.2854541243448044,0.2785400732599385,0.006914051084865869
d3,o_max,m021015_o_max_ord24_rk00016,0.3020038921863992,0.2785400732599385,0.02346381892646071
d3,o_max,m021016_o_max_ord24_rk00017,0.2956299105257584,0.2785400732599385,0.017089837265819863
d3,o_max,m021017_o_max_ord24_rk00018,0.3002463728584603,0.2785400732599385,0.021706299598521772
d3,o_max,m021018_o_max_ord24_rk00019,0.3064105887305562,0.2785400732599385,0.027870515470617696
d3,o_max,m021019_o_max_ord24_rk00020,0.2984033949284377,0.2785400732599385,0.01986332166849919
d3,o_max,m022000_o_max_ord25_rk00001,0.2992845083640308,0.2785400732599385,0.020744435104092296
d3,o_max,m022001_o_max_ord25_rk00002,0.3092215711691507,0.2785400732599385,0.030681497909212208
d3,o_max,m022002_o_max_ord25_rk00003,0.2780694050152382,0.2785400732599385,-0.000470668244700323
d3,o_max,m022003_o_max_ord25_rk00004,0.3000231852419472,0.2785400732599385,0.021483111982008696
d3,o_max,m022004_o_max_ord25_rk00005,0.3094372983856708,0.2785400732599385,0.030897225125732286
d3,o_max,m022005_o_max_ord25_rk00006,0.2922995968319705,0.2785400732599385,0.013759523572031973
d3,o_max,m022006_o_max_ord25_rk00007,0.3059979831457746,0.2785400732599385,0.027457909885836074
d3,o_max,m022007_o_max_ord25_rk00008,0.3052134475158048,0.2785400732599385,0.0266733742558663
d3,o_max,m022008_o_max_ord25_rk00009,0.3003909009345963,0.2785400732599385,0.02185082767465779
d3,o_max,m022009_o_max_ord25_rk00010,0.3069366198957469,0.2785400732599385,0.028396546635808373
d3,o_max,m022010_o_max_ord25_rk00011,0.3180105507263143,0.2785400732599385,0.039470477466375775
d3,o_max,m022011_o_max_ord25_rk00012,0.3126762875125343,0.2785400732599385,0.034136214252595776
d3,o_max,m022012_o_max_ord25_rk00013,0.3026691552001066,0.2785400732599385,0.024129081940168107
d3,o_max,m022013_o_max_ord25_rk00014,0.3031600020294044,0.2785400732599385,0.024619928769465893
d3,o_max,m022014_o_max_ord25_rk00015,0.3100654571443884,0.2785400732599385,0.031525383884449865
d3,o_max,m022015_o_max_ord25_rk00016,0.3051563938046264,0.2785400732599385,0.026616320544687877
d3,o_max,m022016_o_max_ord25_rk00017,0.3020609978250634,0.2785400732599385,0.02352092456512489
d3,o_max,m022017_o_max_ord25_rk00018,0.304684621209585,0.2785400732599385,0.02614454794964649
d3,o_max,m022018_o_max_ord25_rk00019,0.3089582096680376,0.2785400732599385,0.030418136408099095
d3,o_max,m022019_o_max_ord25_rk00020,0.3127494677094551,0.2785400732599385,0.034209394449516595
d3,o_max,m023000_o_max_ord26_rk00001,0.2816466399923446,0.2785400732599385,0.003106566732406113
d3,o_max,m023001_o_max_ord26_rk00002,0.3086436037496516,0.2785400732599385,0.030103530489713093
d3,o_max,m023002_o_max_ord26_rk00003,0.2982480229704816,0.2785400732599385,0.01970794971054307
d3,o_max,m023003_o_max_ord26_rk00004,0.2973967487561773,0.2785400732599385,0.01885667549623876
d3,o_max,m023004_o_max_ord26_rk00005,0.3038799333453783,0.2785400732599385,0.025339860085439758
d3,o_max,m023005_o_max_ord26_rk00006,0.298669879887102,0.2785400732599385,0.02012980662716346
d3,o_max,m023006_o_max_ord26_rk00007,0.3139546077415548,0.2785400732599385,0.0354145344816163
d3,o_max,m023007_o_max_ord26_rk00008,0.3126146265206525,0.2785400732599385,0.03407455326071401
d3,o_max,m023008_o_max_ord26_rk00009,0.2946419524132539,0.2785400732599385,0.0161018791533154
d3,o_max,m023009_o_max_ord26_rk00010,0.3070246908350638,0.2785400732599385,0.02848461757512527
d3,o_max,m023010_o_max_ord26_rk00011,0.3061985622524463,0.2785400732599385,0.02765848899250778
d3,o_max,m023011_o_max_ord26_rk00012,0.3088858392738577,0.2785400732599385,0.030345766013919195
d3,o_max,m023012_o_max_ord26_rk00013,0.3141317788340985,0.2785400732599385,0.03559170557415997
d3,o_max,m023013_o_max_ord26_rk00014,0.2984748095503176,0.2785400732599385,0.019934736290379063
d3,o_max,m023014_o_max_ord26_rk00015,0.2978130584671049,0.2785400732599385,0.01927298520716636
d3,o_max,m023015_o_max_ord26_rk00016,0.3079117042701237,0.2785400732599385,0.029371631010185195
d3,o_max,m023016_o_max_ord26_rk00017,0.3049131325546614,0.2785400732599385,0.02637305929472289
d3,o_max,m023017_o_max_ord26_rk00018,0.3062780265885167,0.2785400732599385,0.027737953328578202
d3,o_max,m023018_o_max_ord26_rk00019,0.305755359823042,0.2785400732599385,0.027215286563103458
d3,o_max,m023019_o_max_ord26_rk00020,0.305147703933378,0.2785400732599385,0.026607630673439464
d3,o_max,m024000_o_max_ord27_rk00001,0.2825777134608417,0.2785400732599385,0.004037640200903192
d3,o_max,m024001_o_max_ord27_rk00002,0.3144847436354847,0.2785400732599385,0.03594467037554616
d3,o_max,m024002_o_max_ord27_rk00003,0.3071418868197347,0.2785400732599385,0.028601813559796185
d3,o_max,m024003_o_max_ord27_rk00004,0.3060622148530461,0.2785400732599385,0.027522141593107563
d3,o_max,m024004_o_max_ord27_rk00005,0.3061301864039516,0.2785400732599385,0.027590113144013106
d3,o_max,m024005_o_max_ord27_rk00006,0.3104967354368042,0.2785400732599385,0.03195666217686571
d3,o_max,m024006_o_max_ord27_rk00007,0.3039237135876192,0.2785400732599385,0.0253836403276807
d3,o_max,m024007_o_max_ord27_rk00008,0.2967829991001468,0.2785400732599385,0.018242925840208313
d3,o_max,m024008_o_max_ord27_rk00009,0.3053953330084117,0.2785400732599385,0.026855259748473193
d3,o_max,m024009_o_max_ord27_rk00010,0.3128201254220225,0.2785400732599385,0.03428005216208396
d3,o_max,m024010_o_max_ord27_rk00011,0.3026790410446929,0.2785400732599385,0.024138967784754384
d3,o_max,m024011_o_max_ord27_rk00012,0.3013423320149837,0.2785400732599385,0.022802258755045213
d3,o_max,m024012_o_max_ord27_rk00013,0.3055759465847411,0.2785400732599385,0.027035873324802562
d3,o_max,m024013_o_max_ord27_rk00014,0.3127809520616808,0.2785400732599385,0.03424087880174226
d3,o_max,m024014_o_max_ord27_rk00015,0.3094010220278639,0.2785400732599385,0.03086094876792539
d3,o_max,m024015_o_max_ord27_rk00016,0.3095711847377551,0.2785400732599385,0.031031111477816564
d3,o_max,m024016_o_max_ord27_rk00017,0.3035690324982222,0.2785400732599385,0.025028959238283688
d3,o_max,m024017_o_max_ord27_rk00018,0.3015375211155601,0.2785400732599385,0.022997447855621578
d3,o_max,m024018_o_max_ord27_rk00019,0.2995351614316121,0.2785400732599385,0.02099508817167356
d3,o_max,m024019_o_max_ord27_rk00020,0.3073369784638781,0.2785400732599385,0.02879690520393957
d3,o_max,m025000_o_max_ord28_rk00001,0.2763834169185771,0.2785400732599385,-0.002156656341361418
d3,o_max,m025001_o_max_ord28_rk00002,0.2987998094913879,0.2785400732599385,0.020259736231449388
d3,o_max,m025002_o_max_ord28_rk00003,0.311605526462432,0.2785400732599385,0.03306545320249349
d3,o_max,m025003_o_max_ord28_rk00004,0.3113690207663604,0.2785400732599385,0.0328289475064219
d3,o_max,m025004_o_max_ord28_rk00005,0.3062976969554484,0.2785400732599385,0.02775762369550988
d3,o_max,m025005_o_max_ord28_rk00006,0.2967458227487772,0.2785400732599385,0.018205749488838685
d3,o_max,m025006_o_max_ord28_rk00007,0.3094648473599042,0.2785400732599385,0.03092477409996569
d3,o_max,m025007_o_max_ord28_rk00008,0.2999959521318224,0.2785400732599385,0.021455878871883882
d3,o_max,m025008_o_max_ord28_rk00009,0.3091497951682567,0.2785400732599385,0.030609721908318177
d3,o_max,m025009_o_max_ord28_rk00010,0.3057928169074124,0.2785400732599385,0.027252743647473876
d3,o_max,m025010_o_max_ord28_rk00011,0.3072593430707242,0.2785400732599385,0.028719269810785708
d3,o_max,m025011_o_max_ord28_rk00012,0.3029431871268403,0.2785400732599385,0.024403113866901804
d3,o_max,m025012_o_max_ord28_rk00013,0.3000143429673974,0.2785400732599385,0.02147426970745886
d3,o_max,m025013_o_max_ord28_rk00014,0.2973004402711956,0.2785400732599385,0.018760367011257106
d3,o_max,m025014_o_max_ord28_rk00015,0.3105163219243716,0.2785400732599385,0.031976248664433105
d3,o_max,m025015_o_max_ord28_rk00016,0.3064964477483556,0.2785400732599385,0.02795637448841709
d3,o_max,m025016_o_max_ord28_rk00017,0.3099397180861383,0.2785400732599385,0.03139964482619978
d3,o_max,m025017_o_max_ord28_rk00018,0.3083096645285593,0.2785400732599385,0.029769591268620776
d3,o_max,m025018_o_max_ord28_rk00019,0.277538651548603,0.2785400732599385,-0.0010014217113354928
d3,o_max,m025019_o_max_ord28_rk00020,0.309939011746342,0.2785400732599385,0.03139893848640346
d3,o_max,m026000_o_max_ord29_rk00001,0.2967090351830498,0.2785400732599385,0.018168961923111293
d3,o_max,m026001_o_max_ord29_rk00002,0.2809666855034662,0.2785400732599385,0.0024266122435276927
d3,o_max,m026002_o_max_ord29_rk00003,0.2925480728772817,0.2785400732599385,0.01400799961734317
d3,o_max,m026003_o_max_ord29_rk00004,0.2933740904265508,0.2785400732599385,0.014834017166612312
d3,o_max,m026004_o_max_ord29_rk00005,0.3011963877635175,0.2785400732599385,0.022656314503578967
d3,o_max,m026005_o_max_ord29_rk00006,0.3057722335370695,0.2785400732599385,0.02723216027713099
d3,o_max,m026006_o_max_ord29_rk00007,0.3049364886767839,0.2785400732599385,0.026396415416845398
d3,o_max,m026007_o_max_ord29_rk00008,0.3154534386040503,0.2785400732599385,0.03691336534411177
d3,o_max,m026008_o_max_ord29_rk00009,0.29783552230983,0.2785400732599385,0.0192954490498915
d3,o_max,m026009_o_max_ord29_rk00010,0.3116975662223644,0.2785400732599385,0.03315749296242587
d3,o_max,m026010_o_max_ord29_rk00011,0.3069897201440906,0.2785400732599385,0.02844964688415208
d3,o_max,m026011_o_max_ord29_rk00012,0.2991579782246413,0.2785400732599385,0.020617904964702782
d3,o_max,m026012_o_max_ord29_rk00013,0.310946738275598,0.2785400732599385,0.032406665015659475
d3,o_max,m026013_o_max_ord29_rk00014,0.2961732198425547,0.2785400732599385,0.017633146582616166
d3,o_max,m026014_o_max_ord29_rk00015,0.2937990692084691,0.2785400732599385,0.015258995948530585
d3,o_max,m026015_o_max_ord29_rk00016,0.3003947486335696,0.2785400732599385,0.02185467537363106
d3,o_max,m026016_o_max_ord29_rk00017,0.2931239532697953,0.2785400732599385,0.014583880009856776
d3,o_max,m026017_o_max_ord29_rk00018,0.2863870770272175,0.2785400732599385,0.007847003767278982
d3,o_max,m026018_o_max_ord29_rk00019,0.2850842874907275,0.2785400732599385,0.006544214230788992
d3,o_max,m026019_o_max_ord29_rk00020,0.3091954491337931,0.2785400732599385,0.030655375873854585
d3,o_max,m027000_o_max_ord30_rk00001,0.2961353192196674,0.2785400732599385,0.01759524595972889
d3,o_max,m027001_o_max_ord30_rk00002,0.3050262019897994,0.2785400732599385,0.02648612872986089
d3,o_max,m027002_o_max_ord30_rk00003,0.3078414034571197,0.2785400732599385,0.029301330197181175
d3,o_max,m027003_o_max_ord30_rk00004,0.3008413317294698,0.2785400732599385,0.022301258469531293
d3,o_max,m027004_o_max_ord30_rk00005,0.3084392020402633,0.2785400732599385,0.029899128780324802
d3,o_max,m027005_o_max_ord30_rk00006,0.3073842950957325,0.2785400732599385,0.028844221835793993
d3,o_max,m027006_o_max_ord30_rk00007,0.3061786678393129,0.2785400732599385,0.027638594579374398
d3,o_max,m027007_o_max_ord30_rk00008,0.3083877013869563,0.2785400732599385,0.0298476281270178
d3,o_max,m027008_o_max_ord30_rk00009,0.3147213718406897,0.2785400732599385,0.0361812985807512
d3,o_max,m027009_o_max_ord30_rk00010,0.3073419881163429,0.2785400732599385,0.028801914856404376
d3,o_max,m027010_o_max_ord30_rk00011,0.3094800540940701,0.2785400732599385,0.030939980834131575
d3,o_max,m027011_o_max_ord30_rk00012,0.3107675064513532,0.2785400732599385,0.03222743319141469
d3,o_max,m027012_o_max_ord30_rk00013,0.296871258515768,0.2785400732599385,0.018331185255829496
d3,o_max,m027013_o_max_ord30_rk00014,0.3004027286690692,0.2785400732599385,0.021862655409130682
d3,o_max,m027014_o_max_ord30_rk00015,0.3043637387592814,0.2785400732599385,0.025823665499342896
d3,o_max,m027015_o_max_ord30_rk00016,0.3086990009992291,0.2785400732599385,0.030158927739290575
d3,o_max,m027016_o_max_ord30_rk00017,0.2980454029132721,0.2785400732599385,0.01950532965333357
d3,o_max,m027017_o_max_ord30_rk00018,0.2956542264965657,0.2785400732599385,0.017114153236627183
d3,o_max,m027018_o_max_ord30_rk00019,0.3104404264958881,0.2785400732599385,0.031900353235949586
d3,o_max,m027019_o_max_ord30_rk00020,0.3206485765174178,0.2785400732599385,0.04210850325747928
OLS,o_min,m047515_o_min_ord3_rk00001,0.1533798335506737,0.2662406461567889,-0.11286081260611519
OLS,o_min,m047516_o_min_ord3_rk00002,0.0835070465253986,0.2662406461567889,-0.1827335996313903
OLS,o_min,m047517_o_min_ord3_rk00003,0.1664127210713327,0.2662406461567889,-0.09982792508545618
OLS,o_min,m047518_o_min_ord3_rk00004,0.0868004904204235,0.2662406461567889,-0.1794401557363654
OLS,o_min,m047519_o_min_ord3_rk00005,0.1132593890200897,0.2662406461567889,-0.1529812571366992
OLS,o_min,m047520_o_min_ord3_rk00006,0.1154886858721589,0.2662406461567889,-0.15075196028463
OLS,o_min,m047521_o_min_ord3_rk00007,0.0868005364890545,0.2662406461567889,-0.17944010966773438
OLS,o_min,m047522_o_min_ord3_rk00008,0.0589107390714422,0.2662406461567889,-0.20732990708534668
OLS,o_min,m047523_o_min_ord3_rk00009,0.0626167542051386,0.2662406461567889,-0.2036238919516503
OLS,o_min,m047524_o_min_ord3_rk00010,0.073174631408044,0.2662406461567889,-0.19306601474874488
OLS,o_min,m047525_o_min_ord3_rk00011,0.1609371340475365,0.2662406461567889,-0.10530351210925237
OLS,o_min,m047526_o_min_ord3_rk00012,-0.1960677863366691,0.2662406461567889,-0.462308432493458
OLS,o_min,m047527_o_min_ord3_rk00013,0.0920285156349467,0.2662406461567889,-0.1742121305218422
OLS,o_min,m047528_o_min_ord3_rk00014,-0.4872098130663878,0.2662406461567889,-0.7534504592231767
OLS,o_min,m047529_o_min_ord3_rk00015,0.0422923391393937,0.2662406461567889,-0.22394830701739518
OLS,o_min,m047530_o_min_ord3_rk00016,0.0484015505223538,0.2662406461567889,-0.2178390956344351
OLS,o_min,m047531_o_min_ord3_rk00017,0.27426114442553,0.2662406461567889,0.008020498268741127
OLS,o_min,m047532_o_min_ord3_rk00018,0.1400086253425546,0.2662406461567889,-0.1262320208142343
OLS,o_min,m047533_o_min_ord3_rk00019,0.1059859206370826,0.2662406461567889,-0.16025472551970626
OLS,o_min,m047534_o_min_ord3_rk00020,0.2127442580833677,0.2662406461567889,-0.05349638807342119
OLS,o_min,m048515_o_min_ord4_rk00001,-0.09776295326985,0.2662406461567889,-0.3640035994266389
OLS,o_min,m048516_o_min_ord4_rk00002,0.216132095939358,0.2662406461567889,-0.05010855021743088
OLS,o_min,m048517_o_min_ord4_rk00003,0.2565232776527897,0.2662406461567889,-0.00971736850399918
OLS,o_min,m048518_o_min_ord4_rk00004,0.2189847634595173,0.2662406461567889,-0.04725588269727157
OLS,o_min,m048519_o_min_ord4_rk00005,0.1572141374132236,0.2662406461567889,-0.10902650874356529
OLS,o_min,m048520_o_min_ord4_rk00006,0.2592562803641219,0.2662406461567889,-0.00698436579266698
OLS,o_min,m048521_o_min_ord4_rk00007,0.2404627293038733,0.2662406461567889,-0.025777916852915583
OLS,o_min,m048522_o_min_ord4_rk00008,-0.1693197949011107,0.2662406461567889,-0.4355604410578996
OLS,o_min,m048523_o_min_ord4_rk00009,0.1570213515498958,0.2662406461567889,-0.10921929460689309
OLS,o_min,m048524_o_min_ord4_rk00010,-0.2277243044921522,0.2662406461567889,-0.4939649506489411
OLS,o_min,m048525_o_min_ord4_rk00011,0.2118630001121861,0.2662406461567889,-0.054377646044602795
OLS,o_min,m048526_o_min_ord4_rk00012,-0.3695113448241338,0.2662406461567889,-0.6357519909809226
OLS,o_min,m048527_o_min_ord4_rk00013,0.1883741675169047,0.2662406461567889,-0.07786647863988419
OLS,o_min,m048528_o_min_ord4_rk00014,0.1591290773685656,0.2662406461567889,-0.10711156878822328
OLS,o_min,m048529_o_min_ord4_rk00015,0.2255366496129943,0.2662406461567889,-0.040703996543794585
OLS,o_min,m048530_o_min_ord4_rk00016,-0.4567603188419611,0.2662406461567889,-0.72300096499875
OLS,o_min,m048531_o_min_ord4_rk00017,-0.4186649131081548,0.2662406461567889,-0.6849055592649437
OLS,o_min,m048532_o_min_ord4_rk00018,0.1957796227020325,0.2662406461567889,-0.07046102345475638
OLS,o_min,m048533_o_min_ord4_rk00019,-0.3801777737443523,0.2662406461567889,-0.6464184199011411
OLS,o_min,m048534_o_min_ord4_rk00020,-0.298596418105608,0.2662406461567889,-0.5648370642623969
OLS,o_min,m049515_o_min_ord5_rk00001,0.1761798976293511,0.2662406461567889,-0.09006074852743778
OLS,o_min,m049516_o_min_ord5_rk00002,-0.2520814902391046,0.2662406461567889,-0.5183221363958934
OLS,o_min,m049517_o_min_ord5_rk00003,0.1166438743746252,0.2662406461567889,-0.14959677178216368
OLS,o_min,m049518_o_min_ord5_rk00004,-0.017771081577615,0.2662406461567889,-0.28401172773440386
OLS,o_min,m049519_o_min_ord5_rk00005,-0.0983732338373042,0.2662406461567889,-0.3646138799940931
OLS,o_min,m049520_o_min_ord5_rk00006,0.0064877872581934,0.2662406461567889,-0.2597528588985955
OLS,o_min,m049521_o_min_ord5_rk00007,0.2327716889520553,0.2662406461567889,-0.033468957204733585
OLS,o_min,m049522_o_min_ord5_rk00008,-0.0566535452468697,0.2662406461567889,-0.3228941914036586
OLS,o_min,m049523_o_min_ord5_rk00009,0.1718848759916998,0.2662406461567889,-0.09435577016508909
OLS,o_min,m049524_o_min_ord5_rk00010,-0.5339468647530701,0.2662406461567889,-0.800187510909859
OLS,o_min,m049525_o_min_ord5_rk00011,-0.0882791645267222,0.2662406461567889,-0.35451981068351107
OLS,o_min,m049526_o_min_ord5_rk00012,-0.1632672632057838,0.2662406461567889,-0.42950790936257266
OLS,o_min,m049527_o_min_ord5_rk00013,0.2502674019469362,0.2662406461567889,-0.01597324420985269
OLS,o_min,m049528_o_min_ord5_rk00014,0.1870314618078619,0.2662406461567889,-0.07920918434892699
OLS,o_min,m049529_o_min_ord5_rk00015,0.2371292610659127,0.2662406461567889,-0.029111385090876185
OLS,o_min,m049530_o_min_ord5_rk00016,0.2001800527904024,0.2662406461567889,-0.06606059336638648
OLS,o_min,m049531_o_min_ord5_rk00017,0.1971209624486896,0.2662406461567889,-0.06911968370809929
OLS,o_min,m049532_o_min_ord5_rk00018,-2.28801113640017,0.2662406461567889,-2.5542517825569586
OLS,o_min,m049533_o_min_ord5_rk00019,-0.3807931492959873,0.2662406461567889,-0.6470337954527762
OLS,o_min,m049534_o_min_ord5_rk00020,0.2900151098282341,0.2662406461567889,0.0237744636714452
OLS,o_min,m050515_o_min_ord6_rk00001,0.1456822272802278,0.2662406461567889,-0.12055841887656107
OLS,o_min,m050516_o_min_ord6_rk00002,-0.2559975169678083,0.2662406461567889,-0.5222381631245971
OLS,o_min,m050517_o_min_ord6_rk00003,-0.2884171449720816,0.2662406461567889,-0.5546577911288705
OLS,o_min,m050518_o_min_ord6_rk00004,-0.2390280093127048,0.2662406461567889,-0.5052686554694936
OLS,o_min,m050519_o_min_ord6_rk00005,-0.2984490761719829,0.2662406461567889,-0.5646897223287718
OLS,o_min,m050520_o_min_ord6_rk00006,-0.1421413373236411,0.2662406461567889,-0.40838198348043
OLS,o_min,m050521_o_min_ord6_rk00007,0.2222216160991489,0.2662406461567889,-0.04401903005763999
OLS,o_min,m050522_o_min_ord6_rk00008,-0.0886181238369101,0.2662406461567889,-0.354858769993699
OLS,o_min,m050523_o_min_ord6_rk00009,0.1867727661969913,0.2662406461567889,-0.0794678799597976
OLS,o_min,m050524_o_min_ord6_rk00010,0.3005328338977,0.2662406461567889,0.03429218774091114
OLS,o_min,m050525_o_min_ord6_rk00011,0.1627551390223716,0.2662406461567889,-0.10348550713441729
OLS,o_min,m050526_o_min_ord6_rk00012,0.1965710406832925,0.2662406461567889,-0.06966960547349638
OLS,o_min,m050527_o_min_ord6_rk00013,-0.2691230914725839,0.2662406461567889,-0.5353637376293727
OLS,o_min,m050528_o_min_ord6_rk00014,-0.2325465933436614,0.2662406461567889,-0.4987872395004503
OLS,o_min,m050529_o_min_ord6_rk00015,-0.3838949141684338,0.2662406461567889,-0.6501355603252227
OLS,o_min,m050530_o_min_ord6_rk00016,-1.646396586859293,0.2662406461567889,-1.9126372330160817
OLS,o_min,m050531_o_min_ord6_rk00017,-0.2950451890222032,0.2662406461567889,-0.5612858351789921
OLS,o_min,m050532_o_min_ord6_rk00018,-0.4040212332995048,0.2662406461567889,-0.6702618794562937
OLS,o_min,m050533_o_min_ord6_rk00019,0.1579420443327467,0.2662406461567889,-0.10829860182404219
OLS,o_min,m050534_o_min_ord6_rk00020,0.303365998696355,0.2662406461567889,0.037125352539566114
OLS,o_min,m051515_o_min_ord7_rk00001,0.2449763860976713,0.2662406461567889,-0.02126426005911758
OLS,o_min,m051516_o_min_ord7_rk00002,0.1236078554382753,0.2662406461567889,-0.1426327907185136
OLS,o_min,m051517_o_min_ord7_rk00003,0.286900580278866,0.2662406461567889,0.020659934122077117
OLS,o_min,m051518_o_min_ord7_rk00004,-0.1562755684909822,0.2662406461567889,-0.4225162146477711
OLS,o_min,m051519_o_min_ord7_rk00005,0.1409676011668555,0.2662406461567889,-0.12527304498993339
OLS,o_min,m051520_o_min_ord7_rk00006,-0.2107170319978935,0.2662406461567889,-0.4769576781546824
OLS,o_min,m051521_o_min_ord7_rk00007,0.2340696606068278,0.2662406461567889,-0.03217098554996109
OLS,o_min,m051522_o_min_ord7_rk00008,0.1788186770172146,0.2662406461567889,-0.08742196913957428
OLS,o_min,m051523_o_min_ord7_rk00009,0.1244748594675054,0.2662406461567889,-0.14176578668928347
OLS,o_min,m051524_o_min_ord7_rk00010,-0.7051107112418344,0.2662406461567889,-0.9713513573986233
OLS,o_min,m051525_o_min_ord7_rk00011,-0.0729570678157258,0.2662406461567889,-0.3391977139725147
OLS,o_min,m051526_o_min_ord7_rk00012,0.1345211274252833,0.2662406461567889,-0.13171951873150559
OLS,o_min,m051527_o_min_ord7_rk00013,-0.4533119562475654,0.2662406461567889,-0.7195526024043543
OLS,o_min,m051528_o_min_ord7_rk00014,-0.0466703330895976,0.2662406461567889,-0.3129109792463865
OLS,o_min,m051529_o_min_ord7_rk00015,0.1485763729509812,0.2662406461567889,-0.11766427320580769
OLS,o_min,m051530_o_min_ord7_rk00016,-0.315576589762683,0.2662406461567889,-0.5818172359194719
OLS,o_min,m051531_o_min_ord7_rk00017,-0.2355703834553675,0.2662406461567889,-0.5018110296121564
OLS,o_min,m051532_o_min_ord7_rk00018,0.2719561270110394,0.2662406461567889,0.005715480854250499
OLS,o_min,m051533_o_min_ord7_rk00019,0.1613268140334967,0.2662406461567889,-0.1049138321232922
OLS,o_min,m051534_o_min_ord7_rk00020,0.2145235027443633,0.2662406461567889,-0.05171714341242559
OLS,o_min,m052515_o_min_ord8_rk00001,0.1894896209288162,0.2662406461567889,-0.0767510252279727
OLS,o_min,m052516_o_min_ord8_rk00002,0.2370737347075014,0.2662406461567889,-0.029166911449287486
OLS,o_min,m052517_o_min_ord8_rk00003,0.2366224301710712,0.2662406461567889,-0.029618215985717677
OLS,o_min,m052518_o_min_ord8_rk00004,-0.4292641536263644,0.2662406461567889,-0.6955047997831533
OLS,o_min,m052519_o_min_ord8_rk00005,-1.87995963585714,0.2662406461567889,-2.146200282013929
OLS,o_min,m052520_o_min_ord8_rk00006,0.2838882757331161,0.2662406461567889,0.017647629576327206
OLS,o_min,m052521_o_min_ord8_rk00007,-0.1131700348711557,0.2662406461567889,-0.3794106810279446
OLS,o_min,m052522_o_min_ord8_rk00008,0.2816875966229315,0.2662406461567889,0.01544695046614264
OLS,o_min,m052523_o_min_ord8_rk00009,0.0008957524007052,0.2662406461567889,-0.26534489375608367
OLS,o_min,m052524_o_min_ord8_rk00010,-0.0128380614381269,0.2662406461567889,-0.27907870759491576
OLS,o_min,m052525_o_min_ord8_rk00011,0.1621595495114189,0.2662406461567889,-0.10408109664536999
OLS,o_min,m052526_o_min_ord8_rk00012,0.1232536437934975,0.2662406461567889,-0.14298700236329137
OLS,o_min,m052527_o_min_ord8_rk00013,-0.1781456445276394,0.2662406461567889,-0.44438629068442825
OLS,o_min,m052528_o_min_ord8_rk00014,0.2887761224523111,0.2662406461567889,0.022535476295522217
OLS,o_min,m052529_o_min_ord8_rk00015,-0.9115846124636662,0.2662406461567889,-1.1778252586204552
OLS,o_min,m052530_o_min_ord8_rk00016,-0.4828937350592253,0.2662406461567889,-0.7491343812160142
OLS,o_min,m052531_o_min_ord8_rk00017,-0.0175105763746388,0.2662406461567889,-0.2837512225314277
OLS,o_min,m052532_o_min_ord8_rk00018,-0.1274015363317058,0.2662406461567889,-0.3936421824884947
OLS,o_min,m052533_o_min_ord8_rk00019,0.1582343781362082,0.2662406461567889,-0.10800626802058069
OLS,o_min,m052534_o_min_ord8_rk00020,0.1606690892350801,0.2662406461567889,-0.10557155692170878
OLS,o_min,m053515_o_min_ord9_rk00001,-2.781502643554094,0.2662406461567889,-3.047743289710883
OLS,o_min,m053516_o_min_ord9_rk00002,-0.7885260331119517,0.2662406461567889,-1.0547666792687407
OLS,o_min,m053517_o_min_ord9_rk00003,0.2065845792257908,0.2662406461567889,-0.05965606693099809
OLS,o_min,m053518_o_min_ord9_rk00004,-2.856256585593799,0.2662406461567889,-3.1224972317505877
OLS,o_min,m053519_o_min_ord9_rk00005,0.1138783146845785,0.2662406461567889,-0.1523623314722104
OLS,o_min,m053520_o_min_ord9_rk00006,0.1912040687043263,0.2662406461567889,-0.07503657745246259
OLS,o_min,m053521_o_min_ord9_rk00007,-1.858422758082541,0.2662406461567889,-2.12466340423933
OLS,o_min,m053522_o_min_ord9_rk00008,-0.4083512005073848,0.2662406461567889,-0.6745918466641737
OLS,o_min,m053523_o_min_ord9_rk00009,0.2013952461061411,0.2662406461567889,-0.06484540005064779
OLS,o_min,m053524_o_min_ord9_rk00010,0.2205254948900485,0.2662406461567889,-0.04571515126674039
OLS,o_min,m053525_o_min_ord9_rk00011,0.1197831798430263,0.2662406461567889,-0.14645746631376258
OLS,o_min,m053526_o_min_ord9_rk00012,0.2501581788692395,0.2662406461567889,-0.016082467287549362
OLS,o_min,m053527_o_min_ord9_rk00013,0.2279538084322071,0.2662406461567889,-0.038286837724581774
OLS,o_min,m053528_o_min_ord9_rk00014,-0.2564380350284956,0.2662406461567889,-0.5226786811852845
OLS,o_min,m053529_o_min_ord9_rk00015,0.2236005660224042,0.2662406461567889,-0.042640080134384695
OLS,o_min,m053530_o_min_ord9_rk00016,0.2415528215327459,0.2662406461567889,-0.02468782462404298
OLS,o_min,m053531_o_min_ord9_rk00017,0.1951111317754954,0.2662406461567889,-0.07112951438129347
OLS,o_min,m053532_o_min_ord9_rk00018,0.030246740758299,0.2662406461567889,-0.23599390539848988
OLS,o_min,m053533_o_min_ord9_rk00019,0.2199085179101242,0.2662406461567889,-0.04633212824666469
OLS,o_min,m053534_o_min_ord9_rk00020,0.1602690307520649,0.2662406461567889,-0.105971615404724
OLS,o_min,m054515_o_min_ord10_rk00001,-0.809724297546115,0.2662406461567889,-1.0759649437029037
OLS,o_min,m054516_o_min_ord10_rk00002,-1.395141133260236,0.2662406461567889,-1.6613817794170247
OLS,o_min,m054517_o_min_ord10_rk00003,0.0684309542570006,0.2662406461567889,-0.19780969189978828
OLS,o_min,m054518_o_min_ord10_rk00004,-3.044593613261448,0.2662406461567889,-3.310834259418237
OLS,o_min,m054519_o_min_ord10_rk00005,-0.7020940909586539,0.2662406461567889,-0.9683347371154428
OLS,o_min,m054520_o_min_ord10_rk00006,-2.20510285078693,0.2662406461567889,-2.4713434969437187
OLS,o_min,m054521_o_min_ord10_rk00007,-4.94580450860941,0.2662406461567889,-5.212045154766199
OLS,o_min,m054522_o_min_ord10_rk00008,-0.8261840184134339,0.2662406461567889,-1.0924246645702227
OLS,o_min,m054523_o_min_ord10_rk00009,-2.652857490658434,0.2662406461567889,-2.9190981368152227
OLS,o_min,m054524_o_min_ord10_rk00010,0.1909888582192264,0.2662406461567889,-0.07525178793756249
OLS,o_min,m054525_o_min_ord10_rk00011,0.1962270673680834,0.2662406461567889,-0.07001357878870548
OLS,o_min,m054526_o_min_ord10_rk00012,0.0903769829645348,0.2662406461567889,-0.1758636631922541
OLS,o_min,m054527_o_min_ord10_rk00013,0.1914019135593778,0.2662406461567889,-0.07483873259741108
OLS,o_min,m054528_o_min_ord10_rk00014,0.0207037560579576,0.2662406461567889,-0.24553689009883128
OLS,o_min,m054529_o_min_ord10_rk00015,-2.205886676023236,0.2662406461567889,-2.472127322180025
OLS,o_min,m054530_o_min_ord10_rk00016,-0.5142207467059088,0.2662406461567889,-0.7804613928626977
OLS,o_min,m054531_o_min_ord10_rk00017,-1.100040806255175,0.2662406461567889,-1.3662814524119637
OLS,o_min,m054532_o_min_ord10_rk00018,-2.939604550422255,0.2662406461567889,-3.2058451965790438
OLS,o_min,m054533_o_min_ord10_rk00019,-6.333941167819342,0.2662406461567889,-6.600181813976131
OLS,o_min,m054534_o_min_ord10_rk00020,-1.840835861511004,0.2662406461567889,-2.107076507667793
OLS,o_min,m055515_o_min_ord11_rk00001,-3.60479705045943,0.2662406461567889,-3.8710376966162188
OLS,o_min,m055516_o_min_ord11_rk00002,-1.176072731562774,0.2662406461567889,-1.4423133777195627
OLS,o_min,m055517_o_min_ord11_rk00003,-8.430391276016785,0.2662406461567889,-8.696631922173573
OLS,o_min,m055518_o_min_ord11_rk00004,-5.527851554322766,0.2662406461567889,-5.794092200479556
OLS,o_min,m055519_o_min_ord11_rk00005,0.1940965683230308,0.2662406461567889,-0.07214407783375809
OLS,o_min,m055520_o_min_ord11_rk00006,-0.7029213963071883,0.2662406461567889,-0.9691620424639772
OLS,o_min,m055521_o_min_ord11_rk00007,-0.2267854854548516,0.2662406461567889,-0.4930261316116405
OLS,o_min,m055522_o_min_ord11_rk00008,-8.222926875632853,0.2662406461567889,-8.489167521789641
OLS,o_min,m055523_o_min_ord11_rk00009,-0.3915971901137123,0.2662406461567889,-0.6578378362705012
OLS,o_min,m055524_o_min_ord11_rk00010,-1.453175722086417,0.2662406461567889,-1.719416368243206
OLS,o_min,m055525_o_min_ord11_rk00011,-1.708038821452645,0.2662406461567889,-1.974279467609434
OLS,o_min,m055526_o_min_ord11_rk00012,-2.346877318731773,0.2662406461567889,-2.613117964888562
OLS,o_min,m055527_o_min_ord11_rk00013,-0.0868965362325877,0.2662406461567889,-0.3531371823893766
OLS,o_min,m055528_o_min_ord11_rk00014,-2.410837101025419,0.2662406461567889,-2.677077747182208
OLS,o_min,m055529_o_min_ord11_rk00015,-7.470219168998266,0.2662406461567889,-7.736459815155055
OLS,o_min,m055530_o_min_ord11_rk00016,-0.0557085534080628,0.2662406461567889,-0.3219491995648517
OLS,o_min,m055531_o_min_ord11_rk00017,-0.6715539061640665,0.2662406461567889,-0.9377945523208554
OLS,o_min,m055532_o_min_ord11_rk00018,-5.576906083852675,0.2662406461567889,-5.843146730009464
OLS,o_min,m055533_o_min_ord11_rk00019,-0.2383108494307642,0.2662406461567889,-0.5045514955875531
OLS,o_min,m055534_o_min_ord11_rk00020,-5.839288672592031,0.2662406461567889,-6.10552931874882
OLS,o_min,m056515_o_min_ord12_rk00001,-13.74330158313493,0.2662406461567889,-14.009542229291718
OLS,o_min,m056516_o_min_ord12_rk00002,-6.173666003743584,0.2662406461567889,-6.439906649900373
OLS,o_min,m056517_o_min_ord12_rk00003,-0.4210551732795395,0.2662406461567889,-0.6872958194363283
OLS,o_min,m056518_o_min_ord12_rk00004,-11.30460138303308,0.2662406461567889,-11.570842029189869
OLS,o_min,m056519_o_min_ord12_rk00005,-1.611838811363695,0.2662406461567889,-1.8780794575204838
OLS,o_min,m056520_o_min_ord12_rk00006,-8.118396723549,0.2662406461567889,-8.38463736970579
OLS,o_min,m056521_o_min_ord12_rk00007,-1.079303157338882,0.2662406461567889,-1.345543803495671
OLS,o_min,m056522_o_min_ord12_rk00008,-12.04633016754151,0.2662406461567889,-12.312570813698299
OLS,o_min,m056523_o_min_ord12_rk00009,-9.01305835797779,0.2662406461567889,-9.279299004134579
OLS,o_min,m056524_o_min_ord12_rk00010,-9.80707381459402,0.2662406461567889,-10.073314460750808
OLS,o_min,m056525_o_min_ord12_rk00011,-8.476021239334008,0.2662406461567889,-8.742261885490796
OLS,o_min,m056526_o_min_ord12_rk00012,-1.127278426964855,0.2662406461567889,-1.3935190731216438
OLS,o_min,m056527_o_min_ord12_rk00013,-5.39208383732088,0.2662406461567889,-5.658324483477669
OLS,o_min,m056528_o_min_ord12_rk00014,-0.1534473728133516,0.2662406461567889,-0.4196880189701405
OLS,o_min,m056529_o_min_ord12_rk00015,-0.1090210920564174,0.2662406461567889,-0.3752617382132063
OLS,o_min,m056530_o_min_ord12_rk00016,-5.876780190140068,0.2662406461567889,-6.1430208362968575
OLS,o_min,m056531_o_min_ord12_rk00017,-0.0641886749467137,0.2662406461567889,-0.3304293211035026
OLS,o_min,m056532_o_min_ord12_rk00018,-2.646309842093752,0.2662406461567889,-2.912550488250541
OLS,o_min,m056533_o_min_ord12_rk00019,-0.2574059283384164,0.2662406461567889,-0.5236465744952052
OLS,o_min,m056534_o_min_ord12_rk00020,-8.435917767754482,0.2662406461567889,-8.70215841391127
OLS,o_min,m057515_o_min_ord13_rk00001,-12.08926347518675,0.2662406461567889,-12.355504121343538
OLS,o_min,m057516_o_min_ord13_rk00002,-14.13658498236539,0.2662406461567889,-14.402825628522178
OLS,o_min,m057517_o_min_ord13_rk00003,-8.251993417531214,0.2662406461567889,-8.518234063688002
OLS,o_min,m057518_o_min_ord13_rk00004,-12.06550471682596,0.2662406461567889,-12.331745362982748
OLS,o_min,m057519_o_min_ord13_rk00005,-11.69348375776265,0.2662406461567889,-11.959724403919438
OLS,o_min,m057520_o_min_ord13_rk00006,-1.776539212654298,0.2662406461567889,-2.042779858811087
OLS,o_min,m057521_o_min_ord13_rk00007,-9.514001509186295,0.2662406461567889,-9.780242155343084
OLS,o_min,m057522_o_min_ord13_rk00008,-9.117594154597516,0.2662406461567889,-9.383834800754304
OLS,o_min,m057523_o_min_ord13_rk00009,-1.878623259874824,0.2662406461567889,-2.144863906031613
OLS,o_min,m057524_o_min_ord13_rk00010,-0.2678891763905549,0.2662406461567889,-0.5341298225473438
OLS,o_min,m057525_o_min_ord13_rk00011,-0.3374270580641554,0.2662406461567889,-0.6036677042209443
OLS,o_min,m057526_o_min_ord13_rk00012,-6.568778746579952,0.2662406461567889,-6.835019392736741
OLS,o_min,m057527_o_min_ord13_rk00013,-9.587929445200023,0.2662406461567889,-9.854170091356812
OLS,o_min,m057528_o_min_ord13_rk00014,-0.4319970746514465,0.2662406461567889,-0.6982377208082353
OLS,o_min,m057529_o_min_ord13_rk00015,-1.867139783678513,0.2662406461567889,-2.133380429835302
OLS,o_min,m057530_o_min_ord13_rk00016,-8.499233306487868,0.2662406461567889,-8.765473952644657
OLS,o_min,m057531_o_min_ord13_rk00017,-0.4123709002489344,0.2662406461567889,-0.6786115464057233
OLS,o_min,m057532_o_min_ord13_rk00018,-10.90218950104839,0.2662406461567889,-11.168430147205179
OLS,o_min,m057533_o_min_ord13_rk00019,-9.294852842665732,0.2662406461567889,-9.56109348882252
OLS,o_min,m057534_o_min_ord13_rk00020,-0.4739763559935293,0.2662406461567889,-0.7402170021503182
OLS,o_min,m058515_o_min_ord14_rk00001,-11.53881408787948,0.2662406461567889,-11.805054734036268
OLS,o_min,m058516_o_min_ord14_rk00002,-9.890823646649167,0.2662406461567889,-10.157064292805956
OLS,o_min,m058517_o_min_ord14_rk00003,-12.38809203386391,0.2662406461567889,-12.654332680020698
OLS,o_min,m058518_o_min_ord14_rk00004,-1.930131444143797,0.2662406461567889,-2.196372090300586
OLS,o_min,m058519_o_min_ord14_rk00005,-10.09307214087536,0.2662406461567889,-10.359312787032149
OLS,o_min,m058520_o_min_ord14_rk00006,-9.605204486278517,0.2662406461567889,-9.871445132435305
OLS,o_min,m058521_o_min_ord14_rk00007,-0.9350876553405588,0.2662406461567889,-1.2013283014973477
OLS,o_min,m058522_o_min_ord14_rk00008,-12.73564805150329,0.2662406461567889,-13.001888697660078
OLS,o_min,m058523_o_min_ord14_rk00009,-0.4589985629860222,0.2662406461567889,-0.725239209142811
OLS,o_min,m058524_o_min_ord14_rk00010,-9.952946722146262,0.2662406461567889,-10.21918736830305
OLS,o_min,m058525_o_min_ord14_rk00011,-11.84666940911471,0.2662406461567889,-12.112910055271499
OLS,o_min,m058526_o_min_ord14_rk00012,-0.4458746216650966,0.2662406461567889,-0.7121152678218855
OLS,o_min,m058527_o_min_ord14_rk00013,-0.2653370987991912,0.2662406461567889,-0.5315777449559801
OLS,o_min,m058528_o_min_ord14_rk00014,-0.2837380026129898,0.2662406461567889,-0.5499786487697786
OLS,o_min,m058529_o_min_ord14_rk00015,-12.14584590072334,0.2662406461567889,-12.41208654688013
OLS,o_min,m058530_o_min_ord14_rk00016,-8.66327201500298,0.2662406461567889,-8.929512661159768
OLS,o_min,m058531_o_min_ord14_rk00017,-7.336512997758595,0.2662406461567889,-7.602753643915384
OLS,o_min,m058532_o_min_ord14_rk00018,-0.3073979661762829,0.2662406461567889,-0.5736386123330718
OLS,o_min,m058533_o_min_ord14_rk00019,-11.94393420960906,0.2662406461567889,-12.210174855765848
OLS,o_min,m058534_o_min_ord14_rk00020,-0.266419618373096,0.2662406461567889,-0.5326602645298849
OLS,o_min,m059515_o_min_ord15_rk00001,-11.88198318982628,0.2662406461567889,-12.14822383598307
OLS,o_min,m059516_o_min_ord15_rk00002,-0.8892944422852556,0.2662406461567889,-1.1555350884420443
OLS,o_min,m059517_o_min_ord15_rk00003,-8.112962596666055,0.2662406461567889,-8.379203242822843
OLS,o_min,m059518_o_min_ord15_rk00004,-0.4595121790536631,0.2662406461567889,-0.7257528252104519
OLS,o_min,m059519_o_min_ord15_rk00005,-5.40818038534344,0.2662406461567889,-5.674421031500229
OLS,o_min,m059520_o_min_ord15_rk00006,-8.326329726259873,0.2662406461567889,-8.592570372416661
OLS,o_min,m059521_o_min_ord15_rk00007,-0.4202673189184458,0.2662406461567889,-0.6865079650752347
OLS,o_min,m059522_o_min_ord15_rk00008,-0.5664544150090756,0.2662406461567889,-0.8326950611658644
OLS,o_min,m059523_o_min_ord15_rk00009,-0.9723573042025156,0.2662406461567889,-1.2385979503593045
OLS,o_min,m059524_o_min_ord15_rk00010,-11.63105469258791,0.2662406461567889,-11.897295338744698
OLS,o_min,m059525_o_min_ord15_rk00011,-1.708394666747755,0.2662406461567889,-1.9746353129045437
OLS,o_min,m059526_o_min_ord15_rk00012,-0.514654944911906,0.2662406461567889,-0.7808955910686949
OLS,o_min,m059527_o_min_ord15_rk00013,-10.19575317688656,0.2662406461567889,-10.461993823043349
OLS,o_min,m059528_o_min_ord15_rk00014,-0.0452923850956281,0.2662406461567889,-0.311533031252417
OLS,o_min,m059529_o_min_ord15_rk00015,-2.11364380707287,0.2662406461567889,-2.379884453229659
OLS,o_min,m059530_o_min_ord15_rk00016,-0.5275776305470192,0.2662406461567889,-0.7938182767038081
OLS,o_min,m059531_o_min_ord15_rk00017,-9.612941257618104,0.2662406461567889,-9.879181903774892
OLS,o_min,m059532_o_min_ord15_rk00018,-0.1557947603101439,0.2662406461567889,-0.42203540646693277
OLS,o_min,m059533_o_min_ord15_rk00019,-13.71464393330992,0.2662406461567889,-13.980884579466709
OLS,o_min,m059534_o_min_ord15_rk00020,-0.036192943545239,0.2662406461567889,-0.3024335897020279
OLS,o_min,m060515_o_min_ord16_rk00001,-0.5112210250909968,0.2662406461567889,-0.7774616712477856
OLS,o_min,m060516_o_min_ord16_rk00002,-0.9391072816811036,0.2662406461567889,-1.2053479278378925
OLS,o_min,m060517_o_min_ord16_rk00003,-0.7766231299791166,0.2662406461567889,-1.0428637761359054
OLS,o_min,m060518_o_min_ord16_rk00004,-1.026053824592084,0.2662406461567889,-1.2922944707488728
OLS,o_min,m060519_o_min_ord16_rk00005,-0.7968192429535939,0.2662406461567889,-1.0630598891103826
OLS,o_min,m060520_o_min_ord16_rk00006,-9.857450649659407,0.2662406461567889,-10.123691295816196
OLS,o_min,m060521_o_min_ord16_rk00007,-0.2316126695377314,0.2662406461567889,-0.4978533156945203
OLS,o_min,m060522_o_min_ord16_rk00008,-0.041345430958168,0.2662406461567889,-0.3075860771149569
OLS,o_min,m060523_o_min_ord16_rk00009,-10.51639886927216,0.2662406461567889,-10.782639515428949
OLS,o_min,m060524_o_min_ord16_rk00010,-0.4517672114711331,0.2662406461567889,-0.718007857627922
OLS,o_min,m060525_o_min_ord16_rk00011,-0.4254009734184911,0.2662406461567889,-0.6916416195752799
OLS,o_min,m060526_o_min_ord16_rk00012,-8.442465522425817,0.2662406461567889,-8.708706168582605
OLS,o_min,m060527_o_min_ord16_rk00013,-0.3105642790283804,0.2662406461567889,-0.5768049251851692
OLS,o_min,m060528_o_min_ord16_rk00014,-11.1479135757856,0.2662406461567889,-11.414154221942388
OLS,o_min,m060529_o_min_ord16_rk00015,-0.4865844287241563,0.2662406461567889,-0.7528250748809452
OLS,o_min,m060530_o_min_ord16_rk00016,-0.3934756156301799,0.2662406461567889,-0.6597162617869687
OLS,o_min,m060531_o_min_ord16_rk00017,-0.909494513040504,0.2662406461567889,-1.1757351591972929
OLS,o_min,m060532_o_min_ord16_rk00018,-12.72066544432037,0.2662406461567889,-12.986906090477158
OLS,o_min,m060533_o_min_ord16_rk00019,-14.53475377789828,0.2662406461567889,-14.800994424055068
OLS,o_min,m060534_o_min_ord16_rk00020,-3.424606683718953,0.2662406461567889,-3.6908473298757416
OLS,o_min,m061515_o_min_ord17_rk00001,-0.5123667339128091,0.2662406461567889,-0.778607380069598
OLS,o_min,m061516_o_min_ord17_rk00002,-2.070589622277245,0.2662406461567889,-2.3368302684340336
OLS,o_min,m061517_o_min_ord17_rk00003,-1.110239188598216,0.2662406461567889,-1.376479834755005
OLS,o_min,m061518_o_min_ord17_rk00004,-0.3800643378617481,0.2662406461567889,-0.646304984018537
OLS,o_min,m061519_o_min_ord17_rk00005,-1.846696321911859,0.2662406461567889,-2.112936968068648
OLS,o_min,m061520_o_min_ord17_rk00006,-11.28011045652122,0.2662406461567889,-11.546351102678008
OLS,o_min,m061521_o_min_ord17_rk00007,-0.4553499473617124,0.2662406461567889,-0.7215905935185013
OLS,o_min,m061522_o_min_ord17_rk00008,-1.611459306519931,0.2662406461567889,-1.87769995267672
OLS,o_min,m061523_o_min_ord17_rk00009,-0.6546342683851598,0.2662406461567889,-0.9208749145419487
OLS,o_min,m061524_o_min_ord17_rk00010,-2.199583547393796,0.2662406461567889,-2.465824193550585
OLS,o_min,m061525_o_min_ord17_rk00011,-5.007169646136824,0.2662406461567889,-5.2734102922936135
OLS,o_min,m061526_o_min_ord17_rk00012,-0.9062010683452058,0.2662406461567889,-1.1724417145019945
OLS,o_min,m061527_o_min_ord17_rk00013,-1.095070455862347,0.2662406461567889,-1.361311102019136
OLS,o_min,m061528_o_min_ord17_rk00014,-1.246245540431436,0.2662406461567889,-1.5124861865882249
OLS,o_min,m061529_o_min_ord17_rk00015,-1.104883407872115,0.2662406461567889,-1.371124054028904
OLS,o_min,m061530_o_min_ord17_rk00016,-1.752038434905849,0.2662406461567889,-2.018279081062638
OLS,o_min,m061531_o_min_ord17_rk00017,-0.1273405648665049,0.2662406461567889,-0.3935812110232938
OLS,o_min,m061532_o_min_ord17_rk00018,-0.3191132922251352,0.2662406461567889,-0.5853539383819241
OLS,o_min,m061533_o_min_ord17_rk00019,-11.6654777056708,0.2662406461567889,-11.931718351827588
OLS,o_min,m061534_o_min_ord17_rk00020,-0.2965431342039644,0.2662406461567889,-0.5627837803607533
OLS,o_min,m062515_o_min_ord18_rk00001,-11.65900729013628,0.2662406461567889,-11.925247936293069
OLS,o_min,m062516_o_min_ord18_rk00002,-0.534545456065616,0.2662406461567889,-0.8007861022224049
OLS,o_min,m062517_o_min_ord18_rk00003,-1.057374172206285,0.2662406461567889,-1.3236148183630738
OLS,o_min,m062518_o_min_ord18_rk00004,-1.749708326835574,0.2662406461567889,-2.015948972992363
OLS,o_min,m062519_o_min_ord18_rk00005,-1.175365792833641,0.2662406461567889,-1.44160643899043
OLS,o_min,m062520_o_min_ord18_rk00006,-1.090609984973645,0.2662406461567889,-1.3568506311304338
OLS,o_min,m062521_o_min_ord18_rk00007,-0.6650269341974457,0.2662406461567889,-0.9312675803542346
OLS,o_min,m062522_o_min_ord18_rk00008,-2.016470905639579,0.2662406461567889,-2.2827115517963676
OLS,o_min,m062523_o_min_ord18_rk00009,-0.3851886618315385,0.2662406461567889,-0.6514293079883273
OLS,o_min,m062524_o_min_ord18_rk00010,-1.835208644354677,0.2662406461567889,-2.1014492905114657
OLS,o_min,m062525_o_min_ord18_rk00011,-2.928690912963227,0.2662406461567889,-3.1949315591200156
OLS,o_min,m062526_o_min_ord18_rk00012,-0.5895267115803573,0.2662406461567889,-0.8557673577371462
OLS,o_min,m062527_o_min_ord18_rk00013,-1.435014395692534,0.2662406461567889,-1.7012550418493229
OLS,o_min,m062528_o_min_ord18_rk00014,-2.244472330076347,0.2662406461567889,-2.510712976233136
OLS,o_min,m062529_o_min_ord18_rk00015,-6.81790261426497,0.2662406461567889,-7.084143260421759
OLS,o_min,m062530_o_min_ord18_rk00016,-4.752327251430224,0.2662406461567889,-5.018567897587014
OLS,o_min,m062531_o_min_ord18_rk00017,-11.57859660760293,0.2662406461567889,-11.844837253759719
OLS,o_min,m062532_o_min_ord18_rk00018,-6.988750561075224,0.2662406461567889,-7.254991207232013
OLS,o_min,m062533_o_min_ord18_rk00019,-5.289511864818006,0.2662406461567889,-5.555752510974795
OLS,o_min,m062534_o_min_ord18_rk00020,-0.825974324518417,0.2662406461567889,-1.0922149706752058
OLS,o_min,m063515_o_min_ord19_rk00001,-1.144852908774959,0.2662406461567889,-1.4110935549317478
OLS,o_min,m063516_o_min_ord19_rk00002,-11.86580812102769,0.2662406461567889,-12.132048767184479
OLS,o_min,m063517_o_min_ord19_rk00003,-13.31511535388738,0.2662406461567889,-13.581356000044169
OLS,o_min,m063518_o_min_ord19_rk00004,-2.129534327313758,0.2662406461567889,-2.3957749734705467
OLS,o_min,m063519_o_min_ord19_rk00005,-1.072282737485331,0.2662406461567889,-1.3385233836421198
OLS,o_min,m063520_o_min_ord19_rk00006,-1.100139078589802,0.2662406461567889,-1.366379724746591
OLS,o_min,m063521_o_min_ord19_rk00007,-0.2050879980014965,0.2662406461567889,-0.47132864415828535
OLS,o_min,m063522_o_min_ord19_rk00008,-0.8404002266625632,0.2662406461567889,-1.106640872819352
OLS,o_min,m063523_o_min_ord19_rk00009,-1.961768470701483,0.2662406461567889,-2.228009116858272
OLS,o_min,m063524_o_min_ord19_rk00010,-1.142102371552857,0.2662406461567889,-1.408343017709646
OLS,o_min,m063525_o_min_ord19_rk00011,-5.445690926976337,0.2662406461567889,-5.711931573133127
OLS,o_min,m063526_o_min_ord19_rk00012,-1.440233645423823,0.2662406461567889,-1.7064742915806117
OLS,o_min,m063527_o_min_ord19_rk00013,-1.676213020896495,0.2662406461567889,-1.9424536670532837
OLS,o_min,m063528_o_min_ord19_rk00014,-0.2923548204686943,0.2662406461567889,-0.5585954666254832
OLS,o_min,m063529_o_min_ord19_rk00015,-1.970929818634648,0.2662406461567889,-2.2371704647914368
OLS,o_min,m063530_o_min_ord19_rk00016,-12.99435250689547,0.2662406461567889,-13.260593153052259
OLS,o_min,m063531_o_min_ord19_rk00017,-3.204536887096464,0.2662406461567889,-3.4707775332532527
OLS,o_min,m063532_o_min_ord19_rk00018,-5.485079854671395,0.2662406461567889,-5.751320500828184
OLS,o_min,m063533_o_min_ord19_rk00019,-1.445329794599103,0.2662406461567889,-1.7115704407558918
OLS,o_min,m063534_o_min_ord19_rk00020,-6.613668703490873,0.2662406461567889,-6.879909349647662
OLS,o_min,m064515_o_min_ord20_rk00001,-1.259038472882256,0.2662406461567889,-1.5252791190390447
OLS,o_min,m064516_o_min_ord20_rk00002,-4.618732599483891,0.2662406461567889,-4.88497324564068
OLS,o_min,m064517_o_min_ord20_rk00003,-1.274852843099266,0.2662406461567889,-1.5410934892560548
OLS,o_min,m064518_o_min_ord20_rk00004,-11.6883054500189,0.2662406461567889,-11.954546096175688
OLS,o_min,m064519_o_min_ord20_rk00005,-1.182643312532623,0.2662406461567889,-1.4488839586894118
OLS,o_min,m064520_o_min_ord20_rk00006,-2.342223148319948,0.2662406461567889,-2.608463794476737
OLS,o_min,m064521_o_min_ord20_rk00007,-11.86925014413538,0.2662406461567889,-12.135490790292168
OLS,o_min,m064522_o_min_ord20_rk00008,-2.266227041604307,0.2662406461567889,-2.5324676877610957
OLS,o_min,m064523_o_min_ord20_rk00009,-10.72798350393051,0.2662406461567889,-10.994224150087298
OLS,o_min,m064524_o_min_ord20_rk00010,-1.721604865350825,0.2662406461567889,-1.9878455115076137
OLS,o_min,m064525_o_min_ord20_rk00011,-0.3957680343495511,0.2662406461567889,-0.66200868050634
OLS,o_min,m064526_o_min_ord20_rk00012,-10.85829696723339,0.2662406461567889,-11.124537613390178
OLS,o_min,m064527_o_min_ord20_rk00013,-0.8454582959935184,0.2662406461567889,-1.1116989421503072
OLS,o_min,m064528_o_min_ord20_rk00014,-5.035982621235855,0.2662406461567889,-5.302223267392645
OLS,o_min,m064529_o_min_ord20_rk00015,-1.361895121735333,0.2662406461567889,-1.6281357678921218
OLS,o_min,m064530_o_min_ord20_rk00016,-1.303185456582058,0.2662406461567889,-1.5694261027388468
OLS,o_min,m064531_o_min_ord20_rk00017,-2.841253838251017,0.2662406461567889,-3.107494484407806
OLS,o_min,m064532_o_min_ord20_rk00018,-7.381950953640015,0.2662406461567889,-7.648191599796804
OLS,o_min,m064533_o_min_ord20_rk00019,-0.8493513898201765,0.2662406461567889,-1.1155920359769653
OLS,o_min,m064534_o_min_ord20_rk00020,-1.037559041317312,0.2662406461567889,-1.303799687474101
OLS,o_min,m065515_o_min_ord21_rk00001,-16.11620648508984,0.2662406461567889,-16.38244713124663
OLS,o_min,m065516_o_min_ord21_rk00002,-13.85635970635788,0.2662406461567889,-14.122600352514668
OLS,o_min,m065517_o_min_ord21_rk00003,-1.768698056091043,0.2662406461567889,-2.034938702247832
OLS,o_min,m065518_o_min_ord21_rk00004,-5.315049040589591,0.2662406461567889,-5.581289686746381
OLS,o_min,m065519_o_min_ord21_rk00005,-4.340927975727894,0.2662406461567889,-4.607168621884683
OLS,o_min,m065520_o_min_ord21_rk00006,-11.99232656327164,0.2662406461567889,-12.258567209428428
OLS,o_min,m065521_o_min_ord21_rk00007,-2.490286509222271,0.2662406461567889,-2.7565271553790596
OLS,o_min,m065522_o_min_ord21_rk00008,-0.9111110171799948,0.2662406461567889,-1.1773516633367835
OLS,o_min,m065523_o_min_ord21_rk00009,-1.408857098821968,0.2662406461567889,-1.675097744978757
OLS,o_min,m065524_o_min_ord21_rk00010,-1.89210892459323,0.2662406461567889,-2.158349570750019
OLS,o_min,m065525_o_min_ord21_rk00011,-4.328917235486079,0.2662406461567889,-4.595157881642868
OLS,o_min,m065526_o_min_ord21_rk00012,-11.78202244836147,0.2662406461567889,-12.048263094518258
OLS,o_min,m065527_o_min_ord21_rk00013,-1.338803009091542,0.2662406461567889,-1.605043655248331
OLS,o_min,m065528_o_min_ord21_rk00014,-10.96965211156887,0.2662406461567889,-11.235892757725658
OLS,o_min,m065529_o_min_ord21_rk00015,-5.370711032060444,0.2662406461567889,-5.636951678217233
OLS,o_min,m065530_o_min_ord21_rk00016,-3.011083853402802,0.2662406461567889,-3.2773244995595907
OLS,o_min,m065531_o_min_ord21_rk00017,-5.894507503430631,0.2662406461567889,-6.160748149587421
OLS,o_min,m065532_o_min_ord21_rk00018,-5.25538208058383,0.2662406461567889,-5.5216227267406195
OLS,o_min,m065533_o_min_ord21_rk00019,-1.419071869479068,0.2662406461567889,-1.6853125156358568
OLS,o_min,m065534_o_min_ord21_rk00020,-5.479251179305424,0.2662406461567889,-5.745491825462214
OLS,o_min,m066515_o_min_ord22_rk00001,-14.58608061193995,0.2662406461567889,-14.852321258096739
OLS,o_min,m066516_o_min_ord22_rk00002,-14.61404960747795,0.2662406461567889,-14.880290253634739
OLS,o_min,m066517_o_min_ord22_rk00003,-10.79409792714457,0.2662406461567889,-11.060338573301358
OLS,o_min,m066518_o_min_ord22_rk00004,-5.179959220072944,0.2662406461567889,-5.446199866229733
OLS,o_min,m066519_o_min_ord22_rk00005,-5.605656301534389,0.2662406461567889,-5.871896947691178
OLS,o_min,m066520_o_min_ord22_rk00006,-6.187260422206168,0.2662406461567889,-6.453501068362957
OLS,o_min,m066521_o_min_ord22_rk00007,-12.12998927403097,0.2662406461567889,-12.396229920187759
OLS,o_min,m066522_o_min_ord22_rk00008,-14.69501726296083,0.2662406461567889,-14.961257909117618
OLS,o_min,m066523_o_min_ord22_rk00009,-10.99562919447531,0.2662406461567889,-11.261869840632098
OLS,o_min,m066524_o_min_ord22_rk00010,-8.484832398646452,0.2662406461567889,-8.75107304480324
OLS,o_min,m066525_o_min_ord22_rk00011,-12.85734368562479,0.2662406461567889,-13.123584331781577
OLS,o_min,m066526_o_min_ord22_rk00012,-11.41522793061835,0.2662406461567889,-11.681468576775139
OLS,o_min,m066527_o_min_ord22_rk00013,-3.206992435892619,0.2662406461567889,-3.4732330820494077
OLS,o_min,m066528_o_min_ord22_rk00014,-3.509365025251613,0.2662406461567889,-3.775605671408402
OLS,o_min,m066529_o_min_ord22_rk00015,-13.65690593741914,0.2662406461567889,-13.923146583575928
OLS,o_min,m066530_o_min_ord22_rk00016,-7.309067001653487,0.2662406461567889,-7.575307647810276
OLS,o_min,m066531_o_min_ord22_rk00017,-11.91311119697421,0.2662406461567889,-12.179351843130998
OLS,o_min,m066532_o_min_ord22_rk00018,-2.559959922137373,0.2662406461567889,-2.8262005682941616
OLS,o_min,m066533_o_min_ord22_rk00019,-12.73253561937031,0.2662406461567889,-12.998776265527098
OLS,o_min,m066534_o_min_ord22_rk00020,-4.059151174300504,0.2662406461567889,-4.325391820457293
OLS,o_min,m067515_o_min_ord23_rk00001,-12.23202578777033,0.2662406461567889,-12.498266433927117
OLS,o_min,m067516_o_min_ord23_rk00002,-10.51145739007623,0.2662406461567889,-10.777698036233017
OLS,o_min,m067517_o_min_ord23_rk00003,-10.18025014019925,0.2662406461567889,-10.446490786356039
OLS,o_min,m067518_o_min_ord23_rk00004,-12.32587137203111,0.2662406461567889,-12.592112018187898
OLS,o_min,m067519_o_min_ord23_rk00005,-6.216057572733563,0.2662406461567889,-6.482298218890352
OLS,o_min,m067520_o_min_ord23_rk00006,-12.22251128708108,0.2662406461567889,-12.488751933237868
OLS,o_min,m067521_o_min_ord23_rk00007,-14.36564277453902,0.2662406461567889,-14.631883420695809
OLS,o_min,m067522_o_min_ord23_rk00008,-2.491983153567534,0.2662406461567889,-2.758223799724323
OLS,o_min,m067523_o_min_ord23_rk00009,-11.26071846490849,0.2662406461567889,-11.526959111065278
OLS,o_min,m067524_o_min_ord23_rk00010,-5.292083430957992,0.2662406461567889,-5.558324077114781
OLS,o_min,m067525_o_min_ord23_rk00011,-3.144172975090118,0.2662406461567889,-3.410413621246907
OLS,o_min,m067526_o_min_ord23_rk00012,-10.6672896528303,0.2662406461567889,-10.933530298987089
OLS,o_min,m067527_o_min_ord23_rk00013,-12.44121439158486,0.2662406461567889,-12.707455037741648
OLS,o_min,m067528_o_min_ord23_rk00014,-10.52377216821807,0.2662406461567889,-10.790012814374858
OLS,o_min,m067529_o_min_ord23_rk00015,-5.376762347829526,0.2662406461567889,-5.6430029939863156
OLS,o_min,m067530_o_min_ord23_rk00016,-7.918360454129825,0.2662406461567889,-8.184601100286613
OLS,o_min,m067531_o_min_ord23_rk00017,-9.292519115579308,0.2662406461567889,-9.558759761736097
OLS,o_min,m067532_o_min_ord23_rk00018,-5.712907831138365,0.2662406461567889,-5.979148477295154
OLS,o_min,m067533_o_min_ord23_rk00019,-7.059490991385006,0.2662406461567889,-7.325731637541796
OLS,o_min,m067534_o_min_ord23_rk00020,-5.433017097508649,0.2662406461567889,-5.699257743665438
OLS,o_min,m068515_o_min_ord24_rk00001,-12.98440650115104,0.2662406461567889,-13.250647147307829
OLS,o_min,m068516_o_min_ord24_rk00002,-11.69270921172703,0.2662406461567889,-11.958949857883818
OLS,o_min,m068517_o_min_ord24_rk00003,-10.66568027772439,0.2662406461567889,-10.931920923881178
OLS,o_min,m068518_o_min_ord24_rk00004,-10.99401103391272,0.2662406461567889,-11.260251680069508
OLS,o_min,m068519_o_min_ord24_rk00005,-7.471476377356677,0.2662406461567889,-7.737717023513466
OLS,o_min,m068520_o_min_ord24_rk00006,-11.73966385284208,0.2662406461567889,-12.005904498998868
OLS,o_min,m068521_o_min_ord24_rk00007,-8.620817709686827,0.2662406461567889,-8.887058355843616
OLS,o_min,m068522_o_min_ord24_rk00008,-2.314951029618297,0.2662406461567889,-2.5811916757750857
OLS,o_min,m068523_o_min_ord24_rk00009,-6.340169445288349,0.2662406461567889,-6.606410091445138
OLS,o_min,m068524_o_min_ord24_rk00010,-10.1187244957877,0.2662406461567889,-10.384965141944487
OLS,o_min,m068525_o_min_ord24_rk00011,-12.19782922025439,0.2662406461567889,-12.464069866411178
OLS,o_min,m068526_o_min_ord24_rk00012,-6.089300118165499,0.2662406461567889,-6.3555407643222885
OLS,o_min,m068527_o_min_ord24_rk00013,-5.582028197495012,0.2662406461567889,-5.848268843651801
OLS,o_min,m068528_o_min_ord24_rk00014,-2.308390601927185,0.2662406461567889,-2.574631248083974
OLS,o_min,m068529_o_min_ord24_rk00015,-6.503134003982729,0.2662406461567889,-6.769374650139518
OLS,o_min,m068530_o_min_ord24_rk00016,-11.53984945317957,0.2662406461567889,-11.806090099336359
OLS,o_min,m068531_o_min_ord24_rk00017,-9.047358731632192,0.2662406461567889,-9.31359937778898
OLS,o_min,m068532_o_min_ord24_rk00018,-3.439287936226168,0.2662406461567889,-3.7055285823829567
OLS,o_min,m068533_o_min_ord24_rk00019,-12.50848641737869,0.2662406461567889,-12.774727063535478
OLS,o_min,m068534_o_min_ord24_rk00020,-9.454311436059472,0.2662406461567889,-9.72055208221626
OLS,o_min,m069515_o_min_ord25_rk00001,-12.52147010932117,0.2662406461567889,-12.787710755477958
OLS,o_min,m069516_o_min_ord25_rk00002,-10.30584096305392,0.2662406461567889,-10.572081609210707
OLS,o_min,m069517_o_min_ord25_rk00003,-12.99344712534391,0.2662406461567889,-13.259687771500698
OLS,o_min,m069518_o_min_ord25_rk00004,-2.185358321893371,0.2662406461567889,-2.4515989680501598
OLS,o_min,m069519_o_min_ord25_rk00005,-11.31531562419179,0.2662406461567889,-11.581556270348578
OLS,o_min,m069520_o_min_ord25_rk00006,-10.24930669955819,0.2662406461567889,-10.515547345714978
OLS,o_min,m069521_o_min_ord25_rk00007,-11.08566601822803,0.2662406461567889,-11.351906664384819
OLS,o_min,m069522_o_min_ord25_rk00008,-9.790684131569504,0.2662406461567889,-10.056924777726293
OLS,o_min,m069523_o_min_ord25_rk00009,-11.35224824770352,0.2662406461567889,-11.618488893860308
OLS,o_min,m069524_o_min_ord25_rk00010,-10.34700096414612,0.2662406461567889,-10.613241610302909
OLS,o_min,m069525_o_min_ord25_rk00011,-11.67980951605572,0.2662406461567889,-11.946050162212508
OLS,o_min,m069526_o_min_ord25_rk00012,-5.623579056529335,0.2662406461567889,-5.8898197026861245
OLS,o_min,m069527_o_min_ord25_rk00013,-6.249921005155006,0.2662406461567889,-6.516161651311795
OLS,o_min,m069528_o_min_ord25_rk00014,-6.972328960451659,0.2662406461567889,-7.238569606608448
OLS,o_min,m069529_o_min_ord25_rk00015,-11.21910361172837,0.2662406461567889,-11.485344257885158
OLS,o_min,m069530_o_min_ord25_rk00016,-1.853773643659308,0.2662406461567889,-2.1200142898160967
OLS,o_min,m069531_o_min_ord25_rk00017,-10.65057098388875,0.2662406461567889,-10.916811630045538
OLS,o_min,m069532_o_min_ord25_rk00018,-11.03209660302765,0.2662406461567889,-11.298337249184438
OLS,o_min,m069533_o_min_ord25_rk00019,-8.002567120918364,0.2662406461567889,-8.268807767075153
OLS,o_min,m069534_o_min_ord25_rk00020,-11.63769655926361,0.2662406461567889,-11.903937205420398
OLS,o_min,m070515_o_min_ord26_rk00001,-12.4369402435932,0.2662406461567889,-12.703180889749989
OLS,o_min,m070516_o_min_ord26_rk00002,-11.22049935411587,0.2662406461567889,-11.486740000272658
OLS,o_min,m070517_o_min_ord26_rk00003,-10.24845472967446,0.2662406461567889,-10.514695375831248
OLS,o_min,m070518_o_min_ord26_rk00004,-11.31809104618386,0.2662406461567889,-11.584331692340648
OLS,o_min,m070519_o_min_ord26_rk00005,-11.71677719921243,0.2662406461567889,-11.983017845369218
OLS,o_min,m070520_o_min_ord26_rk00006,-10.5494435941112,0.2662406461567889,-10.815684240267988
OLS,o_min,m070521_o_min_ord26_rk00007,-12.50013479234218,0.2662406461567889,-12.766375438498969
OLS,o_min,m070522_o_min_ord26_rk00008,-7.499298194259426,0.2662406461567889,-7.765538840416215
OLS,o_min,m070523_o_min_ord26_rk00009,-13.081506104076,0.2662406461567889,-13.347746750232789
OLS,o_min,m070524_o_min_ord26_rk00010,-11.66810943132595,0.2662406461567889,-11.934350077482739
OLS,o_min,m070525_o_min_ord26_rk00011,-10.8317031150635,0.2662406461567889,-11.097943761220288
OLS,o_min,m070526_o_min_ord26_rk00012,-11.61595658733665,0.2662406461567889,-11.882197233493438
OLS,o_min,m070527_o_min_ord26_rk00013,-13.69886903223816,0.2662406461567889,-13.965109678394949
OLS,o_min,m070528_o_min_ord26_rk00014,-13.39528342258748,0.2662406461567889,-13.661524068744269
OLS,o_min,m070529_o_min_ord26_rk00015,-10.23202097826585,0.2662406461567889,-10.49826162442264
OLS,o_min,m070530_o_min_ord26_rk00016,-13.92367273784806,0.2662406461567889,-14.189913384004848
OLS,o_min,m070531_o_min_ord26_rk00017,-3.453436986197373,0.2662406461567889,-3.719677632354162
OLS,o_min,m070532_o_min_ord26_rk00018,-11.82231880605518,0.2662406461567889,-12.088559452211967
OLS,o_min,m070533_o_min_ord26_rk00019,-10.0073926881855,0.2662406461567889,-10.27363333434229
OLS,o_min,m070534_o_min_ord26_rk00020,-11.13863709115089,0.2662406461567889,-11.404877737307679
OLS,o_min,m071515_o_min_ord27_rk00001,-10.49711765730928,0.2662406461567889,-10.763358303466068
OLS,o_min,m071516_o_min_ord27_rk00002,-12.51500862118352,0.2662406461567889,-12.781249267340309
OLS,o_min,m071517_o_min_ord27_rk00003,-11.5344076345677,0.2662406461567889,-11.800648280724488
OLS,o_min,m071518_o_min_ord27_rk00004,-13.12444747626855,0.2662406461567889,-13.390688122425338
OLS,o_min,m071519_o_min_ord27_rk00005,-11.6618216466234,0.2662406461567889,-11.928062292780188
OLS,o_min,m071520_o_min_ord27_rk00006,-10.79187263626982,0.2662406461567889,-11.058113282426609
OLS,o_min,m071521_o_min_ord27_rk00007,-3.163234254355165,0.2662406461567889,-3.429474900511954
OLS,o_min,m071522_o_min_ord27_rk00008,-5.810717707522806,0.2662406461567889,-6.076958353679595
OLS,o_min,m071523_o_min_ord27_rk00009,-4.447540061627499,0.2662406461567889,-4.713780707784288
OLS,o_min,m071524_o_min_ord27_rk00010,-8.085323043735935,0.2662406461567889,-8.351563689892723
OLS,o_min,m071525_o_min_ord27_rk00011,-13.57787265466372,0.2662406461567889,-13.844113300820508
OLS,o_min,m071526_o_min_ord27_rk00012,-11.01857164172683,0.2662406461567889,-11.284812287883618
OLS,o_min,m071527_o_min_ord27_rk00013,-17.24694979491561,0.2662406461567889,-17.5131904410724
OLS,o_min,m071528_o_min_ord27_rk00014,-11.98202263536308,0.2662406461567889,-12.248263281519868
OLS,o_min,m071529_o_min_ord27_rk00015,-1.862199218409842,0.2662406461567889,-2.128439864566631
OLS,o_min,m071530_o_min_ord27_rk00016,-13.08076411894539,0.2662406461567889,-13.347004765102179
OLS,o_min,m071531_o_min_ord27_rk00017,-11.59979362102432,0.2662406461567889,-11.866034267181108
OLS,o_min,m071532_o_min_ord27_rk00018,-12.66224217085075,0.2662406461567889,-12.928482817007538
OLS,o_min,m071533_o_min_ord27_rk00019,-11.25818383038089,0.2662406461567889,-11.524424476537678
OLS,o_min,m071534_o_min_ord27_rk00020,-10.26297174073311,0.2662406461567889,-10.529212386889899
OLS,o_min,m072515_o_min_ord28_rk00001,-2.113832157021593,0.2662406461567889,-2.3800728031783818
OLS,o_min,m072516_o_min_ord28_rk00002,-10.95750739495796,0.2662406461567889,-11.223748041114748
OLS,o_min,m072517_o_min_ord28_rk00003,-12.14204225140635,0.2662406461567889,-12.408282897563138
OLS,o_min,m072518_o_min_ord28_rk00004,-15.21683864075403,0.2662406461567889,-15.483079286910819
OLS,o_min,m072519_o_min_ord28_rk00005,-4.54885179460964,0.2662406461567889,-4.8150924407664295
OLS,o_min,m072520_o_min_ord28_rk00006,-11.16929096640718,0.2662406461567889,-11.435531612563969
OLS,o_min,m072521_o_min_ord28_rk00007,-11.06963250647954,0.2662406461567889,-11.335873152636328
OLS,o_min,m072522_o_min_ord28_rk00008,-2.310614239016278,0.2662406461567889,-2.576854885173067
OLS,o_min,m072523_o_min_ord28_rk00009,-9.891470417416684,0.2662406461567889,-10.157711063573473
OLS,o_min,m072524_o_min_ord28_rk00010,-13.90658632686582,0.2662406461567889,-14.172826973022609
OLS,o_min,m072525_o_min_ord28_rk00011,-12.50296531186095,0.2662406461567889,-12.769205958017738
OLS,o_min,m072526_o_min_ord28_rk00012,-16.9258945630146,0.2662406461567889,-17.19213520917139
OLS,o_min,m072527_o_min_ord28_rk00013,-1.844257145339564,0.2662406461567889,-2.110497791496353
OLS,o_min,m072528_o_min_ord28_rk00014,-1.947418540168288,0.2662406461567889,-2.213659186325077
OLS,o_min,m072529_o_min_ord28_rk00015,-12.56244503112826,0.2662406461567889,-12.828685677285048
OLS,o_min,m072530_o_min_ord28_rk00016,-1.975960810386499,0.2662406461567889,-2.2422014565432877
OLS,o_min,m072531_o_min_ord28_rk00017,-10.97043341709903,0.2662406461567889,-11.236674063255819
OLS,o_min,m072532_o_min_ord28_rk00018,-17.11617631610237,0.2662406461567889,-17.382416962259157
OLS,o_min,m072533_o_min_ord28_rk00019,-10.38608425692142,0.2662406461567889,-10.652324903078208
OLS,o_min,m072534_o_min_ord28_rk00020,-10.59462889615918,0.2662406461567889,-10.86086954231597
OLS,o_min,m073515_o_min_ord29_rk00001,-13.14342511352335,0.2662406461567889,-13.409665759680138
OLS,o_min,m073516_o_min_ord29_rk00002,-2.216894262310837,0.2662406461567889,-2.4831349084676257
OLS,o_min,m073517_o_min_ord29_rk00003,-4.782563384842658,0.2662406461567889,-5.048804030999447
OLS,o_min,m073518_o_min_ord29_rk00004,-10.09401736415216,0.2662406461567889,-10.360258010308948
OLS,o_min,m073519_o_min_ord29_rk00005,-15.59724578684732,0.2662406461567889,-15.863486433004109
OLS,o_min,m073520_o_min_ord29_rk00006,-2.168526815180463,0.2662406461567889,-2.434767461337252
OLS,o_min,m073521_o_min_ord29_rk00007,-14.44785813216805,0.2662406461567889,-14.71409877832484
OLS,o_min,m073522_o_min_ord29_rk00008,-2.092026369045766,0.2662406461567889,-2.358267015202555
OLS,o_min,m073523_o_min_ord29_rk00009,-10.81882778005509,0.2662406461567889,-11.085068426211878
OLS,o_min,m073524_o_min_ord29_rk00010,-11.87206430636977,0.2662406461567889,-12.138304952526559
OLS,o_min,m073525_o_min_ord29_rk00011,-2.553953043906616,0.2662406461567889,-2.820193690063405
OLS,o_min,m073526_o_min_ord29_rk00012,-2.477940321488238,0.2662406461567889,-2.744180967645027
OLS,o_min,m073527_o_min_ord29_rk00013,-13.31694475151277,0.2662406461567889,-13.583185397669558
OLS,o_min,m073528_o_min_ord29_rk00014,-10.93915432818622,0.2662406461567889,-11.205394974343008
OLS,o_min,m073529_o_min_ord29_rk00015,-1.978842928220268,0.2662406461567889,-2.2450835743770567
OLS,o_min,m073530_o_min_ord29_rk00016,-2.329495110954522,0.2662406461567889,-2.595735757111311
OLS,o_min,m073531_o_min_ord29_rk00017,-11.75977210931001,0.2662406461567889,-12.026012755466798
OLS,o_min,m073532_o_min_ord29_rk00018,-11.2897528082545,0.2662406461567889,-11.555993454411288
OLS,o_min,m073533_o_min_ord29_rk00019,-12.44715234088283,0.2662406461567889,-12.713392987039619
OLS,o_min,m073534_o_min_ord29_rk00020,-16.98631341659569,0.2662406461567889,-17.252554062752477
OLS,o_min,m074515_o_min_ord30_rk00001,-1.932705162420429,0.2662406461567889,-2.1989458085772178
OLS,o_min,m074516_o_min_ord30_rk00002,-12.38403584821949,0.2662406461567889,-12.650276494376278
OLS,o_min,m074517_o_min_ord30_rk00003,-2.437644320726013,0.2662406461567889,-2.7038849668828018
OLS,o_min,m074518_o_min_ord30_rk00004,-17.31792010906613,0.2662406461567889,-17.584160755222918
OLS,o_min,m074519_o_min_ord30_rk00005,-2.534947789305258,0.2662406461567889,-2.8011884354620467
OLS,o_min,m074520_o_min_ord30_rk00006,-15.45331631962236,0.2662406461567889,-15.719556965779148
OLS,o_min,m074521_o_min_ord30_rk00007,-11.10951852128761,0.2662406461567889,-11.375759167444398
OLS,o_min,m074522_o_min_ord30_rk00008,-10.78800337391458,0.2662406461567889,-11.05424402007137
OLS,o_min,m074523_o_min_ord30_rk00009,-12.16431481617358,0.2662406461567889,-12.430555462330368
OLS,o_min,m074524_o_min_ord30_rk00010,-12.5604784919456,0.2662406461567889,-12.826719138102389
OLS,o_min,m074525_o_min_ord30_rk00011,-2.078535524492512,0.2662406461567889,-2.344776170649301
OLS,o_min,m074526_o_min_ord30_rk00012,-9.890552174560298,0.2662406461567889,-10.156792820717087
OLS,o_min,m074527_o_min_ord30_rk00013,-20.07875838810186,0.2662406461567889,-20.34499903425865
OLS,o_min,m074528_o_min_ord30_rk00014,-18.57533722657246,0.2662406461567889,-18.84157787272925
OLS,o_min,m074529_o_min_ord30_rk00015,-2.000797024658905,0.2662406461567889,-2.267037670815694
OLS,o_min,m074530_o_min_ord30_rk00016,-5.770738984457648,0.2662406461567889,-6.036979630614438
OLS,o_min,m074531_o_min_ord30_rk00017,-14.20152497598641,0.2662406461567889,-14.4677656221432
OLS,o_min,m074532_o_min_ord30_rk00018,-23.86623524220742,0.2662406461567889,-24.13247588836421
OLS,o_min,m074533_o_min_ord30_rk00019,-13.65495014494743,0.2662406461567889,-13.921190791104218
OLS,o_min,m074534_o_min_ord30_rk00020,-9.935840196153158,0.2662406461567889,-10.202080842309947
d1,o_min,m047515_o_min_ord3_rk00001,0.2450657384274305,0.2739191082716351,-0.028853369844204613
d1,o_min,m047516_o_min_ord3_rk00002,0.2889078390627936,0.2739191082716351,0.014988730791158478
d1,o_min,m047517_o_min_ord3_rk00003,0.2935950406824168,0.2739191082716351,0.019675932410781694
d1,o_min,m047518_o_min_ord3_rk00004,0.2871576435652512,0.2739191082716351,0.013238535293616072
d1,o_min,m047519_o_min_ord3_rk00005,0.243144714949214,0.2739191082716351,-0.03077439332242113
d1,o_min,m047520_o_min_ord3_rk00006,0.2325078737217881,0.2739191082716351,-0.04141123454984702
d1,o_min,m047521_o_min_ord3_rk00007,0.2757368139058456,0.2739191082716351,0.0018177056342104647
d1,o_min,m047522_o_min_ord3_rk00008,0.2892331006162951,0.2739191082716351,0.015313992344659966
d1,o_min,m047523_o_min_ord3_rk00009,0.2960263781073798,0.2739191082716351,0.02210726983574468
d1,o_min,m047524_o_min_ord3_rk00010,0.2781615104606999,0.2739191082716351,0.004242402189064798
d1,o_min,m047525_o_min_ord3_rk00011,0.2980557212867,0.2739191082716351,0.024136613015064867
d1,o_min,m047526_o_min_ord3_rk00012,0.2238855310200592,0.2739191082716351,-0.05003357725157592
d1,o_min,m047527_o_min_ord3_rk00013,0.2747539286931698,0.2739191082716351,0.0008348204215346544
d1,o_min,m047528_o_min_ord3_rk00014,0.232909128477438,0.2739191082716351,-0.04100997979419713
d1,o_min,m047529_o_min_ord3_rk00015,0.2925412391690744,0.2739191082716351,0.01862213089743925
d1,o_min,m047530_o_min_ord3_rk00016,0.2865928430369298,0.2739191082716351,0.012673734765294653
d1,o_min,m047531_o_min_ord3_rk00017,0.2562824341332984,0.2739191082716351,-0.01763667413833675
d1,o_min,m047532_o_min_ord3_rk00018,0.2953777705234113,0.2739191082716351,0.021458662251776173
d1,o_min,m047533_o_min_ord3_rk00019,0.2657079733192202,0.2739191082716351,-0.008211134952414934
d1,o_min,m047534_o_min_ord3_rk00020,0.2943522350896572,0.2739191082716351,0.020433126818022063
d1,o_min,m048515_o_min_ord4_rk00001,0.2442837783393094,0.2739191082716351,-0.029635329932325732
d1,o_min,m048516_o_min_ord4_rk00002,0.2986122795068687,0.2739191082716351,0.02469317123523357
d1,o_min,m048517_o_min_ord4_rk00003,0.2546091303410362,0.2739191082716351,-0.01930997793059891
d1,o_min,m048518_o_min_ord4_rk00004,0.2485268053506912,0.2739191082716351,-0.025392302920943938
d1,o_min,m048519_o_min_ord4_rk00005,0.3052554859244157,0.2739191082716351,0.03133637765278058
d1,o_min,m048520_o_min_ord4_rk00006,0.2179308129760063,0.2739191082716351,-0.05598829529562882
d1,o_min,m048521_o_min_ord4_rk00007,0.2894453610526003,0.2739191082716351,0.0155262527809652
d1,o_min,m048522_o_min_ord4_rk00008,0.2917059684820401,0.2739191082716351,0.017786860210404987
d1,o_min,m048523_o_min_ord4_rk00009,0.2525007484278828,0.2739191082716351,-0.021418359843752344
d1,o_min,m048524_o_min_ord4_rk00010,0.2830158132857867,0.2739191082716351,0.009096705014151552
d1,o_min,m048525_o_min_ord4_rk00011,0.1998778092638697,0.2739191082716351,-0.07404129900776543
d1,o_min,m048526_o_min_ord4_rk00012,0.2558219812505632,0.2739191082716351,-0.018097127021071913
d1,o_min,m048527_o_min_ord4_rk00013,0.2736178974089739,0.2739191082716351,-0.00030121086266121644
d1,o_min,m048528_o_min_ord4_rk00014,0.2360697869883185,0.2739191082716351,-0.03784932128331664
d1,o_min,m048529_o_min_ord4_rk00015,0.22642302285259,0.2739191082716351,-0.047496085419045125
d1,o_min,m048530_o_min_ord4_rk00016,0.2653848452079583,0.2739191082716351,-0.008534263063676828
d1,o_min,m048531_o_min_ord4_rk00017,0.2636049000137531,0.2739191082716351,-0.01031420825788204
d1,o_min,m048532_o_min_ord4_rk00018,0.3004806072929472,0.2739191082716351,0.02656149902131205
d1,o_min,m048533_o_min_ord4_rk00019,0.2602940270681457,0.2739191082716351,-0.01362508120348943
d1,o_min,m048534_o_min_ord4_rk00020,0.2937648914189102,0.2739191082716351,0.019845783147275087
d1,o_min,m049515_o_min_ord5_rk00001,0.3024013296853164,0.2739191082716351,0.028482221413681286
d1,o_min,m049516_o_min_ord5_rk00002,0.2524873021949775,0.2739191082716351,-0.021431806076657622
d1,o_min,m049517_o_min_ord5_rk00003,0.2304134028313607,0.2739191082716351,-0.043505705440274434
d1,o_min,m049518_o_min_ord5_rk00004,0.2457669900020066,0.2739191082716351,-0.028152118269628518
d1,o_min,m049519_o_min_ord5_rk00005,0.2487745329670635,0.2739191082716351,-0.02514457530457162
d1,o_min,m049520_o_min_ord5_rk00006,0.2499021186146242,0.2739191082716351,-0.024016989657010934
d1,o_min,m049521_o_min_ord5_rk00007,0.2309143888384717,0.2739191082716351,-0.04300471943316342
d1,o_min,m049522_o_min_ord5_rk00008,0.2462123033863386,0.2739191082716351,-0.027706804885296532
d1,o_min,m049523_o_min_ord5_rk00009,0.2987232018751727,0.2739191082716351,0.02480409360353758
d1,o_min,m049524_o_min_ord5_rk00010,0.2101410706794477,0.2739191082716351,-0.06377803759218742
d1,o_min,m049525_o_min_ord5_rk00011,0.2489942859513561,0.2739191082716351,-0.02492482232027904
d1,o_min,m049526_o_min_ord5_rk00012,0.2489621858557749,0.2739191082716351,-0.024956922415860228
d1,o_min,m049527_o_min_ord5_rk00013,0.2703225368671647,0.2739191082716351,-0.00359657140447045
d1,o_min,m049528_o_min_ord5_rk00014,0.2947130285322362,0.2739191082716351,0.020793920260601062
d1,o_min,m049529_o_min_ord5_rk00015,0.2144732952452656,0.2739191082716351,-0.05944581302636953
d1,o_min,m049530_o_min_ord5_rk00016,0.3030931988286864,0.2739191082716351,0.02917409055705128
d1,o_min,m049531_o_min_ord5_rk00017,0.3080157569439986,0.2739191082716351,0.03409664867236345
d1,o_min,m049532_o_min_ord5_rk00018,0.2565652263596198,0.2739191082716351,-0.017353881912015312
d1,o_min,m049533_o_min_ord5_rk00019,0.2495438720566147,0.2739191082716351,-0.024375236215020413
d1,o_min,m049534_o_min_ord5_rk00020,0.2629202302188667,0.2739191082716351,-0.010998878052768446
d1,o_min,m050515_o_min_ord6_rk00001,0.2959050516148154,0.2739191082716351,0.02198594334318027
d1,o_min,m050516_o_min_ord6_rk00002,0.2805996910144752,0.2739191082716351,0.006680582742840058
d1,o_min,m050517_o_min_ord6_rk00003,0.2399290064477175,0.2739191082716351,-0.03399010182391762
d1,o_min,m050518_o_min_ord6_rk00004,0.2806773245958402,0.2739191082716351,0.006758216324205091
d1,o_min,m050519_o_min_ord6_rk00005,0.2794908143635154,0.2739191082716351,0.005571706091880291
d1,o_min,m050520_o_min_ord6_rk00006,0.2581607690334502,0.2739191082716351,-0.015758339238184926
d1,o_min,m050521_o_min_ord6_rk00007,0.3113731341095457,0.2739191082716351,0.037454025837910576
d1,o_min,m050522_o_min_ord6_rk00008,0.2556588056905359,0.2739191082716351,-0.01826030258109923
d1,o_min,m050523_o_min_ord6_rk00009,0.3050756374169052,0.2739191082716351,0.031156529145270062
d1,o_min,m050524_o_min_ord6_rk00010,0.2956433846044339,0.2739191082716351,0.021724276332798775
d1,o_min,m050525_o_min_ord6_rk00011,0.3021675965837498,0.2739191082716351,0.028248488312114683
d1,o_min,m050526_o_min_ord6_rk00012,0.3087169011075507,0.2739191082716351,0.03479779283591555
d1,o_min,m050527_o_min_ord6_rk00013,0.2759480004344518,0.2739191082716351,0.0020288921628166534
d1,o_min,m050528_o_min_ord6_rk00014,0.2958529387409843,0.2739191082716351,0.021933830469349158
d1,o_min,m050529_o_min_ord6_rk00015,0.2792501277078889,0.2739191082716351,0.005331019436253748
d1,o_min,m050530_o_min_ord6_rk00016,0.279111026400242,0.2739191082716351,0.005191918128606865
d1,o_min,m050531_o_min_ord6_rk00017,0.2507563161897461,0.2739191082716351,-0.02316279208188904
d1,o_min,m050532_o_min_ord6_rk00018,0.2476601438483403,0.2739191082716351,-0.02625896442329484
d1,o_min,m050533_o_min_ord6_rk00019,0.2964784611359516,0.2739191082716351,0.022559352864316484
d1,o_min,m050534_o_min_ord6_rk00020,0.2991220064265446,0.2739191082716351,0.025202898154909448
d1,o_min,m051515_o_min_ord7_rk00001,0.2892521298855495,0.2739191082716351,0.015333021613914366
d1,o_min,m051516_o_min_ord7_rk00002,0.2918886825871473,0.2739191082716351,0.01796957431551216
d1,o_min,m051517_o_min_ord7_rk00003,0.3000353482181565,0.2739191082716351,0.026116239946521347
d1,o_min,m051518_o_min_ord7_rk00004,0.2364421448982202,0.2739191082716351,-0.03747696337341491
d1,o_min,m051519_o_min_ord7_rk00005,0.2911276029021244,0.2739191082716351,0.01720849463048929
d1,o_min,m051520_o_min_ord7_rk00006,0.2397796171319287,0.2739191082716351,-0.034139491139706435
d1,o_min,m051521_o_min_ord7_rk00007,0.2897801648770414,0.2739191082716351,0.015861056605406265
d1,o_min,m051522_o_min_ord7_rk00008,0.2879214379143154,0.2739191082716351,0.014002329642680278
d1,o_min,m051523_o_min_ord7_rk00009,0.3105015611567819,0.2739191082716351,0.03658245288514678
d1,o_min,m051524_o_min_ord7_rk00010,0.2409496989868228,0.2739191082716351,-0.03296940928481232
d1,o_min,m051525_o_min_ord7_rk00011,0.2568010728633689,0.2739191082716351,-0.01711803540826623
d1,o_min,m051526_o_min_ord7_rk00012,0.2891516872608765,0.2739191082716351,0.015232578989241352
d1,o_min,m051527_o_min_ord7_rk00013,0.2453980480120765,0.2739191082716351,-0.02852106025955864
d1,o_min,m051528_o_min_ord7_rk00014,0.2406849248015171,0.2739191082716351,-0.03323418347011803
d1,o_min,m051529_o_min_ord7_rk00015,0.2871094987657975,0.2739191082716351,0.013190390494162374
d1,o_min,m051530_o_min_ord7_rk00016,0.260087628072026,0.2739191082716351,-0.013831480199609114
d1,o_min,m051531_o_min_ord7_rk00017,0.2499448452682326,0.2739191082716351,-0.023974263003402524
d1,o_min,m051532_o_min_ord7_rk00018,0.3043954802036538,0.2739191082716351,0.030476371932018687
d1,o_min,m051533_o_min_ord7_rk00019,0.2911428901568865,0.2739191082716351,0.017223781885251366
d1,o_min,m051534_o_min_ord7_rk00020,0.285663856578675,0.2739191082716351,0.011744748307039865
d1,o_min,m052515_o_min_ord8_rk00001,0.2964599372897213,0.2739191082716351,0.022540829018086184
d1,o_min,m052516_o_min_ord8_rk00002,0.285459815068607,0.2739191082716351,0.011540706796971889
d1,o_min,m052517_o_min_ord8_rk00003,0.2994670866361615,0.2739191082716351,0.02554797836452638
d1,o_min,m052518_o_min_ord8_rk00004,0.2007067161082251,0.2739191082716351,-0.07321239216341002
d1,o_min,m052519_o_min_ord8_rk00005,0.2761629083666725,0.2739191082716351,0.002243800095037385
d1,o_min,m052520_o_min_ord8_rk00006,0.2999860780543233,0.2739191082716351,0.026066969782688187
d1,o_min,m052521_o_min_ord8_rk00007,0.2452481908623562,0.2739191082716351,-0.028670917409278934
d1,o_min,m052522_o_min_ord8_rk00008,0.299768879789247,0.2739191082716351,0.025849771517611864
d1,o_min,m052523_o_min_ord8_rk00009,0.2292345211989468,0.2739191082716351,-0.044684587072688325
d1,o_min,m052524_o_min_ord8_rk00010,0.2445831479793071,0.2739191082716351,-0.029335960292328017
d1,o_min,m052525_o_min_ord8_rk00011,0.2999842960360114,0.2739191082716351,0.026065187764376274
d1,o_min,m052526_o_min_ord8_rk00012,0.2862851378133172,0.2739191082716351,0.012366029541682089
d1,o_min,m052527_o_min_ord8_rk00013,0.2865221865778454,0.2739191082716351,0.01260307830621027
d1,o_min,m052528_o_min_ord8_rk00014,0.2887012988951664,0.2739191082716351,0.014782190623531255
d1,o_min,m052529_o_min_ord8_rk00015,0.2310659604883759,0.2739191082716351,-0.042853147783259216
d1,o_min,m052530_o_min_ord8_rk00016,0.2361051470445434,0.2739191082716351,-0.037813961227091714
d1,o_min,m052531_o_min_ord8_rk00017,0.2381319111574932,0.2739191082716351,-0.03578719711414194
d1,o_min,m052532_o_min_ord8_rk00018,0.2348990183362121,0.2739191082716351,-0.039020089935423025
d1,o_min,m052533_o_min_ord8_rk00019,0.2788713658133097,0.2739191082716351,0.004952257541674554
d1,o_min,m052534_o_min_ord8_rk00020,0.2807931487196713,0.2739191082716351,0.006874040448036189
d1,o_min,m053515_o_min_ord9_rk00001,0.2817943978333862,0.2739191082716351,0.007875289561751098
d1,o_min,m053516_o_min_ord9_rk00002,0.2139034716325371,0.2739191082716351,-0.060015636639098036
d1,o_min,m053517_o_min_ord9_rk00003,0.296716945369662,0.2739191082716351,0.022797837098026852
d1,o_min,m053518_o_min_ord9_rk00004,0.2077301241631077,0.2739191082716351,-0.06618898410852742
d1,o_min,m053519_o_min_ord9_rk00005,0.2977942509925764,0.2739191082716351,0.023875142720941267
d1,o_min,m053520_o_min_ord9_rk00006,0.2981498580945191,0.2739191082716351,0.02423074982288398
d1,o_min,m053521_o_min_ord9_rk00007,0.291836805486567,0.2739191082716351,0.01791769721493186
d1,o_min,m053522_o_min_ord9_rk00008,0.2272505953794198,0.2739191082716351,-0.046668512892215325
d1,o_min,m053523_o_min_ord9_rk00009,0.279062525018511,0.2739191082716351,0.005143416746875851
d1,o_min,m053524_o_min_ord9_rk00010,0.2748637028518044,0.2739191082716351,0.0009445945801692668
d1,o_min,m053525_o_min_ord9_rk00011,0.2880039382008308,0.2739191082716351,0.014084829929195686
d1,o_min,m053526_o_min_ord9_rk00012,0.2948274677879504,0.2739191082716351,0.020908359516315256
d1,o_min,m053527_o_min_ord9_rk00013,0.3021220490530505,0.2739191082716351,0.028202940781415387
d1,o_min,m053528_o_min_ord9_rk00014,0.2697444380202862,0.2739191082716351,-0.004174670251348933
d1,o_min,m053529_o_min_ord9_rk00015,0.3020183530706468,0.2739191082716351,0.028099244799011658
d1,o_min,m053530_o_min_ord9_rk00016,0.2988752751517037,0.2739191082716351,0.024956166880068575
d1,o_min,m053531_o_min_ord9_rk00017,0.2957150736864444,0.2739191082716351,0.02179596541480927
d1,o_min,m053532_o_min_ord9_rk00018,0.2019011725191074,0.2739191082716351,-0.07201793575252771
d1,o_min,m053533_o_min_ord9_rk00019,0.2973193671818522,0.2739191082716351,0.023400258910217075
d1,o_min,m053534_o_min_ord9_rk00020,0.2823795221282589,0.2739191082716351,0.008460413856623772
d1,o_min,m054515_o_min_ord10_rk00001,0.2166325696385933,0.2739191082716351,-0.05728653863304184
d1,o_min,m054516_o_min_ord10_rk00002,0.2887003205492197,0.2739191082716351,0.014781212277584554
d1,o_min,m054517_o_min_ord10_rk00003,0.2802505930840467,0.2739191082716351,0.006331484812411581
d1,o_min,m054518_o_min_ord10_rk00004,0.2259448137524896,0.2739191082716351,-0.04797429451914553
d1,o_min,m054519_o_min_ord10_rk00005,0.241528260592907,0.2739191082716351,-0.03239084767872813
d1,o_min,m054520_o_min_ord10_rk00006,0.2241713698491261,0.2739191082716351,-0.049747738422509014
d1,o_min,m054521_o_min_ord10_rk00007,0.2662605642796773,0.2739191082716351,-0.007658543991957811
d1,o_min,m054522_o_min_ord10_rk00008,0.2220665820303148,0.2739191082716351,-0.051852526241320335
d1,o_min,m054523_o_min_ord10_rk00009,0.2650640528053791,0.2739191082716351,-0.008855055466256034
d1,o_min,m054524_o_min_ord10_rk00010,0.2809668405427447,0.2739191082716351,0.0070477322711095525
d1,o_min,m054525_o_min_ord10_rk00011,0.2971200615126995,0.2739191082716351,0.02320095324106436
d1,o_min,m054526_o_min_ord10_rk00012,0.2931749590964435,0.2739191082716351,0.01925585082480835
d1,o_min,m054527_o_min_ord10_rk00013,0.2972175446604025,0.2739191082716351,0.023298436388767385
d1,o_min,m054528_o_min_ord10_rk00014,0.2842939450367914,0.2739191082716351,0.01037483676515627
d1,o_min,m054529_o_min_ord10_rk00015,0.2927024551026244,0.2739191082716351,0.018783346830989256
d1,o_min,m054530_o_min_ord10_rk00016,0.2726726907011845,0.2739191082716351,-0.0012464175704506308
d1,o_min,m054531_o_min_ord10_rk00017,0.2778868905652845,0.2739191082716351,0.003967782293649358
d1,o_min,m054532_o_min_ord10_rk00018,0.2344238095011064,0.2739191082716351,-0.039495298770528736
d1,o_min,m054533_o_min_ord10_rk00019,0.3051827789737177,0.2739191082716351,0.03126367070208258
d1,o_min,m054534_o_min_ord10_rk00020,0.2947430392092216,0.2739191082716351,0.0208239309375865
d1,o_min,m055515_o_min_ord11_rk00001,0.2122424449083032,0.2739191082716351,-0.06167666336333191
d1,o_min,m055516_o_min_ord11_rk00002,0.2728386420306948,0.2739191082716351,-0.0010804662409403254
d1,o_min,m055517_o_min_ord11_rk00003,0.2591559201107795,0.2739191082716351,-0.014763188160855645
d1,o_min,m055518_o_min_ord11_rk00004,0.2622054956119417,0.2739191082716351,-0.011713612659693451
d1,o_min,m055519_o_min_ord11_rk00005,0.2898175745526513,0.2739191082716351,0.015898466281016155
d1,o_min,m055520_o_min_ord11_rk00006,0.233692496377129,0.2739191082716351,-0.04022661189450613
d1,o_min,m055521_o_min_ord11_rk00007,0.2558021910318848,0.2739191082716351,-0.01811691723975034
d1,o_min,m055522_o_min_ord11_rk00008,0.1647848547408525,0.2739191082716351,-0.10913425353078263
d1,o_min,m055523_o_min_ord11_rk00009,0.2640753414833001,0.2739191082716351,-0.00984376678833504
d1,o_min,m055524_o_min_ord11_rk00010,0.296659137550217,0.2739191082716351,0.022740029278581875
d1,o_min,m055525_o_min_ord11_rk00011,0.2785216576505027,0.2739191082716351,0.00460254937886756
d1,o_min,m055526_o_min_ord11_rk00012,0.2840345396506269,0.2739191082716351,0.01011543137899179
d1,o_min,m055527_o_min_ord11_rk00013,0.2760962865798405,0.2739191082716351,0.002177178308205352
d1,o_min,m055528_o_min_ord11_rk00014,0.2080664188976052,0.2739191082716351,-0.06585268937402994
d1,o_min,m055529_o_min_ord11_rk00015,0.2069026523527014,0.2739191082716351,-0.06701645591893374
d1,o_min,m055530_o_min_ord11_rk00016,0.2243601738477126,0.2739191082716351,-0.049558934423922535
d1,o_min,m055531_o_min_ord11_rk00017,0.2066846280046953,0.2739191082716351,-0.06723448026693982
d1,o_min,m055532_o_min_ord11_rk00018,0.2244145083621082,0.2739191082716351,-0.049504599909526936
d1,o_min,m055533_o_min_ord11_rk00019,0.2563651708297134,0.2739191082716351,-0.01755393744192174
d1,o_min,m055534_o_min_ord11_rk00020,0.2936012781855853,0.2739191082716351,0.019682169913950165
d1,o_min,m056515_o_min_ord12_rk00001,0.2075133985658399,0.2739191082716351,-0.06640570970579524
d1,o_min,m056516_o_min_ord12_rk00002,0.2533701331725733,0.2739191082716351,-0.02054897509906184
d1,o_min,m056517_o_min_ord12_rk00003,0.2567419036879931,0.2739191082716351,-0.017177204583642025
d1,o_min,m056518_o_min_ord12_rk00004,0.2429349058914844,0.2739191082716351,-0.030984202380150733
d1,o_min,m056519_o_min_ord12_rk00005,0.2924899201175339,0.2739191082716351,0.01857081184589876
d1,o_min,m056520_o_min_ord12_rk00006,0.2444793952675704,0.2739191082716351,-0.029439713004064727
d1,o_min,m056521_o_min_ord12_rk00007,0.2273029611826267,0.2739191082716351,-0.046616147089008436
d1,o_min,m056522_o_min_ord12_rk00008,0.2011828060864547,0.2739191082716351,-0.07273630218518043
d1,o_min,m056523_o_min_ord12_rk00009,0.241472712661129,0.2739191082716351,-0.032446395610506135
d1,o_min,m056524_o_min_ord12_rk00010,0.2399178578982522,0.2739191082716351,-0.03400125037338292
d1,o_min,m056525_o_min_ord12_rk00011,0.2437562832426298,0.2739191082716351,-0.03016282502900533
d1,o_min,m056526_o_min_ord12_rk00012,0.2260302367010381,0.2739191082716351,-0.047888871570597014
d1,o_min,m056527_o_min_ord12_rk00013,0.2954674355719747,0.2739191082716351,0.021548327300339565
d1,o_min,m056528_o_min_ord12_rk00014,0.249079988198402,0.2739191082716351,-0.024839120073233134
d1,o_min,m056529_o_min_ord12_rk00015,0.2859347862775024,0.2739191082716351,0.01201567800586728
d1,o_min,m056530_o_min_ord12_rk00016,0.244284651433903,0.2739191082716351,-0.029634456837732137
d1,o_min,m056531_o_min_ord12_rk00017,0.281641145077589,0.2739191082716351,0.007722036805953847
d1,o_min,m056532_o_min_ord12_rk00018,0.2922270852446297,0.2739191082716351,0.018307976972994577
d1,o_min,m056533_o_min_ord12_rk00019,0.2504467930191593,0.2739191082716351,-0.02347231525247584
d1,o_min,m056534_o_min_ord12_rk00020,0.2770071026513597,0.2739191082716351,0.003087994379724568
d1,o_min,m057515_o_min_ord13_rk00001,0.1986489743239774,0.2739191082716351,-0.07527013394765772
d1,o_min,m057516_o_min_ord13_rk00002,0.2014055015904583,0.2739191082716351,-0.07251360668117682
d1,o_min,m057517_o_min_ord13_rk00003,0.2435793114994372,0.2739191082716351,-0.03033979677219792
d1,o_min,m057518_o_min_ord13_rk00004,0.218457957470873,0.2739191082716351,-0.05546115080076214
d1,o_min,m057519_o_min_ord13_rk00005,0.2339733299181977,0.2739191082716351,-0.03994577835343743
d1,o_min,m057520_o_min_ord13_rk00006,0.2278867289509958,0.2739191082716351,-0.04603237932063933
d1,o_min,m057521_o_min_ord13_rk00007,0.2429016082004096,0.2739191082716351,-0.03101750007122553
d1,o_min,m057522_o_min_ord13_rk00008,0.2479488720502287,0.2739191082716351,-0.02597023622140643
d1,o_min,m057523_o_min_ord13_rk00009,0.2278969333570367,0.2739191082716351,-0.046022174914598424
d1,o_min,m057524_o_min_ord13_rk00010,0.2627355403631539,0.2739191082716351,-0.01118356790848124
d1,o_min,m057525_o_min_ord13_rk00011,0.2913976573891098,0.2739191082716351,0.01747854911747465
d1,o_min,m057526_o_min_ord13_rk00012,0.2470955238795739,0.2739191082716351,-0.026823584392061228
d1,o_min,m057527_o_min_ord13_rk00013,0.2396434325829258,0.2739191082716351,-0.03427567568870932
d1,o_min,m057528_o_min_ord13_rk00014,0.2592007817770859,0.2739191082716351,-0.014718326494549239
d1,o_min,m057529_o_min_ord13_rk00015,0.2904004850821041,0.2739191082716351,0.016481376810468962
d1,o_min,m057530_o_min_ord13_rk00016,0.2310849269630965,0.2739191082716351,-0.04283418130853864
d1,o_min,m057531_o_min_ord13_rk00017,0.2858198066129113,0.2739191082716351,0.011900698341276161
d1,o_min,m057532_o_min_ord13_rk00018,0.23414151294157,0.2739191082716351,-0.03977759533006511
d1,o_min,m057533_o_min_ord13_rk00019,0.2417290628039974,0.2739191082716351,-0.032190045467637735
d1,o_min,m057534_o_min_ord13_rk00020,0.2872672954007236,0.2739191082716351,0.013348187129088473
d1,o_min,m058515_o_min_ord14_rk00001,0.2133005831270382,0.2739191082716351,-0.060618525144596924
d1,o_min,m058516_o_min_ord14_rk00002,0.2216851862635072,0.2739191082716351,-0.05223392200812793
d1,o_min,m058517_o_min_ord14_rk00003,0.2051129995589786,0.2739191082716351,-0.06880610871265652
d1,o_min,m058518_o_min_ord14_rk00004,0.2400762698538597,0.2739191082716351,-0.03384283841777544
d1,o_min,m058519_o_min_ord14_rk00005,0.2257420351687481,0.2739191082716351,-0.04817707310288702
d1,o_min,m058520_o_min_ord14_rk00006,0.2425182035543258,0.2739191082716351,-0.03140090471730933
d1,o_min,m058521_o_min_ord14_rk00007,0.2837219643941807,0.2739191082716351,0.009802856122545556
d1,o_min,m058522_o_min_ord14_rk00008,0.2074703807081772,0.2739191082716351,-0.06644872756345793
d1,o_min,m058523_o_min_ord14_rk00009,0.2645208803314816,0.2739191082716351,-0.009398227940153547
d1,o_min,m058524_o_min_ord14_rk00010,0.2238092434072989,0.2739191082716351,-0.05010986486433622
d1,o_min,m058525_o_min_ord14_rk00011,0.2337571323605645,0.2739191082716351,-0.040161975911070624
d1,o_min,m058526_o_min_ord14_rk00012,0.2760911834984003,0.2739191082716351,0.0021720752267651577
d1,o_min,m058527_o_min_ord14_rk00013,0.2967168298907949,0.2739191082716351,0.022797721619159772
d1,o_min,m058528_o_min_ord14_rk00014,0.289647037724822,0.2739191082716351,0.01572792945318685
d1,o_min,m058529_o_min_ord14_rk00015,0.2088980353994119,0.2739191082716351,-0.06502107287222322
d1,o_min,m058530_o_min_ord14_rk00016,0.2413569590219997,0.2739191082716351,-0.032562149249635436
d1,o_min,m058531_o_min_ord14_rk00017,0.2058727710260981,0.2739191082716351,-0.06804633724553702
d1,o_min,m058532_o_min_ord14_rk00018,0.2793281949467515,0.2739191082716351,0.005409086675116359
d1,o_min,m058533_o_min_ord14_rk00019,0.2377638706062632,0.2739191082716351,-0.03615523766537193
d1,o_min,m058534_o_min_ord14_rk00020,0.2919768048042687,0.2739191082716351,0.01805769653263356
d1,o_min,m059515_o_min_ord15_rk00001,0.2134789690674232,0.2739191082716351,-0.06044013920421193
d1,o_min,m059516_o_min_ord15_rk00002,0.2867187631679628,0.2739191082716351,0.012799654896327672
d1,o_min,m059517_o_min_ord15_rk00003,0.2252596223571518,0.2739191082716351,-0.048659485914483325
d1,o_min,m059518_o_min_ord15_rk00004,0.2912869127585216,0.2739191082716351,0.017367804486886462
d1,o_min,m059519_o_min_ord15_rk00005,0.2244855606889394,0.2739191082716351,-0.04943354758269572
d1,o_min,m059520_o_min_ord15_rk00006,0.2195320643696284,0.2739191082716351,-0.054387043902006715
d1,o_min,m059521_o_min_ord15_rk00007,0.2892478379049022,0.2739191082716351,0.01532872963326709
d1,o_min,m059522_o_min_ord15_rk00008,0.27798108710456,0.2739191082716351,0.004061978832924862
d1,o_min,m059523_o_min_ord15_rk00009,0.2814955776047808,0.2739191082716351,0.007576469333145652
d1,o_min,m059524_o_min_ord15_rk00010,0.2268077410046486,0.2739191082716351,-0.04711136726698653
d1,o_min,m059525_o_min_ord15_rk00011,0.2098280521898781,0.2739191082716351,-0.06409105608175703
d1,o_min,m059526_o_min_ord15_rk00012,0.2877554508116496,0.2739191082716351,0.013836342540014479
d1,o_min,m059527_o_min_ord15_rk00013,0.244314913882928,0.2739191082716351,-0.029604194388707122
d1,o_min,m059528_o_min_ord15_rk00014,0.2811675401828778,0.2739191082716351,0.007248431911242692
d1,o_min,m059529_o_min_ord15_rk00015,0.2480296062991501,0.2739191082716351,-0.02588950197248502
d1,o_min,m059530_o_min_ord15_rk00016,0.2469203542357045,0.2739191082716351,-0.026998754035930633
d1,o_min,m059531_o_min_ord15_rk00017,0.2217978919902495,0.2739191082716351,-0.052121216281385635
d1,o_min,m059532_o_min_ord15_rk00018,0.2826606248591515,0.2739191082716351,0.008741516587516374
d1,o_min,m059533_o_min_ord15_rk00019,0.2158242241813285,0.2739191082716351,-0.05809488409030664
d1,o_min,m059534_o_min_ord15_rk00020,0.2963920659515816,0.2739191082716351,0.022472957679946448
d1,o_min,m060515_o_min_ord16_rk00001,0.2943610001333292,0.2739191082716351,0.020441891861694095
d1,o_min,m060516_o_min_ord16_rk00002,0.2827635242727487,0.2739191082716351,0.008844416001113575
d1,o_min,m060517_o_min_ord16_rk00003,0.2722602016170732,0.2739191082716351,-0.0016589066545619202
d1,o_min,m060518_o_min_ord16_rk00004,0.2726191844026518,0.2739191082716351,-0.0012999238689833104
d1,o_min,m060519_o_min_ord16_rk00005,0.2973328824427074,0.2739191082716351,0.023413774171072266
d1,o_min,m060520_o_min_ord16_rk00006,0.225438810205406,0.2739191082716351,-0.04848029806622914
d1,o_min,m060521_o_min_ord16_rk00007,0.2823670755316059,0.2739191082716351,0.008447967259970768
d1,o_min,m060522_o_min_ord16_rk00008,0.2843223010028102,0.2739191082716351,0.01040319273117507
d1,o_min,m060523_o_min_ord16_rk00009,0.2350091290614444,0.2739191082716351,-0.03890997921019074
d1,o_min,m060524_o_min_ord16_rk00010,0.2858365664058274,0.2739191082716351,0.01191745813419226
d1,o_min,m060525_o_min_ord16_rk00011,0.2746086252379232,0.2739191082716351,0.0006895169662880507
d1,o_min,m060526_o_min_ord16_rk00012,0.2366654334952113,0.2739191082716351,-0.03725367477642383
d1,o_min,m060527_o_min_ord16_rk00013,0.285063433814946,0.2739191082716351,0.011144325543310851
d1,o_min,m060528_o_min_ord16_rk00014,0.2330240328632835,0.2739191082716351,-0.04089507540835163
d1,o_min,m060529_o_min_ord16_rk00015,0.2221830109235615,0.2739191082716351,-0.051736097348073634
d1,o_min,m060530_o_min_ord16_rk00016,0.2860420968042447,0.2739191082716351,0.012122988532609569
d1,o_min,m060531_o_min_ord16_rk00017,0.2391336426174345,0.2739191082716351,-0.034785465654200626
d1,o_min,m060532_o_min_ord16_rk00018,0.206797722869201,0.2739191082716351,-0.06712138540243412
d1,o_min,m060533_o_min_ord16_rk00019,0.1999207074250563,0.2739191082716351,-0.07399840084657883
d1,o_min,m060534_o_min_ord16_rk00020,0.2005989241648168,0.2739191082716351,-0.07332018410681831
d1,o_min,m061515_o_min_ord17_rk00001,0.2957380368823248,0.2739191082716351,0.02181892861068968
d1,o_min,m061516_o_min_ord17_rk00002,0.2029906306721991,0.2739191082716351,-0.07092847759943602
d1,o_min,m061517_o_min_ord17_rk00003,0.2812009441721469,0.2739191082716351,0.0072818359005117905
d1,o_min,m061518_o_min_ord17_rk00004,0.2818349938960673,0.2739191082716351,0.007915885624432184
d1,o_min,m061519_o_min_ord17_rk00005,0.2878065931680705,0.2739191082716351,0.013887484896435376
d1,o_min,m061520_o_min_ord17_rk00006,0.212177480409388,0.2739191082716351,-0.06174162786224713
d1,o_min,m061521_o_min_ord17_rk00007,0.2511869337413811,0.2739191082716351,-0.022732174530254
d1,o_min,m061522_o_min_ord17_rk00008,0.2798734789592415,0.2739191082716351,0.005954370687606347
d1,o_min,m061523_o_min_ord17_rk00009,0.2961136104259932,0.2739191082716351,0.022194502154358087
d1,o_min,m061524_o_min_ord17_rk00010,0.2012018026932664,0.2739191082716351,-0.07271730557836872
d1,o_min,m061525_o_min_ord17_rk00011,0.1723206800962876,0.2739191082716351,-0.10159842817534753
d1,o_min,m061526_o_min_ord17_rk00012,0.277605337176256,0.2739191082716351,0.003686228904620892
d1,o_min,m061527_o_min_ord17_rk00013,0.2792247089893511,0.2739191082716351,0.005305600717715964
d1,o_min,m061528_o_min_ord17_rk00014,0.2779322996217305,0.2739191082716351,0.004013191350095369
d1,o_min,m061529_o_min_ord17_rk00015,0.2060258679710733,0.2739191082716351,-0.06789324030056182
d1,o_min,m061530_o_min_ord17_rk00016,0.2826160209599551,0.2739191082716351,0.008696912688319958
d1,o_min,m061531_o_min_ord17_rk00017,0.2799402175331678,0.2739191082716351,0.006021109261532653
d1,o_min,m061532_o_min_ord17_rk00018,0.2826097231395235,0.2739191082716351,0.008690614867888358
d1,o_min,m061533_o_min_ord17_rk00019,0.2107425842751179,0.2739191082716351,-0.06317652399651721
d1,o_min,m061534_o_min_ord17_rk00020,0.283930098866525,0.2739191082716351,0.010010990594889857
d1,o_min,m062515_o_min_ord18_rk00001,0.2223898673680636,0.2739191082716351,-0.05152924090357153
d1,o_min,m062516_o_min_ord18_rk00002,0.2897457184610894,0.2739191082716351,0.01582661018945425
d1,o_min,m062517_o_min_ord18_rk00003,0.2850653463960164,0.2739191082716351,0.011146238124381258
d1,o_min,m062518_o_min_ord18_rk00004,0.2087583358560829,0.2739191082716351,-0.06516077241555224
d1,o_min,m062519_o_min_ord18_rk00005,0.2814156588206749,0.2739191082716351,0.007496550549039749
d1,o_min,m062520_o_min_ord18_rk00006,0.2903536612243027,0.2739191082716351,0.016434552952667547
d1,o_min,m062521_o_min_ord18_rk00007,0.2848313195054037,0.2739191082716351,0.010912211233768565
d1,o_min,m062522_o_min_ord18_rk00008,0.2925618850238981,0.2739191082716351,0.018642776752263
d1,o_min,m062523_o_min_ord18_rk00009,0.2832095395439906,0.2739191082716351,0.00929043127235546
d1,o_min,m062524_o_min_ord18_rk00010,0.2859263910267489,0.2739191082716351,0.012007282755113757
d1,o_min,m062525_o_min_ord18_rk00011,0.201984972921704,0.2739191082716351,-0.07193413534993112
d1,o_min,m062526_o_min_ord18_rk00012,0.2693021971877209,0.2739191082716351,-0.00461691108391421
d1,o_min,m062527_o_min_ord18_rk00013,0.2893873074986776,0.2739191082716351,0.015468199227042456
d1,o_min,m062528_o_min_ord18_rk00014,0.2190702248569662,0.2739191082716351,-0.054848883414668925
d1,o_min,m062529_o_min_ord18_rk00015,0.2258638237134528,0.2739191082716351,-0.04805528455818234
d1,o_min,m062530_o_min_ord18_rk00016,0.2236204927235535,0.2739191082716351,-0.05029861554808163
d1,o_min,m062531_o_min_ord18_rk00017,0.2404010951290069,0.2739191082716351,-0.03351801314262823
d1,o_min,m062532_o_min_ord18_rk00018,0.2210960209036622,0.2739191082716351,-0.05282308736797292
d1,o_min,m062533_o_min_ord18_rk00019,0.2222249728182603,0.2739191082716351,-0.05169413545337481
d1,o_min,m062534_o_min_ord18_rk00020,0.2864050622256741,0.2739191082716351,0.012485953954038953
d1,o_min,m063515_o_min_ord19_rk00001,0.2817452904732219,0.2739191082716351,0.007826182201586762
d1,o_min,m063516_o_min_ord19_rk00002,0.181477726336652,0.2739191082716351,-0.09244138193498314
d1,o_min,m063517_o_min_ord19_rk00003,0.184317982853169,0.2739191082716351,-0.08960112541846613
d1,o_min,m063518_o_min_ord19_rk00004,0.2967786176290831,0.2739191082716351,0.02285950935744796
d1,o_min,m063519_o_min_ord19_rk00005,0.2991298817986703,0.2739191082716351,0.025210773527035157
d1,o_min,m063520_o_min_ord19_rk00006,0.2846923244789457,0.2739191082716351,0.010773216207310587
d1,o_min,m063521_o_min_ord19_rk00007,0.2754108308471714,0.2739191082716351,0.0014917225755362584
d1,o_min,m063522_o_min_ord19_rk00008,0.2942715353433298,0.2739191082716351,0.020352427071694656
d1,o_min,m063523_o_min_ord19_rk00009,0.279548456603109,0.2739191082716351,0.005629348331473882
d1,o_min,m063524_o_min_ord19_rk00010,0.2741258146222162,0.2739191082716351,0.00020670635058106512
d1,o_min,m063525_o_min_ord19_rk00011,0.1921414006537768,0.2739191082716351,-0.08177770761785833
d1,o_min,m063526_o_min_ord19_rk00012,0.2743940781310788,0.2739191082716351,0.00047496985944367465
d1,o_min,m063527_o_min_ord19_rk00013,0.2652183532524431,0.2739191082716351,-0.008700755019192041
d1,o_min,m063528_o_min_ord19_rk00014,0.2475981111579089,0.2739191082716351,-0.026320997113726236
d1,o_min,m063529_o_min_ord19_rk00015,0.1792915944809544,0.2739191082716351,-0.09462751379068071
d1,o_min,m063530_o_min_ord19_rk00016,0.2146230060769631,0.2739191082716351,-0.05929610219467202
d1,o_min,m063531_o_min_ord19_rk00017,0.1813928095083433,0.2739191082716351,-0.09252629876329183
d1,o_min,m063532_o_min_ord19_rk00018,0.2209682998881009,0.2739191082716351,-0.05295080838353422
d1,o_min,m063533_o_min_ord19_rk00019,0.2835371234671017,0.2739191082716351,0.009618015195466567
d1,o_min,m063534_o_min_ord19_rk00020,0.2489095827830922,0.2739191082716351,-0.025009525488542933
d1,o_min,m064515_o_min_ord20_rk00001,0.2862907196173377,0.2739191082716351,0.012371611345702582
d1,o_min,m064516_o_min_ord20_rk00002,0.2002862455977919,0.2739191082716351,-0.07363286267384322
d1,o_min,m064517_o_min_ord20_rk00003,0.2856162645851041,0.2739191082716351,0.01169715631346896
d1,o_min,m064518_o_min_ord20_rk00004,0.1845215781760344,0.2739191082716351,-0.08939753009560072
d1,o_min,m064519_o_min_ord20_rk00005,0.2950472238178387,0.2739191082716351,0.021128115546203585
d1,o_min,m064520_o_min_ord20_rk00006,0.2911603167660828,0.2739191082716351,0.017241208494447657
d1,o_min,m064521_o_min_ord20_rk00007,0.1878769967316037,0.2739191082716351,-0.08604211154003141
d1,o_min,m064522_o_min_ord20_rk00008,0.2895339952987482,0.2739191082716351,0.015614887027113056
d1,o_min,m064523_o_min_ord20_rk00009,0.1860455187952936,0.2739191082716351,-0.08787358947634152
d1,o_min,m064524_o_min_ord20_rk00010,0.2876855862605121,0.2739191082716351,0.01376647798887698
d1,o_min,m064525_o_min_ord20_rk00011,0.2781588311685534,0.2739191082716351,0.004239722896918263
d1,o_min,m064526_o_min_ord20_rk00012,0.1976913591626398,0.2739191082716351,-0.07622774910899532
d1,o_min,m064527_o_min_ord20_rk00013,0.2868028155149089,0.2739191082716351,0.012883707243273756
d1,o_min,m064528_o_min_ord20_rk00014,0.2109428369482512,0.2739191082716351,-0.06297627132338393
d1,o_min,m064529_o_min_ord20_rk00015,0.2883291294039245,0.2739191082716351,0.014410021132289397
d1,o_min,m064530_o_min_ord20_rk00016,0.2809890280448341,0.2739191082716351,0.007069919773198985
d1,o_min,m064531_o_min_ord20_rk00017,0.2907683532549932,0.2739191082716351,0.016849244983358047
d1,o_min,m064532_o_min_ord20_rk00018,0.2213101797120883,0.2739191082716351,-0.052608928559546825
d1,o_min,m064533_o_min_ord20_rk00019,0.284403241453995,0.2739191082716351,0.010484133182359856
d1,o_min,m064534_o_min_ord20_rk00020,0.2833062725101001,0.2739191082716351,0.009387164238464973
d1,o_min,m065515_o_min_ord21_rk00001,0.2202867878163023,0.2739191082716351,-0.05363232045533284
d1,o_min,m065516_o_min_ord21_rk00002,0.223559177710235,0.2739191082716351,-0.05035993056140012
d1,o_min,m065517_o_min_ord21_rk00003,0.279655275079416,0.2739191082716351,0.005736166807780885
d1,o_min,m065518_o_min_ord21_rk00004,0.1939398557764012,0.2739191082716351,-0.07997925249523394
d1,o_min,m065519_o_min_ord21_rk00005,0.2121091020006892,0.2739191082716351,-0.06181000627094593
d1,o_min,m065520_o_min_ord21_rk00006,0.2275986258529618,0.2739191082716351,-0.046320482418673314
d1,o_min,m065521_o_min_ord21_rk00007,0.2816216794400786,0.2739191082716351,0.007702571168443473
d1,o_min,m065522_o_min_ord21_rk00008,0.2879249106818202,0.2739191082716351,0.014005802410185064
d1,o_min,m065523_o_min_ord21_rk00009,0.2728332208616404,0.2739191082716351,-0.0010858874099947124
d1,o_min,m065524_o_min_ord21_rk00010,0.2842728825179454,0.2739191082716351,0.010353774246310288
d1,o_min,m065525_o_min_ord21_rk00011,0.2236378872243785,0.2739191082716351,-0.05028122104725663
d1,o_min,m065526_o_min_ord21_rk00012,0.2344619409967714,0.2739191082716351,-0.03945716727486373
d1,o_min,m065527_o_min_ord21_rk00013,0.271174233031519,0.2739191082716351,-0.002744875240116129
d1,o_min,m065528_o_min_ord21_rk00014,0.2312064497180884,0.2739191082716351,-0.04271265855354672
d1,o_min,m065529_o_min_ord21_rk00015,0.2494544455945981,0.2739191082716351,-0.024464662677037036
d1,o_min,m065530_o_min_ord21_rk00016,0.2822911043081374,0.2739191082716351,0.008371996036502294
d1,o_min,m065531_o_min_ord21_rk00017,0.2507562610748501,0.2739191082716351,-0.02316284719678502
d1,o_min,m065532_o_min_ord21_rk00018,0.1983751433386807,0.2739191082716351,-0.07554396493295443
d1,o_min,m065533_o_min_ord21_rk00019,0.288205493473082,0.2739191082716351,0.014286385201446872
d1,o_min,m065534_o_min_ord21_rk00020,0.2089083495285186,0.2739191082716351,-0.06501075874311651
d1,o_min,m066515_o_min_ord22_rk00001,0.2251372544370454,0.2739191082716351,-0.04878185383458972
d1,o_min,m066516_o_min_ord22_rk00002,0.2201984523417072,0.2739191082716351,-0.05372065592992792
d1,o_min,m066517_o_min_ord22_rk00003,0.213383058164767,0.2739191082716351,-0.06053605010686813
d1,o_min,m066518_o_min_ord22_rk00004,0.2019334536743731,0.2739191082716351,-0.07198565459726203
d1,o_min,m066519_o_min_ord22_rk00005,0.2511594090628452,0.2739191082716351,-0.022759699208789952
d1,o_min,m066520_o_min_ord22_rk00006,0.2186100831712153,0.2739191082716351,-0.05530902510041982
d1,o_min,m066521_o_min_ord22_rk00007,0.2307786484446895,0.2739191082716351,-0.043140459826945615
d1,o_min,m066522_o_min_ord22_rk00008,0.2301997007487112,0.2739191082716351,-0.043719407522923914
d1,o_min,m066523_o_min_ord22_rk00009,0.1945461426646952,0.2739191082716351,-0.07937296560693993
d1,o_min,m066524_o_min_ord22_rk00010,0.215457147682307,0.2739191082716351,-0.05846196058932812
d1,o_min,m066525_o_min_ord22_rk00011,0.2240013959014791,0.2739191082716351,-0.04991771237015602
d1,o_min,m066526_o_min_ord22_rk00012,0.2104087566648872,0.2739191082716351,-0.06351035160674792
d1,o_min,m066527_o_min_ord22_rk00013,0.2313844703372449,0.2739191082716351,-0.04253463793439022
d1,o_min,m066528_o_min_ord22_rk00014,0.2350770820006505,0.2739191082716351,-0.038842026270984625
d1,o_min,m066529_o_min_ord22_rk00015,0.2235925197950694,0.2739191082716351,-0.05032658847656574
d1,o_min,m066530_o_min_ord22_rk00016,0.2366661067360045,0.2739191082716351,-0.03725300153563063
d1,o_min,m066531_o_min_ord22_rk00017,0.2385919357794141,0.2739191082716351,-0.03532717249222103
d1,o_min,m066532_o_min_ord22_rk00018,0.2855618944391123,0.2739191082716351,0.01164278616747716
d1,o_min,m066533_o_min_ord22_rk00019,0.2279356793915647,0.2739191082716351,-0.045983428880070426
d1,o_min,m066534_o_min_ord22_rk00020,0.2397099712384908,0.2739191082716351,-0.03420913703314432
d1,o_min,m067515_o_min_ord23_rk00001,0.2335800303490225,0.2739191082716351,-0.040339077922612626
d1,o_min,m067516_o_min_ord23_rk00002,0.2306214333945386,0.2739191082716351,-0.043297674877096515
d1,o_min,m067517_o_min_ord23_rk00003,0.2377008771565332,0.2739191082716351,-0.03621823111510192
d1,o_min,m067518_o_min_ord23_rk00004,0.2333725766895921,0.2739191082716351,-0.04054653158204302
d1,o_min,m067519_o_min_ord23_rk00005,0.2240815911755207,0.2739191082716351,-0.04983751709611442
d1,o_min,m067520_o_min_ord23_rk00006,0.2370125624609655,0.2739191082716351,-0.03690654581066963
d1,o_min,m067521_o_min_ord23_rk00007,0.2354081909440102,0.2739191082716351,-0.03851091732762493
d1,o_min,m067522_o_min_ord23_rk00008,0.2340902625760723,0.2739191082716351,-0.03982884569556283
d1,o_min,m067523_o_min_ord23_rk00009,0.2454276159413561,0.2739191082716351,-0.028491492330279033
d1,o_min,m067524_o_min_ord23_rk00010,0.2424501057810181,0.2739191082716351,-0.031469002490617015
d1,o_min,m067525_o_min_ord23_rk00011,0.2599012684887688,0.2739191082716351,-0.014017839782866304
d1,o_min,m067526_o_min_ord23_rk00012,0.2396129166357553,0.2739191082716351,-0.034306191635879835
d1,o_min,m067527_o_min_ord23_rk00013,0.1986053898515116,0.2739191082716351,-0.07531371842012352
d1,o_min,m067528_o_min_ord23_rk00014,0.2461060662001803,0.2739191082716351,-0.027813042071454824
d1,o_min,m067529_o_min_ord23_rk00015,0.2221076968063998,0.2739191082716351,-0.051811411465235324
d1,o_min,m067530_o_min_ord23_rk00016,0.2128064338899041,0.2739191082716351,-0.061112674381731014
d1,o_min,m067531_o_min_ord23_rk00017,0.233405008070516,0.2739191082716351,-0.04051410020111912
d1,o_min,m067532_o_min_ord23_rk00018,0.2363548219365265,0.2739191082716351,-0.03756428633510864
d1,o_min,m067533_o_min_ord23_rk00019,0.2235603676815714,0.2739191082716351,-0.05035874059006373
d1,o_min,m067534_o_min_ord23_rk00020,0.2370361581785879,0.2739191082716351,-0.036882950093047234
d1,o_min,m068515_o_min_ord24_rk00001,0.2256061333626351,0.2739191082716351,-0.04831297490900002
d1,o_min,m068516_o_min_ord24_rk00002,0.2289743428034892,0.2739191082716351,-0.044944765468145936
d1,o_min,m068517_o_min_ord24_rk00003,0.237265908563343,0.2739191082716351,-0.03665319970829212
d1,o_min,m068518_o_min_ord24_rk00004,0.2322876346289177,0.2739191082716351,-0.04163147364271744
d1,o_min,m068519_o_min_ord24_rk00005,0.2338300599525112,0.2739191082716351,-0.04008904831912394
d1,o_min,m068520_o_min_ord24_rk00006,0.2137846827805333,0.2739191082716351,-0.06013442549110182
d1,o_min,m068521_o_min_ord24_rk00007,0.2100759688042668,0.2739191082716351,-0.06384313946736833
d1,o_min,m068522_o_min_ord24_rk00008,0.2245221233990798,0.2739191082716351,-0.04939698487255534
d1,o_min,m068523_o_min_ord24_rk00009,0.2156024913320842,0.2739191082716351,-0.058316616939550925
d1,o_min,m068524_o_min_ord24_rk00010,0.2257565489405613,0.2739191082716351,-0.04816255933107383
d1,o_min,m068525_o_min_ord24_rk00011,0.2296063873172695,0.2739191082716351,-0.044312720954365614
d1,o_min,m068526_o_min_ord24_rk00012,0.2318969869205677,0.2739191082716351,-0.04202212135106742
d1,o_min,m068527_o_min_ord24_rk00013,0.2250709327750444,0.2739191082716351,-0.048848175496590734
d1,o_min,m068528_o_min_ord24_rk00014,0.2349417926322052,0.2739191082716351,-0.03897731563942994
d1,o_min,m068529_o_min_ord24_rk00015,0.2252428274929729,0.2739191082716351,-0.048676280778662234
d1,o_min,m068530_o_min_ord24_rk00016,0.2359171729269825,0.2739191082716351,-0.038001935344652626
d1,o_min,m068531_o_min_ord24_rk00017,0.2091783740848356,0.2739191082716351,-0.06474073418679951
d1,o_min,m068532_o_min_ord24_rk00018,0.2461428155280612,0.2739191082716351,-0.027776292743573933
d1,o_min,m068533_o_min_ord24_rk00019,0.2239986070384503,0.2739191082716351,-0.04992050123318484
d1,o_min,m068534_o_min_ord24_rk00020,0.2094560296622408,0.2739191082716351,-0.06446307860939432
d1,o_min,m069515_o_min_ord25_rk00001,0.2305077436834203,0.2739191082716351,-0.04341136458821482
d1,o_min,m069516_o_min_ord25_rk00002,0.2487488731002691,0.2739191082716351,-0.025170235171366018
d1,o_min,m069517_o_min_ord25_rk00003,0.2353013217893145,0.2739191082716351,-0.038617786482320615
d1,o_min,m069518_o_min_ord25_rk00004,0.2294911000848094,0.2739191082716351,-0.04442800818682571
d1,o_min,m069519_o_min_ord25_rk00005,0.2447584794735698,0.2739191082716351,-0.02916062879806533
d1,o_min,m069520_o_min_ord25_rk00006,0.228590773266648,0.2739191082716351,-0.04532833500498712
d1,o_min,m069521_o_min_ord25_rk00007,0.2269727019706381,0.2739191082716351,-0.04694640630099703
d1,o_min,m069522_o_min_ord25_rk00008,0.2388476772639599,0.2739191082716351,-0.035071431007675236
d1,o_min,m069523_o_min_ord25_rk00009,0.2471681167721245,0.2739191082716351,-0.02675099149951063
d1,o_min,m069524_o_min_ord25_rk00010,0.2480416231881722,0.2739191082716351,-0.025877485083462937
d1,o_min,m069525_o_min_ord25_rk00011,0.227760432565299,0.2739191082716351,-0.04615867570633614
d1,o_min,m069526_o_min_ord25_rk00012,0.2374557254144156,0.2739191082716351,-0.036463382857219534
d1,o_min,m069527_o_min_ord25_rk00013,0.231991674776405,0.2739191082716351,-0.04192743349523012
d1,o_min,m069528_o_min_ord25_rk00014,0.2155862792877481,0.2739191082716351,-0.05833282898388703
d1,o_min,m069529_o_min_ord25_rk00015,0.2267097804831885,0.2739191082716351,-0.04720932778844664
d1,o_min,m069530_o_min_ord25_rk00016,0.2889766617716973,0.2739191082716351,0.01505755350006216
d1,o_min,m069531_o_min_ord25_rk00017,0.2502354702364818,0.2739191082716351,-0.02368363803515333
d1,o_min,m069532_o_min_ord25_rk00018,0.2439431001152295,0.2739191082716351,-0.029976008156405637
d1,o_min,m069533_o_min_ord25_rk00019,0.2286126612951851,0.2739191082716351,-0.04530644697645003
d1,o_min,m069534_o_min_ord25_rk00020,0.2385651058050575,0.2739191082716351,-0.03535400246657763
d1,o_min,m070515_o_min_ord26_rk00001,0.2493188708999026,0.2739191082716351,-0.02460023737173253
d1,o_min,m070516_o_min_ord26_rk00002,0.2497178147605011,0.2739191082716351,-0.024201293511134037
d1,o_min,m070517_o_min_ord26_rk00003,0.2526874537372183,0.2739191082716351,-0.021231654534416833
d1,o_min,m070518_o_min_ord26_rk00004,0.2398077948233639,0.2739191082716351,-0.03411131344827123
d1,o_min,m070519_o_min_ord26_rk00005,0.2363498329022583,0.2739191082716351,-0.03756927536937682
d1,o_min,m070520_o_min_ord26_rk00006,0.2410895944606284,0.2739191082716351,-0.03282951381100674
d1,o_min,m070521_o_min_ord26_rk00007,0.2385630225686175,0.2739191082716351,-0.035356085703017626
d1,o_min,m070522_o_min_ord26_rk00008,0.2716830948852058,0.2739191082716351,-0.002236013386429314
d1,o_min,m070523_o_min_ord26_rk00009,0.2357886644214383,0.2739191082716351,-0.038130443850196816
d1,o_min,m070524_o_min_ord26_rk00010,0.239646564688063,0.2739191082716351,-0.034272543583572124
d1,o_min,m070525_o_min_ord26_rk00011,0.235379497360154,0.2739191082716351,-0.038539610911481115
d1,o_min,m070526_o_min_ord26_rk00012,0.2371034683953946,0.2739191082716351,-0.036815639876240536
d1,o_min,m070527_o_min_ord26_rk00013,0.251661444625062,0.2739191082716351,-0.02225766364657311
d1,o_min,m070528_o_min_ord26_rk00014,0.2399498759940519,0.2739191082716351,-0.03396923227758322
d1,o_min,m070529_o_min_ord26_rk00015,0.2369808884320811,0.2739191082716351,-0.03693821983955403
d1,o_min,m070530_o_min_ord26_rk00016,0.233837133623083,0.2739191082716351,-0.04008197464855212
d1,o_min,m070531_o_min_ord26_rk00017,0.2557282813867675,0.2739191082716351,-0.018190826884867617
d1,o_min,m070532_o_min_ord26_rk00018,0.2364634109678578,0.2739191082716351,-0.03745569730377732
d1,o_min,m070533_o_min_ord26_rk00019,0.228690821104017,0.2739191082716351,-0.04522828716761812
d1,o_min,m070534_o_min_ord26_rk00020,0.230127244873735,0.2739191082716351,-0.043791863397900116
d1,o_min,m071515_o_min_ord27_rk00001,0.2420225430288193,0.2739191082716351,-0.03189656524281584
d1,o_min,m071516_o_min_ord27_rk00002,0.2603828747679384,0.2739191082716351,-0.013536233503696704
d1,o_min,m071517_o_min_ord27_rk00003,0.2590529296960956,0.2739191082716351,-0.014866178575539513
d1,o_min,m071518_o_min_ord27_rk00004,0.2581308122539278,0.2739191082716351,-0.015788296017707315
d1,o_min,m071519_o_min_ord27_rk00005,0.2340097211704144,0.2739191082716351,-0.03990938710122072
d1,o_min,m071520_o_min_ord27_rk00006,0.2366996571730534,0.2739191082716351,-0.03721945109858171
d1,o_min,m071521_o_min_ord27_rk00007,0.278542507720053,0.2739191082716351,0.004623399448417886
d1,o_min,m071522_o_min_ord27_rk00008,0.2517252940095862,0.2739191082716351,-0.022193814262048916
d1,o_min,m071523_o_min_ord27_rk00009,0.2563973999470879,0.2739191082716351,-0.017521708324547247
d1,o_min,m071524_o_min_ord27_rk00010,0.2720594624661131,0.2739191082716351,-0.0018596458055220033
d1,o_min,m071525_o_min_ord27_rk00011,0.2587760797162597,0.2739191082716351,-0.015143028555375415
d1,o_min,m071526_o_min_ord27_rk00012,0.2587099258529175,0.2739191082716351,-0.015209182418717604
d1,o_min,m071527_o_min_ord27_rk00013,0.2406565235238968,0.2739191082716351,-0.03326258474773833
d1,o_min,m071528_o_min_ord27_rk00014,0.2622137493129478,0.2739191082716351,-0.01170535895868735
d1,o_min,m071529_o_min_ord27_rk00015,0.2781216838439859,0.2739191082716351,0.004202575572350764
d1,o_min,m071530_o_min_ord27_rk00016,0.2316463788439776,0.2739191082716351,-0.04227272942765753
d1,o_min,m071531_o_min_ord27_rk00017,0.2612313867432245,0.2739191082716351,-0.012687721528410634
d1,o_min,m071532_o_min_ord27_rk00018,0.2423795656720999,0.2739191082716351,-0.03153954259953523
d1,o_min,m071533_o_min_ord27_rk00019,0.2591298836799245,0.2739191082716351,-0.014789224591710615
d1,o_min,m071534_o_min_ord27_rk00020,0.2498258094836316,0.2739191082716351,-0.024093298788003537
d1,o_min,m072515_o_min_ord28_rk00001,0.2855439604303627,0.2739191082716351,0.01162485215872755
d1,o_min,m072516_o_min_ord28_rk00002,0.2359726697842372,0.2739191082716351,-0.03794643848739793
d1,o_min,m072517_o_min_ord28_rk00003,0.2500007169770772,0.2739191082716351,-0.023918391294557917
d1,o_min,m072518_o_min_ord28_rk00004,0.2360009890059236,0.2739191082716351,-0.037918119265711536
d1,o_min,m072519_o_min_ord28_rk00005,0.2641812748987681,0.2739191082716351,-0.009737833372867044
d1,o_min,m072520_o_min_ord28_rk00006,0.2536549838708479,0.2739191082716351,-0.02026412440078723
d1,o_min,m072521_o_min_ord28_rk00007,0.2523327067632337,0.2739191082716351,-0.02158640150840141
d1,o_min,m072522_o_min_ord28_rk00008,0.2848438382345573,0.2739191082716351,0.010924729962922153
d1,o_min,m072523_o_min_ord28_rk00009,0.2654071251818758,0.2739191082716351,-0.008511983089759312
d1,o_min,m072524_o_min_ord28_rk00010,0.2591909228114536,0.2739191082716351,-0.014728185460181509
d1,o_min,m072525_o_min_ord28_rk00011,0.2212352111193156,0.2739191082716351,-0.052683897152319525
d1,o_min,m072526_o_min_ord28_rk00012,0.2530930602701448,0.2739191082716351,-0.02082604800149035
d1,o_min,m072527_o_min_ord28_rk00013,0.2875580988365708,0.2739191082716351,0.013638990564935671
d1,o_min,m072528_o_min_ord28_rk00014,0.2847211439490634,0.2739191082716351,0.010802035677428268
d1,o_min,m072529_o_min_ord28_rk00015,0.2336495820058,0.2739191082716351,-0.04026952626583513
d1,o_min,m072530_o_min_ord28_rk00016,0.2970779750141984,0.2739191082716351,0.02315886674256329
d1,o_min,m072531_o_min_ord28_rk00017,0.2250668533401744,0.2739191082716351,-0.048852254931460726
d1,o_min,m072532_o_min_ord28_rk00018,0.2590573131228271,0.2739191082716351,-0.014861795148808032
d1,o_min,m072533_o_min_ord28_rk00019,0.2518741665242976,0.2739191082716351,-0.02204494174733751
d1,o_min,m072534_o_min_ord28_rk00020,0.2537869787059462,0.2739191082716351,-0.02013212956568894
d1,o_min,m073515_o_min_ord29_rk00001,0.2605483845072572,0.2739191082716351,-0.013370723764377923
d1,o_min,m073516_o_min_ord29_rk00002,0.2886339839919711,0.2739191082716351,0.014714875720335974
d1,o_min,m073517_o_min_ord29_rk00003,0.26178385479935,0.2739191082716351,-0.012135253472285112
d1,o_min,m073518_o_min_ord29_rk00004,0.2846655578206357,0.2739191082716351,0.010746449549000558
d1,o_min,m073519_o_min_ord29_rk00005,0.2512621962668421,0.2739191082716351,-0.02265691200479303
d1,o_min,m073520_o_min_ord29_rk00006,0.2900100825189282,0.2739191082716351,0.016090974247293055
d1,o_min,m073521_o_min_ord29_rk00007,0.2655418841184286,0.2739191082716351,-0.00837722415320652
d1,o_min,m073522_o_min_ord29_rk00008,0.2903232400244361,0.2739191082716351,0.016404131752800977
d1,o_min,m073523_o_min_ord29_rk00009,0.2714303567069299,0.2739191082716351,-0.0024887515647052383
d1,o_min,m073524_o_min_ord29_rk00010,0.2519086176401846,0.2739191082716351,-0.022010490631450552
d1,o_min,m073525_o_min_ord29_rk00011,0.2912173516309283,0.2739191082716351,0.017298243359293197
d1,o_min,m073526_o_min_ord29_rk00012,0.2890822037853214,0.2739191082716351,0.015163095513686276
d1,o_min,m073527_o_min_ord29_rk00013,0.2589491449436766,0.2739191082716351,-0.014969963327958524
d1,o_min,m073528_o_min_ord29_rk00014,0.277918856162046,0.2739191082716351,0.003999747890410854
d1,o_min,m073529_o_min_ord29_rk00015,0.2880098931592824,0.2739191082716351,0.014090784887647256
d1,o_min,m073530_o_min_ord29_rk00016,0.2895568196428949,0.2739191082716351,0.0156377113712598
d1,o_min,m073531_o_min_ord29_rk00017,0.2549932295785783,0.2739191082716351,-0.01892587869305684
d1,o_min,m073532_o_min_ord29_rk00018,0.2627373806932612,0.2739191082716351,-0.011181727578373934
d1,o_min,m073533_o_min_ord29_rk00019,0.2618458107526109,0.2739191082716351,-0.01207329751902425
d1,o_min,m073534_o_min_ord29_rk00020,0.2550136706218459,0.2739191082716351,-0.018905437649789247
d1,o_min,m074515_o_min_ord30_rk00001,0.2827614127581118,0.2739191082716351,0.00884230448647666
d1,o_min,m074516_o_min_ord30_rk00002,0.2628989754540709,0.2739191082716351,-0.011020132817564199
d1,o_min,m074517_o_min_ord30_rk00003,0.2808483045868603,0.2739191082716351,0.00692919631522515
d1,o_min,m074518_o_min_ord30_rk00004,0.2563834425884984,0.2739191082716351,-0.017535665683136747
d1,o_min,m074519_o_min_ord30_rk00005,0.2807691055711189,0.2739191082716351,0.006849997299483768
d1,o_min,m074520_o_min_ord30_rk00006,0.2515540062421404,0.2739191082716351,-0.02236510202949471
d1,o_min,m074521_o_min_ord30_rk00007,0.2532146738027903,0.2739191082716351,-0.020704434468844846
d1,o_min,m074522_o_min_ord30_rk00008,0.2507623009065286,0.2739191082716351,-0.023156807365106502
d1,o_min,m074523_o_min_ord30_rk00009,0.2565763890456933,0.2739191082716351,-0.017342719225941827
d1,o_min,m074524_o_min_ord30_rk00010,0.2540981263880606,0.2739191082716351,-0.019820981883574507
d1,o_min,m074525_o_min_ord30_rk00011,0.2847749496404202,0.2739191082716351,0.01085584136878509
d1,o_min,m074526_o_min_ord30_rk00012,0.2825949433960713,0.2739191082716351,0.008675835124436149
d1,o_min,m074527_o_min_ord30_rk00013,0.2602411641524221,0.2739191082716351,-0.013677944119213026
d1,o_min,m074528_o_min_ord30_rk00014,0.2582990110471657,0.2739191082716351,-0.015620097224469442
d1,o_min,m074529_o_min_ord30_rk00015,0.2850240504638273,0.2739191082716351,0.011104942192192158
d1,o_min,m074530_o_min_ord30_rk00016,0.2520971679761867,0.2739191082716351,-0.021821940295448428
d1,o_min,m074531_o_min_ord30_rk00017,0.2507096909032505,0.2739191082716351,-0.02320941736838461
d1,o_min,m074532_o_min_ord30_rk00018,0.2542641830422619,0.2739191082716351,-0.019654925229373232
d1,o_min,m074533_o_min_ord30_rk00019,0.2476934380347506,0.2739191082716351,-0.02622567023688452
d1,o_min,m074534_o_min_ord30_rk00020,0.2477093784279428,0.2739191082716351,-0.026209729843692325
d2,o_min,m047515_o_min_ord3_rk00001,0.2760465679082963,0.2865670414413664,-0.010520473533070118
d2,o_min,m047516_o_min_ord3_rk00002,0.3127372987922656,0.2865670414413664,0.026170257350899173
d2,o_min,m047517_o_min_ord3_rk00003,0.2974757895479438,0.2865670414413664,0.010908748106577382
d2,o_min,m047518_o_min_ord3_rk00004,0.3110256938355601,0.2865670414413664,0.024458652394193703
d2,o_min,m047519_o_min_ord3_rk00005,0.2915851803965071,0.2865670414413664,0.005018138955140694
d2,o_min,m047520_o_min_ord3_rk00006,0.2707418029820261,0.2865670414413664,-0.015825238459340307
d2,o_min,m047521_o_min_ord3_rk00007,0.3068357924014224,0.2865670414413664,0.02026875096005598
d2,o_min,m047522_o_min_ord3_rk00008,0.3129063281594576,0.2865670414413664,0.026339286718091215
d2,o_min,m047523_o_min_ord3_rk00009,0.3050691913629836,0.2865670414413664,0.018502149921617195
d2,o_min,m047524_o_min_ord3_rk00010,0.308959962349292,0.2865670414413664,0.022392920907925606
d2,o_min,m047525_o_min_ord3_rk00011,0.3211881916276574,0.2865670414413664,0.03462115018629097
d2,o_min,m047526_o_min_ord3_rk00012,0.2738713132514736,0.2865670414413664,-0.012695728189892785
d2,o_min,m047527_o_min_ord3_rk00013,0.305297026210897,0.2865670414413664,0.018729984769530583
d2,o_min,m047528_o_min_ord3_rk00014,0.2893911883431949,0.2865670414413664,0.0028241469018284726
d2,o_min,m047529_o_min_ord3_rk00015,0.3076433455307316,0.2865670414413664,0.021076304089365172
d2,o_min,m047530_o_min_ord3_rk00016,0.3189497637001477,0.2865670414413664,0.032382722258781305
d2,o_min,m047531_o_min_ord3_rk00017,0.2807197438488347,0.2865670414413664,-0.0058472975925317194
d2,o_min,m047532_o_min_ord3_rk00018,0.3031266929174656,0.2865670414413664,0.01655965147609917
d2,o_min,m047533_o_min_ord3_rk00019,0.2842890750135566,0.2865670414413664,-0.0022779664278098077
d2,o_min,m047534_o_min_ord3_rk00020,0.3105186030572557,0.2865670414413664,0.023951561615889294
d2,o_min,m048515_o_min_ord4_rk00001,0.269783303513986,0.2865670414413664,-0.016783737927380415
d2,o_min,m048516_o_min_ord4_rk00002,0.307099557389072,0.2865670414413664,0.02053251594770561
d2,o_min,m048517_o_min_ord4_rk00003,0.2423038712799827,0.2865670414413664,-0.0442631701613837
d2,o_min,m048518_o_min_ord4_rk00004,0.2569757312182654,0.2865670414413664,-0.02959131022310102
d2,o_min,m048519_o_min_ord4_rk00005,0.318736695980569,0.2865670414413664,0.03216965453920256
d2,o_min,m048520_o_min_ord4_rk00006,0.1721856092716857,0.2865670414413664,-0.11438143216968072
d2,o_min,m048521_o_min_ord4_rk00007,0.2910593033200178,0.2865670414413664,0.004492261878651371
d2,o_min,m048522_o_min_ord4_rk00008,0.3081974390772644,0.2865670414413664,0.02163039763589797
d2,o_min,m048523_o_min_ord4_rk00009,0.2838002066645335,0.2865670414413664,-0.002766834776832927
d2,o_min,m048524_o_min_ord4_rk00010,0.3024745302232237,0.2865670414413664,0.01590748878185727
d2,o_min,m048525_o_min_ord4_rk00011,0.2139158847904665,0.2865670414413664,-0.07265115665089991
d2,o_min,m048526_o_min_ord4_rk00012,0.2996402716107655,0.2865670414413664,0.013073230169399097
d2,o_min,m048527_o_min_ord4_rk00013,0.2896574821272487,0.2865670414413664,0.0030904406858822675
d2,o_min,m048528_o_min_ord4_rk00014,0.2605328222469529,0.2865670414413664,-0.02603421919441351
d2,o_min,m048529_o_min_ord4_rk00015,0.2708492270633585,0.2865670414413664,-0.0157178143780079
d2,o_min,m048530_o_min_ord4_rk00016,0.2943794796926671,0.2865670414413664,0.00781243825130068
d2,o_min,m048531_o_min_ord4_rk00017,0.2899684119007492,0.2865670414413664,0.0034013704593827687
d2,o_min,m048532_o_min_ord4_rk00018,0.3176977493630982,0.2865670414413664,0.03113070792173178
d2,o_min,m048533_o_min_ord4_rk00019,0.2957995238771758,0.2865670414413664,0.009232482435809375
d2,o_min,m048534_o_min_ord4_rk00020,0.3090016413997485,0.2865670414413664,0.022434599958382095
d2,o_min,m049515_o_min_ord5_rk00001,0.3080147236366142,0.2865670414413664,0.021447682195247786
d2,o_min,m049516_o_min_ord5_rk00002,0.2812511848985773,0.2865670414413664,-0.005315856542789099
d2,o_min,m049517_o_min_ord5_rk00003,0.2490690327036168,0.2865670414413664,-0.03749800873774961
d2,o_min,m049518_o_min_ord5_rk00004,0.2636467092571088,0.2865670414413664,-0.022920332184257597
d2,o_min,m049519_o_min_ord5_rk00005,0.2612051207558041,0.2865670414413664,-0.02536192068556231
d2,o_min,m049520_o_min_ord5_rk00006,0.2779232409783002,0.2865670414413664,-0.008643800463066231
d2,o_min,m049521_o_min_ord5_rk00007,0.2548057243503948,0.2865670414413664,-0.03176131709097163
d2,o_min,m049522_o_min_ord5_rk00008,0.2635887044183397,0.2865670414413664,-0.022978337023026707
d2,o_min,m049523_o_min_ord5_rk00009,0.3137728176265734,0.2865670414413664,0.027205776185206976
d2,o_min,m049524_o_min_ord5_rk00010,0.22090169441105,0.2865670414413664,-0.0656653470303164
d2,o_min,m049525_o_min_ord5_rk00011,0.2740030240529211,0.2865670414413664,-0.012564017388445314
d2,o_min,m049526_o_min_ord5_rk00012,0.2908857334571579,0.2865670414413664,0.004318692015791492
d2,o_min,m049527_o_min_ord5_rk00013,0.2794467964682436,0.2865670414413664,-0.007120244973122802
d2,o_min,m049528_o_min_ord5_rk00014,0.3045217693822197,0.2865670414413664,0.017954727940853288
d2,o_min,m049529_o_min_ord5_rk00015,0.2541565828584482,0.2865670414413664,-0.03241045858291819
d2,o_min,m049530_o_min_ord5_rk00016,0.3153866457952966,0.2865670414413664,0.028819604353930217
d2,o_min,m049531_o_min_ord5_rk00017,0.3130907621192604,0.2865670414413664,0.02652372067789399
d2,o_min,m049532_o_min_ord5_rk00018,0.2832374410394545,0.2865670414413664,-0.0033296004019119363
d2,o_min,m049533_o_min_ord5_rk00019,0.251037119051686,0.2865670414413664,-0.03552992238968039
d2,o_min,m049534_o_min_ord5_rk00020,0.2681496473221235,0.2865670414413664,-0.018417394119242925
d2,o_min,m050515_o_min_ord6_rk00001,0.2965887270641145,0.2865670414413664,0.010021685622748078
d2,o_min,m050516_o_min_ord6_rk00002,0.2958526075470734,0.2865670414413664,0.009285566105706966
d2,o_min,m050517_o_min_ord6_rk00003,0.2638577594490429,0.2865670414413664,-0.022709281992323527
d2,o_min,m050518_o_min_ord6_rk00004,0.2968646266439498,0.2865670414413664,0.010297585202583392
d2,o_min,m050519_o_min_ord6_rk00005,0.2970316046697298,0.2865670414413664,0.010464563228363366
d2,o_min,m050520_o_min_ord6_rk00006,0.3016942375038494,0.2865670414413664,0.015127196062482973
d2,o_min,m050521_o_min_ord6_rk00007,0.3126910293462674,0.2865670414413664,0.026123987904901003
d2,o_min,m050522_o_min_ord6_rk00008,0.293868064432122,0.2865670414413664,0.007301022990755579
d2,o_min,m050523_o_min_ord6_rk00009,0.3189281958960803,0.2865670414413664,0.03236115445471388
d2,o_min,m050524_o_min_ord6_rk00010,0.2996153234404247,0.2865670414413664,0.013048281999058275
d2,o_min,m050525_o_min_ord6_rk00011,0.3109360536125271,0.2865670414413664,0.024369012171160664
d2,o_min,m050526_o_min_ord6_rk00012,0.3187481821383308,0.2865670414413664,0.03218114069696437
d2,o_min,m050527_o_min_ord6_rk00013,0.2819218864843172,0.2865670414413664,-0.004645154957049202
d2,o_min,m050528_o_min_ord6_rk00014,0.2910774625803868,0.2865670414413664,0.004510421139020393
d2,o_min,m050529_o_min_ord6_rk00015,0.2903546656659901,0.2865670414413664,0.003787624224623698
d2,o_min,m050530_o_min_ord6_rk00016,0.2986054601070159,0.2865670414413664,0.012038418665649475
d2,o_min,m050531_o_min_ord6_rk00017,0.2631656338585673,0.2865670414413664,-0.023401407582799127
d2,o_min,m050532_o_min_ord6_rk00018,0.2827132664966928,0.2865670414413664,-0.0038537749446735936
d2,o_min,m050533_o_min_ord6_rk00019,0.310359821356433,0.2865670414413664,0.023792779915066564
d2,o_min,m050534_o_min_ord6_rk00020,0.3014193730613436,0.2865670414413664,0.014852331619977177
d2,o_min,m051515_o_min_ord7_rk00001,0.2963969802837903,0.2865670414413664,0.009829938842423891
d2,o_min,m051516_o_min_ord7_rk00002,0.3050968038137116,0.2865670414413664,0.018529762372345215
d2,o_min,m051517_o_min_ord7_rk00003,0.3110033017381663,0.2865670414413664,0.024436260296799905
d2,o_min,m051518_o_min_ord7_rk00004,0.2500093875032037,0.2865670414413664,-0.03655765393816274
d2,o_min,m051519_o_min_ord7_rk00005,0.310724633073703,0.2865670414413664,0.024157591632336606
d2,o_min,m051520_o_min_ord7_rk00006,0.2361089661947563,0.2865670414413664,-0.05045807524661011
d2,o_min,m051521_o_min_ord7_rk00007,0.3046967360023672,0.2865670414413664,0.018129694561000775
d2,o_min,m051522_o_min_ord7_rk00008,0.3020956116665958,0.2865670414413664,0.01552857022522941
d2,o_min,m051523_o_min_ord7_rk00009,0.316017543445124,0.2865670414413664,0.029450502003757595
d2,o_min,m051524_o_min_ord7_rk00010,0.2792575198707484,0.2865670414413664,-0.007309521570617983
d2,o_min,m051525_o_min_ord7_rk00011,0.2979289313485582,0.2865670414413664,0.01136188990719178
d2,o_min,m051526_o_min_ord7_rk00012,0.2962634397858283,0.2865670414413664,0.009696398344461898
d2,o_min,m051527_o_min_ord7_rk00013,0.2788865171858353,0.2865670414413664,-0.007680524255531118
d2,o_min,m051528_o_min_ord7_rk00014,0.2682559093957456,0.2865670414413664,-0.018311132045620793
d2,o_min,m051529_o_min_ord7_rk00015,0.2981116773068046,0.2865670414413664,0.011544635865438191
d2,o_min,m051530_o_min_ord7_rk00016,0.2876335155298151,0.2865670414413664,0.0010664740884486767
d2,o_min,m051531_o_min_ord7_rk00017,0.2764933740254962,0.2865670414413664,-0.010073667415870236
d2,o_min,m051532_o_min_ord7_rk00018,0.3282909165033355,0.2865670414413664,0.04172387506196906
d2,o_min,m051533_o_min_ord7_rk00019,0.3102419697680532,0.2865670414413664,0.023674928326686773
d2,o_min,m051534_o_min_ord7_rk00020,0.3069640407471712,0.2865670414413664,0.020396999305804797
d2,o_min,m052515_o_min_ord8_rk00001,0.3152935106767822,0.2865670414413664,0.028726469235415775
d2,o_min,m052516_o_min_ord8_rk00002,0.3073331165479042,0.2865670414413664,0.020766075106537774
d2,o_min,m052517_o_min_ord8_rk00003,0.3203844363291747,0.2865670414413664,0.03381739488780827
d2,o_min,m052518_o_min_ord8_rk00004,0.2697252689577445,0.2865670414413664,-0.016841772483621897
d2,o_min,m052519_o_min_ord8_rk00005,0.3044105161382006,0.2865670414413664,0.017843474696834172
d2,o_min,m052520_o_min_ord8_rk00006,0.3178858637125521,0.2865670414413664,0.03131882227118571
d2,o_min,m052521_o_min_ord8_rk00007,0.2669634510185904,0.2865670414413664,-0.019603590422775985
d2,o_min,m052522_o_min_ord8_rk00008,0.3144506165020121,0.2865670414413664,0.027883575060645704
d2,o_min,m052523_o_min_ord8_rk00009,0.2735941114757027,0.2865670414413664,-0.012972929965663738
d2,o_min,m052524_o_min_ord8_rk00010,0.2790752091121307,0.2865670414413664,-0.007491832329235726
d2,o_min,m052525_o_min_ord8_rk00011,0.304790163533157,0.2865670414413664,0.01822312209179061
d2,o_min,m052526_o_min_ord8_rk00012,0.3100910134386994,0.2865670414413664,0.02352397199733297
d2,o_min,m052527_o_min_ord8_rk00013,0.3072691668694417,0.2865670414413664,0.020702125428075313
d2,o_min,m052528_o_min_ord8_rk00014,0.313426874155558,0.2865670414413664,0.026859832714191567
d2,o_min,m052529_o_min_ord8_rk00015,0.2730111918975687,0.2865670414413664,-0.013555849543797738
d2,o_min,m052530_o_min_ord8_rk00016,0.2708873479731299,0.2865670414413664,-0.0156796934682365
d2,o_min,m052531_o_min_ord8_rk00017,0.2613608042136904,0.2865670414413664,-0.02520623722767601
d2,o_min,m052532_o_min_ord8_rk00018,0.2555961736319712,0.2865670414413664,-0.03097086780939523
d2,o_min,m052533_o_min_ord8_rk00019,0.3097309201424723,0.2865670414413664,0.023163878701105867
d2,o_min,m052534_o_min_ord8_rk00020,0.2993953273614246,0.2865670414413664,0.012828285920058191
d2,o_min,m053515_o_min_ord9_rk00001,0.3021552826473115,0.2865670414413664,0.015588241205945097
d2,o_min,m053516_o_min_ord9_rk00002,0.2930402621099263,0.2865670414413664,0.006473220668559876
d2,o_min,m053517_o_min_ord9_rk00003,0.3254555482354003,0.2865670414413664,0.038888506794033884
d2,o_min,m053518_o_min_ord9_rk00004,0.2893365479381216,0.2865670414413664,0.0027695064967551697
d2,o_min,m053519_o_min_ord9_rk00005,0.3054129580890591,0.2865670414413664,0.018845916647692695
d2,o_min,m053520_o_min_ord9_rk00006,0.3157906229424486,0.2865670414413664,0.029223581501082174
d2,o_min,m053521_o_min_ord9_rk00007,0.3186212180210948,0.2865670414413664,0.032054176579728366
d2,o_min,m053522_o_min_ord9_rk00008,0.2902302516789362,0.2865670414413664,0.0036632102375697695
d2,o_min,m053523_o_min_ord9_rk00009,0.3132203507738259,0.2865670414413664,0.026653309332459463
d2,o_min,m053524_o_min_ord9_rk00010,0.3016744287992482,0.2865670414413664,0.015107387357881807
d2,o_min,m053525_o_min_ord9_rk00011,0.3156052309776896,0.2865670414413664,0.0290381895363232
d2,o_min,m053526_o_min_ord9_rk00012,0.3068717370693811,0.2865670414413664,0.02030469562801468
d2,o_min,m053527_o_min_ord9_rk00013,0.3158066939009946,0.2865670414413664,0.029239652459628174
d2,o_min,m053528_o_min_ord9_rk00014,0.3081695841209312,0.2865670414413664,0.021602542679564796
d2,o_min,m053529_o_min_ord9_rk00015,0.3123879304995481,0.2865670414413664,0.025820889058181695
d2,o_min,m053530_o_min_ord9_rk00016,0.3271718623982002,0.2865670414413664,0.040604820956833765
d2,o_min,m053531_o_min_ord9_rk00017,0.3193766001815917,0.2865670414413664,0.032809558740225286
d2,o_min,m053532_o_min_ord9_rk00018,0.2897637731334198,0.2865670414413664,0.0031967316920533673
d2,o_min,m053533_o_min_ord9_rk00019,0.3251349540859681,0.2865670414413664,0.03856791264460169
d2,o_min,m053534_o_min_ord9_rk00020,0.3157267703571852,0.2865670414413664,0.029159728915818806
d2,o_min,m054515_o_min_ord10_rk00001,0.2836642571500776,0.2865670414413664,-0.002902784291288818
d2,o_min,m054516_o_min_ord10_rk00002,0.2983726410440723,0.2865670414413664,0.011805599602705885
d2,o_min,m054517_o_min_ord10_rk00003,0.3236050549029892,0.2865670414413664,0.037038013461622776
d2,o_min,m054518_o_min_ord10_rk00004,0.2780069498012478,0.2865670414413664,-0.008560091640118617
d2,o_min,m054519_o_min_ord10_rk00005,0.2941130874762807,0.2865670414413664,0.007546046034914267
d2,o_min,m054520_o_min_ord10_rk00006,0.268690375193156,0.2865670414413664,-0.017876666248210438
d2,o_min,m054521_o_min_ord10_rk00007,0.2833250968120966,0.2865670414413664,-0.0032419446292697995
d2,o_min,m054522_o_min_ord10_rk00008,0.2964427341405068,0.2865670414413664,0.009875692699140404
d2,o_min,m054523_o_min_ord10_rk00009,0.2857926405975416,0.2865670414413664,-0.0007744008438247962
d2,o_min,m054524_o_min_ord10_rk00010,0.2942490032015369,0.2865670414413664,0.007681961760170497
d2,o_min,m054525_o_min_ord10_rk00011,0.3215721648787454,0.2865670414413664,0.03500512343737899
d2,o_min,m054526_o_min_ord10_rk00012,0.3152318209989824,0.2865670414413664,0.028664779557615983
d2,o_min,m054527_o_min_ord10_rk00013,0.3203045212294084,0.2865670414413664,0.03373747978804198
d2,o_min,m054528_o_min_ord10_rk00014,0.314534111687231,0.2865670414413664,0.02796707024586459
d2,o_min,m054529_o_min_ord10_rk00015,0.3138753362829577,0.2865670414413664,0.027308294841591307
d2,o_min,m054530_o_min_ord10_rk00016,0.3079628778361255,0.2865670414413664,0.021395836394759116
d2,o_min,m054531_o_min_ord10_rk00017,0.2962468543472488,0.2865670414413664,0.009679812905882379
d2,o_min,m054532_o_min_ord10_rk00018,0.2360374178936664,0.2865670414413664,-0.05052962354770002
d2,o_min,m054533_o_min_ord10_rk00019,0.3189035264427922,0.2865670414413664,0.032336485001425774
d2,o_min,m054534_o_min_ord10_rk00020,0.3155637684744495,0.2865670414413664,0.028996727033083092
d2,o_min,m055515_o_min_ord11_rk00001,0.2777606157643273,0.2865670414413664,-0.008806425677039098
d2,o_min,m055516_o_min_ord11_rk00002,0.3121654237321175,0.2865670414413664,0.025598382290751065
d2,o_min,m055517_o_min_ord11_rk00003,0.2962584641177551,0.2865670414413664,0.009691422676388672
d2,o_min,m055518_o_min_ord11_rk00004,0.3000986164443817,0.2865670414413664,0.013531575003015273
d2,o_min,m055519_o_min_ord11_rk00005,0.3148449301589913,0.2865670414413664,0.028277888717624877
d2,o_min,m055520_o_min_ord11_rk00006,0.2891618699628271,0.2865670414413664,0.0025948285214607014
d2,o_min,m055521_o_min_ord11_rk00007,0.3004831643982606,0.2865670414413664,0.013916122956894206
d2,o_min,m055522_o_min_ord11_rk00008,0.2559969378418489,0.2865670414413664,-0.030570103599517506
d2,o_min,m055523_o_min_ord11_rk00009,0.3031425855237767,0.2865670414413664,0.0165755440824103
d2,o_min,m055524_o_min_ord11_rk00010,0.3118158555574835,0.2865670414413664,0.02524881411611707
d2,o_min,m055525_o_min_ord11_rk00011,0.2977018673950435,0.2865670414413664,0.011134825953677097
d2,o_min,m055526_o_min_ord11_rk00012,0.302013781488726,0.2865670414413664,0.015446740047359575
d2,o_min,m055527_o_min_ord11_rk00013,0.3154805940474872,0.2865670414413664,0.028913552606120774
d2,o_min,m055528_o_min_ord11_rk00014,0.2919452338782787,0.2865670414413664,0.005378192436912288
d2,o_min,m055529_o_min_ord11_rk00015,0.280581917256377,0.2865670414413664,-0.005985124184989421
d2,o_min,m055530_o_min_ord11_rk00016,0.3090658001244274,0.2865670414413664,0.022498758683061004
d2,o_min,m055531_o_min_ord11_rk00017,0.2931338194038594,0.2865670414413664,0.006566777962492998
d2,o_min,m055532_o_min_ord11_rk00018,0.2842969468169821,0.2865670414413664,-0.0022700946243843223
d2,o_min,m055533_o_min_ord11_rk00019,0.3028538847135494,0.2865670414413664,0.016286843272182994
d2,o_min,m055534_o_min_ord11_rk00020,0.308363954449619,0.2865670414413664,0.021796913008252594
d2,o_min,m056515_o_min_ord12_rk00001,0.2743677586731566,0.2865670414413664,-0.012199282768209807
d2,o_min,m056516_o_min_ord12_rk00002,0.3012129391795012,0.2865670414413664,0.014645897738134794
d2,o_min,m056517_o_min_ord12_rk00003,0.2975084139086371,0.2865670414413664,0.010941372467270671
d2,o_min,m056518_o_min_ord12_rk00004,0.2769255607036064,0.2865670414413664,-0.00964148073776
d2,o_min,m056519_o_min_ord12_rk00005,0.3091476509197614,0.2865670414413664,0.022580609478394964
d2,o_min,m056520_o_min_ord12_rk00006,0.2848827319797424,0.2865670414413664,-0.0016843094616240117
d2,o_min,m056521_o_min_ord12_rk00007,0.2798841794282051,0.2865670414413664,-0.006682862013161317
d2,o_min,m056522_o_min_ord12_rk00008,0.2724278017726439,0.2865670414413664,-0.014139239668722492
d2,o_min,m056523_o_min_ord12_rk00009,0.2773661684072649,0.2865670414413664,-0.009200873034101498
d2,o_min,m056524_o_min_ord12_rk00010,0.2646717871929317,0.2865670414413664,-0.021895254248434692
d2,o_min,m056525_o_min_ord12_rk00011,0.2698934216711294,0.2865670414413664,-0.016673619770237014
d2,o_min,m056526_o_min_ord12_rk00012,0.2778151605919041,0.2865670414413664,-0.008751880849462323
d2,o_min,m056527_o_min_ord12_rk00013,0.3091545127305364,0.2865670414413664,0.02258747128916999
d2,o_min,m056528_o_min_ord12_rk00014,0.2998252527170184,0.2865670414413664,0.013258211275651965
d2,o_min,m056529_o_min_ord12_rk00015,0.312936077592055,0.2865670414413664,0.026369036150688585
d2,o_min,m056530_o_min_ord12_rk00016,0.2674915244750828,0.2865670414413664,-0.019075516966283623
d2,o_min,m056531_o_min_ord12_rk00017,0.3050096981202173,0.2865670414413664,0.018442656678850866
d2,o_min,m056532_o_min_ord12_rk00018,0.2996367115534926,0.2865670414413664,0.013069670112126175
d2,o_min,m056533_o_min_ord12_rk00019,0.2988236374972488,0.2865670414413664,0.012256596055882363
d2,o_min,m056534_o_min_ord12_rk00020,0.2836587450625994,0.2865670414413664,-0.0029082963787669946
d2,o_min,m057515_o_min_ord13_rk00001,0.2783852055466072,0.2865670414413664,-0.008181835894759237
d2,o_min,m057516_o_min_ord13_rk00002,0.2560459361747595,0.2865670414413664,-0.030521105266606896
d2,o_min,m057517_o_min_ord13_rk00003,0.2946925617233704,0.2865670414413664,0.008125520282003973
d2,o_min,m057518_o_min_ord13_rk00004,0.2665070595950537,0.2865670414413664,-0.02005998184631269
d2,o_min,m057519_o_min_ord13_rk00005,0.2841907997797273,0.2865670414413664,-0.0023762416616391335
d2,o_min,m057520_o_min_ord13_rk00006,0.2769575838716993,0.2865670414413664,-0.009609457569667135
d2,o_min,m057521_o_min_ord13_rk00007,0.2783778780635207,0.2865670414413664,-0.008189163377845698
d2,o_min,m057522_o_min_ord13_rk00008,0.2857696139002735,0.2865670414413664,-0.0007974275410929099
d2,o_min,m057523_o_min_ord13_rk00009,0.2834177298457933,0.2865670414413664,-0.0031493115955731343
d2,o_min,m057524_o_min_ord13_rk00010,0.3066471636548959,0.2865670414413664,0.020080122213529505
d2,o_min,m057525_o_min_ord13_rk00011,0.3110634912055393,0.2865670414413664,0.024496449764172867
d2,o_min,m057526_o_min_ord13_rk00012,0.2999658554585952,0.2865670414413664,0.01339881401722881
d2,o_min,m057527_o_min_ord13_rk00013,0.2809813031512709,0.2865670414413664,-0.00558573829009551
d2,o_min,m057528_o_min_ord13_rk00014,0.3083174387402945,0.2865670414413664,0.02175039729892808
d2,o_min,m057529_o_min_ord13_rk00015,0.3007511387011072,0.2865670414413664,0.014184097259740791
d2,o_min,m057530_o_min_ord13_rk00016,0.2815928570607752,0.2865670414413664,-0.004974184380591218
d2,o_min,m057531_o_min_ord13_rk00017,0.3053619181131422,0.2865670414413664,0.018794876671775762
d2,o_min,m057532_o_min_ord13_rk00018,0.2895033433219617,0.2865670414413664,0.0029363018805952934
d2,o_min,m057533_o_min_ord13_rk00019,0.2897371428844845,0.2865670414413664,0.0031701014431180785
d2,o_min,m057534_o_min_ord13_rk00020,0.3114594983385692,0.2865670414413664,0.024892456897202764
d2,o_min,m058515_o_min_ord14_rk00001,0.2695197175708086,0.2865670414413664,-0.017047323870557796
d2,o_min,m058516_o_min_ord14_rk00002,0.2768305129875718,0.2865670414413664,-0.009736528453794635
d2,o_min,m058517_o_min_ord14_rk00003,0.2757743067023007,0.2865670414413664,-0.010792734739065724
d2,o_min,m058518_o_min_ord14_rk00004,0.2946470775138791,0.2865670414413664,0.008080036072512675
d2,o_min,m058519_o_min_ord14_rk00005,0.282260208493317,0.2865670414413664,-0.004306832948049399
d2,o_min,m058520_o_min_ord14_rk00006,0.2885187221062788,0.2865670414413664,0.001951680664912414
d2,o_min,m058521_o_min_ord14_rk00007,0.3168497771404038,0.2865670414413664,0.03028273569903739
d2,o_min,m058522_o_min_ord14_rk00008,0.2664174304379421,0.2865670414413664,-0.020149611003424328
d2,o_min,m058523_o_min_ord14_rk00009,0.3088348946199425,0.2865670414413664,0.022267853178576102
d2,o_min,m058524_o_min_ord14_rk00010,0.2826144821728716,0.2865670414413664,-0.003952559268494804
d2,o_min,m058525_o_min_ord14_rk00011,0.2794146136763141,0.2865670414413664,-0.007152427765052316
d2,o_min,m058526_o_min_ord14_rk00012,0.3042374326441954,0.2865670414413664,0.017670391202828983
d2,o_min,m058527_o_min_ord14_rk00013,0.3205945524440611,0.2865670414413664,0.03402751100269469
d2,o_min,m058528_o_min_ord14_rk00014,0.3182916192414847,0.2865670414413664,0.03172457780011828
d2,o_min,m058529_o_min_ord14_rk00015,0.2754524939675916,0.2865670414413664,-0.011114547473774827
d2,o_min,m058530_o_min_ord14_rk00016,0.29221935929107,0.2865670414413664,0.005652317849703603
d2,o_min,m058531_o_min_ord14_rk00017,0.2573915448942151,0.2865670414413664,-0.02917549654715129
d2,o_min,m058532_o_min_ord14_rk00018,0.3180586950894678,0.2865670414413664,0.031491653648101414
d2,o_min,m058533_o_min_ord14_rk00019,0.2801378051224931,0.2865670414413664,-0.0064292363188733215
d2,o_min,m058534_o_min_ord14_rk00020,0.3195165312696225,0.2865670414413664,0.03294948982825607
d2,o_min,m059515_o_min_ord15_rk00001,0.2397536659169793,0.2865670414413664,-0.04681337552438711
d2,o_min,m059516_o_min_ord15_rk00002,0.3165158490310145,0.2865670414413664,0.029948807589648074
d2,o_min,m059517_o_min_ord15_rk00003,0.2752109693424704,0.2865670414413664,-0.011356072098895997
d2,o_min,m059518_o_min_ord15_rk00004,0.3138964709653269,0.2865670414413664,0.027329429523960502
d2,o_min,m059519_o_min_ord15_rk00005,0.2747736228914724,0.2865670414413664,-0.01179341854989402
d2,o_min,m059520_o_min_ord15_rk00006,0.2778940483494493,0.2865670414413664,-0.008672993091917103
d2,o_min,m059521_o_min_ord15_rk00007,0.3208882635062698,0.2865670414413664,0.0343212220649034
d2,o_min,m059522_o_min_ord15_rk00008,0.3068754784290342,0.2865670414413664,0.020308436987667766
d2,o_min,m059523_o_min_ord15_rk00009,0.3228947765685087,0.2865670414413664,0.03632773512714227
d2,o_min,m059524_o_min_ord15_rk00010,0.2711103850746105,0.2865670414413664,-0.015456656366755916
d2,o_min,m059525_o_min_ord15_rk00011,0.2596284225865543,0.2865670414413664,-0.026938618854812135
d2,o_min,m059526_o_min_ord15_rk00012,0.3196273689347622,0.2865670414413664,0.03306032749339577
d2,o_min,m059527_o_min_ord15_rk00013,0.2900292503295248,0.2865670414413664,0.0034622088881584023
d2,o_min,m059528_o_min_ord15_rk00014,0.3228610231566162,0.2865670414413664,0.03629398171524978
d2,o_min,m059529_o_min_ord15_rk00015,0.2931146422110117,0.2865670414413664,0.006547600769645279
d2,o_min,m059530_o_min_ord15_rk00016,0.2975029527361429,0.2865670414413664,0.010935911294776501
d2,o_min,m059531_o_min_ord15_rk00017,0.2591430195004617,0.2865670414413664,-0.027424021940904708
d2,o_min,m059532_o_min_ord15_rk00018,0.3260126275469306,0.2865670414413664,0.0394455861055642
d2,o_min,m059533_o_min_ord15_rk00019,0.2457279151053096,0.2865670414413664,-0.0408391263360568
d2,o_min,m059534_o_min_ord15_rk00020,0.3229664447514294,0.2865670414413664,0.03639940331006297
d2,o_min,m060515_o_min_ord16_rk00001,0.3160062990879394,0.2865670414413664,0.029439257646573014
d2,o_min,m060516_o_min_ord16_rk00002,0.3109401630344688,0.2865670414413664,0.024373121593102398
d2,o_min,m060517_o_min_ord16_rk00003,0.3036860404928549,0.2865670414413664,0.017118999051488504
d2,o_min,m060518_o_min_ord16_rk00004,0.3166265380317457,0.2865670414413664,0.030059496590379264
d2,o_min,m060519_o_min_ord16_rk00005,0.3192038648358145,0.2865670414413664,0.03263682339444807
d2,o_min,m060520_o_min_ord16_rk00006,0.2707349697081497,0.2865670414413664,-0.015832071733216713
d2,o_min,m060521_o_min_ord16_rk00007,0.3135566946466752,0.2865670414413664,0.026989653205308772
d2,o_min,m060522_o_min_ord16_rk00008,0.3107191994851914,0.2865670414413664,0.02415215804382498
d2,o_min,m060523_o_min_ord16_rk00009,0.2844964213461107,0.2865670414413664,-0.0020706200952557152
d2,o_min,m060524_o_min_ord16_rk00010,0.318648083009042,0.2865670414413664,0.032081041567675606
d2,o_min,m060525_o_min_ord16_rk00011,0.3094094405127887,0.2865670414413664,0.02284239907142227
d2,o_min,m060526_o_min_ord16_rk00012,0.2761460566182421,0.2865670414413664,-0.010420984823124313
d2,o_min,m060527_o_min_ord16_rk00013,0.309580086057727,0.2865670414413664,0.02301304461636061
d2,o_min,m060528_o_min_ord16_rk00014,0.2987233260870237,0.2865670414413664,0.012156284645657267
d2,o_min,m060529_o_min_ord16_rk00015,0.2941022044670753,0.2865670414413664,0.007535163025708891
d2,o_min,m060530_o_min_ord16_rk00016,0.3178913126116973,0.2865670414413664,0.031324271170330875
d2,o_min,m060531_o_min_ord16_rk00017,0.3091008525201996,0.2865670414413664,0.022533811078833177
d2,o_min,m060532_o_min_ord16_rk00018,0.2638119995046407,0.2865670414413664,-0.02275504193672573
d2,o_min,m060533_o_min_ord16_rk00019,0.2737677573631316,0.2865670414413664,-0.01279928407823483
d2,o_min,m060534_o_min_ord16_rk00020,0.2664135636282633,0.2865670414413664,-0.020153477813103116
d2,o_min,m061515_o_min_ord17_rk00001,0.3152541956533784,0.2865670414413664,0.02868715421201201
d2,o_min,m061516_o_min_ord17_rk00002,0.2783048318186875,0.2865670414413664,-0.008262209622678929
d2,o_min,m061517_o_min_ord17_rk00003,0.318899622171176,0.2865670414413664,0.0323325807298096
d2,o_min,m061518_o_min_ord17_rk00004,0.2913286502296945,0.2865670414413664,0.004761608788328098
d2,o_min,m061519_o_min_ord17_rk00005,0.3092390268021192,0.2865670414413664,0.022671985360752767
d2,o_min,m061520_o_min_ord17_rk00006,0.2900477421852961,0.2865670414413664,0.003480700743929699
d2,o_min,m061521_o_min_ord17_rk00007,0.2808237069172045,0.2865670414413664,-0.005743334524161925
d2,o_min,m061522_o_min_ord17_rk00008,0.3070068374991888,0.2865670414413664,0.020439796057822368
d2,o_min,m061523_o_min_ord17_rk00009,0.3197414448766814,0.2865670414413664,0.03317440343531497
d2,o_min,m061524_o_min_ord17_rk00010,0.2899986985919141,0.2865670414413664,0.0034316571505476623
d2,o_min,m061525_o_min_ord17_rk00011,0.2688996184027497,0.2865670414413664,-0.017667423038616736
d2,o_min,m061526_o_min_ord17_rk00012,0.3180422944406995,0.2865670414413664,0.03147525299933307
d2,o_min,m061527_o_min_ord17_rk00013,0.3071847627268851,0.2865670414413664,0.020617721285518698
d2,o_min,m061528_o_min_ord17_rk00014,0.3168390589882132,0.2865670414413664,0.030272017546846774
d2,o_min,m061529_o_min_ord17_rk00015,0.2791665891076126,0.2865670414413664,-0.007400452333753804
d2,o_min,m061530_o_min_ord17_rk00016,0.2909789994077486,0.2865670414413664,0.004411957966382163
d2,o_min,m061531_o_min_ord17_rk00017,0.3029619541797275,0.2865670414413664,0.016394912738361078
d2,o_min,m061532_o_min_ord17_rk00018,0.3063714037119616,0.2865670414413664,0.019804362270595177
d2,o_min,m061533_o_min_ord17_rk00019,0.2924387375513281,0.2865670414413664,0.005871696109961688
d2,o_min,m061534_o_min_ord17_rk00020,0.3180501772418481,0.2865670414413664,0.031483135800481676
d2,o_min,m062515_o_min_ord18_rk00001,0.2648456491022459,0.2865670414413664,-0.021721392339120515
d2,o_min,m062516_o_min_ord18_rk00002,0.3143151533861515,0.2865670414413664,0.027748111944785103
d2,o_min,m062517_o_min_ord18_rk00003,0.3172578094842521,0.2865670414413664,0.030690768042885674
d2,o_min,m062518_o_min_ord18_rk00004,0.2691151870224182,0.2865670414413664,-0.0174518544189482
d2,o_min,m062519_o_min_ord18_rk00005,0.3129647786496318,0.2865670414413664,0.02639773720826538
d2,o_min,m062520_o_min_ord18_rk00006,0.2807898410571058,0.2865670414413664,-0.005777200384260606
d2,o_min,m062521_o_min_ord18_rk00007,0.3132059646755388,0.2865670414413664,0.026638923234172385
d2,o_min,m062522_o_min_ord18_rk00008,0.3133039134951509,0.2865670414413664,0.0267368720537845
d2,o_min,m062523_o_min_ord18_rk00009,0.3116890448975509,0.2865670414413664,0.025122003456184483
d2,o_min,m062524_o_min_ord18_rk00010,0.3166733286745904,0.2865670414413664,0.030106287233224005
d2,o_min,m062525_o_min_ord18_rk00011,0.2777270419783233,0.2865670414413664,-0.008839999463043091
d2,o_min,m062526_o_min_ord18_rk00012,0.2988982619911811,0.2865670414413664,0.01233122054981467
d2,o_min,m062527_o_min_ord18_rk00013,0.317267536713997,0.2865670414413664,0.03070049527263058
d2,o_min,m062528_o_min_ord18_rk00014,0.2689618464608752,0.2865670414413664,-0.017605194980491234
d2,o_min,m062529_o_min_ord18_rk00015,0.2537118691957906,0.2865670414413664,-0.032855172245575825
d2,o_min,m062530_o_min_ord18_rk00016,0.2776797042177281,0.2865670414413664,-0.008887337223638325
d2,o_min,m062531_o_min_ord18_rk00017,0.2723863919651875,0.2865670414413664,-0.01418064947617892
d2,o_min,m062532_o_min_ord18_rk00018,0.2584029330238865,0.2865670414413664,-0.028164108417479905
d2,o_min,m062533_o_min_ord18_rk00019,0.2760828449122032,0.2865670414413664,-0.010484196529163214
d2,o_min,m062534_o_min_ord18_rk00020,0.3190677653987662,0.2865670414413664,0.03250072395739978
d2,o_min,m063515_o_min_ord19_rk00001,0.3083084240015422,0.2865670414413664,0.02174138256017577
d2,o_min,m063516_o_min_ord19_rk00002,0.2689006566520462,0.2865670414413664,-0.0176663847893202
d2,o_min,m063517_o_min_ord19_rk00003,0.2748604637857549,0.2865670414413664,-0.011706577655611505
d2,o_min,m063518_o_min_ord19_rk00004,0.2877250984021083,0.2865670414413664,0.0011580569607418933
d2,o_min,m063519_o_min_ord19_rk00005,0.3149050764865656,0.2865670414413664,0.028338035045199217
d2,o_min,m063520_o_min_ord19_rk00006,0.3129965813795676,0.2865670414413664,0.026429539938201185
d2,o_min,m063521_o_min_ord19_rk00007,0.2991728722952828,0.2865670414413664,0.012605830853916367
d2,o_min,m063522_o_min_ord19_rk00008,0.2976546198655996,0.2865670414413664,0.011087578424233191
d2,o_min,m063523_o_min_ord19_rk00009,0.3102817650584478,0.2865670414413664,0.02371472361708138
d2,o_min,m063524_o_min_ord19_rk00010,0.2971693420633672,0.2865670414413664,0.010602300622000793
d2,o_min,m063525_o_min_ord19_rk00011,0.2631208105533584,0.2865670414413664,-0.023446230888008013
d2,o_min,m063526_o_min_ord19_rk00012,0.3029768567278774,0.2865670414413664,0.016409815286510976
d2,o_min,m063527_o_min_ord19_rk00013,0.2972286788529621,0.2865670414413664,0.010661637411595704
d2,o_min,m063528_o_min_ord19_rk00014,0.3077996911965722,0.2865670414413664,0.02123264975520578
d2,o_min,m063529_o_min_ord19_rk00015,0.2700868692237457,0.2865670414413664,-0.016480172217620714
d2,o_min,m063530_o_min_ord19_rk00016,0.2611951765936807,0.2865670414413664,-0.02537186484768572
d2,o_min,m063531_o_min_ord19_rk00017,0.2664673415357869,0.2865670414413664,-0.020099699905579527
d2,o_min,m063532_o_min_ord19_rk00018,0.2416153982865913,0.2865670414413664,-0.04495164315477512
d2,o_min,m063533_o_min_ord19_rk00019,0.313529145372785,0.2865670414413664,0.02696210393141857
d2,o_min,m063534_o_min_ord19_rk00020,0.294620389708109,0.2865670414413664,0.008053348266742588
d2,o_min,m064515_o_min_ord20_rk00001,0.3124934927728416,0.2865670414413664,0.025926451331475198
d2,o_min,m064516_o_min_ord20_rk00002,0.2872409742578854,0.2865670414413664,0.0006739328165190073
d2,o_min,m064517_o_min_ord20_rk00003,0.3181446514442977,0.2865670414413664,0.0315776100029313
d2,o_min,m064518_o_min_ord20_rk00004,0.2621342228878246,0.2865670414413664,-0.02443281855354179
d2,o_min,m064519_o_min_ord20_rk00005,0.311187445629662,0.2865670414413664,0.024620404188295586
d2,o_min,m064520_o_min_ord20_rk00006,0.306837261164513,0.2865670414413664,0.020270219723146576
d2,o_min,m064521_o_min_ord20_rk00007,0.2513469464969715,0.2865670414413664,-0.03522009494439493
d2,o_min,m064522_o_min_ord20_rk00008,0.286077036827711,0.2865670414413664,-0.0004900046136553926
d2,o_min,m064523_o_min_ord20_rk00009,0.2732942569616046,0.2865670414413664,-0.013272784479761823
d2,o_min,m064524_o_min_ord20_rk00010,0.3205157828222705,0.2865670414413664,0.03394874138090409
d2,o_min,m064525_o_min_ord20_rk00011,0.3017955837866836,0.2865670414413664,0.015228542345317175
d2,o_min,m064526_o_min_ord20_rk00012,0.2726756669753112,0.2865670414413664,-0.013891374466055206
d2,o_min,m064527_o_min_ord20_rk00013,0.3213106986437669,0.2865670414413664,0.03474365720240047
d2,o_min,m064528_o_min_ord20_rk00014,0.288709901023452,0.2865670414413664,0.002142859582085599
d2,o_min,m064529_o_min_ord20_rk00015,0.3202064120539176,0.2865670414413664,0.03363937061255118
d2,o_min,m064530_o_min_ord20_rk00016,0.302056089654564,0.2865670414413664,0.015489048213197576
d2,o_min,m064531_o_min_ord20_rk00017,0.3144359675599963,0.2865670414413664,0.0278689261186299
d2,o_min,m064532_o_min_ord20_rk00018,0.2965374920992969,0.2865670414413664,0.009970450657930507
d2,o_min,m064533_o_min_ord20_rk00019,0.3077326968600392,0.2865670414413664,0.02116565541867277
d2,o_min,m064534_o_min_ord20_rk00020,0.3191517038499639,0.2865670414413664,0.032584662408597476
d2,o_min,m065515_o_min_ord21_rk00001,0.2844428634211348,0.2865670414413664,-0.0021241780202316263
d2,o_min,m065516_o_min_ord21_rk00002,0.2898812217526326,0.2865670414413664,0.0033141803112661794
d2,o_min,m065517_o_min_ord21_rk00003,0.3104416829913692,0.2865670414413664,0.023874641550002795
d2,o_min,m065518_o_min_ord21_rk00004,0.2704404219044393,0.2865670414413664,-0.016126619536927123
d2,o_min,m065519_o_min_ord21_rk00005,0.2817737999730738,0.2865670414413664,-0.0047932414682926305
d2,o_min,m065520_o_min_ord21_rk00006,0.2841541958663665,0.2865670414413664,-0.0024128455749999334
d2,o_min,m065521_o_min_ord21_rk00007,0.2930120044873259,0.2865670414413664,0.006444963045959484
d2,o_min,m065522_o_min_ord21_rk00008,0.3047827779157438,0.2865670414413664,0.01821573647437741
d2,o_min,m065523_o_min_ord21_rk00009,0.2845338073649834,0.2865670414413664,-0.002033234076383006
d2,o_min,m065524_o_min_ord21_rk00010,0.3079082185737622,0.2865670414413664,0.021341177132395805
d2,o_min,m065525_o_min_ord21_rk00011,0.2897467126070299,0.2865670414413664,0.003179671165663478
d2,o_min,m065526_o_min_ord21_rk00012,0.2808539131808102,0.2865670414413664,-0.0057131282605561995
d2,o_min,m065527_o_min_ord21_rk00013,0.3100377151174787,0.2865670414413664,0.023470673676112275
d2,o_min,m065528_o_min_ord21_rk00014,0.3029714983578138,0.2865670414413664,0.016404456916447374
d2,o_min,m065529_o_min_ord21_rk00015,0.3047081109470944,0.2865670414413664,0.01814106950572797
d2,o_min,m065530_o_min_ord21_rk00016,0.3065358030249395,0.2865670414413664,0.01996876158357308
d2,o_min,m065531_o_min_ord21_rk00017,0.2932750162669919,0.2865670414413664,0.006707974825625462
d2,o_min,m065532_o_min_ord21_rk00018,0.2781593723244595,0.2865670414413664,-0.008407669116906935
d2,o_min,m065533_o_min_ord21_rk00019,0.3011266107108712,0.2865670414413664,0.014559569269504802
d2,o_min,m065534_o_min_ord21_rk00020,0.2859463637783602,0.2865670414413664,-0.0006206776630062194
d2,o_min,m066515_o_min_ord22_rk00001,0.2906298000232643,0.2865670414413664,0.004062758581897863
d2,o_min,m066516_o_min_ord22_rk00002,0.2960237477939321,0.2865670414413664,0.00945670635256568
d2,o_min,m066517_o_min_ord22_rk00003,0.2496415719733332,0.2865670414413664,-0.03692546946803321
d2,o_min,m066518_o_min_ord22_rk00004,0.2777747652290668,0.2865670414413664,-0.00879227621229961
d2,o_min,m066519_o_min_ord22_rk00005,0.2922296935636117,0.2865670414413664,0.005662652122245315
d2,o_min,m066520_o_min_ord22_rk00006,0.302252103960521,0.2865670414413664,0.01568506251915458
d2,o_min,m066521_o_min_ord22_rk00007,0.3068189688372571,0.2865670414413664,0.020251927395890712
d2,o_min,m066522_o_min_ord22_rk00008,0.2914384147118434,0.2865670414413664,0.004871373270476986
d2,o_min,m066523_o_min_ord22_rk00009,0.2801010555094715,0.2865670414413664,-0.006465985931894902
d2,o_min,m066524_o_min_ord22_rk00010,0.26129152899271,0.2865670414413664,-0.02527551244865639
d2,o_min,m066525_o_min_ord22_rk00011,0.2872840540479848,0.2865670414413664,0.0007170126066183835
d2,o_min,m066526_o_min_ord22_rk00012,0.2668659369206188,0.2865670414413664,-0.019701104520747637
d2,o_min,m066527_o_min_ord22_rk00013,0.3005313856525283,0.2865670414413664,0.013964344211161883
d2,o_min,m066528_o_min_ord22_rk00014,0.2990595919204679,0.2865670414413664,0.012492550479101472
d2,o_min,m066529_o_min_ord22_rk00015,0.282622512189307,0.2865670414413664,-0.003944529252059403
d2,o_min,m066530_o_min_ord22_rk00016,0.2911452785121939,0.2865670414413664,0.0045782370708274955
d2,o_min,m066531_o_min_ord22_rk00017,0.2954047043904377,0.2865670414413664,0.00883766294907129
d2,o_min,m066532_o_min_ord22_rk00018,0.318871009530646,0.2865670414413664,0.0323039680892796
d2,o_min,m066533_o_min_ord22_rk00019,0.2831761533769495,0.2865670414413664,-0.003390888064416897
d2,o_min,m066534_o_min_ord22_rk00020,0.2949006789178212,0.2865670414413664,0.00833363747645477
d2,o_min,m067515_o_min_ord23_rk00001,0.2765623974466898,0.2865670414413664,-0.010004643994676599
d2,o_min,m067516_o_min_ord23_rk00002,0.2500726208963262,0.2865670414413664,-0.03649442054504021
d2,o_min,m067517_o_min_ord23_rk00003,0.2905666953464835,0.2865670414413664,0.003999653905117084
d2,o_min,m067518_o_min_ord23_rk00004,0.2795151176145808,0.2865670414413664,-0.0070519238267856
d2,o_min,m067519_o_min_ord23_rk00005,0.282961326597002,0.2865670414413664,-0.003605714844364394
d2,o_min,m067520_o_min_ord23_rk00006,0.2883649237314093,0.2865670414413664,0.001797882290042907
d2,o_min,m067521_o_min_ord23_rk00007,0.2752781476688443,0.2865670414413664,-0.011288893772522124
d2,o_min,m067522_o_min_ord23_rk00008,0.2833639923810892,0.2865670414413664,-0.0032030490602771855
d2,o_min,m067523_o_min_ord23_rk00009,0.2732253429074603,0.2865670414413664,-0.013341698533906099
d2,o_min,m067524_o_min_ord23_rk00010,0.30547971833491,0.2865670414413664,0.01891267689354359
d2,o_min,m067525_o_min_ord23_rk00011,0.2671769616450685,0.2865670414413664,-0.01939007979629792
d2,o_min,m067526_o_min_ord23_rk00012,0.27942773131898,0.2865670414413664,-0.007139310122386389
d2,o_min,m067527_o_min_ord23_rk00013,0.2797938101313206,0.2865670414413664,-0.006773231310045813
d2,o_min,m067528_o_min_ord23_rk00014,0.297993469124468,0.2865670414413664,0.011426427683101592
d2,o_min,m067529_o_min_ord23_rk00015,0.2814209376470495,0.2865670414413664,-0.005146103794316903
d2,o_min,m067530_o_min_ord23_rk00016,0.2703158083963671,0.2865670414413664,-0.016251233044999314
d2,o_min,m067531_o_min_ord23_rk00017,0.2703292736056055,0.2865670414413664,-0.01623776783576092
d2,o_min,m067532_o_min_ord23_rk00018,0.2854021117813393,0.2865670414413664,-0.0011649296600271253
d2,o_min,m067533_o_min_ord23_rk00019,0.2470150575701839,0.2865670414413664,-0.0395519838711825
d2,o_min,m067534_o_min_ord23_rk00020,0.283667794648431,0.2865670414413664,-0.002899246792935406
d2,o_min,m068515_o_min_ord24_rk00001,0.2955899921306967,0.2865670414413664,0.009022950689330289
d2,o_min,m068516_o_min_ord24_rk00002,0.2737041177988734,0.2865670414413664,-0.01286292364249303
d2,o_min,m068517_o_min_ord24_rk00003,0.2861212307444505,0.2865670414413664,-0.0004458106969159048
d2,o_min,m068518_o_min_ord24_rk00004,0.2920281308413814,0.2865670414413664,0.005461089400014996
d2,o_min,m068519_o_min_ord24_rk00005,0.2917363347890863,0.2865670414413664,0.005169293347719872
d2,o_min,m068520_o_min_ord24_rk00006,0.281302531565569,0.2865670414413664,-0.005264509875797407
d2,o_min,m068521_o_min_ord24_rk00007,0.254315066933488,0.2865670414413664,-0.03225197450787842
d2,o_min,m068522_o_min_ord24_rk00008,0.3025716336234286,0.2865670414413664,0.016004592182062183
d2,o_min,m068523_o_min_ord24_rk00009,0.2857843112339473,0.2865670414413664,-0.0007827302074190912
d2,o_min,m068524_o_min_ord24_rk00010,0.2953296909054148,0.2865670414413664,0.008762649464048367
d2,o_min,m068525_o_min_ord24_rk00011,0.292256165551232,0.2865670414413664,0.0056891241098656065
d2,o_min,m068526_o_min_ord24_rk00012,0.2833060903303145,0.2865670414413664,-0.003260951111051902
d2,o_min,m068527_o_min_ord24_rk00013,0.2694677734801495,0.2865670414413664,-0.017099267961216913
d2,o_min,m068528_o_min_ord24_rk00014,0.2961786096043406,0.2865670414413664,0.009611568162974204
d2,o_min,m068529_o_min_ord24_rk00015,0.2637812290100115,0.2865670414413664,-0.022785812431354913
d2,o_min,m068530_o_min_ord24_rk00016,0.2763123398396631,0.2865670414413664,-0.010254701601703331
d2,o_min,m068531_o_min_ord24_rk00017,0.2671471745425879,0.2865670414413664,-0.019419866898778504
d2,o_min,m068532_o_min_ord24_rk00018,0.2900797519609324,0.2865670414413664,0.003512710519565976
d2,o_min,m068533_o_min_ord24_rk00019,0.2933184494346833,0.2865670414413664,0.006751407993316916
d2,o_min,m068534_o_min_ord24_rk00020,0.2449361084117485,0.2865670414413664,-0.0416309330296179
d2,o_min,m069515_o_min_ord25_rk00001,0.3079689522341136,0.2865670414413664,0.02140191079274717
d2,o_min,m069516_o_min_ord25_rk00002,0.3023212134156363,0.2865670414413664,0.01575417197426987
d2,o_min,m069517_o_min_ord25_rk00003,0.3037903740270173,0.2865670414413664,0.017223332585650897
d2,o_min,m069518_o_min_ord25_rk00004,0.3083060842315169,0.2865670414413664,0.021739042790150487
d2,o_min,m069519_o_min_ord25_rk00005,0.3006592401458097,0.2865670414413664,0.014092198704443282
d2,o_min,m069520_o_min_ord25_rk00006,0.3034194551955458,0.2865670414413664,0.016852413754179396
d2,o_min,m069521_o_min_ord25_rk00007,0.2772477445200323,0.2865670414413664,-0.009319296921334097
d2,o_min,m069522_o_min_ord25_rk00008,0.2915016831144986,0.2865670414413664,0.0049346416731321785
d2,o_min,m069523_o_min_ord25_rk00009,0.2749109809449935,0.2865670414413664,-0.01165606049637291
d2,o_min,m069524_o_min_ord25_rk00010,0.2904879407194545,0.2865670414413664,0.003920899278088086
d2,o_min,m069525_o_min_ord25_rk00011,0.2983678386873472,0.2865670414413664,0.011800797245980765
d2,o_min,m069526_o_min_ord25_rk00012,0.2512745208463867,0.2865670414413664,-0.035292520594979726
d2,o_min,m069527_o_min_ord25_rk00013,0.2817205827886876,0.2865670414413664,-0.004846458652678798
d2,o_min,m069528_o_min_ord25_rk00014,0.2749654217642543,0.2865670414413664,-0.011601619677112096
d2,o_min,m069529_o_min_ord25_rk00015,0.2905447799182777,0.2865670414413664,0.003977738476911297
d2,o_min,m069530_o_min_ord25_rk00016,0.299729617940955,0.2865670414413664,0.013162576499588574
d2,o_min,m069531_o_min_ord25_rk00017,0.2902621424247048,0.2865670414413664,0.0036951009833384174
d2,o_min,m069532_o_min_ord25_rk00018,0.2901707625198683,0.2865670414413664,0.003603721078501876
d2,o_min,m069533_o_min_ord25_rk00019,0.3062995110170927,0.2865670414413664,0.019732469575726275
d2,o_min,m069534_o_min_ord25_rk00020,0.3113338076309399,0.2865670414413664,0.024766766189573464
d2,o_min,m070515_o_min_ord26_rk00001,0.299582186577257,0.2865670414413664,0.013015145135890582
d2,o_min,m070516_o_min_ord26_rk00002,0.3148141497131006,0.2865670414413664,0.02824710827173421
d2,o_min,m070517_o_min_ord26_rk00003,0.2943928559442562,0.2865670414413664,0.007825814502889772
d2,o_min,m070518_o_min_ord26_rk00004,0.2909219612925705,0.2865670414413664,0.004354919851204064
d2,o_min,m070519_o_min_ord26_rk00005,0.2942581710600154,0.2865670414413664,0.007691129618648984
d2,o_min,m070520_o_min_ord26_rk00006,0.3016427376581734,0.2865670414413664,0.015075696216806989
d2,o_min,m070521_o_min_ord26_rk00007,0.3091189891466357,0.2865670414413664,0.022551947705269304
d2,o_min,m070522_o_min_ord26_rk00008,0.3182067663054897,0.2865670414413664,0.03163972486412331
d2,o_min,m070523_o_min_ord26_rk00009,0.3073853565897326,0.2865670414413664,0.020818315148366184
d2,o_min,m070524_o_min_ord26_rk00010,0.3041651730889101,0.2865670414413664,0.017598131647543702
d2,o_min,m070525_o_min_ord26_rk00011,0.3006618811778342,0.2865670414413664,0.014094839736467801
d2,o_min,m070526_o_min_ord26_rk00012,0.2942343580667029,0.2865670414413664,0.007667316625336484
d2,o_min,m070527_o_min_ord26_rk00013,0.2933722276906227,0.2865670414413664,0.006805186249256301
d2,o_min,m070528_o_min_ord26_rk00014,0.3066251181900027,0.2865670414413664,0.0200580767486363
d2,o_min,m070529_o_min_ord26_rk00015,0.2865998110811121,0.2865670414413664,3.2769639745688917e-05
d2,o_min,m070530_o_min_ord26_rk00016,0.2963708510308437,0.2865670414413664,0.009803809589477297
d2,o_min,m070531_o_min_ord26_rk00017,0.3143143526476909,0.2865670414413664,0.02774731120632451
d2,o_min,m070532_o_min_ord26_rk00018,0.2968745740002716,0.2865670414413664,0.010307532558905208
d2,o_min,m070533_o_min_ord26_rk00019,0.2999426840308861,0.2865670414413664,0.013375642589519676
d2,o_min,m070534_o_min_ord26_rk00020,0.2789349563471663,0.2865670414413664,-0.007632085094200103
d2,o_min,m071515_o_min_ord27_rk00001,0.3051218465134712,0.2865670414413664,0.018554805072104774
d2,o_min,m071516_o_min_ord27_rk00002,0.2982358167045491,0.2865670414413664,0.011668775263182662
d2,o_min,m071517_o_min_ord27_rk00003,0.3002179221639628,0.2865670414413664,0.013650880722596404
d2,o_min,m071518_o_min_ord27_rk00004,0.2991104200309827,0.2865670414413664,0.012543378589616294
d2,o_min,m071519_o_min_ord27_rk00005,0.29930238720224,0.2865670414413664,0.012735345760873595
d2,o_min,m071520_o_min_ord27_rk00006,0.30537872124943,0.2865670414413664,0.018811679808063586
d2,o_min,m071521_o_min_ord27_rk00007,0.3083948994713177,0.2865670414413664,0.021827858029951297
d2,o_min,m071522_o_min_ord27_rk00008,0.2969231316670652,0.2865670414413664,0.010356090225698777
d2,o_min,m071523_o_min_ord27_rk00009,0.292942657274663,0.2865670414413664,0.0063756158332965995
d2,o_min,m071524_o_min_ord27_rk00010,0.3024280150089388,0.2865670414413664,0.01586097356757238
d2,o_min,m071525_o_min_ord27_rk00011,0.2982662079588222,0.2865670414413664,0.011699166517455784
d2,o_min,m071526_o_min_ord27_rk00012,0.2885750660839947,0.2865670414413664,0.002008024642628281
d2,o_min,m071527_o_min_ord27_rk00013,0.2899859800604879,0.2865670414413664,0.0034189386191215143
d2,o_min,m071528_o_min_ord27_rk00014,0.3050375300011261,0.2865670414413664,0.01847048855975969
d2,o_min,m071529_o_min_ord27_rk00015,0.3026603747195844,0.2865670414413664,0.01609333327821799
d2,o_min,m071530_o_min_ord27_rk00016,0.2910510817559384,0.2865670414413664,0.004484040314572002
d2,o_min,m071531_o_min_ord27_rk00017,0.3052134698893369,0.2865670414413664,0.018646428447970487
d2,o_min,m071532_o_min_ord27_rk00018,0.2810120926213328,0.2865670414413664,-0.005554948820033601
d2,o_min,m071533_o_min_ord27_rk00019,0.299993528306177,0.2865670414413664,0.013426486864810572
d2,o_min,m071534_o_min_ord27_rk00020,0.309490923648072,0.2865670414413664,0.022923882206705604
d2,o_min,m072515_o_min_ord28_rk00001,0.3102822817498598,0.2865670414413664,0.02371524030849337
d2,o_min,m072516_o_min_ord28_rk00002,0.306175943415517,0.2865670414413664,0.019608901974150605
d2,o_min,m072517_o_min_ord28_rk00003,0.3165005955103926,0.2865670414413664,0.029933554069026203
d2,o_min,m072518_o_min_ord28_rk00004,0.3075625432971223,0.2865670414413664,0.020995501855755883
d2,o_min,m072519_o_min_ord28_rk00005,0.3095874336176495,0.2865670414413664,0.0230203921762831
d2,o_min,m072520_o_min_ord28_rk00006,0.2969459617213792,0.2865670414413664,0.010378920280012804
d2,o_min,m072521_o_min_ord28_rk00007,0.3067320640417474,0.2865670414413664,0.020165022600381
d2,o_min,m072522_o_min_ord28_rk00008,0.307003643640198,0.2865670414413664,0.020436602198831588
d2,o_min,m072523_o_min_ord28_rk00009,0.313002855330183,0.2865670414413664,0.026435813888816606
d2,o_min,m072524_o_min_ord28_rk00010,0.306337963042267,0.2865670414413664,0.019770921600900604
d2,o_min,m072525_o_min_ord28_rk00011,0.3060247563394989,0.2865670414413664,0.019457714898132472
d2,o_min,m072526_o_min_ord28_rk00012,0.3019163729725975,0.2865670414413664,0.01534933153123108
d2,o_min,m072527_o_min_ord28_rk00013,0.3144322570508215,0.2865670414413664,0.027865215609455096
d2,o_min,m072528_o_min_ord28_rk00014,0.3103618232904844,0.2865670414413664,0.023794781849117985
d2,o_min,m072529_o_min_ord28_rk00015,0.3076844959790263,0.2865670414413664,0.021117454537659897
d2,o_min,m072530_o_min_ord28_rk00016,0.3151197768718694,0.2865670414413664,0.028552735430502962
d2,o_min,m072531_o_min_ord28_rk00017,0.3094439224516235,0.2865670414413664,0.02287688101025709
d2,o_min,m072532_o_min_ord28_rk00018,0.2903458447250254,0.2865670414413664,0.0037788032836589824
d2,o_min,m072533_o_min_ord28_rk00019,0.3097494907342388,0.2865670414413664,0.023182449292872387
d2,o_min,m072534_o_min_ord28_rk00020,0.3009088810009905,0.2865670414413664,0.014341839559624092
d2,o_min,m073515_o_min_ord29_rk00001,0.2992193059988968,0.2865670414413664,0.01265226455753038
d2,o_min,m073516_o_min_ord29_rk00002,0.3115944829040283,0.2865670414413664,0.025027441462661892
d2,o_min,m073517_o_min_ord29_rk00003,0.2970423283419106,0.2865670414413664,0.010475286900544167
d2,o_min,m073518_o_min_ord29_rk00004,0.2978239239111842,0.2865670414413664,0.011256882469817764
d2,o_min,m073519_o_min_ord29_rk00005,0.2940725159853042,0.2865670414413664,0.007505474543937796
d2,o_min,m073520_o_min_ord29_rk00006,0.3058532759938893,0.2865670414413664,0.019286234552522874
d2,o_min,m073521_o_min_ord29_rk00007,0.2864562114518383,0.2865670414413664,-0.00011082998952810508
d2,o_min,m073522_o_min_ord29_rk00008,0.2977752543481,0.2865670414413664,0.011208212906733572
d2,o_min,m073523_o_min_ord29_rk00009,0.302771915394931,0.2865670414413664,0.01620487395356457
d2,o_min,m073524_o_min_ord29_rk00010,0.2855343955404776,0.2865670414413664,-0.0010326459008888067
d2,o_min,m073525_o_min_ord29_rk00011,0.3015100441682656,0.2865670414413664,0.01494300272689919
d2,o_min,m073526_o_min_ord29_rk00012,0.3075026461005221,0.2865670414413664,0.02093560465915567
d2,o_min,m073527_o_min_ord29_rk00013,0.2801102069920494,0.2865670414413664,-0.006456834449316995
d2,o_min,m073528_o_min_ord29_rk00014,0.3064225285455929,0.2865670414413664,0.019855487104226466
d2,o_min,m073529_o_min_ord29_rk00015,0.2995133818026078,0.2865670414413664,0.01294634036124137
d2,o_min,m073530_o_min_ord29_rk00016,0.3039615650986885,0.2865670414413664,0.01739452365732208
d2,o_min,m073531_o_min_ord29_rk00017,0.2931841077740698,0.2865670414413664,0.00661706633270337
d2,o_min,m073532_o_min_ord29_rk00018,0.3015411654407193,0.2865670414413664,0.014974123999352884
d2,o_min,m073533_o_min_ord29_rk00019,0.2868708831756545,0.2865670414413664,0.0003038417342881017
d2,o_min,m073534_o_min_ord29_rk00020,0.2909778267783428,0.2865670414413664,0.004410785336976364
d2,o_min,m074515_o_min_ord30_rk00001,0.3190112402582749,0.2865670414413664,0.032444198816908465
d2,o_min,m074516_o_min_ord30_rk00002,0.2991757149273717,0.2865670414413664,0.012608673486005306
d2,o_min,m074517_o_min_ord30_rk00003,0.3185779921254807,0.2865670414413664,0.0320109506841143
d2,o_min,m074518_o_min_ord30_rk00004,0.3070751467431549,0.2865670414413664,0.020508105301788482
d2,o_min,m074519_o_min_ord30_rk00005,0.3203945080416948,0.2865670414413664,0.03382746660032837
d2,o_min,m074520_o_min_ord30_rk00006,0.3045262814451429,0.2865670414413664,0.017959240003776467
d2,o_min,m074521_o_min_ord30_rk00007,0.3103706169674728,0.2865670414413664,0.023803575526106402
d2,o_min,m074522_o_min_ord30_rk00008,0.2995681205998975,0.2865670414413664,0.013001079158531104
d2,o_min,m074523_o_min_ord30_rk00009,0.3064675714603371,0.2865670414413664,0.019900530018970686
d2,o_min,m074524_o_min_ord30_rk00010,0.2954974123653471,0.2865670414413664,0.00893037092398069
d2,o_min,m074525_o_min_ord30_rk00011,0.3215226420066439,0.2865670414413664,0.03495560056527747
d2,o_min,m074526_o_min_ord30_rk00012,0.31645582930847,0.2865670414413664,0.029888787867103583
d2,o_min,m074527_o_min_ord30_rk00013,0.2968731982950937,0.2865670414413664,0.010306156853727266
d2,o_min,m074528_o_min_ord30_rk00014,0.3043590437259595,0.2865670414413664,0.0177920022845931
d2,o_min,m074529_o_min_ord30_rk00015,0.3161565346371398,0.2865670414413664,0.029589493195773364
d2,o_min,m074530_o_min_ord30_rk00016,0.2956638423064588,0.2865670414413664,0.009096800865092403
d2,o_min,m074531_o_min_ord30_rk00017,0.3100553355620488,0.2865670414413664,0.023488294120682374
d2,o_min,m074532_o_min_ord30_rk00018,0.2945698613117457,0.2865670414413664,0.008002819870379263
d2,o_min,m074533_o_min_ord30_rk00019,0.2862814369352765,0.2865670414413664,-0.0002856045060898871
d2,o_min,m074534_o_min_ord30_rk00020,0.290084010170628,0.2865670414413664,0.0035169687292616048
d3,o_min,m047515_o_min_ord3_rk00001,0.272498530328389,0.2785400732599385,-0.006041542931549515
d3,o_min,m047516_o_min_ord3_rk00002,0.3155621379397558,0.2785400732599385,0.03702206467981728
d3,o_min,m047517_o_min_ord3_rk00003,0.2988385540777657,0.2785400732599385,0.020298480817827202
d3,o_min,m047518_o_min_ord3_rk00004,0.3176021768797843,0.2785400732599385,0.0390621036198458
d3,o_min,m047519_o_min_ord3_rk00005,0.2747258522320021,0.2785400732599385,-0.0038142210279364375
d3,o_min,m047520_o_min_ord3_rk00006,0.2716746309665565,0.2785400732599385,-0.00686544229338204
d3,o_min,m047521_o_min_ord3_rk00007,0.3043179623447453,0.2785400732599385,0.02577788908480677
d3,o_min,m047522_o_min_ord3_rk00008,0.3165486888305177,0.2785400732599385,0.03800861557057916
d3,o_min,m047523_o_min_ord3_rk00009,0.2896042209411584,0.2785400732599385,0.011064147681219882
d3,o_min,m047524_o_min_ord3_rk00010,0.3022246739339352,0.2785400732599385,0.023684600673996692
d3,o_min,m047525_o_min_ord3_rk00011,0.3071327425815202,0.2785400732599385,0.028592669321581665
d3,o_min,m047526_o_min_ord3_rk00012,0.2639164800298079,0.2785400732599385,-0.014623593230130627
d3,o_min,m047527_o_min_ord3_rk00013,0.3057576573024358,0.2785400732599385,0.0272175840424973
d3,o_min,m047528_o_min_ord3_rk00014,0.2920014646722493,0.2785400732599385,0.013461391412310786
d3,o_min,m047529_o_min_ord3_rk00015,0.2923778770010499,0.2785400732599385,0.013837803741111376
d3,o_min,m047530_o_min_ord3_rk00016,0.3210254121575278,0.2785400732599385,0.042485338897589264
d3,o_min,m047531_o_min_ord3_rk00017,0.2754760357176824,0.2785400732599385,-0.003064037542256093
d3,o_min,m047532_o_min_ord3_rk00018,0.2825093883431031,0.2785400732599385,0.00396931508316456
d3,o_min,m047533_o_min_ord3_rk00019,0.2828625214837199,0.2785400732599385,0.004322448223781361
d3,o_min,m047534_o_min_ord3_rk00020,0.2909782124875023,0.2785400732599385,0.01243813922756376
d3,o_min,m048515_o_min_ord4_rk00001,0.2843002480747192,0.2785400732599385,0.005760174814780694
d3,o_min,m048516_o_min_ord4_rk00002,0.3029513037032154,0.2785400732599385,0.024411230443276866
d3,o_min,m048517_o_min_ord4_rk00003,0.2442051455257528,0.2785400732599385,-0.03433492773418573
d3,o_min,m048518_o_min_ord4_rk00004,0.2631863065014587,0.2785400732599385,-0.015353766758479825
d3,o_min,m048519_o_min_ord4_rk00005,0.318135904913212,0.2785400732599385,0.03959583165327346
d3,o_min,m048520_o_min_ord4_rk00006,0.2249686765256314,0.2785400732599385,-0.05357139673430711
d3,o_min,m048521_o_min_ord4_rk00007,0.2935049175124373,0.2785400732599385,0.014964844252498777
d3,o_min,m048522_o_min_ord4_rk00008,0.2943885960889166,0.2785400732599385,0.015848522828978084
d3,o_min,m048523_o_min_ord4_rk00009,0.2785717411735022,0.2785400732599385,3.166791356368215e-05
d3,o_min,m048524_o_min_ord4_rk00010,0.2947188268878512,0.2785400732599385,0.016178753627912712
d3,o_min,m048525_o_min_ord4_rk00011,0.2077482197012214,0.2785400732599385,-0.07079185355871712
d3,o_min,m048526_o_min_ord4_rk00012,0.2896926004958099,0.2785400732599385,0.011152527235871401
d3,o_min,m048527_o_min_ord4_rk00013,0.2760569642671074,0.2785400732599385,-0.0024831089928311068
d3,o_min,m048528_o_min_ord4_rk00014,0.2550765720758428,0.2785400732599385,-0.023463501184095736
d3,o_min,m048529_o_min_ord4_rk00015,0.2651221109522872,0.2785400732599385,-0.013417962307651299
d3,o_min,m048530_o_min_ord4_rk00016,0.2932867687733481,0.2785400732599385,0.014746695513409569
d3,o_min,m048531_o_min_ord4_rk00017,0.2799850986635018,0.2785400732599385,0.0014450254035632826
d3,o_min,m048532_o_min_ord4_rk00018,0.312283607441982,0.2785400732599385,0.03374353418204351
d3,o_min,m048533_o_min_ord4_rk00019,0.2981235576371476,0.2785400732599385,0.01958348437720908
d3,o_min,m048534_o_min_ord4_rk00020,0.3004934385673401,0.2785400732599385,0.021953365307401607
d3,o_min,m049515_o_min_ord5_rk00001,0.2974498103939729,0.2785400732599385,0.018909737134034377
d3,o_min,m049516_o_min_ord5_rk00002,0.2937551171512289,0.2785400732599385,0.015215043891290359
d3,o_min,m049517_o_min_ord5_rk00003,0.2529141079268096,0.2785400732599385,-0.02562596533312894
d3,o_min,m049518_o_min_ord5_rk00004,0.2915907934605519,0.2785400732599385,0.013050720200613375
d3,o_min,m049519_o_min_ord5_rk00005,0.2869347594277918,0.2785400732599385,0.008394686167853271
d3,o_min,m049520_o_min_ord5_rk00006,0.2746706639013281,0.2785400732599385,-0.0038694093586104095
d3,o_min,m049521_o_min_ord5_rk00007,0.2694766123199307,0.2785400732599385,-0.009063460940007817
d3,o_min,m049522_o_min_ord5_rk00008,0.2850310700560003,0.2785400732599385,0.006490996796061799
d3,o_min,m049523_o_min_ord5_rk00009,0.3114882641510561,0.2785400732599385,0.03294819089111761
d3,o_min,m049524_o_min_ord5_rk00010,0.249573935250886,0.2785400732599385,-0.02896613800905251
d3,o_min,m049525_o_min_ord5_rk00011,0.2871316889573952,0.2785400732599385,0.0085916156974567
d3,o_min,m049526_o_min_ord5_rk00012,0.2833482572052238,0.2785400732599385,0.00480818394528526
d3,o_min,m049527_o_min_ord5_rk00013,0.2943402266353251,0.2785400732599385,0.015800153375386594
d3,o_min,m049528_o_min_ord5_rk00014,0.2939262692466448,0.2785400732599385,0.015386195986706264
d3,o_min,m049529_o_min_ord5_rk00015,0.2716654717338524,0.2785400732599385,-0.006874601526086099
d3,o_min,m049530_o_min_ord5_rk00016,0.3155162667861751,0.2785400732599385,0.0369761935262366
d3,o_min,m049531_o_min_ord5_rk00017,0.3051353078329839,0.2785400732599385,0.026595234573045412
d3,o_min,m049532_o_min_ord5_rk00018,0.2989900167471331,0.2785400732599385,0.02044994348719459
d3,o_min,m049533_o_min_ord5_rk00019,0.2481455776766169,0.2785400732599385,-0.030394495583321607
d3,o_min,m049534_o_min_ord5_rk00020,0.2803069823752859,0.2785400732599385,0.0017669091153473815
d3,o_min,m050515_o_min_ord6_rk00001,0.2867735129888172,0.2785400732599385,0.008233439728878689
d3,o_min,m050516_o_min_ord6_rk00002,0.2741398710848254,0.2785400732599385,-0.00440020217511311
d3,o_min,m050517_o_min_ord6_rk00003,0.2687617195991737,0.2785400732599385,-0.009778353660764794
d3,o_min,m050518_o_min_ord6_rk00004,0.274839015021585,0.2785400732599385,-0.0037010582383535384
d3,o_min,m050519_o_min_ord6_rk00005,0.2786132199327942,0.2785400732599385,7.314667285568399e-05
d3,o_min,m050520_o_min_ord6_rk00006,0.2809104436722788,0.2785400732599385,0.0023703704123402836
d3,o_min,m050521_o_min_ord6_rk00007,0.3011742220184236,0.2785400732599385,0.022634148758485073
d3,o_min,m050522_o_min_ord6_rk00008,0.2863420259453051,0.2785400732599385,0.007801952685366598
d3,o_min,m050523_o_min_ord6_rk00009,0.3133615994142311,0.2785400732599385,0.03482152615429257
d3,o_min,m050524_o_min_ord6_rk00010,0.2934467238994366,0.2785400732599385,0.014906650639498087
d3,o_min,m050525_o_min_ord6_rk00011,0.2974372625168958,0.2785400732599385,0.01889718925695727
d3,o_min,m050526_o_min_ord6_rk00012,0.3081327687147798,0.2785400732599385,0.029592695454841278
d3,o_min,m050527_o_min_ord6_rk00013,0.2724917751599522,0.2785400732599385,-0.0060482980999863045
d3,o_min,m050528_o_min_ord6_rk00014,0.279825426396142,0.2785400732599385,0.001285353136203482
d3,o_min,m050529_o_min_ord6_rk00015,0.2621705970640819,0.2785400732599385,-0.016369476195856603
d3,o_min,m050530_o_min_ord6_rk00016,0.2848542068911698,0.2785400732599385,0.006314133631231289
d3,o_min,m050531_o_min_ord6_rk00017,0.2621215980340859,0.2785400732599385,-0.016418475225852602
d3,o_min,m050532_o_min_ord6_rk00018,0.2886640146432112,0.2785400732599385,0.010123941383272661
d3,o_min,m050533_o_min_ord6_rk00019,0.3033884866351516,0.2785400732599385,0.024848413375213096
d3,o_min,m050534_o_min_ord6_rk00020,0.2902400223506086,0.2785400732599385,0.01169994909067007
d3,o_min,m051515_o_min_ord7_rk00001,0.2989739439204401,0.2785400732599385,0.020433870660501563
d3,o_min,m051516_o_min_ord7_rk00002,0.284028468737261,0.2785400732599385,0.005488395477322494
d3,o_min,m051517_o_min_ord7_rk00003,0.2869572126222699,0.2785400732599385,0.008417139362331405
d3,o_min,m051518_o_min_ord7_rk00004,0.2628990466236861,0.2785400732599385,-0.015641026636252442
d3,o_min,m051519_o_min_ord7_rk00005,0.298345496043721,0.2785400732599385,0.0198054227837825
d3,o_min,m051520_o_min_ord7_rk00006,0.2747371650963029,0.2785400732599385,-0.003802908163635599
d3,o_min,m051521_o_min_ord7_rk00007,0.2945789495538039,0.2785400732599385,0.01603887629386541
d3,o_min,m051522_o_min_ord7_rk00008,0.2992106240170012,0.2785400732599385,0.0206705507570627
d3,o_min,m051523_o_min_ord7_rk00009,0.3029218014872773,0.2785400732599385,0.024381728227338806
d3,o_min,m051524_o_min_ord7_rk00010,0.2772711225362252,0.2785400732599385,-0.0012689507237133024
d3,o_min,m051525_o_min_ord7_rk00011,0.2976769888470001,0.2785400732599385,0.019136915587061598
d3,o_min,m051526_o_min_ord7_rk00012,0.28072740095763,0.2785400732599385,0.002187327697691477
d3,o_min,m051527_o_min_ord7_rk00013,0.2816803620145697,0.2785400732599385,0.003140288754631182
d3,o_min,m051528_o_min_ord7_rk00014,0.2764596652336839,0.2785400732599385,-0.0020804080262545877
d3,o_min,m051529_o_min_ord7_rk00015,0.2793499990382631,0.2785400732599385,0.0008099257783245606
d3,o_min,m051530_o_min_ord7_rk00016,0.2893637200412853,0.2785400732599385,0.010823646781346785
d3,o_min,m051531_o_min_ord7_rk00017,0.2656741537174268,0.2785400732599385,-0.012865919542511706
d3,o_min,m051532_o_min_ord7_rk00018,0.3202166179004979,0.2785400732599385,0.041676544640559365
d3,o_min,m051533_o_min_ord7_rk00019,0.3034432356595242,0.2785400732599385,0.024903162399585677
d3,o_min,m051534_o_min_ord7_rk00020,0.2941229905621417,0.2785400732599385,0.01558291730220318
d3,o_min,m052515_o_min_ord8_rk00001,0.2985797928478315,0.2785400732599385,0.020039719587892968
d3,o_min,m052516_o_min_ord8_rk00002,0.3128169125535721,0.2785400732599385,0.034276839293633565
d3,o_min,m052517_o_min_ord8_rk00003,0.3170084487408817,0.2785400732599385,0.03846837548094317
d3,o_min,m052518_o_min_ord8_rk00004,0.2879823247092836,0.2785400732599385,0.009442251449345074
d3,o_min,m052519_o_min_ord8_rk00005,0.317445991794014,0.2785400732599385,0.03890591853407549
d3,o_min,m052520_o_min_ord8_rk00006,0.317560985220379,0.2785400732599385,0.039020911960440496
d3,o_min,m052521_o_min_ord8_rk00007,0.2736769829063772,0.2785400732599385,-0.004863090353561306
d3,o_min,m052522_o_min_ord8_rk00008,0.3165129823102218,0.2785400732599385,0.03797290905028328
d3,o_min,m052523_o_min_ord8_rk00009,0.2820276085161688,0.2785400732599385,0.003487535256230301
d3,o_min,m052524_o_min_ord8_rk00010,0.2917985831507034,0.2785400732599385,0.01325850989076488
d3,o_min,m052525_o_min_ord8_rk00011,0.2945089271739497,0.2785400732599385,0.015968853914011205
d3,o_min,m052526_o_min_ord8_rk00012,0.297062163367241,0.2785400732599385,0.01852209010730249
d3,o_min,m052527_o_min_ord8_rk00013,0.2960243725875688,0.2785400732599385,0.017484299327630293
d3,o_min,m052528_o_min_ord8_rk00014,0.3127522138968071,0.2785400732599385,0.03421214063686856
d3,o_min,m052529_o_min_ord8_rk00015,0.2921371420637604,0.2785400732599385,0.013597068803821888
d3,o_min,m052530_o_min_ord8_rk00016,0.2828694182491998,0.2785400732599385,0.004329344989261297
d3,o_min,m052531_o_min_ord8_rk00017,0.2884203557787176,0.2785400732599385,0.009880282518779093
d3,o_min,m052532_o_min_ord8_rk00018,0.2644846983296728,0.2785400732599385,-0.014055374930265707
d3,o_min,m052533_o_min_ord8_rk00019,0.314787952766456,0.2785400732599385,0.03624787950651748
d3,o_min,m052534_o_min_ord8_rk00020,0.3071804513645491,0.2785400732599385,0.028640378104610564
d3,o_min,m053515_o_min_ord9_rk00001,0.2898407800766409,0.2785400732599385,0.011300706816702366
d3,o_min,m053516_o_min_ord9_rk00002,0.280817813203885,0.2785400732599385,0.0022777399439464774
d3,o_min,m053517_o_min_ord9_rk00003,0.3211560599940387,0.2785400732599385,0.042615986734100164
d3,o_min,m053518_o_min_ord9_rk00004,0.2659073565773084,0.2785400732599385,-0.012632716682630107
d3,o_min,m053519_o_min_ord9_rk00005,0.2953469910811011,0.2785400732599385,0.01680691782116256
d3,o_min,m053520_o_min_ord9_rk00006,0.3008842707704791,0.2785400732599385,0.022344197510540564
d3,o_min,m053521_o_min_ord9_rk00007,0.2999836925991673,0.2785400732599385,0.02144361933922878
d3,o_min,m053522_o_min_ord9_rk00008,0.2733570516239378,0.2785400732599385,-0.005183021636000706
d3,o_min,m053523_o_min_ord9_rk00009,0.2987141359939992,0.2785400732599385,0.020174062734060694
d3,o_min,m053524_o_min_ord9_rk00010,0.2956194004139089,0.2785400732599385,0.01707932715397037
d3,o_min,m053525_o_min_ord9_rk00011,0.2991281555369306,0.2785400732599385,0.020588082276992103
d3,o_min,m053526_o_min_ord9_rk00012,0.3119293763665017,0.2785400732599385,0.033389303106563184
d3,o_min,m053527_o_min_ord9_rk00013,0.3083279918796529,0.2785400732599385,0.02978791861971436
d3,o_min,m053528_o_min_ord9_rk00014,0.2820884283515433,0.2785400732599385,0.0035483550916047824
d3,o_min,m053529_o_min_ord9_rk00015,0.297398084228643,0.2785400732599385,0.018858010968704486
d3,o_min,m053530_o_min_ord9_rk00016,0.3182316979612032,0.2785400732599385,0.039691624701264694
d3,o_min,m053531_o_min_ord9_rk00017,0.3156209051223498,0.2785400732599385,0.03708083186241129
d3,o_min,m053532_o_min_ord9_rk00018,0.2848795691542891,0.2785400732599385,0.006339495894350566
d3,o_min,m053533_o_min_ord9_rk00019,0.3132529468288797,0.2785400732599385,0.034712873568941205
d3,o_min,m053534_o_min_ord9_rk00020,0.306616307316814,0.2785400732599385,0.028076234056875482
d3,o_min,m054515_o_min_ord10_rk00001,0.2786430665766327,0.2785400732599385,0.00010299331669416656
d3,o_min,m054516_o_min_ord10_rk00002,0.2978608098632612,0.2785400732599385,0.019320736603322675
d3,o_min,m054517_o_min_ord10_rk00003,0.3140369798914727,0.2785400732599385,0.03549690663153421
d3,o_min,m054518_o_min_ord10_rk00004,0.2673876261953193,0.2785400732599385,-0.011152447064619209
d3,o_min,m054519_o_min_ord10_rk00005,0.2921363726456736,0.2785400732599385,0.013596299385735089
d3,o_min,m054520_o_min_ord10_rk00006,0.2676079127148342,0.2785400732599385,-0.010932160545104319
d3,o_min,m054521_o_min_ord10_rk00007,0.286034799338947,0.2785400732599385,0.0074947260790084735
d3,o_min,m054522_o_min_ord10_rk00008,0.2887957898260127,0.2785400732599385,0.010255716566074213
d3,o_min,m054523_o_min_ord10_rk00009,0.2850192314230527,0.2785400732599385,0.006479158163114174
d3,o_min,m054524_o_min_ord10_rk00010,0.2978169880427938,0.2785400732599385,0.01927691478285526
d3,o_min,m054525_o_min_ord10_rk00011,0.3102554458698729,0.2785400732599385,0.0317153726099344
d3,o_min,m054526_o_min_ord10_rk00012,0.3046664835437385,0.2785400732599385,0.026126410283799972
d3,o_min,m054527_o_min_ord10_rk00013,0.3167785679666403,0.2785400732599385,0.038238494706701764
d3,o_min,m054528_o_min_ord10_rk00014,0.287644548332969,0.2785400732599385,0.009104475073030471
d3,o_min,m054529_o_min_ord10_rk00015,0.3103938901551062,0.2785400732599385,0.0318538168951677
d3,o_min,m054530_o_min_ord10_rk00016,0.2937178666517532,0.2785400732599385,0.015177793391814687
d3,o_min,m054531_o_min_ord10_rk00017,0.3010743562209892,0.2785400732599385,0.0225342829610507
d3,o_min,m054532_o_min_ord10_rk00018,0.2837699466265866,0.2785400732599385,0.005229873366648097
d3,o_min,m054533_o_min_ord10_rk00019,0.3033177546564473,0.2785400732599385,0.024777681396508766
d3,o_min,m054534_o_min_ord10_rk00020,0.3074910924674419,0.2785400732599385,0.02895101920750337
d3,o_min,m055515_o_min_ord11_rk00001,0.2725452187975679,0.2785400732599385,-0.005994854462370636
d3,o_min,m055516_o_min_ord11_rk00002,0.2968155255145362,0.2785400732599385,0.0182754522545977
d3,o_min,m055517_o_min_ord11_rk00003,0.2851873774925227,0.2785400732599385,0.006647304232584195
d3,o_min,m055518_o_min_ord11_rk00004,0.2836251730413706,0.2785400732599385,0.0050850997814320675
d3,o_min,m055519_o_min_ord11_rk00005,0.3135962053051536,0.2785400732599385,0.03505613204521507
d3,o_min,m055520_o_min_ord11_rk00006,0.2858733511935665,0.2785400732599385,0.00733327793362798
d3,o_min,m055521_o_min_ord11_rk00007,0.2879694192305533,0.2785400732599385,0.009429345970614789
d3,o_min,m055522_o_min_ord11_rk00008,0.2647354341407044,0.2785400732599385,-0.01380463911923413
d3,o_min,m055523_o_min_ord11_rk00009,0.2879220428680271,0.2785400732599385,0.00938196960808857
d3,o_min,m055524_o_min_ord11_rk00010,0.29136148793918,0.2785400732599385,0.012821414679241472
d3,o_min,m055525_o_min_ord11_rk00011,0.299168663769527,0.2785400732599385,0.020628590509588485
d3,o_min,m055526_o_min_ord11_rk00012,0.3118916249816085,0.2785400732599385,0.03335155172166998
d3,o_min,m055527_o_min_ord11_rk00013,0.31178824462387,0.2785400732599385,0.03324817136393149
d3,o_min,m055528_o_min_ord11_rk00014,0.2744975817593648,0.2785400732599385,-0.0040424915005737305
d3,o_min,m055529_o_min_ord11_rk00015,0.271639987370983,0.2785400732599385,-0.0069000858889555206
d3,o_min,m055530_o_min_ord11_rk00016,0.299283431998797,0.2785400732599385,0.020743358738858464
d3,o_min,m055531_o_min_ord11_rk00017,0.2637649841691794,0.2785400732599385,-0.014775089090759141
d3,o_min,m055532_o_min_ord11_rk00018,0.282160875920975,0.2785400732599385,0.003620802661036482
d3,o_min,m055533_o_min_ord11_rk00019,0.2915223844511024,0.2785400732599385,0.012982311191163887
d3,o_min,m055534_o_min_ord11_rk00020,0.2878892880788832,0.2785400732599385,0.009349214818944684
d3,o_min,m056515_o_min_ord12_rk00001,0.2757445534634885,0.2785400732599385,-0.002795519796450041
d3,o_min,m056516_o_min_ord12_rk00002,0.3003145260903829,0.2785400732599385,0.02177445283044438
d3,o_min,m056517_o_min_ord12_rk00003,0.2946938509274083,0.2785400732599385,0.016153777667469782
d3,o_min,m056518_o_min_ord12_rk00004,0.2810124696684531,0.2785400732599385,0.002472396408514599
d3,o_min,m056519_o_min_ord12_rk00005,0.2904298838540852,0.2785400732599385,0.011889810594146677
d3,o_min,m056520_o_min_ord12_rk00006,0.2882244272508976,0.2785400732599385,0.009684353990959071
d3,o_min,m056521_o_min_ord12_rk00007,0.2888642977226824,0.2785400732599385,0.010324224462743892
d3,o_min,m056522_o_min_ord12_rk00008,0.281501643352573,0.2785400732599385,0.00296157009263448
d3,o_min,m056523_o_min_ord12_rk00009,0.2870746848331355,0.2785400732599385,0.00853461157319696
d3,o_min,m056524_o_min_ord12_rk00010,0.2784558486000995,0.2785400732599385,-8.422465983903837e-05
d3,o_min,m056525_o_min_ord12_rk00011,0.278046344670344,0.2785400732599385,-0.0004937285895945109
d3,o_min,m056526_o_min_ord12_rk00012,0.2815153637339443,0.2785400732599385,0.0029752904740057984
d3,o_min,m056527_o_min_ord12_rk00013,0.3104648552472132,0.2785400732599385,0.031924781987274664
d3,o_min,m056528_o_min_ord12_rk00014,0.2944784625363168,0.2785400732599385,0.015938389276378306
d3,o_min,m056529_o_min_ord12_rk00015,0.3089597814739404,0.2785400732599385,0.03041970821400186
d3,o_min,m056530_o_min_ord12_rk00016,0.2782145289037284,0.2785400732599385,-0.0003255443562101279
d3,o_min,m056531_o_min_ord12_rk00017,0.2960487474925832,0.2785400732599385,0.017508674232644683
d3,o_min,m056532_o_min_ord12_rk00018,0.3037032081981534,0.2785400732599385,0.02516313493821487
d3,o_min,m056533_o_min_ord12_rk00019,0.2974953127438084,0.2785400732599385,0.0189552394838699
d3,o_min,m056534_o_min_ord12_rk00020,0.2947310336195567,0.2785400732599385,0.0161909603596182
d3,o_min,m057515_o_min_ord13_rk00001,0.280424467684682,0.2785400732599385,0.001884394424743474
d3,o_min,m057516_o_min_ord13_rk00002,0.2686461132837916,0.2785400732599385,-0.009893959976146893
d3,o_min,m057517_o_min_ord13_rk00003,0.2880662919603756,0.2785400732599385,0.009526218700437072
d3,o_min,m057518_o_min_ord13_rk00004,0.2784233275742646,0.2785400732599385,-0.00011674568567393573
d3,o_min,m057519_o_min_ord13_rk00005,0.2867699645916687,0.2785400732599385,0.008229891331730188
d3,o_min,m057520_o_min_ord13_rk00006,0.2707854871163558,0.2785400732599385,-0.007754586143582709
d3,o_min,m057521_o_min_ord13_rk00007,0.28125191934852,0.2785400732599385,0.0027118460885814932
d3,o_min,m057522_o_min_ord13_rk00008,0.2935857536319636,0.2785400732599385,0.015045680372025083
d3,o_min,m057523_o_min_ord13_rk00009,0.2761878899193768,0.2785400732599385,-0.0023521833405616976
d3,o_min,m057524_o_min_ord13_rk00010,0.2955703370171607,0.2785400732599385,0.017030263757222164
d3,o_min,m057525_o_min_ord13_rk00011,0.3057690554371683,0.2785400732599385,0.0272289821772298
d3,o_min,m057526_o_min_ord13_rk00012,0.2896319794347842,0.2785400732599385,0.011091906174845678
d3,o_min,m057527_o_min_ord13_rk00013,0.2703175237271581,0.2785400732599385,-0.008222549532780399
d3,o_min,m057528_o_min_ord13_rk00014,0.2875708724987482,0.2785400732599385,0.009030799238809673
d3,o_min,m057529_o_min_ord13_rk00015,0.2917632673571332,0.2785400732599385,0.01322319409719469
d3,o_min,m057530_o_min_ord13_rk00016,0.2665518118268581,0.2785400732599385,-0.011988261433080405
d3,o_min,m057531_o_min_ord13_rk00017,0.3214916470792571,0.2785400732599385,0.04295157381931858
d3,o_min,m057532_o_min_ord13_rk00018,0.2912259522834701,0.2785400732599385,0.012685879023531577
d3,o_min,m057533_o_min_ord13_rk00019,0.2961231656490399,0.2785400732599385,0.017583092389101385
d3,o_min,m057534_o_min_ord13_rk00020,0.2937246682892003,0.2785400732599385,0.015184595029261783
d3,o_min,m058515_o_min_ord14_rk00001,0.2817336845628106,0.2785400732599385,0.0031936113028721014
d3,o_min,m058516_o_min_ord14_rk00002,0.2775306502568941,0.2785400732599385,-0.0010094230030444074
d3,o_min,m058517_o_min_ord14_rk00003,0.2667852083176462,0.2785400732599385,-0.011754864942292331
d3,o_min,m058518_o_min_ord14_rk00004,0.2827084861605712,0.2785400732599385,0.00416841290063269
d3,o_min,m058519_o_min_ord14_rk00005,0.2715963359257456,0.2785400732599385,-0.006943737334192901
d3,o_min,m058520_o_min_ord14_rk00006,0.2939780149936923,0.2785400732599385,0.01543794173375379
d3,o_min,m058521_o_min_ord14_rk00007,0.313310844633653,0.2785400732599385,0.03477077137371448
d3,o_min,m058522_o_min_ord14_rk00008,0.2656688439534278,0.2785400732599385,-0.01287122930651069
d3,o_min,m058523_o_min_ord14_rk00009,0.2638710872871913,0.2785400732599385,-0.01466898597274724
d3,o_min,m058524_o_min_ord14_rk00010,0.2811772771056486,0.2785400732599385,0.00263720384571009
d3,o_min,m058525_o_min_ord14_rk00011,0.2858809023219308,0.2785400732599385,0.007340829061992293
d3,o_min,m058526_o_min_ord14_rk00012,0.3023589133175998,0.2785400732599385,0.023818840057661272
d3,o_min,m058527_o_min_ord14_rk00013,0.3184190565317768,0.2785400732599385,0.03987898327183831
d3,o_min,m058528_o_min_ord14_rk00014,0.311943949428546,0.2785400732599385,0.03340387616860746
d3,o_min,m058529_o_min_ord14_rk00015,0.2610572062304672,0.2785400732599385,-0.017482867029471327
d3,o_min,m058530_o_min_ord14_rk00016,0.3018120307043829,0.2785400732599385,0.02327195744444438
d3,o_min,m058531_o_min_ord14_rk00017,0.264834015319299,0.2785400732599385,-0.013706057940639504
d3,o_min,m058532_o_min_ord14_rk00018,0.3180991595141653,0.2785400732599385,0.03955908625422677
d3,o_min,m058533_o_min_ord14_rk00019,0.2800301699364811,0.2785400732599385,0.001490096676542596
d3,o_min,m058534_o_min_ord14_rk00020,0.3107857267737406,0.2785400732599385,0.0322456535138021
d3,o_min,m059515_o_min_ord15_rk00001,0.2701521704238729,0.2785400732599385,-0.008387902836065608
d3,o_min,m059516_o_min_ord15_rk00002,0.3078055907298118,0.2785400732599385,0.02926551746987327
d3,o_min,m059517_o_min_ord15_rk00003,0.2894359113233591,0.2785400732599385,0.010895838063420593
d3,o_min,m059518_o_min_ord15_rk00004,0.3118091484603537,0.2785400732599385,0.033269075200415166
d3,o_min,m059519_o_min_ord15_rk00005,0.277309747104954,0.2785400732599385,-0.001230326154984529
d3,o_min,m059520_o_min_ord15_rk00006,0.2865446018873985,0.2785400732599385,0.008004528627459984
d3,o_min,m059521_o_min_ord15_rk00007,0.2983084026636778,0.2785400732599385,0.019768329403739293
d3,o_min,m059522_o_min_ord15_rk00008,0.2924072006148176,0.2785400732599385,0.013867127354879105
d3,o_min,m059523_o_min_ord15_rk00009,0.3119273261144132,0.2785400732599385,0.03338725285447469
d3,o_min,m059524_o_min_ord15_rk00010,0.2878266661092955,0.2785400732599385,0.009286592849357012
d3,o_min,m059525_o_min_ord15_rk00011,0.2744378058473192,0.2785400732599385,-0.00410226741261932
d3,o_min,m059526_o_min_ord15_rk00012,0.2966371454613603,0.2785400732599385,0.01809707220142176
d3,o_min,m059527_o_min_ord15_rk00013,0.305906297799572,0.2785400732599385,0.0273662245396335
d3,o_min,m059528_o_min_ord15_rk00014,0.3047037867412555,0.2785400732599385,0.026163713481316964
d3,o_min,m059529_o_min_ord15_rk00015,0.2991858799388202,0.2785400732599385,0.020645806678881662
d3,o_min,m059530_o_min_ord15_rk00016,0.281626420431875,0.2785400732599385,0.00308634717193651
d3,o_min,m059531_o_min_ord15_rk00017,0.2720131559840099,0.2785400732599385,-0.006526917275928634
d3,o_min,m059532_o_min_ord15_rk00018,0.2980356516927155,0.2785400732599385,0.019495578432776994
d3,o_min,m059533_o_min_ord15_rk00019,0.28082442059961,0.2785400732599385,0.0022843473396714775
d3,o_min,m059534_o_min_ord15_rk00020,0.3030592209722281,0.2785400732599385,0.02451914771228958
d3,o_min,m060515_o_min_ord16_rk00001,0.3177874223425366,0.2785400732599385,0.03924734908259808
d3,o_min,m060516_o_min_ord16_rk00002,0.310616172768706,0.2785400732599385,0.0320760995087675
d3,o_min,m060517_o_min_ord16_rk00003,0.3034719105332174,0.2785400732599385,0.024931837273278912
d3,o_min,m060518_o_min_ord16_rk00004,0.3167408896295256,0.2785400732599385,0.03820081636958711
d3,o_min,m060519_o_min_ord16_rk00005,0.3145626284749314,0.2785400732599385,0.03602255521499287
d3,o_min,m060520_o_min_ord16_rk00006,0.2802107676608405,0.2785400732599385,0.0016706944009020064
d3,o_min,m060521_o_min_ord16_rk00007,0.3093677637039652,0.2785400732599385,0.030827690444026667
d3,o_min,m060522_o_min_ord16_rk00008,0.3050666134960383,0.2785400732599385,0.026526540236099794
d3,o_min,m060523_o_min_ord16_rk00009,0.2797549751800371,0.2785400732599385,0.0012149019200985989
d3,o_min,m060524_o_min_ord16_rk00010,0.3036463336259993,0.2785400732599385,0.025106260366060784
d3,o_min,m060525_o_min_ord16_rk00011,0.3031362571576491,0.2785400732599385,0.024596183897710566
d3,o_min,m060526_o_min_ord16_rk00012,0.2823938941482015,0.2785400732599385,0.003853820888262971
d3,o_min,m060527_o_min_ord16_rk00013,0.3041746552220984,0.2785400732599385,0.025634581962159897
d3,o_min,m060528_o_min_ord16_rk00014,0.2979456717086093,0.2785400732599385,0.01940559844867079
d3,o_min,m060529_o_min_ord16_rk00015,0.2856011877278009,0.2785400732599385,0.007061114467862395
d3,o_min,m060530_o_min_ord16_rk00016,0.2996189047441285,0.2785400732599385,0.021078831484189986
d3,o_min,m060531_o_min_ord16_rk00017,0.3141720321817765,0.2785400732599385,0.03563195892183796
d3,o_min,m060532_o_min_ord16_rk00018,0.2833484184590384,0.2785400732599385,0.004808345199099895
d3,o_min,m060533_o_min_ord16_rk00019,0.2823961860222594,0.2785400732599385,0.0038561127623208957
d3,o_min,m060534_o_min_ord16_rk00020,0.2684859525288765,0.2785400732599385,-0.010054120731061988
d3,o_min,m061515_o_min_ord17_rk00001,0.3129133371566825,0.2785400732599385,0.034373263896744
d3,o_min,m061516_o_min_ord17_rk00002,0.2764624964444367,0.2785400732599385,-0.0020775768155018026
d3,o_min,m061517_o_min_ord17_rk00003,0.3174721047623695,0.2785400732599385,0.038932031502430964
d3,o_min,m061518_o_min_ord17_rk00004,0.3096954201230797,0.2785400732599385,0.031155346863141198
d3,o_min,m061519_o_min_ord17_rk00005,0.3175563526090568,0.2785400732599385,0.03901627934911828
d3,o_min,m061520_o_min_ord17_rk00006,0.2803416548798707,0.2785400732599385,0.0018015816199322132
d3,o_min,m061521_o_min_ord17_rk00007,0.2846248062131994,0.2785400732599385,0.006084732953260896
d3,o_min,m061522_o_min_ord17_rk00008,0.3090491180807113,0.2785400732599385,0.030509044820772768
d3,o_min,m061523_o_min_ord17_rk00009,0.3107484825820755,0.2785400732599385,0.03220840932213698
d3,o_min,m061524_o_min_ord17_rk00010,0.2854217020221185,0.2785400732599385,0.006881628762179959
d3,o_min,m061525_o_min_ord17_rk00011,0.2805312686873632,0.2785400732599385,0.001991195427424708
d3,o_min,m061526_o_min_ord17_rk00012,0.3185601180737147,0.2785400732599385,0.04002004481377619
d3,o_min,m061527_o_min_ord17_rk00013,0.3179642323665458,0.2785400732599385,0.03942415910660729
d3,o_min,m061528_o_min_ord17_rk00014,0.3099886752444252,0.2785400732599385,0.03144860198448668
d3,o_min,m061529_o_min_ord17_rk00015,0.2859041880620911,0.2785400732599385,0.007364114802152599
d3,o_min,m061530_o_min_ord17_rk00016,0.3055726066894697,0.2785400732599385,0.027032533429531158
d3,o_min,m061531_o_min_ord17_rk00017,0.2950289761293012,0.2785400732599385,0.016488902869362665
d3,o_min,m061532_o_min_ord17_rk00018,0.3006484271188414,0.2785400732599385,0.022108353858902863
d3,o_min,m061533_o_min_ord17_rk00019,0.2854519095941331,0.2785400732599385,0.0069118363341945654
d3,o_min,m061534_o_min_ord17_rk00020,0.3089222882909325,0.2785400732599385,0.030382215030993975
d3,o_min,m062515_o_min_ord18_rk00001,0.2742365362469183,0.2785400732599385,-0.00430353701302022
d3,o_min,m062516_o_min_ord18_rk00002,0.3130126739186266,0.2785400732599385,0.03447260065868807
d3,o_min,m062517_o_min_ord18_rk00003,0.3187814482055889,0.2785400732599385,0.04024137494565039
d3,o_min,m062518_o_min_ord18_rk00004,0.283750834839805,0.2785400732599385,0.005210761579866496
d3,o_min,m062519_o_min_ord18_rk00005,0.3131572138940748,0.2785400732599385,0.03461714063413629
d3,o_min,m062520_o_min_ord18_rk00006,0.3131820102012209,0.2785400732599385,0.03464193694128237
d3,o_min,m062521_o_min_ord18_rk00007,0.3211577295222717,0.2785400732599385,0.04261765626233316
d3,o_min,m062522_o_min_ord18_rk00008,0.3110522459487758,0.2785400732599385,0.03251217268883727
d3,o_min,m062523_o_min_ord18_rk00009,0.3120007862036291,0.2785400732599385,0.033460712943690574
d3,o_min,m062524_o_min_ord18_rk00010,0.3196414162971225,0.2785400732599385,0.04110134303718399
d3,o_min,m062525_o_min_ord18_rk00011,0.2572324292858826,0.2785400732599385,-0.021307643974055934
d3,o_min,m062526_o_min_ord18_rk00012,0.290568035237257,0.2785400732599385,0.01202796197731848
d3,o_min,m062527_o_min_ord18_rk00013,0.3165796597695569,0.2785400732599385,0.03803958650961836
d3,o_min,m062528_o_min_ord18_rk00014,0.3019103573222658,0.2785400732599385,0.023370284062327273
d3,o_min,m062529_o_min_ord18_rk00015,0.2567945496444472,0.2785400732599385,-0.021745523615491313
d3,o_min,m062530_o_min_ord18_rk00016,0.278504564481197,0.2785400732599385,-3.550877874153313e-05
d3,o_min,m062531_o_min_ord18_rk00017,0.2850422212676038,0.2785400732599385,0.006502148007665298
d3,o_min,m062532_o_min_ord18_rk00018,0.2382293844896498,0.2785400732599385,-0.040310688770288705
d3,o_min,m062533_o_min_ord18_rk00019,0.2841772315877094,0.2785400732599385,0.005637158327770897
d3,o_min,m062534_o_min_ord18_rk00020,0.3037405035277271,0.2785400732599385,0.025200430267788565
d3,o_min,m063515_o_min_ord19_rk00001,0.3077709248259812,0.2785400732599385,0.02923085156604266
d3,o_min,m063516_o_min_ord19_rk00002,0.2771274804000735,0.2785400732599385,-0.0014125928598650028
d3,o_min,m063517_o_min_ord19_rk00003,0.2880908746943662,0.2785400732599385,0.009550801434427658
d3,o_min,m063518_o_min_ord19_rk00004,0.3005784256510729,0.2785400732599385,0.022038352391134386
d3,o_min,m063519_o_min_ord19_rk00005,0.3110421746934995,0.2785400732599385,0.03250210143356097
d3,o_min,m063520_o_min_ord19_rk00006,0.3060926783611478,0.2785400732599385,0.02755260510120927
d3,o_min,m063521_o_min_ord19_rk00007,0.3113866046958186,0.2785400732599385,0.032846531435880066
d3,o_min,m063522_o_min_ord19_rk00008,0.292359554878891,0.2785400732599385,0.013819481618952467
d3,o_min,m063523_o_min_ord19_rk00009,0.3060912335291659,0.2785400732599385,0.02755116026922738
d3,o_min,m063524_o_min_ord19_rk00010,0.3023871844923803,0.2785400732599385,0.023847111232441764
d3,o_min,m063525_o_min_ord19_rk00011,0.2952648574236527,0.2785400732599385,0.0167247841637142
d3,o_min,m063526_o_min_ord19_rk00012,0.3035515164295012,0.2785400732599385,0.025011443169562664
d3,o_min,m063527_o_min_ord19_rk00013,0.3039218613407526,0.2785400732599385,0.025381788080814094
d3,o_min,m063528_o_min_ord19_rk00014,0.292611232298251,0.2785400732599385,0.014071159038312464
d3,o_min,m063529_o_min_ord19_rk00015,0.2861046338803888,0.2785400732599385,0.0075645606204503
d3,o_min,m063530_o_min_ord19_rk00016,0.2881081702839325,0.2785400732599385,0.009568097023993971
d3,o_min,m063531_o_min_ord19_rk00017,0.2805119772550525,0.2785400732599385,0.0019719039951139883
d3,o_min,m063532_o_min_ord19_rk00018,0.2828609664228704,0.2785400732599385,0.0043208931629318825
d3,o_min,m063533_o_min_ord19_rk00019,0.3066998409430271,0.2785400732599385,0.028159767683088588
d3,o_min,m063534_o_min_ord19_rk00020,0.295087170560996,0.2785400732599385,0.016547097301057467
d3,o_min,m064515_o_min_ord20_rk00001,0.3103700965843787,0.2785400732599385,0.03183002332444018
d3,o_min,m064516_o_min_ord20_rk00002,0.3036502331771051,0.2785400732599385,0.025110159917166586
d3,o_min,m064517_o_min_ord20_rk00003,0.3087734618572225,0.2785400732599385,0.030233388597283972
d3,o_min,m064518_o_min_ord20_rk00004,0.2696244221512393,0.2785400732599385,-0.00891565110869924
d3,o_min,m064519_o_min_ord20_rk00005,0.2988575728550265,0.2785400732599385,0.020317499595087996
d3,o_min,m064520_o_min_ord20_rk00006,0.3112611378294372,0.2785400732599385,0.03272106456949869
d3,o_min,m064521_o_min_ord20_rk00007,0.283895547365276,0.2785400732599385,0.005355474105337488
d3,o_min,m064522_o_min_ord20_rk00008,0.3070585431866116,0.2785400732599385,0.028518469926673062
d3,o_min,m064523_o_min_ord20_rk00009,0.2889133599020709,0.2785400732599385,0.010373286642132384
d3,o_min,m064524_o_min_ord20_rk00010,0.3101125926373028,0.2785400732599385,0.03157251937736427
d3,o_min,m064525_o_min_ord20_rk00011,0.288011746608056,0.2785400732599385,0.009471673348117493
d3,o_min,m064526_o_min_ord20_rk00012,0.2902868171172496,0.2785400732599385,0.01174674385731106
d3,o_min,m064527_o_min_ord20_rk00013,0.3179504388569211,0.2785400732599385,0.03941036559698258
d3,o_min,m064528_o_min_ord20_rk00014,0.3068581684628173,0.2785400732599385,0.028318095202878812
d3,o_min,m064529_o_min_ord20_rk00015,0.3143858327479238,0.2785400732599385,0.035845759487985296
d3,o_min,m064530_o_min_ord20_rk00016,0.3020886456186017,0.2785400732599385,0.0235485723586632
d3,o_min,m064531_o_min_ord20_rk00017,0.3193899061046852,0.2785400732599385,0.04084983284474669
d3,o_min,m064532_o_min_ord20_rk00018,0.2950090186569049,0.2785400732599385,0.01646894539696636
d3,o_min,m064533_o_min_ord20_rk00019,0.280531211927731,0.2785400732599385,0.0019911386677924914
d3,o_min,m064534_o_min_ord20_rk00020,0.3141092856648507,0.2785400732599385,0.035569212404912176
d3,o_min,m065515_o_min_ord21_rk00001,0.2839288682852564,0.2785400732599385,0.005388795025317861
d3,o_min,m065516_o_min_ord21_rk00002,0.2912656224342963,0.2785400732599385,0.012725549174357809
d3,o_min,m065517_o_min_ord21_rk00003,0.3061849492461048,0.2785400732599385,0.027644875986166273
d3,o_min,m065518_o_min_ord21_rk00004,0.2842032785238265,0.2785400732599385,0.0056632052638879715
d3,o_min,m065519_o_min_ord21_rk00005,0.2842134028406291,0.2785400732599385,0.0056733295806906114
d3,o_min,m065520_o_min_ord21_rk00006,0.2630445006357869,0.2785400732599385,-0.015495572624151632
d3,o_min,m065521_o_min_ord21_rk00007,0.3063848618762427,0.2785400732599385,0.027844788616304184
d3,o_min,m065522_o_min_ord21_rk00008,0.2979969732808811,0.2785400732599385,0.01945690002094258
d3,o_min,m065523_o_min_ord21_rk00009,0.3079931468146205,0.2785400732599385,0.029453073554681963
d3,o_min,m065524_o_min_ord21_rk00010,0.3184470993172063,0.2785400732599385,0.03990702605726776
d3,o_min,m065525_o_min_ord21_rk00011,0.2879732351971946,0.2785400732599385,0.009433161937256074
d3,o_min,m065526_o_min_ord21_rk00012,0.2785188290878779,0.2785400732599385,-2.124417206061935e-05
d3,o_min,m065527_o_min_ord21_rk00013,0.3022801904169121,0.2785400732599385,0.023740117156973606
d3,o_min,m065528_o_min_ord21_rk00014,0.2957614527065237,0.2785400732599385,0.017221379446585194
d3,o_min,m065529_o_min_ord21_rk00015,0.3082617485094627,0.2785400732599385,0.029721675249524182
d3,o_min,m065530_o_min_ord21_rk00016,0.3193325727218788,0.2785400732599385,0.0407924994619403
d3,o_min,m065531_o_min_ord21_rk00017,0.2968278521749362,0.2785400732599385,0.018287778914997666
d3,o_min,m065532_o_min_ord21_rk00018,0.2895940247392996,0.2785400732599385,0.011053951479361113
d3,o_min,m065533_o_min_ord21_rk00019,0.3023725439735852,0.2785400732599385,0.023832470713646692
d3,o_min,m065534_o_min_ord21_rk00020,0.301030280516098,0.2785400732599385,0.022490207256159467
d3,o_min,m066515_o_min_ord22_rk00001,0.2857175543485544,0.2785400732599385,0.007177481088615878
d3,o_min,m066516_o_min_ord22_rk00002,0.2986470053205766,0.2785400732599385,0.020106932060638072
d3,o_min,m066517_o_min_ord22_rk00003,0.2558800701324827,0.2785400732599385,-0.022660003127455808
d3,o_min,m066518_o_min_ord22_rk00004,0.2972372840027411,0.2785400732599385,0.01869721074280256
d3,o_min,m066519_o_min_ord22_rk00005,0.2873881407884761,0.2785400732599385,0.008848067528537562
d3,o_min,m066520_o_min_ord22_rk00006,0.3001252698240635,0.2785400732599385,0.021585196564124998
d3,o_min,m066521_o_min_ord22_rk00007,0.3122453551161886,0.2785400732599385,0.0337052818562501
d3,o_min,m066522_o_min_ord22_rk00008,0.2943482719636099,0.2785400732599385,0.015808198703671394
d3,o_min,m066523_o_min_ord22_rk00009,0.2892975483302841,0.2785400732599385,0.010757475070345579
d3,o_min,m066524_o_min_ord22_rk00010,0.2664545163407328,0.2785400732599385,-0.012085556919205709
d3,o_min,m066525_o_min_ord22_rk00011,0.2921284781209019,0.2785400732599385,0.01358840486096341
d3,o_min,m066526_o_min_ord22_rk00012,0.2887569560054452,0.2785400732599385,0.010216882745506695
d3,o_min,m066527_o_min_ord22_rk00013,0.2972882562579915,0.2785400732599385,0.018748182998052976
d3,o_min,m066528_o_min_ord22_rk00014,0.2917304227725632,0.2785400732599385,0.01319034951262471
d3,o_min,m066529_o_min_ord22_rk00015,0.3003765583882916,0.2785400732599385,0.021836485128353067
d3,o_min,m066530_o_min_ord22_rk00016,0.2969488798674849,0.2785400732599385,0.018408806607546402
d3,o_min,m066531_o_min_ord22_rk00017,0.3033128336122477,0.2785400732599385,0.024772760352309187
d3,o_min,m066532_o_min_ord22_rk00018,0.3146621787099475,0.2785400732599385,0.03612210545000899
d3,o_min,m066533_o_min_ord22_rk00019,0.2972932774680027,0.2785400732599385,0.0187532042080642
d3,o_min,m066534_o_min_ord22_rk00020,0.3035838845829436,0.2785400732599385,0.025043811323005094
d3,o_min,m067515_o_min_ord23_rk00001,0.2884087929951926,0.2785400732599385,0.009868719735254106
d3,o_min,m067516_o_min_ord23_rk00002,0.2696343053056801,0.2785400732599385,-0.008905767954258403
d3,o_min,m067517_o_min_ord23_rk00003,0.2959818650134147,0.2785400732599385,0.01744179175347621
d3,o_min,m067518_o_min_ord23_rk00004,0.2878676789514722,0.2785400732599385,0.00932760569153368
d3,o_min,m067519_o_min_ord23_rk00005,0.2863939751852405,0.2785400732599385,0.007853901925301998
d3,o_min,m067520_o_min_ord23_rk00006,0.28673406919799,0.2785400732599385,0.00819399593805148
d3,o_min,m067521_o_min_ord23_rk00007,0.2869009596109263,0.2785400732599385,0.008360886350987806
d3,o_min,m067522_o_min_ord23_rk00008,0.2898697515801808,0.2785400732599385,0.011329678320242287
d3,o_min,m067523_o_min_ord23_rk00009,0.29281015700489,0.2785400732599385,0.014270083744951478
d3,o_min,m067524_o_min_ord23_rk00010,0.2956394104652819,0.2785400732599385,0.0170993372053434
d3,o_min,m067525_o_min_ord23_rk00011,0.27020100740394,0.2785400732599385,-0.008339065855998529
d3,o_min,m067526_o_min_ord23_rk00012,0.2768823866338448,0.2785400732599385,-0.001657686626093724
d3,o_min,m067527_o_min_ord23_rk00013,0.2902482223004028,0.2785400732599385,0.0117081490404643
d3,o_min,m067528_o_min_ord23_rk00014,0.3000711343648887,0.2785400732599385,0.021531061104950178
d3,o_min,m067529_o_min_ord23_rk00015,0.2843787318795053,0.2785400732599385,0.005838658619566783
d3,o_min,m067530_o_min_ord23_rk00016,0.2873501845745794,0.2785400732599385,0.008810111314640878
d3,o_min,m067531_o_min_ord23_rk00017,0.2738753217072829,0.2785400732599385,-0.0046647515526556105
d3,o_min,m067532_o_min_ord23_rk00018,0.2812698022327045,0.2785400732599385,0.0027297289727659657
d3,o_min,m067533_o_min_ord23_rk00019,0.2747636500258901,0.2785400732599385,-0.0037764232340484205
d3,o_min,m067534_o_min_ord23_rk00020,0.2981010191511014,0.2785400732599385,0.019560945891162862
d3,o_min,m068515_o_min_ord24_rk00001,0.3083819514113486,0.2785400732599385,0.029841878151410095
d3,o_min,m068516_o_min_ord24_rk00002,0.2903223549246029,0.2785400732599385,0.011782281664664385
d3,o_min,m068517_o_min_ord24_rk00003,0.2865513957715756,0.2785400732599385,0.008011322511637109
d3,o_min,m068518_o_min_ord24_rk00004,0.2960240815139967,0.2785400732599385,0.01748400825405816
d3,o_min,m068519_o_min_ord24_rk00005,0.2994365587804196,0.2785400732599385,0.020896485520481067
d3,o_min,m068520_o_min_ord24_rk00006,0.2972434001887517,0.2785400732599385,0.018703326928813213
d3,o_min,m068521_o_min_ord24_rk00007,0.2812997472259824,0.2785400732599385,0.002759673966043874
d3,o_min,m068522_o_min_ord24_rk00008,0.3077342541650707,0.2785400732599385,0.029194180905132205
d3,o_min,m068523_o_min_ord24_rk00009,0.2941366920965319,0.2785400732599385,0.015596618836593412
d3,o_min,m068524_o_min_ord24_rk00010,0.2988084991207437,0.2785400732599385,0.020268425860805184
d3,o_min,m068525_o_min_ord24_rk00011,0.2960957999933538,0.2785400732599385,0.017555726733415267
d3,o_min,m068526_o_min_ord24_rk00012,0.2896939662227525,0.2785400732599385,0.011153892962813994
d3,o_min,m068527_o_min_ord24_rk00013,0.2837612625823874,0.2785400732599385,0.00522118932244886
d3,o_min,m068528_o_min_ord24_rk00014,0.2937238849086551,0.2785400732599385,0.015183811648716572
d3,o_min,m068529_o_min_ord24_rk00015,0.2754148964182995,0.2785400732599385,-0.003125176841638988
d3,o_min,m068530_o_min_ord24_rk00016,0.3005055706643302,0.2785400732599385,0.021965497404391687
d3,o_min,m068531_o_min_ord24_rk00017,0.2887759471891474,0.2785400732599385,0.010235873929208883
d3,o_min,m068532_o_min_ord24_rk00018,0.2838241014851673,0.2785400732599385,0.005284028225228776
d3,o_min,m068533_o_min_ord24_rk00019,0.3070404975308148,0.2785400732599385,0.02850042427087629
d3,o_min,m068534_o_min_ord24_rk00020,0.2736241037215404,0.2785400732599385,-0.004915969538398124
d3,o_min,m069515_o_min_ord25_rk00001,0.3089760944526195,0.2785400732599385,0.030436021192680962
d3,o_min,m069516_o_min_ord25_rk00002,0.3064115101853433,0.2785400732599385,0.02787143692540478
d3,o_min,m069517_o_min_ord25_rk00003,0.3096961380214684,0.2785400732599385,0.031156064761529878
d3,o_min,m069518_o_min_ord25_rk00004,0.3041828899941083,0.2785400732599385,0.025642816734169793
d3,o_min,m069519_o_min_ord25_rk00005,0.3055332808074119,0.2785400732599385,0.026993207547473363
d3,o_min,m069520_o_min_ord25_rk00006,0.2904786587862143,0.2785400732599385,0.011938585526275802
d3,o_min,m069521_o_min_ord25_rk00007,0.2982162017229463,0.2785400732599385,0.019676128463007758
d3,o_min,m069522_o_min_ord25_rk00008,0.293723120666048,0.2785400732599385,0.015183047406109484
d3,o_min,m069523_o_min_ord25_rk00009,0.2828566996525509,0.2785400732599385,0.004316626392612377
d3,o_min,m069524_o_min_ord25_rk00010,0.2993718845795712,0.2785400732599385,0.020831811319632687
d3,o_min,m069525_o_min_ord25_rk00011,0.3013587780702487,0.2785400732599385,0.022818704810310175
d3,o_min,m069526_o_min_ord25_rk00012,0.2788423866988463,0.2785400732599385,0.0003023134389077975
d3,o_min,m069527_o_min_ord25_rk00013,0.2921783734868072,0.2785400732599385,0.013638300226868683
d3,o_min,m069528_o_min_ord25_rk00014,0.2930453613196908,0.2785400732599385,0.014505288059752264
d3,o_min,m069529_o_min_ord25_rk00015,0.2966554995834966,0.2785400732599385,0.01811542632355806
d3,o_min,m069530_o_min_ord25_rk00016,0.3158878029517122,0.2785400732599385,0.03734772969177369
d3,o_min,m069531_o_min_ord25_rk00017,0.303510712716222,0.2785400732599385,0.024970639456283472
d3,o_min,m069532_o_min_ord25_rk00018,0.3030510349312494,0.2785400732599385,0.024510961671310894
d3,o_min,m069533_o_min_ord25_rk00019,0.3050143093805499,0.2785400732599385,0.026474236120611394
d3,o_min,m069534_o_min_ord25_rk00020,0.3133788461825545,0.2785400732599385,0.034838772922616
d3,o_min,m070515_o_min_ord26_rk00001,0.3095094164334786,0.2785400732599385,0.03096934317354011
d3,o_min,m070516_o_min_ord26_rk00002,0.3136653274187529,0.2785400732599385,0.0351252541588144
d3,o_min,m070517_o_min_ord26_rk00003,0.312065030774318,0.2785400732599385,0.033524957514379505
d3,o_min,m070518_o_min_ord26_rk00004,0.3052529887508666,0.2785400732599385,0.02671291549092808
d3,o_min,m070519_o_min_ord26_rk00005,0.3007305183674954,0.2785400732599385,0.02219044510755691
d3,o_min,m070520_o_min_ord26_rk00006,0.3094999335375872,0.2785400732599385,0.030959860277648688
d3,o_min,m070521_o_min_ord26_rk00007,0.316063916524306,0.2785400732599385,0.037523843264367474
d3,o_min,m070522_o_min_ord26_rk00008,0.3094200675148442,0.2785400732599385,0.030879994254905674
d3,o_min,m070523_o_min_ord26_rk00009,0.3092491903350878,0.2785400732599385,0.030709117075149284
d3,o_min,m070524_o_min_ord26_rk00010,0.2995476879374285,0.2785400732599385,0.02100761467748996
d3,o_min,m070525_o_min_ord26_rk00011,0.3004659513088236,0.2785400732599385,0.021925878048885072
d3,o_min,m070526_o_min_ord26_rk00012,0.2981116207676877,0.2785400732599385,0.0195715475077492
d3,o_min,m070527_o_min_ord26_rk00013,0.2987024342083407,0.2785400732599385,0.02016236094840218
d3,o_min,m070528_o_min_ord26_rk00014,0.3080002515206805,0.2785400732599385,0.029460178260741987
d3,o_min,m070529_o_min_ord26_rk00015,0.2987667373341273,0.2785400732599385,0.02022666407418877
d3,o_min,m070530_o_min_ord26_rk00016,0.3017896271950961,0.2785400732599385,0.023249553935157596
d3,o_min,m070531_o_min_ord26_rk00017,0.3078483975863617,0.2785400732599385,0.029308324326423163
d3,o_min,m070532_o_min_ord26_rk00018,0.2983857127345759,0.2785400732599385,0.01984563947463741
d3,o_min,m070533_o_min_ord26_rk00019,0.296488501373339,0.2785400732599385,0.017948428113400472
d3,o_min,m070534_o_min_ord26_rk00020,0.2852057710602506,0.2785400732599385,0.006665697800312065
d3,o_min,m071515_o_min_ord27_rk00001,0.2959246582806171,0.2785400732599385,0.017384585020678578
d3,o_min,m071516_o_min_ord27_rk00002,0.3036495558442799,0.2785400732599385,0.02510948258434137
d3,o_min,m071517_o_min_ord27_rk00003,0.2993655932260842,0.2785400732599385,0.020825519966145678
d3,o_min,m071518_o_min_ord27_rk00004,0.3020751740102559,0.2785400732599385,0.023535100750317395
d3,o_min,m071519_o_min_ord27_rk00005,0.2903606585929338,0.2785400732599385,0.011820585332995293
d3,o_min,m071520_o_min_ord27_rk00006,0.3041680656501044,0.2785400732599385,0.025627992390165888
d3,o_min,m071521_o_min_ord27_rk00007,0.2929228815613767,0.2785400732599385,0.014382808301438177
d3,o_min,m071522_o_min_ord27_rk00008,0.3002042739367637,0.2785400732599385,0.021664200676825174
d3,o_min,m071523_o_min_ord27_rk00009,0.3086237471769664,0.2785400732599385,0.030083673917027876
d3,o_min,m071524_o_min_ord27_rk00010,0.3070342733260274,0.2785400732599385,0.02849420006608888
d3,o_min,m071525_o_min_ord27_rk00011,0.3015468281068698,0.2785400732599385,0.023006754846931265
d3,o_min,m071526_o_min_ord27_rk00012,0.2926628853416243,0.2785400732599385,0.01412281208168581
d3,o_min,m071527_o_min_ord27_rk00013,0.3062931188789638,0.2785400732599385,0.027753045619025307
d3,o_min,m071528_o_min_ord27_rk00014,0.3035127963122531,0.2785400732599385,0.02497272305231457
d3,o_min,m071529_o_min_ord27_rk00015,0.3198375985284674,0.2785400732599385,0.04129752526852887
d3,o_min,m071530_o_min_ord27_rk00016,0.2944382278984214,0.2785400732599385,0.015898154638482875
d3,o_min,m071531_o_min_ord27_rk00017,0.3051080069213864,0.2785400732599385,0.026567933661447884
d3,o_min,m071532_o_min_ord27_rk00018,0.3055513688294203,0.2785400732599385,0.027011295569481786
d3,o_min,m071533_o_min_ord27_rk00019,0.3017860795619566,0.2785400732599385,0.023246006302018063
d3,o_min,m071534_o_min_ord27_rk00020,0.3113104845470438,0.2785400732599385,0.03277041128710528
d3,o_min,m072515_o_min_ord28_rk00001,0.3042731887932883,0.2785400732599385,0.025733115533349782
d3,o_min,m072516_o_min_ord28_rk00002,0.3117237097901122,0.2785400732599385,0.0331836365301737
d3,o_min,m072517_o_min_ord28_rk00003,0.302640939327482,0.2785400732599385,0.02410086606754347
d3,o_min,m072518_o_min_ord28_rk00004,0.3147398198382304,0.2785400732599385,0.03619974657829189
d3,o_min,m072519_o_min_ord28_rk00005,0.3111307395647253,0.2785400732599385,0.0325906663047868
d3,o_min,m072520_o_min_ord28_rk00006,0.298887575975716,0.2785400732599385,0.02034750271577751
d3,o_min,m072521_o_min_ord28_rk00007,0.3003192132071356,0.2785400732599385,0.0217791399471971
d3,o_min,m072522_o_min_ord28_rk00008,0.3113077991315743,0.2785400732599385,0.03276772587163579
d3,o_min,m072523_o_min_ord28_rk00009,0.3124762500386014,0.2785400732599385,0.033936176778662897
d3,o_min,m072524_o_min_ord28_rk00010,0.3035397019489102,0.2785400732599385,0.02499962868897171
d3,o_min,m072525_o_min_ord28_rk00011,0.3029857886199046,0.2785400732599385,0.02444571535996609
d3,o_min,m072526_o_min_ord28_rk00012,0.3011798476719819,0.2785400732599385,0.0226397744120434
d3,o_min,m072527_o_min_ord28_rk00013,0.313840646506954,0.2785400732599385,0.035300573247015465
d3,o_min,m072528_o_min_ord28_rk00014,0.3172274454606726,0.2785400732599385,0.038687372200734094
d3,o_min,m072529_o_min_ord28_rk00015,0.3104100473902502,0.2785400732599385,0.031869974130311673
d3,o_min,m072530_o_min_ord28_rk00016,0.315316177765707,0.2785400732599385,0.03677610450576846
d3,o_min,m072531_o_min_ord28_rk00017,0.3030064924266893,0.2785400732599385,0.024466419166750797
d3,o_min,m072532_o_min_ord28_rk00018,0.3023124724530106,0.2785400732599385,0.023772399193072058
d3,o_min,m072533_o_min_ord28_rk00019,0.3044890176743162,0.2785400732599385,0.025948944414377673
d3,o_min,m072534_o_min_ord28_rk00020,0.3064357019584006,0.2785400732599385,0.02789562869846207
d3,o_min,m073515_o_min_ord29_rk00001,0.2960658456916497,0.2785400732599385,0.017525772431711162
d3,o_min,m073516_o_min_ord29_rk00002,0.2999534247970143,0.2785400732599385,0.021413351537075798
d3,o_min,m073517_o_min_ord29_rk00003,0.2898066058258858,0.2785400732599385,0.011266532565947285
d3,o_min,m073518_o_min_ord29_rk00004,0.3077249727483275,0.2785400732599385,0.029184899488388982
d3,o_min,m073519_o_min_ord29_rk00005,0.2865463845830918,0.2785400732599385,0.00800631132315327
d3,o_min,m073520_o_min_ord29_rk00006,0.3087947658168558,0.2785400732599385,0.030254692556917262
d3,o_min,m073521_o_min_ord29_rk00007,0.2987748306124844,0.2785400732599385,0.020234757352545873
d3,o_min,m073522_o_min_ord29_rk00008,0.3044071903525585,0.2785400732599385,0.025867117092619962
d3,o_min,m073523_o_min_ord29_rk00009,0.3017970990589087,0.2785400732599385,0.02325702579897021
d3,o_min,m073524_o_min_ord29_rk00010,0.288244238840736,0.2785400732599385,0.009704165580797508
d3,o_min,m073525_o_min_ord29_rk00011,0.2996297873695484,0.2785400732599385,0.02108971410960986
d3,o_min,m073526_o_min_ord29_rk00012,0.3065289310396192,0.2785400732599385,0.027988857779680687
d3,o_min,m073527_o_min_ord29_rk00013,0.2999205889485621,0.2785400732599385,0.02138051568862359
d3,o_min,m073528_o_min_ord29_rk00014,0.2990416970144254,0.2785400732599385,0.020501623754486886
d3,o_min,m073529_o_min_ord29_rk00015,0.3026229519818924,0.2785400732599385,0.02408287872195386
d3,o_min,m073530_o_min_ord29_rk00016,0.3065184676532385,0.2785400732599385,0.027978394393299966
d3,o_min,m073531_o_min_ord29_rk00017,0.2886532073532818,0.2785400732599385,0.010113134093343301
d3,o_min,m073532_o_min_ord29_rk00018,0.3049281210529718,0.2785400732599385,0.026388047793033276
d3,o_min,m073533_o_min_ord29_rk00019,0.297162682081956,0.2785400732599385,0.018622608822017495
d3,o_min,m073534_o_min_ord29_rk00020,0.2805659002451964,0.2785400732599385,0.0020258269852578836
d3,o_min,m074515_o_min_ord30_rk00001,0.290831992162798,0.2785400732599385,0.012291918902859467
d3,o_min,m074516_o_min_ord30_rk00002,0.3039995364541014,0.2785400732599385,0.025459463194162868
d3,o_min,m074517_o_min_ord30_rk00003,0.3163444023495588,0.2785400732599385,0.03780432908962028
d3,o_min,m074518_o_min_ord30_rk00004,0.3015264598263437,0.2785400732599385,0.02298638656640517
d3,o_min,m074519_o_min_ord30_rk00005,0.3120710611991176,0.2785400732599385,0.03353098793917908
d3,o_min,m074520_o_min_ord30_rk00006,0.3012768537767102,0.2785400732599385,0.022736780516771693
d3,o_min,m074521_o_min_ord30_rk00007,0.3043173304504232,0.2785400732599385,0.02577725719048468
d3,o_min,m074522_o_min_ord30_rk00008,0.2918503366288107,0.2785400732599385,0.0133102633688722
d3,o_min,m074523_o_min_ord30_rk00009,0.3099708173508638,0.2785400732599385,0.03143074409092528
d3,o_min,m074524_o_min_ord30_rk00010,0.2922564070328011,0.2785400732599385,0.013716333772862577
d3,o_min,m074525_o_min_ord30_rk00011,0.315312915610124,0.2785400732599385,0.036772842350185464
d3,o_min,m074526_o_min_ord30_rk00012,0.3111447778464051,0.2785400732599385,0.03260470458646658
d3,o_min,m074527_o_min_ord30_rk00013,0.3034364503527011,0.2785400732599385,0.0248963770927626
d3,o_min,m074528_o_min_ord30_rk00014,0.3037645319613669,0.2785400732599385,0.025224458701428365
d3,o_min,m074529_o_min_ord30_rk00015,0.3067947171310663,0.2785400732599385,0.028254643871127805
d3,o_min,m074530_o_min_ord30_rk00016,0.2982465356753044,0.2785400732599385,0.01970646241536589
d3,o_min,m074531_o_min_ord30_rk00017,0.310559069552213,0.2785400732599385,0.032018996292274504
d3,o_min,m074532_o_min_ord30_rk00018,0.2945331786254449,0.2785400732599385,0.01599310536550641
d3,o_min,m074533_o_min_ord30_rk00019,0.3039845483505726,0.2785400732599385,0.025444475090634078
d3,o_min,m074534_o_min_ord30_rk00020,0.2999584158280151,0.2785400732599385,0.021418342568076565
