model_level,objective,candidate_id,full_r2,base_r2,delta_r2_vs_base
OLS,o_max,m000000_o_max_ord3_rk00001,0.4371222216624273,0.5511279581498074,-0.1140057364873801
OLS,o_max,m000001_o_max_ord3_rk00002,-3.729016272736247,0.5511279581498074,-4.280144230886054
OLS,o_max,m000002_o_max_ord3_rk00003,0.491231497104296,0.5511279581498074,-0.05989646104551144
OLS,o_max,m000003_o_max_ord3_rk00004,0.487591197420439,0.5511279581498074,-0.06353676072936842
OLS,o_max,m000004_o_max_ord3_rk00005,0.4749338082418888,0.5511279581498074,-0.07619414990791862
OLS,o_max,m000005_o_max_ord3_rk00006,0.4240919203649029,0.5511279581498074,-0.12703603778490452
OLS,o_max,m000006_o_max_ord3_rk00007,0.4558383008469745,0.5511279581498074,-0.0952896573028329
OLS,o_max,m000007_o_max_ord3_rk00008,0.4830615184890139,0.5511279581498074,-0.06806643966079351
OLS,o_max,m000008_o_max_ord3_rk00009,0.4702080353430733,0.5511279581498074,-0.0809199228067341
OLS,o_max,m000009_o_max_ord3_rk00010,0.4724924977351836,0.5511279581498074,-0.07863546041462383
OLS,o_max,m000010_o_max_ord3_rk00011,0.4642761694796922,0.5511279581498074,-0.08685178867011523
OLS,o_max,m000011_o_max_ord3_rk00012,0.4637304675134898,0.5511279581498074,-0.08739749063631763
OLS,o_max,m000012_o_max_ord3_rk00013,0.4921190658446561,0.5511279581498074,-0.05900889230515133
OLS,o_max,m000013_o_max_ord3_rk00014,0.4881228046000895,0.5511279581498074,-0.06300515354971792
OLS,o_max,m000014_o_max_ord3_rk00015,0.4708554652683492,0.5511279581498074,-0.08027249288145821
OLS,o_max,m000015_o_max_ord3_rk00016,0.5000878373961578,0.5511279581498074,-0.05104012075364961
OLS,o_max,m000016_o_max_ord3_rk00017,0.4854264436268626,0.5511279581498074,-0.06570151452294481
OLS,o_max,m000017_o_max_ord3_rk00018,0.4350174732649574,0.5511279581498074,-0.11611048488485004
OLS,o_max,m000018_o_max_ord3_rk00019,0.5049583966293656,0.5511279581498074,-0.046169561520441826
OLS,o_max,m000019_o_max_ord3_rk00020,0.478960127396412,0.5511279581498074,-0.07216783075339539
OLS,o_max,m001000_o_max_ord4_rk00001,0.4812297116516346,0.5511279581498074,-0.06989824649817283
OLS,o_max,m001001_o_max_ord4_rk00002,0.4381316851381353,0.5511279581498074,-0.11299627301167214
OLS,o_max,m001002_o_max_ord4_rk00003,0.4565293319040174,0.5511279581498074,-0.09459862624579002
OLS,o_max,m001003_o_max_ord4_rk00004,0.4644774415902722,0.5511279581498074,-0.0866505165595352
OLS,o_max,m001004_o_max_ord4_rk00005,0.4427728966449274,0.5511279581498074,-0.10835506150488
OLS,o_max,m001005_o_max_ord4_rk00006,0.4357392712453358,0.5511279581498074,-0.11538868690447163
OLS,o_max,m001006_o_max_ord4_rk00007,0.5046839573178854,0.5511279581498074,-0.04644400083192202
OLS,o_max,m001007_o_max_ord4_rk00008,-5.632984255250827,0.5511279581498074,-6.184112213400635
OLS,o_max,m001008_o_max_ord4_rk00009,0.4124927715716614,0.5511279581498074,-0.138635186578146
OLS,o_max,m001009_o_max_ord4_rk00010,0.4275740807969478,0.5511279581498074,-0.12355387735285961
OLS,o_max,m001010_o_max_ord4_rk00011,0.4840362251186145,0.5511279581498074,-0.06709173303119292
OLS,o_max,m001011_o_max_ord4_rk00012,0.4715061048932134,0.5511279581498074,-0.07962185325659404
OLS,o_max,m001012_o_max_ord4_rk00013,0.4632848315683521,0.5511279581498074,-0.08784312658145532
OLS,o_max,m001013_o_max_ord4_rk00014,0.4152676721608429,0.5511279581498074,-0.1358602859889645
OLS,o_max,m001014_o_max_ord4_rk00015,0.464908824297957,0.5511279581498074,-0.08621913385185043
OLS,o_max,m001015_o_max_ord4_rk00016,0.3973995183673072,0.5511279581498074,-0.15372843978250023
OLS,o_max,m001016_o_max_ord4_rk00017,0.4930485706779339,0.5511279581498074,-0.05807938747187352
OLS,o_max,m001017_o_max_ord4_rk00018,0.4620898961962228,0.5511279581498074,-0.0890380619535846
OLS,o_max,m001018_o_max_ord4_rk00019,0.5028165286896507,0.5511279581498074,-0.04831142946015676
OLS,o_max,m001019_o_max_ord4_rk00020,-2.862568395163966,0.5511279581498074,-3.4136963533137736
OLS,o_max,m002000_o_max_ord5_rk00001,0.45794955743213,0.5511279581498074,-0.09317840071767741
OLS,o_max,m002001_o_max_ord5_rk00002,0.4912889603445063,0.5511279581498074,-0.05983899780530111
OLS,o_max,m002002_o_max_ord5_rk00003,0.4603936092761459,0.5511279581498074,-0.0907343488736615
OLS,o_max,m002003_o_max_ord5_rk00004,0.4631531642386228,0.5511279581498074,-0.08797479391118462
OLS,o_max,m002004_o_max_ord5_rk00005,0.4558374226691455,0.5511279581498074,-0.09529053548066191
OLS,o_max,m002005_o_max_ord5_rk00006,0.4891986388153124,0.5511279581498074,-0.061929319334495025
OLS,o_max,m002006_o_max_ord5_rk00007,0.5064158064437916,0.5511279581498074,-0.044712151706015835
OLS,o_max,m002007_o_max_ord5_rk00008,0.4897863093357589,0.5511279581498074,-0.06134164881404852
OLS,o_max,m002008_o_max_ord5_rk00009,0.4469736221267198,0.5511279581498074,-0.1041543360230876
OLS,o_max,m002009_o_max_ord5_rk00010,0.4637439628208241,0.5511279581498074,-0.08738399532898333
OLS,o_max,m002010_o_max_ord5_rk00011,0.4585311767720635,0.5511279581498074,-0.09259678137774391
OLS,o_max,m002011_o_max_ord5_rk00012,0.4799013885289966,0.5511279581498074,-0.07122656962081081
OLS,o_max,m002012_o_max_ord5_rk00013,0.4776807247519524,0.5511279581498074,-0.07344723339785503
OLS,o_max,m002013_o_max_ord5_rk00014,0.4450419295218993,0.5511279581498074,-0.10608602862790811
OLS,o_max,m002014_o_max_ord5_rk00015,0.4658526172432463,0.5511279581498074,-0.08527534090656114
OLS,o_max,m002015_o_max_ord5_rk00016,0.45860100980904,0.5511279581498074,-0.09252694834076741
OLS,o_max,m002016_o_max_ord5_rk00017,0.4855061028524506,0.5511279581498074,-0.06562185529735681
OLS,o_max,m002017_o_max_ord5_rk00018,0.4360768257225466,0.5511279581498074,-0.11505113242726084
OLS,o_max,m002018_o_max_ord5_rk00019,0.4140049452925067,0.5511279581498074,-0.13712301285730072
OLS,o_max,m002019_o_max_ord5_rk00020,0.4885259855688886,0.5511279581498074,-0.06260197258091882
OLS,o_max,m003000_o_max_ord6_rk00001,0.4828414004593448,0.5511279581498074,-0.0682865576904626
OLS,o_max,m003001_o_max_ord6_rk00002,0.4749218318810149,0.5511279581498074,-0.07620612626879253
OLS,o_max,m003002_o_max_ord6_rk00003,0.4411920298083933,0.5511279581498074,-0.10993592834141414
OLS,o_max,m003003_o_max_ord6_rk00004,0.4732213144763967,0.5511279581498074,-0.07790664367341071
OLS,o_max,m003004_o_max_ord6_rk00005,0.4888927294649777,0.5511279581498074,-0.062235228684829724
OLS,o_max,m003005_o_max_ord6_rk00006,0.4447766592652605,0.5511279581498074,-0.10635129888454692
OLS,o_max,m003006_o_max_ord6_rk00007,0.4730349772833405,0.5511279581498074,-0.07809298086646693
OLS,o_max,m003007_o_max_ord6_rk00008,0.4429477288652975,0.5511279581498074,-0.10818022928450993
OLS,o_max,m003008_o_max_ord6_rk00009,0.509172819456876,0.5511279581498074,-0.04195513869293144
OLS,o_max,m003009_o_max_ord6_rk00010,0.4553034909523981,0.5511279581498074,-0.09582446719740934
OLS,o_max,m003010_o_max_ord6_rk00011,0.5107288577739493,0.5511279581498074,-0.040399100375858144
OLS,o_max,m003011_o_max_ord6_rk00012,0.443330842506792,0.5511279581498074,-0.10779711564301542
OLS,o_max,m003012_o_max_ord6_rk00013,0.4099963762368169,0.5511279581498074,-0.14113158191299052
OLS,o_max,m003013_o_max_ord6_rk00014,0.5082061686933261,0.5511279581498074,-0.042921789456481285
OLS,o_max,m003014_o_max_ord6_rk00015,0.4639785019243433,0.5511279581498074,-0.0871494562254641
OLS,o_max,m003015_o_max_ord6_rk00016,0.4543328452428276,0.5511279581498074,-0.09679511290697984
OLS,o_max,m003016_o_max_ord6_rk00017,0.4984907663450404,0.5511279581498074,-0.052637191804767
OLS,o_max,m003017_o_max_ord6_rk00018,0.4731230438588515,0.5511279581498074,-0.0780049142909559
OLS,o_max,m003018_o_max_ord6_rk00019,0.4740404081877865,0.5511279581498074,-0.07708754996202094
OLS,o_max,m003019_o_max_ord6_rk00020,0.489787759796392,0.5511279581498074,-0.06134019835341542
OLS,o_max,m004000_o_max_ord7_rk00001,0.4987437732543026,0.5511279581498074,-0.05238418489550484
OLS,o_max,m004001_o_max_ord7_rk00002,0.4769749853133607,0.5511279581498074,-0.07415297283644673
OLS,o_max,m004002_o_max_ord7_rk00003,0.5028479197132667,0.5511279581498074,-0.04828003843654072
OLS,o_max,m004003_o_max_ord7_rk00004,0.4635051648815063,0.5511279581498074,-0.08762279326830114
OLS,o_max,m004004_o_max_ord7_rk00005,0.4879060182222067,0.5511279581498074,-0.06322193992760072
OLS,o_max,m004005_o_max_ord7_rk00006,0.5041758315995115,0.5511279581498074,-0.0469521265502959
OLS,o_max,m004006_o_max_ord7_rk00007,0.4683657297653897,0.5511279581498074,-0.08276222838441771
OLS,o_max,m004007_o_max_ord7_rk00008,0.4605892514253417,0.5511279581498074,-0.09053870672446573
OLS,o_max,m004008_o_max_ord7_rk00009,0.4908656728461118,0.5511279581498074,-0.060262285303695595
OLS,o_max,m004009_o_max_ord7_rk00010,0.4924507083885634,0.5511279581498074,-0.058677249761244
OLS,o_max,m004010_o_max_ord7_rk00011,0.4512647103552738,0.5511279581498074,-0.0998632477945336
OLS,o_max,m004011_o_max_ord7_rk00012,0.4904769236426838,0.5511279581498074,-0.06065103450712361
OLS,o_max,m004012_o_max_ord7_rk00013,0.4643501248535353,0.5511279581498074,-0.08677783329627214
OLS,o_max,m004013_o_max_ord7_rk00014,0.4764823751291277,0.5511279581498074,-0.0746455830206797
OLS,o_max,m004014_o_max_ord7_rk00015,0.4730841056652273,0.5511279581498074,-0.07804385248458012
OLS,o_max,m004015_o_max_ord7_rk00016,0.4591981132275734,0.5511279581498074,-0.091929844922234
OLS,o_max,m004016_o_max_ord7_rk00017,0.5049372159614995,0.5511279581498074,-0.046190742188307876
OLS,o_max,m004017_o_max_ord7_rk00018,0.4864547506981762,0.5511279581498074,-0.06467320745163124
OLS,o_max,m004018_o_max_ord7_rk00019,0.4599964802031135,0.5511279581498074,-0.0911314779466939
OLS,o_max,m004019_o_max_ord7_rk00020,0.4732234135642477,0.5511279581498074,-0.07790454458555973
OLS,o_max,m005000_o_max_ord8_rk00001,0.4870052889090457,0.5511279581498074,-0.06412266924076171
OLS,o_max,m005001_o_max_ord8_rk00002,0.4997855544753111,0.5511279581498074,-0.05134240367449633
OLS,o_max,m005002_o_max_ord8_rk00003,0.4856089836084339,0.5511279581498074,-0.06551897454137351
OLS,o_max,m005003_o_max_ord8_rk00004,0.5093646870865939,0.5511279581498074,-0.041763271063213536
OLS,o_max,m005004_o_max_ord8_rk00005,0.4906504726813994,0.5511279581498074,-0.06047748546840803
OLS,o_max,m005005_o_max_ord8_rk00006,0.476871127869132,0.5511279581498074,-0.07425683028067542
OLS,o_max,m005006_o_max_ord8_rk00007,0.5136495845030962,0.5511279581498074,-0.03747837364671125
OLS,o_max,m005007_o_max_ord8_rk00008,0.472762065644811,0.5511279581498074,-0.07836589250499643
OLS,o_max,m005008_o_max_ord8_rk00009,0.4873601807963228,0.5511279581498074,-0.0637677773534846
OLS,o_max,m005009_o_max_ord8_rk00010,0.4618894843383055,0.5511279581498074,-0.0892384738115019
OLS,o_max,m005010_o_max_ord8_rk00011,0.4803208932901242,0.5511279581498074,-0.07080706485968324
OLS,o_max,m005011_o_max_ord8_rk00012,0.4859438424732495,0.5511279581498074,-0.06518411567655791
OLS,o_max,m005012_o_max_ord8_rk00013,0.496602957268596,0.5511279581498074,-0.05452500088121143
OLS,o_max,m005013_o_max_ord8_rk00014,0.4525028044387447,0.5511279581498074,-0.09862515371106273
OLS,o_max,m005014_o_max_ord8_rk00015,0.499639847337757,0.5511279581498074,-0.0514881108120504
OLS,o_max,m005015_o_max_ord8_rk00016,0.4949753450609819,0.5511279581498074,-0.05615261308882552
OLS,o_max,m005016_o_max_ord8_rk00017,0.4875852030999021,0.5511279581498074,-0.06354275504990531
OLS,o_max,m005017_o_max_ord8_rk00018,0.5046276075741037,0.5511279581498074,-0.046500350575703675
OLS,o_max,m005018_o_max_ord8_rk00019,0.508600721208752,0.5511279581498074,-0.042527236941055424
OLS,o_max,m005019_o_max_ord8_rk00020,0.462436607946126,0.5511279581498074,-0.08869135020368141
OLS,o_max,m006000_o_max_ord9_rk00001,0.4817157527107432,0.5511279581498074,-0.06941220543906423
OLS,o_max,m006001_o_max_ord9_rk00002,0.4884310297534486,0.5511279581498074,-0.06269692839635882
OLS,o_max,m006002_o_max_ord9_rk00003,0.5100767774920203,0.5511279581498074,-0.04105118065778712
OLS,o_max,m006003_o_max_ord9_rk00004,0.4655844000658883,0.5511279581498074,-0.08554355808391911
OLS,o_max,m006004_o_max_ord9_rk00005,0.4798812732958263,0.5511279581498074,-0.07124668485398111
OLS,o_max,m006005_o_max_ord9_rk00006,0.494334173462675,0.5511279581498074,-0.05679378468713242
OLS,o_max,m006006_o_max_ord9_rk00007,0.5014477092207201,0.5511279581498074,-0.04968024892908729
OLS,o_max,m006007_o_max_ord9_rk00008,0.4723960862785357,0.5511279581498074,-0.07873187187127173
OLS,o_max,m006008_o_max_ord9_rk00009,0.4949125213684793,0.5511279581498074,-0.05621543678132812
OLS,o_max,m006009_o_max_ord9_rk00010,0.4767996842244254,0.5511279581498074,-0.074328273925382
OLS,o_max,m006010_o_max_ord9_rk00011,0.4981289757238746,0.5511279581498074,-0.05299898242593282
OLS,o_max,m006011_o_max_ord9_rk00012,0.5005022950808331,0.5511279581498074,-0.050625663068974314
OLS,o_max,m006012_o_max_ord9_rk00013,0.5018772854488112,0.5511279581498074,-0.049250672700996256
OLS,o_max,m006013_o_max_ord9_rk00014,0.4844772893048402,0.5511279581498074,-0.06665066884496723
OLS,o_max,m006014_o_max_ord9_rk00015,0.4871016904350773,0.5511279581498074,-0.06402626771473013
OLS,o_max,m006015_o_max_ord9_rk00016,0.4949710350258363,0.5511279581498074,-0.056156923123971136
OLS,o_max,m006016_o_max_ord9_rk00017,0.4521770034090082,0.5511279581498074,-0.09895095474079924
OLS,o_max,m006017_o_max_ord9_rk00018,0.4804895474831786,0.5511279581498074,-0.07063841066662879
OLS,o_max,m006018_o_max_ord9_rk00019,0.4933820910897645,0.5511279581498074,-0.05774586706004292
OLS,o_max,m006019_o_max_ord9_rk00020,0.4554512053018001,0.5511279581498074,-0.09567675284800731
OLS,o_max,m007000_o_max_ord10_rk00001,0.4934756151745956,0.5511279581498074,-0.05765234297521182
OLS,o_max,m007001_o_max_ord10_rk00002,0.4855691427342249,0.5511279581498074,-0.0655588154155825
OLS,o_max,m007002_o_max_ord10_rk00003,0.4832302010507412,0.5511279581498074,-0.0678977570990662
OLS,o_max,m007003_o_max_ord10_rk00004,0.4809153868743642,0.5511279581498074,-0.07021257127544323
OLS,o_max,m007004_o_max_ord10_rk00005,0.4832909006348237,0.5511279581498074,-0.0678370575149837
OLS,o_max,m007005_o_max_ord10_rk00006,0.4862747302718414,0.5511279581498074,-0.06485322787796599
OLS,o_max,m007006_o_max_ord10_rk00007,0.4756164797469139,0.5511279581498074,-0.07551147840289352
OLS,o_max,m007007_o_max_ord10_rk00008,0.4722378724188518,0.5511279581498074,-0.07889008573095563
OLS,o_max,m007008_o_max_ord10_rk00009,0.4367062184732352,0.5511279581498074,-0.11442173967657221
OLS,o_max,m007009_o_max_ord10_rk00010,0.4826137783979006,0.5511279581498074,-0.06851417975190682
OLS,o_max,m007010_o_max_ord10_rk00011,0.4764642753166574,0.5511279581498074,-0.07466368283315
OLS,o_max,m007011_o_max_ord10_rk00012,0.4965927175058088,0.5511279581498074,-0.05453524064399862
OLS,o_max,m007012_o_max_ord10_rk00013,0.4977626675157158,0.5511279581498074,-0.05336529063409162
OLS,o_max,m007013_o_max_ord10_rk00014,0.4765696751477156,0.5511279581498074,-0.07455828300209183
OLS,o_max,m007014_o_max_ord10_rk00015,0.4407881301503691,0.5511279581498074,-0.11033982799943831
OLS,o_max,m007015_o_max_ord10_rk00016,0.4838503452999805,0.5511279581498074,-0.06727761284982692
OLS,o_max,m007016_o_max_ord10_rk00017,0.4542754002967066,0.5511279581498074,-0.09685255785310082
OLS,o_max,m007017_o_max_ord10_rk00018,0.4673897804379168,0.5511279581498074,-0.08373817771189063
OLS,o_max,m007018_o_max_ord10_rk00019,0.4737899723365056,0.5511279581498074,-0.07733798581330181
OLS,o_max,m007019_o_max_ord10_rk00020,0.4834167758351747,0.5511279581498074,-0.06771118231463275
OLS,o_max,m008000_o_max_ord11_rk00001,0.4946740927234389,0.5511279581498074,-0.056453865426368544
OLS,o_max,m008001_o_max_ord11_rk00002,0.4856993623043454,0.5511279581498074,-0.06542859584546201
OLS,o_max,m008002_o_max_ord11_rk00003,0.475285517626592,0.5511279581498074,-0.07584244052321543
OLS,o_max,m008003_o_max_ord11_rk00004,0.4926292496396749,0.5511279581498074,-0.0584987085101325
OLS,o_max,m008004_o_max_ord11_rk00005,0.4941556568084799,0.5511279581498074,-0.056972301341327525
OLS,o_max,m008005_o_max_ord11_rk00006,0.4912522124718295,0.5511279581498074,-0.05987574567797793
OLS,o_max,m008006_o_max_ord11_rk00007,0.4942501586995322,0.5511279581498074,-0.05687779945027521
OLS,o_max,m008007_o_max_ord11_rk00008,0.4694598436290706,0.5511279581498074,-0.0816681145207368
OLS,o_max,m008008_o_max_ord11_rk00009,0.4736800422668437,0.5511279581498074,-0.07744791588296374
OLS,o_max,m008009_o_max_ord11_rk00010,0.4782694209856184,0.5511279581498074,-0.072858537164189
OLS,o_max,m008010_o_max_ord11_rk00011,0.4811632719422537,0.5511279581498074,-0.0699646862075537
OLS,o_max,m008011_o_max_ord11_rk00012,0.4752091774058753,0.5511279581498074,-0.0759187807439321
OLS,o_max,m008012_o_max_ord11_rk00013,0.4200335598137119,0.5511279581498074,-0.13109439833609554
OLS,o_max,m008013_o_max_ord11_rk00014,0.4860547133862005,0.5511279581498074,-0.06507324476360693
OLS,o_max,m008014_o_max_ord11_rk00015,0.4943013030623666,0.5511279581498074,-0.056826655087440836
OLS,o_max,m008015_o_max_ord11_rk00016,0.4856233306087135,0.5511279581498074,-0.06550462754109393
OLS,o_max,m008016_o_max_ord11_rk00017,0.4835312950246275,0.5511279581498074,-0.06759666312517992
OLS,o_max,m008017_o_max_ord11_rk00018,0.4948577745311295,0.5511279581498074,-0.056270183618677916
OLS,o_max,m008018_o_max_ord11_rk00019,0.4909001405643171,0.5511279581498074,-0.06022781758549034
OLS,o_max,m008019_o_max_ord11_rk00020,0.4846221704155744,0.5511279581498074,-0.06650578773423299
OLS,o_max,m009000_o_max_ord12_rk00001,0.4867617025432903,0.5511279581498074,-0.0643662556065171
OLS,o_max,m009001_o_max_ord12_rk00002,0.4699430369717702,0.5511279581498074,-0.08118492117803722
OLS,o_max,m009002_o_max_ord12_rk00003,0.4572236280791681,0.5511279581498074,-0.09390433007063931
OLS,o_max,m009003_o_max_ord12_rk00004,0.4933377894784174,0.5511279581498074,-0.05779016867139003
OLS,o_max,m009004_o_max_ord12_rk00005,0.489957860036481,0.5511279581498074,-0.06117009811332641
OLS,o_max,m009005_o_max_ord12_rk00006,0.4906980328772644,0.5511279581498074,-0.06042992527254304
OLS,o_max,m009006_o_max_ord12_rk00007,0.493558414894132,0.5511279581498074,-0.057569543255675426
OLS,o_max,m009007_o_max_ord12_rk00008,0.4839896039188446,0.5511279581498074,-0.06713835423096282
OLS,o_max,m009008_o_max_ord12_rk00009,0.4878676961040068,0.5511279581498074,-0.0632602620458006
OLS,o_max,m009009_o_max_ord12_rk00010,0.4694331253115172,0.5511279581498074,-0.08169483283829021
OLS,o_max,m009010_o_max_ord12_rk00011,0.4820832542107385,0.5511279581498074,-0.06904470393906892
OLS,o_max,m009011_o_max_ord12_rk00012,0.4745313024281232,0.5511279581498074,-0.07659665572168423
OLS,o_max,m009012_o_max_ord12_rk00013,0.4670059999725172,0.5511279581498074,-0.08412195817729023
OLS,o_max,m009013_o_max_ord12_rk00014,0.5007437205838621,0.5511279581498074,-0.050384237565945345
OLS,o_max,m009014_o_max_ord12_rk00015,0.4114180383277069,0.5511279581498074,-0.13970991982210051
OLS,o_max,m009015_o_max_ord12_rk00016,0.4885547557198326,0.5511279581498074,-0.06257320242997483
OLS,o_max,m009016_o_max_ord12_rk00017,0.4934000383515422,0.5511279581498074,-0.05772791979826519
OLS,o_max,m009017_o_max_ord12_rk00018,0.4259525570169765,0.5511279581498074,-0.12517540113283093
OLS,o_max,m009018_o_max_ord12_rk00019,0.4874724650324299,0.5511279581498074,-0.0636554931173775
OLS,o_max,m009019_o_max_ord12_rk00020,0.393299557868602,0.5511279581498074,-0.15782840028120543
OLS,o_max,m010000_o_max_ord13_rk00001,0.4781820979342287,0.5511279581498074,-0.0729458602155787
OLS,o_max,m010001_o_max_ord13_rk00002,0.4529619984223367,0.5511279581498074,-0.09816595972747072
OLS,o_max,m010002_o_max_ord13_rk00003,0.4291872484801241,0.5511279581498074,-0.12194070966968334
OLS,o_max,m010003_o_max_ord13_rk00004,0.4802969761152457,0.5511279581498074,-0.07083098203456173
OLS,o_max,m010004_o_max_ord13_rk00005,0.4744587689945031,0.5511279581498074,-0.0766691891553043
OLS,o_max,m010005_o_max_ord13_rk00006,0.4813222902020458,0.5511279581498074,-0.06980566794776161
OLS,o_max,m010006_o_max_ord13_rk00007,0.4653176298139508,0.5511279581498074,-0.08581032833585661
OLS,o_max,m010007_o_max_ord13_rk00008,0.3099975986717086,0.5511279581498074,-0.2411303594780988
OLS,o_max,m010008_o_max_ord13_rk00009,0.4993448518675694,0.5511279581498074,-0.051783106282238034
OLS,o_max,m010009_o_max_ord13_rk00010,0.4804438362846117,0.5511279581498074,-0.07068412186519574
OLS,o_max,m010010_o_max_ord13_rk00011,0.4823296316244836,0.5511279581498074,-0.0687983265253238
OLS,o_max,m010011_o_max_ord13_rk00012,0.4662260535615664,0.5511279581498074,-0.08490190458824104
OLS,o_max,m010012_o_max_ord13_rk00013,0.4933116902278485,0.5511279581498074,-0.05781626792195893
OLS,o_max,m010013_o_max_ord13_rk00014,0.4900402954371508,0.5511279581498074,-0.06108766271265664
OLS,o_max,m010014_o_max_ord13_rk00015,0.4474587755638407,0.5511279581498074,-0.10366918258596669
OLS,o_max,m010015_o_max_ord13_rk00016,0.492978386691694,0.5511279581498074,-0.05814957145811339
OLS,o_max,m010016_o_max_ord13_rk00017,0.478068922264791,0.5511279581498074,-0.07305903588501644
OLS,o_max,m010017_o_max_ord13_rk00018,0.4794803529785462,0.5511279581498074,-0.07164760517126123
OLS,o_max,m010018_o_max_ord13_rk00019,0.383295130109325,0.5511279581498074,-0.16783282804048244
OLS,o_max,m010019_o_max_ord13_rk00020,0.4606628323917887,0.5511279581498074,-0.09046512575801874
OLS,o_max,m011000_o_max_ord14_rk00001,0.4356925312691813,0.5511279581498074,-0.11543542688062614
OLS,o_max,m011001_o_max_ord14_rk00002,0.4731682822429813,0.5511279581498074,-0.07795967590682612
OLS,o_max,m011002_o_max_ord14_rk00003,0.4778109935468372,0.5511279581498074,-0.07331696460297021
OLS,o_max,m011003_o_max_ord14_rk00004,0.4575052122320032,0.5511279581498074,-0.09362274591780423
OLS,o_max,m011004_o_max_ord14_rk00005,0.2805559225455256,0.5511279581498074,-0.27057203560428184
OLS,o_max,m011005_o_max_ord14_rk00006,0.4503563195128343,0.5511279581498074,-0.10077163863697314
OLS,o_max,m011006_o_max_ord14_rk00007,0.4809057932562836,0.5511279581498074,-0.07022216489352384
OLS,o_max,m011007_o_max_ord14_rk00008,0.4394527333857864,0.5511279581498074,-0.11167522476402103
OLS,o_max,m011008_o_max_ord14_rk00009,0.38148903531459,0.5511279581498074,-0.16963892283521742
OLS,o_max,m011009_o_max_ord14_rk00010,0.4066988822416374,0.5511279581498074,-0.14442907590817
OLS,o_max,m011010_o_max_ord14_rk00011,0.4613273648212165,0.5511279581498074,-0.08980059332859092
OLS,o_max,m011011_o_max_ord14_rk00012,0.3857602044349069,0.5511279581498074,-0.16536775371490053
OLS,o_max,m011012_o_max_ord14_rk00013,0.4592070418117407,0.5511279581498074,-0.0919209163380667
OLS,o_max,m011013_o_max_ord14_rk00014,0.4752200707661699,0.5511279581498074,-0.07590788738363752
OLS,o_max,m011014_o_max_ord14_rk00015,0.4328705957016061,0.5511279581498074,-0.11825736244820134
OLS,o_max,m011015_o_max_ord14_rk00016,0.3083773467958046,0.5511279581498074,-0.24275061135400283
OLS,o_max,m011016_o_max_ord14_rk00017,0.364910974555079,0.5511279581498074,-0.18621698359472844
OLS,o_max,m011017_o_max_ord14_rk00018,0.2685285755469138,0.5511279581498074,-0.28259938260289363
OLS,o_max,m011018_o_max_ord14_rk00019,0.4567358603909908,0.5511279581498074,-0.09439209775881663
OLS,o_max,m011019_o_max_ord14_rk00020,0.4261841985749049,0.5511279581498074,-0.1249437595749025
OLS,o_max,m012000_o_max_ord15_rk00001,0.4422149550663855,0.5511279581498074,-0.10891300308342194
OLS,o_max,m012001_o_max_ord15_rk00002,0.2803866687519305,0.5511279581498074,-0.2707412893978769
OLS,o_max,m012002_o_max_ord15_rk00003,0.4832478847117623,0.5511279581498074,-0.06788007343804514
OLS,o_max,m012003_o_max_ord15_rk00004,0.3888804556205185,0.5511279581498074,-0.16224750252928893
OLS,o_max,m012004_o_max_ord15_rk00005,0.3174224266818447,0.5511279581498074,-0.2337055314679627
OLS,o_max,m012005_o_max_ord15_rk00006,0.4149141489440161,0.5511279581498074,-0.1362138092057913
OLS,o_max,m012006_o_max_ord15_rk00007,0.2684276201523927,0.5511279581498074,-0.28270033799741473
OLS,o_max,m012007_o_max_ord15_rk00008,0.4175132042977305,0.5511279581498074,-0.13361475385207694
OLS,o_max,m012008_o_max_ord15_rk00009,0.4597093704512882,0.5511279581498074,-0.09141858769851924
OLS,o_max,m012009_o_max_ord15_rk00010,0.4220675901737488,0.5511279581498074,-0.12906036797605863
OLS,o_max,m012010_o_max_ord15_rk00011,0.4269732103540987,0.5511279581498074,-0.12415474779570873
OLS,o_max,m012011_o_max_ord15_rk00012,0.3641967435235823,0.5511279581498074,-0.18693121462622514
OLS,o_max,m012012_o_max_ord15_rk00013,0.3825998325541796,0.5511279581498074,-0.1685281255956278
OLS,o_max,m012013_o_max_ord15_rk00014,0.4427500216483336,0.5511279581498074,-0.10837793650147381
OLS,o_max,m012014_o_max_ord15_rk00015,0.4694501427839491,0.5511279581498074,-0.08167781536585833
OLS,o_max,m012015_o_max_ord15_rk00016,0.4232807858427863,0.5511279581498074,-0.12784717230702114
OLS,o_max,m012016_o_max_ord15_rk00017,0.4483873193515867,0.5511279581498074,-0.10274063879822071
OLS,o_max,m012017_o_max_ord15_rk00018,0.4342788959583609,0.5511279581498074,-0.11684906219144653
OLS,o_max,m012018_o_max_ord15_rk00019,0.4008770895242495,0.5511279581498074,-0.15025086862555792
OLS,o_max,m012019_o_max_ord15_rk00020,0.4046799784192121,0.5511279581498074,-0.1464479797305953
OLS,o_max,m013000_o_max_ord16_rk00001,0.3004509718049285,0.5511279581498074,-0.2506769863448789
OLS,o_max,m013001_o_max_ord16_rk00002,0.3733305696573803,0.5511279581498074,-0.1777973884924271
OLS,o_max,m013002_o_max_ord16_rk00003,0.4257374498904414,0.5511279581498074,-0.12539050825936604
OLS,o_max,m013003_o_max_ord16_rk00004,-7.10003010716941,0.5511279581498074,-7.651158065319217
OLS,o_max,m013004_o_max_ord16_rk00005,0.3851241111188367,0.5511279581498074,-0.1660038470309707
OLS,o_max,m013005_o_max_ord16_rk00006,0.4107971322615829,0.5511279581498074,-0.14033082588822454
OLS,o_max,m013006_o_max_ord16_rk00007,0.2819015532167015,0.5511279581498074,-0.2692264049331059
OLS,o_max,m013007_o_max_ord16_rk00008,0.2391929353058008,0.5511279581498074,-0.31193502284400665
OLS,o_max,m013008_o_max_ord16_rk00009,0.3917694141442145,0.5511279581498074,-0.1593585440055929
OLS,o_max,m013009_o_max_ord16_rk00010,0.2760071951217613,0.5511279581498074,-0.2751207630280461
OLS,o_max,m013010_o_max_ord16_rk00011,0.2979136042304288,0.5511279581498074,-0.25321435391937863
OLS,o_max,m013011_o_max_ord16_rk00012,0.2709406410339487,0.5511279581498074,-0.2801873171158587
OLS,o_max,m013012_o_max_ord16_rk00013,0.4363886868874024,0.5511279581498074,-0.11473927126240502
OLS,o_max,m013013_o_max_ord16_rk00014,0.4208296901155872,0.5511279581498074,-0.13029826803422023
OLS,o_max,m013014_o_max_ord16_rk00015,0.3451030596452544,0.5511279581498074,-0.20602489850455302
OLS,o_max,m013015_o_max_ord16_rk00016,0.4714415088050229,0.5511279581498074,-0.07968644934478453
OLS,o_max,m013016_o_max_ord16_rk00017,0.4630074205113825,0.5511279581498074,-0.08812053763842492
OLS,o_max,m013017_o_max_ord16_rk00018,0.2367328343517404,0.5511279581498074,-0.314395123798067
OLS,o_max,m013018_o_max_ord16_rk00019,0.3958085209979446,0.5511279581498074,-0.1553194371518628
OLS,o_max,m013019_o_max_ord16_rk00020,0.312226728898461,0.5511279581498074,-0.23890122925134644
OLS,o_max,m014000_o_max_ord17_rk00001,-27.89769067931549,0.5511279581498074,-28.448818637465298
OLS,o_max,m014001_o_max_ord17_rk00002,0.3012726577409819,0.5511279581498074,-0.24985530040882553
OLS,o_max,m014002_o_max_ord17_rk00003,0.2680083938425451,0.5511279581498074,-0.2831195643072623
OLS,o_max,m014003_o_max_ord17_rk00004,0.3393521220555738,0.5511279581498074,-0.21177583609423362
OLS,o_max,m014004_o_max_ord17_rk00005,0.3140076596509429,0.5511279581498074,-0.2371202984988645
OLS,o_max,m014005_o_max_ord17_rk00006,0.3385981283447329,0.5511279581498074,-0.2125298298050745
OLS,o_max,m014006_o_max_ord17_rk00007,0.3269541035586145,0.5511279581498074,-0.22417385459119293
OLS,o_max,m014007_o_max_ord17_rk00008,0.3550284237256325,0.5511279581498074,-0.19609953442417494
OLS,o_max,m014008_o_max_ord17_rk00009,0.3858740599335911,0.5511279581498074,-0.16525389821621633
OLS,o_max,m014009_o_max_ord17_rk00010,0.2788579904862004,0.5511279581498074,-0.272269967663607
OLS,o_max,m014010_o_max_ord17_rk00011,0.4411412023209393,0.5511279581498074,-0.10998675582886813
OLS,o_max,m014011_o_max_ord17_rk00012,0.2804083362568074,0.5511279581498074,-0.27071962189300003
OLS,o_max,m014012_o_max_ord17_rk00013,0.4048437865324695,0.5511279581498074,-0.14628417161733792
OLS,o_max,m014013_o_max_ord17_rk00014,0.2960862066451235,0.5511279581498074,-0.25504175150468394
OLS,o_max,m014014_o_max_ord17_rk00015,0.3546098313746914,0.5511279581498074,-0.19651812677511604
OLS,o_max,m014015_o_max_ord17_rk00016,0.2768718179397248,0.5511279581498074,-0.2742561402100826
OLS,o_max,m014016_o_max_ord17_rk00017,0.3919647105284936,0.5511279581498074,-0.15916324762131384
OLS,o_max,m014017_o_max_ord17_rk00018,0.3328401739221072,0.5511279581498074,-0.21828778422770023
OLS,o_max,m014018_o_max_ord17_rk00019,0.2896305153402225,0.5511279581498074,-0.2614974428095849
OLS,o_max,m014019_o_max_ord17_rk00020,0.3775166971534247,0.5511279581498074,-0.17361126099638274
OLS,o_max,m015000_o_max_ord18_rk00001,-28.01309712880584,0.5511279581498074,-28.564225086955645
OLS,o_max,m015001_o_max_ord18_rk00002,0.2184645480772896,0.5511279581498074,-0.3326634100725178
OLS,o_max,m015002_o_max_ord18_rk00003,0.2376222596877635,0.5511279581498074,-0.3135056984620439
OLS,o_max,m015003_o_max_ord18_rk00004,0.3035080791163078,0.5511279581498074,-0.24761987903349963
OLS,o_max,m015004_o_max_ord18_rk00005,0.2818053650882407,0.5511279581498074,-0.2693225930615667
OLS,o_max,m015005_o_max_ord18_rk00006,0.3226148388107686,0.5511279581498074,-0.22851311933903884
OLS,o_max,m015006_o_max_ord18_rk00007,0.1453241584241097,0.5511279581498074,-0.4058037997256977
OLS,o_max,m015007_o_max_ord18_rk00008,0.3486081881265436,0.5511279581498074,-0.20251977002326382
OLS,o_max,m015008_o_max_ord18_rk00009,0.248465806129763,0.5511279581498074,-0.30266215202004443
OLS,o_max,m015009_o_max_ord18_rk00010,0.2858244229866318,0.5511279581498074,-0.2653035351631756
OLS,o_max,m015010_o_max_ord18_rk00011,0.287400613914996,0.5511279581498074,-0.2637273442348114
OLS,o_max,m015011_o_max_ord18_rk00012,0.1620227090689394,0.5511279581498074,-0.389105249080868
OLS,o_max,m015012_o_max_ord18_rk00013,0.3913638135112864,0.5511279581498074,-0.159764144638521
OLS,o_max,m015013_o_max_ord18_rk00014,0.2413874135028278,0.5511279581498074,-0.30974054464697964
OLS,o_max,m015014_o_max_ord18_rk00015,0.2521411047580898,0.5511279581498074,-0.2989868533917176
OLS,o_max,m015015_o_max_ord18_rk00016,0.3242655952410915,0.5511279581498074,-0.22686236290871592
OLS,o_max,m015016_o_max_ord18_rk00017,0.1507773897220605,0.5511279581498074,-0.4003505684277469
OLS,o_max,m015017_o_max_ord18_rk00018,0.2722566511229985,0.5511279581498074,-0.2788713070268089
OLS,o_max,m015018_o_max_ord18_rk00019,0.3470854669018259,0.5511279581498074,-0.20404249124798152
OLS,o_max,m015019_o_max_ord18_rk00020,0.3078909643699917,0.5511279581498074,-0.24323699377981572
OLS,o_max,m016000_o_max_ord19_rk00001,-27.82581644895294,0.5511279581498074,-28.376944407102744
OLS,o_max,m016001_o_max_ord19_rk00002,0.1745942279957298,0.5511279581498074,-0.37653373015407765
OLS,o_max,m016002_o_max_ord19_rk00003,0.219344280036499,0.5511279581498074,-0.33178367811330844
OLS,o_max,m016003_o_max_ord19_rk00004,0.1390543902265378,0.5511279581498074,-0.41207356792326966
OLS,o_max,m016004_o_max_ord19_rk00005,0.144945777754161,0.5511279581498074,-0.4061821803956464
OLS,o_max,m016005_o_max_ord19_rk00006,0.2331585698028074,0.5511279581498074,-0.317969388347
OLS,o_max,m016006_o_max_ord19_rk00007,0.3481428319979216,0.5511279581498074,-0.2029851261518858
OLS,o_max,m016007_o_max_ord19_rk00008,0.2449100033883324,0.5511279581498074,-0.306217954761475
OLS,o_max,m016008_o_max_ord19_rk00009,0.1949175201917617,0.5511279581498074,-0.35621043795804574
OLS,o_max,m016009_o_max_ord19_rk00010,0.2922609122087228,0.5511279581498074,-0.2588670459410846
OLS,o_max,m016010_o_max_ord19_rk00011,0.1961929797667743,0.5511279581498074,-0.3549349783830331
OLS,o_max,m016011_o_max_ord19_rk00012,0.1007964992563011,0.5511279581498074,-0.45033145889350634
OLS,o_max,m016012_o_max_ord19_rk00013,0.1840284959387552,0.5511279581498074,-0.3670994622110522
OLS,o_max,m016013_o_max_ord19_rk00014,0.1634953092142833,0.5511279581498074,-0.3876326489355241
OLS,o_max,m016014_o_max_ord19_rk00015,0.2598630507819819,0.5511279581498074,-0.2912649073678255
OLS,o_max,m016015_o_max_ord19_rk00016,0.330853069115001,0.5511279581498074,-0.2202748890348064
OLS,o_max,m016016_o_max_ord19_rk00017,0.3135172054419428,0.5511279581498074,-0.23761075270786464
OLS,o_max,m016017_o_max_ord19_rk00018,0.127660528409907,0.5511279581498074,-0.4234674297399004
OLS,o_max,m016018_o_max_ord19_rk00019,0.2864767716090067,0.5511279581498074,-0.2646511865408007
OLS,o_max,m016019_o_max_ord19_rk00020,-1.67068325825976,0.5511279581498074,-2.2218112164095674
OLS,o_max,m017000_o_max_ord20_rk00001,-18.20194676715472,0.5511279581498074,-18.753074725304526
OLS,o_max,m017001_o_max_ord20_rk00002,0.1157961809711126,0.5511279581498074,-0.4353317771786948
OLS,o_max,m017002_o_max_ord20_rk00003,0.2390352941396203,0.5511279581498074,-0.3120926640101871
OLS,o_max,m017003_o_max_ord20_rk00004,0.1059503036419967,0.5511279581498074,-0.4451776545078107
OLS,o_max,m017004_o_max_ord20_rk00005,0.190318130757036,0.5511279581498074,-0.36080982739277145
OLS,o_max,m017005_o_max_ord20_rk00006,0.1578029401666378,0.5511279581498074,-0.39332501798316966
OLS,o_max,m017006_o_max_ord20_rk00007,0.0850927517621918,0.5511279581498074,-0.46603520638761564
OLS,o_max,m017007_o_max_ord20_rk00008,0.1041903181788611,0.5511279581498074,-0.4469376399709463
OLS,o_max,m017008_o_max_ord20_rk00009,0.283408973609228,0.5511279581498074,-0.2677189845405794
OLS,o_max,m017009_o_max_ord20_rk00010,-0.076448586725152,0.5511279581498074,-0.6275765448749594
OLS,o_max,m017010_o_max_ord20_rk00011,0.319301596091017,0.5511279581498074,-0.23182636205879043
OLS,o_max,m017011_o_max_ord20_rk00012,-22.40930928936812,0.5511279581498074,-22.960437247517927
OLS,o_max,m017012_o_max_ord20_rk00013,0.1429950067037048,0.5511279581498074,-0.4081329514461026
OLS,o_max,m017013_o_max_ord20_rk00014,0.1890208848765819,0.5511279581498074,-0.36210707327322555
OLS,o_max,m017014_o_max_ord20_rk00015,0.2530572527317261,0.5511279581498074,-0.29807070541808134
OLS,o_max,m017015_o_max_ord20_rk00016,-2.617607999221002,0.5511279581498074,-3.168735957370809
OLS,o_max,m017016_o_max_ord20_rk00017,0.1360741338312898,0.5511279581498074,-0.4150538243185176
OLS,o_max,m017017_o_max_ord20_rk00018,-1.807793169683898,0.5511279581498074,-2.3589211278337054
OLS,o_max,m017018_o_max_ord20_rk00019,-28.93301272158824,0.5511279581498074,-29.484140679738047
OLS,o_max,m017019_o_max_ord20_rk00020,0.2494549867790753,0.5511279581498074,-0.3016729713707321
OLS,o_max,m018000_o_max_ord21_rk00001,-20.20989759585077,0.5511279581498074,-20.761025554000575
OLS,o_max,m018001_o_max_ord21_rk00002,0.1327494714230768,0.5511279581498074,-0.4183784867267306
OLS,o_max,m018002_o_max_ord21_rk00003,0.0376982562402751,0.5511279581498074,-0.5134297019095323
OLS,o_max,m018003_o_max_ord21_rk00004,0.0408012246349511,0.5511279581498074,-0.5103267335148564
OLS,o_max,m018004_o_max_ord21_rk00005,-14.64212061751329,0.5511279581498074,-15.193248575663098
OLS,o_max,m018005_o_max_ord21_rk00006,0.2856025515266701,0.5511279581498074,-0.26552540662313734
OLS,o_max,m018006_o_max_ord21_rk00007,-21.11386741503744,0.5511279581498074,-21.664995373187246
OLS,o_max,m018007_o_max_ord21_rk00008,0.1135431181362918,0.5511279581498074,-0.4375848400135156
OLS,o_max,m018008_o_max_ord21_rk00009,0.1351551924937559,0.5511279581498074,-0.4159727656560515
OLS,o_max,m018009_o_max_ord21_rk00010,0.1948506555078109,0.5511279581498074,-0.35627730264199653
OLS,o_max,m018010_o_max_ord21_rk00011,0.2641722869801821,0.5511279581498074,-0.28695567116962534
OLS,o_max,m018011_o_max_ord21_rk00012,0.1106365549678977,0.5511279581498074,-0.4404914031819097
OLS,o_max,m018012_o_max_ord21_rk00013,-19.09844786397628,0.5511279581498074,-19.649575822126085
OLS,o_max,m018013_o_max_ord21_rk00014,0.0859589020448636,0.5511279581498074,-0.4651690561049438
OLS,o_max,m018014_o_max_ord21_rk00015,0.1342758755385744,0.5511279581498074,-0.416852082611233
OLS,o_max,m018015_o_max_ord21_rk00016,-31.56976883563468,0.5511279581498074,-32.12089679378449
OLS,o_max,m018016_o_max_ord21_rk00017,-2.688042688408907,0.5511279581498074,-3.2391706465587147
OLS,o_max,m018017_o_max_ord21_rk00018,-0.0145621791590697,0.5511279581498074,-0.5656901373088771
OLS,o_max,m018018_o_max_ord21_rk00019,0.299083422241993,0.5511279581498074,-0.2520445359078144
OLS,o_max,m018019_o_max_ord21_rk00020,0.2208423447703955,0.5511279581498074,-0.3302856133794119
OLS,o_max,m019000_o_max_ord22_rk00001,-20.05909059265024,0.5511279581498074,-20.610218550800045
OLS,o_max,m019001_o_max_ord22_rk00002,-13.70474795037564,0.5511279581498074,-14.255875908525448
OLS,o_max,m019002_o_max_ord22_rk00003,0.0449842783791285,0.5511279581498074,-0.5061436797706789
OLS,o_max,m019003_o_max_ord22_rk00004,0.0350901743568484,0.5511279581498074,-0.5160377837929591
OLS,o_max,m019004_o_max_ord22_rk00005,-21.05020724139377,0.5511279581498074,-21.601335199543577
OLS,o_max,m019005_o_max_ord22_rk00006,0.2293869973999454,0.5511279581498074,-0.321740960749862
OLS,o_max,m019006_o_max_ord22_rk00007,-2.703839445802869,0.5511279581498074,-3.2549674039526764
OLS,o_max,m019007_o_max_ord22_rk00008,-1.069066275130114,0.5511279581498074,-1.6201942332799215
OLS,o_max,m019008_o_max_ord22_rk00009,0.1195126534575182,0.5511279581498074,-0.4316153046922892
OLS,o_max,m019009_o_max_ord22_rk00010,0.0191194353300568,0.5511279581498074,-0.5320085228197506
OLS,o_max,m019010_o_max_ord22_rk00011,0.1154835877875971,0.5511279581498074,-0.4356443703622103
OLS,o_max,m019011_o_max_ord22_rk00012,0.2297242958072802,0.5511279581498074,-0.3214036623425272
OLS,o_max,m019012_o_max_ord22_rk00013,0.0392087250719053,0.5511279581498074,-0.5119192330779021
OLS,o_max,m019013_o_max_ord22_rk00014,0.1433096606043454,0.5511279581498074,-0.407818297545462
OLS,o_max,m019014_o_max_ord22_rk00015,-18.11386791847341,0.5511279581498074,-18.664995876623216
OLS,o_max,m019015_o_max_ord22_rk00016,-1.778010529853153,0.5511279581498074,-2.32913848800296
OLS,o_max,m019016_o_max_ord22_rk00017,0.1556162193745461,0.5511279581498074,-0.39551173877526136
OLS,o_max,m019017_o_max_ord22_rk00018,-0.8889361282590442,0.5511279581498074,-1.4400640864088516
OLS,o_max,m019018_o_max_ord22_rk00019,0.0047523034341395,0.5511279581498074,-0.546375654715668
OLS,o_max,m019019_o_max_ord22_rk00020,0.2597473420142504,0.5511279581498074,-0.291380616135557
OLS,o_max,m020000_o_max_ord23_rk00001,-9.832196386771496,0.5511279581498074,-10.383324344921304
OLS,o_max,m020001_o_max_ord23_rk00002,-0.9464426381377444,0.5511279581498074,-1.4975705962875518
OLS,o_max,m020002_o_max_ord23_rk00003,-3.261982047757715,0.5511279581498074,-3.8131100059075225
OLS,o_max,m020003_o_max_ord23_rk00004,-1.35275022487709,0.5511279581498074,-1.9038781830268974
OLS,o_max,m020004_o_max_ord23_rk00005,-9.221314515031992,0.5511279581498074,-9.7724424731818
OLS,o_max,m020005_o_max_ord23_rk00006,0.3591949333806694,0.5511279581498074,-0.19193302476913804
OLS,o_max,m020006_o_max_ord23_rk00007,0.1229711009884455,0.5511279581498074,-0.4281568571613619
OLS,o_max,m020007_o_max_ord23_rk00008,-6.435268344673029,0.5511279581498074,-6.986396302822837
OLS,o_max,m020008_o_max_ord23_rk00009,-4.136946922437736,0.5511279581498074,-4.688074880587544
OLS,o_max,m020009_o_max_ord23_rk00010,-1.055494392214356,0.5511279581498074,-1.6066223503641635
OLS,o_max,m020010_o_max_ord23_rk00011,0.1007204021270605,0.5511279581498074,-0.4504075560227469
OLS,o_max,m020011_o_max_ord23_rk00012,-0.6811488661437759,0.5511279581498074,-1.2322768242935833
OLS,o_max,m020012_o_max_ord23_rk00013,0.1765783688091874,0.5511279581498074,-0.37454958934062
OLS,o_max,m020013_o_max_ord23_rk00014,0.0939153355760951,0.5511279581498074,-0.4572126225737123
OLS,o_max,m020014_o_max_ord23_rk00015,0.3669114286777977,0.5511279581498074,-0.18421652947200973
OLS,o_max,m020015_o_max_ord23_rk00016,0.1747750347377064,0.5511279581498074,-0.376352923412101
OLS,o_max,m020016_o_max_ord23_rk00017,0.196165136216311,0.5511279581498074,-0.35496282193349643
OLS,o_max,m020017_o_max_ord23_rk00018,-2.779571221296165,0.5511279581498074,-3.330699179445973
OLS,o_max,m020018_o_max_ord23_rk00019,-1.67403261105565,0.5511279581498074,-2.2251605692054577
OLS,o_max,m020019_o_max_ord23_rk00020,-1.094701041220463,0.5511279581498074,-1.6458289993702704
OLS,o_max,m021000_o_max_ord24_rk00001,-11.45625417013652,0.5511279581498074,-12.007382128286327
OLS,o_max,m021001_o_max_ord24_rk00002,-1.086868258001756,0.5511279581498074,-1.6379962161515633
OLS,o_max,m021002_o_max_ord24_rk00003,0.3060256645962392,0.5511279581498074,-0.24510229355356822
OLS,o_max,m021003_o_max_ord24_rk00004,0.1153938521867117,0.5511279581498074,-0.4357341059630957
OLS,o_max,m021004_o_max_ord24_rk00005,-1.240486905016806,0.5511279581498074,-1.7916148631666133
OLS,o_max,m021005_o_max_ord24_rk00006,0.1206690935230043,0.5511279581498074,-0.4304588646268031
OLS,o_max,m021006_o_max_ord24_rk00007,-1.617207954955006,0.5511279581498074,-2.1683359131048134
OLS,o_max,m021007_o_max_ord24_rk00008,-1.02275530883946,0.5511279581498074,-1.5738832669892675
OLS,o_max,m021008_o_max_ord24_rk00009,-0.9816677228615004,0.5511279581498074,-1.532795681011308
OLS,o_max,m021009_o_max_ord24_rk00010,0.2985285376005656,0.5511279581498074,-0.25259942054924184
OLS,o_max,m021010_o_max_ord24_rk00011,-4.692294659880484,0.5511279581498074,-5.243422618030292
OLS,o_max,m021011_o_max_ord24_rk00012,0.1344391107822943,0.5511279581498074,-0.4166888473675131
OLS,o_max,m021012_o_max_ord24_rk00013,-1.461099326268821,0.5511279581498074,-2.0122272844186284
OLS,o_max,m021013_o_max_ord24_rk00014,0.4094759887039361,0.5511279581498074,-0.14165196944587133
OLS,o_max,m021014_o_max_ord24_rk00015,0.266791589826146,0.5511279581498074,-0.28433636832366144
OLS,o_max,m021015_o_max_ord24_rk00016,0.0695668201279517,0.5511279581498074,-0.48156113802185574
OLS,o_max,m021016_o_max_ord24_rk00017,0.15223719207155,0.5511279581498074,-0.3988907660782574
OLS,o_max,m021017_o_max_ord24_rk00018,0.242897486213688,0.5511279581498074,-0.3082304719361194
OLS,o_max,m021018_o_max_ord24_rk00019,0.1157867530998029,0.5511279581498074,-0.4353412050500045
OLS,o_max,m021019_o_max_ord24_rk00020,-9.347392285640868,0.5511279581498074,-9.898520243790676
OLS,o_max,m022000_o_max_ord25_rk00001,0.2804813317902821,0.5511279581498074,-0.2706466263595253
OLS,o_max,m022001_o_max_ord25_rk00002,0.0717851611460301,0.5511279581498074,-0.4793427970037773
OLS,o_max,m022002_o_max_ord25_rk00003,-11.69404600198,0.5511279581498074,-12.245173960129808
OLS,o_max,m022003_o_max_ord25_rk00004,0.038480026203134,0.5511279581498074,-0.5126479319466735
OLS,o_max,m022004_o_max_ord25_rk00005,-1.467430373218453,0.5511279581498074,-2.0185583313682605
OLS,o_max,m022005_o_max_ord25_rk00006,0.1526523715583284,0.5511279581498074,-0.398475586591479
OLS,o_max,m022006_o_max_ord25_rk00007,-1.554480773259905,0.5511279581498074,-2.1056087314097125
OLS,o_max,m022007_o_max_ord25_rk00008,0.0870620334366213,0.5511279581498074,-0.4640659247131861
OLS,o_max,m022008_o_max_ord25_rk00009,-1.112094996871318,0.5511279581498074,-1.6632229550211255
OLS,o_max,m022009_o_max_ord25_rk00010,-1.931298448127979,0.5511279581498074,-2.4824264062777863
OLS,o_max,m022010_o_max_ord25_rk00011,0.0748709623754676,0.5511279581498074,-0.47625699577433983
OLS,o_max,m022011_o_max_ord25_rk00012,0.2660514125679367,0.5511279581498074,-0.28507654558187073
OLS,o_max,m022012_o_max_ord25_rk00013,0.2053468678038623,0.5511279581498074,-0.3457810903459451
OLS,o_max,m022013_o_max_ord25_rk00014,0.1005616811644187,0.5511279581498074,-0.4505662769853887
OLS,o_max,m022014_o_max_ord25_rk00015,-0.0446240826045001,0.5511279581498074,-0.5957520407543075
OLS,o_max,m022015_o_max_ord25_rk00016,0.0639885846071491,0.5511279581498074,-0.48713937354265835
OLS,o_max,m022016_o_max_ord25_rk00017,0.1889097515088077,0.5511279581498074,-0.3622182066409997
OLS,o_max,m022017_o_max_ord25_rk00018,0.2207336994714379,0.5511279581498074,-0.3303942586783695
OLS,o_max,m022018_o_max_ord25_rk00019,0.1858683933004069,0.5511279581498074,-0.36525956484940053
OLS,o_max,m022019_o_max_ord25_rk00020,0.2178706823288397,0.5511279581498074,-0.33325727582096776
OLS,o_max,m023000_o_max_ord26_rk00001,-12.70115686620392,0.5511279581498074,-13.252284824353728
OLS,o_max,m023001_o_max_ord26_rk00002,-0.0197621860290957,0.5511279581498074,-0.5708901441789032
OLS,o_max,m023002_o_max_ord26_rk00003,0.0303338013411358,0.5511279581498074,-0.5207941568086716
OLS,o_max,m023003_o_max_ord26_rk00004,-1.58699505487383,0.5511279581498074,-2.1381230130236375
OLS,o_max,m023004_o_max_ord26_rk00005,0.040703276253983,0.5511279581498074,-0.5104246818958245
OLS,o_max,m023005_o_max_ord26_rk00006,0.2713384013213136,0.5511279581498074,-0.2797895568284938
OLS,o_max,m023006_o_max_ord26_rk00007,0.0288692551113454,0.5511279581498074,-0.522258703038462
OLS,o_max,m023007_o_max_ord26_rk00008,0.0596806188203266,0.5511279581498074,-0.4914473393294808
OLS,o_max,m023008_o_max_ord26_rk00009,0.14072093535822,0.5511279581498074,-0.4104070227915874
OLS,o_max,m023009_o_max_ord26_rk00010,-0.0207744492417911,0.5511279581498074,-0.5719024073915985
OLS,o_max,m023010_o_max_ord26_rk00011,-1.846581555751768,0.5511279581498074,-2.3977095139015754
OLS,o_max,m023011_o_max_ord26_rk00012,0.1283655408479925,0.5511279581498074,-0.4227624173018149
OLS,o_max,m023012_o_max_ord26_rk00013,-1.523689744214375,0.5511279581498074,-2.0748177023641823
OLS,o_max,m023013_o_max_ord26_rk00014,-0.1275813027067804,0.5511279581498074,-0.6787092608565878
OLS,o_max,m023014_o_max_ord26_rk00015,0.1432096550328346,0.5511279581498074,-0.40791830311697286
OLS,o_max,m023015_o_max_ord26_rk00016,0.0421137113684666,0.5511279581498074,-0.5090142467813408
OLS,o_max,m023016_o_max_ord26_rk00017,0.1308161063843591,0.5511279581498074,-0.42031185176544833
OLS,o_max,m023017_o_max_ord26_rk00018,0.2011494180727244,0.5511279581498074,-0.349978540077083
OLS,o_max,m023018_o_max_ord26_rk00019,-1.530227185072505,0.5511279581498074,-2.0813551432223125
OLS,o_max,m023019_o_max_ord26_rk00020,0.1614619825915968,0.5511279581498074,-0.3896659755582106
OLS,o_max,m024000_o_max_ord27_rk00001,-24.10542381423032,0.5511279581498074,-24.656551772380126
OLS,o_max,m024001_o_max_ord27_rk00002,-0.0518508292671724,0.5511279581498074,-0.6029787874169799
OLS,o_max,m024002_o_max_ord27_rk00003,-0.0462044889414428,0.5511279581498074,-0.5973324470912502
OLS,o_max,m024003_o_max_ord27_rk00004,0.1224766026410086,0.5511279581498074,-0.42865135550879885
OLS,o_max,m024004_o_max_ord27_rk00005,-0.0274172918290052,0.5511279581498074,-0.5785452499788126
OLS,o_max,m024005_o_max_ord27_rk00006,-0.0081413737821116,0.5511279581498074,-0.559269331931919
OLS,o_max,m024006_o_max_ord27_rk00007,0.1095700133777433,0.5511279581498074,-0.4415579447720641
OLS,o_max,m024007_o_max_ord27_rk00008,0.1310593102457548,0.5511279581498074,-0.42006864790405263
OLS,o_max,m024008_o_max_ord27_rk00009,-2.546291867533384,0.5511279581498074,-3.0974198256831915
OLS,o_max,m024009_o_max_ord27_rk00010,-0.3224636449926317,0.5511279581498074,-0.8735916031424391
OLS,o_max,m024010_o_max_ord27_rk00011,0.0430940022747784,0.5511279581498074,-0.508033955875029
OLS,o_max,m024011_o_max_ord27_rk00012,-2.011085454118145,0.5511279581498074,-2.562213412267952
OLS,o_max,m024012_o_max_ord27_rk00013,-0.0214029310652743,0.5511279581498074,-0.5725308892150818
OLS,o_max,m024013_o_max_ord27_rk00014,-0.0092240953819613,0.5511279581498074,-0.5603520535317688
OLS,o_max,m024014_o_max_ord27_rk00015,0.1295438314913176,0.5511279581498074,-0.4215841266584898
OLS,o_max,m024015_o_max_ord27_rk00016,-1.380451381547125,0.5511279581498074,-1.9315793396969325
OLS,o_max,m024016_o_max_ord27_rk00017,-1.589389717063599,0.5511279581498074,-2.1405176752134065
OLS,o_max,m024017_o_max_ord27_rk00018,-0.239703740215323,0.5511279581498074,-0.7908316983651305
OLS,o_max,m024018_o_max_ord27_rk00019,0.2532476872923956,0.5511279581498074,-0.2978802708574118
OLS,o_max,m024019_o_max_ord27_rk00020,-1.772547809753163,0.5511279581498074,-2.3236757679029703
OLS,o_max,m025000_o_max_ord28_rk00001,-26.41238795548836,0.5511279581498074,-26.963515913638165
OLS,o_max,m025001_o_max_ord28_rk00002,0.0835581645776112,0.5511279581498074,-0.4675697935721962
OLS,o_max,m025002_o_max_ord28_rk00003,-0.0780953067343257,0.5511279581498074,-0.6292232648841332
OLS,o_max,m025003_o_max_ord28_rk00004,-0.4882581966024728,0.5511279581498074,-1.0393861547522802
OLS,o_max,m025004_o_max_ord28_rk00005,0.0761881523740809,0.5511279581498074,-0.47493980577572653
OLS,o_max,m025005_o_max_ord28_rk00006,0.0699159484146756,0.5511279581498074,-0.4812120097351318
OLS,o_max,m025006_o_max_ord28_rk00007,-0.0740073577864526,0.5511279581498074,-0.62513531593626
OLS,o_max,m025007_o_max_ord28_rk00008,0.0890592407710287,0.5511279581498074,-0.46206871737877875
OLS,o_max,m025008_o_max_ord28_rk00009,-2.129651802673104,0.5511279581498074,-2.6807797608229116
OLS,o_max,m025009_o_max_ord28_rk00010,-0.314565698870314,0.5511279581498074,-0.8656936570201215
OLS,o_max,m025010_o_max_ord28_rk00011,-0.1744367295512807,0.5511279581498074,-0.7255646877010882
OLS,o_max,m025011_o_max_ord28_rk00012,0.1649191920467566,0.5511279581498074,-0.3862087661030508
OLS,o_max,m025012_o_max_ord28_rk00013,0.091858130802899,0.5511279581498074,-0.4592698273469084
OLS,o_max,m025013_o_max_ord28_rk00014,0.074206227637651,0.5511279581498074,-0.4769217305121564
OLS,o_max,m025014_o_max_ord28_rk00015,0.0562144802655616,0.5511279581498074,-0.49491347788424583
OLS,o_max,m025015_o_max_ord28_rk00016,-2.05886179117433,0.5511279581498074,-2.6099897493241375
OLS,o_max,m025016_o_max_ord28_rk00017,0.1036940687510054,0.5511279581498074,-0.447433889398802
OLS,o_max,m025017_o_max_ord28_rk00018,-0.3009273628087243,0.5511279581498074,-0.8520553209585318
OLS,o_max,m025018_o_max_ord28_rk00019,-18.27687264900298,0.5511279581498074,-18.828000607152784
OLS,o_max,m025019_o_max_ord28_rk00020,-0.0420548024008626,0.5511279581498074,-0.59318276055067
OLS,o_max,m026000_o_max_ord29_rk00001,0.0326096024670097,0.5511279581498074,-0.5185183556827977
OLS,o_max,m026001_o_max_ord29_rk00002,-32.88737277804398,0.5511279581498074,-33.43850073619379
OLS,o_max,m026002_o_max_ord29_rk00003,0.0489749331536445,0.5511279581498074,-0.5021530249961629
OLS,o_max,m026003_o_max_ord29_rk00004,0.0880800343475251,0.5511279581498074,-0.4630479238022823
OLS,o_max,m026004_o_max_ord29_rk00005,-0.2252952020667074,0.5511279581498074,-0.7764231602165148
OLS,o_max,m026005_o_max_ord29_rk00006,0.0485370032190354,0.5511279581498074,-0.502590954930772
OLS,o_max,m026006_o_max_ord29_rk00007,-2.367557336756801,0.5511279581498074,-2.9186852949066084
OLS,o_max,m026007_o_max_ord29_rk00008,-0.4977695817659131,0.5511279581498074,-1.0488975399157205
OLS,o_max,m026008_o_max_ord29_rk00009,0.0051330957717877,0.5511279581498074,-0.5459948623780198
OLS,o_max,m026009_o_max_ord29_rk00010,-2.620851613557758,0.5511279581498074,-3.171979571707565
OLS,o_max,m026010_o_max_ord29_rk00011,-0.2066651099806673,0.5511279581498074,-0.7577930681304748
OLS,o_max,m026011_o_max_ord29_rk00012,-1.375742951462855,0.5511279581498074,-1.9268709096126624
OLS,o_max,m026012_o_max_ord29_rk00013,-0.1676878517208584,0.5511279581498074,-0.7188158098706658
OLS,o_max,m026013_o_max_ord29_rk00014,0.0458721868812166,0.5511279581498074,-0.5052557712685908
OLS,o_max,m026014_o_max_ord29_rk00015,-0.30663263993729,0.5511279581498074,-0.8577605980870975
OLS,o_max,m026015_o_max_ord29_rk00016,0.0572679851810916,0.5511279581498074,-0.4938599729687158
OLS,o_max,m026016_o_max_ord29_rk00017,-0.4860668363428939,0.5511279581498074,-1.0371947944927014
OLS,o_max,m026017_o_max_ord29_rk00018,-2.486494594890615,0.5511279581498074,-3.037622553040422
OLS,o_max,m026018_o_max_ord29_rk00019,-3.317867964361843,0.5511279581498074,-3.86899592251165
OLS,o_max,m026019_o_max_ord29_rk00020,-1.791844823822057,0.5511279581498074,-2.3429727819718646
OLS,o_max,m027000_o_max_ord30_rk00001,-36.44782135901941,0.5511279581498074,-36.99894931716921
OLS,o_max,m027001_o_max_ord30_rk00002,-0.0071355852193137,0.5511279581498074,-0.5582635433691211
OLS,o_max,m027002_o_max_ord30_rk00003,-0.2313803069566804,0.5511279581498074,-0.7825082651064879
OLS,o_max,m027003_o_max_ord30_rk00004,0.0026027828264396,0.5511279581498074,-0.5485251753233679
OLS,o_max,m027004_o_max_ord30_rk00005,-0.0645100598042269,0.5511279581498074,-0.6156380179540343
OLS,o_max,m027005_o_max_ord30_rk00006,-1.405527343718762,0.5511279581498074,-1.9566553018685695
OLS,o_max,m027006_o_max_ord30_rk00007,-3.221123979556964,0.5511279581498074,-3.7722519377067716
OLS,o_max,m027007_o_max_ord30_rk00008,-0.1753160897575008,0.5511279581498074,-0.7264440479073082
OLS,o_max,m027008_o_max_ord30_rk00009,-0.1591263339865132,0.5511279581498074,-0.7102542921363206
OLS,o_max,m027009_o_max_ord30_rk00010,-0.0529480068034151,0.5511279581498074,-0.6040759649532225
OLS,o_max,m027010_o_max_ord30_rk00011,0.061016051175797,0.5511279581498074,-0.4901119069740104
OLS,o_max,m027011_o_max_ord30_rk00012,-1.750147096218296,0.5511279581498074,-2.3012750543681033
OLS,o_max,m027012_o_max_ord30_rk00013,0.034402584097232,0.5511279581498074,-0.5167253740525755
OLS,o_max,m027013_o_max_ord30_rk00014,0.0747952017830289,0.5511279581498074,-0.4763327563667785
OLS,o_max,m027014_o_max_ord30_rk00015,-0.3006715945706912,0.5511279581498074,-0.8517995527204987
OLS,o_max,m027015_o_max_ord30_rk00016,-0.4548341477286057,0.5511279581498074,-1.0059621058784132
OLS,o_max,m027016_o_max_ord30_rk00017,0.1112973398735434,0.5511279581498074,-0.439830618276264
OLS,o_max,m027017_o_max_ord30_rk00018,-0.426984559441584,0.5511279581498074,-0.9781125175913914
OLS,o_max,m027018_o_max_ord30_rk00019,-2.91338377721442,0.5511279581498074,-3.464511735364227
OLS,o_max,m027019_o_max_ord30_rk00020,0.0891421104582597,0.5511279581498074,-0.4619858476915477
d1,o_max,m000000_o_max_ord3_rk00001,0.5179325132577449,0.5434060066738533,-0.025473493416108384
d1,o_max,m000001_o_max_ord3_rk00002,0.4683892311632822,0.5434060066738533,-0.07501677551057112
d1,o_max,m000002_o_max_ord3_rk00003,0.513644695749535,0.5434060066738533,-0.02976131092431833
d1,o_max,m000003_o_max_ord3_rk00004,0.5229641218229248,0.5434060066738533,-0.02044188485092846
d1,o_max,m000004_o_max_ord3_rk00005,0.5145898788376035,0.5434060066738533,-0.02881612783624976
d1,o_max,m000005_o_max_ord3_rk00006,0.5081063644775665,0.5434060066738533,-0.035299642196286785
d1,o_max,m000006_o_max_ord3_rk00007,0.5158183701651831,0.5434060066738533,-0.027587636508670244
d1,o_max,m000007_o_max_ord3_rk00008,0.5204622173949245,0.5434060066738533,-0.022943789278928817
d1,o_max,m000008_o_max_ord3_rk00009,0.5131160181274139,0.5434060066738533,-0.030289988546439384
d1,o_max,m000009_o_max_ord3_rk00010,0.516482347057698,0.5434060066738533,-0.026923659616155282
d1,o_max,m000010_o_max_ord3_rk00011,0.5194649937181854,0.5434060066738533,-0.023941012955667862
d1,o_max,m000011_o_max_ord3_rk00012,0.5107162555427103,0.5434060066738533,-0.03268975113114303
d1,o_max,m000012_o_max_ord3_rk00013,0.5309903763273335,0.5434060066738533,-0.012415630346519824
d1,o_max,m000013_o_max_ord3_rk00014,0.5241815520672378,0.5434060066738533,-0.019224454606615482
d1,o_max,m000014_o_max_ord3_rk00015,0.5145296117298207,0.5434060066738533,-0.028876394944032602
d1,o_max,m000015_o_max_ord3_rk00016,0.5210662030869997,0.5434060066738533,-0.022339803586853613
d1,o_max,m000016_o_max_ord3_rk00017,0.5177925756410748,0.5434060066738533,-0.025613431032778466
d1,o_max,m000017_o_max_ord3_rk00018,0.5189403505944461,0.5434060066738533,-0.024465656079407205
d1,o_max,m000018_o_max_ord3_rk00019,0.524625487394278,0.5434060066738533,-0.01878051927957536
d1,o_max,m000019_o_max_ord3_rk00020,0.5156193362051723,0.5434060066738533,-0.027786670468680996
d1,o_max,m001000_o_max_ord4_rk00001,0.5195835131055788,0.5434060066738533,-0.023822493568274483
d1,o_max,m001001_o_max_ord4_rk00002,0.518672545628033,0.5434060066738533,-0.024733461045820304
d1,o_max,m001002_o_max_ord4_rk00003,0.5180390082734654,0.5434060066738533,-0.02536699840038792
d1,o_max,m001003_o_max_ord4_rk00004,0.5141493048218564,0.5434060066738533,-0.029256701851996914
d1,o_max,m001004_o_max_ord4_rk00005,0.5179316960223719,0.5434060066738533,-0.025474310651481424
d1,o_max,m001005_o_max_ord4_rk00006,0.5035822198121667,0.5434060066738533,-0.03982378686168664
d1,o_max,m001006_o_max_ord4_rk00007,0.5153558138530363,0.5434060066738533,-0.028050192820817
d1,o_max,m001007_o_max_ord4_rk00008,0.487972390776488,0.5434060066738533,-0.055433615897365285
d1,o_max,m001008_o_max_ord4_rk00009,0.5270925691022612,0.5434060066738533,-0.016313437571592093
d1,o_max,m001009_o_max_ord4_rk00010,0.5144012196906125,0.5434060066738533,-0.029004786983240827
d1,o_max,m001010_o_max_ord4_rk00011,0.520521181887478,0.5434060066738533,-0.022884824786375324
d1,o_max,m001011_o_max_ord4_rk00012,0.5192157656756969,0.5434060066738533,-0.024190240998156365
d1,o_max,m001012_o_max_ord4_rk00013,0.5127124996779489,0.5434060066738533,-0.03069350699590445
d1,o_max,m001013_o_max_ord4_rk00014,0.5239613824156406,0.5434060066738533,-0.019444624258212695
d1,o_max,m001014_o_max_ord4_rk00015,0.5158044630073143,0.5434060066738533,-0.027601543666538997
d1,o_max,m001015_o_max_ord4_rk00016,0.5120900245550053,0.5434060066738533,-0.03131598211884801
d1,o_max,m001016_o_max_ord4_rk00017,0.5220281068093666,0.5434060066738533,-0.021377899864486682
d1,o_max,m001017_o_max_ord4_rk00018,0.5107781510860974,0.5434060066738533,-0.03262785558775594
d1,o_max,m001018_o_max_ord4_rk00019,0.5263612546383911,0.5434060066738533,-0.017044752035462185
d1,o_max,m001019_o_max_ord4_rk00020,0.4958209029064141,0.5434060066738533,-0.047585103767439185
d1,o_max,m002000_o_max_ord5_rk00001,0.5196355618335123,0.5434060066738533,-0.023770444840340965
d1,o_max,m002001_o_max_ord5_rk00002,0.5136215369247399,0.5434060066738533,-0.029784469749113418
d1,o_max,m002002_o_max_ord5_rk00003,0.5204279079565657,0.5434060066738533,-0.02297809871728762
d1,o_max,m002003_o_max_ord5_rk00004,0.517884513179951,0.5434060066738533,-0.025521493493902314
d1,o_max,m002004_o_max_ord5_rk00005,0.528215959871752,0.5434060066738533,-0.015190046802101342
d1,o_max,m002005_o_max_ord5_rk00006,0.5152411793632272,0.5434060066738533,-0.028164827310626084
d1,o_max,m002006_o_max_ord5_rk00007,0.5172670919046489,0.5434060066738533,-0.02613891476920438
d1,o_max,m002007_o_max_ord5_rk00008,0.513282910087191,0.5434060066738533,-0.030123096586662346
d1,o_max,m002008_o_max_ord5_rk00009,0.5145808265925047,0.5434060066738533,-0.0288251800813486
d1,o_max,m002009_o_max_ord5_rk00010,0.5136458767344947,0.5434060066738533,-0.029760129939358615
d1,o_max,m002010_o_max_ord5_rk00011,0.5233936208530552,0.5434060066738533,-0.020012385820798118
d1,o_max,m002011_o_max_ord5_rk00012,0.5200143648035622,0.5434060066738533,-0.02339164187029108
d1,o_max,m002012_o_max_ord5_rk00013,0.5070468214817697,0.5434060066738533,-0.03635918519208359
d1,o_max,m002013_o_max_ord5_rk00014,0.5116448221859318,0.5434060066738533,-0.031761184487921534
d1,o_max,m002014_o_max_ord5_rk00015,0.5166828710634701,0.5434060066738533,-0.026723135610383197
d1,o_max,m002015_o_max_ord5_rk00016,0.5151288100943756,0.5434060066738533,-0.028277196579477692
d1,o_max,m002016_o_max_ord5_rk00017,0.5132257126819753,0.5434060066738533,-0.03018029399187805
d1,o_max,m002017_o_max_ord5_rk00018,0.5114620259652702,0.5434060066738533,-0.031943980708583064
d1,o_max,m002018_o_max_ord5_rk00019,0.5069949530995039,0.5434060066738533,-0.03641105357434937
d1,o_max,m002019_o_max_ord5_rk00020,0.5172296071911502,0.5434060066738533,-0.026176399482703117
d1,o_max,m003000_o_max_ord6_rk00001,0.5147473777886982,0.5434060066738533,-0.028658628885155135
d1,o_max,m003001_o_max_ord6_rk00002,0.5157457687895545,0.5434060066738533,-0.027660237884298833
d1,o_max,m003002_o_max_ord6_rk00003,0.5226468796428809,0.5434060066738533,-0.02075912703097238
d1,o_max,m003003_o_max_ord6_rk00004,0.5113711142530052,0.5434060066738533,-0.032034892420848116
d1,o_max,m003004_o_max_ord6_rk00005,0.5157196968595547,0.5434060066738533,-0.02768630981429865
d1,o_max,m003005_o_max_ord6_rk00006,0.509826370520682,0.5434060066738533,-0.03357963615317128
d1,o_max,m003006_o_max_ord6_rk00007,0.5223392557578549,0.5434060066738533,-0.02106675091599841
d1,o_max,m003007_o_max_ord6_rk00008,0.5187210100426404,0.5434060066738533,-0.02468499663121293
d1,o_max,m003008_o_max_ord6_rk00009,0.5193586772902534,0.5434060066738533,-0.02404732938359988
d1,o_max,m003009_o_max_ord6_rk00010,0.5146685662301194,0.5434060066738533,-0.02873744044373394
d1,o_max,m003010_o_max_ord6_rk00011,0.5157108869890308,0.5434060066738533,-0.027695119684822522
d1,o_max,m003011_o_max_ord6_rk00012,0.5227730583695109,0.5434060066738533,-0.02063294830434237
d1,o_max,m003012_o_max_ord6_rk00013,0.5087299098296494,0.5434060066738533,-0.03467609684420392
d1,o_max,m003013_o_max_ord6_rk00014,0.5139054758483275,0.5434060066738533,-0.02950053082552584
d1,o_max,m003014_o_max_ord6_rk00015,0.5159079512966561,0.5434060066738533,-0.027498055377197184
d1,o_max,m003015_o_max_ord6_rk00016,0.5177956057046251,0.5434060066738533,-0.025610400969228175
d1,o_max,m003016_o_max_ord6_rk00017,0.5216770934824844,0.5434060066738533,-0.021728913191368937
d1,o_max,m003017_o_max_ord6_rk00018,0.5204064406073621,0.5434060066738533,-0.022999566066491228
d1,o_max,m003018_o_max_ord6_rk00019,0.5136134260379822,0.5434060066738533,-0.02979258063587109
d1,o_max,m003019_o_max_ord6_rk00020,0.512660302494657,0.5434060066738533,-0.03074570417919631
d1,o_max,m004000_o_max_ord7_rk00001,0.520274113911434,0.5434060066738533,-0.023131892762419337
d1,o_max,m004001_o_max_ord7_rk00002,0.5134829722278424,0.5434060066738533,-0.029923034446010854
d1,o_max,m004002_o_max_ord7_rk00003,0.5171661099288947,0.5434060066738533,-0.026239896744958635
d1,o_max,m004003_o_max_ord7_rk00004,0.5134029096115494,0.5434060066738533,-0.030003097062303863
d1,o_max,m004004_o_max_ord7_rk00005,0.5138581881337795,0.5434060066738533,-0.029547818540073822
d1,o_max,m004005_o_max_ord7_rk00006,0.5112501211929958,0.5434060066738533,-0.03215588548085746
d1,o_max,m004006_o_max_ord7_rk00007,0.5245856230744941,0.5434060066738533,-0.018820383599359225
d1,o_max,m004007_o_max_ord7_rk00008,0.520154426435131,0.5434060066738533,-0.023251580238722314
d1,o_max,m004008_o_max_ord7_rk00009,0.5174325753722604,0.5434060066738533,-0.02597343130159291
d1,o_max,m004009_o_max_ord7_rk00010,0.5128186817216814,0.5434060066738533,-0.030587324952171868
d1,o_max,m004010_o_max_ord7_rk00011,0.5103177984697087,0.5434060066738533,-0.0330882082041446
d1,o_max,m004011_o_max_ord7_rk00012,0.5086450732971699,0.5434060066738533,-0.0347609333766834
d1,o_max,m004012_o_max_ord7_rk00013,0.5266455251813243,0.5434060066738533,-0.016760481492528956
d1,o_max,m004013_o_max_ord7_rk00014,0.515177281273595,0.5434060066738533,-0.028228725400258337
d1,o_max,m004014_o_max_ord7_rk00015,0.5212910375231037,0.5434060066738533,-0.02211496915074962
d1,o_max,m004015_o_max_ord7_rk00016,0.5229642535179346,0.5434060066738533,-0.020441753155918674
d1,o_max,m004016_o_max_ord7_rk00017,0.5135698625744154,0.5434060066738533,-0.02983614409943791
d1,o_max,m004017_o_max_ord7_rk00018,0.5223716966408078,0.5434060066738533,-0.021034310033045456
d1,o_max,m004018_o_max_ord7_rk00019,0.521552319893845,0.5434060066738533,-0.02185368678000832
d1,o_max,m004019_o_max_ord7_rk00020,0.5109405446815376,0.5434060066738533,-0.0324654619923157
d1,o_max,m005000_o_max_ord8_rk00001,0.5079394973514539,0.5434060066738533,-0.035466509322399364
d1,o_max,m005001_o_max_ord8_rk00002,0.5178391728642358,0.5434060066738533,-0.02556683380961755
d1,o_max,m005002_o_max_ord8_rk00003,0.5074900804444888,0.5434060066738533,-0.03591592622936446
d1,o_max,m005003_o_max_ord8_rk00004,0.5150693979654103,0.5434060066738533,-0.028336608708443012
d1,o_max,m005004_o_max_ord8_rk00005,0.5181067330057426,0.5434060066738533,-0.02529927366811069
d1,o_max,m005005_o_max_ord8_rk00006,0.5189875611560124,0.5434060066738533,-0.024418445517840892
d1,o_max,m005006_o_max_ord8_rk00007,0.5092978705600171,0.5434060066738533,-0.03410813611383623
d1,o_max,m005007_o_max_ord8_rk00008,0.5033899935643524,0.5434060066738533,-0.04001601310950087
d1,o_max,m005008_o_max_ord8_rk00009,0.5076127166473867,0.5434060066738533,-0.035793290026466584
d1,o_max,m005009_o_max_ord8_rk00010,0.5151036061272982,0.5434060066738533,-0.028302400546555084
d1,o_max,m005010_o_max_ord8_rk00011,0.5224781433708254,0.5434060066738533,-0.02092786330302787
d1,o_max,m005011_o_max_ord8_rk00012,0.5103375790208426,0.5434060066738533,-0.03306842765301066
d1,o_max,m005012_o_max_ord8_rk00013,0.5176728745515345,0.5434060066738533,-0.025733132122318758
d1,o_max,m005013_o_max_ord8_rk00014,0.5146991459102341,0.5434060066738533,-0.02870686076361917
d1,o_max,m005014_o_max_ord8_rk00015,0.5152723158602661,0.5434060066738533,-0.028133690813587187
d1,o_max,m005015_o_max_ord8_rk00016,0.5175862631136523,0.5434060066738533,-0.025819743560201003
d1,o_max,m005016_o_max_ord8_rk00017,0.5225758403389047,0.5434060066738533,-0.020830166334948608
d1,o_max,m005017_o_max_ord8_rk00018,0.5171072097893041,0.5434060066738533,-0.02629879688454917
d1,o_max,m005018_o_max_ord8_rk00019,0.5171720454260595,0.5434060066738533,-0.026233961247793758
d1,o_max,m005019_o_max_ord8_rk00020,0.5153857670705018,0.5434060066738533,-0.028020239603351538
d1,o_max,m006000_o_max_ord9_rk00001,0.5113341333463018,0.5434060066738533,-0.03207187332755146
d1,o_max,m006001_o_max_ord9_rk00002,0.5074233809812028,0.5434060066738533,-0.03598262569265054
d1,o_max,m006002_o_max_ord9_rk00003,0.5129560744023891,0.5434060066738533,-0.030449932271464197
d1,o_max,m006003_o_max_ord9_rk00004,0.5118913352205103,0.5434060066738533,-0.03151467145334297
d1,o_max,m006004_o_max_ord9_rk00005,0.5166500211136553,0.5434060066738533,-0.02675598556019798
d1,o_max,m006005_o_max_ord9_rk00006,0.5183795948217482,0.5434060066738533,-0.02502641185210508
d1,o_max,m006006_o_max_ord9_rk00007,0.5207510979738448,0.5434060066738533,-0.022654908700008525
d1,o_max,m006007_o_max_ord9_rk00008,0.5034166835535435,0.5434060066738533,-0.03998932312030978
d1,o_max,m006008_o_max_ord9_rk00009,0.5180219519638425,0.5434060066738533,-0.025384054710010817
d1,o_max,m006009_o_max_ord9_rk00010,0.5174929674756359,0.5434060066738533,-0.025913039198217414
d1,o_max,m006010_o_max_ord9_rk00011,0.509789412753874,0.5434060066738533,-0.03361659391997929
d1,o_max,m006011_o_max_ord9_rk00012,0.5156999160264171,0.5434060066738533,-0.027706090647436232
d1,o_max,m006012_o_max_ord9_rk00013,0.5188810249614619,0.5434060066738533,-0.02452498171239137
d1,o_max,m006013_o_max_ord9_rk00014,0.5072421531219159,0.5434060066738533,-0.03616385355193741
d1,o_max,m006014_o_max_ord9_rk00015,0.5183586883612303,0.5434060066738533,-0.025047318312622968
d1,o_max,m006015_o_max_ord9_rk00016,0.514889042943869,0.5434060066738533,-0.028516963729984357
d1,o_max,m006016_o_max_ord9_rk00017,0.5031570004451175,0.5434060066738533,-0.04024900622873584
d1,o_max,m006017_o_max_ord9_rk00018,0.5014814731915656,0.5434060066738533,-0.04192453348228775
d1,o_max,m006018_o_max_ord9_rk00019,0.5152568885343041,0.5434060066738533,-0.028149118139549234
d1,o_max,m006019_o_max_ord9_rk00020,0.5109287013272065,0.5434060066738533,-0.032477305346646834
d1,o_max,m007000_o_max_ord10_rk00001,0.5086613727893183,0.5434060066738533,-0.03474463388453497
d1,o_max,m007001_o_max_ord10_rk00002,0.5165964420136728,0.5434060066738533,-0.026809564660180474
d1,o_max,m007002_o_max_ord10_rk00003,0.5187963044401789,0.5434060066738533,-0.024609702233674424
d1,o_max,m007003_o_max_ord10_rk00004,0.5072801537555509,0.5434060066738533,-0.03612585291830239
d1,o_max,m007004_o_max_ord10_rk00005,0.5193745089771452,0.5434060066738533,-0.024031497696708093
d1,o_max,m007005_o_max_ord10_rk00006,0.5186256744241254,0.5434060066738533,-0.024780332249727866
d1,o_max,m007006_o_max_ord10_rk00007,0.5150614426738811,0.5434060066738533,-0.028344563999972205
d1,o_max,m007007_o_max_ord10_rk00008,0.5107652933411087,0.5434060066738533,-0.03264071333274465
d1,o_max,m007008_o_max_ord10_rk00009,0.5063403757846359,0.5434060066738533,-0.03706563088921744
d1,o_max,m007009_o_max_ord10_rk00010,0.512420453600297,0.5434060066738533,-0.030985553073556327
d1,o_max,m007010_o_max_ord10_rk00011,0.5122484868874246,0.5434060066738533,-0.031157519786428667
d1,o_max,m007011_o_max_ord10_rk00012,0.508645575684621,0.5434060066738533,-0.034760430989232316
d1,o_max,m007012_o_max_ord10_rk00013,0.5104451967739727,0.5434060066738533,-0.032960809899880594
d1,o_max,m007013_o_max_ord10_rk00014,0.5079202573537365,0.5434060066738533,-0.03548574932011683
d1,o_max,m007014_o_max_ord10_rk00015,0.5310530565498417,0.5434060066738533,-0.012352950124011608
d1,o_max,m007015_o_max_ord10_rk00016,0.5122369940015542,0.5434060066738533,-0.0311690126722991
d1,o_max,m007016_o_max_ord10_rk00017,0.4983760972406975,0.5434060066738533,-0.045029909433155824
d1,o_max,m007017_o_max_ord10_rk00018,0.5169859335058282,0.5434060066738533,-0.026420073168025082
d1,o_max,m007018_o_max_ord10_rk00019,0.5105563940390532,0.5434060066738533,-0.03284961263480013
d1,o_max,m007019_o_max_ord10_rk00020,0.5143046374856666,0.5434060066738533,-0.029101369188186732
d1,o_max,m008000_o_max_ord11_rk00001,0.5074673596917401,0.5434060066738533,-0.03593864698211324
d1,o_max,m008001_o_max_ord11_rk00002,0.5085580962121364,0.5434060066738533,-0.03484791046171687
d1,o_max,m008002_o_max_ord11_rk00003,0.5046729695232646,0.5434060066738533,-0.038733037150588734
d1,o_max,m008003_o_max_ord11_rk00004,0.4984149962128094,0.5434060066738533,-0.04499101046104392
d1,o_max,m008004_o_max_ord11_rk00005,0.5097494916291854,0.5434060066738533,-0.033656515044667934
d1,o_max,m008005_o_max_ord11_rk00006,0.5122408206207504,0.5434060066738533,-0.031165186053102922
d1,o_max,m008006_o_max_ord11_rk00007,0.5125827482575058,0.5434060066738533,-0.030823258416347477
d1,o_max,m008007_o_max_ord11_rk00008,0.5101793118248431,0.5434060066738533,-0.0332266948490102
d1,o_max,m008008_o_max_ord11_rk00009,0.5087486456926668,0.5434060066738533,-0.03465736098118655
d1,o_max,m008009_o_max_ord11_rk00010,0.5068567840725688,0.5434060066738533,-0.03654922260128446
d1,o_max,m008010_o_max_ord11_rk00011,0.52152462525147,0.5434060066738533,-0.021881381422383273
d1,o_max,m008011_o_max_ord11_rk00012,0.5125814827334852,0.5434060066738533,-0.030824523940368054
d1,o_max,m008012_o_max_ord11_rk00013,0.5032121038574107,0.5434060066738533,-0.04019390281644264
d1,o_max,m008013_o_max_ord11_rk00014,0.5213869715848423,0.5434060066738533,-0.02201903508901104
d1,o_max,m008014_o_max_ord11_rk00015,0.5238589419058204,0.5434060066738533,-0.019547064768032918
d1,o_max,m008015_o_max_ord11_rk00016,0.5199916275518441,0.5434060066738533,-0.023414379122009166
d1,o_max,m008016_o_max_ord11_rk00017,0.5026787343773228,0.5434060066738533,-0.0407272722965305
d1,o_max,m008017_o_max_ord11_rk00018,0.5013607909114273,0.5434060066738533,-0.042045215762426036
d1,o_max,m008018_o_max_ord11_rk00019,0.5018905067352579,0.5434060066738533,-0.04151549993859538
d1,o_max,m008019_o_max_ord11_rk00020,0.5071605671546372,0.5434060066738533,-0.036245439519216105
d1,o_max,m009000_o_max_ord12_rk00001,0.511427961839179,0.5434060066738533,-0.03197804483467426
d1,o_max,m009001_o_max_ord12_rk00002,0.5078533045331378,0.5434060066738533,-0.035552702140715486
d1,o_max,m009002_o_max_ord12_rk00003,0.5073526544625409,0.5434060066738533,-0.03605335221131245
d1,o_max,m009003_o_max_ord12_rk00004,0.5029090890412301,0.5434060066738533,-0.0404969176326232
d1,o_max,m009004_o_max_ord12_rk00005,0.5182215287441356,0.5434060066738533,-0.025184477929717675
d1,o_max,m009005_o_max_ord12_rk00006,0.516068437155691,0.5434060066738533,-0.027337569518162352
d1,o_max,m009006_o_max_ord12_rk00007,0.5189664095508536,0.5434060066738533,-0.0244395971229997
d1,o_max,m009007_o_max_ord12_rk00008,0.5202289408983147,0.5434060066738533,-0.023177065775538574
d1,o_max,m009008_o_max_ord12_rk00009,0.5056555586184477,0.5434060066738533,-0.03775044805540562
d1,o_max,m009009_o_max_ord12_rk00010,0.4963014181110236,0.5434060066738533,-0.04710458856282973
d1,o_max,m009010_o_max_ord12_rk00011,0.5088010356495476,0.5434060066738533,-0.03460497102430571
d1,o_max,m009011_o_max_ord12_rk00012,0.5012007524553104,0.5434060066738533,-0.04220525421854293
d1,o_max,m009012_o_max_ord12_rk00013,0.5104432780185642,0.5434060066738533,-0.03296272865528915
d1,o_max,m009013_o_max_ord12_rk00014,0.5142078494108382,0.5434060066738533,-0.029198157263015112
d1,o_max,m009014_o_max_ord12_rk00015,0.5059179543562307,0.5434060066738533,-0.037488052317622644
d1,o_max,m009015_o_max_ord12_rk00016,0.501708663165439,0.5434060066738533,-0.04169734350841425
d1,o_max,m009016_o_max_ord12_rk00017,0.5240579761317655,0.5434060066738533,-0.01934803054208778
d1,o_max,m009017_o_max_ord12_rk00018,0.5098140722654073,0.5434060066738533,-0.03359193440844599
d1,o_max,m009018_o_max_ord12_rk00019,0.5218412557206284,0.5434060066738533,-0.021564750953224854
d1,o_max,m009019_o_max_ord12_rk00020,0.5067915102089016,0.5434060066738533,-0.03661449646495174
d1,o_max,m010000_o_max_ord13_rk00001,0.5089014931014595,0.5434060066738533,-0.03450451357239381
d1,o_max,m010001_o_max_ord13_rk00002,0.5080090681308753,0.5434060066738533,-0.035396938542977985
d1,o_max,m010002_o_max_ord13_rk00003,0.506868195243573,0.5434060066738533,-0.03653781143028034
d1,o_max,m010003_o_max_ord13_rk00004,0.5169520612165972,0.5434060066738533,-0.0264539454572561
d1,o_max,m010004_o_max_ord13_rk00005,0.5122368572926155,0.5434060066738533,-0.031169149381237826
d1,o_max,m010005_o_max_ord13_rk00006,0.5078514828265399,0.5434060066738533,-0.03555452384731339
d1,o_max,m010006_o_max_ord13_rk00007,0.5124471263438148,0.5434060066738533,-0.030958880330038463
d1,o_max,m010007_o_max_ord13_rk00008,0.5100415995658617,0.5434060066738533,-0.0333644071079916
d1,o_max,m010008_o_max_ord13_rk00009,0.5182144545170685,0.5434060066738533,-0.025191552156784813
d1,o_max,m010009_o_max_ord13_rk00010,0.4985075693087039,0.5434060066738533,-0.044898437365149424
d1,o_max,m010010_o_max_ord13_rk00011,0.5048780768177862,0.5434060066738533,-0.03852792985606712
d1,o_max,m010011_o_max_ord13_rk00012,0.5119096738249427,0.5434060066738533,-0.031496332848910624
d1,o_max,m010012_o_max_ord13_rk00013,0.5201704100159122,0.5434060066738533,-0.02323559665794106
d1,o_max,m010013_o_max_ord13_rk00014,0.5143676632933557,0.5434060066738533,-0.0290383433804976
d1,o_max,m010014_o_max_ord13_rk00015,0.4971624757550679,0.5434060066738533,-0.046243530918785414
d1,o_max,m010015_o_max_ord13_rk00016,0.5138621178399834,0.5434060066738533,-0.029543888833869936
d1,o_max,m010016_o_max_ord13_rk00017,0.5110548974542178,0.5434060066738533,-0.032351109219635465
d1,o_max,m010017_o_max_ord13_rk00018,0.5121441801319486,0.5434060066738533,-0.03126182654190468
d1,o_max,m010018_o_max_ord13_rk00019,0.5046940913522349,0.5434060066738533,-0.03871191532161844
d1,o_max,m010019_o_max_ord13_rk00020,0.5004264240487689,0.5434060066738533,-0.04297958262508439
d1,o_max,m011000_o_max_ord14_rk00001,0.5090256157875379,0.5434060066738533,-0.03438039088631539
d1,o_max,m011001_o_max_ord14_rk00002,0.5173788601629064,0.5434060066738533,-0.026027146510946952
d1,o_max,m011002_o_max_ord14_rk00003,0.5136031367094411,0.5434060066738533,-0.02980286996441217
d1,o_max,m011003_o_max_ord14_rk00004,0.5162824558672581,0.5434060066738533,-0.02712355080659523
d1,o_max,m011004_o_max_ord14_rk00005,0.5142284963030959,0.5434060066738533,-0.029177510370757442
d1,o_max,m011005_o_max_ord14_rk00006,0.5157349041894552,0.5434060066738533,-0.02767110248439808
d1,o_max,m011006_o_max_ord14_rk00007,0.5210577599126576,0.5434060066738533,-0.022348246761195734
d1,o_max,m011007_o_max_ord14_rk00008,0.5150096095180823,0.5434060066738533,-0.028396397155771025
d1,o_max,m011008_o_max_ord14_rk00009,0.5031205948360327,0.5434060066738533,-0.04028541183782064
d1,o_max,m011009_o_max_ord14_rk00010,0.5065048456576358,0.5434060066738533,-0.03690116101621754
d1,o_max,m011010_o_max_ord14_rk00011,0.5065356192564376,0.5434060066738533,-0.03687038741741566
d1,o_max,m011011_o_max_ord14_rk00012,0.5052685395153772,0.5434060066738533,-0.0381374671584761
d1,o_max,m011012_o_max_ord14_rk00013,0.5068163093854614,0.5434060066738533,-0.0365896972883919
d1,o_max,m011013_o_max_ord14_rk00014,0.5053056398849702,0.5434060066738533,-0.03810036678888307
d1,o_max,m011014_o_max_ord14_rk00015,0.5058608422778273,0.5434060066738533,-0.037545164396025954
d1,o_max,m011015_o_max_ord14_rk00016,0.5097110493538939,0.5434060066738533,-0.03369495731995942
d1,o_max,m011016_o_max_ord14_rk00017,0.511690484427236,0.5434060066738533,-0.031715522246617334
d1,o_max,m011017_o_max_ord14_rk00018,0.5073270224984512,0.5434060066738533,-0.03607898417540212
d1,o_max,m011018_o_max_ord14_rk00019,0.5082838232840556,0.5434060066738533,-0.03512218338979767
d1,o_max,m011019_o_max_ord14_rk00020,0.5074369824406748,0.5434060066738533,-0.03596902423317849
d1,o_max,m012000_o_max_ord15_rk00001,0.5111054829374788,0.5434060066738533,-0.03230052373637449
d1,o_max,m012001_o_max_ord15_rk00002,0.5068537840280254,0.5434060066738533,-0.036552222645827914
d1,o_max,m012002_o_max_ord15_rk00003,0.5192462854311863,0.5434060066738533,-0.024159721242666965
d1,o_max,m012003_o_max_ord15_rk00004,0.500512145736145,0.5434060066738533,-0.042893860937708306
d1,o_max,m012004_o_max_ord15_rk00005,0.5137088705770652,0.5434060066738533,-0.029697136096788146
d1,o_max,m012005_o_max_ord15_rk00006,0.5009544110001585,0.5434060066738533,-0.04245159567369483
d1,o_max,m012006_o_max_ord15_rk00007,0.5030327542413775,0.5434060066738533,-0.040373252432475804
d1,o_max,m012007_o_max_ord15_rk00008,0.504282056255892,0.5434060066738533,-0.03912395041796135
d1,o_max,m012008_o_max_ord15_rk00009,0.5152589174998563,0.5434060066738533,-0.028147089173996998
d1,o_max,m012009_o_max_ord15_rk00010,0.5144269678653551,0.5434060066738533,-0.02897903880849817
d1,o_max,m012010_o_max_ord15_rk00011,0.5041142050439275,0.5434060066738533,-0.03929180162992585
d1,o_max,m012011_o_max_ord15_rk00012,0.5095561953501455,0.5434060066738533,-0.03384981132370779
d1,o_max,m012012_o_max_ord15_rk00013,0.5085350929621223,0.5434060066738533,-0.03487091371173101
d1,o_max,m012013_o_max_ord15_rk00014,0.5092673941539554,0.5434060066738533,-0.034138612519897915
d1,o_max,m012014_o_max_ord15_rk00015,0.5152654440922328,0.5434060066738533,-0.028140562581620454
d1,o_max,m012015_o_max_ord15_rk00016,0.5112558419661009,0.5434060066738533,-0.03215016470775245
d1,o_max,m012016_o_max_ord15_rk00017,0.5246684568168206,0.5434060066738533,-0.018737549857032687
d1,o_max,m012017_o_max_ord15_rk00018,0.5148289830910606,0.5434060066738533,-0.028577023582792682
d1,o_max,m012018_o_max_ord15_rk00019,0.5015682860521076,0.5434060066738533,-0.04183772062174573
d1,o_max,m012019_o_max_ord15_rk00020,0.5048282709323573,0.5434060066738533,-0.03857773574149603
d1,o_max,m013000_o_max_ord16_rk00001,0.5220769370894793,0.5434060066738533,-0.021329069584373972
d1,o_max,m013001_o_max_ord16_rk00002,0.5055605733623322,0.5434060066738533,-0.037845433311521126
d1,o_max,m013002_o_max_ord16_rk00003,0.5103143583513186,0.5434060066738533,-0.03309164832253475
d1,o_max,m013003_o_max_ord16_rk00004,0.4958674275373087,0.5434060066738533,-0.04753857913654458
d1,o_max,m013004_o_max_ord16_rk00005,0.5083168895994403,0.5434060066738533,-0.03508911707441298
d1,o_max,m013005_o_max_ord16_rk00006,0.4989387391234189,0.5434060066738533,-0.0444672675504344
d1,o_max,m013006_o_max_ord16_rk00007,0.5124668977288438,0.5434060066738533,-0.030939108945009508
d1,o_max,m013007_o_max_ord16_rk00008,0.5134405822012585,0.5434060066738533,-0.02996542447259476
d1,o_max,m013008_o_max_ord16_rk00009,0.5091452435538995,0.5434060066738533,-0.03426076311995385
d1,o_max,m013009_o_max_ord16_rk00010,0.5225589519496898,0.5434060066738533,-0.020847054724163483
d1,o_max,m013010_o_max_ord16_rk00011,0.4965756347203264,0.5434060066738533,-0.046830371953526906
d1,o_max,m013011_o_max_ord16_rk00012,0.5101830154235978,0.5434060066738533,-0.03322299125025552
d1,o_max,m013012_o_max_ord16_rk00013,0.5110970611161307,0.5434060066738533,-0.03230894555772257
d1,o_max,m013013_o_max_ord16_rk00014,0.5073170892315513,0.5434060066738533,-0.036088917442302026
d1,o_max,m013014_o_max_ord16_rk00015,0.4961659845176654,0.5434060066738533,-0.04724002215618789
d1,o_max,m013015_o_max_ord16_rk00016,0.5212917047976303,0.5434060066738533,-0.022114301876222986
d1,o_max,m013016_o_max_ord16_rk00017,0.5069267749379176,0.5434060066738533,-0.0364792317359357
d1,o_max,m013017_o_max_ord16_rk00018,0.5028829900672775,0.5434060066738533,-0.04052301660657576
d1,o_max,m013018_o_max_ord16_rk00019,0.5083149832424955,0.5434060066738533,-0.03509102343135784
d1,o_max,m013019_o_max_ord16_rk00020,0.5021048430476336,0.5434060066738533,-0.04130116362621972
d1,o_max,m014000_o_max_ord17_rk00001,0.4906681823100374,0.5434060066738533,-0.05273782436381591
d1,o_max,m014001_o_max_ord17_rk00002,0.5003955496854446,0.5434060066738533,-0.04301045698840866
d1,o_max,m014002_o_max_ord17_rk00003,0.5012604200702508,0.5434060066738533,-0.04214558660360246
d1,o_max,m014003_o_max_ord17_rk00004,0.5084515190311245,0.5434060066738533,-0.03495448764272879
d1,o_max,m014004_o_max_ord17_rk00005,0.503279961463847,0.5434060066738533,-0.04012604521000629
d1,o_max,m014005_o_max_ord17_rk00006,0.5028632837824167,0.5434060066738533,-0.04054272289143657
d1,o_max,m014006_o_max_ord17_rk00007,0.4982117069817695,0.5434060066738533,-0.04519429969208383
d1,o_max,m014007_o_max_ord17_rk00008,0.5002321067228797,0.5434060066738533,-0.04317389995097365
d1,o_max,m014008_o_max_ord17_rk00009,0.5096379832996274,0.5434060066738533,-0.03376802337422591
d1,o_max,m014009_o_max_ord17_rk00010,0.5036063670712556,0.5434060066738533,-0.03979963960259769
d1,o_max,m014010_o_max_ord17_rk00011,0.5048860852454402,0.5434060066738533,-0.038519921428413095
d1,o_max,m014011_o_max_ord17_rk00012,0.5054024696134959,0.5434060066738533,-0.03800353706035742
d1,o_max,m014012_o_max_ord17_rk00013,0.5022289295174363,0.5434060066738533,-0.04117707715641705
d1,o_max,m014013_o_max_ord17_rk00014,0.5106598963262511,0.5434060066738533,-0.03274611034760222
d1,o_max,m014014_o_max_ord17_rk00015,0.4984984481790575,0.5434060066738533,-0.04490755849479583
d1,o_max,m014015_o_max_ord17_rk00016,0.5085882994370985,0.5434060066738533,-0.034817707236754813
d1,o_max,m014016_o_max_ord17_rk00017,0.5105884667578007,0.5434060066738533,-0.03281753991605263
d1,o_max,m014017_o_max_ord17_rk00018,0.5093828233155888,0.5434060066738533,-0.034023183358264486
d1,o_max,m014018_o_max_ord17_rk00019,0.5063384217523217,0.5434060066738533,-0.037067584921531616
d1,o_max,m014019_o_max_ord17_rk00020,0.4842158274843725,0.5434060066738533,-0.05919017918948083
d1,o_max,m015000_o_max_ord18_rk00001,0.49018046034755,0.5434060066738533,-0.05322554632630333
d1,o_max,m015001_o_max_ord18_rk00002,0.4955879638794916,0.5434060066738533,-0.04781804279436169
d1,o_max,m015002_o_max_ord18_rk00003,0.5055578785067845,0.5434060066738533,-0.03784812816706884
d1,o_max,m015003_o_max_ord18_rk00004,0.509277481780519,0.5434060066738533,-0.03412852489333429
d1,o_max,m015004_o_max_ord18_rk00005,0.5017095644042997,0.5434060066738533,-0.0416964422695536
d1,o_max,m015005_o_max_ord18_rk00006,0.5101853456633478,0.5434060066738533,-0.03322066101050547
d1,o_max,m015006_o_max_ord18_rk00007,0.5085275247276735,0.5434060066738533,-0.03487848194617982
d1,o_max,m015007_o_max_ord18_rk00008,0.5113073379106354,0.5434060066738533,-0.032098668763217875
d1,o_max,m015008_o_max_ord18_rk00009,0.5106381498447032,0.5434060066738533,-0.032767856829150066
d1,o_max,m015009_o_max_ord18_rk00010,0.5087304667196358,0.5434060066738533,-0.03467553995421746
d1,o_max,m015010_o_max_ord18_rk00011,0.5113290504468025,0.5434060066738533,-0.03207695622705076
d1,o_max,m015011_o_max_ord18_rk00012,0.5028563755254082,0.5434060066738533,-0.04054963114844512
d1,o_max,m015012_o_max_ord18_rk00013,0.5176127593861767,0.5434060066738533,-0.025793247287676624
d1,o_max,m015013_o_max_ord18_rk00014,0.505894208438422,0.5434060066738533,-0.03751179823543127
d1,o_max,m015014_o_max_ord18_rk00015,0.5034461810152311,0.5434060066738533,-0.03995982565862222
d1,o_max,m015015_o_max_ord18_rk00016,0.5022948835388481,0.5434060066738533,-0.0411111231350052
d1,o_max,m015016_o_max_ord18_rk00017,0.5006426849868343,0.5434060066738533,-0.04276332168701902
d1,o_max,m015017_o_max_ord18_rk00018,0.5125509566484845,0.5434060066738533,-0.030855050025368813
d1,o_max,m015018_o_max_ord18_rk00019,0.5073654275846127,0.5434060066738533,-0.03604057908924063
d1,o_max,m015019_o_max_ord18_rk00020,0.5095789779837384,0.5434060066738533,-0.03382702869011489
d1,o_max,m016000_o_max_ord19_rk00001,0.4885968835929976,0.5434060066738533,-0.054809123080855726
d1,o_max,m016001_o_max_ord19_rk00002,0.5017651531394184,0.5434060066738533,-0.04164085353443492
d1,o_max,m016002_o_max_ord19_rk00003,0.4938458986208404,0.5434060066738533,-0.04956010805301292
d1,o_max,m016003_o_max_ord19_rk00004,0.5032482181228193,0.5434060066738533,-0.040157788551034024
d1,o_max,m016004_o_max_ord19_rk00005,0.5024435494144388,0.5434060066738533,-0.0409624572594145
d1,o_max,m016005_o_max_ord19_rk00006,0.510804334223113,0.5434060066738533,-0.032601672450740304
d1,o_max,m016006_o_max_ord19_rk00007,0.5100025347471805,0.5434060066738533,-0.03340347192667281
d1,o_max,m016007_o_max_ord19_rk00008,0.5071634223557312,0.5434060066738533,-0.036242584318122106
d1,o_max,m016008_o_max_ord19_rk00009,0.5076430153771209,0.5434060066738533,-0.03576299129673244
d1,o_max,m016009_o_max_ord19_rk00010,0.5080245246293851,0.5434060066738533,-0.03538148204446823
d1,o_max,m016010_o_max_ord19_rk00011,0.5030146772589503,0.5434060066738533,-0.04039132941490298
d1,o_max,m016011_o_max_ord19_rk00012,0.495363298547784,0.5434060066738533,-0.04804270812606931
d1,o_max,m016012_o_max_ord19_rk00013,0.5016131271663773,0.5434060066738533,-0.04179287950747601
d1,o_max,m016013_o_max_ord19_rk00014,0.5067677834103638,0.5434060066738533,-0.03663822326348953
d1,o_max,m016014_o_max_ord19_rk00015,0.5071962326537156,0.5434060066738533,-0.0362097740201377
d1,o_max,m016015_o_max_ord19_rk00016,0.5054499192545268,0.5434060066738533,-0.037956087419326545
d1,o_max,m016016_o_max_ord19_rk00017,0.5034439163698012,0.5434060066738533,-0.03996209030405207
d1,o_max,m016017_o_max_ord19_rk00018,0.5069404611237931,0.5434060066738533,-0.03646554555006021
d1,o_max,m016018_o_max_ord19_rk00019,0.5062556569873111,0.5434060066738533,-0.03715034968654218
d1,o_max,m016019_o_max_ord19_rk00020,0.4725037693093861,0.5434060066738533,-0.07090223736446721
d1,o_max,m017000_o_max_ord20_rk00001,0.4833351385925031,0.5434060066738533,-0.060070868081350204
d1,o_max,m017001_o_max_ord20_rk00002,0.5058650240571977,0.5434060066738533,-0.037540982616655616
d1,o_max,m017002_o_max_ord20_rk00003,0.5008167661514455,0.5434060066738533,-0.042589240522407756
d1,o_max,m017003_o_max_ord20_rk00004,0.5005373654296775,0.5434060066738533,-0.042868641244175776
d1,o_max,m017004_o_max_ord20_rk00005,0.505422850409311,0.5434060066738533,-0.037983156264542295
d1,o_max,m017005_o_max_ord20_rk00006,0.5100897665577565,0.5434060066738533,-0.033316240116096796
d1,o_max,m017006_o_max_ord20_rk00007,0.5057075254763035,0.5434060066738533,-0.037698481197549816
d1,o_max,m017007_o_max_ord20_rk00008,0.4946167145632432,0.5434060066738533,-0.048789292110610116
d1,o_max,m017008_o_max_ord20_rk00009,0.5077213283898686,0.5434060066738533,-0.035684678283984694
d1,o_max,m017009_o_max_ord20_rk00010,0.5112398126523757,0.5434060066738533,-0.03216619402147758
d1,o_max,m017010_o_max_ord20_rk00011,0.5046240850012365,0.5434060066738533,-0.03878192167261685
d1,o_max,m017011_o_max_ord20_rk00012,0.4904647280574878,0.5434060066738533,-0.052941278616365495
d1,o_max,m017012_o_max_ord20_rk00013,0.5143831760783669,0.5434060066738533,-0.029022830595486382
d1,o_max,m017013_o_max_ord20_rk00014,0.4968624479845472,0.5434060066738533,-0.0465435586893061
d1,o_max,m017014_o_max_ord20_rk00015,0.5015513440296835,0.5434060066738533,-0.041854662644169816
d1,o_max,m017015_o_max_ord20_rk00016,0.4760504526320351,0.5434060066738533,-0.0673555540418182
d1,o_max,m017016_o_max_ord20_rk00017,0.5091347806674669,0.5434060066738533,-0.034271226006386435
d1,o_max,m017017_o_max_ord20_rk00018,0.475265857643899,0.5434060066738533,-0.0681401490299543
d1,o_max,m017018_o_max_ord20_rk00019,0.4876700139402095,0.5434060066738533,-0.055735992733643824
d1,o_max,m017019_o_max_ord20_rk00020,0.5094111740658194,0.5434060066738533,-0.03399483260803393
d1,o_max,m018000_o_max_ord21_rk00001,0.477187559741786,0.5434060066738533,-0.0662184469320673
d1,o_max,m018001_o_max_ord21_rk00002,0.512120718221424,0.5434060066738533,-0.03128528845242928
d1,o_max,m018002_o_max_ord21_rk00003,0.5073873506553465,0.5434060066738533,-0.036018656018506845
d1,o_max,m018003_o_max_ord21_rk00004,0.5151389355177267,0.5434060066738533,-0.02826707115612659
d1,o_max,m018004_o_max_ord21_rk00005,0.479119424955287,0.5434060066738533,-0.06428658171856633
d1,o_max,m018005_o_max_ord21_rk00006,0.505428267542902,0.5434060066738533,-0.03797773913095126
d1,o_max,m018006_o_max_ord21_rk00007,0.4783846518469578,0.5434060066738533,-0.06502135482689553
d1,o_max,m018007_o_max_ord21_rk00008,0.5058481750413669,0.5434060066738533,-0.03755783163248638
d1,o_max,m018008_o_max_ord21_rk00009,0.4991788821737186,0.5434060066738533,-0.04422712450013472
d1,o_max,m018009_o_max_ord21_rk00010,0.5014858904664723,0.5434060066738533,-0.04192011620738101
d1,o_max,m018010_o_max_ord21_rk00011,0.5086905825966608,0.5434060066738533,-0.034715424077192525
d1,o_max,m018011_o_max_ord21_rk00012,0.5031533985703784,0.5434060066738533,-0.04025260810347486
d1,o_max,m018012_o_max_ord21_rk00013,0.4784036631433197,0.5434060066738533,-0.06500234353053358
d1,o_max,m018013_o_max_ord21_rk00014,0.5079925594046089,0.5434060066738533,-0.03541344726924445
d1,o_max,m018014_o_max_ord21_rk00015,0.5094450441183551,0.5434060066738533,-0.033960962555498186
d1,o_max,m018015_o_max_ord21_rk00016,0.4779721680297391,0.5434060066738533,-0.06543383864411423
d1,o_max,m018016_o_max_ord21_rk00017,0.4728904156159227,0.5434060066738533,-0.0705155910579306
d1,o_max,m018017_o_max_ord21_rk00018,0.4808490723476105,0.5434060066738533,-0.06255693432624282
d1,o_max,m018018_o_max_ord21_rk00019,0.5098809858261033,0.5434060066738533,-0.03352502084775
d1,o_max,m018019_o_max_ord21_rk00020,0.5085417245331458,0.5434060066738533,-0.03486428214070747
d1,o_max,m019000_o_max_ord22_rk00001,0.4938913056651091,0.5434060066738533,-0.04951470100874422
d1,o_max,m019001_o_max_ord22_rk00002,0.4807934910097489,0.5434060066738533,-0.06261251566410442
d1,o_max,m019002_o_max_ord22_rk00003,0.5117752892742757,0.5434060066738533,-0.03163071739957757
d1,o_max,m019003_o_max_ord22_rk00004,0.5187867764260286,0.5434060066738533,-0.024619230247824753
d1,o_max,m019004_o_max_ord22_rk00005,0.4793576033570272,0.5434060066738533,-0.0640484033168261
d1,o_max,m019005_o_max_ord22_rk00006,0.5150863205257494,0.5434060066738533,-0.028319686148103873
d1,o_max,m019006_o_max_ord22_rk00007,0.4735899382055649,0.5434060066738533,-0.06981606846828842
d1,o_max,m019007_o_max_ord22_rk00008,0.5135679275475002,0.5434060066738533,-0.029838079126353056
d1,o_max,m019008_o_max_ord22_rk00009,0.5035962023924845,0.5434060066738533,-0.03980980428136882
d1,o_max,m019009_o_max_ord22_rk00010,0.4694313498842051,0.5434060066738533,-0.07397465678964821
d1,o_max,m019010_o_max_ord22_rk00011,0.513458447125128,0.5434060066738533,-0.0299475595487253
d1,o_max,m019011_o_max_ord22_rk00012,0.514933181759968,0.5434060066738533,-0.028472824913885253
d1,o_max,m019012_o_max_ord22_rk00013,0.5062901297028235,0.5434060066738533,-0.037115876971029804
d1,o_max,m019013_o_max_ord22_rk00014,0.5131907253822622,0.5434060066738533,-0.030215281291591123
d1,o_max,m019014_o_max_ord22_rk00015,0.4889920480096135,0.5434060066738533,-0.054413958664239814
d1,o_max,m019015_o_max_ord22_rk00016,0.4816072852521976,0.5434060066738533,-0.06179872142165571
d1,o_max,m019016_o_max_ord22_rk00017,0.5088940250733882,0.5434060066738533,-0.03451198160046509
d1,o_max,m019017_o_max_ord22_rk00018,0.5145413501483995,0.5434060066738533,-0.02886465652545378
d1,o_max,m019018_o_max_ord22_rk00019,0.51572466968085,0.5434060066738533,-0.027681336993003347
d1,o_max,m019019_o_max_ord22_rk00020,0.5051153916532769,0.5434060066738533,-0.0382906150205764
d1,o_max,m020000_o_max_ord23_rk00001,0.4884217622780523,0.5434060066738533,-0.05498424439580102
d1,o_max,m020001_o_max_ord23_rk00002,0.5113025049007781,0.5434060066738533,-0.032103501773075194
d1,o_max,m020002_o_max_ord23_rk00003,0.4760515081509655,0.5434060066738533,-0.06735449852288783
d1,o_max,m020003_o_max_ord23_rk00004,0.5054884146664947,0.5434060066738533,-0.03791759200735856
d1,o_max,m020004_o_max_ord23_rk00005,0.4738634958199081,0.5434060066738533,-0.0695425108539452
d1,o_max,m020005_o_max_ord23_rk00006,0.5152925196040765,0.5434060066738533,-0.028113487069776788
d1,o_max,m020006_o_max_ord23_rk00007,0.5112062552293773,0.5434060066738533,-0.032199751444475955
d1,o_max,m020007_o_max_ord23_rk00008,0.4857361788138564,0.5434060066738533,-0.057669827859996914
d1,o_max,m020008_o_max_ord23_rk00009,0.4812997209963566,0.5434060066738533,-0.06210628567749671
d1,o_max,m020009_o_max_ord23_rk00010,0.5123955704833272,0.5434060066738533,-0.031010436190526125
d1,o_max,m020010_o_max_ord23_rk00011,0.5129951870884234,0.5434060066738533,-0.030410819585429905
d1,o_max,m020011_o_max_ord23_rk00012,0.5125623597685807,0.5434060066738533,-0.030843646905272637
d1,o_max,m020012_o_max_ord23_rk00013,0.5190545702450093,0.5434060066738533,-0.024351436428843964
d1,o_max,m020013_o_max_ord23_rk00014,0.4877637445473171,0.5434060066738533,-0.055642262126536224
d1,o_max,m020014_o_max_ord23_rk00015,0.5019397955063072,0.5434060066738533,-0.04146621116754612
d1,o_max,m020015_o_max_ord23_rk00016,0.5134493646050282,0.5434060066738533,-0.02995664206882509
d1,o_max,m020016_o_max_ord23_rk00017,0.5126784080127601,0.5434060066738533,-0.030727598661093203
d1,o_max,m020017_o_max_ord23_rk00018,0.4899425551954991,0.5434060066738533,-0.053463451478354185
d1,o_max,m020018_o_max_ord23_rk00019,0.5044160496361999,0.5434060066738533,-0.0389899570376534
d1,o_max,m020019_o_max_ord23_rk00020,0.5116715248449599,0.5434060066738533,-0.03173448182889338
d1,o_max,m021000_o_max_ord24_rk00001,0.4918194944465583,0.5434060066738533,-0.05158651222729499
d1,o_max,m021001_o_max_ord24_rk00002,0.5092457739052602,0.5434060066738533,-0.034160232768593146
d1,o_max,m021002_o_max_ord24_rk00003,0.5154434322611923,0.5434060066738533,-0.027962574412661034
d1,o_max,m021003_o_max_ord24_rk00004,0.5122379726255488,0.5434060066738533,-0.031168034048304483
d1,o_max,m021004_o_max_ord24_rk00005,0.5056089479586088,0.5434060066738533,-0.037797058715244525
d1,o_max,m021005_o_max_ord24_rk00006,0.5057776928601471,0.5434060066738533,-0.03762831381370624
d1,o_max,m021006_o_max_ord24_rk00007,0.5021007552700254,0.5434060066738533,-0.0413052514038279
d1,o_max,m021007_o_max_ord24_rk00008,0.506488830441874,0.5434060066738533,-0.03691717623197932
d1,o_max,m021008_o_max_ord24_rk00009,0.5039017866682782,0.5434060066738533,-0.039504220005575075
d1,o_max,m021009_o_max_ord24_rk00010,0.5200595152419241,0.5434060066738533,-0.02334649143192924
d1,o_max,m021010_o_max_ord24_rk00011,0.491657479625231,0.5434060066738533,-0.05174852704862232
d1,o_max,m021011_o_max_ord24_rk00012,0.5145705943665309,0.5434060066738533,-0.02883541230732245
d1,o_max,m021012_o_max_ord24_rk00013,0.5025921569805033,0.5434060066738533,-0.04081384969335
d1,o_max,m021013_o_max_ord24_rk00014,0.5072170763743136,0.5434060066738533,-0.036188930299539734
d1,o_max,m021014_o_max_ord24_rk00015,0.488444112155575,0.5434060066738533,-0.05496189451827832
d1,o_max,m021015_o_max_ord24_rk00016,0.482737487276348,0.5434060066738533,-0.06066851939750528
d1,o_max,m021016_o_max_ord24_rk00017,0.4967139386668836,0.5434060066738533,-0.04669206800696968
d1,o_max,m021017_o_max_ord24_rk00018,0.4875971828143829,0.5434060066738533,-0.05580882385947039
d1,o_max,m021018_o_max_ord24_rk00019,0.512459090269951,0.5434060066738533,-0.030946916403902347
d1,o_max,m021019_o_max_ord24_rk00020,0.4795417705357536,0.5434060066738533,-0.06386423613809972
d1,o_max,m022000_o_max_ord25_rk00001,0.5206679977668817,0.5434060066738533,-0.02273800890697164
d1,o_max,m022001_o_max_ord25_rk00002,0.517004755287636,0.5434060066738533,-0.026401251386217295
d1,o_max,m022002_o_max_ord25_rk00003,0.4843594822445073,0.5434060066738533,-0.05904652442934599
d1,o_max,m022003_o_max_ord25_rk00004,0.5201654025303447,0.5434060066738533,-0.023240604143508592
d1,o_max,m022004_o_max_ord25_rk00005,0.5121313232198458,0.5434060066738533,-0.031274683454007524
d1,o_max,m022005_o_max_ord25_rk00006,0.5253180464267744,0.5434060066738533,-0.018087960247078927
d1,o_max,m022006_o_max_ord25_rk00007,0.5083934096610191,0.5434060066738533,-0.03501259701283421
d1,o_max,m022007_o_max_ord25_rk00008,0.5093834269832135,0.5434060066738533,-0.03402257969063982
d1,o_max,m022008_o_max_ord25_rk00009,0.5168196239412677,0.5434060066738533,-0.026586382732585623
d1,o_max,m022009_o_max_ord25_rk00010,0.5028903118588626,0.5434060066738533,-0.04051569481499073
d1,o_max,m022010_o_max_ord25_rk00011,0.47659531845276,0.5434060066738533,-0.06681068822109332
d1,o_max,m022011_o_max_ord25_rk00012,0.5107685484757122,0.5434060066738533,-0.03263745819814112
d1,o_max,m022012_o_max_ord25_rk00013,0.4889350456188366,0.5434060066738533,-0.0544709610550167
d1,o_max,m022013_o_max_ord25_rk00014,0.5130012274539073,0.5434060066738533,-0.030404779219946
d1,o_max,m022014_o_max_ord25_rk00015,0.484327856311421,0.5434060066738533,-0.0590781503624323
d1,o_max,m022015_o_max_ord25_rk00016,0.518468730050268,0.5434060066738533,-0.024937276623585358
d1,o_max,m022016_o_max_ord25_rk00017,0.4798894455676832,0.5434060066738533,-0.0635165611061701
d1,o_max,m022017_o_max_ord25_rk00018,0.5144050539227076,0.5434060066738533,-0.02900095275114567
d1,o_max,m022018_o_max_ord25_rk00019,0.5065306230657173,0.5434060066738533,-0.036875383608136025
d1,o_max,m022019_o_max_ord25_rk00020,0.4716073453079098,0.5434060066738533,-0.07179866136594348
d1,o_max,m023000_o_max_ord26_rk00001,0.4879190085521865,0.5434060066738533,-0.0554869981216668
d1,o_max,m023001_o_max_ord26_rk00002,0.5165050862795988,0.5434060066738533,-0.026900920394254513
d1,o_max,m023002_o_max_ord26_rk00003,0.5123731500903457,0.5434060066738533,-0.03103285658350763
d1,o_max,m023003_o_max_ord26_rk00004,0.5125156117333726,0.5434060066738533,-0.030890394940480737
d1,o_max,m023004_o_max_ord26_rk00005,0.5096454529491,0.5434060066738533,-0.033760553724753284
d1,o_max,m023005_o_max_ord26_rk00006,0.522791018939897,0.5434060066738533,-0.020614987733956314
d1,o_max,m023006_o_max_ord26_rk00007,0.4691073416606542,0.5434060066738533,-0.0742986650131991
d1,o_max,m023007_o_max_ord26_rk00008,0.5155612333881274,0.5434060066738533,-0.027844773285725877
d1,o_max,m023008_o_max_ord26_rk00009,0.4751655720550759,0.5434060066738533,-0.06824043461877738
d1,o_max,m023009_o_max_ord26_rk00010,0.4689085520692544,0.5434060066738533,-0.07449745460459889
d1,o_max,m023010_o_max_ord26_rk00011,0.5133544866931825,0.5434060066738533,-0.030051519980670793
d1,o_max,m023011_o_max_ord26_rk00012,0.5172284754032006,0.5434060066738533,-0.0261775312706527
d1,o_max,m023012_o_max_ord26_rk00013,0.5096372736304791,0.5434060066738533,-0.033768733043374244
d1,o_max,m023013_o_max_ord26_rk00014,0.4876489143657041,0.5434060066738533,-0.05575709230814918
d1,o_max,m023014_o_max_ord26_rk00015,0.4768725211917257,0.5434060066738533,-0.06653348548212762
d1,o_max,m023015_o_max_ord26_rk00016,0.5204536619964006,0.5434060066738533,-0.022952344677452663
d1,o_max,m023016_o_max_ord26_rk00017,0.5103848151760022,0.5434060066738533,-0.0330211914978511
d1,o_max,m023017_o_max_ord26_rk00018,0.5095231528181214,0.5434060066738533,-0.033882853855731865
d1,o_max,m023018_o_max_ord26_rk00019,0.5081803412428865,0.5434060066738533,-0.035225665430966835
d1,o_max,m023019_o_max_ord26_rk00020,0.4744339129663658,0.5434060066738533,-0.06897209370748753
d1,o_max,m024000_o_max_ord27_rk00001,0.4923921604615821,0.5434060066738533,-0.05101384621227123
d1,o_max,m024001_o_max_ord27_rk00002,0.4978098358869504,0.5434060066738533,-0.04559617078690292
d1,o_max,m024002_o_max_ord27_rk00003,0.5185689902944071,0.5434060066738533,-0.024837016379446242
d1,o_max,m024003_o_max_ord27_rk00004,0.4794957009319058,0.5434060066738533,-0.0639103057419475
d1,o_max,m024004_o_max_ord27_rk00005,0.5059139928284706,0.5434060066738533,-0.0374920138453827
d1,o_max,m024005_o_max_ord27_rk00006,0.5158448792567811,0.5434060066738533,-0.027561127417072173
d1,o_max,m024006_o_max_ord27_rk00007,0.515976204919286,0.5434060066738533,-0.02742980175456733
d1,o_max,m024007_o_max_ord27_rk00008,0.5036172272506607,0.5434060066738533,-0.03978877942319259
d1,o_max,m024008_o_max_ord27_rk00009,0.47701769392909,0.5434060066738533,-0.06638831274476331
d1,o_max,m024009_o_max_ord27_rk00010,0.5183515665289434,0.5434060066738533,-0.025054440144909873
d1,o_max,m024010_o_max_ord27_rk00011,0.5177244400578941,0.5434060066738533,-0.025681566615959217
d1,o_max,m024011_o_max_ord27_rk00012,0.506366211400743,0.5434060066738533,-0.0370397952731103
d1,o_max,m024012_o_max_ord27_rk00013,0.484804698512107,0.5434060066738533,-0.0586013081617463
d1,o_max,m024013_o_max_ord27_rk00014,0.4860191937120958,0.5434060066738533,-0.057386812961757516
d1,o_max,m024014_o_max_ord27_rk00015,0.4881117119171955,0.5434060066738533,-0.055294294756657814
d1,o_max,m024015_o_max_ord27_rk00016,0.5112961853395291,0.5434060066738533,-0.03210982133432416
d1,o_max,m024016_o_max_ord27_rk00017,0.5058034769481273,0.5434060066738533,-0.037602529725725975
d1,o_max,m024017_o_max_ord27_rk00018,0.5182539982438137,0.5434060066738533,-0.02515200843003962
d1,o_max,m024018_o_max_ord27_rk00019,0.492727823448561,0.5434060066738533,-0.05067818322529233
d1,o_max,m024019_o_max_ord27_rk00020,0.5118973708907479,0.5434060066738533,-0.031508635783105365
d1,o_max,m025000_o_max_ord28_rk00001,0.4792461649717916,0.5434060066738533,-0.06415984170206168
d1,o_max,m025001_o_max_ord28_rk00002,0.4904213695886235,0.5434060066738533,-0.052984637085229824
d1,o_max,m025002_o_max_ord28_rk00003,0.4848124104851454,0.5434060066738533,-0.05859359618870791
d1,o_max,m025003_o_max_ord28_rk00004,0.4848932545778145,0.5434060066738533,-0.05851275209603879
d1,o_max,m025004_o_max_ord28_rk00005,0.4831412838910291,0.5434060066738533,-0.06026472278282419
d1,o_max,m025005_o_max_ord28_rk00006,0.485251528682537,0.5434060066738533,-0.05815447799131629
d1,o_max,m025006_o_max_ord28_rk00007,0.5156550125831669,0.5434060066738533,-0.027750994090686376
d1,o_max,m025007_o_max_ord28_rk00008,0.4843822062879788,0.5434060066738533,-0.059023800385874514
d1,o_max,m025008_o_max_ord28_rk00009,0.4678846384115075,0.5434060066738533,-0.07552136826234579
d1,o_max,m025009_o_max_ord28_rk00010,0.5146624871009551,0.5434060066738533,-0.028743519572898224
d1,o_max,m025010_o_max_ord28_rk00011,0.513097540115061,0.5434060066738533,-0.03030846655879227
d1,o_max,m025011_o_max_ord28_rk00012,0.4844474757132031,0.5434060066738533,-0.05895853096065018
d1,o_max,m025012_o_max_ord28_rk00013,0.4843791369143573,0.5434060066738533,-0.059026869759496
d1,o_max,m025013_o_max_ord28_rk00014,0.4862070531360276,0.5434060066738533,-0.057198953537825725
d1,o_max,m025014_o_max_ord28_rk00015,0.4805398057694757,0.5434060066738533,-0.06286620090437761
d1,o_max,m025015_o_max_ord28_rk00016,0.4836909310266942,0.5434060066738533,-0.05971507564715911
d1,o_max,m025016_o_max_ord28_rk00017,0.513125929817448,0.5434060066738533,-0.030280076856405325
d1,o_max,m025017_o_max_ord28_rk00018,0.4743048443690711,0.5434060066738533,-0.0691011623047822
d1,o_max,m025018_o_max_ord28_rk00019,0.4793184201275972,0.5434060066738533,-0.06408758654625613
d1,o_max,m025019_o_max_ord28_rk00020,0.4809599294239415,0.5434060066738533,-0.0624460772499118
d1,o_max,m026000_o_max_ord29_rk00001,0.4839228000529226,0.5434060066738533,-0.059483206620930706
d1,o_max,m026001_o_max_ord29_rk00002,0.4951851159760542,0.5434060066738533,-0.04822089069779911
d1,o_max,m026002_o_max_ord29_rk00003,0.4840890947218033,0.5434060066738533,-0.05931691195205002
d1,o_max,m026003_o_max_ord29_rk00004,0.4827427399653337,0.5434060066738533,-0.060663266708519625
d1,o_max,m026004_o_max_ord29_rk00005,0.4904272751615953,0.5434060066738533,-0.052978731512258015
d1,o_max,m026005_o_max_ord29_rk00006,0.4841596102794646,0.5434060066738533,-0.05924639639438872
d1,o_max,m026006_o_max_ord29_rk00007,0.4750513843624047,0.5434060066738533,-0.06835462231144862
d1,o_max,m026007_o_max_ord29_rk00008,0.4916363930770883,0.5434060066738533,-0.05176961359676502
d1,o_max,m026008_o_max_ord29_rk00009,0.4726352703365372,0.5434060066738533,-0.07077073633731612
d1,o_max,m026009_o_max_ord29_rk00010,0.4805140329580855,0.5434060066738533,-0.06289197371576782
d1,o_max,m026010_o_max_ord29_rk00011,0.5186083492924838,0.5434060066738533,-0.02479765738136952
d1,o_max,m026011_o_max_ord29_rk00012,0.4736726048839241,0.5434060066738533,-0.0697334017899292
d1,o_max,m026012_o_max_ord29_rk00013,0.4879197501334451,0.5434060066738533,-0.05548625654040823
d1,o_max,m026013_o_max_ord29_rk00014,0.4738043116528582,0.5434060066738533,-0.06960169502099511
d1,o_max,m026014_o_max_ord29_rk00015,0.5182069364729904,0.5434060066738533,-0.025199070200862872
d1,o_max,m026015_o_max_ord29_rk00016,0.4826926453924844,0.5434060066738533,-0.060713361281368894
d1,o_max,m026016_o_max_ord29_rk00017,0.5195100510667893,0.5434060066738533,-0.023895955607064034
d1,o_max,m026017_o_max_ord29_rk00018,0.4983216776038575,0.5434060066738533,-0.04508432906999582
d1,o_max,m026018_o_max_ord29_rk00019,0.4975134586291129,0.5434060066738533,-0.04589254804474041
d1,o_max,m026019_o_max_ord29_rk00020,0.4802843909798846,0.5434060066738533,-0.06312161569396868
d1,o_max,m027000_o_max_ord30_rk00001,0.4888510238254751,0.5434060066738533,-0.05455498284837823
d1,o_max,m027001_o_max_ord30_rk00002,0.4808941102090921,0.5434060066738533,-0.06251189646476119
d1,o_max,m027002_o_max_ord30_rk00003,0.46853897481285,0.5434060066738533,-0.0748670318610033
d1,o_max,m027003_o_max_ord30_rk00004,0.486441615111481,0.5434060066738533,-0.05696439156237232
d1,o_max,m027004_o_max_ord30_rk00005,0.4839589437748172,0.5434060066738533,-0.05944706289903612
d1,o_max,m027005_o_max_ord30_rk00006,0.4614954290081613,0.5434060066738533,-0.08191057766569199
d1,o_max,m027006_o_max_ord30_rk00007,0.4704097829629047,0.5434060066738533,-0.0729962237109486
d1,o_max,m027007_o_max_ord30_rk00008,0.474072642511484,0.5434060066738533,-0.0693333641623693
d1,o_max,m027008_o_max_ord30_rk00009,0.472153469239867,0.5434060066738533,-0.0712525374339863
d1,o_max,m027009_o_max_ord30_rk00010,0.475732148500753,0.5434060066738533,-0.06767385817310029
d1,o_max,m027010_o_max_ord30_rk00011,0.4812555934513739,0.5434060066738533,-0.062150413222479384
d1,o_max,m027011_o_max_ord30_rk00012,0.4635790055371512,0.5434060066738533,-0.0798270011367021
d1,o_max,m027012_o_max_ord30_rk00013,0.4900893923179308,0.5434060066738533,-0.0533166143559225
d1,o_max,m027013_o_max_ord30_rk00014,0.4592870355559822,0.5434060066738533,-0.08411897111787109
d1,o_max,m027014_o_max_ord30_rk00015,0.4851820931303235,0.5434060066738533,-0.05822391354352979
d1,o_max,m027015_o_max_ord30_rk00016,0.4769939891890652,0.5434060066738533,-0.06641201748478809
d1,o_max,m027016_o_max_ord30_rk00017,0.4613358776630422,0.5434060066738533,-0.08207012901081112
d1,o_max,m027017_o_max_ord30_rk00018,0.5199426560760034,0.5434060066738533,-0.023463350597849875
d1,o_max,m027018_o_max_ord30_rk00019,0.4548756290065684,0.5434060066738533,-0.08853037766728489
d1,o_max,m027019_o_max_ord30_rk00020,0.4785412093711844,0.5434060066738533,-0.06486479730266892
d2,o_max,m000000_o_max_ord3_rk00001,0.5957555067210332,0.6111818788975107,-0.015426372176477576
d2,o_max,m000001_o_max_ord3_rk00002,0.5471607013624611,0.6111818788975107,-0.06402117753504966
d2,o_max,m000002_o_max_ord3_rk00003,0.5942552801826126,0.6111818788975107,-0.0169265987148981
d2,o_max,m000003_o_max_ord3_rk00004,0.6167629841888815,0.6111818788975107,0.0055811052913707915
d2,o_max,m000004_o_max_ord3_rk00005,0.6082046295328732,0.6111818788975107,-0.002977249364637502
d2,o_max,m000005_o_max_ord3_rk00006,0.5793899986282531,0.6111818788975107,-0.03179188026925761
d2,o_max,m000006_o_max_ord3_rk00007,0.5997450649973453,0.6111818788975107,-0.011436813900165488
d2,o_max,m000007_o_max_ord3_rk00008,0.6036556506865352,0.6111818788975107,-0.007526228210975594
d2,o_max,m000008_o_max_ord3_rk00009,0.6049697657158789,0.6111818788975107,-0.00621211318163184
d2,o_max,m000009_o_max_ord3_rk00010,0.6058316642099504,0.6111818788975107,-0.005350214687560362
d2,o_max,m000010_o_max_ord3_rk00011,0.6009100243725343,0.6111818788975107,-0.010271854524976476
d2,o_max,m000011_o_max_ord3_rk00012,0.5985739576156932,0.6111818788975107,-0.012607921281817536
d2,o_max,m000012_o_max_ord3_rk00013,0.6045204549459506,0.6111818788975107,-0.006661423951560108
d2,o_max,m000013_o_max_ord3_rk00014,0.604626268061262,0.6111818788975107,-0.006555610836248782
d2,o_max,m000014_o_max_ord3_rk00015,0.608175183925984,0.6111818788975107,-0.0030066949715267244
d2,o_max,m000015_o_max_ord3_rk00016,0.6146818889098887,0.6111818788975107,0.0035000100123779854
d2,o_max,m000016_o_max_ord3_rk00017,0.5884494233550666,0.6111818788975107,-0.022732455542444185
d2,o_max,m000017_o_max_ord3_rk00018,0.5998094352957404,0.6111818788975107,-0.011372443601770366
d2,o_max,m000018_o_max_ord3_rk00019,0.6060856159354302,0.6111818788975107,-0.005096262962080544
d2,o_max,m000019_o_max_ord3_rk00020,0.6012311728053334,0.6111818788975107,-0.009950706092177297
d2,o_max,m001000_o_max_ord4_rk00001,0.5997995694955935,0.6111818788975107,-0.011382309401917201
d2,o_max,m001001_o_max_ord4_rk00002,0.5989841686806247,0.6111818788975107,-0.012197710216886093
d2,o_max,m001002_o_max_ord4_rk00003,0.596315316790396,0.6111818788975107,-0.014866562107114789
d2,o_max,m001003_o_max_ord4_rk00004,0.5984499135760499,0.6111818788975107,-0.012731965321460814
d2,o_max,m001004_o_max_ord4_rk00005,0.5958281418057125,0.6111818788975107,-0.015353737091798214
d2,o_max,m001005_o_max_ord4_rk00006,0.5929462443205586,0.6111818788975107,-0.018235634576952098
d2,o_max,m001006_o_max_ord4_rk00007,0.5953236400533863,0.6111818788975107,-0.015858238844124406
d2,o_max,m001007_o_max_ord4_rk00008,0.5671067297665118,0.6111818788975107,-0.04407514913099897
d2,o_max,m001008_o_max_ord4_rk00009,0.6039180084916123,0.6111818788975107,-0.007263870405898487
d2,o_max,m001009_o_max_ord4_rk00010,0.5883177321576418,0.6111818788975107,-0.022864146739868918
d2,o_max,m001010_o_max_ord4_rk00011,0.6004404071815487,0.6111818788975107,-0.01074147171596207
d2,o_max,m001011_o_max_ord4_rk00012,0.5987843152551522,0.6111818788975107,-0.012397563642358556
d2,o_max,m001012_o_max_ord4_rk00013,0.5837129727388586,0.6111818788975107,-0.027468906158652162
d2,o_max,m001013_o_max_ord4_rk00014,0.5941138847495083,0.6111818788975107,-0.01706799414800242
d2,o_max,m001014_o_max_ord4_rk00015,0.598980208338683,0.6111818788975107,-0.012201670558827704
d2,o_max,m001015_o_max_ord4_rk00016,0.5890706807273998,0.6111818788975107,-0.02211119817011098
d2,o_max,m001016_o_max_ord4_rk00017,0.6104249753425204,0.6111818788975107,-0.0007569035549903624
d2,o_max,m001017_o_max_ord4_rk00018,0.5932837125335247,0.6111818788975107,-0.017898166363986
d2,o_max,m001018_o_max_ord4_rk00019,0.612766586435212,0.6111818788975107,0.0015847075377012354
d2,o_max,m001019_o_max_ord4_rk00020,0.5654136200199205,0.6111818788975107,-0.045768258877590284
d2,o_max,m002000_o_max_ord5_rk00001,0.6024182164276546,0.6111818788975107,-0.00876366246985616
d2,o_max,m002001_o_max_ord5_rk00002,0.5983316049802005,0.6111818788975107,-0.012850273917310195
d2,o_max,m002002_o_max_ord5_rk00003,0.5968942334699021,0.6111818788975107,-0.01428764542760863
d2,o_max,m002003_o_max_ord5_rk00004,0.5969256505759435,0.6111818788975107,-0.014256228321567255
d2,o_max,m002004_o_max_ord5_rk00005,0.6055247029196456,0.6111818788975107,-0.005657175977865192
d2,o_max,m002005_o_max_ord5_rk00006,0.5997336692661133,0.6111818788975107,-0.011448209631397477
d2,o_max,m002006_o_max_ord5_rk00007,0.5959642166551709,0.6111818788975107,-0.015217662242339891
d2,o_max,m002007_o_max_ord5_rk00008,0.5919303327872016,0.6111818788975107,-0.019251546110309103
d2,o_max,m002008_o_max_ord5_rk00009,0.5960615935452783,0.6111818788975107,-0.015120285352232421
d2,o_max,m002009_o_max_ord5_rk00010,0.5895203776193858,0.6111818788975107,-0.02166150127812494
d2,o_max,m002010_o_max_ord5_rk00011,0.5951878010292913,0.6111818788975107,-0.01599407786821949
d2,o_max,m002011_o_max_ord5_rk00012,0.5949447825185603,0.6111818788975107,-0.016237096378950433
d2,o_max,m002012_o_max_ord5_rk00013,0.5824975952269951,0.6111818788975107,-0.028684283670515676
d2,o_max,m002013_o_max_ord5_rk00014,0.5925117875624062,0.6111818788975107,-0.018670091335104555
d2,o_max,m002014_o_max_ord5_rk00015,0.5958675153444843,0.6111818788975107,-0.0153143635530264
d2,o_max,m002015_o_max_ord5_rk00016,0.6090289051857056,0.6111818788975107,-0.0021529737118051173
d2,o_max,m002016_o_max_ord5_rk00017,0.5993072613909569,0.6111818788975107,-0.01187461750655383
d2,o_max,m002017_o_max_ord5_rk00018,0.5925253791673986,0.6111818788975107,-0.018656499730112186
d2,o_max,m002018_o_max_ord5_rk00019,0.5910141207633434,0.6111818788975107,-0.02016775813416738
d2,o_max,m002019_o_max_ord5_rk00020,0.5895956022375243,0.6111818788975107,-0.02158627665998647
d2,o_max,m003000_o_max_ord6_rk00001,0.5957292323200243,0.6111818788975107,-0.015452646577486462
d2,o_max,m003001_o_max_ord6_rk00002,0.6044570938374196,0.6111818788975107,-0.00672478506009111
d2,o_max,m003002_o_max_ord6_rk00003,0.6051893458896522,0.6111818788975107,-0.005992533007858514
d2,o_max,m003003_o_max_ord6_rk00004,0.5963654610754732,0.6111818788975107,-0.014816417822037575
d2,o_max,m003004_o_max_ord6_rk00005,0.6014911340071092,0.6111818788975107,-0.00969074489040156
d2,o_max,m003005_o_max_ord6_rk00006,0.5955921636152126,0.6111818788975107,-0.015589715282298133
d2,o_max,m003006_o_max_ord6_rk00007,0.6001541440948266,0.6111818788975107,-0.011027734802684153
d2,o_max,m003007_o_max_ord6_rk00008,0.6010724465676811,0.6111818788975107,-0.010109432329829637
d2,o_max,m003008_o_max_ord6_rk00009,0.600117484657988,0.6111818788975107,-0.011064394239522768
d2,o_max,m003009_o_max_ord6_rk00010,0.5999048599328338,0.6111818788975107,-0.011277018964676921
d2,o_max,m003010_o_max_ord6_rk00011,0.5904991063094251,0.6111818788975107,-0.020682772588085596
d2,o_max,m003011_o_max_ord6_rk00012,0.6060014546843824,0.6111818788975107,-0.005180424213128365
d2,o_max,m003012_o_max_ord6_rk00013,0.5905272640250132,0.6111818788975107,-0.020654614872497534
d2,o_max,m003013_o_max_ord6_rk00014,0.6055402031472782,0.6111818788975107,-0.005641675750232555
d2,o_max,m003014_o_max_ord6_rk00015,0.5987010925056926,0.6111818788975107,-0.012480786391818155
d2,o_max,m003015_o_max_ord6_rk00016,0.6032157247761945,0.6111818788975107,-0.007966154121316293
d2,o_max,m003016_o_max_ord6_rk00017,0.5952955692007257,0.6111818788975107,-0.01588630969678506
d2,o_max,m003017_o_max_ord6_rk00018,0.5963392940995912,0.6111818788975107,-0.014842584797919556
d2,o_max,m003018_o_max_ord6_rk00019,0.5939384426213261,0.6111818788975107,-0.01724343627618463
d2,o_max,m003019_o_max_ord6_rk00020,0.5831755237319748,0.6111818788975107,-0.028006355165535957
d2,o_max,m004000_o_max_ord7_rk00001,0.5980622911487942,0.6111818788975107,-0.013119587748716577
d2,o_max,m004001_o_max_ord7_rk00002,0.5945091875727153,0.6111818788975107,-0.01667269132479543
d2,o_max,m004002_o_max_ord7_rk00003,0.5951658398218105,0.6111818788975107,-0.01601603907570026
d2,o_max,m004003_o_max_ord7_rk00004,0.5920538453383821,0.6111818788975107,-0.01912803355912862
d2,o_max,m004004_o_max_ord7_rk00005,0.5969571880157244,0.6111818788975107,-0.01422469088178635
d2,o_max,m004005_o_max_ord7_rk00006,0.5932665928528884,0.6111818788975107,-0.017915286044622336
d2,o_max,m004006_o_max_ord7_rk00007,0.6025805911296405,0.6111818788975107,-0.00860128776787028
d2,o_max,m004007_o_max_ord7_rk00008,0.5988787950351652,0.6111818788975107,-0.012303083862345576
d2,o_max,m004008_o_max_ord7_rk00009,0.5982756227992783,0.6111818788975107,-0.012906256098232483
d2,o_max,m004009_o_max_ord7_rk00010,0.594378182334949,0.6111818788975107,-0.016803696562561754
d2,o_max,m004010_o_max_ord7_rk00011,0.5914698117244404,0.6111818788975107,-0.01971206717307039
d2,o_max,m004011_o_max_ord7_rk00012,0.5897657080167891,0.6111818788975107,-0.021416170880721674
d2,o_max,m004012_o_max_ord7_rk00013,0.6028710305203915,0.6111818788975107,-0.008310848377119262
d2,o_max,m004013_o_max_ord7_rk00014,0.5947332866115294,0.6111818788975107,-0.01644859228598139
d2,o_max,m004014_o_max_ord7_rk00015,0.6002843040286205,0.6111818788975107,-0.010897574868890203
d2,o_max,m004015_o_max_ord7_rk00016,0.5981377816456397,0.6111818788975107,-0.013044097251871056
d2,o_max,m004016_o_max_ord7_rk00017,0.5938095161789263,0.6111818788975107,-0.017372362718584444
d2,o_max,m004017_o_max_ord7_rk00018,0.5966930292229833,0.6111818788975107,-0.01448884967452746
d2,o_max,m004018_o_max_ord7_rk00019,0.6018665871344314,0.6111818788975107,-0.009315291763079325
d2,o_max,m004019_o_max_ord7_rk00020,0.5911740389700193,0.6111818788975107,-0.020007839927491444
d2,o_max,m005000_o_max_ord8_rk00001,0.5994459588316927,0.6111818788975107,-0.011735920065818028
d2,o_max,m005001_o_max_ord8_rk00002,0.602649970582354,0.6111818788975107,-0.008531908315156711
d2,o_max,m005002_o_max_ord8_rk00003,0.5959252210902506,0.6111818788975107,-0.015256657807260154
d2,o_max,m005003_o_max_ord8_rk00004,0.5963831532071548,0.6111818788975107,-0.014798725690355896
d2,o_max,m005004_o_max_ord8_rk00005,0.6005329997834954,0.6111818788975107,-0.010648879114015353
d2,o_max,m005005_o_max_ord8_rk00006,0.60390255792443,0.6111818788975107,-0.007279320973080705
d2,o_max,m005006_o_max_ord8_rk00007,0.5971949647109389,0.6111818788975107,-0.01398691418657183
d2,o_max,m005007_o_max_ord8_rk00008,0.5923236058467916,0.6111818788975107,-0.018858273050719188
d2,o_max,m005008_o_max_ord8_rk00009,0.5987779689701662,0.6111818788975107,-0.012403909927344525
d2,o_max,m005009_o_max_ord8_rk00010,0.605512198512024,0.6111818788975107,-0.005669680385486764
d2,o_max,m005010_o_max_ord8_rk00011,0.6059947124218807,0.6111818788975107,-0.005187166475630001
d2,o_max,m005011_o_max_ord8_rk00012,0.5983761318307781,0.6111818788975107,-0.012805747066732653
d2,o_max,m005012_o_max_ord8_rk00013,0.5925964296562776,0.6111818788975107,-0.018585449241233176
d2,o_max,m005013_o_max_ord8_rk00014,0.5989402821464805,0.6111818788975107,-0.012241596751030204
d2,o_max,m005014_o_max_ord8_rk00015,0.6031581007239282,0.6111818788975107,-0.008023778173582574
d2,o_max,m005015_o_max_ord8_rk00016,0.6000742144893119,0.6111818788975107,-0.01110766440819888
d2,o_max,m005016_o_max_ord8_rk00017,0.6091116588825833,0.6111818788975107,-0.002070220014927404
d2,o_max,m005017_o_max_ord8_rk00018,0.5986633020015919,0.6111818788975107,-0.012518576895918843
d2,o_max,m005018_o_max_ord8_rk00019,0.6022650484447594,0.6111818788975107,-0.008916830452751379
d2,o_max,m005019_o_max_ord8_rk00020,0.5979572617772082,0.6111818788975107,-0.01322461712030254
d2,o_max,m006000_o_max_ord9_rk00001,0.5899871563341259,0.6111818788975107,-0.021194722563384838
d2,o_max,m006001_o_max_ord9_rk00002,0.5796657221171042,0.6111818788975107,-0.031516156780406535
d2,o_max,m006002_o_max_ord9_rk00003,0.5909813820257195,0.6111818788975107,-0.020200496871791263
d2,o_max,m006003_o_max_ord9_rk00004,0.5964672340604148,0.6111818788975107,-0.014714644837095947
d2,o_max,m006004_o_max_ord9_rk00005,0.5931760303852013,0.6111818788975107,-0.018005848512309464
d2,o_max,m006005_o_max_ord9_rk00006,0.5995198461196626,0.6111818788975107,-0.011662032777848164
d2,o_max,m006006_o_max_ord9_rk00007,0.600079209562367,0.6111818788975107,-0.0111026693351437
d2,o_max,m006007_o_max_ord9_rk00008,0.5908609916577179,0.6111818788975107,-0.020320887239792862
d2,o_max,m006008_o_max_ord9_rk00009,0.5892659253572197,0.6111818788975107,-0.021915953540291078
d2,o_max,m006009_o_max_ord9_rk00010,0.6014403147297431,0.6111818788975107,-0.009741564167767613
d2,o_max,m006010_o_max_ord9_rk00011,0.5983762609926165,0.6111818788975107,-0.012805617904894206
d2,o_max,m006011_o_max_ord9_rk00012,0.5972334355905131,0.6111818788975107,-0.013948443306997627
d2,o_max,m006012_o_max_ord9_rk00013,0.6044202714681677,0.6111818788975107,-0.006761607429343064
d2,o_max,m006013_o_max_ord9_rk00014,0.58087875553564,0.6111818788975107,-0.0303031233618708
d2,o_max,m006014_o_max_ord9_rk00015,0.5939273654987891,0.6111818788975107,-0.017254513398721638
d2,o_max,m006015_o_max_ord9_rk00016,0.5833856068311336,0.6111818788975107,-0.027796272066377137
d2,o_max,m006016_o_max_ord9_rk00017,0.5962902342907461,0.6111818788975107,-0.01489164460676462
d2,o_max,m006017_o_max_ord9_rk00018,0.5907796685095601,0.6111818788975107,-0.020402210387950648
d2,o_max,m006018_o_max_ord9_rk00019,0.5940473938480706,0.6111818788975107,-0.01713448504944015
d2,o_max,m006019_o_max_ord9_rk00020,0.5857123882905764,0.6111818788975107,-0.025469490606934375
d2,o_max,m007000_o_max_ord10_rk00001,0.5893492610599862,0.6111818788975107,-0.02183261783752455
d2,o_max,m007001_o_max_ord10_rk00002,0.5899010401745647,0.6111818788975107,-0.02128083872294606
d2,o_max,m007002_o_max_ord10_rk00003,0.5919633547373242,0.6111818788975107,-0.019218524160186545
d2,o_max,m007003_o_max_ord10_rk00004,0.5883189997389089,0.6111818788975107,-0.022862879158601856
d2,o_max,m007004_o_max_ord10_rk00005,0.599685859630383,0.6111818788975107,-0.011496019267127733
d2,o_max,m007005_o_max_ord10_rk00006,0.5817713409108058,0.6111818788975107,-0.0294105379867049
d2,o_max,m007006_o_max_ord10_rk00007,0.590089267712803,0.6111818788975107,-0.021092611184707732
d2,o_max,m007007_o_max_ord10_rk00008,0.5894062655900951,0.6111818788975107,-0.02177561330741562
d2,o_max,m007008_o_max_ord10_rk00009,0.5948376467787218,0.6111818788975107,-0.016344232118788993
d2,o_max,m007009_o_max_ord10_rk00010,0.5847989298573083,0.6111818788975107,-0.02638294904020244
d2,o_max,m007010_o_max_ord10_rk00011,0.5874128023575764,0.6111818788975107,-0.02376907653993432
d2,o_max,m007011_o_max_ord10_rk00012,0.5939772058830233,0.6111818788975107,-0.01720467301448747
d2,o_max,m007012_o_max_ord10_rk00013,0.5925519958580874,0.6111818788975107,-0.018629883039423367
d2,o_max,m007013_o_max_ord10_rk00014,0.5883935433371752,0.6111818788975107,-0.02278833556033555
d2,o_max,m007014_o_max_ord10_rk00015,0.5996843199414291,0.6111818788975107,-0.011497558956081622
d2,o_max,m007015_o_max_ord10_rk00016,0.5898913958391871,0.6111818788975107,-0.021290483058323595
d2,o_max,m007016_o_max_ord10_rk00017,0.578653027502922,0.6111818788975107,-0.03252885139458872
d2,o_max,m007017_o_max_ord10_rk00018,0.594260602598716,0.6111818788975107,-0.016921276298794696
d2,o_max,m007018_o_max_ord10_rk00019,0.5820973421037745,0.6111818788975107,-0.029084536793736238
d2,o_max,m007019_o_max_ord10_rk00020,0.5959193292197007,0.6111818788975107,-0.015262549677810044
d2,o_max,m008000_o_max_ord11_rk00001,0.5904290077906393,0.6111818788975107,-0.020752871106871407
d2,o_max,m008001_o_max_ord11_rk00002,0.5877671810624701,0.6111818788975107,-0.023414697835040688
d2,o_max,m008002_o_max_ord11_rk00003,0.5810109530390017,0.6111818788975107,-0.030170925858509
d2,o_max,m008003_o_max_ord11_rk00004,0.587774145694798,0.6111818788975107,-0.02340773320271272
d2,o_max,m008004_o_max_ord11_rk00005,0.579068129129388,0.6111818788975107,-0.03211374976812276
d2,o_max,m008005_o_max_ord11_rk00006,0.5998673395354803,0.6111818788975107,-0.011314539362030418
d2,o_max,m008006_o_max_ord11_rk00007,0.6003254357213801,0.6111818788975107,-0.010856443176130659
d2,o_max,m008007_o_max_ord11_rk00008,0.5991056753977277,0.6111818788975107,-0.012076203499783
d2,o_max,m008008_o_max_ord11_rk00009,0.5982442724117705,0.6111818788975107,-0.012937606485740272
d2,o_max,m008009_o_max_ord11_rk00010,0.5921927428242615,0.6111818788975107,-0.018989136073249258
d2,o_max,m008010_o_max_ord11_rk00011,0.6024702478168604,0.6111818788975107,-0.008711631080650317
d2,o_max,m008011_o_max_ord11_rk00012,0.5936838230214232,0.6111818788975107,-0.017498055876087548
d2,o_max,m008012_o_max_ord11_rk00013,0.5952251115608151,0.6111818788975107,-0.0159567673366956
d2,o_max,m008013_o_max_ord11_rk00014,0.5928964125137872,0.6111818788975107,-0.018285466383723525
d2,o_max,m008014_o_max_ord11_rk00015,0.6058661209822966,0.6111818788975107,-0.005315757915214103
d2,o_max,m008015_o_max_ord11_rk00016,0.5932923478422966,0.6111818788975107,-0.01788953105521418
d2,o_max,m008016_o_max_ord11_rk00017,0.5912326691612975,0.6111818788975107,-0.01994920973621328
d2,o_max,m008017_o_max_ord11_rk00018,0.5899246608545263,0.6111818788975107,-0.021257218042984416
d2,o_max,m008018_o_max_ord11_rk00019,0.5873075701692398,0.6111818788975107,-0.0238743087282709
d2,o_max,m008019_o_max_ord11_rk00020,0.5875683360473627,0.6111818788975107,-0.02361354285014805
d2,o_max,m009000_o_max_ord12_rk00001,0.589892981098737,0.6111818788975107,-0.021288897798773743
d2,o_max,m009001_o_max_ord12_rk00002,0.5853121867848072,0.6111818788975107,-0.025869692112703513
d2,o_max,m009002_o_max_ord12_rk00003,0.5872191219776824,0.6111818788975107,-0.0239627569198283
d2,o_max,m009003_o_max_ord12_rk00004,0.5880017270078759,0.6111818788975107,-0.023180151889634848
d2,o_max,m009004_o_max_ord12_rk00005,0.5983121952886217,0.6111818788975107,-0.012869683608889071
d2,o_max,m009005_o_max_ord12_rk00006,0.5870704993734313,0.6111818788975107,-0.02411137952407949
d2,o_max,m009006_o_max_ord12_rk00007,0.5854447092417872,0.6111818788975107,-0.02573716965572359
d2,o_max,m009007_o_max_ord12_rk00008,0.5946043831695593,0.6111818788975107,-0.01657749572795142
d2,o_max,m009008_o_max_ord12_rk00009,0.5877260058901523,0.6111818788975107,-0.023455873007358408
d2,o_max,m009009_o_max_ord12_rk00010,0.5797601387068105,0.6111818788975107,-0.03142174019070021
d2,o_max,m009010_o_max_ord12_rk00011,0.5810299253787774,0.6111818788975107,-0.030151953518733343
d2,o_max,m009011_o_max_ord12_rk00012,0.5790669825059287,0.6111818788975107,-0.03211489639158205
d2,o_max,m009012_o_max_ord12_rk00013,0.5911374757530159,0.6111818788975107,-0.02004440314449485
d2,o_max,m009013_o_max_ord12_rk00014,0.5960724737204535,0.6111818788975107,-0.015109405177057278
d2,o_max,m009014_o_max_ord12_rk00015,0.5879130353604174,0.6111818788975107,-0.023268843537093353
d2,o_max,m009015_o_max_ord12_rk00016,0.5900846679860167,0.6111818788975107,-0.02109721091149408
d2,o_max,m009016_o_max_ord12_rk00017,0.604475753660746,0.6111818788975107,-0.006706125236764726
d2,o_max,m009017_o_max_ord12_rk00018,0.5968539190468334,0.6111818788975107,-0.014327959850677363
d2,o_max,m009018_o_max_ord12_rk00019,0.5963942296536502,0.6111818788975107,-0.014787649243860557
d2,o_max,m009019_o_max_ord12_rk00020,0.5867482943881026,0.6111818788975107,-0.024433584509408135
d2,o_max,m010000_o_max_ord13_rk00001,0.5905672424296633,0.6111818788975107,-0.020614636467847447
d2,o_max,m010001_o_max_ord13_rk00002,0.5909640869435413,0.6111818788975107,-0.020217791953969444
d2,o_max,m010002_o_max_ord13_rk00003,0.5855535038086189,0.6111818788975107,-0.02562837508889182
d2,o_max,m010003_o_max_ord13_rk00004,0.5980857580068719,0.6111818788975107,-0.01309612089063883
d2,o_max,m010004_o_max_ord13_rk00005,0.5800927008768831,0.6111818788975107,-0.031089178020627606
d2,o_max,m010005_o_max_ord13_rk00006,0.5828691992463393,0.6111818788975107,-0.028312679651171457
d2,o_max,m010006_o_max_ord13_rk00007,0.5929844283794979,0.6111818788975107,-0.018197450518012803
d2,o_max,m010007_o_max_ord13_rk00008,0.582537134259127,0.6111818788975107,-0.028644744638383735
d2,o_max,m010008_o_max_ord13_rk00009,0.5919233092401057,0.6111818788975107,-0.019258569657405022
d2,o_max,m010009_o_max_ord13_rk00010,0.5853991072652653,0.6111818788975107,-0.025782771632245405
d2,o_max,m010010_o_max_ord13_rk00011,0.5957222284841173,0.6111818788975107,-0.015459650413393478
d2,o_max,m010011_o_max_ord13_rk00012,0.5956554448457219,0.6111818788975107,-0.015526434051788884
d2,o_max,m010012_o_max_ord13_rk00013,0.5965476615941024,0.6111818788975107,-0.014634217303408303
d2,o_max,m010013_o_max_ord13_rk00014,0.5817442148366464,0.6111818788975107,-0.029437664060864344
d2,o_max,m010014_o_max_ord13_rk00015,0.580800434257533,0.6111818788975107,-0.030381444639977717
d2,o_max,m010015_o_max_ord13_rk00016,0.5823320640861329,0.6111818788975107,-0.028849814811377827
d2,o_max,m010016_o_max_ord13_rk00017,0.5901975953665075,0.6111818788975107,-0.020984283531003234
d2,o_max,m010017_o_max_ord13_rk00018,0.5952364547352209,0.6111818788975107,-0.015945424162289834
d2,o_max,m010018_o_max_ord13_rk00019,0.595273425638159,0.6111818788975107,-0.01590845325935175
d2,o_max,m010019_o_max_ord13_rk00020,0.5951278961004062,0.6111818788975107,-0.01605398279710457
d2,o_max,m011000_o_max_ord14_rk00001,0.5894065780938749,0.6111818788975107,-0.021775300803635878
d2,o_max,m011001_o_max_ord14_rk00002,0.5974162929446962,0.6111818788975107,-0.013765585952814519
d2,o_max,m011002_o_max_ord14_rk00003,0.5870561404333888,0.6111818788975107,-0.024125738464121915
d2,o_max,m011003_o_max_ord14_rk00004,0.5994249298684726,0.6111818788975107,-0.011756949029038122
d2,o_max,m011004_o_max_ord14_rk00005,0.5839080567556342,0.6111818788975107,-0.02727382214187657
d2,o_max,m011005_o_max_ord14_rk00006,0.5960629825968352,0.6111818788975107,-0.015118896300675533
d2,o_max,m011006_o_max_ord14_rk00007,0.5972052252611053,0.6111818788975107,-0.013976653636405434
d2,o_max,m011007_o_max_ord14_rk00008,0.5985585373228728,0.6111818788975107,-0.012623341574637958
d2,o_max,m011008_o_max_ord14_rk00009,0.5867878760102059,0.6111818788975107,-0.024394002887304866
d2,o_max,m011009_o_max_ord14_rk00010,0.5930000396074222,0.6111818788975107,-0.01818183929008854
d2,o_max,m011010_o_max_ord14_rk00011,0.5887263947863857,0.6111818788975107,-0.02245548411112508
d2,o_max,m011011_o_max_ord14_rk00012,0.5895393545594403,0.6111818788975107,-0.021642524338070457
d2,o_max,m011012_o_max_ord14_rk00013,0.5836888241903202,0.6111818788975107,-0.027493054707190545
d2,o_max,m011013_o_max_ord14_rk00014,0.5846365862143199,0.6111818788975107,-0.026545292683190835
d2,o_max,m011014_o_max_ord14_rk00015,0.590233937572193,0.6111818788975107,-0.020947941325317743
d2,o_max,m011015_o_max_ord14_rk00016,0.5926515773040053,0.6111818788975107,-0.018530301593505438
d2,o_max,m011016_o_max_ord14_rk00017,0.5937356143945824,0.6111818788975107,-0.0174462645029283
d2,o_max,m011017_o_max_ord14_rk00018,0.5888621757017976,0.6111818788975107,-0.022319703195713192
d2,o_max,m011018_o_max_ord14_rk00019,0.5870665376337989,0.6111818788975107,-0.024115341263711843
d2,o_max,m011019_o_max_ord14_rk00020,0.5840577834531118,0.6111818788975107,-0.027124095444398977
d2,o_max,m012000_o_max_ord15_rk00001,0.5977561098316633,0.6111818788975107,-0.01342576906584747
d2,o_max,m012001_o_max_ord15_rk00002,0.5830246097229409,0.6111818788975107,-0.028157269174569843
d2,o_max,m012002_o_max_ord15_rk00003,0.5947356833609838,0.6111818788975107,-0.01644619553652693
d2,o_max,m012003_o_max_ord15_rk00004,0.5885778619272748,0.6111818788975107,-0.02260401697023595
d2,o_max,m012004_o_max_ord15_rk00005,0.5942581101663785,0.6111818788975107,-0.016923768731132216
d2,o_max,m012005_o_max_ord15_rk00006,0.5875170432312026,0.6111818788975107,-0.02366483566630817
d2,o_max,m012006_o_max_ord15_rk00007,0.5888313748117584,0.6111818788975107,-0.022350504085752343
d2,o_max,m012007_o_max_ord15_rk00008,0.5845422302158643,0.6111818788975107,-0.026639648681646477
d2,o_max,m012008_o_max_ord15_rk00009,0.5924658021540494,0.6111818788975107,-0.01871607674346132
d2,o_max,m012009_o_max_ord15_rk00010,0.5934260069426949,0.6111818788975107,-0.01775587195481587
d2,o_max,m012010_o_max_ord15_rk00011,0.5886026271462086,0.6111818788975107,-0.022579251751302154
d2,o_max,m012011_o_max_ord15_rk00012,0.5906654433506499,0.6111818788975107,-0.02051643554686089
d2,o_max,m012012_o_max_ord15_rk00013,0.5924461734620434,0.6111818788975107,-0.01873570543546732
d2,o_max,m012013_o_max_ord15_rk00014,0.5877942663671248,0.6111818788975107,-0.023387612530385904
d2,o_max,m012014_o_max_ord15_rk00015,0.5906196077185832,0.6111818788975107,-0.020562271178927505
d2,o_max,m012015_o_max_ord15_rk00016,0.5919182532190266,0.6111818788975107,-0.019263625678484164
d2,o_max,m012016_o_max_ord15_rk00017,0.5887039183204167,0.6111818788975107,-0.022477960577094058
d2,o_max,m012017_o_max_ord15_rk00018,0.5929698119378508,0.6111818788975107,-0.018212066959659934
d2,o_max,m012018_o_max_ord15_rk00019,0.5904524364672674,0.6111818788975107,-0.020729442430243328
d2,o_max,m012019_o_max_ord15_rk00020,0.5860159737117396,0.6111818788975107,-0.02516590518577111
d2,o_max,m013000_o_max_ord16_rk00001,0.5930060599418128,0.6111818788975107,-0.018175818955697975
d2,o_max,m013001_o_max_ord16_rk00002,0.5890060622161398,0.6111818788975107,-0.02217581668137092
d2,o_max,m013002_o_max_ord16_rk00003,0.5887777586528398,0.6111818788975107,-0.022404120244670978
d2,o_max,m013003_o_max_ord16_rk00004,0.5612207258833604,0.6111818788975107,-0.04996115301415038
d2,o_max,m013004_o_max_ord16_rk00005,0.5937928273609696,0.6111818788975107,-0.017389051536541134
d2,o_max,m013005_o_max_ord16_rk00006,0.58734876892146,0.6111818788975107,-0.023833109976050704
d2,o_max,m013006_o_max_ord16_rk00007,0.5902360079509266,0.6111818788975107,-0.020945870946584177
d2,o_max,m013007_o_max_ord16_rk00008,0.5821578391164806,0.6111818788975107,-0.029024039781030186
d2,o_max,m013008_o_max_ord16_rk00009,0.5848879094374246,0.6111818788975107,-0.02629396946008611
d2,o_max,m013009_o_max_ord16_rk00010,0.5941552535575848,0.6111818788975107,-0.017026625339925938
d2,o_max,m013010_o_max_ord16_rk00011,0.5886120940015351,0.6111818788975107,-0.02256978489597561
d2,o_max,m013011_o_max_ord16_rk00012,0.5874481808073535,0.6111818788975107,-0.02373369809015724
d2,o_max,m013012_o_max_ord16_rk00013,0.5901730481883155,0.6111818788975107,-0.021008830709195236
d2,o_max,m013013_o_max_ord16_rk00014,0.5841530460700474,0.6111818788975107,-0.027028832827463378
d2,o_max,m013014_o_max_ord16_rk00015,0.5862978312760541,0.6111818788975107,-0.024884047621456684
d2,o_max,m013015_o_max_ord16_rk00016,0.5926227908859911,0.6111818788975107,-0.01855908801151962
d2,o_max,m013016_o_max_ord16_rk00017,0.581884992280785,0.6111818788975107,-0.029296886616725692
d2,o_max,m013017_o_max_ord16_rk00018,0.5855739908258621,0.6111818788975107,-0.0256078880716486
d2,o_max,m013018_o_max_ord16_rk00019,0.5891768069261971,0.6111818788975107,-0.022005071971313628
d2,o_max,m013019_o_max_ord16_rk00020,0.593697686803383,0.6111818788975107,-0.01748419209412777
d2,o_max,m014000_o_max_ord17_rk00001,0.555752988574673,0.6111818788975107,-0.05542889032283771
d2,o_max,m014001_o_max_ord17_rk00002,0.5834316648580926,0.6111818788975107,-0.02775021403941813
d2,o_max,m014002_o_max_ord17_rk00003,0.581212543091923,0.6111818788975107,-0.029969335805587693
d2,o_max,m014003_o_max_ord17_rk00004,0.5796456274551152,0.6111818788975107,-0.03153625144239558
d2,o_max,m014004_o_max_ord17_rk00005,0.5790385824802354,0.6111818788975107,-0.03214329641727531
d2,o_max,m014005_o_max_ord17_rk00006,0.5856502552124143,0.6111818788975107,-0.025531623685096427
d2,o_max,m014006_o_max_ord17_rk00007,0.5834544731745421,0.6111818788975107,-0.027727405722968612
d2,o_max,m014007_o_max_ord17_rk00008,0.5779002745949364,0.6111818788975107,-0.03328160430257432
d2,o_max,m014008_o_max_ord17_rk00009,0.5857973044281322,0.6111818788975107,-0.025384574469378585
d2,o_max,m014009_o_max_ord17_rk00010,0.5783600610417348,0.6111818788975107,-0.03282181785577598
d2,o_max,m014010_o_max_ord17_rk00011,0.5818727948464769,0.6111818788975107,-0.02930908405103383
d2,o_max,m014011_o_max_ord17_rk00012,0.5870532746296554,0.6111818788975107,-0.024128604267855347
d2,o_max,m014012_o_max_ord17_rk00013,0.586973542028469,0.6111818788975107,-0.02420833686904178
d2,o_max,m014013_o_max_ord17_rk00014,0.5873912042433057,0.6111818788975107,-0.023790674654205035
d2,o_max,m014014_o_max_ord17_rk00015,0.5870172112537191,0.6111818788975107,-0.02416466764379166
d2,o_max,m014015_o_max_ord17_rk00016,0.5843997606639264,0.6111818788975107,-0.02678211823358434
d2,o_max,m014016_o_max_ord17_rk00017,0.5848539958366206,0.6111818788975107,-0.026327883060890178
d2,o_max,m014017_o_max_ord17_rk00018,0.5869992523708114,0.6111818788975107,-0.024182626526699336
d2,o_max,m014018_o_max_ord17_rk00019,0.5941308254692135,0.6111818788975107,-0.01705105342829727
d2,o_max,m014019_o_max_ord17_rk00020,0.5845364990516639,0.6111818788975107,-0.026645379845846806
d2,o_max,m015000_o_max_ord18_rk00001,0.5603767025089679,0.6111818788975107,-0.05080517638854287
d2,o_max,m015001_o_max_ord18_rk00002,0.5818604425719384,0.6111818788975107,-0.02932143632557238
d2,o_max,m015002_o_max_ord18_rk00003,0.5865786817860914,0.6111818788975107,-0.02460319711141934
d2,o_max,m015003_o_max_ord18_rk00004,0.5953471138089386,0.6111818788975107,-0.015834765088572178
d2,o_max,m015004_o_max_ord18_rk00005,0.5857910029974779,0.6111818788975107,-0.02539087590003286
d2,o_max,m015005_o_max_ord18_rk00006,0.5817071047696233,0.6111818788975107,-0.02947477412788746
d2,o_max,m015006_o_max_ord18_rk00007,0.582308459434209,0.6111818788975107,-0.028873419463301797
d2,o_max,m015007_o_max_ord18_rk00008,0.5895024915442415,0.6111818788975107,-0.02167938735326924
d2,o_max,m015008_o_max_ord18_rk00009,0.5804576480661762,0.6111818788975107,-0.030724230831334576
d2,o_max,m015009_o_max_ord18_rk00010,0.593844990217343,0.6111818788975107,-0.017336888680167695
d2,o_max,m015010_o_max_ord18_rk00011,0.5810520811336028,0.6111818788975107,-0.030129797763907895
d2,o_max,m015011_o_max_ord18_rk00012,0.5823538282609302,0.6111818788975107,-0.02882805063658056
d2,o_max,m015012_o_max_ord18_rk00013,0.5895389128746991,0.6111818788975107,-0.021642966022811683
d2,o_max,m015013_o_max_ord18_rk00014,0.5836219940801086,0.6111818788975107,-0.027559884817402125
d2,o_max,m015014_o_max_ord18_rk00015,0.5830156395205597,0.6111818788975107,-0.028166239376951063
d2,o_max,m015015_o_max_ord18_rk00016,0.5772923124921387,0.6111818788975107,-0.033889566405371996
d2,o_max,m015016_o_max_ord18_rk00017,0.5773407809219255,0.6111818788975107,-0.03384109797558521
d2,o_max,m015017_o_max_ord18_rk00018,0.5791602978887636,0.6111818788975107,-0.03202158100874719
d2,o_max,m015018_o_max_ord18_rk00019,0.5904947268821035,0.6111818788975107,-0.020687152015407273
d2,o_max,m015019_o_max_ord18_rk00020,0.591844331569459,0.6111818788975107,-0.019337547328051707
d2,o_max,m016000_o_max_ord19_rk00001,0.5532664087672627,0.6111818788975107,-0.057915470130248003
d2,o_max,m016001_o_max_ord19_rk00002,0.5825704754545307,0.6111818788975107,-0.028611403442980077
d2,o_max,m016002_o_max_ord19_rk00003,0.5782845234510772,0.6111818788975107,-0.032897355446433574
d2,o_max,m016003_o_max_ord19_rk00004,0.5825270877978721,0.6111818788975107,-0.028654791099638643
d2,o_max,m016004_o_max_ord19_rk00005,0.5816915523453571,0.6111818788975107,-0.029490326552153667
d2,o_max,m016005_o_max_ord19_rk00006,0.5806115319349971,0.6111818788975107,-0.030570346962513595
d2,o_max,m016006_o_max_ord19_rk00007,0.5839951275413802,0.6111818788975107,-0.02718675135613058
d2,o_max,m016007_o_max_ord19_rk00008,0.5840553485956069,0.6111818788975107,-0.027126530301903817
d2,o_max,m016008_o_max_ord19_rk00009,0.5789262229404406,0.6111818788975107,-0.03225565595707014
d2,o_max,m016009_o_max_ord19_rk00010,0.5904408271139829,0.6111818788975107,-0.02074105178352781
d2,o_max,m016010_o_max_ord19_rk00011,0.5925650933403173,0.6111818788975107,-0.018616785557193483
d2,o_max,m016011_o_max_ord19_rk00012,0.5775860208622641,0.6111818788975107,-0.03359585803524667
d2,o_max,m016012_o_max_ord19_rk00013,0.5846492570034596,0.6111818788975107,-0.026532621894051145
d2,o_max,m016013_o_max_ord19_rk00014,0.5857845180805739,0.6111818788975107,-0.025397360816936887
d2,o_max,m016014_o_max_ord19_rk00015,0.5813526001237398,0.6111818788975107,-0.02982927877377095
d2,o_max,m016015_o_max_ord19_rk00016,0.5864505171730527,0.6111818788975107,-0.024731361724458
d2,o_max,m016016_o_max_ord19_rk00017,0.5801889943504094,0.6111818788975107,-0.030992884547101363
d2,o_max,m016017_o_max_ord19_rk00018,0.5811418074859145,0.6111818788975107,-0.03004007141159626
d2,o_max,m016018_o_max_ord19_rk00019,0.589718154552725,0.6111818788975107,-0.021463724344785717
d2,o_max,m016019_o_max_ord19_rk00020,0.5600494350808691,0.6111818788975107,-0.051132443816641615
d2,o_max,m017000_o_max_ord20_rk00001,0.5703645034177534,0.6111818788975107,-0.04081737547975739
d2,o_max,m017001_o_max_ord20_rk00002,0.5796102421551668,0.6111818788975107,-0.03157163674234398
d2,o_max,m017002_o_max_ord20_rk00003,0.5862491498325889,0.6111818788975107,-0.024932729064921832
d2,o_max,m017003_o_max_ord20_rk00004,0.5827624560029518,0.6111818788975107,-0.0284194228945589
d2,o_max,m017004_o_max_ord20_rk00005,0.5891796801456308,0.6111818788975107,-0.02200219875187992
d2,o_max,m017005_o_max_ord20_rk00006,0.5897351645282795,0.6111818788975107,-0.02144671436923129
d2,o_max,m017006_o_max_ord20_rk00007,0.5826494878689761,0.6111818788975107,-0.028532391028534665
d2,o_max,m017007_o_max_ord20_rk00008,0.5785897065247232,0.6111818788975107,-0.03259217237278755
d2,o_max,m017008_o_max_ord20_rk00009,0.583270046576267,0.6111818788975107,-0.027911832321243724
d2,o_max,m017009_o_max_ord20_rk00010,0.5880939026804857,0.6111818788975107,-0.023087976217025075
d2,o_max,m017010_o_max_ord20_rk00011,0.5883940446695348,0.6111818788975107,-0.022787834227975923
d2,o_max,m017011_o_max_ord20_rk00012,0.5638315149392212,0.6111818788975107,-0.04735036395828951
d2,o_max,m017012_o_max_ord20_rk00013,0.5847709297496932,0.6111818788975107,-0.026410949147817497
d2,o_max,m017013_o_max_ord20_rk00014,0.5826830196115454,0.6111818788975107,-0.028498859285965294
d2,o_max,m017014_o_max_ord20_rk00015,0.5723580528354884,0.6111818788975107,-0.03882382606202239
d2,o_max,m017015_o_max_ord20_rk00016,0.5603835499847449,0.6111818788975107,-0.05079832891276581
d2,o_max,m017016_o_max_ord20_rk00017,0.5878442150456933,0.6111818788975107,-0.02333766385181746
d2,o_max,m017017_o_max_ord20_rk00018,0.560044367926164,0.6111818788975107,-0.05113751097134678
d2,o_max,m017018_o_max_ord20_rk00019,0.5538865308434366,0.6111818788975107,-0.0572953480540741
d2,o_max,m017019_o_max_ord20_rk00020,0.5781437930054409,0.6111818788975107,-0.0330380858920698
d2,o_max,m018000_o_max_ord21_rk00001,0.5657354298065844,0.6111818788975107,-0.04544644909092632
d2,o_max,m018001_o_max_ord21_rk00002,0.5861350960634435,0.6111818788975107,-0.02504678283406725
d2,o_max,m018002_o_max_ord21_rk00003,0.5836375401880005,0.6111818788975107,-0.02754433870951023
d2,o_max,m018003_o_max_ord21_rk00004,0.5900959003417063,0.6111818788975107,-0.021085978555804408
d2,o_max,m018004_o_max_ord21_rk00005,0.561543042640218,0.6111818788975107,-0.04963883625729271
d2,o_max,m018005_o_max_ord21_rk00006,0.5851788563043108,0.6111818788975107,-0.026003022593199976
d2,o_max,m018006_o_max_ord21_rk00007,0.5533262909405414,0.6111818788975107,-0.05785558795696932
d2,o_max,m018007_o_max_ord21_rk00008,0.5854684871517644,0.6111818788975107,-0.025713391745746383
d2,o_max,m018008_o_max_ord21_rk00009,0.596074981735129,0.6111818788975107,-0.015106897162381783
d2,o_max,m018009_o_max_ord21_rk00010,0.584552454541686,0.6111818788975107,-0.026629424355824716
d2,o_max,m018010_o_max_ord21_rk00011,0.5910325446780933,0.6111818788975107,-0.020149334219417447
d2,o_max,m018011_o_max_ord21_rk00012,0.5853754836529028,0.6111818788975107,-0.025806395244607927
d2,o_max,m018012_o_max_ord21_rk00013,0.5507124868777682,0.6111818788975107,-0.06046939201974255
d2,o_max,m018013_o_max_ord21_rk00014,0.5900173183401999,0.6111818788975107,-0.021164560557310863
d2,o_max,m018014_o_max_ord21_rk00015,0.5825647753159089,0.6111818788975107,-0.028617103581601855
d2,o_max,m018015_o_max_ord21_rk00016,0.5680512604422767,0.6111818788975107,-0.04313061845523403
d2,o_max,m018016_o_max_ord21_rk00017,0.5595493697053637,0.6111818788975107,-0.051632509192147014
d2,o_max,m018017_o_max_ord21_rk00018,0.5503505854441346,0.6111818788975107,-0.06083129345337612
d2,o_max,m018018_o_max_ord21_rk00019,0.5889381856910554,0.6111818788975107,-0.02224369320645536
d2,o_max,m018019_o_max_ord21_rk00020,0.5865882930157722,0.6111818788975107,-0.024593585881738544
d2,o_max,m019000_o_max_ord22_rk00001,0.5659045834729222,0.6111818788975107,-0.04527729542458858
d2,o_max,m019001_o_max_ord22_rk00002,0.5534017442394772,0.6111818788975107,-0.057780134658033555
d2,o_max,m019002_o_max_ord22_rk00003,0.5900838468914649,0.6111818788975107,-0.021098032006045875
d2,o_max,m019003_o_max_ord22_rk00004,0.593227890231526,0.6111818788975107,-0.017953988665984744
d2,o_max,m019004_o_max_ord22_rk00005,0.5442294900862898,0.6111818788975107,-0.0669523888112209
d2,o_max,m019005_o_max_ord22_rk00006,0.5878222888469105,0.6111818788975107,-0.023359590050600287
d2,o_max,m019006_o_max_ord22_rk00007,0.5523828167696168,0.6111818788975107,-0.058799062127893986
d2,o_max,m019007_o_max_ord22_rk00008,0.5882768867857366,0.6111818788975107,-0.022904992111774103
d2,o_max,m019008_o_max_ord22_rk00009,0.5820508445083489,0.6111818788975107,-0.02913103438916187
d2,o_max,m019009_o_max_ord22_rk00010,0.5530545110102398,0.6111818788975107,-0.05812736788727091
d2,o_max,m019010_o_max_ord22_rk00011,0.5905896949540175,0.6111818788975107,-0.02059218394349327
d2,o_max,m019011_o_max_ord22_rk00012,0.591402721543002,0.6111818788975107,-0.019779157354508747
d2,o_max,m019012_o_max_ord22_rk00013,0.5855953924221369,0.6111818788975107,-0.02558648647537387
d2,o_max,m019013_o_max_ord22_rk00014,0.5903318151691915,0.6111818788975107,-0.020850063728319213
d2,o_max,m019014_o_max_ord22_rk00015,0.559671840287665,0.6111818788975107,-0.05151003860984571
d2,o_max,m019015_o_max_ord22_rk00016,0.5688377684703245,0.6111818788975107,-0.04234411042718622
d2,o_max,m019016_o_max_ord22_rk00017,0.585207014085944,0.6111818788975107,-0.025974864811566745
d2,o_max,m019017_o_max_ord22_rk00018,0.5939690933327546,0.6111818788975107,-0.01721278556475614
d2,o_max,m019018_o_max_ord22_rk00019,0.58748377998039,0.6111818788975107,-0.023698098917120713
d2,o_max,m019019_o_max_ord22_rk00020,0.5818420775911336,0.6111818788975107,-0.029339801306377145
d2,o_max,m020000_o_max_ord23_rk00001,0.5741511311682593,0.6111818788975107,-0.03703074772925141
d2,o_max,m020001_o_max_ord23_rk00002,0.5959366618390408,0.6111818788975107,-0.015245217058469929
d2,o_max,m020002_o_max_ord23_rk00003,0.5757542285940903,0.6111818788975107,-0.03542765030342043
d2,o_max,m020003_o_max_ord23_rk00004,0.599044082978058,0.6111818788975107,-0.012137795919452743
d2,o_max,m020004_o_max_ord23_rk00005,0.5658936881231438,0.6111818788975107,-0.045288190774366965
d2,o_max,m020005_o_max_ord23_rk00006,0.5972674460137397,0.6111818788975107,-0.013914432883771033
d2,o_max,m020006_o_max_ord23_rk00007,0.5970656230906122,0.6111818788975107,-0.01411625580689857
d2,o_max,m020007_o_max_ord23_rk00008,0.565172332972433,0.6111818788975107,-0.04600954592507778
d2,o_max,m020008_o_max_ord23_rk00009,0.5646392903649038,0.6111818788975107,-0.046542588532606954
d2,o_max,m020009_o_max_ord23_rk00010,0.5942178166617915,0.6111818788975107,-0.016964062235719224
d2,o_max,m020010_o_max_ord23_rk00011,0.5959682399230939,0.6111818788975107,-0.015213638974416854
d2,o_max,m020011_o_max_ord23_rk00012,0.5996055742357871,0.6111818788975107,-0.011576304661723658
d2,o_max,m020012_o_max_ord23_rk00013,0.5959894187606656,0.6111818788975107,-0.015192460136845165
d2,o_max,m020013_o_max_ord23_rk00014,0.5549329375863667,0.6111818788975107,-0.056248941311143996
d2,o_max,m020014_o_max_ord23_rk00015,0.5982450382965234,0.6111818788975107,-0.01293684060098732
d2,o_max,m020015_o_max_ord23_rk00016,0.5953832518620394,0.6111818788975107,-0.015798627035471302
d2,o_max,m020016_o_max_ord23_rk00017,0.5940026483216378,0.6111818788975107,-0.017179230575872895
d2,o_max,m020017_o_max_ord23_rk00018,0.5768221401282649,0.6111818788975107,-0.03435973876924581
d2,o_max,m020018_o_max_ord23_rk00019,0.6002493786742304,0.6111818788975107,-0.010932500223280295
d2,o_max,m020019_o_max_ord23_rk00020,0.596726397151639,0.6111818788975107,-0.014455481745871746
d2,o_max,m021000_o_max_ord24_rk00001,0.5651832775237227,0.6111818788975107,-0.045998601373788084
d2,o_max,m021001_o_max_ord24_rk00002,0.5894024874164483,0.6111818788975107,-0.02177939148106245
d2,o_max,m021002_o_max_ord24_rk00003,0.5921683690546267,0.6111818788975107,-0.01901350984288408
d2,o_max,m021003_o_max_ord24_rk00004,0.5928116147044724,0.6111818788975107,-0.018370264193038333
d2,o_max,m021004_o_max_ord24_rk00005,0.5931066364412456,0.6111818788975107,-0.018075242456265128
d2,o_max,m021005_o_max_ord24_rk00006,0.5877654092481102,0.6111818788975107,-0.023416469649400584
d2,o_max,m021006_o_max_ord24_rk00007,0.5942996200706294,0.6111818788975107,-0.016882258826881325
d2,o_max,m021007_o_max_ord24_rk00008,0.5885031529471121,0.6111818788975107,-0.02267872595039866
d2,o_max,m021008_o_max_ord24_rk00009,0.5897609735810783,0.6111818788975107,-0.02142090531643248
d2,o_max,m021009_o_max_ord24_rk00010,0.593903205239267,0.6111818788975107,-0.01727867365824376
d2,o_max,m021010_o_max_ord24_rk00011,0.5616506783915671,0.6111818788975107,-0.04953120050594362
d2,o_max,m021011_o_max_ord24_rk00012,0.5900612621095398,0.6111818788975107,-0.021120616787970947
d2,o_max,m021012_o_max_ord24_rk00013,0.5892127558784515,0.6111818788975107,-0.02196912301905929
d2,o_max,m021013_o_max_ord24_rk00014,0.5907869907049228,0.6111818788975107,-0.020394888192587945
d2,o_max,m021014_o_max_ord24_rk00015,0.5659219876010847,0.6111818788975107,-0.04525989129642605
d2,o_max,m021015_o_max_ord24_rk00016,0.5540357578016248,0.6111818788975107,-0.057146121095885904
d2,o_max,m021016_o_max_ord24_rk00017,0.5830429010387183,0.6111818788975107,-0.02813897785879249
d2,o_max,m021017_o_max_ord24_rk00018,0.5626032424650539,0.6111818788975107,-0.048578636432456856
d2,o_max,m021018_o_max_ord24_rk00019,0.5978155780603864,0.6111818788975107,-0.013366300837124312
d2,o_max,m021019_o_max_ord24_rk00020,0.5549743171626753,0.6111818788975107,-0.05620756173483543
d2,o_max,m022000_o_max_ord25_rk00001,0.5961775099888786,0.6111818788975107,-0.015004368908632104
d2,o_max,m022001_o_max_ord25_rk00002,0.5932125457074446,0.6111818788975107,-0.017969333190066106
d2,o_max,m022002_o_max_ord25_rk00003,0.56609219659005,0.6111818788975107,-0.0450896823074608
d2,o_max,m022003_o_max_ord25_rk00004,0.5918941817228032,0.6111818788975107,-0.019287697174707574
d2,o_max,m022004_o_max_ord25_rk00005,0.5943096085209554,0.6111818788975107,-0.016872270376555365
d2,o_max,m022005_o_max_ord25_rk00006,0.5959045338296695,0.6111818788975107,-0.015277345067841286
d2,o_max,m022006_o_max_ord25_rk00007,0.5990406372726835,0.6111818788975107,-0.012141241624827215
d2,o_max,m022007_o_max_ord25_rk00008,0.5897919218206413,0.6111818788975107,-0.021389957076869415
d2,o_max,m022008_o_max_ord25_rk00009,0.5961217335948763,0.6111818788975107,-0.015060145302634442
d2,o_max,m022009_o_max_ord25_rk00010,0.5941668280766295,0.6111818788975107,-0.017015050820881283
d2,o_max,m022010_o_max_ord25_rk00011,0.5563258214174437,0.6111818788975107,-0.054856057480067055
d2,o_max,m022011_o_max_ord25_rk00012,0.5947821580385545,0.6111818788975107,-0.016399720858956246
d2,o_max,m022012_o_max_ord25_rk00013,0.5661813974432426,0.6111818788975107,-0.04500048145426816
d2,o_max,m022013_o_max_ord25_rk00014,0.5972927266384243,0.6111818788975107,-0.01388915225908649
d2,o_max,m022014_o_max_ord25_rk00015,0.5522346496942601,0.6111818788975107,-0.058947229203250684
d2,o_max,m022015_o_max_ord25_rk00016,0.5966993772062315,0.6111818788975107,-0.014482501691279293
d2,o_max,m022016_o_max_ord25_rk00017,0.5651452031719328,0.6111818788975107,-0.0460366757255779
d2,o_max,m022017_o_max_ord25_rk00018,0.5955283308818486,0.6111818788975107,-0.0156535480156621
d2,o_max,m022018_o_max_ord25_rk00019,0.5916903937509589,0.6111818788975107,-0.019491485146551857
d2,o_max,m022019_o_max_ord25_rk00020,0.567374745755681,0.6111818788975107,-0.04380713314182971
d2,o_max,m023000_o_max_ord26_rk00001,0.563397251999716,0.6111818788975107,-0.047784626897794724
d2,o_max,m023001_o_max_ord26_rk00002,0.5974181138113723,0.6111818788975107,-0.013763765086138413
d2,o_max,m023002_o_max_ord26_rk00003,0.5964861224991262,0.6111818788975107,-0.014695756398384496
d2,o_max,m023003_o_max_ord26_rk00004,0.5948765746337248,0.6111818788975107,-0.016305304263785958
d2,o_max,m023004_o_max_ord26_rk00005,0.5925502930739996,0.6111818788975107,-0.0186315858235111
d2,o_max,m023005_o_max_ord26_rk00006,0.6021396920015596,0.6111818788975107,-0.009042186895951154
d2,o_max,m023006_o_max_ord26_rk00007,0.5589550512086163,0.6111818788975107,-0.05222682768889442
d2,o_max,m023007_o_max_ord26_rk00008,0.5971036709693183,0.6111818788975107,-0.014078207928192477
d2,o_max,m023008_o_max_ord26_rk00009,0.5526599173055498,0.6111818788975107,-0.05852196159196099
d2,o_max,m023009_o_max_ord26_rk00010,0.561158668596967,0.6111818788975107,-0.0500232103005438
d2,o_max,m023010_o_max_ord26_rk00011,0.5958669206843579,0.6111818788975107,-0.015314958213152874
d2,o_max,m023011_o_max_ord26_rk00012,0.5944652398767658,0.6111818788975107,-0.01671663902074494
d2,o_max,m023012_o_max_ord26_rk00013,0.5919009901587304,0.6111818788975107,-0.01928088873878031
d2,o_max,m023013_o_max_ord26_rk00014,0.5557951854262684,0.6111818788975107,-0.055386693471242365
d2,o_max,m023014_o_max_ord26_rk00015,0.5565663190146699,0.6111818788975107,-0.054615559882840836
d2,o_max,m023015_o_max_ord26_rk00016,0.5948318110639625,0.6111818788975107,-0.0163500678335482
d2,o_max,m023016_o_max_ord26_rk00017,0.587089627101077,0.6111818788975107,-0.024092251796433706
d2,o_max,m023017_o_max_ord26_rk00018,0.5906165823278332,0.6111818788975107,-0.020565296569677538
d2,o_max,m023018_o_max_ord26_rk00019,0.59375661264,0.6111818788975107,-0.01742526625751073
d2,o_max,m023019_o_max_ord26_rk00020,0.5636701926105123,0.6111818788975107,-0.04751168628699842
d2,o_max,m024000_o_max_ord27_rk00001,0.5654878313351486,0.6111818788975107,-0.04569404756236217
d2,o_max,m024001_o_max_ord27_rk00002,0.5420459521409461,0.6111818788975107,-0.06913592675656466
d2,o_max,m024002_o_max_ord27_rk00003,0.5939063807896088,0.6111818788975107,-0.017275498107901965
d2,o_max,m024003_o_max_ord27_rk00004,0.5507523006961821,0.6111818788975107,-0.06042957820132866
d2,o_max,m024004_o_max_ord27_rk00005,0.5904804612138714,0.6111818788975107,-0.02070141768363931
d2,o_max,m024005_o_max_ord27_rk00006,0.5898524392311587,0.6111818788975107,-0.021329439666352035
d2,o_max,m024006_o_max_ord27_rk00007,0.5931662163829301,0.6111818788975107,-0.018015662514580644
d2,o_max,m024007_o_max_ord27_rk00008,0.55244186734474,0.6111818788975107,-0.058740011552770754
d2,o_max,m024008_o_max_ord27_rk00009,0.5461407881863928,0.6111818788975107,-0.06504109071111797
d2,o_max,m024009_o_max_ord27_rk00010,0.5869606494814266,0.6111818788975107,-0.024221229416084178
d2,o_max,m024010_o_max_ord27_rk00011,0.5916810908515425,0.6111818788975107,-0.01950078804596822
d2,o_max,m024011_o_max_ord27_rk00012,0.5915027560281068,0.6111818788975107,-0.019679122869403987
d2,o_max,m024012_o_max_ord27_rk00013,0.5537625286338507,0.6111818788975107,-0.057419350263660074
d2,o_max,m024013_o_max_ord27_rk00014,0.5544809336307497,0.6111818788975107,-0.05670094526676106
d2,o_max,m024014_o_max_ord27_rk00015,0.5495298516912317,0.6111818788975107,-0.06165202720627905
d2,o_max,m024015_o_max_ord27_rk00016,0.5891201910168988,0.6111818788975107,-0.022061687880611913
d2,o_max,m024016_o_max_ord27_rk00017,0.5841960548379947,0.6111818788975107,-0.026985824059515995
d2,o_max,m024017_o_max_ord27_rk00018,0.5944382383964146,0.6111818788975107,-0.016743640501096113
d2,o_max,m024018_o_max_ord27_rk00019,0.5465231297225144,0.6111818788975107,-0.06465874917499637
d2,o_max,m024019_o_max_ord27_rk00020,0.5915968198334794,0.6111818788975107,-0.019585059064031296
d2,o_max,m025000_o_max_ord28_rk00001,0.5604353913079465,0.6111818788975107,-0.05074648758956424
d2,o_max,m025001_o_max_ord28_rk00002,0.5554015637853527,0.6111818788975107,-0.055780315112158085
d2,o_max,m025002_o_max_ord28_rk00003,0.5564793641181822,0.6111818788975107,-0.054702514779328526
d2,o_max,m025003_o_max_ord28_rk00004,0.5526882885974558,0.6111818788975107,-0.058493590300054965
d2,o_max,m025004_o_max_ord28_rk00005,0.5533086448780455,0.6111818788975107,-0.0578732340194652
d2,o_max,m025005_o_max_ord28_rk00006,0.5575608993443775,0.6111818788975107,-0.053620979553133274
d2,o_max,m025006_o_max_ord28_rk00007,0.5904800771151442,0.6111818788975107,-0.02070180178236658
d2,o_max,m025007_o_max_ord28_rk00008,0.5483119061189553,0.6111818788975107,-0.06286997277855544
d2,o_max,m025008_o_max_ord28_rk00009,0.5444065485572172,0.6111818788975107,-0.06677533034029359
d2,o_max,m025009_o_max_ord28_rk00010,0.5931558124044323,0.6111818788975107,-0.018026066493078474
d2,o_max,m025010_o_max_ord28_rk00011,0.5946888336210483,0.6111818788975107,-0.016493045276462448
d2,o_max,m025011_o_max_ord28_rk00012,0.5503839071305014,0.6111818788975107,-0.060797971767009296
d2,o_max,m025012_o_max_ord28_rk00013,0.5619957400206054,0.6111818788975107,-0.04918613887690537
d2,o_max,m025013_o_max_ord28_rk00014,0.5671190540206936,0.6111818788975107,-0.04406282487681712
d2,o_max,m025014_o_max_ord28_rk00015,0.5563024114847819,0.6111818788975107,-0.054879467412728866
d2,o_max,m025015_o_max_ord28_rk00016,0.5573358293023967,0.6111818788975107,-0.053846049595114076
d2,o_max,m025016_o_max_ord28_rk00017,0.587399777030734,0.6111818788975107,-0.02378210186677676
d2,o_max,m025017_o_max_ord28_rk00018,0.5504245691071723,0.6111818788975107,-0.06075730979033844
d2,o_max,m025018_o_max_ord28_rk00019,0.5611288218396668,0.6111818788975107,-0.05005305705784391
d2,o_max,m025019_o_max_ord28_rk00020,0.5629608833815304,0.6111818788975107,-0.04822099551598036
d2,o_max,m026000_o_max_ord29_rk00001,0.5522477044443341,0.6111818788975107,-0.05893417445317661
d2,o_max,m026001_o_max_ord29_rk00002,0.5484251702465777,0.6111818788975107,-0.06275670865093308
d2,o_max,m026002_o_max_ord29_rk00003,0.563592138246693,0.6111818788975107,-0.04758974065081778
d2,o_max,m026003_o_max_ord29_rk00004,0.5588642983676289,0.6111818788975107,-0.05231758052988189
d2,o_max,m026004_o_max_ord29_rk00005,0.5512885342660916,0.6111818788975107,-0.059893344631419154
d2,o_max,m026005_o_max_ord29_rk00006,0.5591588803972086,0.6111818788975107,-0.05202299850030212
d2,o_max,m026006_o_max_ord29_rk00007,0.5513808590414605,0.6111818788975107,-0.05980101985605024
d2,o_max,m026007_o_max_ord29_rk00008,0.5534300300528896,0.6111818788975107,-0.057751848844621145
d2,o_max,m026008_o_max_ord29_rk00009,0.5483007552584412,0.6111818788975107,-0.0628811236390695
d2,o_max,m026009_o_max_ord29_rk00010,0.5471818692836717,0.6111818788975107,-0.064000009613839
d2,o_max,m026010_o_max_ord29_rk00011,0.5913166306702158,0.6111818788975107,-0.019865248227294963
d2,o_max,m026011_o_max_ord29_rk00012,0.5483631355654173,0.6111818788975107,-0.06281874333209347
d2,o_max,m026012_o_max_ord29_rk00013,0.5528279943025554,0.6111818788975107,-0.058353884594955385
d2,o_max,m026013_o_max_ord29_rk00014,0.549917273883209,0.6111818788975107,-0.061264605014301754
d2,o_max,m026014_o_max_ord29_rk00015,0.5957882640119794,0.6111818788975107,-0.01539361488553137
d2,o_max,m026015_o_max_ord29_rk00016,0.5519491946840016,0.6111818788975107,-0.059232684213509135
d2,o_max,m026016_o_max_ord29_rk00017,0.5944944344364278,0.6111818788975107,-0.016687444461082945
d2,o_max,m026017_o_max_ord29_rk00018,0.5578549912778279,0.6111818788975107,-0.05332688761968285
d2,o_max,m026018_o_max_ord29_rk00019,0.5542058303336133,0.6111818788975107,-0.056976048563897486
d2,o_max,m026019_o_max_ord29_rk00020,0.5469157836336525,0.6111818788975107,-0.06426609526385829
d2,o_max,m027000_o_max_ord30_rk00001,0.5599032043091567,0.6111818788975107,-0.051278674588354
d2,o_max,m027001_o_max_ord30_rk00002,0.5487898895411292,0.6111818788975107,-0.06239198935638157
d2,o_max,m027002_o_max_ord30_rk00003,0.5513907230762525,0.6111818788975107,-0.05979115582125827
d2,o_max,m027003_o_max_ord30_rk00004,0.5477242686627786,0.6111818788975107,-0.06345761023473218
d2,o_max,m027004_o_max_ord30_rk00005,0.5504296123332094,0.6111818788975107,-0.06075226656430133
d2,o_max,m027005_o_max_ord30_rk00006,0.5390577985092624,0.6111818788975107,-0.07212408038824836
d2,o_max,m027006_o_max_ord30_rk00007,0.5410430085406993,0.6111818788975107,-0.07013887035681143
d2,o_max,m027007_o_max_ord30_rk00008,0.5467457569512333,0.6111818788975107,-0.06443612194627746
d2,o_max,m027008_o_max_ord30_rk00009,0.5413921687232868,0.6111818788975107,-0.06978971017422397
d2,o_max,m027009_o_max_ord30_rk00010,0.5460930636523116,0.6111818788975107,-0.06508881524519916
d2,o_max,m027010_o_max_ord30_rk00011,0.5480827235902512,0.6111818788975107,-0.06309915530725951
d2,o_max,m027011_o_max_ord30_rk00012,0.541574046592955,0.6111818788975107,-0.0696078323045557
d2,o_max,m027012_o_max_ord30_rk00013,0.5590767278103235,0.6111818788975107,-0.052105151087187274
d2,o_max,m027013_o_max_ord30_rk00014,0.5486854469154092,0.6111818788975107,-0.06249643198210153
d2,o_max,m027014_o_max_ord30_rk00015,0.539675015573174,0.6111818788975107,-0.07150686332433676
d2,o_max,m027015_o_max_ord30_rk00016,0.5457485292621878,0.6111818788975107,-0.06543334963532299
d2,o_max,m027016_o_max_ord30_rk00017,0.5494081216635338,0.6111818788975107,-0.061773757233976934
d2,o_max,m027017_o_max_ord30_rk00018,0.5937069819746122,0.6111818788975107,-0.017474896922898497
d2,o_max,m027018_o_max_ord30_rk00019,0.5424105993679929,0.6111818788975107,-0.06877127952951789
d2,o_max,m027019_o_max_ord30_rk00020,0.5424758294401378,0.6111818788975107,-0.06870604945737291
d3,o_max,m000000_o_max_ord3_rk00001,0.597219116252367,0.6124664176869716,-0.015247301434604621
d3,o_max,m000001_o_max_ord3_rk00002,0.5506837331754069,0.6124664176869716,-0.06178268451156477
d3,o_max,m000002_o_max_ord3_rk00003,0.5996294769352117,0.6124664176869716,-0.012836940751759895
d3,o_max,m000003_o_max_ord3_rk00004,0.6225855518883747,0.6124664176869716,0.01011913420140309
d3,o_max,m000004_o_max_ord3_rk00005,0.6066668321040465,0.6124664176869716,-0.005799585582925149
d3,o_max,m000005_o_max_ord3_rk00006,0.5946262154450623,0.6124664176869716,-0.017840202241909298
d3,o_max,m000006_o_max_ord3_rk00007,0.601050136739069,0.6124664176869716,-0.01141628094790259
d3,o_max,m000007_o_max_ord3_rk00008,0.6070153608576083,0.6124664176869716,-0.00545105682936331
d3,o_max,m000008_o_max_ord3_rk00009,0.6109601242865071,0.6124664176869716,-0.0015062934004644868
d3,o_max,m000009_o_max_ord3_rk00010,0.6042594110188517,0.6124664176869716,-0.00820700666811991
d3,o_max,m000010_o_max_ord3_rk00011,0.6084819415783473,0.6124664176869716,-0.003984476108624291
d3,o_max,m000011_o_max_ord3_rk00012,0.5973567537447269,0.6124664176869716,-0.015109663942244778
d3,o_max,m000012_o_max_ord3_rk00013,0.614327194359146,0.6124664176869716,0.0018607766721743246
d3,o_max,m000013_o_max_ord3_rk00014,0.6089406878746819,0.6124664176869716,-0.003525729812289713
d3,o_max,m000014_o_max_ord3_rk00015,0.6059922236062147,0.6124664176869716,-0.00647419408075689
d3,o_max,m000015_o_max_ord3_rk00016,0.6185421657335786,0.6124664176869716,0.0060757480466069325
d3,o_max,m000016_o_max_ord3_rk00017,0.5919530304690428,0.6124664176869716,-0.020513387217928836
d3,o_max,m000017_o_max_ord3_rk00018,0.6046999008576803,0.6124664176869716,-0.007766516829291303
d3,o_max,m000018_o_max_ord3_rk00019,0.6100377824930426,0.6124664176869716,-0.0024286351939289963
d3,o_max,m000019_o_max_ord3_rk00020,0.6023103433025447,0.6124664176869716,-0.010156074384426894
d3,o_max,m001000_o_max_ord4_rk00001,0.6006093219834439,0.6124664176869716,-0.011857095703527776
d3,o_max,m001001_o_max_ord4_rk00002,0.6030585658753689,0.6124664176869716,-0.009407851811602752
d3,o_max,m001002_o_max_ord4_rk00003,0.6000430825944798,0.6124664176869716,-0.012423335092491827
d3,o_max,m001003_o_max_ord4_rk00004,0.6066919595796205,0.6124664176869716,-0.00577445810735111
d3,o_max,m001004_o_max_ord4_rk00005,0.5991056201406748,0.6124664176869716,-0.013360797546296821
d3,o_max,m001005_o_max_ord4_rk00006,0.597273988697325,0.6124664176869716,-0.015192428989646678
d3,o_max,m001006_o_max_ord4_rk00007,0.5969847601278897,0.6124664176869716,-0.01548165755908193
d3,o_max,m001007_o_max_ord4_rk00008,0.563357262120915,0.6124664176869716,-0.04910915556605666
d3,o_max,m001008_o_max_ord4_rk00009,0.6073941906073748,0.6124664176869716,-0.005072227079596869
d3,o_max,m001009_o_max_ord4_rk00010,0.5953780622291716,0.6124664176869716,-0.017088355457800075
d3,o_max,m001010_o_max_ord4_rk00011,0.6113925975232508,0.6124664176869716,-0.0010738201637208178
d3,o_max,m001011_o_max_ord4_rk00012,0.6006423167206751,0.6124664176869716,-0.011824100966296491
d3,o_max,m001012_o_max_ord4_rk00013,0.5903331332318638,0.6124664176869716,-0.02213328445510787
d3,o_max,m001013_o_max_ord4_rk00014,0.6023907307330667,0.6124664176869716,-0.010075686953904928
d3,o_max,m001014_o_max_ord4_rk00015,0.6022581264766816,0.6124664176869716,-0.010208291210289988
d3,o_max,m001015_o_max_ord4_rk00016,0.5877447178329924,0.6124664176869716,-0.024721699853979207
d3,o_max,m001016_o_max_ord4_rk00017,0.6217570347151017,0.6124664176869716,0.009290617028130055
d3,o_max,m001017_o_max_ord4_rk00018,0.5859256451365031,0.6124664176869716,-0.026540772550468494
d3,o_max,m001018_o_max_ord4_rk00019,0.6171671113406925,0.6124664176869716,0.004700693653720833
d3,o_max,m001019_o_max_ord4_rk00020,0.5769300961314473,0.6124664176869716,-0.03553632155552433
d3,o_max,m002000_o_max_ord5_rk00001,0.5981100339812508,0.6124664176869716,-0.014356383705720788
d3,o_max,m002001_o_max_ord5_rk00002,0.6006803765592716,0.6124664176869716,-0.011786041127699987
d3,o_max,m002002_o_max_ord5_rk00003,0.6008007654950509,0.6124664176869716,-0.011665652191920728
d3,o_max,m002003_o_max_ord5_rk00004,0.5998858028993168,0.6124664176869716,-0.01258061478765482
d3,o_max,m002004_o_max_ord5_rk00005,0.6034246132760342,0.6124664176869716,-0.009041804410937382
d3,o_max,m002005_o_max_ord5_rk00006,0.6024600552000992,0.6124664176869716,-0.010006362486872478
d3,o_max,m002006_o_max_ord5_rk00007,0.5916822202130632,0.6124664176869716,-0.020784197473908472
d3,o_max,m002007_o_max_ord5_rk00008,0.5946538883597803,0.6124664176869716,-0.01781252932719135
d3,o_max,m002008_o_max_ord5_rk00009,0.5851341071924026,0.6124664176869716,-0.02733231049456908
d3,o_max,m002009_o_max_ord5_rk00010,0.6010110970388625,0.6124664176869716,-0.011455320648109169
d3,o_max,m002010_o_max_ord5_rk00011,0.5963676795062087,0.6124664176869716,-0.016098738180762906
d3,o_max,m002011_o_max_ord5_rk00012,0.592889781899657,0.6124664176869716,-0.01957663578731461
d3,o_max,m002012_o_max_ord5_rk00013,0.5926233669349383,0.6124664176869716,-0.019843050752033298
d3,o_max,m002013_o_max_ord5_rk00014,0.6002460993800236,0.6124664176869716,-0.01222031830694803
d3,o_max,m002014_o_max_ord5_rk00015,0.5906104361955535,0.6124664176869716,-0.021855981491418097
d3,o_max,m002015_o_max_ord5_rk00016,0.6054022645386192,0.6124664176869716,-0.007064153148352403
d3,o_max,m002016_o_max_ord5_rk00017,0.6002585261376134,0.6124664176869716,-0.012207891549358196
d3,o_max,m002017_o_max_ord5_rk00018,0.5952822741118655,0.6124664176869716,-0.017184143575106114
d3,o_max,m002018_o_max_ord5_rk00019,0.5879238535433201,0.6124664176869716,-0.024542564143651524
d3,o_max,m002019_o_max_ord5_rk00020,0.5952837236142401,0.6124664176869716,-0.01718269407273154
d3,o_max,m003000_o_max_ord6_rk00001,0.59571176841719,0.6124664176869716,-0.016754649269781652
d3,o_max,m003001_o_max_ord6_rk00002,0.5953504349009597,0.6124664176869716,-0.017115982786011896
d3,o_max,m003002_o_max_ord6_rk00003,0.6014074386648554,0.6124664176869716,-0.011058979022116278
d3,o_max,m003003_o_max_ord6_rk00004,0.592556666853532,0.6124664176869716,-0.0199097508334396
d3,o_max,m003004_o_max_ord6_rk00005,0.5986992862422844,0.6124664176869716,-0.01376713144468722
d3,o_max,m003005_o_max_ord6_rk00006,0.592274311881607,0.6124664176869716,-0.02019210580536468
d3,o_max,m003006_o_max_ord6_rk00007,0.6014671648800931,0.6124664176869716,-0.010999252806878523
d3,o_max,m003007_o_max_ord6_rk00008,0.5998386695766877,0.6124664176869716,-0.012627748110283887
d3,o_max,m003008_o_max_ord6_rk00009,0.5901949556252697,0.6124664176869716,-0.02227146206170194
d3,o_max,m003009_o_max_ord6_rk00010,0.5932030986847543,0.6124664176869716,-0.01926331900221734
d3,o_max,m003010_o_max_ord6_rk00011,0.5906881131794327,0.6124664176869716,-0.021778304507538926
d3,o_max,m003011_o_max_ord6_rk00012,0.6053306277045767,0.6124664176869716,-0.007135789982394947
d3,o_max,m003012_o_max_ord6_rk00013,0.5894943659724666,0.6124664176869716,-0.022972051714505004
d3,o_max,m003013_o_max_ord6_rk00014,0.6036483420351371,0.6124664176869716,-0.008818075651834567
d3,o_max,m003014_o_max_ord6_rk00015,0.5975781723587464,0.6124664176869716,-0.014888245328225191
d3,o_max,m003015_o_max_ord6_rk00016,0.5963243470175346,0.6124664176869716,-0.01614207066943707
d3,o_max,m003016_o_max_ord6_rk00017,0.5924638338646945,0.6124664176869716,-0.020002583822277153
d3,o_max,m003017_o_max_ord6_rk00018,0.5981151879389792,0.6124664176869716,-0.014351229747992411
d3,o_max,m003018_o_max_ord6_rk00019,0.5952396535546066,0.6124664176869716,-0.017226764132365013
d3,o_max,m003019_o_max_ord6_rk00020,0.6004422345505964,0.6124664176869716,-0.01202418313637521
d3,o_max,m004000_o_max_ord7_rk00001,0.6053601808182677,0.6124664176869716,-0.00710623686870393
d3,o_max,m004001_o_max_ord7_rk00002,0.6023546561281206,0.6124664176869716,-0.010111761558851073
d3,o_max,m004002_o_max_ord7_rk00003,0.6035381621162226,0.6124664176869716,-0.008928255570749055
d3,o_max,m004003_o_max_ord7_rk00004,0.5974983599859409,0.6124664176869716,-0.014968057701030713
d3,o_max,m004004_o_max_ord7_rk00005,0.6090915227299505,0.6124664176869716,-0.003374894957021146
d3,o_max,m004005_o_max_ord7_rk00006,0.5993471854139887,0.6124664176869716,-0.01311923227298295
d3,o_max,m004006_o_max_ord7_rk00007,0.6143207197034399,0.6124664176869716,0.001854302016468301
d3,o_max,m004007_o_max_ord7_rk00008,0.6078252042036809,0.6124664176869716,-0.004641213483290718
d3,o_max,m004008_o_max_ord7_rk00009,0.6092635591141604,0.6124664176869716,-0.003202858572811218
d3,o_max,m004009_o_max_ord7_rk00010,0.5986362214739154,0.6124664176869716,-0.013830196213056256
d3,o_max,m004010_o_max_ord7_rk00011,0.6058430043838225,0.6124664176869716,-0.006623413303149084
d3,o_max,m004011_o_max_ord7_rk00012,0.6018120789286019,0.6124664176869716,-0.010654338758369741
d3,o_max,m004012_o_max_ord7_rk00013,0.6098037838129728,0.6124664176869716,-0.0026626338739987876
d3,o_max,m004013_o_max_ord7_rk00014,0.6012271664927402,0.6124664176869716,-0.011239251194231414
d3,o_max,m004014_o_max_ord7_rk00015,0.6055490481683762,0.6124664176869716,-0.006917369518595451
d3,o_max,m004015_o_max_ord7_rk00016,0.6039865961507763,0.6124664176869716,-0.008479821536195309
d3,o_max,m004016_o_max_ord7_rk00017,0.5993946893405815,0.6124664176869716,-0.013071728346390143
d3,o_max,m004017_o_max_ord7_rk00018,0.6030851731396094,0.6124664176869716,-0.009381244547362222
d3,o_max,m004018_o_max_ord7_rk00019,0.6036915748979335,0.6124664176869716,-0.008774842789038173
d3,o_max,m004019_o_max_ord7_rk00020,0.6017461642222568,0.6124664176869716,-0.010720253464714835
d3,o_max,m005000_o_max_ord8_rk00001,0.5948344526445828,0.6124664176869716,-0.017631965042388842
d3,o_max,m005001_o_max_ord8_rk00002,0.60638840683838,0.6124664176869716,-0.0060780108485916085
d3,o_max,m005002_o_max_ord8_rk00003,0.5952608663245542,0.6124664176869716,-0.017205551362417415
d3,o_max,m005003_o_max_ord8_rk00004,0.6031164793164407,0.6124664176869716,-0.009349938370530886
d3,o_max,m005004_o_max_ord8_rk00005,0.6076596934501106,0.6124664176869716,-0.004806724236861015
d3,o_max,m005005_o_max_ord8_rk00006,0.6070977256086951,0.6124664176869716,-0.005368692078276505
d3,o_max,m005006_o_max_ord8_rk00007,0.5963161231070859,0.6124664176869716,-0.016150294579885704
d3,o_max,m005007_o_max_ord8_rk00008,0.5928703316157938,0.6124664176869716,-0.0195960860711778
d3,o_max,m005008_o_max_ord8_rk00009,0.5959273392434006,0.6124664176869716,-0.016539078443571054
d3,o_max,m005009_o_max_ord8_rk00010,0.6067037176193593,0.6124664176869716,-0.00576270006761237
d3,o_max,m005010_o_max_ord8_rk00011,0.6139128764634614,0.6124664176869716,0.0014464587764897452
d3,o_max,m005011_o_max_ord8_rk00012,0.6088376980791042,0.6124664176869716,-0.003628719607867481
d3,o_max,m005012_o_max_ord8_rk00013,0.599565240230772,0.6124664176869716,-0.012901177456199675
d3,o_max,m005013_o_max_ord8_rk00014,0.6014039010384826,0.6124664176869716,-0.011062516648489007
d3,o_max,m005014_o_max_ord8_rk00015,0.6013640021077566,0.6124664176869716,-0.011102415579214986
d3,o_max,m005015_o_max_ord8_rk00016,0.6057938146922357,0.6124664176869716,-0.006672602994735932
d3,o_max,m005016_o_max_ord8_rk00017,0.61417857628471,0.6124664176869716,0.0017121585977383225
d3,o_max,m005017_o_max_ord8_rk00018,0.6040631328847497,0.6124664176869716,-0.008403284802221966
d3,o_max,m005018_o_max_ord8_rk00019,0.6042338980994794,0.6124664176869716,-0.00823251958749227
d3,o_max,m005019_o_max_ord8_rk00020,0.6012598555580246,0.6124664176869716,-0.011206562128946995
d3,o_max,m006000_o_max_ord9_rk00001,0.5924293894431034,0.6124664176869716,-0.020037028243868216
d3,o_max,m006001_o_max_ord9_rk00002,0.5863560081262005,0.6124664176869716,-0.026110409560771153
d3,o_max,m006002_o_max_ord9_rk00003,0.5950066620139456,0.6124664176869716,-0.017459755673026045
d3,o_max,m006003_o_max_ord9_rk00004,0.5949310891915383,0.6124664176869716,-0.017535328495433378
d3,o_max,m006004_o_max_ord9_rk00005,0.5927404896844938,0.6124664176869716,-0.019725928002477855
d3,o_max,m006005_o_max_ord9_rk00006,0.6035664837790988,0.6124664176869716,-0.008899933907872803
d3,o_max,m006006_o_max_ord9_rk00007,0.6029548670593363,0.6124664176869716,-0.009511550627635312
d3,o_max,m006007_o_max_ord9_rk00008,0.5901078455281623,0.6124664176869716,-0.02235857215880932
d3,o_max,m006008_o_max_ord9_rk00009,0.5868801524668831,0.6124664176869716,-0.025586265220088555
d3,o_max,m006009_o_max_ord9_rk00010,0.5936135198357014,0.6124664176869716,-0.0188528978512702
d3,o_max,m006010_o_max_ord9_rk00011,0.6006434790185308,0.6124664176869716,-0.011822938668440863
d3,o_max,m006011_o_max_ord9_rk00012,0.601445964099651,0.6124664176869716,-0.011020453587320622
d3,o_max,m006012_o_max_ord9_rk00013,0.6077365010034312,0.6124664176869716,-0.004729916683540392
d3,o_max,m006013_o_max_ord9_rk00014,0.5894259256715972,0.6124664176869716,-0.023040492015374392
d3,o_max,m006014_o_max_ord9_rk00015,0.5914965583772216,0.6124664176869716,-0.02096985930975004
d3,o_max,m006015_o_max_ord9_rk00016,0.5891559260287436,0.6124664176869716,-0.023310491658228072
d3,o_max,m006016_o_max_ord9_rk00017,0.5960359456182701,0.6124664176869716,-0.016430472068701518
d3,o_max,m006017_o_max_ord9_rk00018,0.5836826757477749,0.6124664176869716,-0.02878374193919675
d3,o_max,m006018_o_max_ord9_rk00019,0.5940154175313954,0.6124664176869716,-0.018451000155576214
d3,o_max,m006019_o_max_ord9_rk00020,0.5796540738508067,0.6124664176869716,-0.03281234383616494
d3,o_max,m007000_o_max_ord10_rk00001,0.5846556211279926,0.6124664176869716,-0.027810796558979
d3,o_max,m007001_o_max_ord10_rk00002,0.5930322576354761,0.6124664176869716,-0.019434160051495564
d3,o_max,m007002_o_max_ord10_rk00003,0.5899270699143921,0.6124664176869716,-0.022539347772579488
d3,o_max,m007003_o_max_ord10_rk00004,0.5941885100782057,0.6124664176869716,-0.01827790760876591
d3,o_max,m007004_o_max_ord10_rk00005,0.6037202941961548,0.6124664176869716,-0.008746123490816826
d3,o_max,m007005_o_max_ord10_rk00006,0.5888879595169783,0.6124664176869716,-0.023578458169993377
d3,o_max,m007006_o_max_ord10_rk00007,0.5866033225249128,0.6124664176869716,-0.02586309516205887
d3,o_max,m007007_o_max_ord10_rk00008,0.5949370192756638,0.6124664176869716,-0.01752939841130785
d3,o_max,m007008_o_max_ord10_rk00009,0.6065187670004817,0.6124664176869716,-0.005947650686489947
d3,o_max,m007009_o_max_ord10_rk00010,0.5929744030367954,0.6124664176869716,-0.019492014650176248
d3,o_max,m007010_o_max_ord10_rk00011,0.592291376214111,0.6124664176869716,-0.020175041472860644
d3,o_max,m007011_o_max_ord10_rk00012,0.587371373668922,0.6124664176869716,-0.025095044018049628
d3,o_max,m007012_o_max_ord10_rk00013,0.5983851268242155,0.6124664176869716,-0.014081290862756113
d3,o_max,m007013_o_max_ord10_rk00014,0.5907027383810295,0.6124664176869716,-0.02176367930594214
d3,o_max,m007014_o_max_ord10_rk00015,0.605508436470924,0.6124664176869716,-0.006957981216047626
d3,o_max,m007015_o_max_ord10_rk00016,0.5944706198217509,0.6124664176869716,-0.017995797865220764
d3,o_max,m007016_o_max_ord10_rk00017,0.5952489149622313,0.6124664176869716,-0.01721750272474032
d3,o_max,m007017_o_max_ord10_rk00018,0.5905696431259744,0.6124664176869716,-0.021896774560997256
d3,o_max,m007018_o_max_ord10_rk00019,0.5867793007495579,0.6124664176869716,-0.025687116937413768
d3,o_max,m007019_o_max_ord10_rk00020,0.5979049933150999,0.6124664176869716,-0.01456142437187169
d3,o_max,m008000_o_max_ord11_rk00001,0.5906469940199357,0.6124664176869716,-0.02181942366703593
d3,o_max,m008001_o_max_ord11_rk00002,0.5877416086837823,0.6124664176869716,-0.024724809003189296
d3,o_max,m008002_o_max_ord11_rk00003,0.5832971267469877,0.6124664176869716,-0.029169290939983883
d3,o_max,m008003_o_max_ord11_rk00004,0.5921839805175249,0.6124664176869716,-0.020282437169446776
d3,o_max,m008004_o_max_ord11_rk00005,0.5818446768059269,0.6124664176869716,-0.030621740881044746
d3,o_max,m008005_o_max_ord11_rk00006,0.598495055003876,0.6124664176869716,-0.013971362683095623
d3,o_max,m008006_o_max_ord11_rk00007,0.5951057326915956,0.6124664176869716,-0.01736068499537602
d3,o_max,m008007_o_max_ord11_rk00008,0.6003695651359096,0.6124664176869716,-0.012096852551062076
d3,o_max,m008008_o_max_ord11_rk00009,0.5882645099877926,0.6124664176869716,-0.02420190769917907
d3,o_max,m008009_o_max_ord11_rk00010,0.5945581424150493,0.6124664176869716,-0.01790827527192229
d3,o_max,m008010_o_max_ord11_rk00011,0.6070422009876436,0.6124664176869716,-0.005424216699328022
d3,o_max,m008011_o_max_ord11_rk00012,0.588956604905515,0.6124664176869716,-0.023509812781456585
d3,o_max,m008012_o_max_ord11_rk00013,0.5962849166525505,0.6124664176869716,-0.016181501034421175
d3,o_max,m008013_o_max_ord11_rk00014,0.5928734516475855,0.6124664176869716,-0.019592966039386095
d3,o_max,m008014_o_max_ord11_rk00015,0.6072722859259487,0.6124664176869716,-0.005194131761022902
d3,o_max,m008015_o_max_ord11_rk00016,0.5992761341125358,0.6124664176869716,-0.013190283574435857
d3,o_max,m008016_o_max_ord11_rk00017,0.592757145329544,0.6124664176869716,-0.019709272357427587
d3,o_max,m008017_o_max_ord11_rk00018,0.5924530179236238,0.6124664176869716,-0.020013399763347817
d3,o_max,m008018_o_max_ord11_rk00019,0.5875553717118499,0.6124664176869716,-0.024911045975121726
d3,o_max,m008019_o_max_ord11_rk00020,0.5893582160926203,0.6124664176869716,-0.02310820159435134
d3,o_max,m009000_o_max_ord12_rk00001,0.6004733467515015,0.6124664176869716,-0.011993070935470085
d3,o_max,m009001_o_max_ord12_rk00002,0.5954119705287445,0.6124664176869716,-0.017054447158227126
d3,o_max,m009002_o_max_ord12_rk00003,0.593049912918529,0.6124664176869716,-0.01941650476844259
d3,o_max,m009003_o_max_ord12_rk00004,0.594999477198018,0.6124664176869716,-0.017466940488953586
d3,o_max,m009004_o_max_ord12_rk00005,0.6005445586712179,0.6124664176869716,-0.01192185901575371
d3,o_max,m009005_o_max_ord12_rk00006,0.5983495674833883,0.6124664176869716,-0.014116850203583331
d3,o_max,m009006_o_max_ord12_rk00007,0.5964965274187832,0.6124664176869716,-0.015969890268188403
d3,o_max,m009007_o_max_ord12_rk00008,0.5987684500364869,0.6124664176869716,-0.0136979676504847
d3,o_max,m009008_o_max_ord12_rk00009,0.5855539250134314,0.6124664176869716,-0.026912492673540234
d3,o_max,m009009_o_max_ord12_rk00010,0.5873143065403228,0.6124664176869716,-0.025152111146648837
d3,o_max,m009010_o_max_ord12_rk00011,0.5913412067411474,0.6124664176869716,-0.021125210945824202
d3,o_max,m009011_o_max_ord12_rk00012,0.5865744252952106,0.6124664176869716,-0.025891992391760987
d3,o_max,m009012_o_max_ord12_rk00013,0.5926179344478051,0.6124664176869716,-0.019848483239166548
d3,o_max,m009013_o_max_ord12_rk00014,0.5985620155481564,0.6124664176869716,-0.013904402138815275
d3,o_max,m009014_o_max_ord12_rk00015,0.5993874436804327,0.6124664176869716,-0.013078974006538902
d3,o_max,m009015_o_max_ord12_rk00016,0.5944986129718395,0.6124664176869716,-0.017967804715132152
d3,o_max,m009016_o_max_ord12_rk00017,0.6060355141850886,0.6124664176869716,-0.006430903501883023
d3,o_max,m009017_o_max_ord12_rk00018,0.6062384468965127,0.6124664176869716,-0.006227970790458892
d3,o_max,m009018_o_max_ord12_rk00019,0.6006711985268318,0.6124664176869716,-0.011795219160139814
d3,o_max,m009019_o_max_ord12_rk00020,0.6009956527060101,0.6124664176869716,-0.011470764980961556
d3,o_max,m010000_o_max_ord13_rk00001,0.5912451098768485,0.6124664176869716,-0.021221307810123102
d3,o_max,m010001_o_max_ord13_rk00002,0.5960029294321109,0.6124664176869716,-0.01646348825486077
d3,o_max,m010002_o_max_ord13_rk00003,0.5929987821423013,0.6124664176869716,-0.019467635544670348
d3,o_max,m010003_o_max_ord13_rk00004,0.5991456910911348,0.6124664176869716,-0.01332072659583683
d3,o_max,m010004_o_max_ord13_rk00005,0.5885445022878484,0.6124664176869716,-0.02392191539912325
d3,o_max,m010005_o_max_ord13_rk00006,0.5954955635982285,0.6124664176869716,-0.016970854088743104
d3,o_max,m010006_o_max_ord13_rk00007,0.5939872891001379,0.6124664176869716,-0.01847912858683376
d3,o_max,m010007_o_max_ord13_rk00008,0.5945626875646361,0.6124664176869716,-0.01790373012233548
d3,o_max,m010008_o_max_ord13_rk00009,0.6059888979150776,0.6124664176869716,-0.006477519771894036
d3,o_max,m010009_o_max_ord13_rk00010,0.5900284863992235,0.6124664176869716,-0.02243793128774818
d3,o_max,m010010_o_max_ord13_rk00011,0.6018044499115589,0.6124664176869716,-0.010661967775412728
d3,o_max,m010011_o_max_ord13_rk00012,0.5987311987185561,0.6124664176869716,-0.013735218968415563
d3,o_max,m010012_o_max_ord13_rk00013,0.6013628630895222,0.6124664176869716,-0.011103554597449383
d3,o_max,m010013_o_max_ord13_rk00014,0.5966784494922979,0.6124664176869716,-0.015787968194673763
d3,o_max,m010014_o_max_ord13_rk00015,0.5889697579366846,0.6124664176869716,-0.02349665975028703
d3,o_max,m010015_o_max_ord13_rk00016,0.5896100615644987,0.6124664176869716,-0.022856356122472943
d3,o_max,m010016_o_max_ord13_rk00017,0.5972103132895074,0.6124664176869716,-0.015256104397464276
d3,o_max,m010017_o_max_ord13_rk00018,0.6009248016769235,0.6124664176869716,-0.011541616010048106
d3,o_max,m010018_o_max_ord13_rk00019,0.5975440294700677,0.6124664176869716,-0.014922388216903948
d3,o_max,m010019_o_max_ord13_rk00020,0.5997860961377471,0.6124664176869716,-0.012680321549224494
d3,o_max,m011000_o_max_ord14_rk00001,0.5935015135514462,0.6124664176869716,-0.01896490413552543
d3,o_max,m011001_o_max_ord14_rk00002,0.6028908567248059,0.6124664176869716,-0.009575560962165719
d3,o_max,m011002_o_max_ord14_rk00003,0.5927893698422528,0.6124664176869716,-0.019677047844718798
d3,o_max,m011003_o_max_ord14_rk00004,0.608006305672308,0.6124664176869716,-0.004460112014663675
d3,o_max,m011004_o_max_ord14_rk00005,0.5925771423234498,0.6124664176869716,-0.019889275363521808
d3,o_max,m011005_o_max_ord14_rk00006,0.6091031506903514,0.6124664176869716,-0.003363266996620262
d3,o_max,m011006_o_max_ord14_rk00007,0.5957847871039467,0.6124664176869716,-0.016681630583024964
d3,o_max,m011007_o_max_ord14_rk00008,0.6028428878063399,0.6124664176869716,-0.009623529880631754
d3,o_max,m011008_o_max_ord14_rk00009,0.5997206518651051,0.6124664176869716,-0.012745765821866484
d3,o_max,m011009_o_max_ord14_rk00010,0.5983767647902802,0.6124664176869716,-0.014089652896691396
d3,o_max,m011010_o_max_ord14_rk00011,0.5957034828824019,0.6124664176869716,-0.016762934804569696
d3,o_max,m011011_o_max_ord14_rk00012,0.5974167051479389,0.6124664176869716,-0.015049712539032756
d3,o_max,m011012_o_max_ord14_rk00013,0.5871414669576499,0.6124664176869716,-0.025324950729321727
d3,o_max,m011013_o_max_ord14_rk00014,0.5914864027297235,0.6124664176869716,-0.020980014957248105
d3,o_max,m011014_o_max_ord14_rk00015,0.5956518314836191,0.6124664176869716,-0.016814586203352522
d3,o_max,m011015_o_max_ord14_rk00016,0.6018282923828532,0.6124664176869716,-0.010638125304118451
d3,o_max,m011016_o_max_ord14_rk00017,0.5968078859837784,0.6124664176869716,-0.0156585317031932
d3,o_max,m011017_o_max_ord14_rk00018,0.5950136615461672,0.6124664176869716,-0.017452756140804437
d3,o_max,m011018_o_max_ord14_rk00019,0.5917734881530718,0.6124664176869716,-0.020692929533899784
d3,o_max,m011019_o_max_ord14_rk00020,0.592305927674051,0.6124664176869716,-0.02016049001292064
d3,o_max,m012000_o_max_ord15_rk00001,0.602531720011501,0.6124664176869716,-0.009934697675470616
d3,o_max,m012001_o_max_ord15_rk00002,0.5967573963619288,0.6124664176869716,-0.015709021325042816
d3,o_max,m012002_o_max_ord15_rk00003,0.5988084907401664,0.6124664176869716,-0.013657926946805232
d3,o_max,m012003_o_max_ord15_rk00004,0.5915737137096602,0.6124664176869716,-0.020892703977311466
d3,o_max,m012004_o_max_ord15_rk00005,0.6025676784594662,0.6124664176869716,-0.009898739227505393
d3,o_max,m012005_o_max_ord15_rk00006,0.5914969683648278,0.6124664176869716,-0.02096944932214384
d3,o_max,m012006_o_max_ord15_rk00007,0.5949992574074694,0.6124664176869716,-0.017467160279502236
d3,o_max,m012007_o_max_ord15_rk00008,0.5778943231193052,0.6124664176869716,-0.03457209456766641
d3,o_max,m012008_o_max_ord15_rk00009,0.5905858380016145,0.6124664176869716,-0.02188057968535717
d3,o_max,m012009_o_max_ord15_rk00010,0.5955037192089221,0.6124664176869716,-0.016962698478049543
d3,o_max,m012010_o_max_ord15_rk00011,0.5952289008481024,0.6124664176869716,-0.017237516838869205
d3,o_max,m012011_o_max_ord15_rk00012,0.6011924620485503,0.6124664176869716,-0.011273955638421373
d3,o_max,m012012_o_max_ord15_rk00013,0.6081178234414795,0.6124664176869716,-0.0043485942454921656
d3,o_max,m012013_o_max_ord15_rk00014,0.587357070784539,0.6124664176869716,-0.025109346902432605
d3,o_max,m012014_o_max_ord15_rk00015,0.5943373946931871,0.6124664176869716,-0.018129022993784494
d3,o_max,m012015_o_max_ord15_rk00016,0.5917132795560425,0.6124664176869716,-0.02075313813092916
d3,o_max,m012016_o_max_ord15_rk00017,0.5997769732591096,0.6124664176869716,-0.012689444427862018
d3,o_max,m012017_o_max_ord15_rk00018,0.5920353070906149,0.6124664176869716,-0.020431110596356716
d3,o_max,m012018_o_max_ord15_rk00019,0.6006376022824476,0.6124664176869716,-0.011828815404524073
d3,o_max,m012019_o_max_ord15_rk00020,0.5926556371024932,0.6124664176869716,-0.019810780584478382
d3,o_max,m013000_o_max_ord16_rk00001,0.6000756191790613,0.6124664176869716,-0.012390798507910361
d3,o_max,m013001_o_max_ord16_rk00002,0.5962130689546259,0.6124664176869716,-0.01625334873234574
d3,o_max,m013002_o_max_ord16_rk00003,0.5908860106167411,0.6124664176869716,-0.021580407070230567
d3,o_max,m013003_o_max_ord16_rk00004,0.5783365015750714,0.6124664176869716,-0.034129916111900194
d3,o_max,m013004_o_max_ord16_rk00005,0.5946850887554629,0.6124664176869716,-0.017781328931508744
d3,o_max,m013005_o_max_ord16_rk00006,0.5974249155583786,0.6124664176869716,-0.01504150212859301
d3,o_max,m013006_o_max_ord16_rk00007,0.6009656077843681,0.6124664176869716,-0.011500809902603493
d3,o_max,m013007_o_max_ord16_rk00008,0.5923642196420792,0.6124664176869716,-0.02010219804489244
d3,o_max,m013008_o_max_ord16_rk00009,0.5961716241471864,0.6124664176869716,-0.016294793539785246
d3,o_max,m013009_o_max_ord16_rk00010,0.6050423079060934,0.6124664176869716,-0.007424109780878263
d3,o_max,m013010_o_max_ord16_rk00011,0.5972978386373786,0.6124664176869716,-0.015168579049593012
d3,o_max,m013011_o_max_ord16_rk00012,0.5959042180648702,0.6124664176869716,-0.01656219962210148
d3,o_max,m013012_o_max_ord16_rk00013,0.596142992238303,0.6124664176869716,-0.016323425448668605
d3,o_max,m013013_o_max_ord16_rk00014,0.5905055622802551,0.6124664176869716,-0.02196085540671655
d3,o_max,m013014_o_max_ord16_rk00015,0.592068399900822,0.6124664176869716,-0.02039801778614958
d3,o_max,m013015_o_max_ord16_rk00016,0.5864745996212701,0.6124664176869716,-0.0259918180657015
d3,o_max,m013016_o_max_ord16_rk00017,0.5991298348308587,0.6124664176869716,-0.013336582856112944
d3,o_max,m013017_o_max_ord16_rk00018,0.596658330754473,0.6124664176869716,-0.015808086932498577
d3,o_max,m013018_o_max_ord16_rk00019,0.5856964389798329,0.6124664176869716,-0.02676997870713871
d3,o_max,m013019_o_max_ord16_rk00020,0.5984318931549026,0.6124664176869716,-0.014034524532068993
d3,o_max,m014000_o_max_ord17_rk00001,0.5638750361692806,0.6124664176869716,-0.048591381517691046
d3,o_max,m014001_o_max_ord17_rk00002,0.6051102257435748,0.6124664176869716,-0.0073561919433968725
d3,o_max,m014002_o_max_ord17_rk00003,0.595804103176771,0.6124664176869716,-0.016662314510200615
d3,o_max,m014003_o_max_ord17_rk00004,0.6014650525732044,0.6124664176869716,-0.011001365113767259
d3,o_max,m014004_o_max_ord17_rk00005,0.6001334151407247,0.6124664176869716,-0.012333002546246918
d3,o_max,m014005_o_max_ord17_rk00006,0.5965238152828569,0.6124664176869716,-0.015942602404114714
d3,o_max,m014006_o_max_ord17_rk00007,0.6008660268308524,0.6124664176869716,-0.011600390856119192
d3,o_max,m014007_o_max_ord17_rk00008,0.5941339433249311,0.6124664176869716,-0.01833247436204055
d3,o_max,m014008_o_max_ord17_rk00009,0.6033438960469101,0.6124664176869716,-0.009122521640061554
d3,o_max,m014009_o_max_ord17_rk00010,0.5946245644205379,0.6124664176869716,-0.017841853266433727
d3,o_max,m014010_o_max_ord17_rk00011,0.6020419247181963,0.6124664176869716,-0.010424492968775345
d3,o_max,m014011_o_max_ord17_rk00012,0.6015419245610014,0.6124664176869716,-0.010924493125970214
d3,o_max,m014012_o_max_ord17_rk00013,0.597683790634604,0.6124664176869716,-0.014782627052367658
d3,o_max,m014013_o_max_ord17_rk00014,0.5849437340925213,0.6124664176869716,-0.027522683594450315
d3,o_max,m014014_o_max_ord17_rk00015,0.5980641307697608,0.6124664176869716,-0.014402286917210794
d3,o_max,m014015_o_max_ord17_rk00016,0.6004554472793221,0.6124664176869716,-0.012010970407649535
d3,o_max,m014016_o_max_ord17_rk00017,0.6045118336217168,0.6124664176869716,-0.007954584065254844
d3,o_max,m014017_o_max_ord17_rk00018,0.5970238398334364,0.6124664176869716,-0.0154425778535352
d3,o_max,m014018_o_max_ord17_rk00019,0.5987440782844291,0.6124664176869716,-0.013722339402542527
d3,o_max,m014019_o_max_ord17_rk00020,0.594284485029774,0.6124664176869716,-0.018181932657197586
d3,o_max,m015000_o_max_ord18_rk00001,0.5619137983861053,0.6124664176869716,-0.0505526193008663
d3,o_max,m015001_o_max_ord18_rk00002,0.5933551659918606,0.6124664176869716,-0.019111251695111076
d3,o_max,m015002_o_max_ord18_rk00003,0.5958399940681379,0.6124664176869716,-0.016626423618833708
d3,o_max,m015003_o_max_ord18_rk00004,0.5986540487019452,0.6124664176869716,-0.013812368985026469
d3,o_max,m015004_o_max_ord18_rk00005,0.6017332363682784,0.6124664176869716,-0.010733181318693275
d3,o_max,m015005_o_max_ord18_rk00006,0.5945205830196058,0.6124664176869716,-0.01794583466736588
d3,o_max,m015006_o_max_ord18_rk00007,0.5983893409836335,0.6124664176869716,-0.014077076703338132
d3,o_max,m015007_o_max_ord18_rk00008,0.5974189236071095,0.6124664176869716,-0.015047494079862167
d3,o_max,m015008_o_max_ord18_rk00009,0.5938931877636272,0.6124664176869716,-0.018573229923344425
d3,o_max,m015009_o_max_ord18_rk00010,0.6010148732106544,0.6124664176869716,-0.011451544476317244
d3,o_max,m015010_o_max_ord18_rk00011,0.5974124628445561,0.6124664176869716,-0.015053954842415562
d3,o_max,m015011_o_max_ord18_rk00012,0.59294141354608,0.6124664176869716,-0.019525004140891644
d3,o_max,m015012_o_max_ord18_rk00013,0.5985130428449488,0.6124664176869716,-0.013953374842022859
d3,o_max,m015013_o_max_ord18_rk00014,0.5986410860737228,0.6124664176869716,-0.013825331613248837
d3,o_max,m015014_o_max_ord18_rk00015,0.5914975542034923,0.6124664176869716,-0.020968863483479372
d3,o_max,m015015_o_max_ord18_rk00016,0.5929467183010203,0.6124664176869716,-0.019519699385951328
d3,o_max,m015016_o_max_ord18_rk00017,0.5908358384013568,0.6124664176869716,-0.021630579285614848
d3,o_max,m015017_o_max_ord18_rk00018,0.5955187291380488,0.6124664176869716,-0.016947688548922812
d3,o_max,m015018_o_max_ord18_rk00019,0.5946965394051169,0.6124664176869716,-0.017769878281854723
d3,o_max,m015019_o_max_ord18_rk00020,0.6013116867523646,0.6124664176869716,-0.01115473093460706
d3,o_max,m016000_o_max_ord19_rk00001,0.5523916231759715,0.6124664176869716,-0.060074794511000174
d3,o_max,m016001_o_max_ord19_rk00002,0.5902449646966748,0.6124664176869716,-0.022221452990296875
d3,o_max,m016002_o_max_ord19_rk00003,0.5873783222815199,0.6124664176869716,-0.02508809540545176
d3,o_max,m016003_o_max_ord19_rk00004,0.5887022638055823,0.6124664176869716,-0.023764153881389305
d3,o_max,m016004_o_max_ord19_rk00005,0.5841340850687815,0.6124664176869716,-0.028332332618190126
d3,o_max,m016005_o_max_ord19_rk00006,0.5953522054971101,0.6124664176869716,-0.017114212189861533
d3,o_max,m016006_o_max_ord19_rk00007,0.5969130142745046,0.6124664176869716,-0.015553403412467026
d3,o_max,m016007_o_max_ord19_rk00008,0.5929995044254162,0.6124664176869716,-0.019466913261555474
d3,o_max,m016008_o_max_ord19_rk00009,0.5883619487113931,0.6124664176869716,-0.024104468975578497
d3,o_max,m016009_o_max_ord19_rk00010,0.6008871360945489,0.6124664176869716,-0.011579281592422719
d3,o_max,m016010_o_max_ord19_rk00011,0.5896626577990585,0.6124664176869716,-0.022803759887913166
d3,o_max,m016011_o_max_ord19_rk00012,0.5772222111311441,0.6124664176869716,-0.035244206555827495
d3,o_max,m016012_o_max_ord19_rk00013,0.5864694822892204,0.6124664176869716,-0.025996935397751275
d3,o_max,m016013_o_max_ord19_rk00014,0.5938912245859174,0.6124664176869716,-0.018575193101054266
d3,o_max,m016014_o_max_ord19_rk00015,0.5876264390558382,0.6124664176869716,-0.024839978631133408
d3,o_max,m016015_o_max_ord19_rk00016,0.588110483331215,0.6124664176869716,-0.02435593435575667
d3,o_max,m016016_o_max_ord19_rk00017,0.5860602202306847,0.6124664176869716,-0.026406197456286917
d3,o_max,m016017_o_max_ord19_rk00018,0.5813467717822187,0.6124664176869716,-0.031119645904752913
d3,o_max,m016018_o_max_ord19_rk00019,0.5853980258108489,0.6124664176869716,-0.027068391876122755
d3,o_max,m016019_o_max_ord19_rk00020,0.5725364195958476,0.6124664176869716,-0.039929998091124075
d3,o_max,m017000_o_max_ord20_rk00001,0.573283967755346,0.6124664176869716,-0.039182449931625674
d3,o_max,m017001_o_max_ord20_rk00002,0.5923081490314361,0.6124664176869716,-0.020158268655535494
d3,o_max,m017002_o_max_ord20_rk00003,0.592187873202633,0.6124664176869716,-0.020278544484338634
d3,o_max,m017003_o_max_ord20_rk00004,0.5936343925385912,0.6124664176869716,-0.01883202514838045
d3,o_max,m017004_o_max_ord20_rk00005,0.5949797508577606,0.6124664176869716,-0.017486666829211073
d3,o_max,m017005_o_max_ord20_rk00006,0.603079850058686,0.6124664176869716,-0.009386567628285603
d3,o_max,m017006_o_max_ord20_rk00007,0.5959336486986349,0.6124664176869716,-0.016532768988336777
d3,o_max,m017007_o_max_ord20_rk00008,0.5898537908482138,0.6124664176869716,-0.022612626838757865
d3,o_max,m017008_o_max_ord20_rk00009,0.5939027540160605,0.6124664176869716,-0.018563663670911112
d3,o_max,m017009_o_max_ord20_rk00010,0.6064230181903597,0.6124664176869716,-0.006043399496611923
d3,o_max,m017010_o_max_ord20_rk00011,0.5953669545599798,0.6124664176869716,-0.017099463126991843
d3,o_max,m017011_o_max_ord20_rk00012,0.5751457472733936,0.6124664176869716,-0.037320670413578005
d3,o_max,m017012_o_max_ord20_rk00013,0.5964865758647903,0.6124664176869716,-0.015979841822181373
d3,o_max,m017013_o_max_ord20_rk00014,0.5962853127738562,0.6124664176869716,-0.01618110491311542
d3,o_max,m017014_o_max_ord20_rk00015,0.5893657699032968,0.6124664176869716,-0.02310064778367482
d3,o_max,m017015_o_max_ord20_rk00016,0.5904157182390823,0.6124664176869716,-0.022050699447889288
d3,o_max,m017016_o_max_ord20_rk00017,0.5975652768295687,0.6124664176869716,-0.014901140857402906
d3,o_max,m017017_o_max_ord20_rk00018,0.5824683194448993,0.6124664176869716,-0.029998098242072335
d3,o_max,m017018_o_max_ord20_rk00019,0.5720787864503909,0.6124664176869716,-0.040387631236580734
d3,o_max,m017019_o_max_ord20_rk00020,0.5980410985588044,0.6124664176869716,-0.014425319128167247
d3,o_max,m018000_o_max_ord21_rk00001,0.5699970183056391,0.6124664176869716,-0.04246939938133254
d3,o_max,m018001_o_max_ord21_rk00002,0.5874588327354328,0.6124664176869716,-0.025007584951538875
d3,o_max,m018002_o_max_ord21_rk00003,0.5863737221854279,0.6124664176869716,-0.026092695501543695
d3,o_max,m018003_o_max_ord21_rk00004,0.5942000440475097,0.6124664176869716,-0.01826637363946193
d3,o_max,m018004_o_max_ord21_rk00005,0.5610254115851205,0.6124664176869716,-0.051441006101851094
d3,o_max,m018005_o_max_ord21_rk00006,0.5774797073567006,0.6124664176869716,-0.03498671033027101
d3,o_max,m018006_o_max_ord21_rk00007,0.567206408181108,0.6124664176869716,-0.04526000950586362
d3,o_max,m018007_o_max_ord21_rk00008,0.5853842505526152,0.6124664176869716,-0.027082167134356405
d3,o_max,m018008_o_max_ord21_rk00009,0.59592385522118,0.6124664176869716,-0.016542562465791666
d3,o_max,m018009_o_max_ord21_rk00010,0.5837809570250478,0.6124664176869716,-0.02868546066192379
d3,o_max,m018010_o_max_ord21_rk00011,0.5811688711587801,0.6124664176869716,-0.0312975465281915
d3,o_max,m018011_o_max_ord21_rk00012,0.5913522961638513,0.6124664176869716,-0.02111412152312031
d3,o_max,m018012_o_max_ord21_rk00013,0.5582715040829844,0.6124664176869716,-0.054194913603987205
d3,o_max,m018013_o_max_ord21_rk00014,0.5837545772010639,0.6124664176869716,-0.02871184048590769
d3,o_max,m018014_o_max_ord21_rk00015,0.5860583814250095,0.6124664176869716,-0.026408036261962087
d3,o_max,m018015_o_max_ord21_rk00016,0.5644118590333635,0.6124664176869716,-0.04805455865360808
d3,o_max,m018016_o_max_ord21_rk00017,0.5669107470730522,0.6124664176869716,-0.04555567061391941
d3,o_max,m018017_o_max_ord21_rk00018,0.5653354785104379,0.6124664176869716,-0.04713093917653377
d3,o_max,m018018_o_max_ord21_rk00019,0.5781229357354741,0.6124664176869716,-0.0343434819514975
d3,o_max,m018019_o_max_ord21_rk00020,0.5864411655268289,0.6124664176869716,-0.02602525216014273
d3,o_max,m019000_o_max_ord22_rk00001,0.5561545037346145,0.6124664176869716,-0.05631191395235713
d3,o_max,m019001_o_max_ord22_rk00002,0.565706683179694,0.6124664176869716,-0.04675973450727766
d3,o_max,m019002_o_max_ord22_rk00003,0.5920505403723983,0.6124664176869716,-0.020415877314573283
d3,o_max,m019003_o_max_ord22_rk00004,0.6001578565672463,0.6124664176869716,-0.012308561119725336
d3,o_max,m019004_o_max_ord22_rk00005,0.5609505007791052,0.6124664176869716,-0.05151591690786639
d3,o_max,m019005_o_max_ord22_rk00006,0.5937216571971566,0.6124664176869716,-0.018744760489814993
d3,o_max,m019006_o_max_ord22_rk00007,0.5795679999413528,0.6124664176869716,-0.03289841774561886
d3,o_max,m019007_o_max_ord22_rk00008,0.5933507758334781,0.6124664176869716,-0.01911564185349357
d3,o_max,m019008_o_max_ord22_rk00009,0.5956803808514608,0.6124664176869716,-0.01678603683551083
d3,o_max,m019009_o_max_ord22_rk00010,0.5808198875154709,0.6124664176869716,-0.031646530171500764
d3,o_max,m019010_o_max_ord22_rk00011,0.5966743931029479,0.6124664176869716,-0.015792024584023734
d3,o_max,m019011_o_max_ord22_rk00012,0.5965604667295066,0.6124664176869716,-0.015905950957465054
d3,o_max,m019012_o_max_ord22_rk00013,0.5957435593711979,0.6124664176869716,-0.016722858315773692
d3,o_max,m019013_o_max_ord22_rk00014,0.6007259884547715,0.6124664176869716,-0.01174042923220009
d3,o_max,m019014_o_max_ord22_rk00015,0.5602834724611958,0.6124664176869716,-0.05218294522577582
d3,o_max,m019015_o_max_ord22_rk00016,0.5842413102147389,0.6124664176869716,-0.028225107472232724
d3,o_max,m019016_o_max_ord22_rk00017,0.5977515667138843,0.6124664176869716,-0.014714850973087334
d3,o_max,m019017_o_max_ord22_rk00018,0.5930725952313779,0.6124664176869716,-0.019393822455593734
d3,o_max,m019018_o_max_ord22_rk00019,0.6001247351602095,0.6124664176869716,-0.012341682526762154
d3,o_max,m019019_o_max_ord22_rk00020,0.5823767453505023,0.6124664176869716,-0.03008967233646931
d3,o_max,m020000_o_max_ord23_rk00001,0.5661852461599222,0.6124664176869716,-0.04628117152704947
d3,o_max,m020001_o_max_ord23_rk00002,0.5957434226559121,0.6124664176869716,-0.016722995031059562
d3,o_max,m020002_o_max_ord23_rk00003,0.5672634423368181,0.6124664176869716,-0.045202975350153496
d3,o_max,m020003_o_max_ord23_rk00004,0.5962708823349565,0.6124664176869716,-0.016195535352015122
d3,o_max,m020004_o_max_ord23_rk00005,0.5610655846157999,0.6124664176869716,-0.051400833071171714
d3,o_max,m020005_o_max_ord23_rk00006,0.6015401524120947,0.6124664176869716,-0.010926265274876945
d3,o_max,m020006_o_max_ord23_rk00007,0.5928576256590266,0.6124664176869716,-0.019608792027945077
d3,o_max,m020007_o_max_ord23_rk00008,0.5679543320612122,0.6124664176869716,-0.04451208562575948
d3,o_max,m020008_o_max_ord23_rk00009,0.5481375962321635,0.6124664176869716,-0.06432882145480812
d3,o_max,m020009_o_max_ord23_rk00010,0.5933536727523308,0.6124664176869716,-0.01911274493464088
d3,o_max,m020010_o_max_ord23_rk00011,0.5898548097445736,0.6124664176869716,-0.022611607942398027
d3,o_max,m020011_o_max_ord23_rk00012,0.6008323327368078,0.6124664176869716,-0.011634084950163825
d3,o_max,m020012_o_max_ord23_rk00013,0.5967473247898618,0.6124664176869716,-0.01571909289710982
d3,o_max,m020013_o_max_ord23_rk00014,0.5557461555259873,0.6124664176869716,-0.05672026216098436
d3,o_max,m020014_o_max_ord23_rk00015,0.5938010665503956,0.6124664176869716,-0.01866535113657608
d3,o_max,m020015_o_max_ord23_rk00016,0.6009703006700544,0.6124664176869716,-0.011496117016917218
d3,o_max,m020016_o_max_ord23_rk00017,0.5858509131416432,0.6124664176869716,-0.02661550454532846
d3,o_max,m020017_o_max_ord23_rk00018,0.5751426671033257,0.6124664176869716,-0.0373237505836459
d3,o_max,m020018_o_max_ord23_rk00019,0.5940474888103189,0.6124664176869716,-0.01841892887665275
d3,o_max,m020019_o_max_ord23_rk00020,0.5966724183649863,0.6124664176869716,-0.01579399932198533
d3,o_max,m021000_o_max_ord24_rk00001,0.576477220790621,0.6124664176869716,-0.035989196896350606
d3,o_max,m021001_o_max_ord24_rk00002,0.5958091552605929,0.6124664176869716,-0.01665726242637877
d3,o_max,m021002_o_max_ord24_rk00003,0.5986843970823961,0.6124664176869716,-0.013782020604575562
d3,o_max,m021003_o_max_ord24_rk00004,0.6005915286397966,0.6124664176869716,-0.011874889047175041
d3,o_max,m021004_o_max_ord24_rk00005,0.6021074706733942,0.6124664176869716,-0.010358947013577424
d3,o_max,m021005_o_max_ord24_rk00006,0.5903352898579246,0.6124664176869716,-0.022131127829047026
d3,o_max,m021006_o_max_ord24_rk00007,0.6036401228952688,0.6124664176869716,-0.008826294791702827
d3,o_max,m021007_o_max_ord24_rk00008,0.5977172674836488,0.6124664176869716,-0.014749150203322792
d3,o_max,m021008_o_max_ord24_rk00009,0.5931363201163742,0.6124664176869716,-0.01933009757059745
d3,o_max,m021009_o_max_ord24_rk00010,0.6017886794964367,0.6124664176869716,-0.010677738190534969
d3,o_max,m021010_o_max_ord24_rk00011,0.5793048110452442,0.6124664176869716,-0.033161606641727404
d3,o_max,m021011_o_max_ord24_rk00012,0.5930429236278034,0.6124664176869716,-0.01942349405916821
d3,o_max,m021012_o_max_ord24_rk00013,0.6010238550173164,0.6124664176869716,-0.011442562669655265
d3,o_max,m021013_o_max_ord24_rk00014,0.5991035254144603,0.6124664176869716,-0.013362892272511306
d3,o_max,m021014_o_max_ord24_rk00015,0.5781905095891193,0.6124664176869716,-0.0342759080978523
d3,o_max,m021015_o_max_ord24_rk00016,0.5685934545100574,0.6124664176869716,-0.04387296317691425
d3,o_max,m021016_o_max_ord24_rk00017,0.5823240912382786,0.6124664176869716,-0.03014232644869308
d3,o_max,m021017_o_max_ord24_rk00018,0.5859681742355107,0.6124664176869716,-0.0264982434514609
d3,o_max,m021018_o_max_ord24_rk00019,0.6040833027923562,0.6124664176869716,-0.008383114894615407
d3,o_max,m021019_o_max_ord24_rk00020,0.5753722088095565,0.6124664176869716,-0.0370942088774151
d3,o_max,m022000_o_max_ord25_rk00001,0.5999395394941844,0.6124664176869716,-0.012526878192787194
d3,o_max,m022001_o_max_ord25_rk00002,0.5960109844046425,0.6124664176869716,-0.016455433282329124
d3,o_max,m022002_o_max_ord25_rk00003,0.5666382344681007,0.6124664176869716,-0.045828183218870944
d3,o_max,m022003_o_max_ord25_rk00004,0.598477967586638,0.6124664176869716,-0.013988450100333671
d3,o_max,m022004_o_max_ord25_rk00005,0.5965939431198938,0.6124664176869716,-0.015872474567077854
d3,o_max,m022005_o_max_ord25_rk00006,0.5941851995265722,0.6124664176869716,-0.018281218160399404
d3,o_max,m022006_o_max_ord25_rk00007,0.6020505246939689,0.6124664176869716,-0.010415892993002718
d3,o_max,m022007_o_max_ord25_rk00008,0.5878431780111921,0.6124664176869716,-0.024623239675779507
d3,o_max,m022008_o_max_ord25_rk00009,0.5914250114455553,0.6124664176869716,-0.02104140624141637
d3,o_max,m022009_o_max_ord25_rk00010,0.5923420017091354,0.6124664176869716,-0.020124415977836208
d3,o_max,m022010_o_max_ord25_rk00011,0.5729150296899577,0.6124664176869716,-0.039551387997013965
d3,o_max,m022011_o_max_ord25_rk00012,0.5913912305198217,0.6124664176869716,-0.021075187167149956
d3,o_max,m022012_o_max_ord25_rk00013,0.5765441853500063,0.6124664176869716,-0.03592223233696534
d3,o_max,m022013_o_max_ord25_rk00014,0.5956309511625666,0.6124664176869716,-0.01683546652440504
d3,o_max,m022014_o_max_ord25_rk00015,0.5725962471989241,0.6124664176869716,-0.03987017048804753
d3,o_max,m022015_o_max_ord25_rk00016,0.5980777872400962,0.6124664176869716,-0.014388630446875439
d3,o_max,m022016_o_max_ord25_rk00017,0.5671962213115626,0.6124664176869716,-0.04527019637540908
d3,o_max,m022017_o_max_ord25_rk00018,0.5951228631475065,0.6124664176869716,-0.017343554539465122
d3,o_max,m022018_o_max_ord25_rk00019,0.5943130375282016,0.6124664176869716,-0.018153380158769994
d3,o_max,m022019_o_max_ord25_rk00020,0.5750036053977664,0.6124664176869716,-0.03746281228920523
d3,o_max,m023000_o_max_ord26_rk00001,0.5624786579232628,0.6124664176869716,-0.04998775976370884
d3,o_max,m023001_o_max_ord26_rk00002,0.5954893308154041,0.6124664176869716,-0.016977086871567515
d3,o_max,m023002_o_max_ord26_rk00003,0.597316848177892,0.6124664176869716,-0.015149569509079641
d3,o_max,m023003_o_max_ord26_rk00004,0.5938096331957279,0.6124664176869716,-0.01865678449124375
d3,o_max,m023004_o_max_ord26_rk00005,0.5918748762841703,0.6124664176869716,-0.020591541402801283
d3,o_max,m023005_o_max_ord26_rk00006,0.6011619217674009,0.6124664176869716,-0.011304495919570723
d3,o_max,m023006_o_max_ord26_rk00007,0.5865808786279056,0.6124664176869716,-0.025885539059065987
d3,o_max,m023007_o_max_ord26_rk00008,0.6001324302896549,0.6124664176869716,-0.012333987397316726
d3,o_max,m023008_o_max_ord26_rk00009,0.5833093106215084,0.6124664176869716,-0.02915710706546326
d3,o_max,m023009_o_max_ord26_rk00010,0.5820426115452726,0.6124664176869716,-0.03042380614169904
d3,o_max,m023010_o_max_ord26_rk00011,0.5998960452338431,0.6124664176869716,-0.012570372453128531
d3,o_max,m023011_o_max_ord26_rk00012,0.5964661742028511,0.6124664176869716,-0.016000243484120547
d3,o_max,m023012_o_max_ord26_rk00013,0.5877128537502572,0.6124664176869716,-0.024753563936714462
d3,o_max,m023013_o_max_ord26_rk00014,0.5768518263672961,0.6124664176869716,-0.03561459131967548
d3,o_max,m023014_o_max_ord26_rk00015,0.5783976587342659,0.6124664176869716,-0.03406875895270578
d3,o_max,m023015_o_max_ord26_rk00016,0.5968741902529766,0.6124664176869716,-0.01559222743399502
d3,o_max,m023016_o_max_ord26_rk00017,0.5947806377049959,0.6124664176869716,-0.017685779981975736
d3,o_max,m023017_o_max_ord26_rk00018,0.5899036967279002,0.6124664176869716,-0.022562720959071414
d3,o_max,m023018_o_max_ord26_rk00019,0.5948875063648547,0.6124664176869716,-0.017578911322116975
d3,o_max,m023019_o_max_ord26_rk00020,0.586470221746042,0.6124664176869716,-0.02599619594092961
d3,o_max,m024000_o_max_ord27_rk00001,0.5774204217935077,0.6124664176869716,-0.03504599589346391
d3,o_max,m024001_o_max_ord27_rk00002,0.5726805211234064,0.6124664176869716,-0.03978589656356524
d3,o_max,m024002_o_max_ord27_rk00003,0.6048503707682171,0.6124664176869716,-0.007616046918754504
d3,o_max,m024003_o_max_ord27_rk00004,0.5690024486674607,0.6124664176869716,-0.043463969019510884
d3,o_max,m024004_o_max_ord27_rk00005,0.5996605079501228,0.6124664176869716,-0.012805909736848808
d3,o_max,m024005_o_max_ord27_rk00006,0.5954661946619746,0.6124664176869716,-0.01700022302499704
d3,o_max,m024006_o_max_ord27_rk00007,0.6002458233152583,0.6124664176869716,-0.0122205943717133
d3,o_max,m024007_o_max_ord27_rk00008,0.577638150175019,0.6124664176869716,-0.03482826751195267
d3,o_max,m024008_o_max_ord27_rk00009,0.5768276874873403,0.6124664176869716,-0.035638730199631374
d3,o_max,m024009_o_max_ord27_rk00010,0.5979308773029983,0.6124664176869716,-0.014535540383973311
d3,o_max,m024010_o_max_ord27_rk00011,0.6005645490648963,0.6124664176869716,-0.011901868622075318
d3,o_max,m024011_o_max_ord27_rk00012,0.6014717614697307,0.6124664176869716,-0.010994656217240939
d3,o_max,m024012_o_max_ord27_rk00013,0.5732972265349374,0.6124664176869716,-0.03916919115203421
d3,o_max,m024013_o_max_ord27_rk00014,0.5716080655167234,0.6124664176869716,-0.04085835217024825
d3,o_max,m024014_o_max_ord27_rk00015,0.5812737030574604,0.6124664176869716,-0.03119271462951123
d3,o_max,m024015_o_max_ord27_rk00016,0.5965765803817977,0.6124664176869716,-0.015889837305173904
d3,o_max,m024016_o_max_ord27_rk00017,0.5891055022822588,0.6124664176869716,-0.023360915404712856
d3,o_max,m024017_o_max_ord27_rk00018,0.6060406803930021,0.6124664176869716,-0.006425737293969558
d3,o_max,m024018_o_max_ord27_rk00019,0.5751653960873135,0.6124664176869716,-0.03730102159965809
d3,o_max,m024019_o_max_ord27_rk00020,0.59875741717976,0.6124664176869716,-0.013709000507211577
d3,o_max,m025000_o_max_ord28_rk00001,0.5573824647646203,0.6124664176869716,-0.055083952922351354
d3,o_max,m025001_o_max_ord28_rk00002,0.5577547360074975,0.6124664176869716,-0.054711681679474156
d3,o_max,m025002_o_max_ord28_rk00003,0.5513502229944522,0.6124664176869716,-0.06111619469251939
d3,o_max,m025003_o_max_ord28_rk00004,0.5504626500207939,0.6124664176869716,-0.06200376766617777
d3,o_max,m025004_o_max_ord28_rk00005,0.5665375717267094,0.6124664176869716,-0.045928845960262255
d3,o_max,m025005_o_max_ord28_rk00006,0.5609265198068982,0.6124664176869716,-0.051539897880073404
d3,o_max,m025006_o_max_ord28_rk00007,0.5966699552858854,0.6124664176869716,-0.01579646240108623
d3,o_max,m025007_o_max_ord28_rk00008,0.5549442732284962,0.6124664176869716,-0.05752214445847548
d3,o_max,m025008_o_max_ord28_rk00009,0.5582730631292705,0.6124664176869716,-0.054193354557701134
d3,o_max,m025009_o_max_ord28_rk00010,0.6029353986498055,0.6124664176869716,-0.009531019037166133
d3,o_max,m025010_o_max_ord28_rk00011,0.5986833605219376,0.6124664176869716,-0.01378305716503403
d3,o_max,m025011_o_max_ord28_rk00012,0.5673102493073536,0.6124664176869716,-0.045156168379618
d3,o_max,m025012_o_max_ord28_rk00013,0.5516058590461884,0.6124664176869716,-0.06086055864078321
d3,o_max,m025013_o_max_ord28_rk00014,0.5706014381961653,0.6124664176869716,-0.041864979490806364
d3,o_max,m025014_o_max_ord28_rk00015,0.5635613733665852,0.6124664176869716,-0.04890504432038645
d3,o_max,m025015_o_max_ord28_rk00016,0.5535437989483052,0.6124664176869716,-0.058922618738666444
d3,o_max,m025016_o_max_ord28_rk00017,0.5961914747323287,0.6124664176869716,-0.016274942954642935
d3,o_max,m025017_o_max_ord28_rk00018,0.555129851480558,0.6124664176869716,-0.057336566206413586
d3,o_max,m025018_o_max_ord28_rk00019,0.5529245753114164,0.6124664176869716,-0.059541842375555265
d3,o_max,m025019_o_max_ord28_rk00020,0.5527358975900141,0.6124664176869716,-0.05973052009695756
d3,o_max,m026000_o_max_ord29_rk00001,0.5647316383104578,0.6124664176869716,-0.047734779376513825
d3,o_max,m026001_o_max_ord29_rk00002,0.5449502232784317,0.6124664176869716,-0.06751619440853995
d3,o_max,m026002_o_max_ord29_rk00003,0.5644032098814777,0.6124664176869716,-0.04806320780549389
d3,o_max,m026003_o_max_ord29_rk00004,0.5628246394432006,0.6124664176869716,-0.04964177824377103
d3,o_max,m026004_o_max_ord29_rk00005,0.5726739177949973,0.6124664176869716,-0.03979249989197431
d3,o_max,m026005_o_max_ord29_rk00006,0.5685883775302736,0.6124664176869716,-0.04387804015669805
d3,o_max,m026006_o_max_ord29_rk00007,0.5562386676471893,0.6124664176869716,-0.05622775003978231
d3,o_max,m026007_o_max_ord29_rk00008,0.5598552344468419,0.6124664176869716,-0.0526111832401297
d3,o_max,m026008_o_max_ord29_rk00009,0.5611652442812176,0.6124664176869716,-0.05130117340575402
d3,o_max,m026009_o_max_ord29_rk00010,0.5555891296136168,0.6124664176869716,-0.05687728807335479
d3,o_max,m026010_o_max_ord29_rk00011,0.5957061452021184,0.6124664176869716,-0.016760272484853234
d3,o_max,m026011_o_max_ord29_rk00012,0.5537015956642456,0.6124664176869716,-0.05876482202272604
d3,o_max,m026012_o_max_ord29_rk00013,0.5579181786556058,0.6124664176869716,-0.05454823903136585
d3,o_max,m026013_o_max_ord29_rk00014,0.560967868935575,0.6124664176869716,-0.05149854875139659
d3,o_max,m026014_o_max_ord29_rk00015,0.597408691112941,0.6124664176869716,-0.015057726574030594
d3,o_max,m026015_o_max_ord29_rk00016,0.5604359699219075,0.6124664176869716,-0.05203044776506416
d3,o_max,m026016_o_max_ord29_rk00017,0.6060223874835984,0.6124664176869716,-0.006444030203373252
d3,o_max,m026017_o_max_ord29_rk00018,0.5621514572259496,0.6124664176869716,-0.05031496046102202
d3,o_max,m026018_o_max_ord29_rk00019,0.5657950692070051,0.6124664176869716,-0.04667134847996657
d3,o_max,m026019_o_max_ord29_rk00020,0.5548779289211359,0.6124664176869716,-0.05758848876583578
d3,o_max,m027000_o_max_ord30_rk00001,0.5605343244240144,0.6124664176869716,-0.051932093262957224
d3,o_max,m027001_o_max_ord30_rk00002,0.5687857471667765,0.6124664176869716,-0.043680670520195086
d3,o_max,m027002_o_max_ord30_rk00003,0.5718880089163214,0.6124664176869716,-0.04057840877065022
d3,o_max,m027003_o_max_ord30_rk00004,0.5758868322289905,0.6124664176869716,-0.03657958545798112
d3,o_max,m027004_o_max_ord30_rk00005,0.571431234697156,0.6124664176869716,-0.04103518298981568
d3,o_max,m027005_o_max_ord30_rk00006,0.5707402612561573,0.6124664176869716,-0.04172615643081434
d3,o_max,m027006_o_max_ord30_rk00007,0.571353070180634,0.6124664176869716,-0.04111334750633766
d3,o_max,m027007_o_max_ord30_rk00008,0.5688024911111553,0.6124664176869716,-0.0436639265758163
d3,o_max,m027008_o_max_ord30_rk00009,0.575052827044361,0.6124664176869716,-0.03741359064261063
d3,o_max,m027009_o_max_ord30_rk00010,0.5682223285330681,0.6124664176869716,-0.04424408915390354
d3,o_max,m027010_o_max_ord30_rk00011,0.5731579334634631,0.6124664176869716,-0.03930848422350852
d3,o_max,m027011_o_max_ord30_rk00012,0.5725500199355447,0.6124664176869716,-0.03991639775142697
d3,o_max,m027012_o_max_ord30_rk00013,0.5898163648260936,0.6124664176869716,-0.022650052860878067
d3,o_max,m027013_o_max_ord30_rk00014,0.5695448779510416,0.6124664176869716,-0.04292153973593005
d3,o_max,m027014_o_max_ord30_rk00015,0.574620031502024,0.6124664176869716,-0.03784638618494762
d3,o_max,m027015_o_max_ord30_rk00016,0.5762234869484512,0.6124664176869716,-0.036242930738520474
d3,o_max,m027016_o_max_ord30_rk00017,0.570636298117325,0.6124664176869716,-0.04183011956964666
d3,o_max,m027017_o_max_ord30_rk00018,0.5952113607232963,0.6124664176869716,-0.017255056963675353
d3,o_max,m027018_o_max_ord30_rk00019,0.570807057425639,0.6124664176869716,-0.041659360261332656
d3,o_max,m027019_o_max_ord30_rk00020,0.566007847762552,0.6124664176869716,-0.04645856992441966
OLS,o_min,m047515_o_min_ord3_rk00001,0.4264900024426814,0.5511279581498074,-0.12463795570712599
OLS,o_min,m047516_o_min_ord3_rk00002,0.5113881173461785,0.5511279581498074,-0.03973984080362891
OLS,o_min,m047517_o_min_ord3_rk00003,0.3941021603876551,0.5511279581498074,-0.1570257977621523
OLS,o_min,m047518_o_min_ord3_rk00004,0.5091968715942283,0.5511279581498074,-0.04193108655557909
OLS,o_min,m047519_o_min_ord3_rk00005,-0.9690583860590304,0.5511279581498074,-1.5201863442088377
OLS,o_min,m047520_o_min_ord3_rk00006,-2.810777012352126,0.5511279581498074,-3.361904970501933
OLS,o_min,m047521_o_min_ord3_rk00007,0.5076984940641251,0.5511279581498074,-0.04342946408568227
OLS,o_min,m047522_o_min_ord3_rk00008,0.4953795125071742,0.5511279581498074,-0.055748445642633204
OLS,o_min,m047523_o_min_ord3_rk00009,-0.9594870402123172,0.5511279581498074,-1.5106149983621247
OLS,o_min,m047524_o_min_ord3_rk00010,0.4968696017319183,0.5511279581498074,-0.05425835641788912
OLS,o_min,m047525_o_min_ord3_rk00011,0.3384309262876958,0.5511279581498074,-0.21269703186211164
OLS,o_min,m047526_o_min_ord3_rk00012,-1.007588140699723,0.5511279581498074,-1.5587160988495303
OLS,o_min,m047527_o_min_ord3_rk00013,0.5062384589718538,0.5511279581498074,-0.044889499177953596
OLS,o_min,m047528_o_min_ord3_rk00014,0.2142020825313769,0.5511279581498074,-0.3369258756184305
OLS,o_min,m047529_o_min_ord3_rk00015,-1.043532496960821,0.5511279581498074,-1.5946604551106285
OLS,o_min,m047530_o_min_ord3_rk00016,0.5001257744660811,0.5511279581498074,-0.05100218368372633
OLS,o_min,m047531_o_min_ord3_rk00017,-1.456848283026745,0.5511279581498074,-2.0079762411765527
OLS,o_min,m047532_o_min_ord3_rk00018,-1.204766608815621,0.5511279581498074,-1.7558945669654284
OLS,o_min,m047533_o_min_ord3_rk00019,-0.3510307663844891,0.5511279581498074,-0.9021587245342966
OLS,o_min,m047534_o_min_ord3_rk00020,-0.7262876521934347,0.5511279581498074,-1.2774156103432421
OLS,o_min,m048515_o_min_ord4_rk00001,-0.1465113078201545,0.5511279581498074,-0.697639265969962
OLS,o_min,m048516_o_min_ord4_rk00002,0.3327498240635582,0.5511279581498074,-0.21837813408624923
OLS,o_min,m048517_o_min_ord4_rk00003,-0.7646500656125661,0.5511279581498074,-1.3157780237623735
OLS,o_min,m048518_o_min_ord4_rk00004,-0.0878208477024067,0.5511279581498074,-0.6389488058522141
OLS,o_min,m048519_o_min_ord4_rk00005,0.2268206566415256,0.5511279581498074,-0.3243073015082818
OLS,o_min,m048520_o_min_ord4_rk00006,-0.3395586710326834,0.5511279581498074,-0.8906866291824909
OLS,o_min,m048521_o_min_ord4_rk00007,0.3685601708197992,0.5511279581498074,-0.18256778733000822
OLS,o_min,m048522_o_min_ord4_rk00008,0.4148011252216204,0.5511279581498074,-0.13632683292818704
OLS,o_min,m048523_o_min_ord4_rk00009,-0.4675875840758023,0.5511279581498074,-1.0187155422256098
OLS,o_min,m048524_o_min_ord4_rk00010,0.4356076470529982,0.5511279581498074,-0.11552031109680921
OLS,o_min,m048525_o_min_ord4_rk00011,0.0721277773155797,0.5511279581498074,-0.4790001808342277
OLS,o_min,m048526_o_min_ord4_rk00012,0.395511215313799,0.5511279581498074,-0.1556167428360084
OLS,o_min,m048527_o_min_ord4_rk00013,-0.5840416637269525,0.5511279581498074,-1.13516962187676
OLS,o_min,m048528_o_min_ord4_rk00014,-0.1487979684722971,0.5511279581498074,-0.6999259266221045
OLS,o_min,m048529_o_min_ord4_rk00015,0.1746695077030403,0.5511279581498074,-0.3764584504467671
OLS,o_min,m048530_o_min_ord4_rk00016,-1.346848348191589,0.5511279581498074,-1.8979763063413964
OLS,o_min,m048531_o_min_ord4_rk00017,0.3422697489327595,0.5511279581498074,-0.2088582092170479
OLS,o_min,m048532_o_min_ord4_rk00018,0.4050045220460967,0.5511279581498074,-0.1461234361037107
OLS,o_min,m048533_o_min_ord4_rk00019,0.39685529264949,0.5511279581498074,-0.15427266550031743
OLS,o_min,m048534_o_min_ord4_rk00020,0.3807280427094519,0.5511279581498074,-0.17039991544035554
OLS,o_min,m049515_o_min_ord5_rk00001,0.3009716036608852,0.5511279581498074,-0.2501563544889222
OLS,o_min,m049516_o_min_ord5_rk00002,-0.5383481742748042,0.5511279581498074,-1.0894761324246116
OLS,o_min,m049517_o_min_ord5_rk00003,-5.943750803780749,0.5511279581498074,-6.494878761930557
OLS,o_min,m049518_o_min_ord5_rk00004,0.2912676786968239,0.5511279581498074,-0.2598602794529835
OLS,o_min,m049519_o_min_ord5_rk00005,0.1186702021896799,0.5511279581498074,-0.43245775596012753
OLS,o_min,m049520_o_min_ord5_rk00006,-2.336450071089153,0.5511279581498074,-2.88757802923896
OLS,o_min,m049521_o_min_ord5_rk00007,-4.622723568423021,0.5511279581498074,-5.173851526572829
OLS,o_min,m049522_o_min_ord5_rk00008,0.1378041970380323,0.5511279581498074,-0.41332376111177516
OLS,o_min,m049523_o_min_ord5_rk00009,0.3092515600772608,0.5511279581498074,-0.24187639807254663
OLS,o_min,m049524_o_min_ord5_rk00010,-4.255950320758686,0.5511279581498074,-4.807078278908493
OLS,o_min,m049525_o_min_ord5_rk00011,0.1295107760414692,0.5511279581498074,-0.4216171821083382
OLS,o_min,m049526_o_min_ord5_rk00012,0.2810942003069021,0.5511279581498074,-0.27003375784290534
OLS,o_min,m049527_o_min_ord5_rk00013,-4.363752788983394,0.5511279581498074,-4.914880747133202
OLS,o_min,m049528_o_min_ord5_rk00014,0.3597238020335158,0.5511279581498074,-0.19140415611629163
OLS,o_min,m049529_o_min_ord5_rk00015,-7.948442980012182,0.5511279581498074,-8.49957093816199
OLS,o_min,m049530_o_min_ord5_rk00016,0.3482509362723783,0.5511279581498074,-0.20287702187742912
OLS,o_min,m049531_o_min_ord5_rk00017,0.1172283699059641,0.5511279581498074,-0.43389958824384334
OLS,o_min,m049532_o_min_ord5_rk00018,-4.864800006804638,0.5511279581498074,-5.415927964954446
OLS,o_min,m049533_o_min_ord5_rk00019,0.3328803032582287,0.5511279581498074,-0.2182476548915787
OLS,o_min,m049534_o_min_ord5_rk00020,-0.4377879057486298,0.5511279581498074,-0.9889158638984372
OLS,o_min,m050515_o_min_ord6_rk00001,0.30928072549919,0.5511279581498074,-0.24184723265061742
OLS,o_min,m050516_o_min_ord6_rk00002,-0.4189120426054717,0.5511279581498074,-0.9700400007552792
OLS,o_min,m050517_o_min_ord6_rk00003,-10.54598476377695,0.5511279581498074,-11.097112721926758
OLS,o_min,m050518_o_min_ord6_rk00004,-0.3574778308337776,0.5511279581498074,-0.908605788983585
OLS,o_min,m050519_o_min_ord6_rk00005,-0.5275762360388994,0.5511279581498074,-1.0787041941887068
OLS,o_min,m050520_o_min_ord6_rk00006,0.2817189644803946,0.5511279581498074,-0.26940899366941284
OLS,o_min,m050521_o_min_ord6_rk00007,0.1837983733188037,0.5511279581498074,-0.36732958483100375
OLS,o_min,m050522_o_min_ord6_rk00008,0.2361292742742085,0.5511279581498074,-0.31499868387559893
OLS,o_min,m050523_o_min_ord6_rk00009,0.3167805624613424,0.5511279581498074,-0.23434739568846502
OLS,o_min,m050524_o_min_ord6_rk00010,-0.5454162944016321,0.5511279581498074,-1.0965442525514395
OLS,o_min,m050525_o_min_ord6_rk00011,0.2252195927593528,0.5511279581498074,-0.32590836539045465
OLS,o_min,m050526_o_min_ord6_rk00012,0.3406423499822346,0.5511279581498074,-0.21048560816757284
OLS,o_min,m050527_o_min_ord6_rk00013,0.2308352942282746,0.5511279581498074,-0.3202926639215328
OLS,o_min,m050528_o_min_ord6_rk00014,0.0111740120183603,0.5511279581498074,-0.5399539461314471
OLS,o_min,m050529_o_min_ord6_rk00015,-0.4095060249312885,0.5511279581498074,-0.9606339830810959
OLS,o_min,m050530_o_min_ord6_rk00016,0.2295274044583332,0.5511279581498074,-0.3216005536914742
OLS,o_min,m050531_o_min_ord6_rk00017,-0.0318270062038783,0.5511279581498074,-0.5829549643536858
OLS,o_min,m050532_o_min_ord6_rk00018,-12.01713666446828,0.5511279581498074,-12.568264622618088
OLS,o_min,m050533_o_min_ord6_rk00019,0.3410318930325389,0.5511279581498074,-0.21009606511726853
OLS,o_min,m050534_o_min_ord6_rk00020,0.3577381318053311,0.5511279581498074,-0.19338982634447632
OLS,o_min,m051515_o_min_ord7_rk00001,-0.0660977306937686,0.5511279581498074,-0.617225688843576
OLS,o_min,m051516_o_min_ord7_rk00002,0.2293697541871219,0.5511279581498074,-0.3217582039626855
OLS,o_min,m051517_o_min_ord7_rk00003,0.1566938979892362,0.5511279581498074,-0.39443406016057125
OLS,o_min,m051518_o_min_ord7_rk00004,-0.2617617458232166,0.5511279581498074,-0.8128897039730241
OLS,o_min,m051519_o_min_ord7_rk00005,0.4340578356611363,0.5511279581498074,-0.1170701224886711
OLS,o_min,m051520_o_min_ord7_rk00006,-9.433301164700632,0.5511279581498074,-9.98442912285044
OLS,o_min,m051521_o_min_ord7_rk00007,-0.2535886771919553,0.5511279581498074,-0.8047166353417627
OLS,o_min,m051522_o_min_ord7_rk00008,0.0746477224493205,0.5511279581498074,-0.4764802357004869
OLS,o_min,m051523_o_min_ord7_rk00009,0.2543624752553622,0.5511279581498074,-0.2967654828944452
OLS,o_min,m051524_o_min_ord7_rk00010,-9.233513554105311,0.5511279581498074,-9.784641512255119
OLS,o_min,m051525_o_min_ord7_rk00011,-0.0659616201644628,0.5511279581498074,-0.6170895783142702
OLS,o_min,m051526_o_min_ord7_rk00012,0.3206222459474384,0.5511279581498074,-0.23050571220236904
OLS,o_min,m051527_o_min_ord7_rk00013,-9.074661800814535,0.5511279581498074,-9.625789758964343
OLS,o_min,m051528_o_min_ord7_rk00014,-8.135400104950993,0.5511279581498074,-8.6865280631008
OLS,o_min,m051529_o_min_ord7_rk00015,0.3305072462209755,0.5511279581498074,-0.22062071192883193
OLS,o_min,m051530_o_min_ord7_rk00016,-0.5069756328373352,0.5511279581498074,-1.0581035909871426
OLS,o_min,m051531_o_min_ord7_rk00017,0.1771131324183866,0.5511279581498074,-0.3740148257314208
OLS,o_min,m051532_o_min_ord7_rk00018,0.4290833563931805,0.5511279581498074,-0.1220446017566269
OLS,o_min,m051533_o_min_ord7_rk00019,0.3040649304034739,0.5511279581498074,-0.24706302774633354
OLS,o_min,m051534_o_min_ord7_rk00020,-0.6956612170884753,0.5511279581498074,-1.2467891752382827
OLS,o_min,m052515_o_min_ord8_rk00001,0.0698629403597804,0.5511279581498074,-0.481265017790027
OLS,o_min,m052516_o_min_ord8_rk00002,-0.0657862674486995,0.5511279581498074,-0.616914225598507
OLS,o_min,m052517_o_min_ord8_rk00003,0.1950727056953534,0.5511279581498074,-0.356055252454454
OLS,o_min,m052518_o_min_ord8_rk00004,-0.2518690351953898,0.5511279581498074,-0.8029969933451973
OLS,o_min,m052519_o_min_ord8_rk00005,0.1098421793490851,0.5511279581498074,-0.4412857788007223
OLS,o_min,m052520_o_min_ord8_rk00006,0.1562781312475347,0.5511279581498074,-0.3948498269022727
OLS,o_min,m052521_o_min_ord8_rk00007,-0.1336587137897011,0.5511279581498074,-0.6847866719395085
OLS,o_min,m052522_o_min_ord8_rk00008,0.1639390878134239,0.5511279581498074,-0.3871888703363835
OLS,o_min,m052523_o_min_ord8_rk00009,0.3569113185599675,0.5511279581498074,-0.19421663958983992
OLS,o_min,m052524_o_min_ord8_rk00010,0.4811212241551722,0.5511279581498074,-0.0700067339946352
OLS,o_min,m052525_o_min_ord8_rk00011,0.2933580636222693,0.5511279581498074,-0.2577698945275381
OLS,o_min,m052526_o_min_ord8_rk00012,0.1027059424413318,0.5511279581498074,-0.4484220157084756
OLS,o_min,m052527_o_min_ord8_rk00013,-0.6142077456644928,0.5511279581498074,-1.1653357038143002
OLS,o_min,m052528_o_min_ord8_rk00014,0.2564904323773886,0.5511279581498074,-0.2946375257724188
OLS,o_min,m052529_o_min_ord8_rk00015,-8.39880794426032,0.5511279581498074,-8.949935902410127
OLS,o_min,m052530_o_min_ord8_rk00016,-8.269234151359937,0.5511279581498074,-8.820362109509745
OLS,o_min,m052531_o_min_ord8_rk00017,-8.303156623113212,0.5511279581498074,-8.85428458126302
OLS,o_min,m052532_o_min_ord8_rk00018,-0.0013342508531795,0.5511279581498074,-0.5524622090029869
OLS,o_min,m052533_o_min_ord8_rk00019,0.4889788768451502,0.5511279581498074,-0.06214908130465724
OLS,o_min,m052534_o_min_ord8_rk00020,0.2325757180723106,0.5511279581498074,-0.31855224007749683
OLS,o_min,m053515_o_min_ord9_rk00001,-1.517774414280499,0.5511279581498074,-2.0689023724303066
OLS,o_min,m053516_o_min_ord9_rk00002,0.1443305133219208,0.5511279581498074,-0.4067974448278866
OLS,o_min,m053517_o_min_ord9_rk00003,0.2572423246023211,0.5511279581498074,-0.2938856335474863
OLS,o_min,m053518_o_min_ord9_rk00004,-0.2072046567892005,0.5511279581498074,-0.7583326149390079
OLS,o_min,m053519_o_min_ord9_rk00005,0.1475234148077528,0.5511279581498074,-0.40360454334205464
OLS,o_min,m053520_o_min_ord9_rk00006,0.047640895641469,0.5511279581498074,-0.5034870625083384
OLS,o_min,m053521_o_min_ord9_rk00007,0.3082046653215567,0.5511279581498074,-0.2429232928282507
OLS,o_min,m053522_o_min_ord9_rk00008,-0.0163024719499309,0.5511279581498074,-0.5674304300997384
OLS,o_min,m053523_o_min_ord9_rk00009,0.0241017329173126,0.5511279581498074,-0.5270262252324949
OLS,o_min,m053524_o_min_ord9_rk00010,-0.3329704961880901,0.5511279581498074,-0.8840984543378976
OLS,o_min,m053525_o_min_ord9_rk00011,-0.2159622343217815,0.5511279581498074,-0.7670901924715889
OLS,o_min,m053526_o_min_ord9_rk00012,-0.0698902689746217,0.5511279581498074,-0.6210182271244291
OLS,o_min,m053527_o_min_ord9_rk00013,0.1997181510950405,0.5511279581498074,-0.3514098070547669
OLS,o_min,m053528_o_min_ord9_rk00014,-0.0527841797917825,0.5511279581498074,-0.6039121379415899
OLS,o_min,m053529_o_min_ord9_rk00015,0.2064915840312003,0.5511279581498074,-0.34463637411860715
OLS,o_min,m053530_o_min_ord9_rk00016,0.2547145671491323,0.5511279581498074,-0.2964133910006751
OLS,o_min,m053531_o_min_ord9_rk00017,0.151221915030043,0.5511279581498074,-0.3999060431197644
OLS,o_min,m053532_o_min_ord9_rk00018,0.2868022515295986,0.5511279581498074,-0.2643257066202088
OLS,o_min,m053533_o_min_ord9_rk00019,0.1590095786773939,0.5511279581498074,-0.3921183794724135
OLS,o_min,m053534_o_min_ord9_rk00020,0.3107106766169393,0.5511279581498074,-0.24041728153286812
OLS,o_min,m054515_o_min_ord10_rk00001,0.1675468505104077,0.5511279581498074,-0.3835811076393997
OLS,o_min,m054516_o_min_ord10_rk00002,0.1569378359496849,0.5511279581498074,-0.3941901222001225
OLS,o_min,m054517_o_min_ord10_rk00003,0.3315847005225605,0.5511279581498074,-0.2195432576272469
OLS,o_min,m054518_o_min_ord10_rk00004,0.0603805315860515,0.5511279581498074,-0.4907474265637559
OLS,o_min,m054519_o_min_ord10_rk00005,-4.177258572370589,0.5511279581498074,-4.728386530520397
OLS,o_min,m054520_o_min_ord10_rk00006,0.0297019716243479,0.5511279581498074,-0.5214259865254596
OLS,o_min,m054521_o_min_ord10_rk00007,-0.028299989839178,0.5511279581498074,-0.5794279479889854
OLS,o_min,m054522_o_min_ord10_rk00008,0.1349797262593705,0.5511279581498074,-0.4161482318904369
OLS,o_min,m054523_o_min_ord10_rk00009,-0.020409120866681,0.5511279581498074,-0.5715370790164884
OLS,o_min,m054524_o_min_ord10_rk00010,-0.0268176813185654,0.5511279581498074,-0.5779456394683729
OLS,o_min,m054525_o_min_ord10_rk00011,0.2653008682533164,0.5511279581498074,-0.285827089896491
OLS,o_min,m054526_o_min_ord10_rk00012,-0.0767858280567292,0.5511279581498074,-0.6279137862065366
OLS,o_min,m054527_o_min_ord10_rk00013,0.2737040251955703,0.5511279581498074,-0.2774239329542371
OLS,o_min,m054528_o_min_ord10_rk00014,0.2797787861870729,0.5511279581498074,-0.2713491719627345
OLS,o_min,m054529_o_min_ord10_rk00015,-0.0620444514439186,0.5511279581498074,-0.613172409593726
OLS,o_min,m054530_o_min_ord10_rk00016,0.1414635902344952,0.5511279581498074,-0.40966436791531224
OLS,o_min,m054531_o_min_ord10_rk00017,0.308644801651608,0.5511279581498074,-0.2424831564981994
OLS,o_min,m054532_o_min_ord10_rk00018,-0.0408868251813079,0.5511279581498074,-0.5920147833311153
OLS,o_min,m054533_o_min_ord10_rk00019,0.0384691179164988,0.5511279581498074,-0.5126588402333087
OLS,o_min,m054534_o_min_ord10_rk00020,0.0188910289475302,0.5511279581498074,-0.5322369292022772
OLS,o_min,m055515_o_min_ord11_rk00001,0.1870458489956962,0.5511279581498074,-0.3640821091541112
OLS,o_min,m055516_o_min_ord11_rk00002,-0.2719427939337757,0.5511279581498074,-0.8230707520835832
OLS,o_min,m055517_o_min_ord11_rk00003,-0.2054564543311123,0.5511279581498074,-0.7565844124809197
OLS,o_min,m055518_o_min_ord11_rk00004,-0.232324691396228,0.5511279581498074,-0.7834526495460354
OLS,o_min,m055519_o_min_ord11_rk00005,-0.0755195861802815,0.5511279581498074,-0.626647544330089
OLS,o_min,m055520_o_min_ord11_rk00006,-2.961807500211597,0.5511279581498074,-3.5129354583614045
OLS,o_min,m055521_o_min_ord11_rk00007,-1.071613916048958,0.5511279581498074,-1.6227418741987654
OLS,o_min,m055522_o_min_ord11_rk00008,-1.245004789879141,0.5511279581498074,-1.7961327480289484
OLS,o_min,m055523_o_min_ord11_rk00009,-0.9732476781154528,0.5511279581498074,-1.52437563626526
OLS,o_min,m055524_o_min_ord11_rk00010,0.1779252448141534,0.5511279581498074,-0.373202713335654
OLS,o_min,m055525_o_min_ord11_rk00011,0.1730823915583721,0.5511279581498074,-0.3780455665914353
OLS,o_min,m055526_o_min_ord11_rk00012,0.0231722813738338,0.5511279581498074,-0.5279556767759737
OLS,o_min,m055527_o_min_ord11_rk00013,0.3167141198519647,0.5511279581498074,-0.23441383829784274
OLS,o_min,m055528_o_min_ord11_rk00014,0.1862307907761463,0.5511279581498074,-0.3648971673736611
OLS,o_min,m055529_o_min_ord11_rk00015,-0.4467693881791041,0.5511279581498074,-0.9978973463289116
OLS,o_min,m055530_o_min_ord11_rk00016,0.0444193861467755,0.5511279581498074,-0.5067085720030319
OLS,o_min,m055531_o_min_ord11_rk00017,0.4100658472354374,0.5511279581498074,-0.14106211091437004
OLS,o_min,m055532_o_min_ord11_rk00018,-0.55773754133674,0.5511279581498074,-1.1088654994865474
OLS,o_min,m055533_o_min_ord11_rk00019,-0.8768281335371795,0.5511279581498074,-1.427956091686987
OLS,o_min,m055534_o_min_ord11_rk00020,0.2361187603542387,0.5511279581498074,-0.3150091977955687
OLS,o_min,m056515_o_min_ord12_rk00001,-0.2757100358632518,0.5511279581498074,-0.8268379940130592
OLS,o_min,m056516_o_min_ord12_rk00002,-2.791653575869496,0.5511279581498074,-3.342781534019303
OLS,o_min,m056517_o_min_ord12_rk00003,0.1210484920987746,0.5511279581498074,-0.4300794660510328
OLS,o_min,m056518_o_min_ord12_rk00004,-0.2208395988428444,0.5511279581498074,-0.7719675569926518
OLS,o_min,m056519_o_min_ord12_rk00005,0.0436483097902018,0.5511279581498074,-0.5074796483596056
OLS,o_min,m056520_o_min_ord12_rk00006,-1.533897386397466,0.5511279581498074,-2.0850253445472733
OLS,o_min,m056521_o_min_ord12_rk00007,0.3022791604588588,0.5511279581498074,-0.24884879769094864
OLS,o_min,m056522_o_min_ord12_rk00008,-0.275683770782217,0.5511279581498074,-0.8268117289320245
OLS,o_min,m056523_o_min_ord12_rk00009,-1.676771598031073,0.5511279581498074,-2.2278995561808803
OLS,o_min,m056524_o_min_ord12_rk00010,-0.4193707541070071,0.5511279581498074,-0.9704987122568145
OLS,o_min,m056525_o_min_ord12_rk00011,-0.3242389306555844,0.5511279581498074,-0.8753668888053918
OLS,o_min,m056526_o_min_ord12_rk00012,0.3391534338653408,0.5511279581498074,-0.21197452428446661
OLS,o_min,m056527_o_min_ord12_rk00013,-0.2796580349013147,0.5511279581498074,-0.8307859930511221
OLS,o_min,m056528_o_min_ord12_rk00014,-0.9813269783254824,0.5511279581498074,-1.5324549364752897
OLS,o_min,m056529_o_min_ord12_rk00015,-0.0901864987394915,0.5511279581498074,-0.6413144568892989
OLS,o_min,m056530_o_min_ord12_rk00016,-0.4008326905089823,0.5511279581498074,-0.9519606486587897
OLS,o_min,m056531_o_min_ord12_rk00017,0.0484240203629291,0.5511279581498074,-0.5027039377868783
OLS,o_min,m056532_o_min_ord12_rk00018,0.0411111525717756,0.5511279581498074,-0.5100168055780319
OLS,o_min,m056533_o_min_ord12_rk00019,-0.8945712718123098,0.5511279581498074,-1.4456992299621172
OLS,o_min,m056534_o_min_ord12_rk00020,-0.1002419829816412,0.5511279581498074,-0.6513699411314486
OLS,o_min,m057515_o_min_ord13_rk00001,-0.4671583101601848,0.5511279581498074,-1.0182862683099922
OLS,o_min,m057516_o_min_ord13_rk00002,-0.2684608029507567,0.5511279581498074,-0.8195887611005641
OLS,o_min,m057517_o_min_ord13_rk00003,-1.447741865167185,0.5511279581498074,-1.9988698233169924
OLS,o_min,m057518_o_min_ord13_rk00004,-0.5783558389056673,0.5511279581498074,-1.1294837970554747
OLS,o_min,m057519_o_min_ord13_rk00005,-0.6061534140804434,0.5511279581498074,-1.1572813722302508
OLS,o_min,m057520_o_min_ord13_rk00006,0.2634075411013579,0.5511279581498074,-0.28772041704844953
OLS,o_min,m057521_o_min_ord13_rk00007,0.0302671657243667,0.5511279581498074,-0.5208607924254407
OLS,o_min,m057522_o_min_ord13_rk00008,-0.875869502262911,0.5511279581498074,-1.4269974604127185
OLS,o_min,m057523_o_min_ord13_rk00009,0.3015231447284551,0.5511279581498074,-0.24960481342135232
OLS,o_min,m057524_o_min_ord13_rk00010,-0.6916057864859095,0.5511279581498074,-1.242733744635717
OLS,o_min,m057525_o_min_ord13_rk00011,-0.2426120713233595,0.5511279581498074,-0.7937400294731669
OLS,o_min,m057526_o_min_ord13_rk00012,-2.760638075931859,0.5511279581498074,-3.311766034081667
OLS,o_min,m057527_o_min_ord13_rk00013,-0.5778392791074369,0.5511279581498074,-1.1289672372572443
OLS,o_min,m057528_o_min_ord13_rk00014,0.0904396192224646,0.5511279581498074,-0.46068833892734284
OLS,o_min,m057529_o_min_ord13_rk00015,0.0591562067597313,0.5511279581498074,-0.4919717513900761
OLS,o_min,m057530_o_min_ord13_rk00016,-0.4821216550944902,0.5511279581498074,-1.0332496132442976
OLS,o_min,m057531_o_min_ord13_rk00017,-0.1337296894546289,0.5511279581498074,-0.6848576476044363
OLS,o_min,m057532_o_min_ord13_rk00018,-0.1920772959522716,0.5511279581498074,-0.743205254102079
OLS,o_min,m057533_o_min_ord13_rk00019,-1.540503431802175,0.5511279581498074,-2.0916313899519823
OLS,o_min,m057534_o_min_ord13_rk00020,0.0216610046533792,0.5511279581498074,-0.5294669534964282
OLS,o_min,m058515_o_min_ord14_rk00001,-0.5872699093783293,0.5511279581498074,-1.1383978675281368
OLS,o_min,m058516_o_min_ord14_rk00002,-0.7781239447515973,0.5511279581498074,-1.3292519029014047
OLS,o_min,m058517_o_min_ord14_rk00003,-0.900908155420438,0.5511279581498074,-1.4520361135702453
OLS,o_min,m058518_o_min_ord14_rk00004,0.3692190799512655,0.5511279581498074,-0.1819088781985419
OLS,o_min,m058519_o_min_ord14_rk00005,-0.6419665110659725,0.5511279581498074,-1.1930944692157799
OLS,o_min,m058520_o_min_ord14_rk00006,-0.4022686491087595,0.5511279581498074,-0.9533966072585669
OLS,o_min,m058521_o_min_ord14_rk00007,-0.1698821262815719,0.5511279581498074,-0.7210100844313794
OLS,o_min,m058522_o_min_ord14_rk00008,-0.3834994503464375,0.5511279581498074,-0.9346274084962449
OLS,o_min,m058523_o_min_ord14_rk00009,-0.8581675171802294,0.5511279581498074,-1.4092954753300369
OLS,o_min,m058524_o_min_ord14_rk00010,-0.5672370595428164,0.5511279581498074,-1.1183650176926239
OLS,o_min,m058525_o_min_ord14_rk00011,-2.17644715751486,0.5511279581498074,-2.727575115664667
OLS,o_min,m058526_o_min_ord14_rk00012,-0.595951655651173,0.5511279581498074,-1.1470796138009804
OLS,o_min,m058527_o_min_ord14_rk00013,-0.0785639987577353,0.5511279581498074,-0.6296919569075428
OLS,o_min,m058528_o_min_ord14_rk00014,-0.0847814657658145,0.5511279581498074,-0.6359094239156219
OLS,o_min,m058529_o_min_ord14_rk00015,-0.4453600906543751,0.5511279581498074,-0.9964880488041825
OLS,o_min,m058530_o_min_ord14_rk00016,-1.191079585336941,0.5511279581498074,-1.7422075434867483
OLS,o_min,m058531_o_min_ord14_rk00017,-0.390247848545356,0.5511279581498074,-0.9413758066951634
OLS,o_min,m058532_o_min_ord14_rk00018,-0.183773331146561,0.5511279581498074,-0.7349012892963684
OLS,o_min,m058533_o_min_ord14_rk00019,-0.6051704544913601,0.5511279581498074,-1.1562984126411675
OLS,o_min,m058534_o_min_ord14_rk00020,-0.3045810282290511,0.5511279581498074,-0.8557089863788585
OLS,o_min,m059515_o_min_ord15_rk00001,-0.9703163995540124,0.5511279581498074,-1.5214443577038197
OLS,o_min,m059516_o_min_ord15_rk00002,-0.220691043931146,0.5511279581498074,-0.7718190020809534
OLS,o_min,m059517_o_min_ord15_rk00003,-0.8241406725307736,0.5511279581498074,-1.375268630680581
OLS,o_min,m059518_o_min_ord15_rk00004,-0.06161597892543,0.5511279581498074,-0.6127439370752374
OLS,o_min,m059519_o_min_ord15_rk00005,-0.7877273322870808,0.5511279581498074,-1.3388552904368882
OLS,o_min,m059520_o_min_ord15_rk00006,-0.701923607281431,0.5511279581498074,-1.2530515654312384
OLS,o_min,m059521_o_min_ord15_rk00007,0.0328820641519426,0.5511279581498074,-0.5182458939978648
OLS,o_min,m059522_o_min_ord15_rk00008,-0.5821242622212495,0.5511279581498074,-1.1332522203710569
OLS,o_min,m059523_o_min_ord15_rk00009,-0.3136713017814376,0.5511279581498074,-0.8647992599312451
OLS,o_min,m059524_o_min_ord15_rk00010,-2.842164100453965,0.5511279581498074,-3.3932920586037723
OLS,o_min,m059525_o_min_ord15_rk00011,-0.75809962098326,0.5511279581498074,-1.3092275791330674
OLS,o_min,m059526_o_min_ord15_rk00012,-0.5008996509629629,0.5511279581498074,-1.0520276091127703
OLS,o_min,m059527_o_min_ord15_rk00013,-0.3389078298491859,0.5511279581498074,-0.8900357879989933
OLS,o_min,m059528_o_min_ord15_rk00014,-0.4239232009509015,0.5511279581498074,-0.9750511591007089
OLS,o_min,m059529_o_min_ord15_rk00015,0.3269538671818541,0.5511279581498074,-0.22417409096795332
OLS,o_min,m059530_o_min_ord15_rk00016,0.4167515701299878,0.5511279581498074,-0.1343763880198196
OLS,o_min,m059531_o_min_ord15_rk00017,-1.002354409506739,0.5511279581498074,-1.5534823676565463
OLS,o_min,m059532_o_min_ord15_rk00018,-0.4040081775895803,0.5511279581498074,-0.9551361357393877
OLS,o_min,m059533_o_min_ord15_rk00019,-1.086411800877236,0.5511279581498074,-1.6375397590270435
OLS,o_min,m059534_o_min_ord15_rk00020,-0.0447737456133803,0.5511279581498074,-0.5959017037631877
OLS,o_min,m060515_o_min_ord16_rk00001,-0.0982287268527493,0.5511279581498074,-0.6493566850025567
OLS,o_min,m060516_o_min_ord16_rk00002,-0.1736021270145806,0.5511279581498074,-0.7247300851643881
OLS,o_min,m060517_o_min_ord16_rk00003,-0.6142572587498965,0.5511279581498074,-1.1653852168997039
OLS,o_min,m060518_o_min_ord16_rk00004,-0.3342376530724356,0.5511279581498074,-0.885365611222243
OLS,o_min,m060519_o_min_ord16_rk00005,-0.4141562769444136,0.5511279581498074,-0.965284235094221
OLS,o_min,m060520_o_min_ord16_rk00006,-1.38322476636328,0.5511279581498074,-1.9343527245130874
OLS,o_min,m060521_o_min_ord16_rk00007,-0.4298723289433037,0.5511279581498074,-0.9810002870931112
OLS,o_min,m060522_o_min_ord16_rk00008,-0.2162026220405444,0.5511279581498074,-0.7673305801903518
OLS,o_min,m060523_o_min_ord16_rk00009,-2.930530879192601,0.5511279581498074,-3.481658837342408
OLS,o_min,m060524_o_min_ord16_rk00010,-0.0073857043159604,0.5511279581498074,-0.5585136624657678
OLS,o_min,m060525_o_min_ord16_rk00011,0.282595349255246,0.5511279581498074,-0.26853260889456143
OLS,o_min,m060526_o_min_ord16_rk00012,-0.8523601474295421,0.5511279581498074,-1.4034881055793496
OLS,o_min,m060527_o_min_ord16_rk00013,-0.5127360413896178,0.5511279581498074,-1.0638639995394252
OLS,o_min,m060528_o_min_ord16_rk00014,-0.8568264323435486,0.5511279581498074,-1.407954390493356
OLS,o_min,m060529_o_min_ord16_rk00015,-0.0846374301031682,0.5511279581498074,-0.6357653882529756
OLS,o_min,m060530_o_min_ord16_rk00016,0.0537862157858014,0.5511279581498074,-0.497341742364006
OLS,o_min,m060531_o_min_ord16_rk00017,0.3899383347921514,0.5511279581498074,-0.16118962335765602
OLS,o_min,m060532_o_min_ord16_rk00018,-1.233174274307558,0.5511279581498074,-1.7843022324573654
OLS,o_min,m060533_o_min_ord16_rk00019,-1.160334916132739,0.5511279581498074,-1.7114628742825464
OLS,o_min,m060534_o_min_ord16_rk00020,-0.0356805145310115,0.5511279581498074,-0.5868084726808189
OLS,o_min,m061515_o_min_ord17_rk00001,-0.1442006123672563,0.5511279581498074,-0.6953285705170638
OLS,o_min,m061516_o_min_ord17_rk00002,-0.0965072803679016,0.5511279581498074,-0.647635238517709
OLS,o_min,m061517_o_min_ord17_rk00003,-0.4205319083646637,0.5511279581498074,-0.9716598665144711
OLS,o_min,m061518_o_min_ord17_rk00004,-0.6372318839327058,0.5511279581498074,-1.1883598420825132
OLS,o_min,m061519_o_min_ord17_rk00005,-0.6827333200267862,0.5511279581498074,-1.2338612781765936
OLS,o_min,m061520_o_min_ord17_rk00006,-1.840863891474896,0.5511279581498074,-2.3919918496247035
OLS,o_min,m061521_o_min_ord17_rk00007,-0.8198795497340852,0.5511279581498074,-1.3710075078838926
OLS,o_min,m061522_o_min_ord17_rk00008,-0.534291290534447,0.5511279581498074,-1.0854192486842544
OLS,o_min,m061523_o_min_ord17_rk00009,-0.4571963712213822,0.5511279581498074,-1.0083243293711897
OLS,o_min,m061524_o_min_ord17_rk00010,0.1682031452631464,0.5511279581498074,-0.382924812886661
OLS,o_min,m061525_o_min_ord17_rk00011,0.1183076921506911,0.5511279581498074,-0.4328202659991163
OLS,o_min,m061526_o_min_ord17_rk00012,-0.6534178591420425,0.5511279581498074,-1.20454581729185
OLS,o_min,m061527_o_min_ord17_rk00013,-0.5297891691828496,0.5511279581498074,-1.080917127332657
OLS,o_min,m061528_o_min_ord17_rk00014,-0.3871781825489506,0.5511279581498074,-0.9383061406987581
OLS,o_min,m061529_o_min_ord17_rk00015,0.3998244149304919,0.5511279581498074,-0.1513035432193155
OLS,o_min,m061530_o_min_ord17_rk00016,-0.3135354537093402,0.5511279581498074,-0.8646634118591476
OLS,o_min,m061531_o_min_ord17_rk00017,-0.5402607079032695,0.5511279581498074,-1.091388666053077
OLS,o_min,m061532_o_min_ord17_rk00018,-0.4581826983086612,0.5511279581498074,-1.0093106564584686
OLS,o_min,m061533_o_min_ord17_rk00019,-0.9169383675183168,0.5511279581498074,-1.4680663256681243
OLS,o_min,m061534_o_min_ord17_rk00020,0.0737205185922227,0.5511279581498074,-0.4774074395575847
OLS,o_min,m062515_o_min_ord18_rk00001,-0.8515008779706137,0.5511279581498074,-1.402628836120421
OLS,o_min,m062516_o_min_ord18_rk00002,-0.1723675402878624,0.5511279581498074,-0.7234954984376698
OLS,o_min,m062517_o_min_ord18_rk00003,-0.4405970063373101,0.5511279581498074,-0.9917249644871176
OLS,o_min,m062518_o_min_ord18_rk00004,-0.1137544089090754,0.5511279581498074,-0.6648823670588828
OLS,o_min,m062519_o_min_ord18_rk00005,-0.8249384929063084,0.5511279581498074,-1.3760664510561158
OLS,o_min,m062520_o_min_ord18_rk00006,0.2486045892218895,0.5511279581498074,-0.3025233689279179
OLS,o_min,m062521_o_min_ord18_rk00007,-0.5105964289479352,0.5511279581498074,-1.0617243870977426
OLS,o_min,m062522_o_min_ord18_rk00008,0.1852302071705849,0.5511279581498074,-0.3658977509792225
OLS,o_min,m062523_o_min_ord18_rk00009,-0.529472249676459,0.5511279581498074,-1.0806002078262664
OLS,o_min,m062524_o_min_ord18_rk00010,-0.6926364190919305,0.5511279581498074,-1.243764377241738
OLS,o_min,m062525_o_min_ord18_rk00011,-0.9326911608087064,0.5511279581498074,-1.4838191189585137
OLS,o_min,m062526_o_min_ord18_rk00012,-0.5676825120399991,0.5511279581498074,-1.1188104701898065
OLS,o_min,m062527_o_min_ord18_rk00013,-0.76748541985567,0.5511279581498074,-1.3186133780054774
OLS,o_min,m062528_o_min_ord18_rk00014,0.1523975956725011,0.5511279581498074,-0.3987303624773063
OLS,o_min,m062529_o_min_ord18_rk00015,-2.25321430681959,0.5511279581498074,-2.8043422649693976
OLS,o_min,m062530_o_min_ord18_rk00016,-0.0334793797382941,0.5511279581498074,-0.5846073378881015
OLS,o_min,m062531_o_min_ord18_rk00017,-1.519044041383946,0.5511279581498074,-2.0701719995337537
OLS,o_min,m062532_o_min_ord18_rk00018,-3.596666667863144,0.5511279581498074,-4.147794626012951
OLS,o_min,m062533_o_min_ord18_rk00019,0.122421947629839,0.5511279581498074,-0.42870601051996843
OLS,o_min,m062534_o_min_ord18_rk00020,-0.2016728764946402,0.5511279581498074,-0.7528008346444476
OLS,o_min,m063515_o_min_ord19_rk00001,-0.5586683405619601,0.5511279581498074,-1.1097962987117675
OLS,o_min,m063516_o_min_ord19_rk00002,-0.697531391713337,0.5511279581498074,-1.2486593498631444
OLS,o_min,m063517_o_min_ord19_rk00003,-0.8719604062529775,0.5511279581498074,-1.423088364402785
OLS,o_min,m063518_o_min_ord19_rk00004,0.1678517720457181,0.5511279581498074,-0.3832761861040893
OLS,o_min,m063519_o_min_ord19_rk00005,0.2150463377232288,0.5511279581498074,-0.33608162042657863
OLS,o_min,m063520_o_min_ord19_rk00006,-0.7574498588860683,0.5511279581498074,-1.3085778170358757
OLS,o_min,m063521_o_min_ord19_rk00007,-0.6097238401094196,0.5511279581498074,-1.160851798259227
OLS,o_min,m063522_o_min_ord19_rk00008,0.1742375099826871,0.5511279581498074,-0.3768904481671203
OLS,o_min,m063523_o_min_ord19_rk00009,-0.7257748508183799,0.5511279581498074,-1.2769028089681873
OLS,o_min,m063524_o_min_ord19_rk00010,-0.8049442463757674,0.5511279581498074,-1.3560722045255749
OLS,o_min,m063525_o_min_ord19_rk00011,-0.0205856481155617,0.5511279581498074,-0.5717136062653692
OLS,o_min,m063526_o_min_ord19_rk00012,-0.4902913298048748,0.5511279581498074,-1.0414192879546822
OLS,o_min,m063527_o_min_ord19_rk00013,-0.3508741267224409,0.5511279581498074,-0.9020020848722483
OLS,o_min,m063528_o_min_ord19_rk00014,-0.3418814567832391,0.5511279581498074,-0.8930094149330465
OLS,o_min,m063529_o_min_ord19_rk00015,0.1433194237704355,0.5511279581498074,-0.4078085343793719
OLS,o_min,m063530_o_min_ord19_rk00016,-9.44950291055253,0.5511279581498074,-10.000630868702338
OLS,o_min,m063531_o_min_ord19_rk00017,-0.9191569352938352,0.5511279581498074,-1.4702848934436425
OLS,o_min,m063532_o_min_ord19_rk00018,-2.28723010810462,0.5511279581498074,-2.838358066254427
OLS,o_min,m063533_o_min_ord19_rk00019,-0.8400479060476949,0.5511279581498074,-1.3911758641975023
OLS,o_min,m063534_o_min_ord19_rk00020,-8.253769966379442,0.5511279581498074,-8.80489792452925
OLS,o_min,m064515_o_min_ord20_rk00001,-0.7680305557083384,0.5511279581498074,-1.3191585138581459
OLS,o_min,m064516_o_min_ord20_rk00002,-0.2126675179429402,0.5511279581498074,-0.7637954760927477
OLS,o_min,m064517_o_min_ord20_rk00003,-0.8514673176092002,0.5511279581498074,-1.4025952757590077
OLS,o_min,m064518_o_min_ord20_rk00004,-0.4455871667399183,0.5511279581498074,-0.9967151248897257
OLS,o_min,m064519_o_min_ord20_rk00005,0.1425950085145338,0.5511279581498074,-0.40853294963527365
OLS,o_min,m064520_o_min_ord20_rk00006,0.1958296025170874,0.5511279581498074,-0.35529835563272005
OLS,o_min,m064521_o_min_ord20_rk00007,-0.5161314827795376,0.5511279581498074,-1.067259440929345
OLS,o_min,m064522_o_min_ord20_rk00008,-0.4771932273583152,0.5511279581498074,-1.0283211855081227
OLS,o_min,m064523_o_min_ord20_rk00009,-0.5346628194468546,0.5511279581498074,-1.085790777596662
OLS,o_min,m064524_o_min_ord20_rk00010,-0.8769554579155545,0.5511279581498074,-1.428083416065362
OLS,o_min,m064525_o_min_ord20_rk00011,-0.3863609669922414,0.5511279581498074,-0.9374889251420488
OLS,o_min,m064526_o_min_ord20_rk00012,-5.275541289412525,0.5511279581498074,-5.826669247562332
OLS,o_min,m064527_o_min_ord20_rk00013,-0.8547328932352343,0.5511279581498074,-1.4058608513850417
OLS,o_min,m064528_o_min_ord20_rk00014,-0.5190844708983,0.5511279581498074,-1.0702124290481074
OLS,o_min,m064529_o_min_ord20_rk00015,-0.5375795364263147,0.5511279581498074,-1.0887074945761221
OLS,o_min,m064530_o_min_ord20_rk00016,-0.4156381208331683,0.5511279581498074,-0.9667660789829757
OLS,o_min,m064531_o_min_ord20_rk00017,-0.150393237043789,0.5511279581498074,-0.7015211951935965
OLS,o_min,m064532_o_min_ord20_rk00018,-9.004888435446546,0.5511279581498074,-9.556016393596353
OLS,o_min,m064533_o_min_ord20_rk00019,0.1260235689230392,0.5511279581498074,-0.4251043892267682
OLS,o_min,m064534_o_min_ord20_rk00020,-0.8073035247495535,0.5511279581498074,-1.3584314828993609
OLS,o_min,m065515_o_min_ord21_rk00001,-10.68974274281917,0.5511279581498074,-11.240870700968978
OLS,o_min,m065516_o_min_ord21_rk00002,-11.86039173041707,0.5511279581498074,-12.411519688566878
OLS,o_min,m065517_o_min_ord21_rk00003,-0.1867847694235787,0.5511279581498074,-0.7379127275733861
OLS,o_min,m065518_o_min_ord21_rk00004,-5.549688180675331,0.5511279581498074,-6.100816138825139
OLS,o_min,m065519_o_min_ord21_rk00005,-0.3822667721643147,0.5511279581498074,-0.9333947303141221
OLS,o_min,m065520_o_min_ord21_rk00006,-4.146091209997889,0.5511279581498074,-4.697219168147696
OLS,o_min,m065521_o_min_ord21_rk00007,-0.4463303922731656,0.5511279581498074,-0.997458350422973
OLS,o_min,m065522_o_min_ord21_rk00008,0.1146321922959682,0.5511279581498074,-0.4364957658538392
OLS,o_min,m065523_o_min_ord21_rk00009,-0.6195559278255582,0.5511279581498074,-1.1706838859753657
OLS,o_min,m065524_o_min_ord21_rk00010,-1.079044000170028,0.5511279581498074,-1.6301719583198355
OLS,o_min,m065525_o_min_ord21_rk00011,-0.3127197067680929,0.5511279581498074,-0.8638476649179003
OLS,o_min,m065526_o_min_ord21_rk00012,-1.217893984314365,0.5511279581498074,-1.7690219424641724
OLS,o_min,m065527_o_min_ord21_rk00013,-0.5350497928063884,0.5511279581498074,-1.0861777509561958
OLS,o_min,m065528_o_min_ord21_rk00014,-2.031348576488199,0.5511279581498074,-2.5824765346380065
OLS,o_min,m065529_o_min_ord21_rk00015,-7.671790707500969,0.5511279581498074,-8.222918665650775
OLS,o_min,m065530_o_min_ord21_rk00016,-0.0924329523833815,0.5511279581498074,-0.643560910533189
OLS,o_min,m065531_o_min_ord21_rk00017,-8.718117112013077,0.5511279581498074,-9.269245070162885
OLS,o_min,m065532_o_min_ord21_rk00018,-5.546927851055334,0.5511279581498074,-6.098055809205142
OLS,o_min,m065533_o_min_ord21_rk00019,-0.1261377141252189,0.5511279581498074,-0.6772656722750263
OLS,o_min,m065534_o_min_ord21_rk00020,-0.5555366494949125,0.5511279581498074,-1.10666460764472
OLS,o_min,m066515_o_min_ord22_rk00001,-10.4093178744843,0.5511279581498074,-10.960445832634107
OLS,o_min,m066516_o_min_ord22_rk00002,-11.36825153916689,0.5511279581498074,-11.919379497316697
OLS,o_min,m066517_o_min_ord22_rk00003,-5.343417762880353,0.5511279581498074,-5.894545721030161
OLS,o_min,m066518_o_min_ord22_rk00004,-4.869680557568222,0.5511279581498074,-5.420808515718029
OLS,o_min,m066519_o_min_ord22_rk00005,-8.38020579830601,0.5511279581498074,-8.931333756455818
OLS,o_min,m066520_o_min_ord22_rk00006,-0.5042478582754994,0.5511279581498074,-1.0553758164253069
OLS,o_min,m066521_o_min_ord22_rk00007,-2.009817038628743,0.5511279581498074,-2.5609449967785505
OLS,o_min,m066522_o_min_ord22_rk00008,-11.1955576828455,0.5511279581498074,-11.746685640995308
OLS,o_min,m066523_o_min_ord22_rk00009,-15.85918657267725,0.5511279581498074,-16.41031453082706
OLS,o_min,m066524_o_min_ord22_rk00010,-6.028484166436624,0.5511279581498074,-6.579612124586432
OLS,o_min,m066525_o_min_ord22_rk00011,-2.909852853287991,0.5511279581498074,-3.460980811437798
OLS,o_min,m066526_o_min_ord22_rk00012,-1.204066235955042,0.5511279581498074,-1.7551941941048494
OLS,o_min,m066527_o_min_ord22_rk00013,-2.534450224541366,0.5511279581498074,-3.0855781826911732
OLS,o_min,m066528_o_min_ord22_rk00014,-2.164664848247098,0.5511279581498074,-2.7157928063969052
OLS,o_min,m066529_o_min_ord22_rk00015,-11.78588291507634,0.5511279581498074,-12.337010873226147
OLS,o_min,m066530_o_min_ord22_rk00016,-7.399267494469438,0.5511279581498074,-7.9503954526192455
OLS,o_min,m066531_o_min_ord22_rk00017,-3.577892281559063,0.5511279581498074,-4.12902023970887
OLS,o_min,m066532_o_min_ord22_rk00018,-0.4517849325025103,0.5511279581498074,-1.0029128906523177
OLS,o_min,m066533_o_min_ord22_rk00019,-14.59396519339863,0.5511279581498074,-15.145093151548437
OLS,o_min,m066534_o_min_ord22_rk00020,-0.3179402299396474,0.5511279581498074,-0.8690681880894549
OLS,o_min,m067515_o_min_ord23_rk00001,-11.07850845464712,0.5511279581498074,-11.629636412796927
OLS,o_min,m067516_o_min_ord23_rk00002,-6.095564652452309,0.5511279581498074,-6.646692610602116
OLS,o_min,m067517_o_min_ord23_rk00003,-2.616233803890909,0.5511279581498074,-3.1673617620407164
OLS,o_min,m067518_o_min_ord23_rk00004,-11.04381465272764,0.5511279581498074,-11.594942610877448
OLS,o_min,m067519_o_min_ord23_rk00005,-6.783138219557724,0.5511279581498074,-7.334266177707532
OLS,o_min,m067520_o_min_ord23_rk00006,-3.712265661949744,0.5511279581498074,-4.263393620099551
OLS,o_min,m067521_o_min_ord23_rk00007,-11.2614930698281,0.5511279581498074,-11.812621027977908
OLS,o_min,m067522_o_min_ord23_rk00008,-2.45139818025758,0.5511279581498074,-3.0025261384073874
OLS,o_min,m067523_o_min_ord23_rk00009,-4.108922983535787,0.5511279581498074,-4.660050941685594
OLS,o_min,m067524_o_min_ord23_rk00010,-2.509886844062375,0.5511279581498074,-3.061014802212182
OLS,o_min,m067525_o_min_ord23_rk00011,-1.717979904443175,0.5511279581498074,-2.2691078625929824
OLS,o_min,m067526_o_min_ord23_rk00012,-11.60365052227722,0.5511279581498074,-12.154778480427028
OLS,o_min,m067527_o_min_ord23_rk00013,-15.27903558007842,0.5511279581498074,-15.830163538228227
OLS,o_min,m067528_o_min_ord23_rk00014,-1.589447520525735,0.5511279581498074,-2.1405754786755424
OLS,o_min,m067529_o_min_ord23_rk00015,-0.534003082613348,0.5511279581498074,-1.0851310407631554
OLS,o_min,m067530_o_min_ord23_rk00016,-4.108631374157211,0.5511279581498074,-4.6597593323070186
OLS,o_min,m067531_o_min_ord23_rk00017,-9.4804220533512,0.5511279581498074,-10.031550011501007
OLS,o_min,m067532_o_min_ord23_rk00018,-4.871591698886676,0.5511279581498074,-5.422719657036484
OLS,o_min,m067533_o_min_ord23_rk00019,-4.379647466907067,0.5511279581498074,-4.930775425056875
OLS,o_min,m067534_o_min_ord23_rk00020,-3.254217573396284,0.5511279581498074,-3.8053455315460916
OLS,o_min,m068515_o_min_ord24_rk00001,-16.83853783856276,0.5511279581498074,-17.389665796712567
OLS,o_min,m068516_o_min_ord24_rk00002,-11.36080721284143,0.5511279581498074,-11.911935170991237
OLS,o_min,m068517_o_min_ord24_rk00003,-3.589367470289923,0.5511279581498074,-4.14049542843973
OLS,o_min,m068518_o_min_ord24_rk00004,-3.582633468332888,0.5511279581498074,-4.133761426482695
OLS,o_min,m068519_o_min_ord24_rk00005,-2.051758117820635,0.5511279581498074,-2.602886075970442
OLS,o_min,m068520_o_min_ord24_rk00006,-5.088011298693066,0.5511279581498074,-5.639139256842873
OLS,o_min,m068521_o_min_ord24_rk00007,-6.14482725066333,0.5511279581498074,-6.695955208813138
OLS,o_min,m068522_o_min_ord24_rk00008,-3.991857213253725,0.5511279581498074,-4.542985171403532
OLS,o_min,m068523_o_min_ord24_rk00009,-4.209090791835448,0.5511279581498074,-4.760218749985255
OLS,o_min,m068524_o_min_ord24_rk00010,-3.248803988192119,0.5511279581498074,-3.7999319463419265
OLS,o_min,m068525_o_min_ord24_rk00011,-11.39877357692408,0.5511279581498074,-11.949901535073888
OLS,o_min,m068526_o_min_ord24_rk00012,-6.716348157669988,0.5511279581498074,-7.267476115819796
OLS,o_min,m068527_o_min_ord24_rk00013,-4.231223777094248,0.5511279581498074,-4.782351735244055
OLS,o_min,m068528_o_min_ord24_rk00014,-2.476722587448072,0.5511279581498074,-3.0278505455978797
OLS,o_min,m068529_o_min_ord24_rk00015,-6.324175246179593,0.5511279581498074,-6.8753032043294
OLS,o_min,m068530_o_min_ord24_rk00016,-19.71371651577835,0.5511279581498074,-20.264844473928157
OLS,o_min,m068531_o_min_ord24_rk00017,-8.23293275128142,0.5511279581498074,-8.784060709431227
OLS,o_min,m068532_o_min_ord24_rk00018,-2.088748125411569,0.5511279581498074,-2.6398760835613766
OLS,o_min,m068533_o_min_ord24_rk00019,-13.3227631399639,0.5511279581498074,-13.873891098113708
OLS,o_min,m068534_o_min_ord24_rk00020,-2.49028404156889,0.5511279581498074,-3.0414119997186972
OLS,o_min,m069515_o_min_ord25_rk00001,-17.78433291567958,0.5511279581498074,-18.335460873829387
OLS,o_min,m069516_o_min_ord25_rk00002,-5.505549435947099,0.5511279581498074,-6.056677394096907
OLS,o_min,m069517_o_min_ord25_rk00003,-18.96674112636585,0.5511279581498074,-19.517869084515656
OLS,o_min,m069518_o_min_ord25_rk00004,-4.23872371283237,0.5511279581498074,-4.789851670982178
OLS,o_min,m069519_o_min_ord25_rk00005,-7.985248096860273,0.5511279581498074,-8.53637605501008
OLS,o_min,m069520_o_min_ord25_rk00006,-3.455012572249798,0.5511279581498074,-4.006140530399605
OLS,o_min,m069521_o_min_ord25_rk00007,-5.672743786670707,0.5511279581498074,-6.2238717448205145
OLS,o_min,m069522_o_min_ord25_rk00008,-4.969864191551729,0.5511279581498074,-5.520992149701537
OLS,o_min,m069523_o_min_ord25_rk00009,-15.99560357450403,0.5511279581498074,-16.546731532653837
OLS,o_min,m069524_o_min_ord25_rk00010,-3.576787329799052,0.5511279581498074,-4.127915287948859
OLS,o_min,m069525_o_min_ord25_rk00011,-13.28326359402094,0.5511279581498074,-13.834391552170748
OLS,o_min,m069526_o_min_ord25_rk00012,-6.649973942178795,0.5511279581498074,-7.201101900328602
OLS,o_min,m069527_o_min_ord25_rk00013,-7.258342059263143,0.5511279581498074,-7.80947001741295
OLS,o_min,m069528_o_min_ord25_rk00014,-8.422509917733379,0.5511279581498074,-8.973637875883187
OLS,o_min,m069529_o_min_ord25_rk00015,-3.430075086459774,0.5511279581498074,-3.9812030446095816
OLS,o_min,m069530_o_min_ord25_rk00016,-0.8004496983633926,0.5511279581498074,-1.3515776565132
OLS,o_min,m069531_o_min_ord25_rk00017,-14.46500477460634,0.5511279581498074,-15.016132732756148
OLS,o_min,m069532_o_min_ord25_rk00018,-15.49585388700865,0.5511279581498074,-16.046981845158456
OLS,o_min,m069533_o_min_ord25_rk00019,-1.589690064108437,0.5511279581498074,-2.1408180222582445
OLS,o_min,m069534_o_min_ord25_rk00020,-5.152239103973725,0.5511279581498074,-5.703367062123533
OLS,o_min,m070515_o_min_ord26_rk00001,-20.99068085313179,0.5511279581498074,-21.541808811281594
OLS,o_min,m070516_o_min_ord26_rk00002,-18.22526763664911,0.5511279581498074,-18.776395594798917
OLS,o_min,m070517_o_min_ord26_rk00003,-6.065928966616538,0.5511279581498074,-6.617056924766346
OLS,o_min,m070518_o_min_ord26_rk00004,-9.051758818189642,0.5511279581498074,-9.60288677633945
OLS,o_min,m070519_o_min_ord26_rk00005,-14.89007887666396,0.5511279581498074,-15.441206834813768
OLS,o_min,m070520_o_min_ord26_rk00006,-7.917012672274948,0.5511279581498074,-8.468140630424756
OLS,o_min,m070521_o_min_ord26_rk00007,-14.63709930220616,0.5511279581498074,-15.188227260355967
OLS,o_min,m070522_o_min_ord26_rk00008,-15.03812790749365,0.5511279581498074,-15.589255865643457
OLS,o_min,m070523_o_min_ord26_rk00009,-20.57535565297213,0.5511279581498074,-21.126483611121937
OLS,o_min,m070524_o_min_ord26_rk00010,-7.506455638706591,0.5511279581498074,-8.057583596856398
OLS,o_min,m070525_o_min_ord26_rk00011,-5.126079743201131,0.5511279581498074,-5.677207701350938
OLS,o_min,m070526_o_min_ord26_rk00012,-9.500081389777268,0.5511279581498074,-10.051209347927076
OLS,o_min,m070527_o_min_ord26_rk00013,-16.3396527756578,0.5511279581498074,-16.890780733807606
OLS,o_min,m070528_o_min_ord26_rk00014,-16.15439220958679,0.5511279581498074,-16.705520167736594
OLS,o_min,m070529_o_min_ord26_rk00015,-0.9510479216329242,0.5511279581498074,-1.5021758797827316
OLS,o_min,m070530_o_min_ord26_rk00016,-6.043792097499866,0.5511279581498074,-6.594920055649673
OLS,o_min,m070531_o_min_ord26_rk00017,-3.869252021330524,0.5511279581498074,-4.420379979480331
OLS,o_min,m070532_o_min_ord26_rk00018,-24.49412096887699,0.5511279581498074,-25.045248927026798
OLS,o_min,m070533_o_min_ord26_rk00019,-5.684991897295822,0.5511279581498074,-6.236119855445629
OLS,o_min,m070534_o_min_ord26_rk00020,-17.42939077424656,0.5511279581498074,-17.980518732396366
OLS,o_min,m071515_o_min_ord27_rk00001,-9.71799041737269,0.5511279581498074,-10.269118375522497
OLS,o_min,m071516_o_min_ord27_rk00002,-16.38815766123169,0.5511279581498074,-16.939285619381497
OLS,o_min,m071517_o_min_ord27_rk00003,-10.00979863981779,0.5511279581498074,-10.560926597967597
OLS,o_min,m071518_o_min_ord27_rk00004,-24.45157732773406,0.5511279581498074,-25.002705285883867
OLS,o_min,m071519_o_min_ord27_rk00005,-9.25540582957036,0.5511279581498074,-9.806533787720168
OLS,o_min,m071520_o_min_ord27_rk00006,-3.466663330246862,0.5511279581498074,-4.017791288396669
OLS,o_min,m071521_o_min_ord27_rk00007,-2.085979328266734,0.5511279581498074,-2.6371072864165415
OLS,o_min,m071522_o_min_ord27_rk00008,-6.557156263067771,0.5511279581498074,-7.108284221217579
OLS,o_min,m071523_o_min_ord27_rk00009,-0.9699803971465084,0.5511279581498074,-1.5211083552963158
OLS,o_min,m071524_o_min_ord27_rk00010,-14.31156700848122,0.5511279581498074,-14.862694966631027
OLS,o_min,m071525_o_min_ord27_rk00011,-19.52012189052068,0.5511279581498074,-20.071249848670487
OLS,o_min,m071526_o_min_ord27_rk00012,-15.14396939306623,0.5511279581498074,-15.695097351216038
OLS,o_min,m071527_o_min_ord27_rk00013,-1.243458249136777,0.5511279581498074,-1.7945862072865844
OLS,o_min,m071528_o_min_ord27_rk00014,-9.20923726188646,0.5511279581498074,-9.760365220036268
OLS,o_min,m071529_o_min_ord27_rk00015,-0.7593776573995121,0.5511279581498074,-1.3105056155493195
OLS,o_min,m071530_o_min_ord27_rk00016,-16.92234283904094,0.5511279581498074,-17.473470797190746
OLS,o_min,m071531_o_min_ord27_rk00017,-18.89516803763314,0.5511279581498074,-19.446295995782947
OLS,o_min,m071532_o_min_ord27_rk00018,-3.32414396375229,0.5511279581498074,-3.8752719219020975
OLS,o_min,m071533_o_min_ord27_rk00019,-6.997847320693953,0.5511279581498074,-7.548975278843761
OLS,o_min,m071534_o_min_ord27_rk00020,-2.651700306850513,0.5511279581498074,-3.2028282650003206
OLS,o_min,m072515_o_min_ord28_rk00001,-2.248240220489276,0.5511279581498074,-2.7993681786390834
OLS,o_min,m072516_o_min_ord28_rk00002,-9.319876467993604,0.5511279581498074,-9.871004426143411
OLS,o_min,m072517_o_min_ord28_rk00003,-5.395183512082473,0.5511279581498074,-5.94631147023228
OLS,o_min,m072518_o_min_ord28_rk00004,-12.45935944506938,0.5511279581498074,-13.010487403219187
OLS,o_min,m072519_o_min_ord28_rk00005,-1.823285737934407,0.5511279581498074,-2.3744136960842144
OLS,o_min,m072520_o_min_ord28_rk00006,-8.388972846680138,0.5511279581498074,-8.940100804829946
OLS,o_min,m072521_o_min_ord28_rk00007,-12.5543676459003,0.5511279581498074,-13.105495604050107
OLS,o_min,m072522_o_min_ord28_rk00008,-0.8987133392819875,0.5511279581498074,-1.449841297431795
OLS,o_min,m072523_o_min_ord28_rk00009,-3.12843270772325,0.5511279581498074,-3.6795606658730575
OLS,o_min,m072524_o_min_ord28_rk00010,-3.655539043127605,0.5511279581498074,-4.206667001277412
OLS,o_min,m072525_o_min_ord28_rk00011,-10.54511932833378,0.5511279581498074,-11.096247286483587
OLS,o_min,m072526_o_min_ord28_rk00012,-1.495090957052344,0.5511279581498074,-2.0462189152021515
OLS,o_min,m072527_o_min_ord28_rk00013,-0.8426990871711364,0.5511279581498074,-1.3938270453209438
OLS,o_min,m072528_o_min_ord28_rk00014,-0.8077833568352337,0.5511279581498074,-1.3589113149850411
OLS,o_min,m072529_o_min_ord28_rk00015,-9.765421856431026,0.5511279581498074,-10.316549814580833
OLS,o_min,m072530_o_min_ord28_rk00016,-1.442660358500879,0.5511279581498074,-1.9937883166506865
OLS,o_min,m072531_o_min_ord28_rk00017,-11.71422534050539,0.5511279581498074,-12.265353298655198
OLS,o_min,m072532_o_min_ord28_rk00018,-1.130687589134527,0.5511279581498074,-1.6818155472843344
OLS,o_min,m072533_o_min_ord28_rk00019,-7.23673663071377,0.5511279581498074,-7.787864588863577
OLS,o_min,m072534_o_min_ord28_rk00020,-9.78577954380491,0.5511279581498074,-10.336907501954718
OLS,o_min,m073515_o_min_ord29_rk00001,-11.38441256441644,0.5511279581498074,-11.935540522566248
OLS,o_min,m073516_o_min_ord29_rk00002,-1.317535812222628,0.5511279581498074,-1.8686637703724354
OLS,o_min,m073517_o_min_ord29_rk00003,-1.394065720665986,0.5511279581498074,-1.9451936788157935
OLS,o_min,m073518_o_min_ord29_rk00004,-10.74484210255445,0.5511279581498074,-11.295970060704258
OLS,o_min,m073519_o_min_ord29_rk00005,-3.728020560212599,0.5511279581498074,-4.2791485183624065
OLS,o_min,m073520_o_min_ord29_rk00006,-1.230736394401645,0.5511279581498074,-1.7818643525514524
OLS,o_min,m073521_o_min_ord29_rk00007,-12.86107214516066,0.5511279581498074,-13.412200103310468
OLS,o_min,m073522_o_min_ord29_rk00008,-0.8387878955124164,0.5511279581498074,-1.3899158536622238
OLS,o_min,m073523_o_min_ord29_rk00009,-5.66314805146701,0.5511279581498074,-6.2142760096168175
OLS,o_min,m073524_o_min_ord29_rk00010,-7.845865236075065,0.5511279581498074,-8.396993194224873
OLS,o_min,m073525_o_min_ord29_rk00011,-0.714878884776015,0.5511279581498074,-1.2660068429258224
OLS,o_min,m073526_o_min_ord29_rk00012,-0.8940223686236166,0.5511279581498074,-1.445150326773424
OLS,o_min,m073527_o_min_ord29_rk00013,-4.936687661274606,0.5511279581498074,-5.487815619424413
OLS,o_min,m073528_o_min_ord29_rk00014,-3.140507363942718,0.5511279581498074,-3.6916353220925258
OLS,o_min,m073529_o_min_ord29_rk00015,-1.799774786168082,0.5511279581498074,-2.3509027443178896
OLS,o_min,m073530_o_min_ord29_rk00016,-0.7956852209847525,0.5511279581498074,-1.34681317913456
OLS,o_min,m073531_o_min_ord29_rk00017,-0.787683253851057,0.5511279581498074,-1.3388112120008644
OLS,o_min,m073532_o_min_ord29_rk00018,-16.21812839152963,0.5511279581498074,-16.769256349679434
OLS,o_min,m073533_o_min_ord29_rk00019,-12.77440451979604,0.5511279581498074,-13.325532477945847
OLS,o_min,m073534_o_min_ord29_rk00020,-1.028876384058061,0.5511279581498074,-1.5800043422078685
OLS,o_min,m074515_o_min_ord30_rk00001,-1.553011423001534,0.5511279581498074,-2.1041393811513416
OLS,o_min,m074516_o_min_ord30_rk00002,-11.68712822911809,0.5511279581498074,-12.238256187267897
OLS,o_min,m074517_o_min_ord30_rk00003,-0.8072053847454093,0.5511279581498074,-1.3583333428952167
OLS,o_min,m074518_o_min_ord30_rk00004,-8.591796032611983,0.5511279581498074,-9.14292399076179
OLS,o_min,m074519_o_min_ord30_rk00005,-0.9256316914489626,0.5511279581498074,-1.47675964959877
OLS,o_min,m074520_o_min_ord30_rk00006,-3.011811188466408,0.5511279581498074,-3.5629391466162152
OLS,o_min,m074521_o_min_ord30_rk00007,-4.493237147448442,0.5511279581498074,-5.044365105598249
OLS,o_min,m074522_o_min_ord30_rk00008,-1.670374197865414,0.5511279581498074,-2.2215021560152213
OLS,o_min,m074523_o_min_ord30_rk00009,-5.092349126131233,0.5511279581498074,-5.643477084281041
OLS,o_min,m074524_o_min_ord30_rk00010,-1.541769128978614,0.5511279581498074,-2.0928970871284216
OLS,o_min,m074525_o_min_ord30_rk00011,-1.328832749323734,0.5511279581498074,-1.8799607074735414
OLS,o_min,m074526_o_min_ord30_rk00012,-11.102231295446,0.5511279581498074,-11.653359253595807
OLS,o_min,m074527_o_min_ord30_rk00013,-10.90263018052686,0.5511279581498074,-11.453758138676667
OLS,o_min,m074528_o_min_ord30_rk00014,-3.495662303195246,0.5511279581498074,-4.046790261345054
OLS,o_min,m074529_o_min_ord30_rk00015,-2.000010551869956,0.5511279581498074,-2.551138510019763
OLS,o_min,m074530_o_min_ord30_rk00016,-1.385838550117037,0.5511279581498074,-1.9369665082668444
OLS,o_min,m074531_o_min_ord30_rk00017,-12.94646116441272,0.5511279581498074,-13.497589122562527
OLS,o_min,m074532_o_min_ord30_rk00018,-1.058257015951768,0.5511279581498074,-1.6093849741015753
OLS,o_min,m074533_o_min_ord30_rk00019,-16.36779415453231,0.5511279581498074,-16.918922112682115
OLS,o_min,m074534_o_min_ord30_rk00020,-8.51155674988718,0.5511279581498074,-9.062684708036988
d1,o_min,m047515_o_min_ord3_rk00001,0.508384324917502,0.5434060066738533,-0.03502168175635134
d1,o_min,m047516_o_min_ord3_rk00002,0.503339974031259,0.5434060066738533,-0.04006603264259434
d1,o_min,m047517_o_min_ord3_rk00003,0.5184673868641296,0.5434060066738533,-0.024938619809723672
d1,o_min,m047518_o_min_ord3_rk00004,0.5042480136190672,0.5434060066738533,-0.03915799305478607
d1,o_min,m047519_o_min_ord3_rk00005,0.4998130513711344,0.5434060066738533,-0.043592955302718894
d1,o_min,m047520_o_min_ord3_rk00006,0.4345450749594177,0.5434060066738533,-0.10886093171443562
d1,o_min,m047521_o_min_ord3_rk00007,0.5220710972232903,0.5434060066738533,-0.021334909450563044
d1,o_min,m047522_o_min_ord3_rk00008,0.5155255292763774,0.5434060066738533,-0.0278804773974759
d1,o_min,m047523_o_min_ord3_rk00009,0.5072358028469526,0.5434060066738533,-0.036170203826900726
d1,o_min,m047524_o_min_ord3_rk00010,0.529046904510301,0.5434060066738533,-0.014359102163552295
d1,o_min,m047525_o_min_ord3_rk00011,0.5458104821560655,0.5434060066738533,0.0024044754822122316
d1,o_min,m047526_o_min_ord3_rk00012,0.4735580062763472,0.5434060066738533,-0.0698480003975061
d1,o_min,m047527_o_min_ord3_rk00013,0.5204095894280758,0.5434060066738533,-0.0229964172457775
d1,o_min,m047528_o_min_ord3_rk00014,0.486504299170322,0.5434060066738533,-0.056901707503531296
d1,o_min,m047529_o_min_ord3_rk00015,0.4593959056174533,0.5434060066738533,-0.0840101010564
d1,o_min,m047530_o_min_ord3_rk00016,0.5247038130998672,0.5434060066738533,-0.01870219357398606
d1,o_min,m047531_o_min_ord3_rk00017,0.5170516418814424,0.5434060066738533,-0.026354364792410934
d1,o_min,m047532_o_min_ord3_rk00018,0.478579197406771,0.5434060066738533,-0.06482680926708229
d1,o_min,m047533_o_min_ord3_rk00019,0.4942402276616406,0.5434060066738533,-0.049165779012212696
d1,o_min,m047534_o_min_ord3_rk00020,0.4841109379910745,0.5434060066738533,-0.059295068682778784
d1,o_min,m048515_o_min_ord4_rk00001,0.5255692167408331,0.5434060066738533,-0.01783678993302018
d1,o_min,m048516_o_min_ord4_rk00002,0.5122855892687257,0.5434060066738533,-0.03112041740512761
d1,o_min,m048517_o_min_ord4_rk00003,0.492802572860377,0.5434060066738533,-0.05060343381347632
d1,o_min,m048518_o_min_ord4_rk00004,0.4827262660738783,0.5434060066738533,-0.060679740599974996
d1,o_min,m048519_o_min_ord4_rk00005,0.5362451983896483,0.5434060066738533,-0.007160808284204956
d1,o_min,m048520_o_min_ord4_rk00006,0.4847102681565207,0.5434060066738533,-0.05869573851733262
d1,o_min,m048521_o_min_ord4_rk00007,0.525124302888164,0.5434060066738533,-0.018281703785689274
d1,o_min,m048522_o_min_ord4_rk00008,0.517915623689498,0.5434060066738533,-0.025490382984355353
d1,o_min,m048523_o_min_ord4_rk00009,0.5204701099563709,0.5434060066738533,-0.022935896717482418
d1,o_min,m048524_o_min_ord4_rk00010,0.4742978869290961,0.5434060066738533,-0.06910811974475722
d1,o_min,m048525_o_min_ord4_rk00011,0.4857191260565986,0.5434060066738533,-0.05768688061725469
d1,o_min,m048526_o_min_ord4_rk00012,0.4725685273124094,0.5434060066738533,-0.07083747936144391
d1,o_min,m048527_o_min_ord4_rk00013,0.5246491988255833,0.5434060066738533,-0.018756807848270052
d1,o_min,m048528_o_min_ord4_rk00014,0.514492156122596,0.5434060066738533,-0.02891385055125728
d1,o_min,m048529_o_min_ord4_rk00015,0.5073448169894911,0.5434060066738533,-0.03606118968436223
d1,o_min,m048530_o_min_ord4_rk00016,0.5257187645212313,0.5434060066738533,-0.017687242152621963
d1,o_min,m048531_o_min_ord4_rk00017,0.4843137921849179,0.5434060066738533,-0.059092214488935424
d1,o_min,m048532_o_min_ord4_rk00018,0.5352493975913071,0.5434060066738533,-0.008156609082546229
d1,o_min,m048533_o_min_ord4_rk00019,0.4722736277111499,0.5434060066738533,-0.07113237896270341
d1,o_min,m048534_o_min_ord4_rk00020,0.4737671903841671,0.5434060066738533,-0.06963881628968621
d1,o_min,m049515_o_min_ord5_rk00001,0.5183410115675724,0.5434060066738533,-0.025064995106280907
d1,o_min,m049516_o_min_ord5_rk00002,0.5146206216946876,0.5434060066738533,-0.028785384979165718
d1,o_min,m049517_o_min_ord5_rk00003,0.4509765672080909,0.5434060066738533,-0.09242943946576243
d1,o_min,m049518_o_min_ord5_rk00004,0.5237050701838875,0.5434060066738533,-0.019700936489965848
d1,o_min,m049519_o_min_ord5_rk00005,0.5250798323234763,0.5434060066738533,-0.018326174350376978
d1,o_min,m049520_o_min_ord5_rk00006,0.5201383458112232,0.5434060066738533,-0.023267660862630102
d1,o_min,m049521_o_min_ord5_rk00007,0.4821597114570989,0.5434060066738533,-0.0612462952167544
d1,o_min,m049522_o_min_ord5_rk00008,0.5219539694702346,0.5434060066738533,-0.021452037203618657
d1,o_min,m049523_o_min_ord5_rk00009,0.513262787957588,0.5434060066738533,-0.030143218716265352
d1,o_min,m049524_o_min_ord5_rk00010,0.4782006992034897,0.5434060066738533,-0.06520530747036363
d1,o_min,m049525_o_min_ord5_rk00011,0.5271633451784455,0.5434060066738533,-0.016242661495407762
d1,o_min,m049526_o_min_ord5_rk00012,0.5268567190249078,0.5434060066738533,-0.016549287648945477
d1,o_min,m049527_o_min_ord5_rk00013,0.505104980052613,0.5434060066738533,-0.03830102662124035
d1,o_min,m049528_o_min_ord5_rk00014,0.5252198498524352,0.5434060066738533,-0.01818615682141811
d1,o_min,m049529_o_min_ord5_rk00015,0.5171676145199183,0.5434060066738533,-0.026238392153934975
d1,o_min,m049530_o_min_ord5_rk00016,0.5257752524873607,0.5434060066738533,-0.017630754186492625
d1,o_min,m049531_o_min_ord5_rk00017,0.5289219569001355,0.5434060066738533,-0.014484049773717755
d1,o_min,m049532_o_min_ord5_rk00018,0.5131284422165223,0.5434060066738533,-0.030277564457330985
d1,o_min,m049533_o_min_ord5_rk00019,0.53430796346148,0.5434060066738533,-0.009098043212373286
d1,o_min,m049534_o_min_ord5_rk00020,0.5149989140280571,0.5434060066738533,-0.028407092645796217
d1,o_min,m050515_o_min_ord6_rk00001,0.5135347678331736,0.5434060066738533,-0.02987123884067966
d1,o_min,m050516_o_min_ord6_rk00002,0.5074875483227588,0.5434060066738533,-0.03591845835109453
d1,o_min,m050517_o_min_ord6_rk00003,0.5022020405049452,0.5434060066738533,-0.04120396616890809
d1,o_min,m050518_o_min_ord6_rk00004,0.5060213260646436,0.5434060066738533,-0.03738468060920974
d1,o_min,m050519_o_min_ord6_rk00005,0.4987225751926073,0.5434060066738533,-0.04468343148124598
d1,o_min,m050520_o_min_ord6_rk00006,0.5032937249395508,0.5434060066738533,-0.04011228173430248
d1,o_min,m050521_o_min_ord6_rk00007,0.5469329835502732,0.5434060066738533,0.003526976876419896
d1,o_min,m050522_o_min_ord6_rk00008,0.5012531211405902,0.5434060066738533,-0.04215288553326313
d1,o_min,m050523_o_min_ord6_rk00009,0.5244352225520892,0.5434060066738533,-0.018970784121764117
d1,o_min,m050524_o_min_ord6_rk00010,0.5300116085917865,0.5434060066738533,-0.013394398082066772
d1,o_min,m050525_o_min_ord6_rk00011,0.5229857135793055,0.5434060066738533,-0.020420293094547848
d1,o_min,m050526_o_min_ord6_rk00012,0.5346342844633265,0.5434060066738533,-0.0087717222105268
d1,o_min,m050527_o_min_ord6_rk00013,0.5097684495659819,0.5434060066738533,-0.03363755710787142
d1,o_min,m050528_o_min_ord6_rk00014,0.5141272543064275,0.5434060066738533,-0.02927875236742583
d1,o_min,m050529_o_min_ord6_rk00015,0.5040202216311411,0.5434060066738533,-0.039385785042712174
d1,o_min,m050530_o_min_ord6_rk00016,0.5074412039050737,0.5434060066738533,-0.03596480276877956
d1,o_min,m050531_o_min_ord6_rk00017,0.5194821391362918,0.5434060066738533,-0.023923867537561483
d1,o_min,m050532_o_min_ord6_rk00018,0.5056808476793955,0.5434060066738533,-0.03772515899445783
d1,o_min,m050533_o_min_ord6_rk00019,0.5216686241040049,0.5434060066738533,-0.021737382569848362
d1,o_min,m050534_o_min_ord6_rk00020,0.5512312299450048,0.5434060066738533,0.007825223271151538
d1,o_min,m051515_o_min_ord7_rk00001,0.4914169974763973,0.5434060066738533,-0.051989009197456026
d1,o_min,m051516_o_min_ord7_rk00002,0.5259906264503473,0.5434060066738533,-0.017415380223505972
d1,o_min,m051517_o_min_ord7_rk00003,0.5366404339730482,0.5434060066738533,-0.006765572700805134
d1,o_min,m051518_o_min_ord7_rk00004,0.5191150156737458,0.5434060066738533,-0.024290991000107454
d1,o_min,m051519_o_min_ord7_rk00005,0.5283547692789275,0.5434060066738533,-0.015051237394925754
d1,o_min,m051520_o_min_ord7_rk00006,0.5105541674874701,0.5434060066738533,-0.032851839186383236
d1,o_min,m051521_o_min_ord7_rk00007,0.4939154064050377,0.5434060066738533,-0.04949060026881558
d1,o_min,m051522_o_min_ord7_rk00008,0.4924215422514584,0.5434060066738533,-0.050984464422394904
d1,o_min,m051523_o_min_ord7_rk00009,0.5428329623934631,0.5434060066738533,-0.0005730442803901781
d1,o_min,m051524_o_min_ord7_rk00010,0.4977325154019603,0.5434060066738533,-0.04567349127189302
d1,o_min,m051525_o_min_ord7_rk00011,0.49525371947718,0.5434060066738533,-0.048152287196673305
d1,o_min,m051526_o_min_ord7_rk00012,0.520404506287278,0.5434060066738533,-0.023001500386575335
d1,o_min,m051527_o_min_ord7_rk00013,0.5031351171536365,0.5434060066738533,-0.040270889520216846
d1,o_min,m051528_o_min_ord7_rk00014,0.511932233589368,0.5434060066738533,-0.03147377308448529
d1,o_min,m051529_o_min_ord7_rk00015,0.5199815463587305,0.5434060066738533,-0.023424460315122797
d1,o_min,m051530_o_min_ord7_rk00016,0.5090000519318413,0.5434060066738533,-0.034405954742012024
d1,o_min,m051531_o_min_ord7_rk00017,0.474241390849891,0.5434060066738533,-0.06916461582396233
d1,o_min,m051532_o_min_ord7_rk00018,0.5250654901754352,0.5434060066738533,-0.018340516498418058
d1,o_min,m051533_o_min_ord7_rk00019,0.5228613695656144,0.5434060066738533,-0.02054463710823895
d1,o_min,m051534_o_min_ord7_rk00020,0.5336924384583652,0.5434060066738533,-0.009713568215488078
d1,o_min,m052515_o_min_ord8_rk00001,0.5046886927620158,0.5434060066738533,-0.038717313911837525
d1,o_min,m052516_o_min_ord8_rk00002,0.4989911518338238,0.5434060066738533,-0.044414854840029494
d1,o_min,m052517_o_min_ord8_rk00003,0.543438405296747,0.5434060066738533,3.239862289372564e-05
d1,o_min,m052518_o_min_ord8_rk00004,0.4937661840385908,0.5434060066738533,-0.04963982263526251
d1,o_min,m052519_o_min_ord8_rk00005,0.5270185827586954,0.5434060066738533,-0.016387423915157906
d1,o_min,m052520_o_min_ord8_rk00006,0.5456987752044239,0.5434060066738533,0.002292768530570588
d1,o_min,m052521_o_min_ord8_rk00007,0.5322463510343276,0.5434060066738533,-0.0111596556395257
d1,o_min,m052522_o_min_ord8_rk00008,0.5407454483576758,0.5434060066738533,-0.002660558316177508
d1,o_min,m052523_o_min_ord8_rk00009,0.5354475955451283,0.5434060066738533,-0.007958411128724974
d1,o_min,m052524_o_min_ord8_rk00010,0.4803322217002309,0.5434060066738533,-0.06307378497362243
d1,o_min,m052525_o_min_ord8_rk00011,0.5394652056960071,0.5434060066738533,-0.003940800977846215
d1,o_min,m052526_o_min_ord8_rk00012,0.4973624070265001,0.5434060066738533,-0.04604359964735322
d1,o_min,m052527_o_min_ord8_rk00013,0.492336908104704,0.5434060066738533,-0.05106909856914932
d1,o_min,m052528_o_min_ord8_rk00014,0.5408516503493206,0.5434060066738533,-0.002554356324532714
d1,o_min,m052529_o_min_ord8_rk00015,0.5164448765759508,0.5434060066738533,-0.026961130097902464
d1,o_min,m052530_o_min_ord8_rk00016,0.5157267885935588,0.5434060066738533,-0.0276792180802945
d1,o_min,m052531_o_min_ord8_rk00017,0.5163993741711287,0.5434060066738533,-0.027006632502724615
d1,o_min,m052532_o_min_ord8_rk00018,0.5222199070540803,0.5434060066738533,-0.021186099619773024
d1,o_min,m052533_o_min_ord8_rk00019,0.5260212350531194,0.5434060066738533,-0.01738477162073393
d1,o_min,m052534_o_min_ord8_rk00020,0.5433770307443311,0.5434060066738533,-2.897592952222361e-05
d1,o_min,m053515_o_min_ord9_rk00001,0.5197817383852454,0.5434060066738533,-0.023624268288607864
d1,o_min,m053516_o_min_ord9_rk00002,0.5355814407879071,0.5434060066738533,-0.007824565885946155
d1,o_min,m053517_o_min_ord9_rk00003,0.548256128722231,0.5434060066738533,0.0048501220483776475
d1,o_min,m053518_o_min_ord9_rk00004,0.5006522547246842,0.5434060066738533,-0.04275375194916908
d1,o_min,m053519_o_min_ord9_rk00005,0.5335172943276535,0.5434060066738533,-0.009888712346199813
d1,o_min,m053520_o_min_ord9_rk00006,0.4910532663922001,0.5434060066738533,-0.05235274028165321
d1,o_min,m053521_o_min_ord9_rk00007,0.5314884254449918,0.5434060066738533,-0.011917581228861551
d1,o_min,m053522_o_min_ord9_rk00008,0.5226919723899548,0.5434060066738533,-0.020714034283898508
d1,o_min,m053523_o_min_ord9_rk00009,0.5360568874044376,0.5434060066738533,-0.007349119269415727
d1,o_min,m053524_o_min_ord9_rk00010,0.5445625881035261,0.5434060066738533,0.0011565814296727872
d1,o_min,m053525_o_min_ord9_rk00011,0.5232807130499748,0.5434060066738533,-0.020125293623878493
d1,o_min,m053526_o_min_ord9_rk00012,0.4949079557647112,0.5434060066738533,-0.04849805090914211
d1,o_min,m053527_o_min_ord9_rk00013,0.5430470409843637,0.5434060066738533,-0.0003589656894895654
d1,o_min,m053528_o_min_ord9_rk00014,0.5437931976795585,0.5434060066738533,0.0003871910057051675
d1,o_min,m053529_o_min_ord9_rk00015,0.5434689587184802,0.5434060066738533,6.295204462691828e-05
d1,o_min,m053530_o_min_ord9_rk00016,0.5506663479499669,0.5434060066738533,0.0072603412761136354
d1,o_min,m053531_o_min_ord9_rk00017,0.5115889311321947,0.5434060066738533,-0.03181707554165858
d1,o_min,m053532_o_min_ord9_rk00018,0.4984398405283106,0.5434060066738533,-0.04496616614554272
d1,o_min,m053533_o_min_ord9_rk00019,0.5493068218973629,0.5434060066738533,0.005900815223509603
d1,o_min,m053534_o_min_ord9_rk00020,0.5408727259714328,0.5434060066738533,-0.0025332807024205373
d1,o_min,m054515_o_min_ord10_rk00001,0.5294218172333085,0.5434060066738533,-0.013984189440544803
d1,o_min,m054516_o_min_ord10_rk00002,0.5217506341274802,0.5434060066738533,-0.021655372546373064
d1,o_min,m054517_o_min_ord10_rk00003,0.5337075455897207,0.5434060066738533,-0.009698461084132637
d1,o_min,m054518_o_min_ord10_rk00004,0.5230347541062823,0.5434060066738533,-0.020371252567570997
d1,o_min,m054519_o_min_ord10_rk00005,0.5113122284363296,0.5434060066738533,-0.032093778237523685
d1,o_min,m054520_o_min_ord10_rk00006,0.5232627715294476,0.5434060066738533,-0.020143235144405747
d1,o_min,m054521_o_min_ord10_rk00007,0.5487500096876033,0.5434060066738533,0.005344003013750043
d1,o_min,m054522_o_min_ord10_rk00008,0.5294028982069142,0.5434060066738533,-0.014003108466939085
d1,o_min,m054523_o_min_ord10_rk00009,0.5403220272094488,0.5434060066738533,-0.0030839794644045293
d1,o_min,m054524_o_min_ord10_rk00010,0.5370000009604063,0.5434060066738533,-0.006406005713446961
d1,o_min,m054525_o_min_ord10_rk00011,0.5480312033980856,0.5434060066738533,0.004625196724232339
d1,o_min,m054526_o_min_ord10_rk00012,0.4831270159973391,0.5434060066738533,-0.06027899067651421
d1,o_min,m054527_o_min_ord10_rk00013,0.5476316981955516,0.5434060066738533,0.0042256915216982716
d1,o_min,m054528_o_min_ord10_rk00014,0.5456401176797897,0.5434060066738533,0.002234111005936401
d1,o_min,m054529_o_min_ord10_rk00015,0.5244587859270521,0.5434060066738533,-0.01894722074680122
d1,o_min,m054530_o_min_ord10_rk00016,0.5359941472713775,0.5434060066738533,-0.0074118594024757956
d1,o_min,m054531_o_min_ord10_rk00017,0.5388492082473315,0.5434060066738533,-0.004556798426521791
d1,o_min,m054532_o_min_ord10_rk00018,0.5254177532875486,0.5434060066738533,-0.01798825338630472
d1,o_min,m054533_o_min_ord10_rk00019,0.5595218286339672,0.5434060066738533,0.016115821960113852
d1,o_min,m054534_o_min_ord10_rk00020,0.5263547657715905,0.5434060066738533,-0.017051240902262843
d1,o_min,m055515_o_min_ord11_rk00001,0.5291371855858866,0.5434060066738533,-0.014268821087966677
d1,o_min,m055516_o_min_ord11_rk00002,0.534618949338614,0.5434060066738533,-0.008787057335239323
d1,o_min,m055517_o_min_ord11_rk00003,0.5425282285437174,0.5434060066738533,-0.0008777781301358978
d1,o_min,m055518_o_min_ord11_rk00004,0.5330956578369963,0.5434060066738533,-0.010310348836856997
d1,o_min,m055519_o_min_ord11_rk00005,0.4769469535337044,0.5434060066738533,-0.06645905314014888
d1,o_min,m055520_o_min_ord11_rk00006,0.5285070699672476,0.5434060066738533,-0.014898936706605692
d1,o_min,m055521_o_min_ord11_rk00007,0.5301957721791664,0.5434060066738533,-0.013210234494686945
d1,o_min,m055522_o_min_ord11_rk00008,0.5013544040610641,0.5434060066738533,-0.042051602612789174
d1,o_min,m055523_o_min_ord11_rk00009,0.5310117961611965,0.5434060066738533,-0.012394210512656767
d1,o_min,m055524_o_min_ord11_rk00010,0.544823184800234,0.5434060066738533,0.001417178126380647
d1,o_min,m055525_o_min_ord11_rk00011,0.525771458539805,0.5434060066738533,-0.0176345481340483
d1,o_min,m055526_o_min_ord11_rk00012,0.5325395307733553,0.5434060066738533,-0.010866475900498052
d1,o_min,m055527_o_min_ord11_rk00013,0.5412032341506751,0.5434060066738533,-0.0022027725231782425
d1,o_min,m055528_o_min_ord11_rk00014,0.530199092007819,0.5434060066738533,-0.013206914666034297
d1,o_min,m055529_o_min_ord11_rk00015,0.5248655291014341,0.5434060066738533,-0.018540477572419167
d1,o_min,m055530_o_min_ord11_rk00016,0.522741742533081,0.5434060066738533,-0.02066426414077227
d1,o_min,m055531_o_min_ord11_rk00017,0.526630492902046,0.5434060066738533,-0.016775513771807304
d1,o_min,m055532_o_min_ord11_rk00018,0.518285110144818,0.5434060066738533,-0.025120896529035264
d1,o_min,m055533_o_min_ord11_rk00019,0.528583926460336,0.5434060066738533,-0.014822080213517275
d1,o_min,m055534_o_min_ord11_rk00020,0.5476219473369334,0.5434060066738533,0.004215940663080064
d1,o_min,m056515_o_min_ord12_rk00001,0.530274806349307,0.5434060066738533,-0.013131200324546288
d1,o_min,m056516_o_min_ord12_rk00002,0.5243035110387283,0.5434060066738533,-0.019102495635125005
d1,o_min,m056517_o_min_ord12_rk00003,0.5274840473635143,0.5434060066738533,-0.015921959310339018
d1,o_min,m056518_o_min_ord12_rk00004,0.5267176038765071,0.5434060066738533,-0.01668840279734618
d1,o_min,m056519_o_min_ord12_rk00005,0.5428606388770894,0.5434060066738533,-0.0005453677967639514
d1,o_min,m056520_o_min_ord12_rk00006,0.5195591255879854,0.5434060066738533,-0.023846881085867855
d1,o_min,m056521_o_min_ord12_rk00007,0.5289731632566822,0.5434060066738533,-0.014432843417171104
d1,o_min,m056522_o_min_ord12_rk00008,0.52178611602016,0.5434060066738533,-0.021619890653693297
d1,o_min,m056523_o_min_ord12_rk00009,0.5264254625022193,0.5434060066738533,-0.01698054417163397
d1,o_min,m056524_o_min_ord12_rk00010,0.5237192946342426,0.5434060066738533,-0.0196867120396107
d1,o_min,m056525_o_min_ord12_rk00011,0.5248533819361691,0.5434060066738533,-0.018552624737684154
d1,o_min,m056526_o_min_ord12_rk00012,0.5193333484385798,0.5434060066738533,-0.024072658235273492
d1,o_min,m056527_o_min_ord12_rk00013,0.513744740163163,0.5434060066738533,-0.029661266510690343
d1,o_min,m056528_o_min_ord12_rk00014,0.5205613492049268,0.5434060066738533,-0.0228446574689265
d1,o_min,m056529_o_min_ord12_rk00015,0.4679789545651915,0.5434060066738533,-0.0754270521086618
d1,o_min,m056530_o_min_ord12_rk00016,0.5229162693641134,0.5434060066738533,-0.020489737309739908
d1,o_min,m056531_o_min_ord12_rk00017,0.5373831089944549,0.5434060066738533,-0.0060228976793984534
d1,o_min,m056532_o_min_ord12_rk00018,0.5298275811952752,0.5434060066738533,-0.013578425478578127
d1,o_min,m056533_o_min_ord12_rk00019,0.5212614385805396,0.5434060066738533,-0.022144568093313666
d1,o_min,m056534_o_min_ord12_rk00020,0.5445034460243876,0.5434060066738533,0.0010974393505343016
d1,o_min,m057515_o_min_ord13_rk00001,0.5254672806092573,0.5434060066738533,-0.01793872606459601
d1,o_min,m057516_o_min_ord13_rk00002,0.5321542632869224,0.5434060066738533,-0.011251743386930912
d1,o_min,m057517_o_min_ord13_rk00003,0.535971548260858,0.5434060066738533,-0.007434458412995282
d1,o_min,m057518_o_min_ord13_rk00004,0.5110389055910252,0.5434060066738533,-0.03236710108282814
d1,o_min,m057519_o_min_ord13_rk00005,0.5266670879278936,0.5434060066738533,-0.016738918745959674
d1,o_min,m057520_o_min_ord13_rk00006,0.5292219570584549,0.5434060066738533,-0.01418404961539843
d1,o_min,m057521_o_min_ord13_rk00007,0.5301289776431406,0.5434060066738533,-0.013277029030712706
d1,o_min,m057522_o_min_ord13_rk00008,0.5437350906507209,0.5434060066738533,0.0003290839768675946
d1,o_min,m057523_o_min_ord13_rk00009,0.5282058058238694,0.5434060066738533,-0.015200200849983858
d1,o_min,m057524_o_min_ord13_rk00010,0.5219316852907331,0.5434060066738533,-0.02147432138312022
d1,o_min,m057525_o_min_ord13_rk00011,0.4774068456551809,0.5434060066738533,-0.06599916101867243
d1,o_min,m057526_o_min_ord13_rk00012,0.5413348763265418,0.5434060066738533,-0.002071130347311545
d1,o_min,m057527_o_min_ord13_rk00013,0.520553750244082,0.5434060066738533,-0.02285225642977129
d1,o_min,m057528_o_min_ord13_rk00014,0.5237445216871324,0.5434060066738533,-0.019661484986720934
d1,o_min,m057529_o_min_ord13_rk00015,0.5402398501670574,0.5434060066738533,-0.0031661565067958586
d1,o_min,m057530_o_min_ord13_rk00016,0.5231798763092603,0.5434060066738533,-0.020226130364592976
d1,o_min,m057531_o_min_ord13_rk00017,0.5244588922994462,0.5434060066738533,-0.018947114374407104
d1,o_min,m057532_o_min_ord13_rk00018,0.5227528233824574,0.5434060066738533,-0.02065318329139587
d1,o_min,m057533_o_min_ord13_rk00019,0.52692730611283,0.5434060066738533,-0.016478700561023296
d1,o_min,m057534_o_min_ord13_rk00020,0.5343028328175463,0.5434060066738533,-0.00910317385630699
d1,o_min,m058515_o_min_ord14_rk00001,0.5148442613166626,0.5434060066738533,-0.028561745357190693
d1,o_min,m058516_o_min_ord14_rk00002,0.5270416862475444,0.5434060066738533,-0.016364320426308865
d1,o_min,m058517_o_min_ord14_rk00003,0.5153415642108135,0.5434060066738533,-0.02806444246303985
d1,o_min,m058518_o_min_ord14_rk00004,0.5193455613292466,0.5434060066738533,-0.024060445344606718
d1,o_min,m058519_o_min_ord14_rk00005,0.5215368327871932,0.5434060066738533,-0.021869173886660098
d1,o_min,m058520_o_min_ord14_rk00006,0.530199814062557,0.5434060066738533,-0.013206192611296297
d1,o_min,m058521_o_min_ord14_rk00007,0.5238474417078516,0.5434060066738533,-0.019558564966001724
d1,o_min,m058522_o_min_ord14_rk00008,0.5213238009053355,0.5434060066738533,-0.022082205768517826
d1,o_min,m058523_o_min_ord14_rk00009,0.5295097041981451,0.5434060066738533,-0.013896302475708167
d1,o_min,m058524_o_min_ord14_rk00010,0.5271154341716886,0.5434060066738533,-0.016290572502164702
d1,o_min,m058525_o_min_ord14_rk00011,0.510421971941374,0.5434060066738533,-0.03298403473247935
d1,o_min,m058526_o_min_ord14_rk00012,0.5124115891993868,0.5434060066738533,-0.030994417474466518
d1,o_min,m058527_o_min_ord14_rk00013,0.5303175255784622,0.5434060066738533,-0.013088481095391069
d1,o_min,m058528_o_min_ord14_rk00014,0.5255239874943755,0.5434060066738533,-0.017882019179477848
d1,o_min,m058529_o_min_ord14_rk00015,0.518587416315841,0.5434060066738533,-0.02481859035801226
d1,o_min,m058530_o_min_ord14_rk00016,0.5330159915756612,0.5434060066738533,-0.010390015098192151
d1,o_min,m058531_o_min_ord14_rk00017,0.5242872619960719,0.5434060066738533,-0.019118744677781407
d1,o_min,m058532_o_min_ord14_rk00018,0.5255699471337332,0.5434060066738533,-0.01783605954012013
d1,o_min,m058533_o_min_ord14_rk00019,0.5184819289349195,0.5434060066738533,-0.024924077738933792
d1,o_min,m058534_o_min_ord14_rk00020,0.5193233155166264,0.5434060066738533,-0.024082691157226943
d1,o_min,m059515_o_min_ord15_rk00001,0.5217925617779242,0.5434060066738533,-0.02161344489592909
d1,o_min,m059516_o_min_ord15_rk00002,0.5306599352254515,0.5434060066738533,-0.012746071448401786
d1,o_min,m059517_o_min_ord15_rk00003,0.5217854053820759,0.5434060066738533,-0.021620601291777453
d1,o_min,m059518_o_min_ord15_rk00004,0.5260101132944386,0.5434060066738533,-0.017395893379414717
d1,o_min,m059519_o_min_ord15_rk00005,0.523316320622129,0.5434060066738533,-0.020089686051724343
d1,o_min,m059520_o_min_ord15_rk00006,0.5073332877655131,0.5434060066738533,-0.036072718908340184
d1,o_min,m059521_o_min_ord15_rk00007,0.5256837768952773,0.5434060066738533,-0.01772222977857596
d1,o_min,m059522_o_min_ord15_rk00008,0.5158906260867875,0.5434060066738533,-0.02751538058706582
d1,o_min,m059523_o_min_ord15_rk00009,0.5264144653527872,0.5434060066738533,-0.01699154132106606
d1,o_min,m059524_o_min_ord15_rk00010,0.5274015162549383,0.5434060066738533,-0.01600449041891505
d1,o_min,m059525_o_min_ord15_rk00011,0.5091686904984499,0.5434060066738533,-0.034237316175403376
d1,o_min,m059526_o_min_ord15_rk00012,0.520613171019116,0.5434060066738533,-0.02279283565473733
d1,o_min,m059527_o_min_ord15_rk00013,0.5317205667276312,0.5434060066738533,-0.011685439946222065
d1,o_min,m059528_o_min_ord15_rk00014,0.5256758522433593,0.5434060066738533,-0.017730154430493972
d1,o_min,m059529_o_min_ord15_rk00015,0.5231068558157169,0.5434060066738533,-0.020299150858136383
d1,o_min,m059530_o_min_ord15_rk00016,0.5295643844126419,0.5434060066738533,-0.01384162226121144
d1,o_min,m059531_o_min_ord15_rk00017,0.5343475363772714,0.5434060066738533,-0.00905847029658191
d1,o_min,m059532_o_min_ord15_rk00018,0.5254934753623975,0.5434060066738533,-0.01791253131145576
d1,o_min,m059533_o_min_ord15_rk00019,0.5218972088783769,0.5434060066738533,-0.02150879779547643
d1,o_min,m059534_o_min_ord15_rk00020,0.5287540496056651,0.5434060066738533,-0.014651957068188226
d1,o_min,m060515_o_min_ord16_rk00001,0.5186763675142407,0.5434060066738533,-0.02472963915961257
d1,o_min,m060516_o_min_ord16_rk00002,0.5298590060796344,0.5434060066738533,-0.013547000594218872
d1,o_min,m060517_o_min_ord16_rk00003,0.5231476426192636,0.5434060066738533,-0.020258364054589695
d1,o_min,m060518_o_min_ord16_rk00004,0.5307188723771763,0.5434060066738533,-0.012687134296677005
d1,o_min,m060519_o_min_ord16_rk00005,0.5158033671583357,0.5434060066738533,-0.027602639515517557
d1,o_min,m060520_o_min_ord16_rk00006,0.5218902573255375,0.5434060066738533,-0.021515749348315794
d1,o_min,m060521_o_min_ord16_rk00007,0.5184628269643438,0.5434060066738533,-0.024943179709509544
d1,o_min,m060522_o_min_ord16_rk00008,0.5227665137610418,0.5434060066738533,-0.02063949291281153
d1,o_min,m060523_o_min_ord16_rk00009,0.5152338175999549,0.5434060066738533,-0.0281721890738984
d1,o_min,m060524_o_min_ord16_rk00010,0.5240756940138085,0.5434060066738533,-0.019330312660044813
d1,o_min,m060525_o_min_ord16_rk00011,0.5216609646467852,0.5434060066738533,-0.021745042027068062
d1,o_min,m060526_o_min_ord16_rk00012,0.5175610211316106,0.5434060066738533,-0.025844985542242682
d1,o_min,m060527_o_min_ord16_rk00013,0.5237237281566168,0.5434060066738533,-0.019682278517236473
d1,o_min,m060528_o_min_ord16_rk00014,0.521365383717977,0.5434060066738533,-0.022040622955876277
d1,o_min,m060529_o_min_ord16_rk00015,0.5081638050216535,0.5434060066738533,-0.03524220165219982
d1,o_min,m060530_o_min_ord16_rk00016,0.5318622267185749,0.5434060066738533,-0.011543779955278444
d1,o_min,m060531_o_min_ord16_rk00017,0.5165678650808287,0.5434060066738533,-0.026838141593024556
d1,o_min,m060532_o_min_ord16_rk00018,0.5238889073541944,0.5434060066738533,-0.019517099319658948
d1,o_min,m060533_o_min_ord16_rk00019,0.5250047391621862,0.5434060066738533,-0.018401267511667152
d1,o_min,m060534_o_min_ord16_rk00020,0.5019281918341838,0.5434060066738533,-0.0414778148396695
d1,o_min,m061515_o_min_ord17_rk00001,0.5180389200635478,0.5434060066738533,-0.02536708661030551
d1,o_min,m061516_o_min_ord17_rk00002,0.4995295419039153,0.5434060066738533,-0.043876464769938006
d1,o_min,m061517_o_min_ord17_rk00003,0.5182592462037439,0.5434060066738533,-0.02514676047010944
d1,o_min,m061518_o_min_ord17_rk00004,0.5208766776285954,0.5434060066738533,-0.02252932904525795
d1,o_min,m061519_o_min_ord17_rk00005,0.52135095087981,0.5434060066738533,-0.02205505579404332
d1,o_min,m061520_o_min_ord17_rk00006,0.5040037399489679,0.5434060066738533,-0.03940226672488545
d1,o_min,m061521_o_min_ord17_rk00007,0.5254460140059717,0.5434060066738533,-0.01795999266788162
d1,o_min,m061522_o_min_ord17_rk00008,0.5285808674851721,0.5434060066738533,-0.014825139188681224
d1,o_min,m061523_o_min_ord17_rk00009,0.5136930942523352,0.5434060066738533,-0.02971291242151808
d1,o_min,m061524_o_min_ord17_rk00010,0.4991403707335227,0.5434060066738533,-0.04426563594033062
d1,o_min,m061525_o_min_ord17_rk00011,0.4920913754953346,0.5434060066738533,-0.0513146311785187
d1,o_min,m061526_o_min_ord17_rk00012,0.5196304777826042,0.5434060066738533,-0.02377552889124912
d1,o_min,m061527_o_min_ord17_rk00013,0.5207080124192482,0.5434060066738533,-0.02269799425460506
d1,o_min,m061528_o_min_ord17_rk00014,0.5172439995931559,0.5434060066738533,-0.02616200708069738
d1,o_min,m061529_o_min_ord17_rk00015,0.4855993412235827,0.5434060066738533,-0.05780666545027058
d1,o_min,m061530_o_min_ord17_rk00016,0.5199752814635167,0.5434060066738533,-0.023430725210336623
d1,o_min,m061531_o_min_ord17_rk00017,0.5231623306653239,0.5434060066738533,-0.020243676008529388
d1,o_min,m061532_o_min_ord17_rk00018,0.5255831775568005,0.5434060066738533,-0.017822829117052796
d1,o_min,m061533_o_min_ord17_rk00019,0.5113456620381295,0.5434060066738533,-0.032060344635723825
d1,o_min,m061534_o_min_ord17_rk00020,0.5217686484573432,0.5434060066738533,-0.02163735821651014
d1,o_min,m062515_o_min_ord18_rk00001,0.4962674612610388,0.5434060066738533,-0.04713854541281448
d1,o_min,m062516_o_min_ord18_rk00002,0.5151179928051082,0.5434060066738533,-0.028288013868745132
d1,o_min,m062517_o_min_ord18_rk00003,0.514365315358421,0.5434060066738533,-0.0290406913154323
d1,o_min,m062518_o_min_ord18_rk00004,0.4977638247847324,0.5434060066738533,-0.04564218188912089
d1,o_min,m062519_o_min_ord18_rk00005,0.5127892467126483,0.5434060066738533,-0.030616759961205053
d1,o_min,m062520_o_min_ord18_rk00006,0.5074828556461456,0.5434060066738533,-0.03592315102770771
d1,o_min,m062521_o_min_ord18_rk00007,0.5149179595616629,0.5434060066738533,-0.02848804711219044
d1,o_min,m062522_o_min_ord18_rk00008,0.5000005007419704,0.5434060066738533,-0.04340550593188286
d1,o_min,m062523_o_min_ord18_rk00009,0.5157351141261985,0.5434060066738533,-0.027670892547654757
d1,o_min,m062524_o_min_ord18_rk00010,0.5106750455420161,0.5434060066738533,-0.032730961131837155
d1,o_min,m062525_o_min_ord18_rk00011,0.4953493459354007,0.5434060066738533,-0.048056660738452606
d1,o_min,m062526_o_min_ord18_rk00012,0.5238286937449417,0.5434060066738533,-0.019577312928911628
d1,o_min,m062527_o_min_ord18_rk00013,0.5123104368335721,0.5434060066738533,-0.031095569840281168
d1,o_min,m062528_o_min_ord18_rk00014,0.4980354559561079,0.5434060066738533,-0.04537055071774543
d1,o_min,m062529_o_min_ord18_rk00015,0.5076887711619071,0.5434060066738533,-0.035717235511946166
d1,o_min,m062530_o_min_ord18_rk00016,0.4895015863117676,0.5434060066738533,-0.0539044203620857
d1,o_min,m062531_o_min_ord18_rk00017,0.5087192059790939,0.5434060066738533,-0.03468680069475938
d1,o_min,m062532_o_min_ord18_rk00018,0.5038284249065144,0.5434060066738533,-0.03957758176733894
d1,o_min,m062533_o_min_ord18_rk00019,0.4933487745156183,0.5434060066738533,-0.05005723215823499
d1,o_min,m062534_o_min_ord18_rk00020,0.5155865702820515,0.5434060066738533,-0.027819436391801844
d1,o_min,m063515_o_min_ord19_rk00001,0.5200087752037215,0.5434060066738533,-0.02339723147013184
d1,o_min,m063516_o_min_ord19_rk00002,0.5058281917580567,0.5434060066738533,-0.03757781491579659
d1,o_min,m063517_o_min_ord19_rk00003,0.4986767942863542,0.5434060066738533,-0.04472921238749911
d1,o_min,m063518_o_min_ord19_rk00004,0.5045576520177706,0.5434060066738533,-0.03884835465608272
d1,o_min,m063519_o_min_ord19_rk00005,0.5210594332085755,0.5434060066738533,-0.022346573465277797
d1,o_min,m063520_o_min_ord19_rk00006,0.5188265674141095,0.5434060066738533,-0.02457943925974382
d1,o_min,m063521_o_min_ord19_rk00007,0.5151373797837365,0.5434060066738533,-0.028268626890116777
d1,o_min,m063522_o_min_ord19_rk00008,0.5062439677526751,0.5434060066738533,-0.0371620389211782
d1,o_min,m063523_o_min_ord19_rk00009,0.5056864648236734,0.5434060066738533,-0.037719541850179894
d1,o_min,m063524_o_min_ord19_rk00010,0.5133632025094459,0.5434060066738533,-0.03004280416440741
d1,o_min,m063525_o_min_ord19_rk00011,0.4994047822462962,0.5434060066738533,-0.044001224427557106
d1,o_min,m063526_o_min_ord19_rk00012,0.5190179773963881,0.5434060066738533,-0.024388029277465195
d1,o_min,m063527_o_min_ord19_rk00013,0.5166323847121121,0.5434060066738533,-0.026773621961741156
d1,o_min,m063528_o_min_ord19_rk00014,0.5119131891916235,0.5434060066738533,-0.03149281748222976
d1,o_min,m063529_o_min_ord19_rk00015,0.5050696078380366,0.5434060066738533,-0.03833639883581674
d1,o_min,m063530_o_min_ord19_rk00016,0.5222276375457691,0.5434060066738533,-0.02117836912808424
d1,o_min,m063531_o_min_ord19_rk00017,0.4982047949076634,0.5434060066738533,-0.04520121176618991
d1,o_min,m063532_o_min_ord19_rk00018,0.508649017008739,0.5434060066738533,-0.03475698966511431
d1,o_min,m063533_o_min_ord19_rk00019,0.5078774840526203,0.5434060066738533,-0.03552852262123296
d1,o_min,m063534_o_min_ord19_rk00020,0.5412077553085806,0.5434060066738533,-0.002198251365272741
d1,o_min,m064515_o_min_ord20_rk00001,0.5182613210248435,0.5434060066738533,-0.025144685649009846
d1,o_min,m064516_o_min_ord20_rk00002,0.499633527069739,0.5434060066738533,-0.04377247960411429
d1,o_min,m064517_o_min_ord20_rk00003,0.5176675307098709,0.5434060066738533,-0.025738475963982377
d1,o_min,m064518_o_min_ord20_rk00004,0.499501345102286,0.5434060066738533,-0.043904661571567305
d1,o_min,m064519_o_min_ord20_rk00005,0.5135838075777681,0.5434060066738533,-0.02982219909608519
d1,o_min,m064520_o_min_ord20_rk00006,0.5104018086938946,0.5434060066738533,-0.03300419797995868
d1,o_min,m064521_o_min_ord20_rk00007,0.5024116453012926,0.5434060066738533,-0.04099436137256074
d1,o_min,m064522_o_min_ord20_rk00008,0.508659508857561,0.5434060066738533,-0.034746497816292354
d1,o_min,m064523_o_min_ord20_rk00009,0.4939418853371395,0.5434060066738533,-0.049464121336713796
d1,o_min,m064524_o_min_ord20_rk00010,0.5208621220276048,0.5434060066738533,-0.022543884646248458
d1,o_min,m064525_o_min_ord20_rk00011,0.5210506895094085,0.5434060066738533,-0.022355317164444832
d1,o_min,m064526_o_min_ord20_rk00012,0.5026432557196316,0.5434060066738533,-0.04076275095422166
d1,o_min,m064527_o_min_ord20_rk00013,0.517168901471701,0.5434060066738533,-0.026237105202152278
d1,o_min,m064528_o_min_ord20_rk00014,0.5038761245957717,0.5434060066738533,-0.03952988207808161
d1,o_min,m064529_o_min_ord20_rk00015,0.5172834120054781,0.5434060066738533,-0.026122594668375188
d1,o_min,m064530_o_min_ord20_rk00016,0.5214364189663827,0.5434060066738533,-0.021969587707470595
d1,o_min,m064531_o_min_ord20_rk00017,0.5018941791325267,0.5434060066738533,-0.04151182754132665
d1,o_min,m064532_o_min_ord20_rk00018,0.5352152539788015,0.5434060066738533,-0.008190752695051762
d1,o_min,m064533_o_min_ord20_rk00019,0.5126413138389792,0.5434060066738533,-0.030764692834874152
d1,o_min,m064534_o_min_ord20_rk00020,0.5168419749282782,0.5434060066738533,-0.02656403174557509
d1,o_min,m065515_o_min_ord21_rk00001,0.5131579650575445,0.5434060066738533,-0.030248041616308785
d1,o_min,m065516_o_min_ord21_rk00002,0.5006951693704975,0.5434060066738533,-0.042710837303355786
d1,o_min,m065517_o_min_ord21_rk00003,0.5126844286901315,0.5434060066738533,-0.03072157798372177
d1,o_min,m065518_o_min_ord21_rk00004,0.4909530077134216,0.5434060066738533,-0.05245299896043171
d1,o_min,m065519_o_min_ord21_rk00005,0.5057675130062076,0.5434060066738533,-0.03763849366764571
d1,o_min,m065520_o_min_ord21_rk00006,0.514120389537748,0.5434060066738533,-0.029285617136105335
d1,o_min,m065521_o_min_ord21_rk00007,0.4958881067124463,0.5434060066738533,-0.047517899961406984
d1,o_min,m065522_o_min_ord21_rk00008,0.513534963390466,0.5434060066738533,-0.0298710432833873
d1,o_min,m065523_o_min_ord21_rk00009,0.5161651309806778,0.5434060066738533,-0.02724087569317546
d1,o_min,m065524_o_min_ord21_rk00010,0.5118732145955925,0.5434060066738533,-0.03153279207826076
d1,o_min,m065525_o_min_ord21_rk00011,0.5034953434544143,0.5434060066738533,-0.039910663219439035
d1,o_min,m065526_o_min_ord21_rk00012,0.5024089013038517,0.5434060066738533,-0.04099710537000156
d1,o_min,m065527_o_min_ord21_rk00013,0.5206668559709422,0.5434060066738533,-0.022739150702911104
d1,o_min,m065528_o_min_ord21_rk00014,0.5259379155620649,0.5434060066738533,-0.017468091111788375
d1,o_min,m065529_o_min_ord21_rk00015,0.5354369719009189,0.5434060066738533,-0.007969034772934425
d1,o_min,m065530_o_min_ord21_rk00016,0.5002541309854847,0.5434060066738533,-0.043151875688368646
d1,o_min,m065531_o_min_ord21_rk00017,0.5386146766696946,0.5434060066738533,-0.004791330004158656
d1,o_min,m065532_o_min_ord21_rk00018,0.4911407104439137,0.5434060066738533,-0.052265296229939584
d1,o_min,m065533_o_min_ord21_rk00019,0.5132097514410606,0.5434060066738533,-0.03019625523279268
d1,o_min,m065534_o_min_ord21_rk00020,0.5069102258307407,0.5434060066738533,-0.03649578084311256
d1,o_min,m066515_o_min_ord22_rk00001,0.526184196745958,0.5434060066738533,-0.01722180992789535
d1,o_min,m066516_o_min_ord22_rk00002,0.5089923974324384,0.5434060066738533,-0.0344136092414149
d1,o_min,m066517_o_min_ord22_rk00003,0.529762699754287,0.5434060066738533,-0.013643306919566278
d1,o_min,m066518_o_min_ord22_rk00004,0.5059147169606251,0.5434060066738533,-0.03749128971322824
d1,o_min,m066519_o_min_ord22_rk00005,0.5389241783850824,0.5434060066738533,-0.004481828288770862
d1,o_min,m066520_o_min_ord22_rk00006,0.5049987013045573,0.5434060066738533,-0.03840730536929604
d1,o_min,m066521_o_min_ord22_rk00007,0.527242682962791,0.5434060066738533,-0.016163323711062327
d1,o_min,m066522_o_min_ord22_rk00008,0.5080662140526668,0.5434060066738533,-0.03533979262118647
d1,o_min,m066523_o_min_ord22_rk00009,0.4930990112766066,0.5434060066738533,-0.0503069953972467
d1,o_min,m066524_o_min_ord22_rk00010,0.5059792361406743,0.5434060066738533,-0.037426770533179
d1,o_min,m066525_o_min_ord22_rk00011,0.5110527822488603,0.5434060066738533,-0.032353224424993
d1,o_min,m066526_o_min_ord22_rk00012,0.5029767352970831,0.5434060066738533,-0.040429271376770215
d1,o_min,m066527_o_min_ord22_rk00013,0.5117846685042722,0.5434060066738533,-0.031621338169581126
d1,o_min,m066528_o_min_ord22_rk00014,0.4958178557310334,0.5434060066738533,-0.04758815094281993
d1,o_min,m066529_o_min_ord22_rk00015,0.5070318090944671,0.5434060066738533,-0.0363741975793862
d1,o_min,m066530_o_min_ord22_rk00016,0.5170483738589168,0.5434060066738533,-0.026357632814936527
d1,o_min,m066531_o_min_ord22_rk00017,0.5200682059341928,0.5434060066738533,-0.02333780073966052
d1,o_min,m066532_o_min_ord22_rk00018,0.5063994717459515,0.5434060066738533,-0.037006534927901846
d1,o_min,m066533_o_min_ord22_rk00019,0.4915934591856099,0.5434060066738533,-0.05181254748824338
d1,o_min,m066534_o_min_ord22_rk00020,0.511217059882281,0.5434060066738533,-0.03218894679157225
d1,o_min,m067515_o_min_ord23_rk00001,0.5208391968418087,0.5434060066738533,-0.02256680983204462
d1,o_min,m067516_o_min_ord23_rk00002,0.519204795111362,0.5434060066738533,-0.02420121156249133
d1,o_min,m067517_o_min_ord23_rk00003,0.5262471520716154,0.5434060066738533,-0.017158854602237872
d1,o_min,m067518_o_min_ord23_rk00004,0.5195961714605065,0.5434060066738533,-0.023809835213346786
d1,o_min,m067519_o_min_ord23_rk00005,0.5209121158840446,0.5434060066738533,-0.02249389078980868
d1,o_min,m067520_o_min_ord23_rk00006,0.5347859812206197,0.5434060066738533,-0.008620025453233593
d1,o_min,m067521_o_min_ord23_rk00007,0.5192656652481862,0.5434060066738533,-0.024140341425667122
d1,o_min,m067522_o_min_ord23_rk00008,0.5229061181942352,0.5434060066738533,-0.020499888479618145
d1,o_min,m067523_o_min_ord23_rk00009,0.5196443300373994,0.5434060066738533,-0.0237616766364539
d1,o_min,m067524_o_min_ord23_rk00010,0.5389732119353396,0.5434060066738533,-0.004432794738513657
d1,o_min,m067525_o_min_ord23_rk00011,0.5063054147612907,0.5434060066738533,-0.03710059191256265
d1,o_min,m067526_o_min_ord23_rk00012,0.5228523072969502,0.5434060066738533,-0.0205536993769031
d1,o_min,m067527_o_min_ord23_rk00013,0.5172016174472029,0.5434060066738533,-0.02620438922665036
d1,o_min,m067528_o_min_ord23_rk00014,0.5226977011564267,0.5434060066738533,-0.02070830551742664
d1,o_min,m067529_o_min_ord23_rk00015,0.5081465766715719,0.5434060066738533,-0.03525943000228138
d1,o_min,m067530_o_min_ord23_rk00016,0.516173609026015,0.5434060066738533,-0.027232397647838358
d1,o_min,m067531_o_min_ord23_rk00017,0.5259305525567461,0.5434060066738533,-0.01747545411710716
d1,o_min,m067532_o_min_ord23_rk00018,0.5176695964019522,0.5434060066738533,-0.0257364102719011
d1,o_min,m067533_o_min_ord23_rk00019,0.5235159987301943,0.5434060066738533,-0.019890007943659027
d1,o_min,m067534_o_min_ord23_rk00020,0.524770590607788,0.5434060066738533,-0.018635416066065336
d1,o_min,m068515_o_min_ord24_rk00001,0.5125043115067036,0.5434060066738533,-0.03090169516714969
d1,o_min,m068516_o_min_ord24_rk00002,0.5094077206763552,0.5434060066738533,-0.0339982859974981
d1,o_min,m068517_o_min_ord24_rk00003,0.50491143054443,0.5434060066738533,-0.03849457612942331
d1,o_min,m068518_o_min_ord24_rk00004,0.5157212615017304,0.5434060066738533,-0.027684745172122938
d1,o_min,m068519_o_min_ord24_rk00005,0.5171148989221654,0.5434060066738533,-0.02629110775168786
d1,o_min,m068520_o_min_ord24_rk00006,0.5096317092045458,0.5434060066738533,-0.03377429746930749
d1,o_min,m068521_o_min_ord24_rk00007,0.5158120502446931,0.5434060066738533,-0.027593956429160182
d1,o_min,m068522_o_min_ord24_rk00008,0.5129916015407743,0.5434060066738533,-0.030414405133079025
d1,o_min,m068523_o_min_ord24_rk00009,0.5090610752873974,0.5434060066738533,-0.03434493138645589
d1,o_min,m068524_o_min_ord24_rk00010,0.5247527120113348,0.5434060066738533,-0.018653294662518527
d1,o_min,m068525_o_min_ord24_rk00011,0.5172522464081539,0.5434060066738533,-0.026153760265699377
d1,o_min,m068526_o_min_ord24_rk00012,0.505165440810597,0.5434060066738533,-0.038240565863256304
d1,o_min,m068527_o_min_ord24_rk00013,0.5078015540459149,0.5434060066738533,-0.03560445262793843
d1,o_min,m068528_o_min_ord24_rk00014,0.5169490282410776,0.5434060066738533,-0.026456978432775724
d1,o_min,m068529_o_min_ord24_rk00015,0.5042462275957649,0.5434060066738533,-0.03915977907808843
d1,o_min,m068530_o_min_ord24_rk00016,0.5103999362184046,0.5434060066738533,-0.03300607045544868
d1,o_min,m068531_o_min_ord24_rk00017,0.5151288584183256,0.5434060066738533,-0.02827714825552774
d1,o_min,m068532_o_min_ord24_rk00018,0.5322333471112921,0.5434060066738533,-0.011172659562561194
d1,o_min,m068533_o_min_ord24_rk00019,0.5082175413130494,0.5434060066738533,-0.03518846536080389
d1,o_min,m068534_o_min_ord24_rk00020,0.512137554745804,0.5434060066738533,-0.03126845192804928
d1,o_min,m069515_o_min_ord25_rk00001,0.5068702822976184,0.5434060066738533,-0.03653572437623487
d1,o_min,m069516_o_min_ord25_rk00002,0.5099300762671704,0.5434060066738533,-0.03347593040668295
d1,o_min,m069517_o_min_ord25_rk00003,0.5151603125846413,0.5434060066738533,-0.02824569408921196
d1,o_min,m069518_o_min_ord25_rk00004,0.5081760738553472,0.5434060066738533,-0.03522993281850606
d1,o_min,m069519_o_min_ord25_rk00005,0.5137289960288991,0.5434060066738533,-0.029677010644954205
d1,o_min,m069520_o_min_ord25_rk00006,0.5163265103300618,0.5434060066738533,-0.027079496343791476
d1,o_min,m069521_o_min_ord25_rk00007,0.5152092170591087,0.5434060066738533,-0.02819678961474459
d1,o_min,m069522_o_min_ord25_rk00008,0.5064891667213028,0.5434060066738533,-0.03691683995255046
d1,o_min,m069523_o_min_ord25_rk00009,0.5076804460631644,0.5434060066738533,-0.03572556061068888
d1,o_min,m069524_o_min_ord25_rk00010,0.5207371618623642,0.5434060066738533,-0.02266884481148912
d1,o_min,m069525_o_min_ord25_rk00011,0.5037711661695311,0.5434060066738533,-0.0396348405043222
d1,o_min,m069526_o_min_ord25_rk00012,0.502165996976569,0.5434060066738533,-0.04124000969728425
d1,o_min,m069527_o_min_ord25_rk00013,0.5058103507764722,0.5434060066738533,-0.03759565589738112
d1,o_min,m069528_o_min_ord25_rk00014,0.5078252159779393,0.5434060066738533,-0.03558079069591402
d1,o_min,m069529_o_min_ord25_rk00015,0.505254840465429,0.5434060066738533,-0.03815116620842429
d1,o_min,m069530_o_min_ord25_rk00016,0.494479583342349,0.5434060066738533,-0.04892642333150432
d1,o_min,m069531_o_min_ord25_rk00017,0.5163467454101722,0.5434060066738533,-0.027059261263681078
d1,o_min,m069532_o_min_ord25_rk00018,0.5164924725144227,0.5434060066738533,-0.026913534159430652
d1,o_min,m069533_o_min_ord25_rk00019,0.5148869390848831,0.5434060066738533,-0.02851906758897016
d1,o_min,m069534_o_min_ord25_rk00020,0.5132964889464802,0.5434060066738533,-0.030109517727373136
d1,o_min,m070515_o_min_ord26_rk00001,0.5163017861132185,0.5434060066738533,-0.027104220560634773
d1,o_min,m070516_o_min_ord26_rk00002,0.514438172889651,0.5434060066738533,-0.028967833784202313
d1,o_min,m070517_o_min_ord26_rk00003,0.5155110070983862,0.5434060066738533,-0.02789499957546715
d1,o_min,m070518_o_min_ord26_rk00004,0.5177911501975156,0.5434060066738533,-0.025614856476337655
d1,o_min,m070519_o_min_ord26_rk00005,0.5130467917481727,0.5434060066738533,-0.03035921492568061
d1,o_min,m070520_o_min_ord26_rk00006,0.5147910256556949,0.5434060066738533,-0.028614981018158403
d1,o_min,m070521_o_min_ord26_rk00007,0.5110846815894237,0.5434060066738533,-0.03232132508442964
d1,o_min,m070522_o_min_ord26_rk00008,0.512178247695813,0.5434060066738533,-0.03122775897804031
d1,o_min,m070523_o_min_ord26_rk00009,0.5203598776120083,0.5434060066738533,-0.023046129061845
d1,o_min,m070524_o_min_ord26_rk00010,0.5162660836005847,0.5434060066738533,-0.027139923073268624
d1,o_min,m070525_o_min_ord26_rk00011,0.5114592584389996,0.5434060066738533,-0.03194674823485366
d1,o_min,m070526_o_min_ord26_rk00012,0.5056715623103762,0.5434060066738533,-0.03773444436347706
d1,o_min,m070527_o_min_ord26_rk00013,0.5139746264898908,0.5434060066738533,-0.02943138018396252
d1,o_min,m070528_o_min_ord26_rk00014,0.5202967379924924,0.5434060066738533,-0.023109268681360873
d1,o_min,m070529_o_min_ord26_rk00015,0.5126918022071518,0.5434060066738533,-0.030714204466701478
d1,o_min,m070530_o_min_ord26_rk00016,0.5088186720827329,0.5434060066738533,-0.0345873345911204
d1,o_min,m070531_o_min_ord26_rk00017,0.5144495705513032,0.5434060066738533,-0.028956436122550056
d1,o_min,m070532_o_min_ord26_rk00018,0.5145149642391269,0.5434060066738533,-0.0288910424347264
d1,o_min,m070533_o_min_ord26_rk00019,0.5208585465398938,0.5434060066738533,-0.022547460133959474
d1,o_min,m070534_o_min_ord26_rk00020,0.5146961068481095,0.5434060066738533,-0.02870989982574379
d1,o_min,m071515_o_min_ord27_rk00001,0.5119796194642774,0.5434060066738533,-0.03142638720957591
d1,o_min,m071516_o_min_ord27_rk00002,0.5095887839302193,0.5434060066738533,-0.03381722274363397
d1,o_min,m071517_o_min_ord27_rk00003,0.5048647597404792,0.5434060066738533,-0.03854124693337413
d1,o_min,m071518_o_min_ord27_rk00004,0.5093074990674477,0.5434060066738533,-0.03409850760640565
d1,o_min,m071519_o_min_ord27_rk00005,0.5116235960763065,0.5434060066738533,-0.03178241059754683
d1,o_min,m071520_o_min_ord27_rk00006,0.5115822373304058,0.5434060066738533,-0.03182376934344755
d1,o_min,m071521_o_min_ord27_rk00007,0.499729069086292,0.5434060066738533,-0.043676937587561304
d1,o_min,m071522_o_min_ord27_rk00008,0.5004203471615437,0.5434060066738533,-0.04298565951230959
d1,o_min,m071523_o_min_ord27_rk00009,0.5208282181284098,0.5434060066738533,-0.022577788545443456
d1,o_min,m071524_o_min_ord27_rk00010,0.5059528434517144,0.5434060066738533,-0.037453163222138874
d1,o_min,m071525_o_min_ord27_rk00011,0.5092743689165653,0.5434060066738533,-0.034131637757288
d1,o_min,m071526_o_min_ord27_rk00012,0.5069742312380523,0.5434060066738533,-0.036431775435801006
d1,o_min,m071527_o_min_ord27_rk00013,0.5311238455053924,0.5434060066738533,-0.012282161168460926
d1,o_min,m071528_o_min_ord27_rk00014,0.5088739191684727,0.5434060066738533,-0.034532087505380615
d1,o_min,m071529_o_min_ord27_rk00015,0.5015026086102347,0.5434060066738533,-0.041903398063618646
d1,o_min,m071530_o_min_ord27_rk00016,0.510341753240635,0.5434060066738533,-0.03306425343321828
d1,o_min,m071531_o_min_ord27_rk00017,0.5100336470853566,0.5434060066738533,-0.033372359588496714
d1,o_min,m071532_o_min_ord27_rk00018,0.5346807295604664,0.5434060066738533,-0.008725277113386887
d1,o_min,m071533_o_min_ord27_rk00019,0.5001079995780516,0.5434060066738533,-0.04329800709580167
d1,o_min,m071534_o_min_ord27_rk00020,0.504275857853612,0.5434060066738533,-0.03913014882024135
d1,o_min,m072515_o_min_ord28_rk00001,0.4883774653328818,0.5434060066738533,-0.055028541340971515
d1,o_min,m072516_o_min_ord28_rk00002,0.5080531338041244,0.5434060066738533,-0.03535287286972888
d1,o_min,m072517_o_min_ord28_rk00003,0.502646032086439,0.5434060066738533,-0.040759974587414316
d1,o_min,m072518_o_min_ord28_rk00004,0.5035386237628796,0.5434060066738533,-0.03986738291097369
d1,o_min,m072519_o_min_ord28_rk00005,0.5304304993504902,0.5434060066738533,-0.012975507323363056
d1,o_min,m072520_o_min_ord28_rk00006,0.5109819848844599,0.5434060066738533,-0.03242402178939341
d1,o_min,m072521_o_min_ord28_rk00007,0.5048486323722607,0.5434060066738533,-0.03855737430159256
d1,o_min,m072522_o_min_ord28_rk00008,0.5016770526297918,0.5434060066738533,-0.04172895404406152
d1,o_min,m072523_o_min_ord28_rk00009,0.5046344033191202,0.5434060066738533,-0.038771603354733064
d1,o_min,m072524_o_min_ord28_rk00010,0.5357500026627131,0.5434060066738533,-0.007656004011140194
d1,o_min,m072525_o_min_ord28_rk00011,0.5134990889600198,0.5434060066738533,-0.02990691771383347
d1,o_min,m072526_o_min_ord28_rk00012,0.5315744424925886,0.5434060066738533,-0.011831564181264742
d1,o_min,m072527_o_min_ord28_rk00013,0.5063391704343021,0.5434060066738533,-0.037066836239551204
d1,o_min,m072528_o_min_ord28_rk00014,0.500018164448344,0.5434060066738533,-0.04338784222550929
d1,o_min,m072529_o_min_ord28_rk00015,0.5095937552088026,0.5434060066738533,-0.033812251465050736
d1,o_min,m072530_o_min_ord28_rk00016,0.5013541763095174,0.5434060066738533,-0.04205183036433591
d1,o_min,m072531_o_min_ord28_rk00017,0.5124004482423713,0.5434060066738533,-0.031005558431482005
d1,o_min,m072532_o_min_ord28_rk00018,0.5268637883335898,0.5434060066738533,-0.01654221834026348
d1,o_min,m072533_o_min_ord28_rk00019,0.5075136475407473,0.5434060066738533,-0.035892359133105955
d1,o_min,m072534_o_min_ord28_rk00020,0.5087305277574575,0.5434060066738533,-0.034675478916395774
d1,o_min,m073515_o_min_ord29_rk00001,0.506656805559707,0.5434060066738533,-0.03674920111414626
d1,o_min,m073516_o_min_ord29_rk00002,0.4934114708768629,0.5434060066738533,-0.049994535796990425
d1,o_min,m073517_o_min_ord29_rk00003,0.5265195184760902,0.5434060066738533,-0.01688648819776306
d1,o_min,m073518_o_min_ord29_rk00004,0.5059170272888198,0.5434060066738533,-0.03748897938503348
d1,o_min,m073519_o_min_ord29_rk00005,0.5309842677704142,0.5434060066738533,-0.012421738903439117
d1,o_min,m073520_o_min_ord29_rk00006,0.5082589628394687,0.5434060066738533,-0.035147043834384606
d1,o_min,m073521_o_min_ord29_rk00007,0.5065781823713655,0.5434060066738533,-0.036827824302487766
d1,o_min,m073522_o_min_ord29_rk00008,0.5102297524159933,0.5434060066738533,-0.03317625425785997
d1,o_min,m073523_o_min_ord29_rk00009,0.5084148879117262,0.5434060066738533,-0.03499111876212713
d1,o_min,m073524_o_min_ord29_rk00010,0.5102644508943435,0.5434060066738533,-0.033141555779509835
d1,o_min,m073525_o_min_ord29_rk00011,0.5124808612137657,0.5434060066738533,-0.030925145460087622
d1,o_min,m073526_o_min_ord29_rk00012,0.5078086697308979,0.5434060066738533,-0.035597336942955415
d1,o_min,m073527_o_min_ord29_rk00013,0.5123324451665492,0.5434060066738533,-0.031073561507304115
d1,o_min,m073528_o_min_ord29_rk00014,0.5054448173669359,0.5434060066738533,-0.03796118930691739
d1,o_min,m073529_o_min_ord29_rk00015,0.516116622758289,0.5434060066738533,-0.027289383915564347
d1,o_min,m073530_o_min_ord29_rk00016,0.5076348714873701,0.5434060066738533,-0.03577113518648323
d1,o_min,m073531_o_min_ord29_rk00017,0.5266231836243642,0.5434060066738533,-0.016782823049489082
d1,o_min,m073532_o_min_ord29_rk00018,0.5094068352093021,0.5434060066738533,-0.033999171464551226
d1,o_min,m073533_o_min_ord29_rk00019,0.5058139362583589,0.5434060066738533,-0.037592070415494394
d1,o_min,m073534_o_min_ord29_rk00020,0.5292369452800376,0.5434060066738533,-0.014169061393815685
d1,o_min,m074515_o_min_ord30_rk00001,0.5079411459571747,0.5434060066738533,-0.03546486071667865
d1,o_min,m074516_o_min_ord30_rk00002,0.5019183787557258,0.5434060066738533,-0.041487627918127545
d1,o_min,m074517_o_min_ord30_rk00003,0.5050762223683375,0.5434060066738533,-0.03832978430551581
d1,o_min,m074518_o_min_ord30_rk00004,0.5055281195796781,0.5434060066738533,-0.03787788709417517
d1,o_min,m074519_o_min_ord30_rk00005,0.5047487115446284,0.5434060066738533,-0.03865729512922489
d1,o_min,m074520_o_min_ord30_rk00006,0.5313430244791943,0.5434060066738533,-0.012062982194658955
d1,o_min,m074521_o_min_ord30_rk00007,0.5086446748424747,0.5434060066738533,-0.03476133183137864
d1,o_min,m074522_o_min_ord30_rk00008,0.5318491467644487,0.5434060066738533,-0.011556859909404582
d1,o_min,m074523_o_min_ord30_rk00009,0.5067049499903282,0.5434060066738533,-0.03670105668352508
d1,o_min,m074524_o_min_ord30_rk00010,0.5382287170270572,0.5434060066738533,-0.0051772896467960905
d1,o_min,m074525_o_min_ord30_rk00011,0.504706783499944,0.5434060066738533,-0.03869922317390928
d1,o_min,m074526_o_min_ord30_rk00012,0.5038493605939092,0.5434060066738533,-0.039556646079944136
d1,o_min,m074527_o_min_ord30_rk00013,0.495225420833522,0.5434060066738533,-0.0481805858403313
d1,o_min,m074528_o_min_ord30_rk00014,0.5315238539963529,0.5434060066738533,-0.011882152677500368
d1,o_min,m074529_o_min_ord30_rk00015,0.5099292725208273,0.5434060066738533,-0.03347673415302599
d1,o_min,m074530_o_min_ord30_rk00016,0.510386033454702,0.5434060066738533,-0.03301997321915129
d1,o_min,m074531_o_min_ord30_rk00017,0.4976018349015826,0.5434060066738533,-0.045804171772270696
d1,o_min,m074532_o_min_ord30_rk00018,0.5291242451152223,0.5434060066738533,-0.014281761558631034
d1,o_min,m074533_o_min_ord30_rk00019,0.5000017893470179,0.5434060066738533,-0.043404217326835415
d1,o_min,m074534_o_min_ord30_rk00020,0.5052440332605935,0.5434060066738533,-0.038161973413259775
d2,o_min,m047515_o_min_ord3_rk00001,0.5706821617940463,0.6111818788975107,-0.04049971710346445
d2,o_min,m047516_o_min_ord3_rk00002,0.5806718991006422,0.6111818788975107,-0.030509979796868536
d2,o_min,m047517_o_min_ord3_rk00003,0.5829613980856635,0.6111818788975107,-0.02822048081184725
d2,o_min,m047518_o_min_ord3_rk00004,0.5890958068051284,0.6111818788975107,-0.022086072092382336
d2,o_min,m047519_o_min_ord3_rk00005,0.5646292756989446,0.6111818788975107,-0.046552603198566134
d2,o_min,m047520_o_min_ord3_rk00006,0.5369434702529143,0.6111818788975107,-0.07423840864459641
d2,o_min,m047521_o_min_ord3_rk00007,0.5948122246456671,0.6111818788975107,-0.01636965425184367
d2,o_min,m047522_o_min_ord3_rk00008,0.5884996410627836,0.6111818788975107,-0.022682237834727115
d2,o_min,m047523_o_min_ord3_rk00009,0.5668356945127946,0.6111818788975107,-0.04434618438471616
d2,o_min,m047524_o_min_ord3_rk00010,0.5980658088366122,0.6111818788975107,-0.013116070060898544
d2,o_min,m047525_o_min_ord3_rk00011,0.6141029369919108,0.6111818788975107,0.0029210580944000197
d2,o_min,m047526_o_min_ord3_rk00012,0.5606967238009697,0.6111818788975107,-0.05048515509654106
d2,o_min,m047527_o_min_ord3_rk00013,0.596469924054576,0.6111818788975107,-0.014711954842934749
d2,o_min,m047528_o_min_ord3_rk00014,0.5656504632026853,0.6111818788975107,-0.04553141569482544
d2,o_min,m047529_o_min_ord3_rk00015,0.5376458718370332,0.6111818788975107,-0.07353600706047758
d2,o_min,m047530_o_min_ord3_rk00016,0.5996534434122844,0.6111818788975107,-0.011528435485226307
d2,o_min,m047531_o_min_ord3_rk00017,0.5491980371290341,0.6111818788975107,-0.0619838417684766
d2,o_min,m047532_o_min_ord3_rk00018,0.5710827249002716,0.6111818788975107,-0.04009915399723918
d2,o_min,m047533_o_min_ord3_rk00019,0.5690771493526514,0.6111818788975107,-0.04210472954485933
d2,o_min,m047534_o_min_ord3_rk00020,0.5721281398281965,0.6111818788975107,-0.0390537390693142
d2,o_min,m048515_o_min_ord4_rk00001,0.5994577968185443,0.6111818788975107,-0.011724082078966469
d2,o_min,m048516_o_min_ord4_rk00002,0.590332625242171,0.6111818788975107,-0.02084925365533974
d2,o_min,m048517_o_min_ord4_rk00003,0.5716955369195931,0.6111818788975107,-0.03948634197791767
d2,o_min,m048518_o_min_ord4_rk00004,0.5618780936945081,0.6111818788975107,-0.049303785203002604
d2,o_min,m048519_o_min_ord4_rk00005,0.6228697047330296,0.6111818788975107,0.011687825835518861
d2,o_min,m048520_o_min_ord4_rk00006,0.5671806369569257,0.6111818788975107,-0.04400124194058508
d2,o_min,m048521_o_min_ord4_rk00007,0.5919247175404343,0.6111818788975107,-0.019257161357076447
d2,o_min,m048522_o_min_ord4_rk00008,0.6035163852347445,0.6111818788975107,-0.007665493662766254
d2,o_min,m048523_o_min_ord4_rk00009,0.586147431186245,0.6111818788975107,-0.025034447711265728
d2,o_min,m048524_o_min_ord4_rk00010,0.5599812112591576,0.6111818788975107,-0.05120066763835318
d2,o_min,m048525_o_min_ord4_rk00011,0.5591825849779073,0.6111818788975107,-0.05199929391960345
d2,o_min,m048526_o_min_ord4_rk00012,0.5643807788327901,0.6111818788975107,-0.0468011000647206
d2,o_min,m048527_o_min_ord4_rk00013,0.6145182124278662,0.6111818788975107,0.003336333530355451
d2,o_min,m048528_o_min_ord4_rk00014,0.5834565387686241,0.6111818788975107,-0.02772534012888661
d2,o_min,m048529_o_min_ord4_rk00015,0.5574549282448411,0.6111818788975107,-0.053726950652669636
d2,o_min,m048530_o_min_ord4_rk00016,0.6136356171581632,0.6111818788975107,0.002453738260652427
d2,o_min,m048531_o_min_ord4_rk00017,0.5408192244570431,0.6111818788975107,-0.07036265444046763
d2,o_min,m048532_o_min_ord4_rk00018,0.6213055051437644,0.6111818788975107,0.010123626246253625
d2,o_min,m048533_o_min_ord4_rk00019,0.5517947578849031,0.6111818788975107,-0.05938712101260768
d2,o_min,m048534_o_min_ord4_rk00020,0.5417877685615317,0.6111818788975107,-0.06939411033597909
d2,o_min,m049515_o_min_ord5_rk00001,0.6087096400447507,0.6111818788975107,-0.0024722388527600447
d2,o_min,m049516_o_min_ord5_rk00002,0.596922079665934,0.6111818788975107,-0.01425979923157672
d2,o_min,m049517_o_min_ord5_rk00003,0.562271113743843,0.6111818788975107,-0.04891076515366777
d2,o_min,m049518_o_min_ord5_rk00004,0.5919467655475291,0.6111818788975107,-0.019235113349981625
d2,o_min,m049519_o_min_ord5_rk00005,0.6017906914598433,0.6111818788975107,-0.009391187437667425
d2,o_min,m049520_o_min_ord5_rk00006,0.5928643750918265,0.6111818788975107,-0.0183175038056842
d2,o_min,m049521_o_min_ord5_rk00007,0.5630045271637898,0.6111818788975107,-0.04817735173372095
d2,o_min,m049522_o_min_ord5_rk00008,0.5946274033088408,0.6111818788975107,-0.01655447558866996
d2,o_min,m049523_o_min_ord5_rk00009,0.6014666439013385,0.6111818788975107,-0.009715234996172217
d2,o_min,m049524_o_min_ord5_rk00010,0.5803024241049859,0.6111818788975107,-0.030879454792524852
d2,o_min,m049525_o_min_ord5_rk00011,0.5997763568974932,0.6111818788975107,-0.011405522000017543
d2,o_min,m049526_o_min_ord5_rk00012,0.5935510193091603,0.6111818788975107,-0.017630859588350423
d2,o_min,m049527_o_min_ord5_rk00013,0.5751272769836475,0.6111818788975107,-0.03605460191386323
d2,o_min,m049528_o_min_ord5_rk00014,0.6060321820096435,0.6111818788975107,-0.005149696887867261
d2,o_min,m049529_o_min_ord5_rk00015,0.5995905951078081,0.6111818788975107,-0.011591283789702644
d2,o_min,m049530_o_min_ord5_rk00016,0.6059667505215428,0.6111818788975107,-0.005215128375967937
d2,o_min,m049531_o_min_ord5_rk00017,0.6041894955454512,0.6111818788975107,-0.006992383352059539
d2,o_min,m049532_o_min_ord5_rk00018,0.5962510747889352,0.6111818788975107,-0.014930804108575502
d2,o_min,m049533_o_min_ord5_rk00019,0.5999878120010194,0.6111818788975107,-0.011194066896491384
d2,o_min,m049534_o_min_ord5_rk00020,0.5782400822756488,0.6111818788975107,-0.03294179662186192
d2,o_min,m050515_o_min_ord6_rk00001,0.5923412315381618,0.6111818788975107,-0.018840647359348983
d2,o_min,m050516_o_min_ord6_rk00002,0.5876915920504227,0.6111818788975107,-0.023490286847088093
d2,o_min,m050517_o_min_ord6_rk00003,0.5830098396443608,0.6111818788975107,-0.028172039253149928
d2,o_min,m050518_o_min_ord6_rk00004,0.5869061439573106,0.6111818788975107,-0.02427573494020019
d2,o_min,m050519_o_min_ord6_rk00005,0.5780432973203558,0.6111818788975107,-0.03313858157715499
d2,o_min,m050520_o_min_ord6_rk00006,0.5805434039485287,0.6111818788975107,-0.030638474948982086
d2,o_min,m050521_o_min_ord6_rk00007,0.6108547494596467,0.6111818788975107,-0.0003271294378640599
d2,o_min,m050522_o_min_ord6_rk00008,0.5789134792385691,0.6111818788975107,-0.03226839965894168
d2,o_min,m050523_o_min_ord6_rk00009,0.6158052403873354,0.6111818788975107,0.004623361489824673
d2,o_min,m050524_o_min_ord6_rk00010,0.5815785550637977,0.6111818788975107,-0.029603323833713002
d2,o_min,m050525_o_min_ord6_rk00011,0.5962193094793684,0.6111818788975107,-0.014962569418142335
d2,o_min,m050526_o_min_ord6_rk00012,0.615425165554323,0.6111818788975107,0.004243286656812284
d2,o_min,m050527_o_min_ord6_rk00013,0.5909574369899657,0.6111818788975107,-0.02022444190754502
d2,o_min,m050528_o_min_ord6_rk00014,0.5866064310453716,0.6111818788975107,-0.024575447852139165
d2,o_min,m050529_o_min_ord6_rk00015,0.575530638898275,0.6111818788975107,-0.035651239999235695
d2,o_min,m050530_o_min_ord6_rk00016,0.5797470070207213,0.6111818788975107,-0.031434871876789394
d2,o_min,m050531_o_min_ord6_rk00017,0.6007464874230186,0.6111818788975107,-0.010435391474492128
d2,o_min,m050532_o_min_ord6_rk00018,0.5832204088562853,0.6111818788975107,-0.0279614700412254
d2,o_min,m050533_o_min_ord6_rk00019,0.6010601003971807,0.6111818788975107,-0.010121778500330025
d2,o_min,m050534_o_min_ord6_rk00020,0.602206839076097,0.6111818788975107,-0.008975039821413788
d2,o_min,m051515_o_min_ord7_rk00001,0.5816648332679173,0.6111818788975107,-0.029517045629593452
d2,o_min,m051516_o_min_ord7_rk00002,0.5938701588164081,0.6111818788975107,-0.0173117200811026
d2,o_min,m051517_o_min_ord7_rk00003,0.6096231730925847,0.6111818788975107,-0.0015587058049260083
d2,o_min,m051518_o_min_ord7_rk00004,0.5867193999839921,0.6111818788975107,-0.024462478913518604
d2,o_min,m051519_o_min_ord7_rk00005,0.6126752927282522,0.6111818788975107,0.001493413830741419
d2,o_min,m051520_o_min_ord7_rk00006,0.5813300357816683,0.6111818788975107,-0.029851843115842436
d2,o_min,m051521_o_min_ord7_rk00007,0.5835231106886609,0.6111818788975107,-0.027658768208849827
d2,o_min,m051522_o_min_ord7_rk00008,0.5731784806979512,0.6111818788975107,-0.03800339819955956
d2,o_min,m051523_o_min_ord7_rk00009,0.6122426150815338,0.6111818788975107,0.0010607361840230256
d2,o_min,m051524_o_min_ord7_rk00010,0.5796194065445543,0.6111818788975107,-0.031562472352956394
d2,o_min,m051525_o_min_ord7_rk00011,0.5728654905910386,0.6111818788975107,-0.038316388306472104
d2,o_min,m051526_o_min_ord7_rk00012,0.601378709680755,0.6111818788975107,-0.009803169216755725
d2,o_min,m051527_o_min_ord7_rk00013,0.5796801768028519,0.6111818788975107,-0.03150170209465886
d2,o_min,m051528_o_min_ord7_rk00014,0.5758005547383066,0.6111818788975107,-0.03538132415920414
d2,o_min,m051529_o_min_ord7_rk00015,0.601223205421744,0.6111818788975107,-0.009958673475766733
d2,o_min,m051530_o_min_ord7_rk00016,0.5881869105869942,0.6111818788975107,-0.022994968310516506
d2,o_min,m051531_o_min_ord7_rk00017,0.5564496137715833,0.6111818788975107,-0.05473226512592744
d2,o_min,m051532_o_min_ord7_rk00018,0.6149675394440163,0.6111818788975107,0.0037856605465055315
d2,o_min,m051533_o_min_ord7_rk00019,0.6168569869893378,0.6111818788975107,0.00567510809182703
d2,o_min,m051534_o_min_ord7_rk00020,0.598574879806762,0.6111818788975107,-0.012606999090748694
d2,o_min,m052515_o_min_ord8_rk00001,0.5543167696892639,0.6111818788975107,-0.05686510920824683
d2,o_min,m052516_o_min_ord8_rk00002,0.5825547038231129,0.6111818788975107,-0.028627175074397826
d2,o_min,m052517_o_min_ord8_rk00003,0.6055146141393875,0.6111818788975107,-0.0056672647581232916
d2,o_min,m052518_o_min_ord8_rk00004,0.58257875469173,0.6111818788975107,-0.028603124205780706
d2,o_min,m052519_o_min_ord8_rk00005,0.6064207515861122,0.6111818788975107,-0.00476112731139855
d2,o_min,m052520_o_min_ord8_rk00006,0.5997071544291418,0.6111818788975107,-0.011474724468368946
d2,o_min,m052521_o_min_ord8_rk00007,0.5970333670971524,0.6111818788975107,-0.014148511800358365
d2,o_min,m052522_o_min_ord8_rk00008,0.6108619833417898,0.6111818788975107,-0.0003198955557209837
d2,o_min,m052523_o_min_ord8_rk00009,0.6061635276285995,0.6111818788975107,-0.005018351268911259
d2,o_min,m052524_o_min_ord8_rk00010,0.5524369942263997,0.6111818788975107,-0.05874488467111105
d2,o_min,m052525_o_min_ord8_rk00011,0.6064484293310051,0.6111818788975107,-0.004733449566505676
d2,o_min,m052526_o_min_ord8_rk00012,0.5797720519981385,0.6111818788975107,-0.03140982689937222
d2,o_min,m052527_o_min_ord8_rk00013,0.5737024717091345,0.6111818788975107,-0.03747940718837628
d2,o_min,m052528_o_min_ord8_rk00014,0.6135424227236215,0.6111818788975107,0.002360543826110728
d2,o_min,m052529_o_min_ord8_rk00015,0.5883323725815317,0.6111818788975107,-0.02284950631597904
d2,o_min,m052530_o_min_ord8_rk00016,0.5852431341528062,0.6111818788975107,-0.02593874474470459
d2,o_min,m052531_o_min_ord8_rk00017,0.586456717587846,0.6111818788975107,-0.024725161309664734
d2,o_min,m052532_o_min_ord8_rk00018,0.5882657200178887,0.6111818788975107,-0.02291615887962206
d2,o_min,m052533_o_min_ord8_rk00019,0.5916092349475801,0.6111818788975107,-0.019572643949930635
d2,o_min,m052534_o_min_ord8_rk00020,0.5989706696931169,0.6111818788975107,-0.012211209204393891
d2,o_min,m053515_o_min_ord9_rk00001,0.5868542223599119,0.6111818788975107,-0.02432765653759883
d2,o_min,m053516_o_min_ord9_rk00002,0.6025858023711971,0.6111818788975107,-0.008596076526313667
d2,o_min,m053517_o_min_ord9_rk00003,0.625892395135415,0.6111818788975107,0.014710516237904203
d2,o_min,m053518_o_min_ord9_rk00004,0.5746152189865463,0.6111818788975107,-0.036566659910964416
d2,o_min,m053519_o_min_ord9_rk00005,0.6059310798401625,0.6111818788975107,-0.0052507990573482655
d2,o_min,m053520_o_min_ord9_rk00006,0.5527893431476432,0.6111818788975107,-0.05839253574986758
d2,o_min,m053521_o_min_ord9_rk00007,0.6080215890023457,0.6111818788975107,-0.003160289895165036
d2,o_min,m053522_o_min_ord9_rk00008,0.5971238647801962,0.6111818788975107,-0.014058014117314555
d2,o_min,m053523_o_min_ord9_rk00009,0.6078640903310234,0.6111818788975107,-0.003317788566487345
d2,o_min,m053524_o_min_ord9_rk00010,0.6069315885446654,0.6111818788975107,-0.0042502903528452984
d2,o_min,m053525_o_min_ord9_rk00011,0.5913103289427684,0.6111818788975107,-0.019871549954742385
d2,o_min,m053526_o_min_ord9_rk00012,0.5739080692700926,0.6111818788975107,-0.03727380962741811
d2,o_min,m053527_o_min_ord9_rk00013,0.606475361547014,0.6111818788975107,-0.004706517350496764
d2,o_min,m053528_o_min_ord9_rk00014,0.6152570343712507,0.6111818788975107,0.004075155473739933
d2,o_min,m053529_o_min_ord9_rk00015,0.6093777899543303,0.6111818788975107,-0.0018040889431804041
d2,o_min,m053530_o_min_ord9_rk00016,0.6239726797436764,0.6111818788975107,0.012790800846165684
d2,o_min,m053531_o_min_ord9_rk00017,0.565471036439215,0.6111818788975107,-0.04571084245829571
d2,o_min,m053532_o_min_ord9_rk00018,0.6019700173014568,0.6111818788975107,-0.009211861596053916
d2,o_min,m053533_o_min_ord9_rk00019,0.6119420477957334,0.6111818788975107,0.0007601688982226129
d2,o_min,m053534_o_min_ord9_rk00020,0.6123635303203544,0.6111818788975107,0.0011816514228436548
d2,o_min,m054515_o_min_ord10_rk00001,0.5919151921118444,0.6111818788975107,-0.019266686785666343
d2,o_min,m054516_o_min_ord10_rk00002,0.592560090688452,0.6111818788975107,-0.0186217882090588
d2,o_min,m054517_o_min_ord10_rk00003,0.610093117243851,0.6111818788975107,-0.0010887616536597866
d2,o_min,m054518_o_min_ord10_rk00004,0.5997154381031462,0.6111818788975107,-0.01146644079436454
d2,o_min,m054519_o_min_ord10_rk00005,0.6096966388450331,0.6111818788975107,-0.0014852400524776321
d2,o_min,m054520_o_min_ord10_rk00006,0.5969145550337854,0.6111818788975107,-0.014267323863725312
d2,o_min,m054521_o_min_ord10_rk00007,0.6144251397149945,0.6111818788975107,0.0032432608174837174
d2,o_min,m054522_o_min_ord10_rk00008,0.5959029046339226,0.6111818788975107,-0.015278974263588152
d2,o_min,m054523_o_min_ord10_rk00009,0.614829879547248,0.6111818788975107,0.0036480006497372486
d2,o_min,m054524_o_min_ord10_rk00010,0.610697415508227,0.6111818788975107,-0.0004844633892837624
d2,o_min,m054525_o_min_ord10_rk00011,0.6217627185094723,0.6111818788975107,0.010580839611961546
d2,o_min,m054526_o_min_ord10_rk00012,0.5739039572946574,0.6111818788975107,-0.03727792160285337
d2,o_min,m054527_o_min_ord10_rk00013,0.6258131526569702,0.6111818788975107,0.014631273759459495
d2,o_min,m054528_o_min_ord10_rk00014,0.6250156829229225,0.6111818788975107,0.013833804025411789
d2,o_min,m054529_o_min_ord10_rk00015,0.6057240001653351,0.6111818788975107,-0.005457878732175625
d2,o_min,m054530_o_min_ord10_rk00016,0.6102944282910094,0.6111818788975107,-0.0008874506065013055
d2,o_min,m054531_o_min_ord10_rk00017,0.6067092180632756,0.6111818788975107,-0.004472660834235143
d2,o_min,m054532_o_min_ord10_rk00018,0.6046765466001733,0.6111818788975107,-0.006505332297337407
d2,o_min,m054533_o_min_ord10_rk00019,0.6172890934105484,0.6111818788975107,0.00610721451303764
d2,o_min,m054534_o_min_ord10_rk00020,0.6097186831979884,0.6111818788975107,-0.0014631956995223572
d2,o_min,m055515_o_min_ord11_rk00001,0.6007111666760379,0.6111818788975107,-0.010470712221472889
d2,o_min,m055516_o_min_ord11_rk00002,0.5982353976460589,0.6111818788975107,-0.012946481251451813
d2,o_min,m055517_o_min_ord11_rk00003,0.6184770114641756,0.6111818788975107,0.007295132566664808
d2,o_min,m055518_o_min_ord11_rk00004,0.618925937901724,0.6111818788975107,0.007744059004213266
d2,o_min,m055519_o_min_ord11_rk00005,0.5909509316071604,0.6111818788975107,-0.020230947290350354
d2,o_min,m055520_o_min_ord11_rk00006,0.6260018414914184,0.6111818788975107,0.01481996259390761
d2,o_min,m055521_o_min_ord11_rk00007,0.5979926467922748,0.6111818788975107,-0.013189232105235926
d2,o_min,m055522_o_min_ord11_rk00008,0.576468674457,0.6111818788975107,-0.034713204440510737
d2,o_min,m055523_o_min_ord11_rk00009,0.597605584865113,0.6111818788975107,-0.013576294032397795
d2,o_min,m055524_o_min_ord11_rk00010,0.6029884572079298,0.6111818788975107,-0.008193421689580926
d2,o_min,m055525_o_min_ord11_rk00011,0.5961833652441243,0.6111818788975107,-0.014998513653386447
d2,o_min,m055526_o_min_ord11_rk00012,0.6074789972760423,0.6111818788975107,-0.003702881621468479
d2,o_min,m055527_o_min_ord11_rk00013,0.6191322205071301,0.6111818788975107,0.007950341609619382
d2,o_min,m055528_o_min_ord11_rk00014,0.5954032068271113,0.6111818788975107,-0.015778672070399402
d2,o_min,m055529_o_min_ord11_rk00015,0.5909680112927448,0.6111818788975107,-0.020213867604765956
d2,o_min,m055530_o_min_ord11_rk00016,0.6188301630225179,0.6111818788975107,0.0076482841250071765
d2,o_min,m055531_o_min_ord11_rk00017,0.5978216457321441,0.6111818788975107,-0.013360233165366608
d2,o_min,m055532_o_min_ord11_rk00018,0.594641108213033,0.6111818788975107,-0.01654077068447779
d2,o_min,m055533_o_min_ord11_rk00019,0.5991711705858491,0.6111818788975107,-0.012010708311661622
d2,o_min,m055534_o_min_ord11_rk00020,0.6154704269486795,0.6111818788975107,0.004288548051168739
d2,o_min,m056515_o_min_ord12_rk00001,0.5977312727926385,0.6111818788975107,-0.013450606104872254
d2,o_min,m056516_o_min_ord12_rk00002,0.6144979572258417,0.6111818788975107,0.003316078328330918
d2,o_min,m056517_o_min_ord12_rk00003,0.597370757509152,0.6111818788975107,-0.013811121388358716
d2,o_min,m056518_o_min_ord12_rk00004,0.6030098015361004,0.6111818788975107,-0.008172077361410346
d2,o_min,m056519_o_min_ord12_rk00005,0.6070554388655286,0.6111818788975107,-0.004126440031982148
d2,o_min,m056520_o_min_ord12_rk00006,0.600426148942808,0.6111818788975107,-0.010755729954702753
d2,o_min,m056521_o_min_ord12_rk00007,0.5880517915243064,0.6111818788975107,-0.023130087373204322
d2,o_min,m056522_o_min_ord12_rk00008,0.5921936563856901,0.6111818788975107,-0.01898822251182064
d2,o_min,m056523_o_min_ord12_rk00009,0.6037317422394006,0.6111818788975107,-0.007450136658110118
d2,o_min,m056524_o_min_ord12_rk00010,0.6078791557969453,0.6111818788975107,-0.0033027231005654523
d2,o_min,m056525_o_min_ord12_rk00011,0.5815599689305011,0.6111818788975107,-0.02962190996700964
d2,o_min,m056526_o_min_ord12_rk00012,0.5955642056169819,0.6111818788975107,-0.015617673280528876
d2,o_min,m056527_o_min_ord12_rk00013,0.604996349490138,0.6111818788975107,-0.006185529407372714
d2,o_min,m056528_o_min_ord12_rk00014,0.5898018414723023,0.6111818788975107,-0.021380037425208442
d2,o_min,m056529_o_min_ord12_rk00015,0.5683618940979833,0.6111818788975107,-0.04281998479952742
d2,o_min,m056530_o_min_ord12_rk00016,0.5796887753943761,0.6111818788975107,-0.03149310350313461
d2,o_min,m056531_o_min_ord12_rk00017,0.6261632306917206,0.6111818788975107,0.014981351794209896
d2,o_min,m056532_o_min_ord12_rk00018,0.5894903554930713,0.6111818788975107,-0.021691523404439472
d2,o_min,m056533_o_min_ord12_rk00019,0.5905010470157597,0.6111818788975107,-0.02068083188175107
d2,o_min,m056534_o_min_ord12_rk00020,0.6129088422093463,0.6111818788975107,0.0017269633118355276
d2,o_min,m057515_o_min_ord13_rk00001,0.6069766504757558,0.6111818788975107,-0.00420522842175497
d2,o_min,m057516_o_min_ord13_rk00002,0.6083674940530465,0.6111818788975107,-0.0028143848444642794
d2,o_min,m057517_o_min_ord13_rk00003,0.6226794488868901,0.6111818788975107,0.011497569989379341
d2,o_min,m057518_o_min_ord13_rk00004,0.5946317490537407,0.6111818788975107,-0.016550129843770023
d2,o_min,m057519_o_min_ord13_rk00005,0.6006010451975432,0.6111818788975107,-0.01058083369996754
d2,o_min,m057520_o_min_ord13_rk00006,0.5987232183997653,0.6111818788975107,-0.012458660497745466
d2,o_min,m057521_o_min_ord13_rk00007,0.6090775057025757,0.6111818788975107,-0.002104373194935061
d2,o_min,m057522_o_min_ord13_rk00008,0.6246242352263723,0.6111818788975107,0.013442356328861593
d2,o_min,m057523_o_min_ord13_rk00009,0.5959472154539511,0.6111818788975107,-0.015234663443559615
d2,o_min,m057524_o_min_ord13_rk00010,0.5992161516310779,0.6111818788975107,-0.011965727266432857
d2,o_min,m057525_o_min_ord13_rk00011,0.5628765337753322,0.6111818788975107,-0.048305345122178545
d2,o_min,m057526_o_min_ord13_rk00012,0.6171304365289662,0.6111818788975107,0.005948557631455409
d2,o_min,m057527_o_min_ord13_rk00013,0.6015116568119573,0.6111818788975107,-0.00967022208555346
d2,o_min,m057528_o_min_ord13_rk00014,0.5954268676218499,0.6111818788975107,-0.015755011275660813
d2,o_min,m057529_o_min_ord13_rk00015,0.606717988110607,0.6111818788975107,-0.00446389078690379
d2,o_min,m057530_o_min_ord13_rk00016,0.5987628748284172,0.6111818788975107,-0.012419004069093575
d2,o_min,m057531_o_min_ord13_rk00017,0.6117691512805292,0.6111818788975107,0.0005872723830184778
d2,o_min,m057532_o_min_ord13_rk00018,0.6015342021911533,0.6111818788975107,-0.009647676706357466
d2,o_min,m057533_o_min_ord13_rk00019,0.6218668103265265,0.6111818788975107,0.01068493142901572
d2,o_min,m057534_o_min_ord13_rk00020,0.6097112976237783,0.6111818788975107,-0.001470581273732452
d2,o_min,m058515_o_min_ord14_rk00001,0.5911950456557205,0.6111818788975107,-0.01998683324179029
d2,o_min,m058516_o_min_ord14_rk00002,0.6026940945674283,0.6111818788975107,-0.00848778433008246
d2,o_min,m058517_o_min_ord14_rk00003,0.5872545132750837,0.6111818788975107,-0.023927365622427033
d2,o_min,m058518_o_min_ord14_rk00004,0.5950055201131297,0.6111818788975107,-0.016176358784381062
d2,o_min,m058519_o_min_ord14_rk00005,0.6029210652467234,0.6111818788975107,-0.008260813650787346
d2,o_min,m058520_o_min_ord14_rk00006,0.6114751425494023,0.6111818788975107,0.0002932636518915288
d2,o_min,m058521_o_min_ord14_rk00007,0.6154552374515085,0.6111818788975107,0.004273358553997797
d2,o_min,m058522_o_min_ord14_rk00008,0.5921188729167879,0.6111818788975107,-0.019063005980722858
d2,o_min,m058523_o_min_ord14_rk00009,0.5945651538761554,0.6111818788975107,-0.01661672502135536
d2,o_min,m058524_o_min_ord14_rk00010,0.6002943610118862,0.6111818788975107,-0.010887517885624587
d2,o_min,m058525_o_min_ord14_rk00011,0.6017229238874031,0.6111818788975107,-0.009458955010107628
d2,o_min,m058526_o_min_ord14_rk00012,0.582206826614255,0.6111818788975107,-0.028975052283255698
d2,o_min,m058527_o_min_ord14_rk00013,0.6161120431435048,0.6111818788975107,0.004930164245994018
d2,o_min,m058528_o_min_ord14_rk00014,0.6171878048817572,0.6111818788975107,0.00600592598424643
d2,o_min,m058529_o_min_ord14_rk00015,0.5981584590821608,0.6111818788975107,-0.013023419815349935
d2,o_min,m058530_o_min_ord14_rk00016,0.6065288070830008,0.6111818788975107,-0.004653071814509913
d2,o_min,m058531_o_min_ord14_rk00017,0.5938507610604408,0.6111818788975107,-0.017331117837069976
d2,o_min,m058532_o_min_ord14_rk00018,0.6222418295174943,0.6111818788975107,0.01105995061998355
d2,o_min,m058533_o_min_ord14_rk00019,0.597081215035165,0.6111818788975107,-0.014100663862345764
d2,o_min,m058534_o_min_ord14_rk00020,0.6163732421548664,0.6111818788975107,0.005191363257355697
d2,o_min,m059515_o_min_ord15_rk00001,0.5824341237461079,0.6111818788975107,-0.02874775515140282
d2,o_min,m059516_o_min_ord15_rk00002,0.6075376126090053,0.6111818788975107,-0.003644266288505449
d2,o_min,m059517_o_min_ord15_rk00003,0.5819011964191532,0.6111818788975107,-0.029280682478357578
d2,o_min,m059518_o_min_ord15_rk00004,0.6092982042354269,0.6111818788975107,-0.001883674662083834
d2,o_min,m059519_o_min_ord15_rk00005,0.5806389036322688,0.6111818788975107,-0.030542975265241967
d2,o_min,m059520_o_min_ord15_rk00006,0.5913323117697378,0.6111818788975107,-0.01984956712777297
d2,o_min,m059521_o_min_ord15_rk00007,0.6010196505558825,0.6111818788975107,-0.010162228341628277
d2,o_min,m059522_o_min_ord15_rk00008,0.6078627509060143,0.6111818788975107,-0.0033191279914964733
d2,o_min,m059523_o_min_ord15_rk00009,0.6117216474059932,0.6111818788975107,0.0005397685084824744
d2,o_min,m059524_o_min_ord15_rk00010,0.593549053158497,0.6111818788975107,-0.017632825739013702
d2,o_min,m059525_o_min_ord15_rk00011,0.5894425655264557,0.6111818788975107,-0.021739313371055058
d2,o_min,m059526_o_min_ord15_rk00012,0.6019724857732549,0.6111818788975107,-0.009209393124255838
d2,o_min,m059527_o_min_ord15_rk00013,0.6073987253645181,0.6111818788975107,-0.0037831535329926336
d2,o_min,m059528_o_min_ord15_rk00014,0.6073683319115839,0.6111818788975107,-0.003813546985926841
d2,o_min,m059529_o_min_ord15_rk00015,0.5805871489375889,0.6111818788975107,-0.03059472995992185
d2,o_min,m059530_o_min_ord15_rk00016,0.5992441961704565,0.6111818788975107,-0.0119376827270542
d2,o_min,m059531_o_min_ord15_rk00017,0.59117600177544,0.6111818788975107,-0.020005877122070692
d2,o_min,m059532_o_min_ord15_rk00018,0.6051459939321531,0.6111818788975107,-0.006035884965357674
d2,o_min,m059533_o_min_ord15_rk00019,0.5845448461207108,0.6111818788975107,-0.026637032776799963
d2,o_min,m059534_o_min_ord15_rk00020,0.6062662254607035,0.6111818788975107,-0.004915653436807221
d2,o_min,m060515_o_min_ord16_rk00001,0.6123717741501992,0.6111818788975107,0.0011898952526884221
d2,o_min,m060516_o_min_ord16_rk00002,0.6136499526335952,0.6111818788975107,0.002468073736084486
d2,o_min,m060517_o_min_ord16_rk00003,0.6094162148175235,0.6111818788975107,-0.0017656640799872392
d2,o_min,m060518_o_min_ord16_rk00004,0.6127144782481228,0.6111818788975107,0.0015325993506120072
d2,o_min,m060519_o_min_ord16_rk00005,0.607321172950519,0.6111818788975107,-0.003860705946991727
d2,o_min,m060520_o_min_ord16_rk00006,0.5820500258109512,0.6111818788975107,-0.029131853086559523
d2,o_min,m060521_o_min_ord16_rk00007,0.6099191757666476,0.6111818788975107,-0.0012627031308631853
d2,o_min,m060522_o_min_ord16_rk00008,0.6169391629171703,0.6111818788975107,0.005757284019659581
d2,o_min,m060523_o_min_ord16_rk00009,0.5834382522412185,0.6111818788975107,-0.027743626656292264
d2,o_min,m060524_o_min_ord16_rk00010,0.6089168068641649,0.6111818788975107,-0.002265072033345805
d2,o_min,m060525_o_min_ord16_rk00011,0.5983568538138357,0.6111818788975107,-0.012825025083675001
d2,o_min,m060526_o_min_ord16_rk00012,0.5859933114532512,0.6111818788975107,-0.02518856744425957
d2,o_min,m060527_o_min_ord16_rk00013,0.6104575096223936,0.6111818788975107,-0.0007243692751170983
d2,o_min,m060528_o_min_ord16_rk00014,0.5845944031679273,0.6111818788975107,-0.02658747572958342
d2,o_min,m060529_o_min_ord16_rk00015,0.6014727001280629,0.6111818788975107,-0.00970917876944788
d2,o_min,m060530_o_min_ord16_rk00016,0.606185850604789,0.6111818788975107,-0.0049960282927217214
d2,o_min,m060531_o_min_ord16_rk00017,0.6068770177895911,0.6111818788975107,-0.004304861107919611
d2,o_min,m060532_o_min_ord16_rk00018,0.5874087032489455,0.6111818788975107,-0.023773175648565292
d2,o_min,m060533_o_min_ord16_rk00019,0.584035168584186,0.6111818788975107,-0.027146710313324718
d2,o_min,m060534_o_min_ord16_rk00020,0.5918165590118825,0.6111818788975107,-0.019365319885628285
d2,o_min,m061515_o_min_ord17_rk00001,0.6044806624236931,0.6111818788975107,-0.006701216473817606
d2,o_min,m061516_o_min_ord17_rk00002,0.5948812840047774,0.6111818788975107,-0.01630059489273339
d2,o_min,m061517_o_min_ord17_rk00003,0.6080218919124721,0.6111818788975107,-0.0031599869850386098
d2,o_min,m061518_o_min_ord17_rk00004,0.6083863213064463,0.6111818788975107,-0.0027955575910644237
d2,o_min,m061519_o_min_ord17_rk00005,0.6026227724147296,0.6111818788975107,-0.008559106482781131
d2,o_min,m061520_o_min_ord17_rk00006,0.5814962615248104,0.6111818788975107,-0.029685617372700368
d2,o_min,m061521_o_min_ord17_rk00007,0.5816582723459742,0.6111818788975107,-0.02952360655153652
d2,o_min,m061522_o_min_ord17_rk00008,0.6043211212825457,0.6111818788975107,-0.006860757614965074
d2,o_min,m061523_o_min_ord17_rk00009,0.5946103911860318,0.6111818788975107,-0.016571487711478983
d2,o_min,m061524_o_min_ord17_rk00010,0.5891797933291004,0.6111818788975107,-0.022002085568410323
d2,o_min,m061525_o_min_ord17_rk00011,0.5865436451463387,0.6111818788975107,-0.024638233751172023
d2,o_min,m061526_o_min_ord17_rk00012,0.6022183755756902,0.6111818788975107,-0.008963503321820498
d2,o_min,m061527_o_min_ord17_rk00013,0.6095650429569777,0.6111818788975107,-0.001616835940533079
d2,o_min,m061528_o_min_ord17_rk00014,0.6012644390317021,0.6111818788975107,-0.00991743986580862
d2,o_min,m061529_o_min_ord17_rk00015,0.58556390238429,0.6111818788975107,-0.02561797651322073
d2,o_min,m061530_o_min_ord17_rk00016,0.6061765204163645,0.6111818788975107,-0.005005358481146249
d2,o_min,m061531_o_min_ord17_rk00017,0.6049741735900618,0.6111818788975107,-0.006207705307448963
d2,o_min,m061532_o_min_ord17_rk00018,0.6029268521223552,0.6111818788975107,-0.00825502677515555
d2,o_min,m061533_o_min_ord17_rk00019,0.5831317440908503,0.6111818788975107,-0.02805013480666041
d2,o_min,m061534_o_min_ord17_rk00020,0.5993724244286941,0.6111818788975107,-0.01180945446881665
d2,o_min,m062515_o_min_ord18_rk00001,0.5832615588416973,0.6111818788975107,-0.027920320055813463
d2,o_min,m062516_o_min_ord18_rk00002,0.6044028913661195,0.6111818788975107,-0.006778987531391278
d2,o_min,m062517_o_min_ord18_rk00003,0.6079729686509652,0.6111818788975107,-0.003208910246545571
d2,o_min,m062518_o_min_ord18_rk00004,0.6128548159611051,0.6111818788975107,0.001672937063594393
d2,o_min,m062519_o_min_ord18_rk00005,0.6155913857380133,0.6111818788975107,0.004409506840502564
d2,o_min,m062520_o_min_ord18_rk00006,0.6005502920716197,0.6111818788975107,-0.010631586825891048
d2,o_min,m062521_o_min_ord18_rk00007,0.6014229958741557,0.6111818788975107,-0.009758883023355036
d2,o_min,m062522_o_min_ord18_rk00008,0.613535795448115,0.6111818788975107,0.0023539165506042403
d2,o_min,m062523_o_min_ord18_rk00009,0.6105066000511823,0.6111818788975107,-0.0006752788463284531
d2,o_min,m062524_o_min_ord18_rk00010,0.6102908511046428,0.6111818788975107,-0.0008910277928679822
d2,o_min,m062525_o_min_ord18_rk00011,0.5962490880981255,0.6111818788975107,-0.014932790799385254
d2,o_min,m062526_o_min_ord18_rk00012,0.5944306363385683,0.6111818788975107,-0.016751242558942447
d2,o_min,m062527_o_min_ord18_rk00013,0.6081071498374,0.6111818788975107,-0.003074729060110748
d2,o_min,m062528_o_min_ord18_rk00014,0.6091147407791551,0.6111818788975107,-0.0020671381183556825
d2,o_min,m062529_o_min_ord18_rk00015,0.588380593871606,0.6111818788975107,-0.022801285025904727
d2,o_min,m062530_o_min_ord18_rk00016,0.6002494695661998,0.6111818788975107,-0.0109324093313109
d2,o_min,m062531_o_min_ord18_rk00017,0.5816281519259445,0.6111818788975107,-0.02955372697156622
d2,o_min,m062532_o_min_ord18_rk00018,0.5896330625150624,0.6111818788975107,-0.02154881638244832
d2,o_min,m062533_o_min_ord18_rk00019,0.6007552640530103,0.6111818788975107,-0.01042661484450047
d2,o_min,m062534_o_min_ord18_rk00020,0.6091692079966455,0.6111818788975107,-0.00201267090086521
d2,o_min,m063515_o_min_ord19_rk00001,0.6025414687647433,0.6111818788975107,-0.008640410132767395
d2,o_min,m063516_o_min_ord19_rk00002,0.5941706424482742,0.6111818788975107,-0.017011236449236522
d2,o_min,m063517_o_min_ord19_rk00003,0.5713445937365453,0.6111818788975107,-0.03983728516096541
d2,o_min,m063518_o_min_ord19_rk00004,0.5976190067551597,0.6111818788975107,-0.013562872142351079
d2,o_min,m063519_o_min_ord19_rk00005,0.6016940967542475,0.6111818788975107,-0.00948778214326329
d2,o_min,m063520_o_min_ord19_rk00006,0.604277889170733,0.6111818788975107,-0.006903989726777748
d2,o_min,m063521_o_min_ord19_rk00007,0.6048511587884003,0.6111818788975107,-0.006330720109110399
d2,o_min,m063522_o_min_ord19_rk00008,0.596726100510645,0.6111818788975107,-0.014455778386865736
d2,o_min,m063523_o_min_ord19_rk00009,0.6048317418175029,0.6111818788975107,-0.006350137080007867
d2,o_min,m063524_o_min_ord19_rk00010,0.6068639005500893,0.6111818788975107,-0.004317978347421425
d2,o_min,m063525_o_min_ord19_rk00011,0.5887462540692573,0.6111818788975107,-0.022435624828253453
d2,o_min,m063526_o_min_ord19_rk00012,0.6092783825972669,0.6111818788975107,-0.0019034963002438898
d2,o_min,m063527_o_min_ord19_rk00013,0.6040872464882076,0.6111818788975107,-0.007094632409303192
d2,o_min,m063528_o_min_ord19_rk00014,0.6085465720454066,0.6111818788975107,-0.0026353068521041134
d2,o_min,m063529_o_min_ord19_rk00015,0.6028599731558195,0.6111818788975107,-0.008321905741691227
d2,o_min,m063530_o_min_ord19_rk00016,0.6005130970397914,0.6111818788975107,-0.010668781857719356
d2,o_min,m063531_o_min_ord19_rk00017,0.5884299045328683,0.6111818788975107,-0.02275197436464249
d2,o_min,m063532_o_min_ord19_rk00018,0.6066115974999746,0.6111818788975107,-0.0045702813975361245
d2,o_min,m063533_o_min_ord19_rk00019,0.6050527649507685,0.6111818788975107,-0.006129113946742204
d2,o_min,m063534_o_min_ord19_rk00020,0.6155902191462773,0.6111818788975107,0.0044083402487665735
d2,o_min,m064515_o_min_ord20_rk00001,0.5957568972100299,0.6111818788975107,-0.015424981687480854
d2,o_min,m064516_o_min_ord20_rk00002,0.5990878466349115,0.6111818788975107,-0.012094032262599197
d2,o_min,m064517_o_min_ord20_rk00003,0.6009247116369179,0.6111818788975107,-0.010257167260592892
d2,o_min,m064518_o_min_ord20_rk00004,0.6028838687572988,0.6111818788975107,-0.00829801014021192
d2,o_min,m064519_o_min_ord20_rk00005,0.599575264472821,0.6111818788975107,-0.011606614424689798
d2,o_min,m064520_o_min_ord20_rk00006,0.6032142183713958,0.6111818788975107,-0.007967660526114972
d2,o_min,m064521_o_min_ord20_rk00007,0.60401058813027,0.6111818788975107,-0.007171290767240768
d2,o_min,m064522_o_min_ord20_rk00008,0.6068219138735356,0.6111818788975107,-0.004359965023975176
d2,o_min,m064523_o_min_ord20_rk00009,0.5985289166490407,0.6111818788975107,-0.012652962248470012
d2,o_min,m064524_o_min_ord20_rk00010,0.6013308006070939,0.6111818788975107,-0.00985107829041687
d2,o_min,m064525_o_min_ord20_rk00011,0.5977466152970312,0.6111818788975107,-0.01343526360047953
d2,o_min,m064526_o_min_ord20_rk00012,0.60190073155497,0.6111818788975107,-0.009281147342540708
d2,o_min,m064527_o_min_ord20_rk00013,0.6005777669563349,0.6111818788975107,-0.010604111941175831
d2,o_min,m064528_o_min_ord20_rk00014,0.5974949583400105,0.6111818788975107,-0.013686920557500204
d2,o_min,m064529_o_min_ord20_rk00015,0.6069030262504234,0.6111818788975107,-0.004278852647087383
d2,o_min,m064530_o_min_ord20_rk00016,0.6004523506499837,0.6111818788975107,-0.010729528247527043
d2,o_min,m064531_o_min_ord20_rk00017,0.6038860220536832,0.6111818788975107,-0.007295856843827497
d2,o_min,m064532_o_min_ord20_rk00018,0.6177458218875529,0.6111818788975107,0.006563942990042149
d2,o_min,m064533_o_min_ord20_rk00019,0.5921379725116167,0.6111818788975107,-0.01904390638589404
d2,o_min,m064534_o_min_ord20_rk00020,0.6024504787612706,0.6111818788975107,-0.008731400136240186
d2,o_min,m065515_o_min_ord21_rk00001,0.6055164026729014,0.6111818788975107,-0.005665476224609334
d2,o_min,m065516_o_min_ord21_rk00002,0.5984953455987476,0.6111818788975107,-0.012686533298763125
d2,o_min,m065517_o_min_ord21_rk00003,0.5985624860524507,0.6111818788975107,-0.012619392845060085
d2,o_min,m065518_o_min_ord21_rk00004,0.599967814685829,0.6111818788975107,-0.011214064211681696
d2,o_min,m065519_o_min_ord21_rk00005,0.5965735349383456,0.6111818788975107,-0.014608343959165104
d2,o_min,m065520_o_min_ord21_rk00006,0.6057703075480918,0.6111818788975107,-0.005411571349418942
d2,o_min,m065521_o_min_ord21_rk00007,0.5912363527866118,0.6111818788975107,-0.019945526110898948
d2,o_min,m065522_o_min_ord21_rk00008,0.5933737194070698,0.6111818788975107,-0.0178081594904409
d2,o_min,m065523_o_min_ord21_rk00009,0.6024306323645316,0.6111818788975107,-0.008751246532979096
d2,o_min,m065524_o_min_ord21_rk00010,0.5997804920075791,0.6111818788975107,-0.011401386889931642
d2,o_min,m065525_o_min_ord21_rk00011,0.596835185250163,0.6111818788975107,-0.014346693647347752
d2,o_min,m065526_o_min_ord21_rk00012,0.594134791298915,0.6111818788975107,-0.017047087598595745
d2,o_min,m065527_o_min_ord21_rk00013,0.6058989257309515,0.6111818788975107,-0.0052829531665592455
d2,o_min,m065528_o_min_ord21_rk00014,0.6035672674007679,0.6111818788975107,-0.007614611496742807
d2,o_min,m065529_o_min_ord21_rk00015,0.6187944454485669,0.6111818788975107,0.0076125665510561324
d2,o_min,m065530_o_min_ord21_rk00016,0.590133035862827,0.6111818788975107,-0.021048843034683795
d2,o_min,m065531_o_min_ord21_rk00017,0.6167112674630046,0.6111818788975107,0.005529388565493898
d2,o_min,m065532_o_min_ord21_rk00018,0.5994306778378325,0.6111818788975107,-0.011751201059678196
d2,o_min,m065533_o_min_ord21_rk00019,0.5921455046270747,0.6111818788975107,-0.01903637427043603
d2,o_min,m065534_o_min_ord21_rk00020,0.5904172133703796,0.6111818788975107,-0.020764665527131188
d2,o_min,m066515_o_min_ord22_rk00001,0.5948234345419758,0.6111818788975107,-0.016358444355534907
d2,o_min,m066516_o_min_ord22_rk00002,0.6055705079444258,0.6111818788975107,-0.005611370953084949
d2,o_min,m066517_o_min_ord22_rk00003,0.5955492164916791,0.6111818788975107,-0.01563266240583161
d2,o_min,m066518_o_min_ord22_rk00004,0.6053268581849892,0.6111818788975107,-0.00585502071252153
d2,o_min,m066519_o_min_ord22_rk00005,0.6177081297457868,0.6111818788975107,0.006526250848276072
d2,o_min,m066520_o_min_ord22_rk00006,0.5975570332267678,0.6111818788975107,-0.013624845670742958
d2,o_min,m066521_o_min_ord22_rk00007,0.6039545165863436,0.6111818788975107,-0.0072273623111671625
d2,o_min,m066522_o_min_ord22_rk00008,0.6008068295521927,0.6111818788975107,-0.010375049345318077
d2,o_min,m066523_o_min_ord22_rk00009,0.6013615626703053,0.6111818788975107,-0.009820316227205472
d2,o_min,m066524_o_min_ord22_rk00010,0.610779270656078,0.6111818788975107,-0.00040260824143278917
d2,o_min,m066525_o_min_ord22_rk00011,0.6033301114038818,0.6111818788975107,-0.007851767493628925
d2,o_min,m066526_o_min_ord22_rk00012,0.596310679156425,0.6111818788975107,-0.01487119974108575
d2,o_min,m066527_o_min_ord22_rk00013,0.601653408446605,0.6111818788975107,-0.009528470450905768
d2,o_min,m066528_o_min_ord22_rk00014,0.5933735469844699,0.6111818788975107,-0.017808331913040876
d2,o_min,m066529_o_min_ord22_rk00015,0.6023334144442432,0.6111818788975107,-0.00884846445326759
d2,o_min,m066530_o_min_ord22_rk00016,0.6044017230514762,0.6111818788975107,-0.00678015584603453
d2,o_min,m066531_o_min_ord22_rk00017,0.6057659755758148,0.6111818788975107,-0.005415903321695947
d2,o_min,m066532_o_min_ord22_rk00018,0.6000050517076558,0.6111818788975107,-0.01117682718985491
d2,o_min,m066533_o_min_ord22_rk00019,0.5867446572561497,0.6111818788975107,-0.024437221641361084
d2,o_min,m066534_o_min_ord22_rk00020,0.5913436415012718,0.6111818788975107,-0.01983823739623891
d2,o_min,m067515_o_min_ord23_rk00001,0.5961625401932753,0.6111818788975107,-0.015019338704235441
d2,o_min,m067516_o_min_ord23_rk00002,0.6012811762007135,0.6111818788975107,-0.009900702696797214
d2,o_min,m067517_o_min_ord23_rk00003,0.6010718871026017,0.6111818788975107,-0.010109991794909012
d2,o_min,m067518_o_min_ord23_rk00004,0.6005752549212053,0.6111818788975107,-0.010606623976305407
d2,o_min,m067519_o_min_ord23_rk00005,0.60249058716651,0.6111818788975107,-0.008691291731000694
d2,o_min,m067520_o_min_ord23_rk00006,0.608638483939187,0.6111818788975107,-0.002543394958323786
d2,o_min,m067521_o_min_ord23_rk00007,0.5955113507502288,0.6111818788975107,-0.01567052814728198
d2,o_min,m067522_o_min_ord23_rk00008,0.5992816552489006,0.6111818788975107,-0.011900223648610098
d2,o_min,m067523_o_min_ord23_rk00009,0.6025601901569333,0.6111818788975107,-0.008621688740577449
d2,o_min,m067524_o_min_ord23_rk00010,0.6128812450219836,0.6111818788975107,0.0016993661244728564
d2,o_min,m067525_o_min_ord23_rk00011,0.5997922407709992,0.6111818788975107,-0.011389638126511503
d2,o_min,m067526_o_min_ord23_rk00012,0.60269327893127,0.6111818788975107,-0.00848859996624074
d2,o_min,m067527_o_min_ord23_rk00013,0.5853474883328085,0.6111818788975107,-0.02583439056470227
d2,o_min,m067528_o_min_ord23_rk00014,0.6090753565779661,0.6111818788975107,-0.002106522319544668
d2,o_min,m067529_o_min_ord23_rk00015,0.5863669814583505,0.6111818788975107,-0.02481489743916021
d2,o_min,m067530_o_min_ord23_rk00016,0.5918161254591279,0.6111818788975107,-0.01936575343838287
d2,o_min,m067531_o_min_ord23_rk00017,0.60160127304199,0.6111818788975107,-0.009580605855520785
d2,o_min,m067532_o_min_ord23_rk00018,0.5929612325129432,0.6111818788975107,-0.01822064638456755
d2,o_min,m067533_o_min_ord23_rk00019,0.5988566097793779,0.6111818788975107,-0.012325269118132809
d2,o_min,m067534_o_min_ord23_rk00020,0.608224451003913,0.6111818788975107,-0.002957427893597764
d2,o_min,m068515_o_min_ord24_rk00001,0.5943645239959956,0.6111818788975107,-0.016817354901515147
d2,o_min,m068516_o_min_ord24_rk00002,0.5982385065429723,0.6111818788975107,-0.012943372354538463
d2,o_min,m068517_o_min_ord24_rk00003,0.5968893432532983,0.6111818788975107,-0.0142925356442124
d2,o_min,m068518_o_min_ord24_rk00004,0.6015080354607929,0.6111818788975107,-0.009673843436717844
d2,o_min,m068519_o_min_ord24_rk00005,0.605535765781469,0.6111818788975107,-0.0056461131160417954
d2,o_min,m068520_o_min_ord24_rk00006,0.5977724309485668,0.6111818788975107,-0.013409447948943942
d2,o_min,m068521_o_min_ord24_rk00007,0.5998158750503483,0.6111818788975107,-0.011366003847162465
d2,o_min,m068522_o_min_ord24_rk00008,0.5948442289347122,0.6111818788975107,-0.016337649962798517
d2,o_min,m068523_o_min_ord24_rk00009,0.6061648798642577,0.6111818788975107,-0.005016999033253033
d2,o_min,m068524_o_min_ord24_rk00010,0.6086370395235434,0.6111818788975107,-0.0025448393739673225
d2,o_min,m068525_o_min_ord24_rk00011,0.5986968525382507,0.6111818788975107,-0.012485026359260076
d2,o_min,m068526_o_min_ord24_rk00012,0.5955307515099582,0.6111818788975107,-0.015651127387552588
d2,o_min,m068527_o_min_ord24_rk00013,0.6020834833409667,0.6111818788975107,-0.009098395556544014
d2,o_min,m068528_o_min_ord24_rk00014,0.5964223928884134,0.6111818788975107,-0.014759486009097378
d2,o_min,m068529_o_min_ord24_rk00015,0.592345047859089,0.6111818788975107,-0.01883683103842171
d2,o_min,m068530_o_min_ord24_rk00016,0.5925420066030749,0.6111818788975107,-0.018639872294435866
d2,o_min,m068531_o_min_ord24_rk00017,0.5982019550785953,0.6111818788975107,-0.01297992381891544
d2,o_min,m068532_o_min_ord24_rk00018,0.6116539176363888,0.6111818788975107,0.0004720387388780223
d2,o_min,m068533_o_min_ord24_rk00019,0.5975776552870835,0.6111818788975107,-0.013604223610427235
d2,o_min,m068534_o_min_ord24_rk00020,0.6005878417875157,0.6111818788975107,-0.01059403710999507
d2,o_min,m069515_o_min_ord25_rk00001,0.5948040479603565,0.6111818788975107,-0.01637783093715428
d2,o_min,m069516_o_min_ord25_rk00002,0.5933241317757263,0.6111818788975107,-0.01785774712178445
d2,o_min,m069517_o_min_ord25_rk00003,0.5951550281685122,0.6111818788975107,-0.016026850728998565
d2,o_min,m069518_o_min_ord25_rk00004,0.5985657551931753,0.6111818788975107,-0.012616123704335402
d2,o_min,m069519_o_min_ord25_rk00005,0.5971259559504536,0.6111818788975107,-0.014055922947057153
d2,o_min,m069520_o_min_ord25_rk00006,0.5979356136618804,0.6111818788975107,-0.013246265235630328
d2,o_min,m069521_o_min_ord25_rk00007,0.595010894054671,0.6111818788975107,-0.016170984842839742
d2,o_min,m069522_o_min_ord25_rk00008,0.5985651369027484,0.6111818788975107,-0.01261674199476237
d2,o_min,m069523_o_min_ord25_rk00009,0.5914514721283768,0.6111818788975107,-0.019730406769133957
d2,o_min,m069524_o_min_ord25_rk00010,0.5934322174205546,0.6111818788975107,-0.017749661476956113
d2,o_min,m069525_o_min_ord25_rk00011,0.5956832071922784,0.6111818788975107,-0.015498671705232336
d2,o_min,m069526_o_min_ord25_rk00012,0.5920754950251083,0.6111818788975107,-0.019106383872402488
d2,o_min,m069527_o_min_ord25_rk00013,0.5869126581845956,0.6111818788975107,-0.02426922071291515
d2,o_min,m069528_o_min_ord25_rk00014,0.5996104503592816,0.6111818788975107,-0.011571428538229123
d2,o_min,m069529_o_min_ord25_rk00015,0.5901385368852945,0.6111818788975107,-0.02104334201221625
d2,o_min,m069530_o_min_ord25_rk00016,0.5955764648016777,0.6111818788975107,-0.015605414095833048
d2,o_min,m069531_o_min_ord25_rk00017,0.597996104688457,0.6111818788975107,-0.013185774209053758
d2,o_min,m069532_o_min_ord25_rk00018,0.5952277828319863,0.6111818788975107,-0.015954096065524448
d2,o_min,m069533_o_min_ord25_rk00019,0.5987804309954787,0.6111818788975107,-0.012401447902032015
d2,o_min,m069534_o_min_ord25_rk00020,0.5934300575101228,0.6111818788975107,-0.017751821387387956
d2,o_min,m070515_o_min_ord26_rk00001,0.6020509193086339,0.6111818788975107,-0.009130959588876886
d2,o_min,m070516_o_min_ord26_rk00002,0.5977588931169077,0.6111818788975107,-0.01342298578060308
d2,o_min,m070517_o_min_ord26_rk00003,0.5978956018843365,0.6111818788975107,-0.013286277013174197
d2,o_min,m070518_o_min_ord26_rk00004,0.5978489718861604,0.6111818788975107,-0.01333290701135037
d2,o_min,m070519_o_min_ord26_rk00005,0.6008858313245884,0.6111818788975107,-0.010296047572922351
d2,o_min,m070520_o_min_ord26_rk00006,0.6051362631161847,0.6111818788975107,-0.006045615781326008
d2,o_min,m070521_o_min_ord26_rk00007,0.5995338159566901,0.6111818788975107,-0.011648062940820658
d2,o_min,m070522_o_min_ord26_rk00008,0.5966139073908213,0.6111818788975107,-0.014567971506689426
d2,o_min,m070523_o_min_ord26_rk00009,0.6058020543959433,0.6111818788975107,-0.005379824501567487
d2,o_min,m070524_o_min_ord26_rk00010,0.6026079828416926,0.6111818788975107,-0.008573896055818153
d2,o_min,m070525_o_min_ord26_rk00011,0.6041496773897959,0.6111818788975107,-0.007032201507714886
d2,o_min,m070526_o_min_ord26_rk00012,0.5989414373216947,0.6111818788975107,-0.012240441575816052
d2,o_min,m070527_o_min_ord26_rk00013,0.5948522251439061,0.6111818788975107,-0.016329653753604623
d2,o_min,m070528_o_min_ord26_rk00014,0.6033438018946642,0.6111818788975107,-0.007838077002846555
d2,o_min,m070529_o_min_ord26_rk00015,0.5975661546661915,0.6111818788975107,-0.013615724231319293
d2,o_min,m070530_o_min_ord26_rk00016,0.5995142774406235,0.6111818788975107,-0.011667601456887278
d2,o_min,m070531_o_min_ord26_rk00017,0.5964415992991889,0.6111818788975107,-0.014740279598321804
d2,o_min,m070532_o_min_ord26_rk00018,0.5976698584746876,0.6111818788975107,-0.013512020422823179
d2,o_min,m070533_o_min_ord26_rk00019,0.6059472079726015,0.6111818788975107,-0.005234670924909257
d2,o_min,m070534_o_min_ord26_rk00020,0.5995112383579346,0.6111818788975107,-0.011670640539576116
d2,o_min,m071515_o_min_ord27_rk00001,0.5922269058690912,0.6111818788975107,-0.01895497302841953
d2,o_min,m071516_o_min_ord27_rk00002,0.5873393692524608,0.6111818788975107,-0.02384250964504997
d2,o_min,m071517_o_min_ord27_rk00003,0.5857262191143017,0.6111818788975107,-0.025455659783209073
d2,o_min,m071518_o_min_ord27_rk00004,0.5869655949278959,0.6111818788975107,-0.024216283969614838
d2,o_min,m071519_o_min_ord27_rk00005,0.5908480428850584,0.6111818788975107,-0.02033383601245231
d2,o_min,m071520_o_min_ord27_rk00006,0.5919479918712242,0.6111818788975107,-0.01923388702628659
d2,o_min,m071521_o_min_ord27_rk00007,0.5527892667185419,0.6111818788975107,-0.05839261217896885
d2,o_min,m071522_o_min_ord27_rk00008,0.5839486689808375,0.6111818788975107,-0.027233209916673218
d2,o_min,m071523_o_min_ord27_rk00009,0.6078146720505859,0.6111818788975107,-0.0033672068469248195
d2,o_min,m071524_o_min_ord27_rk00010,0.5852024033537021,0.6111818788975107,-0.02597947554380864
d2,o_min,m071525_o_min_ord27_rk00011,0.5809239740584972,0.6111818788975107,-0.030257904839013583
d2,o_min,m071526_o_min_ord27_rk00012,0.584794033248278,0.6111818788975107,-0.0263878456492328
d2,o_min,m071527_o_min_ord27_rk00013,0.6133467079359185,0.6111818788975107,0.002164829038407756
d2,o_min,m071528_o_min_ord27_rk00014,0.593198761422274,0.6111818788975107,-0.017983117475236732
d2,o_min,m071529_o_min_ord27_rk00015,0.5746577540740507,0.6111818788975107,-0.036524124823460014
d2,o_min,m071530_o_min_ord27_rk00016,0.5960506961712936,0.6111818788975107,-0.015131182726217163
d2,o_min,m071531_o_min_ord27_rk00017,0.5833830572890455,0.6111818788975107,-0.027798821608465252
d2,o_min,m071532_o_min_ord27_rk00018,0.6083634309925514,0.6111818788975107,-0.0028184479049593314
d2,o_min,m071533_o_min_ord27_rk00019,0.5834122754594098,0.6111818788975107,-0.027769603438100976
d2,o_min,m071534_o_min_ord27_rk00020,0.5938425123990807,0.6111818788975107,-0.017339366498430042
d2,o_min,m072515_o_min_ord28_rk00001,0.5708885781947414,0.6111818788975107,-0.040293300702769375
d2,o_min,m072516_o_min_ord28_rk00002,0.5881225999618245,0.6111818788975107,-0.023059278935686267
d2,o_min,m072517_o_min_ord28_rk00003,0.5860526538083906,0.6111818788975107,-0.02512922508912019
d2,o_min,m072518_o_min_ord28_rk00004,0.5832020466981505,0.6111818788975107,-0.02797983219936029
d2,o_min,m072519_o_min_ord28_rk00005,0.6003379968651389,0.6111818788975107,-0.010843882032371854
d2,o_min,m072520_o_min_ord28_rk00006,0.60039333141884,0.6111818788975107,-0.010788547478670751
d2,o_min,m072521_o_min_ord28_rk00007,0.5895291379057443,0.6111818788975107,-0.021652740991766395
d2,o_min,m072522_o_min_ord28_rk00008,0.5930986859179419,0.6111818788975107,-0.01808319297956884
d2,o_min,m072523_o_min_ord28_rk00009,0.5902380284821188,0.6111818788975107,-0.02094385041539193
d2,o_min,m072524_o_min_ord28_rk00010,0.6078830410511071,0.6111818788975107,-0.0032988378464036128
d2,o_min,m072525_o_min_ord28_rk00011,0.5863605825227343,0.6111818788975107,-0.02482129637477648
d2,o_min,m072526_o_min_ord28_rk00012,0.6112374787965141,0.6111818788975107,5.559989900338902e-05
d2,o_min,m072527_o_min_ord28_rk00013,0.5808402722977763,0.6111818788975107,-0.030341606599734394
d2,o_min,m072528_o_min_ord28_rk00014,0.5870374412325206,0.6111818788975107,-0.024144437664990193
d2,o_min,m072529_o_min_ord28_rk00015,0.5939832698496492,0.6111818788975107,-0.017198609047861524
d2,o_min,m072530_o_min_ord28_rk00016,0.5805794069436072,0.6111818788975107,-0.03060247195390353
d2,o_min,m072531_o_min_ord28_rk00017,0.5862178742982846,0.6111818788975107,-0.024964004599226097
d2,o_min,m072532_o_min_ord28_rk00018,0.6026302273952602,0.6111818788975107,-0.008551651502250568
d2,o_min,m072533_o_min_ord28_rk00019,0.5898941351069591,0.6111818788975107,-0.02128774379055165
d2,o_min,m072534_o_min_ord28_rk00020,0.5963066684807004,0.6111818788975107,-0.014875210416810392
d2,o_min,m073515_o_min_ord29_rk00001,0.5928118179714598,0.6111818788975107,-0.01837006092605098
d2,o_min,m073516_o_min_ord29_rk00002,0.5654782210641791,0.6111818788975107,-0.045703657833331635
d2,o_min,m073517_o_min_ord29_rk00003,0.5951040640192544,0.6111818788975107,-0.016077814878256325
d2,o_min,m073518_o_min_ord29_rk00004,0.5921426483734832,0.6111818788975107,-0.01903923052402756
d2,o_min,m073519_o_min_ord29_rk00005,0.6033729249161672,0.6111818788975107,-0.007808953981343514
d2,o_min,m073520_o_min_ord29_rk00006,0.5919905523242331,0.6111818788975107,-0.0191913265732776
d2,o_min,m073521_o_min_ord29_rk00007,0.5855264646544283,0.6111818788975107,-0.025655414243082486
d2,o_min,m073522_o_min_ord29_rk00008,0.5948787508915222,0.6111818788975107,-0.016303128005988543
d2,o_min,m073523_o_min_ord29_rk00009,0.5910094757627058,0.6111818788975107,-0.02017240313480495
d2,o_min,m073524_o_min_ord29_rk00010,0.5906045279024644,0.6111818788975107,-0.020577350995046317
d2,o_min,m073525_o_min_ord29_rk00011,0.5842933195731579,0.6111818788975107,-0.026888559324352856
d2,o_min,m073526_o_min_ord29_rk00012,0.5966048597809209,0.6111818788975107,-0.014577019116589818
d2,o_min,m073527_o_min_ord29_rk00013,0.5952561839601656,0.6111818788975107,-0.01592569493734519
d2,o_min,m073528_o_min_ord29_rk00014,0.5967949616673913,0.6111818788975107,-0.014386917230119423
d2,o_min,m073529_o_min_ord29_rk00015,0.5922229619072847,0.6111818788975107,-0.018958916990226005
d2,o_min,m073530_o_min_ord29_rk00016,0.5898159074061328,0.6111818788975107,-0.021365971491377977
d2,o_min,m073531_o_min_ord29_rk00017,0.600092736440071,0.6111818788975107,-0.011089142457439749
d2,o_min,m073532_o_min_ord29_rk00018,0.5954055113377199,0.6111818788975107,-0.015776367559790838
d2,o_min,m073533_o_min_ord29_rk00019,0.5924146564599837,0.6111818788975107,-0.018767222437527042
d2,o_min,m073534_o_min_ord29_rk00020,0.6069223186688399,0.6111818788975107,-0.0042595602286708
d2,o_min,m074515_o_min_ord30_rk00001,0.5792796713325146,0.6111818788975107,-0.03190220756499618
d2,o_min,m074516_o_min_ord30_rk00002,0.5805937853025729,0.6111818788975107,-0.03058809359493786
d2,o_min,m074517_o_min_ord30_rk00003,0.5853491082758132,0.6111818788975107,-0.02583277062169753
d2,o_min,m074518_o_min_ord30_rk00004,0.5941645242376374,0.6111818788975107,-0.017017354659873307
d2,o_min,m074519_o_min_ord30_rk00005,0.5872659026171256,0.6111818788975107,-0.02391597628038511
d2,o_min,m074520_o_min_ord30_rk00006,0.6087182572772926,0.6111818788975107,-0.0024636216202181815
d2,o_min,m074521_o_min_ord30_rk00007,0.5876512836222596,0.6111818788975107,-0.023530595275251143
d2,o_min,m074522_o_min_ord30_rk00008,0.610298260373568,0.6111818788975107,-0.0008836185239426975
d2,o_min,m074523_o_min_ord30_rk00009,0.5838777963914985,0.6111818788975107,-0.02730408250601224
d2,o_min,m074524_o_min_ord30_rk00010,0.608501038439631,0.6111818788975107,-0.0026808404578797518
d2,o_min,m074525_o_min_ord30_rk00011,0.5854820953925426,0.6111818788975107,-0.025699783504968154
d2,o_min,m074526_o_min_ord30_rk00012,0.5862273207553836,0.6111818788975107,-0.024954558142127103
d2,o_min,m074527_o_min_ord30_rk00013,0.5888851799748764,0.6111818788975107,-0.022296698922634306
d2,o_min,m074528_o_min_ord30_rk00014,0.610408242454892,0.6111818788975107,-0.0007736364426187414
d2,o_min,m074529_o_min_ord30_rk00015,0.5712300549355666,0.6111818788975107,-0.03995182396194419
d2,o_min,m074530_o_min_ord30_rk00016,0.6009657402018656,0.6111818788975107,-0.010216138695645194
d2,o_min,m074531_o_min_ord30_rk00017,0.580772714389455,0.6111818788975107,-0.030409164508055753
d2,o_min,m074532_o_min_ord30_rk00018,0.6106542550257976,0.6111818788975107,-0.0005276238717131232
d2,o_min,m074533_o_min_ord30_rk00019,0.5863480435909045,0.6111818788975107,-0.02483383530660621
d2,o_min,m074534_o_min_ord30_rk00020,0.5830529467134941,0.6111818788975107,-0.028128932184016686
d3,o_min,m047515_o_min_ord3_rk00001,0.5856788182083255,0.6124664176869716,-0.026787599478646174
d3,o_min,m047516_o_min_ord3_rk00002,0.5913601037790657,0.6124664176869716,-0.02110631390790596
d3,o_min,m047517_o_min_ord3_rk00003,0.5960502685905653,0.6124664176869716,-0.01641614909640632
d3,o_min,m047518_o_min_ord3_rk00004,0.586236982623453,0.6124664176869716,-0.026229435063518602
d3,o_min,m047519_o_min_ord3_rk00005,0.5870724226592382,0.6124664176869716,-0.02539399502773343
d3,o_min,m047520_o_min_ord3_rk00006,0.5567444051799115,0.6124664176869716,-0.055722012507060104
d3,o_min,m047521_o_min_ord3_rk00007,0.6045875580797466,0.6124664176869716,-0.007878859607225008
d3,o_min,m047522_o_min_ord3_rk00008,0.5906468926545401,0.6124664176869716,-0.021819525032431564
d3,o_min,m047523_o_min_ord3_rk00009,0.5723585595600802,0.6124664176869716,-0.04010785812689144
d3,o_min,m047524_o_min_ord3_rk00010,0.6038746276161469,0.6124664176869716,-0.008591790070824779
d3,o_min,m047525_o_min_ord3_rk00011,0.6198187527068666,0.6124664176869716,0.007352335019894962
d3,o_min,m047526_o_min_ord3_rk00012,0.5821254227057464,0.6124664176869716,-0.030340994981225222
d3,o_min,m047527_o_min_ord3_rk00013,0.6024347573228486,0.6124664176869716,-0.010031660364123063
d3,o_min,m047528_o_min_ord3_rk00014,0.5661131277705284,0.6124664176869716,-0.046353289916443274
d3,o_min,m047529_o_min_ord3_rk00015,0.5382812291101566,0.6124664176869716,-0.074185188576815
d3,o_min,m047530_o_min_ord3_rk00016,0.5929612394327981,0.6124664176869716,-0.019505178254173527
d3,o_min,m047531_o_min_ord3_rk00017,0.5803435466840923,0.6124664176869716,-0.03212287100287936
d3,o_min,m047532_o_min_ord3_rk00018,0.5663169823318591,0.6124664176869716,-0.04614943535511251
d3,o_min,m047533_o_min_ord3_rk00019,0.5709608070184098,0.6124664176869716,-0.04150561066856184
d3,o_min,m047534_o_min_ord3_rk00020,0.5605337882985204,0.6124664176869716,-0.051932629388451224
d3,o_min,m048515_o_min_ord4_rk00001,0.609018069568114,0.6124664176869716,-0.003448348118857636
d3,o_min,m048516_o_min_ord4_rk00002,0.5864695410246115,0.6124664176869716,-0.02599687666236017
d3,o_min,m048517_o_min_ord4_rk00003,0.561919962844213,0.6124664176869716,-0.05054645484275866
d3,o_min,m048518_o_min_ord4_rk00004,0.5663704082400114,0.6124664176869716,-0.04609600944696024
d3,o_min,m048519_o_min_ord4_rk00005,0.6308388479922289,0.6124664176869716,0.01837243030525726
d3,o_min,m048520_o_min_ord4_rk00006,0.5593321622712497,0.6124664176869716,-0.05313425541572192
d3,o_min,m048521_o_min_ord4_rk00007,0.5924606844362914,0.6124664176869716,-0.020005733250680224
d3,o_min,m048522_o_min_ord4_rk00008,0.6004911211291802,0.6124664176869716,-0.011975296557791393
d3,o_min,m048523_o_min_ord4_rk00009,0.5857642889218444,0.6124664176869716,-0.02670212876512723
d3,o_min,m048524_o_min_ord4_rk00010,0.5452903699848068,0.6124664176869716,-0.06717604770216479
d3,o_min,m048525_o_min_ord4_rk00011,0.5654632899972931,0.6124664176869716,-0.047003127689678514
d3,o_min,m048526_o_min_ord4_rk00012,0.5762789181240823,0.6124664176869716,-0.03618749956288936
d3,o_min,m048527_o_min_ord4_rk00013,0.6177288448184004,0.6124664176869716,0.005262427131428771
d3,o_min,m048528_o_min_ord4_rk00014,0.5923383764302965,0.6124664176869716,-0.02012804125667511
d3,o_min,m048529_o_min_ord4_rk00015,0.5864473579503784,0.6124664176869716,-0.026019059736593242
d3,o_min,m048530_o_min_ord4_rk00016,0.6140102562150755,0.6124664176869716,0.0015438385281039135
d3,o_min,m048531_o_min_ord4_rk00017,0.5365415837586907,0.6124664176869716,-0.07592483392828098
d3,o_min,m048532_o_min_ord4_rk00018,0.625660143971274,0.6124664176869716,0.013193726284302376
d3,o_min,m048533_o_min_ord4_rk00019,0.5607696208942944,0.6124664176869716,-0.051696796792677246
d3,o_min,m048534_o_min_ord4_rk00020,0.548794995244804,0.6124664176869716,-0.06367142244216761
d3,o_min,m049515_o_min_ord5_rk00001,0.6017654250578868,0.6124664176869716,-0.01070099262908486
d3,o_min,m049516_o_min_ord5_rk00002,0.5984981274971,0.6124664176869716,-0.013968290189871668
d3,o_min,m049517_o_min_ord5_rk00003,0.5698949551688688,0.6124664176869716,-0.04257146251810284
d3,o_min,m049518_o_min_ord5_rk00004,0.6001554480892388,0.6124664176869716,-0.012310969597732813
d3,o_min,m049519_o_min_ord5_rk00005,0.6065219192224549,0.6124664176869716,-0.005944498464516723
d3,o_min,m049520_o_min_ord5_rk00006,0.5953463675820232,0.6124664176869716,-0.017120050104948437
d3,o_min,m049521_o_min_ord5_rk00007,0.5783842258545646,0.6124664176869716,-0.034082191832407016
d3,o_min,m049522_o_min_ord5_rk00008,0.5997807913803866,0.6124664176869716,-0.012685626306584985
d3,o_min,m049523_o_min_ord5_rk00009,0.6066385347961989,0.6124664176869716,-0.00582788289077274
d3,o_min,m049524_o_min_ord5_rk00010,0.5754818520370633,0.6124664176869716,-0.036984565649908374
d3,o_min,m049525_o_min_ord5_rk00011,0.6058964718930033,0.6124664176869716,-0.0065699457939683015
d3,o_min,m049526_o_min_ord5_rk00012,0.597043953226627,0.6124664176869716,-0.015422464460344676
d3,o_min,m049527_o_min_ord5_rk00013,0.5829872643325773,0.6124664176869716,-0.029479153354394327
d3,o_min,m049528_o_min_ord5_rk00014,0.6052792469110357,0.6124664176869716,-0.007187170775935892
d3,o_min,m049529_o_min_ord5_rk00015,0.5961829753890335,0.6124664176869716,-0.0162834422979381
d3,o_min,m049530_o_min_ord5_rk00016,0.6104336163964195,0.6124664176869716,-0.0020328012905521664
d3,o_min,m049531_o_min_ord5_rk00017,0.6021904571649435,0.6124664176869716,-0.010275960522028171
d3,o_min,m049532_o_min_ord5_rk00018,0.5972027839243754,0.6124664176869716,-0.015263633762596207
d3,o_min,m049533_o_min_ord5_rk00019,0.606390349443763,0.6124664176869716,-0.00607606824320861
d3,o_min,m049534_o_min_ord5_rk00020,0.5850247430109974,0.6124664176869716,-0.027441674675974248
d3,o_min,m050515_o_min_ord6_rk00001,0.5932973313256653,0.6124664176869716,-0.01916908636130632
d3,o_min,m050516_o_min_ord6_rk00002,0.5902772901708689,0.6124664176869716,-0.02218912751610269
d3,o_min,m050517_o_min_ord6_rk00003,0.591247757634997,0.6124664176869716,-0.02121866005197459
d3,o_min,m050518_o_min_ord6_rk00004,0.5885452468993683,0.6124664176869716,-0.023921170787603363
d3,o_min,m050519_o_min_ord6_rk00005,0.5842496516855181,0.6124664176869716,-0.028216766001453508
d3,o_min,m050520_o_min_ord6_rk00006,0.5772053650356078,0.6124664176869716,-0.03526105265136381
d3,o_min,m050521_o_min_ord6_rk00007,0.616190923795404,0.6124664176869716,0.003724506108432335
d3,o_min,m050522_o_min_ord6_rk00008,0.5873572185849523,0.6124664176869716,-0.025109199102019364
d3,o_min,m050523_o_min_ord6_rk00009,0.6080744249531722,0.6124664176869716,-0.004391992733799421
d3,o_min,m050524_o_min_ord6_rk00010,0.6030822793668993,0.6124664176869716,-0.009384138320072344
d3,o_min,m050525_o_min_ord6_rk00011,0.5906715421559208,0.6124664176869716,-0.02179487553105086
d3,o_min,m050526_o_min_ord6_rk00012,0.6146924568033505,0.6124664176869716,0.002226039116378864
d3,o_min,m050527_o_min_ord6_rk00013,0.5956179877872603,0.6124664176869716,-0.01684842989971136
d3,o_min,m050528_o_min_ord6_rk00014,0.5947927638130417,0.6124664176869716,-0.01767365387392994
d3,o_min,m050529_o_min_ord6_rk00015,0.589115456591078,0.6124664176869716,-0.02335096109589363
d3,o_min,m050530_o_min_ord6_rk00016,0.5916259135224606,0.6124664176869716,-0.020840504164510998
d3,o_min,m050531_o_min_ord6_rk00017,0.5989085791840523,0.6124664176869716,-0.013557838502919362
d3,o_min,m050532_o_min_ord6_rk00018,0.58712738553623,0.6124664176869716,-0.025339032150741625
d3,o_min,m050533_o_min_ord6_rk00019,0.6005223970443888,0.6124664176869716,-0.01194402064258282
d3,o_min,m050534_o_min_ord6_rk00020,0.6115928474743639,0.6124664176869716,-0.0008735702126076994
d3,o_min,m051515_o_min_ord7_rk00001,0.5889141093664458,0.6124664176869716,-0.023552308320525794
d3,o_min,m051516_o_min_ord7_rk00002,0.5921042634486708,0.6124664176869716,-0.02036215423830079
d3,o_min,m051517_o_min_ord7_rk00003,0.594975070631856,0.6124664176869716,-0.01749134705511568
d3,o_min,m051518_o_min_ord7_rk00004,0.5927820212443675,0.6124664176869716,-0.019684396442604113
d3,o_min,m051519_o_min_ord7_rk00005,0.6100838891030281,0.6124664176869716,-0.0023825285839434995
d3,o_min,m051520_o_min_ord7_rk00006,0.5900714322537981,0.6124664176869716,-0.02239498543317353
d3,o_min,m051521_o_min_ord7_rk00007,0.5858701576493037,0.6124664176869716,-0.026596260037667907
d3,o_min,m051522_o_min_ord7_rk00008,0.5779159639029599,0.6124664176869716,-0.03455045378401178
d3,o_min,m051523_o_min_ord7_rk00009,0.6077466555655942,0.6124664176869716,-0.00471976212137748
d3,o_min,m051524_o_min_ord7_rk00010,0.5862190436185328,0.6124664176869716,-0.0262473740684388
d3,o_min,m051525_o_min_ord7_rk00011,0.5763768566257811,0.6124664176869716,-0.036089561061190545
d3,o_min,m051526_o_min_ord7_rk00012,0.5995813948370753,0.6124664176869716,-0.012885022849896344
d3,o_min,m051527_o_min_ord7_rk00013,0.5839047152304355,0.6124664176869716,-0.02856170245653611
d3,o_min,m051528_o_min_ord7_rk00014,0.5868203488740429,0.6124664176869716,-0.025646068812928746
d3,o_min,m051529_o_min_ord7_rk00015,0.5879333102525852,0.6124664176869716,-0.024533107434386414
d3,o_min,m051530_o_min_ord7_rk00016,0.5886972752730237,0.6124664176869716,-0.023769142413947897
d3,o_min,m051531_o_min_ord7_rk00017,0.5531035135845352,0.6124664176869716,-0.05936290410243639
d3,o_min,m051532_o_min_ord7_rk00018,0.6110136863004519,0.6124664176869716,-0.00145273138651969
d3,o_min,m051533_o_min_ord7_rk00019,0.6175030419227479,0.6124664176869716,0.005036624235776221
d3,o_min,m051534_o_min_ord7_rk00020,0.5959618708184907,0.6124664176869716,-0.016504546868480907
d3,o_min,m052515_o_min_ord8_rk00001,0.5627572961736489,0.6124664176869716,-0.04970912151332274
d3,o_min,m052516_o_min_ord8_rk00002,0.5848413331227043,0.6124664176869716,-0.027625084564267377
d3,o_min,m052517_o_min_ord8_rk00003,0.6132713277089695,0.6124664176869716,0.0008049100219978955
d3,o_min,m052518_o_min_ord8_rk00004,0.5731467967541737,0.6124664176869716,-0.03931962093279795
d3,o_min,m052519_o_min_ord8_rk00005,0.6022151669021492,0.6124664176869716,-0.010251250784822474
d3,o_min,m052520_o_min_ord8_rk00006,0.6176238408845847,0.6124664176869716,0.005157423197613031
d3,o_min,m052521_o_min_ord8_rk00007,0.5870673278131264,0.6124664176869716,-0.025399089873845204
d3,o_min,m052522_o_min_ord8_rk00008,0.6183917993405275,0.6124664176869716,0.005925381653555828
d3,o_min,m052523_o_min_ord8_rk00009,0.5863708725655619,0.6124664176869716,-0.02609554512140977
d3,o_min,m052524_o_min_ord8_rk00010,0.5524624028892273,0.6124664176869716,-0.06000401479774431
d3,o_min,m052525_o_min_ord8_rk00011,0.6005370313052678,0.6124664176869716,-0.011929386381703821
d3,o_min,m052526_o_min_ord8_rk00012,0.579906372412635,0.6124664176869716,-0.032560045274336646
d3,o_min,m052527_o_min_ord8_rk00013,0.571506118930001,0.6124664176869716,-0.0409602987569706
d3,o_min,m052528_o_min_ord8_rk00014,0.6096610708336933,0.6124664176869716,-0.0028053468532783787
d3,o_min,m052529_o_min_ord8_rk00015,0.5883139619603609,0.6124664176869716,-0.024152455726610733
d3,o_min,m052530_o_min_ord8_rk00016,0.5916889668576228,0.6124664176869716,-0.020777450829348787
d3,o_min,m052531_o_min_ord8_rk00017,0.5820900774855347,0.6124664176869716,-0.03037634020143698
d3,o_min,m052532_o_min_ord8_rk00018,0.5816635031766166,0.6124664176869716,-0.030802914510354995
d3,o_min,m052533_o_min_ord8_rk00019,0.5733108154603384,0.6124664176869716,-0.03915560222663328
d3,o_min,m052534_o_min_ord8_rk00020,0.6053522541908278,0.6124664176869716,-0.007114163496143799
d3,o_min,m053515_o_min_ord9_rk00001,0.595979379273589,0.6124664176869716,-0.016487038413382615
d3,o_min,m053516_o_min_ord9_rk00002,0.5949842258204827,0.6124664176869716,-0.017482191866488916
d3,o_min,m053517_o_min_ord9_rk00003,0.6173158660287337,0.6124664176869716,0.0048494483417620415
d3,o_min,m053518_o_min_ord9_rk00004,0.5737838013746319,0.6124664176869716,-0.03868261631233971
d3,o_min,m053519_o_min_ord9_rk00005,0.6127161153576574,0.6124664176869716,0.00024969767068572235
d3,o_min,m053520_o_min_ord9_rk00006,0.5674646567572359,0.6124664176869716,-0.045001760929735735
d3,o_min,m053521_o_min_ord9_rk00007,0.6027912544626857,0.6124664176869716,-0.009675163224285965
d3,o_min,m053522_o_min_ord9_rk00008,0.5989259782501537,0.6124664176869716,-0.01354043943681793
d3,o_min,m053523_o_min_ord9_rk00009,0.6185676293385682,0.6124664176869716,0.006101211651596605
d3,o_min,m053524_o_min_ord9_rk00010,0.602903974897752,0.6124664176869716,-0.009562442789219583
d3,o_min,m053525_o_min_ord9_rk00011,0.5897614477711093,0.6124664176869716,-0.02270496991586235
d3,o_min,m053526_o_min_ord9_rk00012,0.5883837633470431,0.6124664176869716,-0.02408265433992851
d3,o_min,m053527_o_min_ord9_rk00013,0.6079224611335647,0.6124664176869716,-0.0045439565534068915
d3,o_min,m053528_o_min_ord9_rk00014,0.6193499502617328,0.6124664176869716,0.006883532574761153
d3,o_min,m053529_o_min_ord9_rk00015,0.6134189156737977,0.6124664176869716,0.0009524979868260619
d3,o_min,m053530_o_min_ord9_rk00016,0.618471833616143,0.6124664176869716,0.006005415929171365
d3,o_min,m053531_o_min_ord9_rk00017,0.579516756267831,0.6124664176869716,-0.032949661419140686
d3,o_min,m053532_o_min_ord9_rk00018,0.6007169864830445,0.6124664176869716,-0.01174943120392713
d3,o_min,m053533_o_min_ord9_rk00019,0.6055892282771334,0.6124664176869716,-0.00687718940983828
d3,o_min,m053534_o_min_ord9_rk00020,0.61410556745374,0.6124664176869716,0.0016391497667683774
d3,o_min,m054515_o_min_ord10_rk00001,0.5908016690754816,0.6124664176869716,-0.021664748611490037
d3,o_min,m054516_o_min_ord10_rk00002,0.5772510387680632,0.6124664176869716,-0.03521537891890847
d3,o_min,m054517_o_min_ord10_rk00003,0.6160011897192579,0.6124664176869716,0.0035347720322862486
d3,o_min,m054518_o_min_ord10_rk00004,0.601010143080281,0.6124664176869716,-0.01145627460669063
d3,o_min,m054519_o_min_ord10_rk00005,0.6109220655596761,0.6124664176869716,-0.001544352127295534
d3,o_min,m054520_o_min_ord10_rk00006,0.6027383178126564,0.6124664176869716,-0.009728099874315221
d3,o_min,m054521_o_min_ord10_rk00007,0.6230088693158262,0.6124664176869716,0.010542451628854588
d3,o_min,m054522_o_min_ord10_rk00008,0.5939551100024949,0.6124664176869716,-0.01851130768447673
d3,o_min,m054523_o_min_ord10_rk00009,0.622253438492926,0.6124664176869716,0.009787020805954394
d3,o_min,m054524_o_min_ord10_rk00010,0.6198033866911236,0.6124664176869716,0.0073369690041519275
d3,o_min,m054525_o_min_ord10_rk00011,0.6232580363371027,0.6124664176869716,0.010791618650131118
d3,o_min,m054526_o_min_ord10_rk00012,0.5813467650144646,0.6124664176869716,-0.031119652672507048
d3,o_min,m054527_o_min_ord10_rk00013,0.6237767999989391,0.6124664176869716,0.01131038231196746
d3,o_min,m054528_o_min_ord10_rk00014,0.6129626422438317,0.6124664176869716,0.0004962245568600476
d3,o_min,m054529_o_min_ord10_rk00015,0.6055794564070442,0.6124664176869716,-0.006886961279927384
d3,o_min,m054530_o_min_ord10_rk00016,0.601158339488556,0.6124664176869716,-0.011308078198415616
d3,o_min,m054531_o_min_ord10_rk00017,0.6081965088890544,0.6124664176869716,-0.004269908797917221
d3,o_min,m054532_o_min_ord10_rk00018,0.6037849728223685,0.6124664176869716,-0.008681444864603094
d3,o_min,m054533_o_min_ord10_rk00019,0.6206180403617159,0.6124664176869716,0.00815162267474423
d3,o_min,m054534_o_min_ord10_rk00020,0.6046593391541514,0.6124664176869716,-0.007807078532820255
d3,o_min,m055515_o_min_ord11_rk00001,0.5893217262856114,0.6124664176869716,-0.023144691401360218
d3,o_min,m055516_o_min_ord11_rk00002,0.5995864006813573,0.6124664176869716,-0.012880017005614364
d3,o_min,m055517_o_min_ord11_rk00003,0.6145099719317807,0.6124664176869716,0.002043554244809065
d3,o_min,m055518_o_min_ord11_rk00004,0.6181554012048234,0.6124664176869716,0.005688983517851742
d3,o_min,m055519_o_min_ord11_rk00005,0.6075687053690959,0.6124664176869716,-0.004897712317875724
d3,o_min,m055520_o_min_ord11_rk00006,0.6280880855145463,0.6124664176869716,0.015621667827574681
d3,o_min,m055521_o_min_ord11_rk00007,0.596727134206456,0.6124664176869716,-0.015739283480515676
d3,o_min,m055522_o_min_ord11_rk00008,0.5921736662391426,0.6124664176869716,-0.02029275144782905
d3,o_min,m055523_o_min_ord11_rk00009,0.5929729501351433,0.6124664176869716,-0.019493467551828347
d3,o_min,m055524_o_min_ord11_rk00010,0.6058437123832243,0.6124664176869716,-0.006622705303747312
d3,o_min,m055525_o_min_ord11_rk00011,0.6012785372832513,0.6124664176869716,-0.011187880403720318
d3,o_min,m055526_o_min_ord11_rk00012,0.6163907590764784,0.6124664176869716,0.0039243413895068135
d3,o_min,m055527_o_min_ord11_rk00013,0.6195509405352004,0.6124664176869716,0.0070845228482288025
d3,o_min,m055528_o_min_ord11_rk00014,0.5926173306982134,0.6124664176869716,-0.019849086988758202
d3,o_min,m055529_o_min_ord11_rk00015,0.5983459694383826,0.6124664176869716,-0.014120448248589046
d3,o_min,m055530_o_min_ord11_rk00016,0.6179123922521778,0.6124664176869716,0.005445974565206124
d3,o_min,m055531_o_min_ord11_rk00017,0.589007817826225,0.6124664176869716,-0.02345859986074661
d3,o_min,m055532_o_min_ord11_rk00018,0.5901125141608583,0.6124664176869716,-0.022353903526113328
d3,o_min,m055533_o_min_ord11_rk00019,0.5948556853388277,0.6124664176869716,-0.01761073234814392
d3,o_min,m055534_o_min_ord11_rk00020,0.6169247278017671,0.6124664176869716,0.004458310114795472
d3,o_min,m056515_o_min_ord12_rk00001,0.5967165690930801,0.6124664176869716,-0.015749848593891502
d3,o_min,m056516_o_min_ord12_rk00002,0.6149048743788832,0.6124664176869716,0.0024384566919115613
d3,o_min,m056517_o_min_ord12_rk00003,0.5940709062115799,0.6124664176869716,-0.018395511475391757
d3,o_min,m056518_o_min_ord12_rk00004,0.5880748807289947,0.6124664176869716,-0.02439153695797691
d3,o_min,m056519_o_min_ord12_rk00005,0.6068314632069889,0.6124664176869716,-0.005634954479982746
d3,o_min,m056520_o_min_ord12_rk00006,0.592130845130383,0.6124664176869716,-0.020335572556588577
d3,o_min,m056521_o_min_ord12_rk00007,0.5823984935600776,0.6124664176869716,-0.030067924126894074
d3,o_min,m056522_o_min_ord12_rk00008,0.5948871425327984,0.6124664176869716,-0.017579275154173235
d3,o_min,m056523_o_min_ord12_rk00009,0.6083217218821,0.6124664176869716,-0.004144695804871645
d3,o_min,m056524_o_min_ord12_rk00010,0.5908537476300724,0.6124664176869716,-0.021612670056899264
d3,o_min,m056525_o_min_ord12_rk00011,0.5946952657949359,0.6124664176869716,-0.017771151892035708
d3,o_min,m056526_o_min_ord12_rk00012,0.582643179370198,0.6124664176869716,-0.02982323831677358
d3,o_min,m056527_o_min_ord12_rk00013,0.6148432713932684,0.6124664176869716,0.002376853706296811
d3,o_min,m056528_o_min_ord12_rk00014,0.5937187894246062,0.6124664176869716,-0.018747628262365423
d3,o_min,m056529_o_min_ord12_rk00015,0.608767844052952,0.6124664176869716,-0.0036985736340195974
d3,o_min,m056530_o_min_ord12_rk00016,0.5909371996229673,0.6124664176869716,-0.02152921806400432
d3,o_min,m056531_o_min_ord12_rk00017,0.6254702068334466,0.6124664176869716,0.013003789146474931
d3,o_min,m056532_o_min_ord12_rk00018,0.6002677757461979,0.6124664176869716,-0.012198641940773691
d3,o_min,m056533_o_min_ord12_rk00019,0.5961915422525443,0.6124664176869716,-0.016274875434427294
d3,o_min,m056534_o_min_ord12_rk00020,0.6099545484268813,0.6124664176869716,-0.0025118692600902826
d3,o_min,m057515_o_min_ord13_rk00001,0.6007132242515534,0.6124664176869716,-0.011753193435418252
d3,o_min,m057516_o_min_ord13_rk00002,0.5909484002533031,0.6124664176869716,-0.021518017433668546
d3,o_min,m057517_o_min_ord13_rk00003,0.6188141191832722,0.6124664176869716,0.006347701496300595
d3,o_min,m057518_o_min_ord13_rk00004,0.5882035940125099,0.6124664176869716,-0.024262823674461753
d3,o_min,m057519_o_min_ord13_rk00005,0.5927050917882919,0.6124664176869716,-0.019761325898679738
d3,o_min,m057520_o_min_ord13_rk00006,0.5870420658421767,0.6124664176869716,-0.025424351844794968
d3,o_min,m057521_o_min_ord13_rk00007,0.602638237244624,0.6124664176869716,-0.009828180442347678
d3,o_min,m057522_o_min_ord13_rk00008,0.6277175922691527,0.6124664176869716,0.01525117458218106
d3,o_min,m057523_o_min_ord13_rk00009,0.5874216434288321,0.6124664176869716,-0.025044774258139557
d3,o_min,m057524_o_min_ord13_rk00010,0.5917732519193988,0.6124664176869716,-0.020693165767572852
d3,o_min,m057525_o_min_ord13_rk00011,0.5902660734705275,0.6124664176869716,-0.022200344216444123
d3,o_min,m057526_o_min_ord13_rk00012,0.6257185978677211,0.6124664176869716,0.013252180180749473
d3,o_min,m057527_o_min_ord13_rk00013,0.5884192540983919,0.6124664176869716,-0.024047163588579723
d3,o_min,m057528_o_min_ord13_rk00014,0.5979181002340876,0.6124664176869716,-0.014548317452883985
d3,o_min,m057529_o_min_ord13_rk00015,0.6066721138391148,0.6124664176869716,-0.005794303847856841
d3,o_min,m057530_o_min_ord13_rk00016,0.5858379604170667,0.6124664176869716,-0.026628457269904926
d3,o_min,m057531_o_min_ord13_rk00017,0.620637555480773,0.6124664176869716,0.008171137793801408
d3,o_min,m057532_o_min_ord13_rk00018,0.5955043662686583,0.6124664176869716,-0.016962051418313306
d3,o_min,m057533_o_min_ord13_rk00019,0.6216550100801432,0.6124664176869716,0.009188592393171602
d3,o_min,m057534_o_min_ord13_rk00020,0.6234575924737491,0.6124664176869716,0.010991174786777469
d3,o_min,m058515_o_min_ord14_rk00001,0.5909602659433809,0.6124664176869716,-0.021506151743590718
d3,o_min,m058516_o_min_ord14_rk00002,0.602219788423041,0.6124664176869716,-0.010246629263930607
d3,o_min,m058517_o_min_ord14_rk00003,0.5930223703866275,0.6124664176869716,-0.019444047300344103
d3,o_min,m058518_o_min_ord14_rk00004,0.6029009094740442,0.6124664176869716,-0.009565508212927454
d3,o_min,m058519_o_min_ord14_rk00005,0.5979978226007719,0.6124664176869716,-0.014468595086199687
d3,o_min,m058520_o_min_ord14_rk00006,0.6123726556499947,0.6124664176869716,-9.376203697697427e-05
d3,o_min,m058521_o_min_ord14_rk00007,0.6170609521555542,0.6124664176869716,0.004594534468582601
d3,o_min,m058522_o_min_ord14_rk00008,0.5926575024695245,0.6124664176869716,-0.0198089152174471
d3,o_min,m058523_o_min_ord14_rk00009,0.6050539698632238,0.6124664176869716,-0.007412447823747836
d3,o_min,m058524_o_min_ord14_rk00010,0.6162371434379883,0.6124664176869716,0.003770725751016668
d3,o_min,m058525_o_min_ord14_rk00011,0.6074726129296715,0.6124664176869716,-0.004993804757300158
d3,o_min,m058526_o_min_ord14_rk00012,0.6006469807701985,0.6124664176869716,-0.011819436916773118
d3,o_min,m058527_o_min_ord14_rk00013,0.6178040919101575,0.6124664176869716,0.005337674223185873
d3,o_min,m058528_o_min_ord14_rk00014,0.6234415532596775,0.6124664176869716,0.010975135572705907
d3,o_min,m058529_o_min_ord14_rk00015,0.5993464346426585,0.6124664176869716,-0.013119983044313166
d3,o_min,m058530_o_min_ord14_rk00016,0.610546343811478,0.6124664176869716,-0.0019200738754936442
d3,o_min,m058531_o_min_ord14_rk00017,0.5922124229162591,0.6124664176869716,-0.020253994770712547
d3,o_min,m058532_o_min_ord14_rk00018,0.6136587378322452,0.6124664176869716,0.0011923201452735954
d3,o_min,m058533_o_min_ord14_rk00019,0.602404356004101,0.6124664176869716,-0.010062061682870604
d3,o_min,m058534_o_min_ord14_rk00020,0.6121474170027753,0.6124664176869716,-0.00031900068419632444
d3,o_min,m059515_o_min_ord15_rk00001,0.5701476831772148,0.6124664176869716,-0.04231873450975687
d3,o_min,m059516_o_min_ord15_rk00002,0.6140387397397853,0.6124664176869716,0.0015723220528136572
d3,o_min,m059517_o_min_ord15_rk00003,0.5781357203895157,0.6124664176869716,-0.03433069729745597
d3,o_min,m059518_o_min_ord15_rk00004,0.6142328771946298,0.6124664176869716,0.0017664595076581913
d3,o_min,m059519_o_min_ord15_rk00005,0.5688135335309679,0.6124664176869716,-0.04365288415600377
d3,o_min,m059520_o_min_ord15_rk00006,0.5770063620475537,0.6124664176869716,-0.0354600556394179
d3,o_min,m059521_o_min_ord15_rk00007,0.60603174228699,0.6124664176869716,-0.00643467539998166
d3,o_min,m059522_o_min_ord15_rk00008,0.6131065747966649,0.6124664176869716,0.000640157109693229
d3,o_min,m059523_o_min_ord15_rk00009,0.6176618380779,0.6124664176869716,0.005195420390928351
d3,o_min,m059524_o_min_ord15_rk00010,0.5829511089436553,0.6124664176869716,-0.029515308743316315
d3,o_min,m059525_o_min_ord15_rk00011,0.5950055915555007,0.6124664176869716,-0.01746082613147093
d3,o_min,m059526_o_min_ord15_rk00012,0.6079590988084167,0.6124664176869716,-0.004507318878554933
d3,o_min,m059527_o_min_ord15_rk00013,0.6113144339215268,0.6124664176869716,-0.0011519837654447862
d3,o_min,m059528_o_min_ord15_rk00014,0.6088944955620166,0.6124664176869716,-0.0035719221249550515
d3,o_min,m059529_o_min_ord15_rk00015,0.5822941286721575,0.6124664176869716,-0.03017228901481417
d3,o_min,m059530_o_min_ord15_rk00016,0.5891211655644168,0.6124664176869716,-0.023345252122554783
d3,o_min,m059531_o_min_ord15_rk00017,0.5747627012222256,0.6124664176869716,-0.03770371646474602
d3,o_min,m059532_o_min_ord15_rk00018,0.6051580525902955,0.6124664176869716,-0.007308365096676095
d3,o_min,m059533_o_min_ord15_rk00019,0.5685548592585448,0.6124664176869716,-0.04391155842842687
d3,o_min,m059534_o_min_ord15_rk00020,0.606259106697606,0.6124664176869716,-0.006207310989365666
d3,o_min,m060515_o_min_ord16_rk00001,0.6143072112174949,0.6124664176869716,0.0018407935305232437
d3,o_min,m060516_o_min_ord16_rk00002,0.6111191829312549,0.6124664176869716,-0.001347234755716742
d3,o_min,m060517_o_min_ord16_rk00003,0.6065163781832306,0.6124664176869716,-0.005950039503741067
d3,o_min,m060518_o_min_ord16_rk00004,0.6136378885445288,0.6124664176869716,0.0011714708575571997
d3,o_min,m060519_o_min_ord16_rk00005,0.5942519758259175,0.6124664176869716,-0.018214441861054143
d3,o_min,m060520_o_min_ord16_rk00006,0.5806548916883818,0.6124664176869716,-0.03181152599858983
d3,o_min,m060521_o_min_ord16_rk00007,0.6022491586403753,0.6124664176869716,-0.010217259046596316
d3,o_min,m060522_o_min_ord16_rk00008,0.6020931684680204,0.6124664176869716,-0.01037324921895122
d3,o_min,m060523_o_min_ord16_rk00009,0.5905271139284176,0.6124664176869716,-0.02193930375855402
d3,o_min,m060524_o_min_ord16_rk00010,0.602828975657487,0.6124664176869716,-0.009637442029484578
d3,o_min,m060525_o_min_ord16_rk00011,0.5971137373352359,0.6124664176869716,-0.015352680351735759
d3,o_min,m060526_o_min_ord16_rk00012,0.5907961829960526,0.6124664176869716,-0.021670234690919
d3,o_min,m060527_o_min_ord16_rk00013,0.6076905452463832,0.6124664176869716,-0.004775872440588413
d3,o_min,m060528_o_min_ord16_rk00014,0.5791406354064206,0.6124664176869716,-0.03332578228055105
d3,o_min,m060529_o_min_ord16_rk00015,0.6019424325815663,0.6124664176869716,-0.010523985105405309
d3,o_min,m060530_o_min_ord16_rk00016,0.6072249306727691,0.6124664176869716,-0.005241487014202573
d3,o_min,m060531_o_min_ord16_rk00017,0.6071312872229926,0.6124664176869716,-0.005335130463979043
d3,o_min,m060532_o_min_ord16_rk00018,0.5910580653651265,0.6124664176869716,-0.021408352321845125
d3,o_min,m060533_o_min_ord16_rk00019,0.5852417811626354,0.6124664176869716,-0.027224636524336265
d3,o_min,m060534_o_min_ord16_rk00020,0.5944755376080866,0.6124664176869716,-0.017990880078885052
d3,o_min,m061515_o_min_ord17_rk00001,0.6112487851176707,0.6124664176869716,-0.0012176325693009638
d3,o_min,m061516_o_min_ord17_rk00002,0.6047172924306792,0.6124664176869716,-0.007749125256292455
d3,o_min,m061517_o_min_ord17_rk00003,0.6131082790291029,0.6124664176869716,0.0006418613421312891
d3,o_min,m061518_o_min_ord17_rk00004,0.6128470433192621,0.6124664176869716,0.00038062563229046553
d3,o_min,m061519_o_min_ord17_rk00005,0.6069174401260595,0.6124664176869716,-0.005548977560912105
d3,o_min,m061520_o_min_ord17_rk00006,0.5962220504153033,0.6124664176869716,-0.016244367271668336
d3,o_min,m061521_o_min_ord17_rk00007,0.5925840461185774,0.6124664176869716,-0.01988237156839423
d3,o_min,m061522_o_min_ord17_rk00008,0.6108915197804148,0.6124664176869716,-0.0015748979065568491
d3,o_min,m061523_o_min_ord17_rk00009,0.6017453233753005,0.6124664176869716,-0.01072109431167112
d3,o_min,m061524_o_min_ord17_rk00010,0.6003721158237243,0.6124664176869716,-0.012094301863247336
d3,o_min,m061525_o_min_ord17_rk00011,0.5896500418295009,0.6124664176869716,-0.02281637585747076
d3,o_min,m061526_o_min_ord17_rk00012,0.611782127274447,0.6124664176869716,-0.0006842904125246019
d3,o_min,m061527_o_min_ord17_rk00013,0.6135693963584266,0.6124664176869716,0.001102978671454924
d3,o_min,m061528_o_min_ord17_rk00014,0.6148404270247394,0.6124664176869716,0.0023740093377677685
d3,o_min,m061529_o_min_ord17_rk00015,0.5987240082193223,0.6124664176869716,-0.013742409467649375
d3,o_min,m061530_o_min_ord17_rk00016,0.6017195738449057,0.6124664176869716,-0.010746843842065923
d3,o_min,m061531_o_min_ord17_rk00017,0.6090308789511933,0.6124664176869716,-0.0034355387357782874
d3,o_min,m061532_o_min_ord17_rk00018,0.6044702149956791,0.6124664176869716,-0.007996202691292531
d3,o_min,m061533_o_min_ord17_rk00019,0.5920470218032721,0.6124664176869716,-0.020419395883699565
d3,o_min,m061534_o_min_ord17_rk00020,0.6113048388774767,0.6124664176869716,-0.0011615788094949675
d3,o_min,m062515_o_min_ord18_rk00001,0.5809252698397068,0.6124664176869716,-0.031541147847264805
d3,o_min,m062516_o_min_ord18_rk00002,0.6134139889678176,0.6124664176869716,0.0009475712808459935
d3,o_min,m062517_o_min_ord18_rk00003,0.6179313999840886,0.6124664176869716,0.005464982297117005
d3,o_min,m062518_o_min_ord18_rk00004,0.6007665165287264,0.6124664176869716,-0.011699901158245263
d3,o_min,m062519_o_min_ord18_rk00005,0.6217914231654443,0.6124664176869716,0.009325005478472703
d3,o_min,m062520_o_min_ord18_rk00006,0.6209168176370239,0.6124664176869716,0.008450399950052256
d3,o_min,m062521_o_min_ord18_rk00007,0.6053877497356576,0.6124664176869716,-0.007078667951314066
d3,o_min,m062522_o_min_ord18_rk00008,0.6071224622841531,0.6124664176869716,-0.005343955402818512
d3,o_min,m062523_o_min_ord18_rk00009,0.6178897254679083,0.6124664176869716,0.0054233077809366925
d3,o_min,m062524_o_min_ord18_rk00010,0.6125724481469716,0.6124664176869716,0.00010603046000001726
d3,o_min,m062525_o_min_ord18_rk00011,0.6004166109622746,0.6124664176869716,-0.01204980672469702
d3,o_min,m062526_o_min_ord18_rk00012,0.6078928764614481,0.6124664176869716,-0.004573541225523559
d3,o_min,m062527_o_min_ord18_rk00013,0.6205365999423264,0.6124664176869716,0.008070182255354719
d3,o_min,m062528_o_min_ord18_rk00014,0.5980538550323051,0.6124664176869716,-0.014412562654666505
d3,o_min,m062529_o_min_ord18_rk00015,0.5886613304648336,0.6124664176869716,-0.023805087222138033
d3,o_min,m062530_o_min_ord18_rk00016,0.5960879917399492,0.6124664176869716,-0.016378425947022435
d3,o_min,m062531_o_min_ord18_rk00017,0.586803228803229,0.6124664176869716,-0.025663188883742638
d3,o_min,m062532_o_min_ord18_rk00018,0.5843721472013957,0.6124664176869716,-0.02809427048557589
d3,o_min,m062533_o_min_ord18_rk00019,0.6032365672348191,0.6124664176869716,-0.009229850452152522
d3,o_min,m062534_o_min_ord18_rk00020,0.6143225165720521,0.6124664176869716,0.001856098885080426
d3,o_min,m063515_o_min_ord19_rk00001,0.6029642057318292,0.6124664176869716,-0.009502211955142448
d3,o_min,m063516_o_min_ord19_rk00002,0.5825591797863354,0.6124664176869716,-0.029907237900636208
d3,o_min,m063517_o_min_ord19_rk00003,0.5525354481637463,0.6124664176869716,-0.0599309695232253
d3,o_min,m063518_o_min_ord19_rk00004,0.585371283413707,0.6124664176869716,-0.0270951342732646
d3,o_min,m063519_o_min_ord19_rk00005,0.6002654431005826,0.6124664176869716,-0.012200974586389024
d3,o_min,m063520_o_min_ord19_rk00006,0.602004680252014,0.6124664176869716,-0.010461737434957596
d3,o_min,m063521_o_min_ord19_rk00007,0.601750837943702,0.6124664176869716,-0.010715579743269643
d3,o_min,m063522_o_min_ord19_rk00008,0.5982747683600196,0.6124664176869716,-0.01419164932695205
d3,o_min,m063523_o_min_ord19_rk00009,0.6044260764255575,0.6124664176869716,-0.008040341261414174
d3,o_min,m063524_o_min_ord19_rk00010,0.6092510865960317,0.6124664176869716,-0.0032153310909399657
d3,o_min,m063525_o_min_ord19_rk00011,0.5956830696518791,0.6124664176869716,-0.016783348035092516
d3,o_min,m063526_o_min_ord19_rk00012,0.6086881480316906,0.6124664176869716,-0.0037782696552810524
d3,o_min,m063527_o_min_ord19_rk00013,0.5969349529006319,0.6124664176869716,-0.01553146478633971
d3,o_min,m063528_o_min_ord19_rk00014,0.5988285918266224,0.6124664176869716,-0.013637825860349229
d3,o_min,m063529_o_min_ord19_rk00015,0.5948818898923643,0.6124664176869716,-0.017584527794607285
d3,o_min,m063530_o_min_ord19_rk00016,0.5881205965528603,0.6124664176869716,-0.024345821134111323
d3,o_min,m063531_o_min_ord19_rk00017,0.5887055731747246,0.6124664176869716,-0.023760844512247026
d3,o_min,m063532_o_min_ord19_rk00018,0.5927462535061021,0.6124664176869716,-0.019720164180869526
d3,o_min,m063533_o_min_ord19_rk00019,0.5996459116578166,0.6124664176869716,-0.012820506029155077
d3,o_min,m063534_o_min_ord19_rk00020,0.6202264249615906,0.6124664176869716,0.007760007274619007
d3,o_min,m064515_o_min_ord20_rk00001,0.617276616762769,0.6124664176869716,0.004810199075797383
d3,o_min,m064516_o_min_ord20_rk00002,0.5995713018868286,0.6124664176869716,-0.01289511580014302
d3,o_min,m064517_o_min_ord20_rk00003,0.6182832886295362,0.6124664176869716,0.005816870942564556
d3,o_min,m064518_o_min_ord20_rk00004,0.5963128128124577,0.6124664176869716,-0.016153604874513894
d3,o_min,m064519_o_min_ord20_rk00005,0.6071546361148551,0.6124664176869716,-0.005311781572116536
d3,o_min,m064520_o_min_ord20_rk00006,0.6002754581638452,0.6124664176869716,-0.012190959523126432
d3,o_min,m064521_o_min_ord20_rk00007,0.5976197729100897,0.6124664176869716,-0.014846644776881912
d3,o_min,m064522_o_min_ord20_rk00008,0.6036280629230475,0.6124664176869716,-0.008838354763924139
d3,o_min,m064523_o_min_ord20_rk00009,0.5949783148769312,0.6124664176869716,-0.01748810281004043
d3,o_min,m064524_o_min_ord20_rk00010,0.6164334525531993,0.6124664176869716,0.003967034866227626
d3,o_min,m064525_o_min_ord20_rk00011,0.6114841081292084,0.6124664176869716,-0.000982309557763239
d3,o_min,m064526_o_min_ord20_rk00012,0.5993255611731905,0.6124664176869716,-0.013140856513781163
d3,o_min,m064527_o_min_ord20_rk00013,0.6168070214783397,0.6124664176869716,0.004340603791368025
d3,o_min,m064528_o_min_ord20_rk00014,0.5966732677057648,0.6124664176869716,-0.015793149981206844
d3,o_min,m064529_o_min_ord20_rk00015,0.625261359501232,0.6124664176869716,0.01279494181426033
d3,o_min,m064530_o_min_ord20_rk00016,0.6156004521006142,0.6124664176869716,0.0031340344136425724
d3,o_min,m064531_o_min_ord20_rk00017,0.6015342055736825,0.6124664176869716,-0.010932212113289097
d3,o_min,m064532_o_min_ord20_rk00018,0.6233067876175316,0.6124664176869716,0.010840369930559923
d3,o_min,m064533_o_min_ord20_rk00019,0.6102503736851386,0.6124664176869716,-0.002216044001833062
d3,o_min,m064534_o_min_ord20_rk00020,0.6216025844362296,0.6124664176869716,0.00913616674925799
d3,o_min,m065515_o_min_ord21_rk00001,0.6053761799916078,0.6124664176869716,-0.007090237695363877
d3,o_min,m065516_o_min_ord21_rk00002,0.6007577034114536,0.6124664176869716,-0.011708714275518006
d3,o_min,m065517_o_min_ord21_rk00003,0.6075757792132593,0.6124664176869716,-0.004890638473712294
d3,o_min,m065518_o_min_ord21_rk00004,0.5978184294921614,0.6124664176869716,-0.01464798819481028
d3,o_min,m065519_o_min_ord21_rk00005,0.597763998768033,0.6124664176869716,-0.014702418918938642
d3,o_min,m065520_o_min_ord21_rk00006,0.6062893798686941,0.6124664176869716,-0.006177037818277498
d3,o_min,m065521_o_min_ord21_rk00007,0.5949084579138414,0.6124664176869716,-0.01755795977313024
d3,o_min,m065522_o_min_ord21_rk00008,0.5963329284674231,0.6124664176869716,-0.01613348921954849
d3,o_min,m065523_o_min_ord21_rk00009,0.5953252217916811,0.6124664176869716,-0.017141195895290506
d3,o_min,m065524_o_min_ord21_rk00010,0.597267837615366,0.6124664176869716,-0.015198580071605683
d3,o_min,m065525_o_min_ord21_rk00011,0.5967504364291839,0.6124664176869716,-0.015715981257787726
d3,o_min,m065526_o_min_ord21_rk00012,0.5861343933303562,0.6124664176869716,-0.026332024356615413
d3,o_min,m065527_o_min_ord21_rk00013,0.6015879273851534,0.6124664176869716,-0.0108784903018182
d3,o_min,m065528_o_min_ord21_rk00014,0.6051497986644481,0.6124664176869716,-0.007316619022523563
d3,o_min,m065529_o_min_ord21_rk00015,0.6132477238840524,0.6124664176869716,0.0007813061970807222
d3,o_min,m065530_o_min_ord21_rk00016,0.5933904283786415,0.6124664176869716,-0.0190759893083301
d3,o_min,m065531_o_min_ord21_rk00017,0.6094028380543035,0.6124664176869716,-0.003063579632668123
d3,o_min,m065532_o_min_ord21_rk00018,0.5920558637103093,0.6124664176869716,-0.02041055397666236
d3,o_min,m065533_o_min_ord21_rk00019,0.6000799951179938,0.6124664176869716,-0.012386422568977817
d3,o_min,m065534_o_min_ord21_rk00020,0.5935857630899495,0.6124664176869716,-0.01888065459702215
d3,o_min,m066515_o_min_ord22_rk00001,0.6072146874868264,0.6124664176869716,-0.005251730200145244
d3,o_min,m066516_o_min_ord22_rk00002,0.5979022577799469,0.6124664176869716,-0.014564159907024754
d3,o_min,m066517_o_min_ord22_rk00003,0.6126627889337419,0.6124664176869716,0.00019637124677029938
d3,o_min,m066518_o_min_ord22_rk00004,0.6009619983149125,0.6124664176869716,-0.01150441937205915
d3,o_min,m066519_o_min_ord22_rk00005,0.6153834597656913,0.6124664176869716,0.0029170420787196782
d3,o_min,m066520_o_min_ord22_rk00006,0.5920807750344479,0.6124664176869716,-0.02038564265252374
d3,o_min,m066521_o_min_ord22_rk00007,0.6102561509632873,0.6124664176869716,-0.0022102667236842954
d3,o_min,m066522_o_min_ord22_rk00008,0.6038194577449327,0.6124664176869716,-0.008646959942038901
d3,o_min,m066523_o_min_ord22_rk00009,0.595454616600848,0.6124664176869716,-0.017011801086123657
d3,o_min,m066524_o_min_ord22_rk00010,0.6015680991298289,0.6124664176869716,-0.010898318557142739
d3,o_min,m066525_o_min_ord22_rk00011,0.5974130519737416,0.6124664176869716,-0.015053365713230016
d3,o_min,m066526_o_min_ord22_rk00012,0.6007778263429757,0.6124664176869716,-0.011688591343995913
d3,o_min,m066527_o_min_ord22_rk00013,0.5974636090577139,0.6124664176869716,-0.015002808629257736
d3,o_min,m066528_o_min_ord22_rk00014,0.596467370553856,0.6124664176869716,-0.015999047133115618
d3,o_min,m066529_o_min_ord22_rk00015,0.593159195501888,0.6124664176869716,-0.019307222185083628
d3,o_min,m066530_o_min_ord22_rk00016,0.6004457662215936,0.6124664176869716,-0.012020651465378007
d3,o_min,m066531_o_min_ord22_rk00017,0.6126670155644414,0.6124664176869716,0.00020059787746973257
d3,o_min,m066532_o_min_ord22_rk00018,0.6076605343585029,0.6124664176869716,-0.004805883328468763
d3,o_min,m066533_o_min_ord22_rk00019,0.5915906715331598,0.6124664176869716,-0.020875746153811825
d3,o_min,m066534_o_min_ord22_rk00020,0.5967951574974106,0.6124664176869716,-0.015671260189560998
d3,o_min,m067515_o_min_ord23_rk00001,0.5907957855921687,0.6124664176869716,-0.02167063209480291
d3,o_min,m067516_o_min_ord23_rk00002,0.6018112646360247,0.6124664176869716,-0.010655153050946886
d3,o_min,m067517_o_min_ord23_rk00003,0.6010429520170322,0.6124664176869716,-0.011423465669939459
d3,o_min,m067518_o_min_ord23_rk00004,0.5887526714093914,0.6124664176869716,-0.023713746277580272
d3,o_min,m067519_o_min_ord23_rk00005,0.5934269153926963,0.6124664176869716,-0.019039502294275312
d3,o_min,m067520_o_min_ord23_rk00006,0.6050327584723711,0.6124664176869716,-0.007433659214600485
d3,o_min,m067521_o_min_ord23_rk00007,0.5901788706971258,0.6124664176869716,-0.022287546989845808
d3,o_min,m067522_o_min_ord23_rk00008,0.5873812700339581,0.6124664176869716,-0.025085147653013506
d3,o_min,m067523_o_min_ord23_rk00009,0.5868653150961083,0.6124664176869716,-0.025601102590863345
d3,o_min,m067524_o_min_ord23_rk00010,0.6024597248227971,0.6124664176869716,-0.010006692864174549
d3,o_min,m067525_o_min_ord23_rk00011,0.5795729425484122,0.6124664176869716,-0.03289347513855945
d3,o_min,m067526_o_min_ord23_rk00012,0.583784761514871,0.6124664176869716,-0.02868165617210061
d3,o_min,m067527_o_min_ord23_rk00013,0.5828986775424203,0.6124664176869716,-0.029567740144551324
d3,o_min,m067528_o_min_ord23_rk00014,0.5961330889579504,0.6124664176869716,-0.016333328729021268
d3,o_min,m067529_o_min_ord23_rk00015,0.5877536920692763,0.6124664176869716,-0.02471272561769533
d3,o_min,m067530_o_min_ord23_rk00016,0.5922998144724285,0.6124664176869716,-0.02016660321454311
d3,o_min,m067531_o_min_ord23_rk00017,0.5939007883739025,0.6124664176869716,-0.018565629313069154
d3,o_min,m067532_o_min_ord23_rk00018,0.5876183061573181,0.6124664176869716,-0.024848111529653494
d3,o_min,m067533_o_min_ord23_rk00019,0.5949937918784642,0.6124664176869716,-0.01747262580850739
d3,o_min,m067534_o_min_ord23_rk00020,0.5984660669010778,0.6124664176869716,-0.01400035078589379
d3,o_min,m068515_o_min_ord24_rk00001,0.5993268651034165,0.6124664176869716,-0.013139552583555147
d3,o_min,m068516_o_min_ord24_rk00002,0.6072270064639443,0.6124664176869716,-0.0052394112230272905
d3,o_min,m068517_o_min_ord24_rk00003,0.6005922015753171,0.6124664176869716,-0.011874216111654512
d3,o_min,m068518_o_min_ord24_rk00004,0.6020655194640243,0.6124664176869716,-0.010400898222947319
d3,o_min,m068519_o_min_ord24_rk00005,0.6077285962191055,0.6124664176869716,-0.004737821467866166
d3,o_min,m068520_o_min_ord24_rk00006,0.5978787313952263,0.6124664176869716,-0.014587686291745339
d3,o_min,m068521_o_min_ord24_rk00007,0.6013411562338693,0.6124664176869716,-0.01112526145310233
d3,o_min,m068522_o_min_ord24_rk00008,0.5960440434782548,0.6124664176869716,-0.01642237420871684
d3,o_min,m068523_o_min_ord24_rk00009,0.6098551800395207,0.6124664176869716,-0.00261123764745097
d3,o_min,m068524_o_min_ord24_rk00010,0.6071008814532696,0.6124664176869716,-0.005365536233702062
d3,o_min,m068525_o_min_ord24_rk00011,0.6052642995743875,0.6124664176869716,-0.007202118112584088
d3,o_min,m068526_o_min_ord24_rk00012,0.6040933194000468,0.6124664176869716,-0.008373098286924785
d3,o_min,m068527_o_min_ord24_rk00013,0.6070816029014059,0.6124664176869716,-0.005384814785565739
d3,o_min,m068528_o_min_ord24_rk00014,0.6032400122518191,0.6124664176869716,-0.009226405435152518
d3,o_min,m068529_o_min_ord24_rk00015,0.593782786416488,0.6124664176869716,-0.01868363127048367
d3,o_min,m068530_o_min_ord24_rk00016,0.5902899560043131,0.6124664176869716,-0.02217646168265852
d3,o_min,m068531_o_min_ord24_rk00017,0.602274364882071,0.6124664176869716,-0.010192052804900653
d3,o_min,m068532_o_min_ord24_rk00018,0.6040479604293708,0.6124664176869716,-0.00841845725760082
d3,o_min,m068533_o_min_ord24_rk00019,0.6000177855752208,0.6124664176869716,-0.012448632111750846
d3,o_min,m068534_o_min_ord24_rk00020,0.6061661204712588,0.6124664176869716,-0.006300297215712791
d3,o_min,m069515_o_min_ord25_rk00001,0.5987910837138923,0.6124664176869716,-0.013675333973079296
d3,o_min,m069516_o_min_ord25_rk00002,0.5961185186918377,0.6124664176869716,-0.01634789899513389
d3,o_min,m069517_o_min_ord25_rk00003,0.5950353654348268,0.6124664176869716,-0.017431052252144807
d3,o_min,m069518_o_min_ord25_rk00004,0.5912453455616669,0.6124664176869716,-0.021221072125304774
d3,o_min,m069519_o_min_ord25_rk00005,0.5993572570685375,0.6124664176869716,-0.013109160618434146
d3,o_min,m069520_o_min_ord25_rk00006,0.6015842717669808,0.6124664176869716,-0.010882145919990815
d3,o_min,m069521_o_min_ord25_rk00007,0.5964734288394966,0.6124664176869716,-0.01599298884747502
d3,o_min,m069522_o_min_ord25_rk00008,0.6001673111553478,0.6124664176869716,-0.012299106531623805
d3,o_min,m069523_o_min_ord25_rk00009,0.5921506508702381,0.6124664176869716,-0.020315766816733527
d3,o_min,m069524_o_min_ord25_rk00010,0.5975967125878534,0.6124664176869716,-0.014869705099118224
d3,o_min,m069525_o_min_ord25_rk00011,0.5908089399597645,0.6124664176869716,-0.021657477727207164
d3,o_min,m069526_o_min_ord25_rk00012,0.5926544080778393,0.6124664176869716,-0.01981200960913232
d3,o_min,m069527_o_min_ord25_rk00013,0.5923597769578643,0.6124664176869716,-0.020106640729107284
d3,o_min,m069528_o_min_ord25_rk00014,0.6060166830457959,0.6124664176869716,-0.006449734641175708
d3,o_min,m069529_o_min_ord25_rk00015,0.5962459471105699,0.6124664176869716,-0.016220470576401746
d3,o_min,m069530_o_min_ord25_rk00016,0.6029103186712691,0.6124664176869716,-0.009556099015702535
d3,o_min,m069531_o_min_ord25_rk00017,0.5976732533236986,0.6124664176869716,-0.014793164363273048
d3,o_min,m069532_o_min_ord25_rk00018,0.596599271900894,0.6124664176869716,-0.01586714578607762
d3,o_min,m069533_o_min_ord25_rk00019,0.597960999308485,0.6124664176869716,-0.014505418378486623
d3,o_min,m069534_o_min_ord25_rk00020,0.5924427598193477,0.6124664176869716,-0.020023657867623945
d3,o_min,m070515_o_min_ord26_rk00001,0.5916220149460842,0.6124664176869716,-0.02084440274088739
d3,o_min,m070516_o_min_ord26_rk00002,0.592266633757218,0.6124664176869716,-0.020199783929753634
d3,o_min,m070517_o_min_ord26_rk00003,0.5977159735953543,0.6124664176869716,-0.014750444091617299
d3,o_min,m070518_o_min_ord26_rk00004,0.599688952038489,0.6124664176869716,-0.012777465648482589
d3,o_min,m070519_o_min_ord26_rk00005,0.5952091783254594,0.6124664176869716,-0.017257239361512244
d3,o_min,m070520_o_min_ord26_rk00006,0.6026208713861804,0.6124664176869716,-0.009845546300791264
d3,o_min,m070521_o_min_ord26_rk00007,0.5989682058562412,0.6124664176869716,-0.013498211830730411
d3,o_min,m070522_o_min_ord26_rk00008,0.5917654303836428,0.6124664176869716,-0.02070098730332881
d3,o_min,m070523_o_min_ord26_rk00009,0.6017626155215425,0.6124664176869716,-0.0107038021654291
d3,o_min,m070524_o_min_ord26_rk00010,0.6054047430847118,0.6124664176869716,-0.007061674602259815
d3,o_min,m070525_o_min_ord26_rk00011,0.5976957623897462,0.6124664176869716,-0.014770655297225432
d3,o_min,m070526_o_min_ord26_rk00012,0.5882763277614065,0.6124664176869716,-0.02419008992556515
d3,o_min,m070527_o_min_ord26_rk00013,0.5914650949925213,0.6124664176869716,-0.02100132269445032
d3,o_min,m070528_o_min_ord26_rk00014,0.599860183396508,0.6124664176869716,-0.012606234290463592
d3,o_min,m070529_o_min_ord26_rk00015,0.599336146285096,0.6124664176869716,-0.013130271401875615
d3,o_min,m070530_o_min_ord26_rk00016,0.5922626503724131,0.6124664176869716,-0.02020376731455853
d3,o_min,m070531_o_min_ord26_rk00017,0.5939943982105236,0.6124664176869716,-0.018472019476448054
d3,o_min,m070532_o_min_ord26_rk00018,0.5965221531967506,0.6124664176869716,-0.015944264490221016
d3,o_min,m070533_o_min_ord26_rk00019,0.6007988480331488,0.6124664176869716,-0.011667569653822873
d3,o_min,m070534_o_min_ord26_rk00020,0.5880667926328959,0.6124664176869716,-0.02439962505407578
d3,o_min,m071515_o_min_ord27_rk00001,0.6116626562534291,0.6124664176869716,-0.0008037614335425491
d3,o_min,m071516_o_min_ord27_rk00002,0.6010213518376444,0.6124664176869716,-0.011445065849327252
d3,o_min,m071517_o_min_ord27_rk00003,0.6042766477956887,0.6124664176869716,-0.00818976989128295
d3,o_min,m071518_o_min_ord27_rk00004,0.6063096122427365,0.6124664176869716,-0.006156805444235136
d3,o_min,m071519_o_min_ord27_rk00005,0.605129266776161,0.6124664176869716,-0.007337150910810664
d3,o_min,m071520_o_min_ord27_rk00006,0.6011625082443752,0.6124664176869716,-0.011303909442596405
d3,o_min,m071521_o_min_ord27_rk00007,0.5833450705705265,0.6124664176869716,-0.029121347116445095
d3,o_min,m071522_o_min_ord27_rk00008,0.5994423683669781,0.6124664176869716,-0.01302404931999357
d3,o_min,m071523_o_min_ord27_rk00009,0.6064130019252978,0.6124664176869716,-0.0060534157616738415
d3,o_min,m071524_o_min_ord27_rk00010,0.5980829891198433,0.6124664176869716,-0.014383428567128376
d3,o_min,m071525_o_min_ord27_rk00011,0.6022752272121301,0.6124664176869716,-0.010191190474841516
d3,o_min,m071526_o_min_ord27_rk00012,0.608296729080985,0.6124664176869716,-0.0041696886059866545
d3,o_min,m071527_o_min_ord27_rk00013,0.6097943259936884,0.6124664176869716,-0.002672091693283196
d3,o_min,m071528_o_min_ord27_rk00014,0.60652342565406,0.6124664176869716,-0.005942992032911598
d3,o_min,m071529_o_min_ord27_rk00015,0.5970691580271159,0.6124664176869716,-0.015397259659855722
d3,o_min,m071530_o_min_ord27_rk00016,0.601756886402622,0.6124664176869716,-0.010709531284349594
d3,o_min,m071531_o_min_ord27_rk00017,0.6018245903055741,0.6124664176869716,-0.010641827381397517
d3,o_min,m071532_o_min_ord27_rk00018,0.6138146291877269,0.6124664176869716,0.0013482115007552586
d3,o_min,m071533_o_min_ord27_rk00019,0.6016640203670371,0.6124664176869716,-0.010802397319934487
d3,o_min,m071534_o_min_ord27_rk00020,0.6012719777207851,0.6124664176869716,-0.01119443996618652
d3,o_min,m072515_o_min_ord28_rk00001,0.569638961860093,0.6124664176869716,-0.042827455826878635
d3,o_min,m072516_o_min_ord28_rk00002,0.5813379968151628,0.6124664176869716,-0.031128420871808782
d3,o_min,m072517_o_min_ord28_rk00003,0.5845183654924836,0.6124664176869716,-0.027948052194488038
d3,o_min,m072518_o_min_ord28_rk00004,0.5786402961688641,0.6124664176869716,-0.03382612151810749
d3,o_min,m072519_o_min_ord28_rk00005,0.5912880685983394,0.6124664176869716,-0.021178349088632253
d3,o_min,m072520_o_min_ord28_rk00006,0.581725858492856,0.6124664176869716,-0.03074055919411567
d3,o_min,m072521_o_min_ord28_rk00007,0.5781756027368212,0.6124664176869716,-0.034290814950150406
d3,o_min,m072522_o_min_ord28_rk00008,0.5914637101375676,0.6124664176869716,-0.02100270754940403
d3,o_min,m072523_o_min_ord28_rk00009,0.5830589658191075,0.6124664176869716,-0.029407451867864087
d3,o_min,m072524_o_min_ord28_rk00010,0.6010650704035628,0.6124664176869716,-0.011401347283408803
d3,o_min,m072525_o_min_ord28_rk00011,0.590795510551672,0.6124664176869716,-0.021670907135299622
d3,o_min,m072526_o_min_ord28_rk00012,0.5928090190283068,0.6124664176869716,-0.019657398658664782
d3,o_min,m072527_o_min_ord28_rk00013,0.5784141941936184,0.6124664176869716,-0.03405222349335324
d3,o_min,m072528_o_min_ord28_rk00014,0.5832506293564852,0.6124664176869716,-0.029215788330486436
d3,o_min,m072529_o_min_ord28_rk00015,0.5837921695053885,0.6124664176869716,-0.02867424818158315
d3,o_min,m072530_o_min_ord28_rk00016,0.5754037068721795,0.6124664176869716,-0.03706271081479218
d3,o_min,m072531_o_min_ord28_rk00017,0.5844783436702312,0.6124664176869716,-0.027988074016740416
d3,o_min,m072532_o_min_ord28_rk00018,0.5897858382694675,0.6124664176869716,-0.02268057941750412
d3,o_min,m072533_o_min_ord28_rk00019,0.5801689223460545,0.6124664176869716,-0.03229749534091708
d3,o_min,m072534_o_min_ord28_rk00020,0.5789449715298363,0.6124664176869716,-0.03352144615713537
d3,o_min,m073515_o_min_ord29_rk00001,0.5850595026216812,0.6124664176869716,-0.02740691506529047
d3,o_min,m073516_o_min_ord29_rk00002,0.5660902549970458,0.6124664176869716,-0.04637616268992584
d3,o_min,m073517_o_min_ord29_rk00003,0.6036390267029772,0.6124664176869716,-0.008827390983994432
d3,o_min,m073518_o_min_ord29_rk00004,0.5843086737405389,0.6124664176869716,-0.02815774394643278
d3,o_min,m073519_o_min_ord29_rk00005,0.6052994501092648,0.6124664176869716,-0.007166967577706851
d3,o_min,m073520_o_min_ord29_rk00006,0.5830492930326056,0.6124664176869716,-0.029417124654366078
d3,o_min,m073521_o_min_ord29_rk00007,0.5884716340471743,0.6124664176869716,-0.023994783639797346
d3,o_min,m073522_o_min_ord29_rk00008,0.5810786472916198,0.6124664176869716,-0.03138777039535179
d3,o_min,m073523_o_min_ord29_rk00009,0.6004878596659639,0.6124664176869716,-0.011978558021007779
d3,o_min,m073524_o_min_ord29_rk00010,0.5907401502706049,0.6124664176869716,-0.02172626741636674
d3,o_min,m073525_o_min_ord29_rk00011,0.5849335183290625,0.6124664176869716,-0.027532899357909146
d3,o_min,m073526_o_min_ord29_rk00012,0.5898467069900354,0.6124664176869716,-0.022619710696936246
d3,o_min,m073527_o_min_ord29_rk00013,0.5807048590081669,0.6124664176869716,-0.0317615586788047
d3,o_min,m073528_o_min_ord29_rk00014,0.5982711461144494,0.6124664176869716,-0.014195271572522206
d3,o_min,m073529_o_min_ord29_rk00015,0.5804342511619043,0.6124664176869716,-0.03203216652506735
d3,o_min,m073530_o_min_ord29_rk00016,0.589029686927553,0.6124664176869716,-0.023436730759418656
d3,o_min,m073531_o_min_ord29_rk00017,0.5958689293718984,0.6124664176869716,-0.01659748831507324
d3,o_min,m073532_o_min_ord29_rk00018,0.5962712263296857,0.6124664176869716,-0.016195191357285976
d3,o_min,m073533_o_min_ord29_rk00019,0.5916256589843297,0.6124664176869716,-0.020840758702641904
d3,o_min,m073534_o_min_ord29_rk00020,0.599010232332414,0.6124664176869716,-0.013456185354557615
d3,o_min,m074515_o_min_ord30_rk00001,0.593009866110687,0.6124664176869716,-0.019456551576284675
d3,o_min,m074516_o_min_ord30_rk00002,0.5942993986418229,0.6124664176869716,-0.018167019045148725
d3,o_min,m074517_o_min_ord30_rk00003,0.5904063973234529,0.6124664176869716,-0.02206002036351873
d3,o_min,m074518_o_min_ord30_rk00004,0.5891248376895344,0.6124664176869716,-0.023341579997437245
d3,o_min,m074519_o_min_ord30_rk00005,0.5914037665239567,0.6124664176869716,-0.021062651163014978
d3,o_min,m074520_o_min_ord30_rk00006,0.6059427027635544,0.6124664176869716,-0.00652371492341719
d3,o_min,m074521_o_min_ord30_rk00007,0.5945313298216428,0.6124664176869716,-0.017935087865328825
d3,o_min,m074522_o_min_ord30_rk00008,0.6129275875408302,0.6124664176869716,0.00046116985385857845
d3,o_min,m074523_o_min_ord30_rk00009,0.5963827226397449,0.6124664176869716,-0.01608369504722673
d3,o_min,m074524_o_min_ord30_rk00010,0.6140951246091287,0.6124664176869716,0.0016287069221571082
d3,o_min,m074525_o_min_ord30_rk00011,0.5865319738555348,0.6124664176869716,-0.025934443831436838
d3,o_min,m074526_o_min_ord30_rk00012,0.5945687113739906,0.6124664176869716,-0.017897706312981043
d3,o_min,m074527_o_min_ord30_rk00013,0.5934434395351617,0.6124664176869716,-0.019022978151809977
d3,o_min,m074528_o_min_ord30_rk00014,0.6105262743239226,0.6124664176869716,-0.0019401433630490406
d3,o_min,m074529_o_min_ord30_rk00015,0.5923268231399568,0.6124664176869716,-0.02013959454701486
d3,o_min,m074530_o_min_ord30_rk00016,0.603820182443461,0.6124664176869716,-0.008646235243510603
d3,o_min,m074531_o_min_ord30_rk00017,0.5910095593950294,0.6124664176869716,-0.021456858291942216
d3,o_min,m074532_o_min_ord30_rk00018,0.6060736350019449,0.6124664176869716,-0.006392782685026743
d3,o_min,m074533_o_min_ord30_rk00019,0.5925737305094121,0.6124664176869716,-0.019892687177559543
d3,o_min,m074534_o_min_ord30_rk00020,0.593070998695733,0.6124664176869716,-0.019395418991238644
