objective,rung,model_id,order,global_oof_r2,shannon_h,n_domains,dominant_domain
o_min,xgb_tree_d3,m047515_o_min_ord3_rk00001,3,0.374690776265992,0.9182958340544896,2,Air Pollution
o_min,xgb_tree_d3,m047516_o_min_ord3_rk00002,3,0.45897667222817584,0.9182958340544896,2,Democracy
o_min,xgb_tree_d3,m047517_o_min_ord3_rk00003,3,0.42928121179947765,1.584962500721156,3,Air Pollution
o_min,xgb_tree_d3,m047518_o_min_ord3_rk00004,3,0.4548956189666845,0.9182958340544896,2,Democracy
o_min,xgb_tree_d3,m047519_o_min_ord3_rk00005,3,0.40667048809204376,0.9182958340544896,2,Air Pollution
o_min,xgb_tree_d3,m047520_o_min_ord3_rk00006,3,0.4071445423534187,-0.0,1,Air Pollution
o_min,xgb_tree_d3,m047521_o_min_ord3_rk00007,3,0.4643457454344351,0.9182958340544896,2,Democracy
o_min,xgb_tree_d3,m047522_o_min_ord3_rk00008,3,0.44350142403734305,0.9182958340544896,2,Democracy
o_min,xgb_tree_d3,m047523_o_min_ord3_rk00009,3,0.40712870213437435,1.584962500721156,3,Air Pollution
o_min,xgb_tree_d3,m047524_o_min_ord3_rk00010,3,0.44654103836445747,0.9182958340544896,2,Democracy
o_min,xgb_tree_d3,m047525_o_min_ord3_rk00011,3,0.44669708811473563,0.9182958340544896,2,Temperature
o_min,xgb_tree_d3,m047526_o_min_ord3_rk00012,3,0.3927534250705884,0.9182958340544896,2,Air Pollution
o_min,xgb_tree_d3,m047527_o_min_ord3_rk00013,3,0.45632240333965945,0.9182958340544896,2,Democracy
o_min,xgb_tree_d3,m047528_o_min_ord3_rk00014,3,0.4062253603050292,0.9182958340544896,2,Air Pollution
o_min,xgb_tree_d3,m047529_o_min_ord3_rk00015,3,0.39190904342211463,1.584962500721156,3,Air Pollution
o_min,xgb_tree_d3,m047530_o_min_ord3_rk00016,3,0.4229227201170761,0.9182958340544896,2,Democracy
o_min,xgb_tree_d3,m047531_o_min_ord3_rk00017,3,0.36304013556293313,0.9182958340544896,2,Air Pollution
o_min,xgb_tree_d3,m047532_o_min_ord3_rk00018,3,0.4143245799171824,1.584962500721156,3,Air Pollution
o_min,xgb_tree_d3,m047533_o_min_ord3_rk00019,3,0.420808074658533,0.9182958340544896,2,Socioeconomic
o_min,xgb_tree_d3,m047534_o_min_ord3_rk00020,3,0.4300313967161914,1.584962500721156,3,Air Pollution
o_min,xgb_tree_d3,m048515_o_min_ord4_rk00001,4,0.4047065444664306,1.0,2,Air Pollution
o_min,xgb_tree_d3,m048516_o_min_ord4_rk00002,4,0.4222705811178269,1.5,3,Air Pollution
o_min,xgb_tree_d3,m048517_o_min_ord4_rk00003,4,0.4218089689470431,1.5,3,Air Pollution
o_min,xgb_tree_d3,m048518_o_min_ord4_rk00004,4,0.4290407743201704,1.5,3,Air Pollution
o_min,xgb_tree_d3,m048519_o_min_ord4_rk00005,4,0.42620551248078575,1.5,3,Socioeconomic
o_min,xgb_tree_d3,m048520_o_min_ord4_rk00006,4,0.40560188999838775,1.5,3,Air Pollution
o_min,xgb_tree_d3,m048521_o_min_ord4_rk00007,4,0.419650314029102,1.5,3,Air Pollution
o_min,xgb_tree_d3,m048522_o_min_ord4_rk00008,4,0.4354528117824581,1.5,3,Air Pollution
o_min,xgb_tree_d3,m048523_o_min_ord4_rk00009,4,0.41786379000513807,1.5,3,Air Pollution
o_min,xgb_tree_d3,m048524_o_min_ord4_rk00010,4,0.44599724537555174,1.5,3,Air Pollution
o_min,xgb_tree_d3,m048525_o_min_ord4_rk00011,4,0.39781006232727856,1.5,3,Air Pollution
o_min,xgb_tree_d3,m048526_o_min_ord4_rk00012,4,0.45251100249891163,1.5,3,Air Pollution
o_min,xgb_tree_d3,m048527_o_min_ord4_rk00013,4,0.42729830777030486,2.0,4,Air Pollution
o_min,xgb_tree_d3,m048528_o_min_ord4_rk00014,4,0.42176894643908824,1.5,3,Air Pollution
o_min,xgb_tree_d3,m048529_o_min_ord4_rk00015,4,0.4215353709385584,1.5,3,Air Pollution
o_min,xgb_tree_d3,m048530_o_min_ord4_rk00016,4,0.43128594684341515,2.0,4,Air Pollution
o_min,xgb_tree_d3,m048531_o_min_ord4_rk00017,4,0.4538098684211683,1.5,3,Air Pollution
o_min,xgb_tree_d3,m048532_o_min_ord4_rk00018,4,0.43251330584142955,1.5,3,Temperature
o_min,xgb_tree_d3,m048533_o_min_ord4_rk00019,4,0.4425496405651397,1.5,3,Air Pollution
o_min,xgb_tree_d3,m048534_o_min_ord4_rk00020,4,0.4398784085473255,1.5,3,Air Pollution
o_min,xgb_tree_d3,m049515_o_min_ord5_rk00001,5,0.44284952414408263,1.5219280948873621,3,Precipitation/droughts
o_min,xgb_tree_d3,m049516_o_min_ord5_rk00002,5,0.40453013515220404,1.5219280948873621,3,Air Pollution
o_min,xgb_tree_d3,m049517_o_min_ord5_rk00003,5,0.4179020581331385,1.9219280948873623,4,Air Pollution
o_min,xgb_tree_d3,m049518_o_min_ord5_rk00004,5,0.405831588648796,1.5219280948873621,3,Air Pollution
o_min,xgb_tree_d3,m049519_o_min_ord5_rk00005,5,0.419798744726686,1.5219280948873621,3,Air Pollution
o_min,xgb_tree_d3,m049520_o_min_ord5_rk00006,5,0.451583463074521,1.9219280948873623,4,Air Pollution
o_min,xgb_tree_d3,m049521_o_min_ord5_rk00007,5,0.4198142003788099,1.9219280948873623,4,Air Pollution
o_min,xgb_tree_d3,m049522_o_min_ord5_rk00008,5,0.40954485607164837,1.5219280948873621,3,Air Pollution
o_min,xgb_tree_d3,m049523_o_min_ord5_rk00009,5,0.4584363105509327,1.5219280948873621,3,Precipitation/droughts
o_min,xgb_tree_d3,m049524_o_min_ord5_rk00010,5,0.4156734745899521,1.9219280948873623,4,Air Pollution
o_min,xgb_tree_d3,m049525_o_min_ord5_rk00011,5,0.41188779201167636,1.5219280948873621,3,Air Pollution
o_min,xgb_tree_d3,m049526_o_min_ord5_rk00012,5,0.41045808280132845,1.5219280948873621,3,Air Pollution
o_min,xgb_tree_d3,m049527_o_min_ord5_rk00013,5,0.4163489574053256,1.9219280948873623,4,Air Pollution
o_min,xgb_tree_d3,m049528_o_min_ord5_rk00014,5,0.46762988264523697,1.5219280948873621,3,Precipitation/droughts
o_min,xgb_tree_d3,m049529_o_min_ord5_rk00015,5,0.40980016571159417,1.3709505944546687,3,Air Pollution
o_min,xgb_tree_d3,m049530_o_min_ord5_rk00016,5,0.4263908020386933,1.5219280948873621,3,Air Pollution
o_min,xgb_tree_d3,m049531_o_min_ord5_rk00017,5,0.454847758004409,1.9219280948873623,4,Precipitation/droughts
o_min,xgb_tree_d3,m049532_o_min_ord5_rk00018,5,0.41964561656746924,1.5219280948873621,3,Air Pollution
o_min,xgb_tree_d3,m049533_o_min_ord5_rk00019,5,0.41212818103021187,1.5219280948873621,3,Air Pollution
o_min,xgb_tree_d3,m049534_o_min_ord5_rk00020,5,0.44600395892328537,1.9219280948873623,4,Precipitation/droughts
o_min,xgb_tree_d3,m050515_o_min_ord6_rk00001,6,0.4486877160906123,1.4591479170272448,3,Democracy
o_min,xgb_tree_d3,m050516_o_min_ord6_rk00002,6,0.4259402878119878,1.9182958340544896,4,Air Pollution
o_min,xgb_tree_d3,m050517_o_min_ord6_rk00003,6,0.4112462714411458,1.7924812503605778,4,Air Pollution
o_min,xgb_tree_d3,m050518_o_min_ord6_rk00004,6,0.41651170097122814,1.9182958340544896,4,Air Pollution
o_min,xgb_tree_d3,m050519_o_min_ord6_rk00005,6,0.42587692603572036,1.9182958340544893,4,Air Pollution
o_min,xgb_tree_d3,m050520_o_min_ord6_rk00006,6,0.42586047640571145,1.9182958340544893,4,Air Pollution
o_min,xgb_tree_d3,m050521_o_min_ord6_rk00007,6,0.45494931261124827,1.9182958340544893,4,Precipitation/droughts
o_min,xgb_tree_d3,m050522_o_min_ord6_rk00008,6,0.4315951983466906,1.9182958340544893,4,Air Pollution
o_min,xgb_tree_d3,m050523_o_min_ord6_rk00009,6,0.4464070208008425,1.9182958340544896,4,Precipitation/droughts
o_min,xgb_tree_d3,m050524_o_min_ord6_rk00010,6,0.4443868585805951,2.2516291673878226,5,Precipitation/droughts
o_min,xgb_tree_d3,m050525_o_min_ord6_rk00011,6,0.4422556189074337,1.4591479170272448,3,Democracy
o_min,xgb_tree_d3,m050526_o_min_ord6_rk00012,6,0.4495104734176246,1.9182958340544896,4,Precipitation/droughts
o_min,xgb_tree_d3,m050527_o_min_ord6_rk00013,6,0.4220102327064803,1.9182958340544893,4,Air Pollution
o_min,xgb_tree_d3,m050528_o_min_ord6_rk00014,6,0.4191593173311894,1.4591479170272448,3,Socioeconomic
o_min,xgb_tree_d3,m050529_o_min_ord6_rk00015,6,0.4353064480996366,1.9182958340544893,4,Air Pollution
o_min,xgb_tree_d3,m050530_o_min_ord6_rk00016,6,0.41402213962115486,1.9182958340544896,4,Air Pollution
o_min,xgb_tree_d3,m050531_o_min_ord6_rk00017,6,0.4261180472441807,1.584962500721156,3,Air Pollution
o_min,xgb_tree_d3,m050532_o_min_ord6_rk00018,6,0.4176609739325309,1.7924812503605778,4,Air Pollution
o_min,xgb_tree_d3,m050533_o_min_ord6_rk00019,6,0.4397429954784231,1.9182958340544896,4,Precipitation/droughts
o_min,xgb_tree_d3,m050534_o_min_ord6_rk00020,6,0.44515519377806323,2.2516291673878226,5,Precipitation/droughts
o_min,xgb_tree_d3,m051515_o_min_ord7_rk00001,7,0.4602074769231608,2.2359263506290326,5,Precipitation/droughts
o_min,xgb_tree_d3,m051516_o_min_ord7_rk00002,7,0.4526739386430104,1.3787834934861753,3,Democracy
o_min,xgb_tree_d3,m051517_o_min_ord7_rk00003,7,0.43315786262130906,2.2359263506290326,5,Precipitation/droughts
o_min,xgb_tree_d3,m051518_o_min_ord7_rk00004,7,0.4286378358741747,1.9502120649147465,4,Air Pollution
o_min,xgb_tree_d3,m051519_o_min_ord7_rk00005,7,0.4508753994373027,1.3787834934861753,3,Democracy
o_min,xgb_tree_d3,m051520_o_min_ord7_rk00006,7,0.4168208071062153,2.1280852788913944,5,Air Pollution
o_min,xgb_tree_d3,m051521_o_min_ord7_rk00007,7,0.4500981985508793,2.2359263506290326,5,Precipitation/droughts
o_min,xgb_tree_d3,m051522_o_min_ord7_rk00008,7,0.45346156634180756,2.2359263506290326,5,Precipitation/droughts
o_min,xgb_tree_d3,m051523_o_min_ord7_rk00009,7,0.45175001058454456,1.9502120649147465,4,Precipitation/droughts
o_min,xgb_tree_d3,m051524_o_min_ord7_rk00010,7,0.4281850754931945,1.8423709931771088,4,Air Pollution
o_min,xgb_tree_d3,m051525_o_min_ord7_rk00011,7,0.4214814311678272,1.950212064914747,4,Air Pollution
o_min,xgb_tree_d3,m051526_o_min_ord7_rk00012,7,0.4417464104175818,1.8423709931771086,4,Democracy
o_min,xgb_tree_d3,m051527_o_min_ord7_rk00013,7,0.4254870052036521,1.8423709931771088,4,Air Pollution
o_min,xgb_tree_d3,m051528_o_min_ord7_rk00014,7,0.41883107896647753,1.8423709931771088,4,Air Pollution
o_min,xgb_tree_d3,m051529_o_min_ord7_rk00015,7,0.43948401845806007,1.8423709931771086,4,Democracy
o_min,xgb_tree_d3,m051530_o_min_ord7_rk00016,7,0.4294100274392182,1.9502120649147465,4,Air Pollution
o_min,xgb_tree_d3,m051531_o_min_ord7_rk00017,7,0.44605122889428217,1.5566567074628228,3,Democracy
o_min,xgb_tree_d3,m051532_o_min_ord7_rk00018,7,0.442375676184514,1.8423709931771086,4,Democracy
o_min,xgb_tree_d3,m051533_o_min_ord7_rk00019,7,0.46653715688393727,1.8423709931771086,4,Democracy
o_min,xgb_tree_d3,m051534_o_min_ord7_rk00020,7,0.45055144403026903,2.5216406363433186,6,Precipitation/droughts
o_min,xgb_tree_d3,m052515_o_min_ord8_rk00001,8,0.45010383665353726,2.25,5,Air Pollution
o_min,xgb_tree_d3,m052516_o_min_ord8_rk00002,8,0.452580294683692,2.25,5,Temperature
o_min,xgb_tree_d3,m052517_o_min_ord8_rk00003,8,0.45195993693487035,2.1556390622295662,5,Socioeconomic
o_min,xgb_tree_d3,m052518_o_min_ord8_rk00004,8,0.4349995474668319,2.25,5,Temperature
o_min,xgb_tree_d3,m052519_o_min_ord8_rk00005,8,0.423037503253172,2.5,6,Air Pollution
o_min,xgb_tree_d3,m052520_o_min_ord8_rk00006,8,0.4456714129825199,2.25,5,Temperature
o_min,xgb_tree_d3,m052521_o_min_ord8_rk00007,8,0.43613128024547454,1.9056390622295665,4,Socioeconomic
o_min,xgb_tree_d3,m052522_o_min_ord8_rk00008,8,0.44747314225952406,2.25,5,Temperature
o_min,xgb_tree_d3,m052523_o_min_ord8_rk00009,8,0.42826814306886085,2.5,6,Precipitation/droughts
o_min,xgb_tree_d3,m052524_o_min_ord8_rk00010,8,0.4537267623275263,1.561278124459133,3,Precipitation/droughts
o_min,xgb_tree_d3,m052525_o_min_ord8_rk00011,8,0.44389115197035867,1.75,4,Democracy
o_min,xgb_tree_d3,m052526_o_min_ord8_rk00012,8,0.452344593461221,2.25,5,Precipitation/droughts
o_min,xgb_tree_d3,m052527_o_min_ord8_rk00013,8,0.4580563323969967,2.25,5,Precipitation/droughts
o_min,xgb_tree_d3,m052528_o_min_ord8_rk00014,8,0.4374215125068365,2.25,5,Precipitation/droughts
o_min,xgb_tree_d3,m052529_o_min_ord8_rk00015,8,0.4137276074188002,2.1556390622295662,5,Air Pollution
o_min,xgb_tree_d3,m052530_o_min_ord8_rk00016,8,0.41705734281331086,2.1556390622295662,5,Air Pollution
o_min,xgb_tree_d3,m052531_o_min_ord8_rk00017,8,0.41401438464716045,2.1556390622295662,5,Air Pollution
o_min,xgb_tree_d3,m052532_o_min_ord8_rk00018,8,0.4309556044885027,2.0,4,Air Pollution
o_min,xgb_tree_d3,m052533_o_min_ord8_rk00019,8,0.43007173305873225,2.5,6,Air Pollution
o_min,xgb_tree_d3,m052534_o_min_ord8_rk00020,8,0.4502369072041086,2.25,5,Air Pollution
o_min,xgb_tree_d3,m053515_o_min_ord9_rk00001,9,0.44908943635354537,2.197159723424149,5,Socioeconomic
o_min,xgb_tree_d3,m053516_o_min_ord9_rk00002,9,0.43291819378225305,2.725480556997868,7,Precipitation/droughts
o_min,xgb_tree_d3,m053517_o_min_ord9_rk00003,9,0.44240243730419404,2.1971597234241496,5,Socioeconomic
o_min,xgb_tree_d3,m053518_o_min_ord9_rk00004,9,0.442586857586015,2.197159723424149,5,Temperature
o_min,xgb_tree_d3,m053519_o_min_ord9_rk00005,9,0.45589642064919,2.2810361125534238,5,Air Pollution
o_min,xgb_tree_d3,m053520_o_min_ord9_rk00006,9,0.4417542889724847,2.2810361125534238,5,Air Pollution
o_min,xgb_tree_d3,m053521_o_min_ord9_rk00007,9,0.43994670576308104,2.5032583347756456,6,Air Pollution
o_min,xgb_tree_d3,m053522_o_min_ord9_rk00008,9,0.4385805073259298,2.5032583347756456,6,Temperature
o_min,xgb_tree_d3,m053523_o_min_ord9_rk00009,9,0.42402825888214835,2.2810361125534238,5,Temperature
o_min,xgb_tree_d3,m053524_o_min_ord9_rk00010,9,0.45330477514913725,2.197159723424149,5,Socioeconomic
o_min,xgb_tree_d3,m053525_o_min_ord9_rk00011,9,0.4339119463799508,2.725480556997868,7,Air Pollution
o_min,xgb_tree_d3,m053526_o_min_ord9_rk00012,9,0.44793396699095966,2.197159723424149,5,Temperature
o_min,xgb_tree_d3,m053527_o_min_ord9_rk00013,9,0.44360110051894375,2.197159723424149,5,Socioeconomic
o_min,xgb_tree_d3,m053528_o_min_ord9_rk00014,9,0.4434828981022957,2.5032583347756456,6,Temperature
o_min,xgb_tree_d3,m053529_o_min_ord9_rk00015,9,0.44051620452912477,2.197159723424149,5,Socioeconomic
o_min,xgb_tree_d3,m053530_o_min_ord9_rk00016,9,0.4301896174024653,2.197159723424149,5,Democracy
o_min,xgb_tree_d3,m053531_o_min_ord9_rk00017,9,0.4415515528594419,2.197159723424149,5,Air Pollution
o_min,xgb_tree_d3,m053532_o_min_ord9_rk00018,9,0.43943023128134207,2.0588138903312014,5,Democracy
o_min,xgb_tree_d3,m053533_o_min_ord9_rk00019,9,0.44689299040989516,2.1971597234241496,5,Socioeconomic
o_min,xgb_tree_d3,m053534_o_min_ord9_rk00020,9,0.4335670955641888,2.197159723424149,5,Air Pollution
o_min,xgb_tree_d3,m054515_o_min_ord10_rk00001,10,0.4460153574397594,2.7219280948873625,7,Air Pollution
o_min,xgb_tree_d3,m054516_o_min_ord10_rk00002,10,0.4429915965420418,2.2464393446710154,5,Socioeconomic
o_min,xgb_tree_d3,m054517_o_min_ord10_rk00003,10,0.4317088609383447,2.170950594454669,5,Air Pollution
o_min,xgb_tree_d3,m054518_o_min_ord10_rk00004,10,0.43158605938506467,2.4464393446710155,6,Temperature
o_min,xgb_tree_d3,m054519_o_min_ord10_rk00005,10,0.4448367727227682,2.2464393446710154,5,Democracy
o_min,xgb_tree_d3,m054520_o_min_ord10_rk00006,10,0.41418996058322877,2.4464393446710155,6,Temperature
o_min,xgb_tree_d3,m054521_o_min_ord10_rk00007,10,0.41411378825593637,2.4464393446710155,6,Temperature
o_min,xgb_tree_d3,m054522_o_min_ord10_rk00008,10,0.4373906121755131,2.7219280948873625,7,Temperature
o_min,xgb_tree_d3,m054523_o_min_ord10_rk00009,10,0.4194788460714569,2.4464393446710155,6,Temperature
o_min,xgb_tree_d3,m054524_o_min_ord10_rk00010,10,0.42561629743217866,2.2464393446710154,5,Temperature
o_min,xgb_tree_d3,m054525_o_min_ord10_rk00011,10,0.43910198836598613,2.2464393446710154,5,Socioeconomic
o_min,xgb_tree_d3,m054526_o_min_ord10_rk00012,10,0.451110840217987,2.4464393446710155,6,Air Pollution
o_min,xgb_tree_d3,m054527_o_min_ord10_rk00013,10,0.438991028704505,2.2464393446710154,5,Socioeconomic
o_min,xgb_tree_d3,m054528_o_min_ord10_rk00014,10,0.4431214036713155,2.2464393446710154,5,Temperature
o_min,xgb_tree_d3,m054529_o_min_ord10_rk00015,10,0.42476512105490527,2.4464393446710155,6,Air Pollution
o_min,xgb_tree_d3,m054530_o_min_ord10_rk00016,10,0.4498181953994298,2.4464393446710155,6,Temperature
o_min,xgb_tree_d3,m054531_o_min_ord10_rk00017,10,0.4399390204373079,2.2464393446710154,5,Socioeconomic
o_min,xgb_tree_d3,m054532_o_min_ord10_rk00018,10,0.43271471426566777,2.4464393446710155,6,Temperature
o_min,xgb_tree_d3,m054533_o_min_ord10_rk00019,10,0.4271394710000387,2.4464393446710155,6,Temperature
o_min,xgb_tree_d3,m054534_o_min_ord10_rk00020,10,0.4379503586072384,2.721928094887362,7,Air Pollution
o_min,xgb_tree_d3,m055515_o_min_ord11_rk00001,11,0.4465233099707385,2.7321588913645702,7,Air Pollution
o_min,xgb_tree_d3,m055516_o_min_ord11_rk00002,11,0.451207609750785,2.663532754804255,7,Temperature
o_min,xgb_tree_d3,m055517_o_min_ord11_rk00003,11,0.4352600271931266,2.663532754804255,7,Temperature
o_min,xgb_tree_d3,m055518_o_min_ord11_rk00004,11,0.4365824091226095,2.663532754804255,7,Temperature
o_min,xgb_tree_d3,m055519_o_min_ord11_rk00005,11,0.4559372496857338,2.663532754804255,7,Air Pollution
o_min,xgb_tree_d3,m055520_o_min_ord11_rk00006,11,0.4235890283482816,2.481714572986073,6,Democracy
o_min,xgb_tree_d3,m055521_o_min_ord11_rk00007,11,0.429636574460058,2.299896391167891,5,Temperature
o_min,xgb_tree_d3,m055522_o_min_ord11_rk00008,11,0.4504246471425921,2.481714572986073,6,Temperature
o_min,xgb_tree_d3,m055523_o_min_ord11_rk00009,11,0.4324721312794091,2.299896391167891,5,Temperature
o_min,xgb_tree_d3,m055524_o_min_ord11_rk00010,11,0.42974922990015163,2.413088436425758,6,Temperature
o_min,xgb_tree_d3,m055525_o_min_ord11_rk00011,11,0.45012663889894733,2.2998963911678914,5,Socioeconomic
o_min,xgb_tree_d3,m055526_o_min_ord11_rk00012,11,0.42314832258165114,2.481714572986073,6,Air Pollution
o_min,xgb_tree_d3,m055527_o_min_ord11_rk00013,11,0.4206478680804058,2.1180782093497093,5,Temperature
o_min,xgb_tree_d3,m055528_o_min_ord11_rk00014,11,0.4338633205510113,2.663532754804255,7,Temperature
o_min,xgb_tree_d3,m055529_o_min_ord11_rk00015,11,0.4376772777804394,2.663532754804255,7,Temperature
o_min,xgb_tree_d3,m055530_o_min_ord11_rk00016,11,0.4459871810869859,2.481714572986073,6,Temperature
o_min,xgb_tree_d3,m055531_o_min_ord11_rk00017,11,0.43002996649933134,2.663532754804255,7,Precipitation/droughts
o_min,xgb_tree_d3,m055532_o_min_ord11_rk00018,11,0.4444588514446246,2.663532754804255,7,Temperature
o_min,xgb_tree_d3,m055533_o_min_ord11_rk00019,11,0.4320933610889135,2.299896391167891,5,Temperature
o_min,xgb_tree_d3,m055534_o_min_ord11_rk00020,11,0.43837584226237303,2.2998963911678914,6,Temperature
o_min,xgb_tree_d3,m056515_o_min_ord12_rk00001,12,0.45385660021628527,2.688721875540867,7,Temperature
o_min,xgb_tree_d3,m056516_o_min_ord12_rk00002,12,0.4413201482553215,2.4591479170272446,6,Temperature
o_min,xgb_tree_d3,m056517_o_min_ord12_rk00003,12,0.44776149981688806,2.688721875540867,7,Temperature
o_min,xgb_tree_d3,m056518_o_min_ord12_rk00004,12,0.44995786545386274,2.584962500721156,7,Temperature
o_min,xgb_tree_d3,m056519_o_min_ord12_rk00005,12,0.441603248444808,2.6258145836939115,7,Temperature
o_min,xgb_tree_d3,m056520_o_min_ord12_rk00006,12,0.44391322233213004,2.6258145836939115,7,Temperature
o_min,xgb_tree_d3,m056521_o_min_ord12_rk00007,12,0.42770230444858626,2.8553885422075336,8,Precipitation/droughts
o_min,xgb_tree_d3,m056522_o_min_ord12_rk00008,12,0.4518925093967623,2.688721875540867,7,Temperature
o_min,xgb_tree_d3,m056523_o_min_ord12_rk00009,12,0.44389145387882045,2.688721875540867,7,Temperature
o_min,xgb_tree_d3,m056524_o_min_ord12_rk00010,12,0.4570050621214249,2.6258145836939115,7,Temperature
o_min,xgb_tree_d3,m056525_o_min_ord12_rk00011,12,0.45326823035420905,2.688721875540867,7,Temperature
o_min,xgb_tree_d3,m056526_o_min_ord12_rk00012,12,0.4441068381231861,2.8553885422075336,8,Precipitation/droughts
o_min,xgb_tree_d3,m056527_o_min_ord12_rk00013,12,0.43006631067630463,2.688721875540867,7,Air Pollution
o_min,xgb_tree_d3,m056528_o_min_ord12_rk00014,12,0.436091026047813,2.292481250360578,5,Temperature
o_min,xgb_tree_d3,m056529_o_min_ord12_rk00015,12,0.4495394649469292,2.688721875540867,7,Air Pollution
o_min,xgb_tree_d3,m056530_o_min_ord12_rk00016,12,0.4564324077547439,2.688721875540867,7,Temperature
o_min,xgb_tree_d3,m056531_o_min_ord12_rk00017,12,0.45423104169969064,2.4591479170272446,6,Temperature
o_min,xgb_tree_d3,m056532_o_min_ord12_rk00018,12,0.44627488552239203,2.292481250360578,5,Temperature
o_min,xgb_tree_d3,m056533_o_min_ord12_rk00019,12,0.45015444792186754,2.292481250360578,5,Temperature
o_min,xgb_tree_d3,m056534_o_min_ord12_rk00020,12,0.4329735716185059,2.8553885422075336,8,Temperature
o_min,xgb_tree_d3,m057515_o_min_ord13_rk00001,13,0.4486080295733007,2.6612262562697895,7,Temperature
o_min,xgb_tree_d3,m057516_o_min_ord13_rk00002,13,0.44164622357527683,2.6235166412180155,7,Temperature
o_min,xgb_tree_d3,m057517_o_min_ord13_rk00003,13,0.44268108037827514,2.6612262562697895,7,Temperature
o_min,xgb_tree_d3,m057518_o_min_ord13_rk00004,13,0.45067938571128974,2.873140679513133,8,Temperature
o_min,xgb_tree_d3,m057519_o_min_ord13_rk00005,13,0.43991139639552346,2.6612262562697895,7,Temperature
o_min,xgb_tree_d3,m057520_o_min_ord13_rk00006,13,0.43929900040358016,2.873140679513133,8,Precipitation/droughts
o_min,xgb_tree_d3,m057521_o_min_ord13_rk00007,13,0.4467228538984618,2.6612262562697895,7,Temperature
o_min,xgb_tree_d3,m057522_o_min_ord13_rk00008,13,0.4425508771964868,2.6612262562697895,7,Temperature
o_min,xgb_tree_d3,m057523_o_min_ord13_rk00009,13,0.43948680475938295,2.873140679513133,8,Precipitation/droughts
o_min,xgb_tree_d3,m057524_o_min_ord13_rk00010,13,0.42996173345608646,2.2577560641285177,5,Temperature
o_min,xgb_tree_d3,m057525_o_min_ord13_rk00011,13,0.4484120754156624,2.7192945256669794,7,Air Pollution
o_min,xgb_tree_d3,m057526_o_min_ord13_rk00012,13,0.4324542670845545,2.449311833026446,6,Temperature
o_min,xgb_tree_d3,m057527_o_min_ord13_rk00013,13,0.4368893664481587,2.6031579868726,7,Temperature
o_min,xgb_tree_d3,m057528_o_min_ord13_rk00014,13,0.44503783094347094,2.6612262562697895,7,Temperature
o_min,xgb_tree_d3,m057529_o_min_ord13_rk00015,13,0.4094141355954275,2.6031579868726,7,Temperature
o_min,xgb_tree_d3,m057530_o_min_ord13_rk00016,13,0.44215652998760513,2.7192945256669794,7,Temperature
o_min,xgb_tree_d3,m057531_o_min_ord13_rk00017,13,0.44856860236031115,2.2954656791802917,5,Air Pollution
o_min,xgb_tree_d3,m057532_o_min_ord13_rk00018,13,0.4459201906829826,2.7773627950641693,8,Temperature
o_min,xgb_tree_d3,m057533_o_min_ord13_rk00019,13,0.4343660498991446,2.6612262562697895,7,Temperature
o_min,xgb_tree_d3,m057534_o_min_ord13_rk00020,13,0.434374472294107,2.4116022179746714,6,Temperature
o_min,xgb_tree_d3,m058515_o_min_ord14_rk00001,14,0.4293897182939611,2.8962915290459277,8,Temperature
o_min,xgb_tree_d3,m058516_o_min_ord14_rk00002,14,0.4405460736375064,2.8423709931771084,8,Temperature
o_min,xgb_tree_d3,m058517_o_min_ord14_rk00003,14,0.42784981010855117,2.8423709931771084,8,Temperature
o_min,xgb_tree_d3,m058518_o_min_ord14_rk00004,14,0.4303827159476319,2.610577243331642,7,Temperature
o_min,xgb_tree_d3,m058519_o_min_ord14_rk00005,14,0.446611987956008,2.8423709931771084,8,Temperature
o_min,xgb_tree_d3,m058520_o_min_ord14_rk00006,14,0.451897379115062,2.8423709931771084,8,Temperature
o_min,xgb_tree_d3,m058521_o_min_ord14_rk00007,14,0.43640069365807754,2.5027361715940035,6,Air Pollution
o_min,xgb_tree_d3,m058522_o_min_ord14_rk00008,14,0.4484588941353257,2.6455933144511468,7,Temperature
o_min,xgb_tree_d3,m058523_o_min_ord14_rk00009,14,0.4362245703852077,2.2359263506290326,5,Temperature
o_min,xgb_tree_d3,m058524_o_min_ord14_rk00010,14,0.44732092545174107,2.8423709931771084,8,Temperature
o_min,xgb_tree_d3,m058525_o_min_ord14_rk00011,14,0.4508974673952255,2.8423709931771084,8,Temperature
o_min,xgb_tree_d3,m058526_o_min_ord14_rk00012,14,0.44364191509584905,2.5027361715940035,6,Air Pollution
o_min,xgb_tree_d3,m058527_o_min_ord14_rk00013,14,0.4371899418573718,2.5027361715940035,6,Air Pollution
o_min,xgb_tree_d3,m058528_o_min_ord14_rk00014,14,0.45194879741621086,2.699513850319966,7,Air Pollution
o_min,xgb_tree_d3,m058529_o_min_ord14_rk00015,14,0.45073161120031313,2.610577243331642,7,Temperature
o_min,xgb_tree_d3,m058530_o_min_ord14_rk00016,14,0.45213686483060855,2.6455933144511468,7,Temperature
o_min,xgb_tree_d3,m058531_o_min_ord14_rk00017,14,0.4560618306284563,2.6455933144511468,7,Temperature
o_min,xgb_tree_d3,m058532_o_min_ord14_rk00018,14,0.4486587792420973,2.270942421748537,5,Temperature
o_min,xgb_tree_d3,m058533_o_min_ord14_rk00019,14,0.4546957527307519,2.610577243331642,7,Temperature
o_min,xgb_tree_d3,m058534_o_min_ord14_rk00020,14,0.43835361241939197,2.5027361715940035,6,Air Pollution
o_min,xgb_tree_d3,m059515_o_min_ord15_rk00001,15,0.42298389220352317,2.872905595320056,8,Temperature
o_min,xgb_tree_d3,m059516_o_min_ord15_rk00002,15,0.44223110250628583,2.4729055953200563,6,Temperature
o_min,xgb_tree_d3,m059517_o_min_ord15_rk00003,15,0.4426935078541563,2.8225797618424915,8,Temperature
o_min,xgb_tree_d3,m059518_o_min_ord15_rk00004,15,0.4540947204436889,2.739572261986723,7,Air Pollution
o_min,xgb_tree_d3,m059519_o_min_ord15_rk00005,15,0.4339004083469091,2.8225797618424915,8,Temperature
o_min,xgb_tree_d3,m059520_o_min_ord15_rk00006,15,0.4436985185572958,2.8225797618424915,8,Temperature
o_min,xgb_tree_d3,m059521_o_min_ord15_rk00007,15,0.4363246867646867,2.689246428509158,7,Air Pollution
o_min,xgb_tree_d3,m059522_o_min_ord15_rk00008,15,0.44533253945116447,2.4729055953200563,6,Democracy
o_min,xgb_tree_d3,m059523_o_min_ord15_rk00009,15,0.4353914318542569,2.256564762130954,5,Temperature
o_min,xgb_tree_d3,m059524_o_min_ord15_rk00010,15,0.4357788404032542,2.8225797618424915,8,Temperature
o_min,xgb_tree_d3,m059525_o_min_ord15_rk00011,15,0.4586925011914188,2.5492553971685,7,Democracy
o_min,xgb_tree_d3,m059526_o_min_ord15_rk00012,15,0.4227123379661336,2.4729055953200563,6,Temperature
o_min,xgb_tree_d3,m059527_o_min_ord15_rk00013,15,0.4392820494560351,2.8225797618424915,8,Temperature
o_min,xgb_tree_d3,m059528_o_min_ord15_rk00014,15,0.43989175927653634,2.689246428509158,7,Air Pollution
o_min,xgb_tree_d3,m059529_o_min_ord15_rk00015,15,0.43991991400567676,2.656564762130954,7,Temperature
o_min,xgb_tree_d3,m059530_o_min_ord15_rk00016,15,0.438677005003664,2.256564762130954,5,Temperature
o_min,xgb_tree_d3,m059531_o_min_ord15_rk00017,15,0.445341084726393,2.8225797618424915,8,Temperature
o_min,xgb_tree_d3,m059532_o_min_ord15_rk00018,15,0.43708065865275325,2.689246428509158,7,Air Pollution
o_min,xgb_tree_d3,m059533_o_min_ord15_rk00019,15,0.4301784302931405,2.8225797618424915,8,Temperature
o_min,xgb_tree_d3,m059534_o_min_ord15_rk00020,15,0.41720273090568527,2.689246428509158,7,Air Pollution
o_min,xgb_tree_d3,m060515_o_min_ord16_rk00001,16,0.4532201843807512,2.7334585933443494,7,Air Pollution
o_min,xgb_tree_d3,m060516_o_min_ord16_rk00002,16,0.44307355205799104,2.5306390622295662,6,Temperature
o_min,xgb_tree_d3,m060517_o_min_ord16_rk00003,16,0.4532388261795567,2.452819531114783,6,Temperature
o_min,xgb_tree_d3,m060518_o_min_ord16_rk00004,16,0.44626161150891486,2.452819531114783,6,Temperature
o_min,xgb_tree_d3,m060519_o_min_ord16_rk00005,16,0.4462006053038764,2.7334585933443494,7,Air Pollution
o_min,xgb_tree_d3,m060520_o_min_ord16_rk00006,16,0.42274679901055956,2.8584585933443494,8,Temperature
o_min,xgb_tree_d3,m060521_o_min_ord16_rk00007,16,0.4526490364024205,2.6556390622295662,7,Temperature
o_min,xgb_tree_d3,m060522_o_min_ord16_rk00008,16,0.43434005750132265,2.6556390622295662,7,Temperature
o_min,xgb_tree_d3,m060523_o_min_ord16_rk00009,16,0.4412492582279043,2.7806390622295662,8,Democracy
o_min,xgb_tree_d3,m060524_o_min_ord16_rk00010,16,0.4412075321719835,2.6556390622295662,7,Temperature
o_min,xgb_tree_d3,m060525_o_min_ord16_rk00011,16,0.43993015554277526,2.452819531114783,6,Temperature
o_min,xgb_tree_d3,m060526_o_min_ord16_rk00012,16,0.4355787109670678,2.7806390622295662,8,Temperature
o_min,xgb_tree_d3,m060527_o_min_ord16_rk00013,16,0.4429414928752674,2.6556390622295662,7,Temperature
o_min,xgb_tree_d3,m060528_o_min_ord16_rk00014,16,0.41132051156621696,2.8584585933443494,8,Temperature
o_min,xgb_tree_d3,m060529_o_min_ord16_rk00015,16,0.4316765477308401,2.5550365325772653,7,Democracy
o_min,xgb_tree_d3,m060530_o_min_ord16_rk00016,16,0.44203926689536455,2.686278124459133,7,Air Pollution
o_min,xgb_tree_d3,m060531_o_min_ord16_rk00017,16,0.4451590945972479,2.625,7,Temperature
o_min,xgb_tree_d3,m060532_o_min_ord16_rk00018,16,0.43648951186129414,2.8584585933443494,8,Temperature
o_min,xgb_tree_d3,m060533_o_min_ord16_rk00019,16,0.42805777044207205,2.8584585933443494,8,Temperature
o_min,xgb_tree_d3,m060534_o_min_ord16_rk00020,16,0.45514540940150605,2.4834585933443494,7,Democracy
o_min,xgb_tree_d3,m061515_o_min_ord17_rk00001,17,0.45363450468627764,2.7333716642706998,7,Air Pollution
o_min,xgb_tree_d3,m061516_o_min_ord17_rk00002,17,0.446111272673123,2.4980775466236413,7,Democracy
o_min,xgb_tree_d3,m061517_o_min_ord17_rk00003,17,0.43385519625503743,2.7045348998193433,7,Temperature
o_min,xgb_tree_d3,m061518_o_min_ord17_rk00004,17,0.45272161421382906,2.6312929881819,7,Temperature
o_min,xgb_tree_d3,m061519_o_min_ord17_rk00005,17,0.43305652258798855,2.6312929881819,7,Temperature
o_min,xgb_tree_d3,m061520_o_min_ord17_rk00006,17,0.4342042512252309,2.939829017466402,9,Democracy
o_min,xgb_tree_d3,m061521_o_min_ord17_rk00007,17,0.4292295514199731,2.41896119556797,6,Democracy
o_min,xgb_tree_d3,m061522_o_min_ord17_rk00008,17,0.4365249008494234,2.513645929358371,6,Temperature
o_min,xgb_tree_d3,m061523_o_min_ord17_rk00009,17,0.4483852365483937,2.7333716642706998,7,Air Pollution
o_min,xgb_tree_d3,m061524_o_min_ord17_rk00010,17,0.4468838203815185,2.4980775466236413,7,Democracy
o_min,xgb_tree_d3,m061525_o_min_ord17_rk00011,17,0.4489593006399327,2.6601297526332566,8,Democracy
o_min,xgb_tree_d3,m061526_o_min_ord17_rk00012,17,0.44244462455862,2.7045348998193433,7,Temperature
o_min,xgb_tree_d3,m061527_o_min_ord17_rk00013,17,0.4370912954686622,2.7045348998193433,7,Temperature
o_min,xgb_tree_d3,m061528_o_min_ord17_rk00014,17,0.45738672321584417,2.6601297526332566,7,Democracy
o_min,xgb_tree_d3,m061529_o_min_ord17_rk00015,17,0.44908838022854114,2.380430487800112,6,Democracy
o_min,xgb_tree_d3,m061530_o_min_ord17_rk00016,17,0.4403110649945736,2.6312929881819,7,Temperature
o_min,xgb_tree_d3,m061531_o_min_ord17_rk00017,17,0.43350028917438044,2.6312929881819,7,Temperature
o_min,xgb_tree_d3,m061532_o_min_ord17_rk00018,17,0.43014865332324603,2.4692407821722844,6,Temperature
o_min,xgb_tree_d3,m061533_o_min_ord17_rk00019,17,0.44223867351850454,2.9109922530150456,9,Temperature
o_min,xgb_tree_d3,m061534_o_min_ord17_rk00020,17,0.4311556199485189,2.7045348998193433,7,Temperature
o_min,xgb_tree_d3,m062515_o_min_ord18_rk00001,18,0.4476702387783362,2.858278308418045,9,Democracy
o_min,xgb_tree_d3,m062516_o_min_ord18_rk00002,18,0.45013175747633194,2.7107770844150676,7,Precipitation/droughts
o_min,xgb_tree_d3,m062517_o_min_ord18_rk00003,18,0.43221899177176626,2.7107770844150676,7,Temperature
o_min,xgb_tree_d3,m062518_o_min_ord18_rk00004,18,0.45239965397285564,2.4885548621928453,7,Democracy
o_min,xgb_tree_d3,m062519_o_min_ord18_rk00005,18,0.45551079751263013,2.683542362433231,7,Temperature
o_min,xgb_tree_d3,m062520_o_min_ord18_rk00006,18,0.4443286464949052,2.752715278979705,7,Democracy
o_min,xgb_tree_d3,m062521_o_min_ord18_rk00007,18,0.43963773714978616,2.7107770844150676,7,Precipitation/droughts
o_min,xgb_tree_d3,m062522_o_min_ord18_rk00008,18,0.4417417934658844,2.905764584655453,8,Democracy
o_min,xgb_tree_d3,m062523_o_min_ord18_rk00009,18,0.44057604105133064,2.4613201402110088,6,Temperature
o_min,xgb_tree_d3,m062524_o_min_ord18_rk00010,18,0.4383897745971417,2.6416041678685938,7,Temperature
o_min,xgb_tree_d3,m062525_o_min_ord18_rk00011,18,0.4593360826370988,2.591793226077496,8,Democracy
o_min,xgb_tree_d3,m062526_o_min_ord18_rk00012,18,0.43698663412548444,2.4830067805200744,6,Democracy
o_min,xgb_tree_d3,m062527_o_min_ord18_rk00013,18,0.4363519759928127,2.683542362433231,7,Temperature
o_min,xgb_tree_d3,m062528_o_min_ord18_rk00014,18,0.44874834109270956,2.4387439204017474,7,Democracy
o_min,xgb_tree_d3,m062529_o_min_ord18_rk00015,18,0.45329861262498783,2.858278308418045,9,Democracy
o_min,xgb_tree_d3,m062530_o_min_ord18_rk00016,18,0.44320342854714023,2.6688388898504303,8,Democracy
o_min,xgb_tree_d3,m062531_o_min_ord18_rk00017,18,0.4410678273347405,2.9057645846554525,9,Temperature
o_min,xgb_tree_d3,m062532_o_min_ord18_rk00018,18,0.4480193818494863,2.858278308418045,9,Democracy
o_min,xgb_tree_d3,m062533_o_min_ord18_rk00019,18,0.4445751376036001,2.6688388898504303,8,Democracy
o_min,xgb_tree_d3,m062534_o_min_ord18_rk00020,18,0.4399633159541462,2.6416041678685938,7,Precipitation/droughts
o_min,xgb_tree_d3,m063515_o_min_ord19_rk00001,19,0.4379520173872664,2.6947814605842733,7,Temperature
o_min,xgb_tree_d3,m063516_o_min_ord19_rk00002,19,0.4488738087273656,2.8000446184790095,9,Democracy
o_min,xgb_tree_d3,m063517_o_min_ord19_rk00003,19,0.45674015027460657,2.8000446184790095,9,Democracy
o_min,xgb_tree_d3,m063518_o_min_ord19_rk00004,19,0.43640287061081173,2.9053077763737467,8,Democracy
o_min,xgb_tree_d3,m063519_o_min_ord19_rk00005,19,0.45025225850522865,2.7603136973125117,7,Precipitation/droughts
o_min,xgb_tree_d3,m063520_o_min_ord19_rk00006,19,0.4369552835903189,2.6947814605842733,7,Temperature
o_min,xgb_tree_d3,m063521_o_min_ord19_rk00007,19,0.4425942407661687,2.6292492238560348,7,Temperature
o_min,xgb_tree_d3,m063522_o_min_ord19_rk00008,19,0.4395142030736602,2.7153266987718094,7,Democracy
o_min,xgb_tree_d3,m063523_o_min_ord19_rk00009,19,0.4416347340277911,2.6292492238560348,7,Temperature
o_min,xgb_tree_d3,m063524_o_min_ord19_rk00010,19,0.45314603848408996,2.694781460584273,7,Temperature
o_min,xgb_tree_d3,m063525_o_min_ord19_rk00011,19,0.4489889552848838,2.694781460584273,8,Democracy
o_min,xgb_tree_d3,m063526_o_min_ord19_rk00012,19,0.45639382181258914,2.694781460584273,7,Precipitation/droughts
o_min,xgb_tree_d3,m063527_o_min_ord19_rk00013,19,0.4356566114659346,2.6292492238560348,7,Temperature
o_min,xgb_tree_d3,m063528_o_min_ord19_rk00014,19,0.44638391099334607,2.6100635408770723,7,Democracy
o_min,xgb_tree_d3,m063529_o_min_ord19_rk00015,19,0.4448317653600188,2.4370658315190226,7,Democracy
o_min,xgb_tree_d3,m063530_o_min_ord19_rk00016,19,0.45841454139808147,2.9000516989995426,9,Democracy
o_min,xgb_tree_d3,m063531_o_min_ord19_rk00017,19,0.44685615055903916,2.5820599105802575,8,Democracy
o_min,xgb_tree_d3,m063532_o_min_ord19_rk00018,19,0.45444461850502993,2.8000446184790095,9,Democracy
o_min,xgb_tree_d3,m063533_o_min_ord19_rk00019,19,0.44147147211460835,2.694781460584273,7,Temperature
o_min,xgb_tree_d3,m063534_o_min_ord19_rk00020,19,0.4548662761069038,2.984769618706743,9,Temperature
o_min,xgb_tree_d3,m064515_o_min_ord20_rk00001,20,0.44729343234804964,2.6841837197791887,7,Temperature
o_min,xgb_tree_d3,m064516_o_min_ord20_rk00002,20,0.4506834716807663,2.746439344671016,8,Democracy
o_min,xgb_tree_d3,m064517_o_min_ord20_rk00003,20,0.4447360414480699,2.6841837197791887,7,Temperature
o_min,xgb_tree_d3,m064518_o_min_ord20_rk00004,20,0.45796150386235246,2.739353872167201,9,Democracy
o_min,xgb_tree_d3,m064519_o_min_ord20_rk00005,20,0.43741042098323935,2.7464393446710154,7,Precipitation/droughts
o_min,xgb_tree_d3,m064520_o_min_ord20_rk00006,20,0.4387481104140313,2.884183719779189,8,Precipitation/droughts
o_min,xgb_tree_d3,m064521_o_min_ord20_rk00007,20,0.4536674065351707,2.739353872167201,9,Democracy
o_min,xgb_tree_d3,m064522_o_min_ord20_rk00008,20,0.4452827672705594,2.865957320949175,8,Democracy
o_min,xgb_tree_d3,m064523_o_min_ord20_rk00009,20,0.4496614007284462,2.739353872167201,9,Democracy
o_min,xgb_tree_d3,m064524_o_min_ord20_rk00010,20,0.4330269881895138,2.6841837197791887,7,Temperature
o_min,xgb_tree_d3,m064525_o_min_ord20_rk00011,20,0.4442130238394745,2.6037016960573482,7,Democracy
o_min,xgb_tree_d3,m064526_o_min_ord20_rk00012,20,0.44408312824551555,2.739353872167201,9,Democracy
o_min,xgb_tree_d3,m064527_o_min_ord20_rk00013,20,0.4320040119953674,2.6841837197791887,7,Temperature
o_min,xgb_tree_d3,m064528_o_min_ord20_rk00014,20,0.44031186570695047,2.7709505944546686,8,Democracy
o_min,xgb_tree_d3,m064529_o_min_ord20_rk00015,20,0.44297280731363253,2.6841837197791887,7,Temperature
o_min,xgb_tree_d3,m064530_o_min_ord20_rk00016,20,0.43725002604002494,2.6841837197791887,7,Temperature
o_min,xgb_tree_d3,m064531_o_min_ord20_rk00017,20,0.4384729191273632,2.865957320949175,8,Democracy
o_min,xgb_tree_d3,m064532_o_min_ord20_rk00018,20,0.4541540845703028,2.9414460711655215,9,Democracy
o_min,xgb_tree_d3,m064533_o_min_ord20_rk00019,20,0.43573363782419505,2.7282129458410016,7,Democracy
o_min,xgb_tree_d3,m064534_o_min_ord20_rk00020,20,0.4418285475312568,2.6841837197791887,7,Temperature
o_min,xgb_tree_d3,m065515_o_min_ord21_rk00001,21,0.4588480501435718,2.9463875191311275,9,Democracy
o_min,xgb_tree_d3,m065516_o_min_ord21_rk00002,21,0.4505896295501086,2.915195993795242,9,Democracy
o_min,xgb_tree_d3,m065517_o_min_ord21_rk00003,21,0.44669567798849386,2.7373227798185953,7,Temperature
o_min,xgb_tree_d3,m065518_o_min_ord21_rk00004,21,0.4492600729155416,2.753918758180346,9,Democracy
o_min,xgb_tree_d3,m065519_o_min_ord21_rk00005,21,0.45625478745401693,2.7199643047423914,8,Democracy
o_min,xgb_tree_d3,m065520_o_min_ord21_rk00006,21,0.4525079957929803,2.9463875191311275,9,Democracy
o_min,xgb_tree_d3,m065521_o_min_ord21_rk00007,21,0.4487633659048086,2.851149423893032,8,Democracy
o_min,xgb_tree_d3,m065522_o_min_ord21_rk00008,21,0.4453319832862379,2.7199643047423914,7,Democracy
o_min,xgb_tree_d3,m065523_o_min_ord21_rk00009,21,0.45000552926935344,2.6606732334168424,7,Democracy
o_min,xgb_tree_d3,m065524_o_min_ord21_rk00010,21,0.4462331369644137,2.6606732334168424,7,Democracy
o_min,xgb_tree_d3,m065525_o_min_ord21_rk00011,21,0.45786993318441627,2.7606668272315975,8,Democracy
o_min,xgb_tree_d3,m065526_o_min_ord21_rk00012,21,0.46205840544844423,2.7179717342678,8,Democracy
o_min,xgb_tree_d3,m065527_o_min_ord21_rk00013,21,0.451446913613342,2.6606732334168424,7,Democracy
o_min,xgb_tree_d3,m065528_o_min_ord21_rk00014,21,0.4542270955851243,2.9463875191311275,9,Democracy
o_min,xgb_tree_d3,m065529_o_min_ord21_rk00015,21,0.4546400764120283,2.9463875191311275,9,Temperature
o_min,xgb_tree_d3,m065530_o_min_ord21_rk00016,21,0.4442792402747038,2.851149423893032,8,Democracy
o_min,xgb_tree_d3,m065531_o_min_ord21_rk00017,21,0.46005207790571,2.9463875191311275,9,Democracy
o_min,xgb_tree_d3,m065532_o_min_ord21_rk00018,21,0.45403041570079894,2.753918758180346,9,Democracy
o_min,xgb_tree_d3,m065533_o_min_ord21_rk00019,21,0.441767195248543,2.7199643047423914,7,Democracy
o_min,xgb_tree_d3,m065534_o_min_ord21_rk00020,21,0.4525312953368896,2.7606668272315975,8,Democracy
o_min,xgb_tree_d3,m066515_o_min_ord22_rk00001,22,0.45616053004615276,2.9540036423298544,9,Democracy
o_min,xgb_tree_d3,m066516_o_min_ord22_rk00002,22,0.44417346486152776,2.9019469592513696,9,Democracy
o_min,xgb_tree_d3,m066517_o_min_ord22_rk00003,22,0.44739273519032385,2.9540036423298544,9,Democracy
o_min,xgb_tree_d3,m066518_o_min_ord22_rk00004,22,0.4466231298085124,2.731431053591683,9,Democracy
o_min,xgb_tree_d3,m066519_o_min_ord22_rk00005,22,0.45074337336055703,2.9151512344992474,9,Temperature
o_min,xgb_tree_d3,m066520_o_min_ord22_rk00006,22,0.43195298766321844,2.737872392231515,8,Democracy
o_min,xgb_tree_d3,m066521_o_min_ord22_rk00007,22,0.4608604800365944,2.9317206879810787,9,Democracy
o_min,xgb_tree_d3,m066522_o_min_ord22_rk00008,22,0.4466537854096839,2.9019469592513696,9,Democracy
o_min,xgb_tree_d3,m066523_o_min_ord22_rk00009,22,0.44614278238829774,2.8045965297024473,9,Democracy
o_min,xgb_tree_d3,m066524_o_min_ord22_rk00010,22,0.4444760995622562,2.9019469592513696,9,Democracy
o_min,xgb_tree_d3,m066525_o_min_ord22_rk00011,22,0.45022496244271426,2.9019469592513696,9,Democracy
o_min,xgb_tree_d3,m066526_o_min_ord22_rk00012,22,0.4575467681004828,2.7136874387933565,8,Democracy
o_min,xgb_tree_d3,m066527_o_min_ord22_rk00013,22,0.44456534829650607,2.9019469592513696,9,Democracy
o_min,xgb_tree_d3,m066528_o_min_ord22_rk00014,22,0.4518480058404788,2.6405219626825924,8,Democracy
o_min,xgb_tree_d3,m066529_o_min_ord22_rk00015,22,0.4521041153084524,2.9019469592513696,9,Democracy
o_min,xgb_tree_d3,m066530_o_min_ord22_rk00016,22,0.44349125478209694,2.867633890971212,9,Democracy
o_min,xgb_tree_d3,m066531_o_min_ord22_rk00017,22,0.45239179742365243,2.9540036423298544,9,Democracy
o_min,xgb_tree_d3,m066532_o_min_ord22_rk00018,22,0.45084175386515446,2.7155894378827394,7,Democracy
o_min,xgb_tree_d3,m066533_o_min_ord22_rk00019,22,0.44810328809295485,2.8045965297024473,9,Democracy
o_min,xgb_tree_d3,m066534_o_min_ord22_rk00020,22,0.45698290750372983,2.737872392231515,8,Democracy
o_min,xgb_tree_d3,m067515_o_min_ord23_rk00001,23,0.4558865629569133,2.9140163035068443,9,Democracy
o_min,xgb_tree_d3,m067516_o_min_ord23_rk00002,23,0.45838391551493873,2.9140163035068443,9,Democracy
o_min,xgb_tree_d3,m067517_o_min_ord23_rk00003,23,0.4522707169290401,2.9424955222917832,9,Democracy
o_min,xgb_tree_d3,m067518_o_min_ord23_rk00004,23,0.45656658620854207,2.9140163035068443,9,Democracy
o_min,xgb_tree_d3,m067519_o_min_ord23_rk00005,23,0.4576964344993508,2.859880977513952,9,Democracy
o_min,xgb_tree_d3,m067520_o_min_ord23_rk00006,23,0.45566354749249804,2.9424955222917832,9,Democracy
o_min,xgb_tree_d3,m067521_o_min_ord23_rk00007,23,0.4561577192874525,2.8927021732601896,9,Democracy
o_min,xgb_tree_d3,m067522_o_min_ord23_rk00008,23,0.4568677556997224,2.9140163035068443,9,Democracy
o_min,xgb_tree_d3,m067523_o_min_ord23_rk00009,23,0.4580463960328872,2.9140163035068443,9,Democracy
o_min,xgb_tree_d3,m067524_o_min_ord23_rk00010,23,0.45792827700433203,2.8768531307993075,9,Democracy
o_min,xgb_tree_d3,m067525_o_min_ord23_rk00011,23,0.4475163550499185,2.7029400873210467,8,Democracy
o_min,xgb_tree_d3,m067526_o_min_ord23_rk00012,23,0.45705874511760525,2.8440319350530703,9,Democracy
o_min,xgb_tree_d3,m067527_o_min_ord23_rk00013,23,0.4600779278869028,2.7837353286220776,9,Democracy
o_min,xgb_tree_d3,m067528_o_min_ord23_rk00014,23,0.45747440223377767,2.8927021732601896,9,Democracy
o_min,xgb_tree_d3,m067529_o_min_ord23_rk00015,23,0.4488781526445147,2.6967788068829472,8,Democracy
o_min,xgb_tree_d3,m067530_o_min_ord23_rk00016,23,0.4551678427301792,2.7837353286220776,9,Democracy
o_min,xgb_tree_d3,m067531_o_min_ord23_rk00017,23,0.4544697082102004,2.8208985013296144,9,Democracy
o_min,xgb_tree_d3,m067532_o_min_ord23_rk00018,23,0.4501407800510243,2.766763175336722,9,Democracy
o_min,xgb_tree_d3,m067533_o_min_ord23_rk00019,23,0.4603448020540062,2.9424955222917832,9,Democracy
o_min,xgb_tree_d3,m067534_o_min_ord23_rk00020,23,0.4508460645197836,2.8598809775139515,9,Democracy
o_min,xgb_tree_d3,m068515_o_min_ord24_rk00001,24,0.45677463046050726,2.8699100232740657,9,Democracy
o_min,xgb_tree_d3,m068516_o_min_ord24_rk00002,24,0.4562103660898805,2.907268229617389,9,Democracy
o_min,xgb_tree_d3,m068517_o_min_ord24_rk00003,24,0.4564789715873825,2.907268229617389,9,Democracy
o_min,xgb_tree_d3,m068518_o_min_ord24_rk00004,24,0.4578050805332914,2.8699100232740657,9,Democracy
o_min,xgb_tree_d3,m068519_o_min_ord24_rk00005,24,0.45529621823072797,2.907268229617389,9,Democracy
o_min,xgb_tree_d3,m068520_o_min_ord24_rk00006,24,0.44419969778105506,2.8699100232740657,9,Democracy
o_min,xgb_tree_d3,m068521_o_min_ord24_rk00007,24,0.45192129809293413,2.907268229617389,9,Democracy
o_min,xgb_tree_d3,m068522_o_min_ord24_rk00008,24,0.4499594449929647,2.8699100232740657,9,Democracy
o_min,xgb_tree_d3,m068523_o_min_ord24_rk00009,24,0.45092704914135406,2.7509619827626763,9,Democracy
o_min,xgb_tree_d3,m068524_o_min_ord24_rk00010,24,0.4512727523311135,2.907268229617389,9,Democracy
o_min,xgb_tree_d3,m068525_o_min_ord24_rk00011,24,0.44980865099940415,2.892079563925711,9,Democracy
o_min,xgb_tree_d3,m068526_o_min_ord24_rk00012,24,0.4574039869892209,2.840199876515855,9,Democracy
o_min,xgb_tree_d3,m068527_o_min_ord24_rk00013,24,0.4561761531614793,2.907268229617389,9,Democracy
o_min,xgb_tree_d3,m068528_o_min_ord24_rk00014,24,0.4532991511427137,2.907268229617389,9,Democracy
o_min,xgb_tree_d3,m068529_o_min_ord24_rk00015,24,0.45881439530073154,2.907268229617389,9,Democracy
o_min,xgb_tree_d3,m068530_o_min_ord24_rk00016,24,0.4590728962066539,2.8699100232740657,9,Democracy
o_min,xgb_tree_d3,m068531_o_min_ord24_rk00017,24,0.4484921294213443,2.8699100232740657,9,Democracy
o_min,xgb_tree_d3,m068532_o_min_ord24_rk00018,24,0.4591941137543101,2.83429531609601,9,Democracy
o_min,xgb_tree_d3,m068533_o_min_ord24_rk00019,24,0.45715219291108256,2.8699100232740657,9,Democracy
o_min,xgb_tree_d3,m068534_o_min_ord24_rk00020,24,0.45937976905051614,2.907268229617389,9,Democracy
o_min,xgb_tree_d3,m069515_o_min_ord25_rk00001,25,0.4551383898730552,2.8676013115120567,9,Democracy
o_min,xgb_tree_d3,m069516_o_min_ord25_rk00002,25,0.46168678772938276,2.8676013115120567,9,Democracy
o_min,xgb_tree_d3,m069517_o_min_ord25_rk00003,25,0.44850274640557475,2.8530201924480454,9,Democracy
o_min,xgb_tree_d3,m069518_o_min_ord25_rk00004,25,0.44604385454550943,2.8676013115120567,9,Democracy
o_min,xgb_tree_d3,m069519_o_min_ord25_rk00005,25,0.45343494776934945,2.823465189601647,9,Democracy
o_min,xgb_tree_d3,m069520_o_min_ord25_rk00006,25,0.45535281585314136,2.8676013115120567,9,Democracy
o_min,xgb_tree_d3,m069521_o_min_ord25_rk00007,25,0.46147268358585813,2.8888840705376357,9,Democracy
o_min,xgb_tree_d3,m069522_o_min_ord25_rk00008,25,0.44801234482006425,2.8676013115120567,9,Democracy
o_min,xgb_tree_d3,m069523_o_min_ord25_rk00009,25,0.46193594576110697,2.8676013115120567,9,Democracy
o_min,xgb_tree_d3,m069524_o_min_ord25_rk00010,25,0.45420886087489387,2.8888840705376357,9,Democracy
o_min,xgb_tree_d3,m069525_o_min_ord25_rk00011,25,0.4650145908120664,2.8676013115120567,9,Democracy
o_min,xgb_tree_d3,m069526_o_min_ord25_rk00012,25,0.4599953425615677,2.8676013115120567,9,Democracy
o_min,xgb_tree_d3,m069527_o_min_ord25_rk00013,25,0.46239524148296196,2.8676013115120567,9,Democracy
o_min,xgb_tree_d3,m069528_o_min_ord25_rk00014,25,0.45187919730488846,2.8676013115120567,9,Democracy
o_min,xgb_tree_d3,m069529_o_min_ord25_rk00015,25,0.4565685305966357,2.8888840705376357,9,Democracy
o_min,xgb_tree_d3,m069530_o_min_ord25_rk00016,25,0.44515444964901185,2.84307418942857,8,Democracy
o_min,xgb_tree_d3,m069531_o_min_ord25_rk00017,25,0.45393765424846666,2.8888840705376357,9,Democracy
o_min,xgb_tree_d3,m069532_o_min_ord25_rk00018,25,0.4549000372287034,2.8888840705376357,9,Democracy
o_min,xgb_tree_d3,m069533_o_min_ord25_rk00019,25,0.4546507113123863,2.8676013115120567,9,Democracy
o_min,xgb_tree_d3,m069534_o_min_ord25_rk00020,25,0.45019321500572607,2.833411192621123,9,Democracy
o_min,xgb_tree_d3,m070515_o_min_ord26_rk00001,26,0.46325708591438675,2.8536700092563416,9,Democracy
o_min,xgb_tree_d3,m070516_o_min_ord26_rk00002,26,0.46243390490364544,2.8536700092563416,9,Democracy
o_min,xgb_tree_d3,m070517_o_min_ord26_rk00003,26,0.46527111983378533,2.8536700092563416,9,Democracy
o_min,xgb_tree_d3,m070518_o_min_ord26_rk00004,26,0.45944710986315207,2.811231430496332,9,Democracy
o_min,xgb_tree_d3,m070519_o_min_ord26_rk00005,26,0.46820371902562774,2.8536700092563416,9,Democracy
o_min,xgb_tree_d3,m070520_o_min_ord26_rk00006,26,0.4618961247402884,2.8252517372886508,9,Democracy
o_min,xgb_tree_d3,m070521_o_min_ord26_rk00007,26,0.4634519489302974,2.8252517372886508,9,Democracy
o_min,xgb_tree_d3,m070522_o_min_ord26_rk00008,26,0.4496183048628113,2.8536700092563416,9,Democracy
o_min,xgb_tree_d3,m070523_o_min_ord26_rk00009,26,0.4660085917643919,2.8252517372886508,9,Democracy
o_min,xgb_tree_d3,m070524_o_min_ord26_rk00010,26,0.4567992364858692,2.8252517372886508,9,Democracy
o_min,xgb_tree_d3,m070525_o_min_ord26_rk00011,26,0.47906894550828594,2.8536700092563416,9,Democracy
o_min,xgb_tree_d3,m070526_o_min_ord26_rk00012,26,0.45960365506561507,2.8536700092563416,9,Democracy
o_min,xgb_tree_d3,m070527_o_min_ord26_rk00013,26,0.4654703677754852,2.8536700092563416,9,Democracy
o_min,xgb_tree_d3,m070528_o_min_ord26_rk00014,26,0.44060528934493226,2.8252517372886508,9,Democracy
o_min,xgb_tree_d3,m070529_o_min_ord26_rk00015,26,0.47399802218251863,2.8536700092563416,9,Democracy
o_min,xgb_tree_d3,m070530_o_min_ord26_rk00016,26,0.47599080275426653,2.8536700092563416,9,Democracy
o_min,xgb_tree_d3,m070531_o_min_ord26_rk00017,26,0.4532756218080092,2.8536700092563416,9,Democracy
o_min,xgb_tree_d3,m070532_o_min_ord26_rk00018,26,0.4536999337391915,2.8536700092563416,9,Democracy
o_min,xgb_tree_d3,m070533_o_min_ord26_rk00019,26,0.455233941784567,2.8536700092563416,9,Democracy
o_min,xgb_tree_d3,m070534_o_min_ord26_rk00020,26,0.4629946305274978,2.8536700092563416,9,Democracy
o_min,xgb_tree_d3,m071515_o_min_ord27_rk00001,27,0.4480657235734282,2.815460540067162,9,Democracy
o_min,xgb_tree_d3,m071516_o_min_ord27_rk00002,27,0.4489935253479498,2.815460540067162,9,Democracy
o_min,xgb_tree_d3,m071517_o_min_ord27_rk00003,27,0.4495935178844308,2.815460540067162,9,Democracy
o_min,xgb_tree_d3,m071518_o_min_ord27_rk00004,27,0.4479016055152506,2.815460540067162,9,Democracy
o_min,xgb_tree_d3,m071519_o_min_ord27_rk00005,27,0.4533139081376113,2.815460540067162,9,Democracy
o_min,xgb_tree_d3,m071520_o_min_ord27_rk00006,27,0.450585414146643,2.815460540067162,9,Democracy
o_min,xgb_tree_d3,m071521_o_min_ord27_rk00007,27,0.4464425511792004,2.8139107630313687,8,Democracy
o_min,xgb_tree_d3,m071522_o_min_ord27_rk00008,27,0.44693870783603373,2.815460540067162,9,Democracy
o_min,xgb_tree_d3,m071523_o_min_ord27_rk00009,27,0.4471775477892401,2.741386465993088,8,Democracy
o_min,xgb_tree_d3,m071524_o_min_ord27_rk00010,27,0.46027127508581356,2.815460540067162,9,Democracy
o_min,xgb_tree_d3,m071525_o_min_ord27_rk00011,27,0.44804355826347164,2.815460540067162,9,Democracy
o_min,xgb_tree_d3,m071526_o_min_ord27_rk00012,27,0.4611099403578116,2.815460540067162,9,Democracy
o_min,xgb_tree_d3,m071527_o_min_ord27_rk00013,27,0.4555490021030665,2.9024425973114867,9,Democracy
o_min,xgb_tree_d3,m071528_o_min_ord27_rk00014,27,0.4536409909458442,2.815460540067162,9,Democracy
o_min,xgb_tree_d3,m071529_o_min_ord27_rk00015,27,0.4428182226348767,2.9341001148030923,9,Democracy
o_min,xgb_tree_d3,m071530_o_min_ord27_rk00016,27,0.4520193170574893,2.976516671385561,10,Democracy
o_min,xgb_tree_d3,m071531_o_min_ord27_rk00017,27,0.448820339965163,2.815460540067162,9,Democracy
o_min,xgb_tree_d3,m071532_o_min_ord27_rk00018,27,0.44821285474050987,2.861575817764811,9,Democracy
o_min,xgb_tree_d3,m071533_o_min_ord27_rk00019,27,0.4450814237845425,2.815460540067162,9,Democracy
o_min,xgb_tree_d3,m071534_o_min_ord27_rk00020,27,0.44782492411764063,2.9024425973114867,9,Democracy
o_min,xgb_tree_d3,m072515_o_min_ord28_rk00001,28,0.4524564646704965,2.780394654123194,8,Democracy
o_min,xgb_tree_d3,m072516_o_min_ord28_rk00002,28,0.43847270624469015,2.865764637179023,9,Democracy
o_min,xgb_tree_d3,m072517_o_min_ord28_rk00003,28,0.44819949521516844,2.7754316010011366,9,Democracy
o_min,xgb_tree_d3,m072518_o_min_ord28_rk00004,28,0.4407433163439133,2.865764637179023,9,Democracy
o_min,xgb_tree_d3,m072519_o_min_ord28_rk00005,28,0.45379361563661547,2.704003029572565,8,Democracy
o_min,xgb_tree_d3,m072520_o_min_ord28_rk00006,28,0.43707232076386604,2.937193208607594,10,Democracy
o_min,xgb_tree_d3,m072521_o_min_ord28_rk00007,28,0.4477696974211236,2.7754316010011366,9,Democracy
o_min,xgb_tree_d3,m072522_o_min_ord28_rk00008,28,0.4496230780795686,2.780394654123194,8,Democracy
o_min,xgb_tree_d3,m072523_o_min_ord28_rk00009,28,0.4378062185505234,2.865764637179023,9,Democracy
o_min,xgb_tree_d3,m072524_o_min_ord28_rk00010,28,0.4456863957173949,2.865764637179023,9,Democracy
o_min,xgb_tree_d3,m072525_o_min_ord28_rk00011,28,0.44570541541244313,2.7754316010011366,9,Democracy
o_min,xgb_tree_d3,m072526_o_min_ord28_rk00012,28,0.4343643927649604,2.865764637179023,9,Democracy
o_min,xgb_tree_d3,m072527_o_min_ord28_rk00013,28,0.4424851641558005,2.935698780751651,9,Democracy
o_min,xgb_tree_d3,m072528_o_min_ord28_rk00014,28,0.4394357237358639,2.8962915290459277,9,Democracy
o_min,xgb_tree_d3,m072529_o_min_ord28_rk00015,28,0.4341498324236628,2.865764637179023,9,Democracy
o_min,xgb_tree_d3,m072530_o_min_ord28_rk00016,28,0.44317351847990294,2.935698780751651,9,Democracy
o_min,xgb_tree_d3,m072531_o_min_ord28_rk00017,28,0.43950308737599475,2.7754316010011366,9,Democracy
o_min,xgb_tree_d3,m072532_o_min_ord28_rk00018,28,0.45343148800189226,3.0210687638074782,10,Democracy
o_min,xgb_tree_d3,m072533_o_min_ord28_rk00019,28,0.44117054980154846,2.7754316010011366,9,Democracy
o_min,xgb_tree_d3,m072534_o_min_ord28_rk00020,28,0.4498807615213587,2.937193208607594,10,Democracy
o_min,xgb_tree_d3,m073515_o_min_ord29_rk00001,29,0.449786668826352,2.8271584782454653,9,Democracy
o_min,xgb_tree_d3,m073516_o_min_ord29_rk00002,29,0.45433397248245844,2.900915908846073,9,Democracy
o_min,xgb_tree_d3,m073517_o_min_ord29_rk00003,29,0.45797341463272845,2.8271584782454653,9,Democracy
o_min,xgb_tree_d3,m073518_o_min_ord29_rk00004,29,0.4543013936683855,2.8271584782454653,9,Democracy
o_min,xgb_tree_d3,m073519_o_min_ord29_rk00005,29,0.45371162592109926,2.8271584782454653,9,Democracy
o_min,xgb_tree_d3,m073520_o_min_ord29_rk00006,29,0.4494660516060547,2.7447322877088034,8,Democracy
o_min,xgb_tree_d3,m073521_o_min_ord29_rk00007,29,0.45519056195683427,2.8271584782454653,9,Democracy
o_min,xgb_tree_d3,m073522_o_min_ord29_rk00008,29,0.452917148888506,2.900915908846073,9,Democracy
o_min,xgb_tree_d3,m073523_o_min_ord29_rk00009,29,0.44742460828239405,2.8271584782454653,9,Democracy
o_min,xgb_tree_d3,m073524_o_min_ord29_rk00010,29,0.44865814280702676,2.983342099382735,10,Democracy
o_min,xgb_tree_d3,m073525_o_min_ord29_rk00011,29,0.45149607711304507,2.900915908846073,9,Democracy
o_min,xgb_tree_d3,m073526_o_min_ord29_rk00012,29,0.4527316647734676,2.8566327186686844,9,Democracy
o_min,xgb_tree_d3,m073527_o_min_ord29_rk00013,29,0.4498465958936152,2.8961239954868447,10,Democracy
o_min,xgb_tree_d3,m073528_o_min_ord29_rk00014,29,0.45551669877777,2.8271584782454653,9,Democracy
o_min,xgb_tree_d3,m073529_o_min_ord29_rk00015,29,0.4503807486512633,2.900915908846073,9,Democracy
o_min,xgb_tree_d3,m073530_o_min_ord29_rk00016,29,0.4462291521386208,2.8566327186686844,9,Democracy
o_min,xgb_tree_d3,m073531_o_min_ord29_rk00017,29,0.44921060193436757,2.983342099382735,10,Democracy
o_min,xgb_tree_d3,m073532_o_min_ord29_rk00018,29,0.43734254041349807,2.8271584782454653,9,Democracy
o_min,xgb_tree_d3,m073533_o_min_ord29_rk00019,29,0.4518429187728844,2.8271584782454653,9,Democracy
o_min,xgb_tree_d3,m073534_o_min_ord29_rk00020,29,0.45364437189499884,2.983342099382735,10,Democracy
o_min,xgb_tree_d3,m074515_o_min_ord30_rk00001,30,0.438695430185271,2.8640835117703762,9,Democracy
o_min,xgb_tree_d3,m074516_o_min_ord30_rk00002,30,0.4390871850542808,2.7874302980927217,9,Democracy
o_min,xgb_tree_d3,m074517_o_min_ord30_rk00003,30,0.4369062758626734,2.8640835117703762,9,Democracy
o_min,xgb_tree_d3,m074518_o_min_ord30_rk00004,30,0.4436720152310466,2.7874302980927217,9,Democracy
o_min,xgb_tree_d3,m074519_o_min_ord30_rk00005,30,0.4440035662929336,2.8640835117703762,9,Democracy
o_min,xgb_tree_d3,m074520_o_min_ord30_rk00006,30,0.4467775654008075,2.9437621626224817,10,Democracy
o_min,xgb_tree_d3,m074521_o_min_ord30_rk00007,30,0.4287633119445773,2.7874302980927217,9,Democracy
o_min,xgb_tree_d3,m074522_o_min_ord30_rk00008,30,0.44595866827522057,2.9437621626224817,10,Democracy
o_min,xgb_tree_d3,m074523_o_min_ord30_rk00009,30,0.4246216736315154,2.9437621626224817,10,Democracy
o_min,xgb_tree_d3,m074524_o_min_ord30_rk00010,30,0.4417348424244226,2.9437621626224817,10,Democracy
o_min,xgb_tree_d3,m074525_o_min_ord30_rk00011,30,0.4355552722631618,2.8640835117703762,9,Democracy
o_min,xgb_tree_d3,m074526_o_min_ord30_rk00012,30,0.4385291060952542,2.7874302980927217,9,Democracy
o_min,xgb_tree_d3,m074527_o_min_ord30_rk00013,30,0.44946742967670383,2.7874302980927217,9,Democracy
o_min,xgb_tree_d3,m074528_o_min_ord30_rk00014,30,0.4302231595480681,2.9437621626224817,10,Democracy
o_min,xgb_tree_d3,m074529_o_min_ord30_rk00015,30,0.4361053480185172,2.8640835117703762,9,Democracy
o_min,xgb_tree_d3,m074530_o_min_ord30_rk00016,30,0.4540035978846958,2.8770954959558153,9,Democracy
o_min,xgb_tree_d3,m074531_o_min_ord30_rk00017,30,0.44363971657053514,2.9437621626224817,10,Democracy
o_min,xgb_tree_d3,m074532_o_min_ord30_rk00018,30,0.4409573523478234,2.9437621626224817,10,Democracy
o_min,xgb_tree_d3,m074533_o_min_ord30_rk00019,30,0.44904022568923185,2.7874302980927217,9,Democracy
o_min,xgb_tree_d3,m074534_o_min_ord30_rk00020,30,0.43414463269394665,2.7874302980927217,9,Democracy
o_max,xgb_tree_d3,m000000_o_max_ord3_rk00001,3,0.4457255839995865,-0.0,1,Democracy
o_max,xgb_tree_d3,m000001_o_max_ord3_rk00002,3,0.40298209225524195,-0.0,1,Air Pollution
o_max,xgb_tree_d3,m000002_o_max_ord3_rk00003,3,0.4489653873971998,-0.0,1,Democracy
o_max,xgb_tree_d3,m000003_o_max_ord3_rk00004,3,0.45351522167535807,-0.0,1,Democracy
o_max,xgb_tree_d3,m000004_o_max_ord3_rk00005,3,0.44836087215883513,-0.0,1,Democracy
o_max,xgb_tree_d3,m000005_o_max_ord3_rk00006,3,0.4245926740846516,-0.0,1,Democracy
o_max,xgb_tree_d3,m000006_o_max_ord3_rk00007,3,0.4457399735802172,-0.0,1,Democracy
o_max,xgb_tree_d3,m000007_o_max_ord3_rk00008,3,0.4523761004658726,-0.0,1,Democracy
o_max,xgb_tree_d3,m000008_o_max_ord3_rk00009,3,0.4578654937783011,-0.0,1,Democracy
o_max,xgb_tree_d3,m000009_o_max_ord3_rk00010,3,0.4534455172951418,-0.0,1,Democracy
o_max,xgb_tree_d3,m000010_o_max_ord3_rk00011,3,0.4478925212036491,-0.0,1,Democracy
o_max,xgb_tree_d3,m000011_o_max_ord3_rk00012,3,0.4517979098159567,-0.0,1,Democracy
o_max,xgb_tree_d3,m000012_o_max_ord3_rk00013,3,0.4233760317923777,-0.0,1,Democracy
o_max,xgb_tree_d3,m000013_o_max_ord3_rk00014,3,0.4550232681528672,-0.0,1,Democracy
o_max,xgb_tree_d3,m000014_o_max_ord3_rk00015,3,0.4507163492294388,-0.0,1,Democracy
o_max,xgb_tree_d3,m000015_o_max_ord3_rk00016,3,0.45276054685049183,-0.0,1,Democracy
o_max,xgb_tree_d3,m000016_o_max_ord3_rk00017,3,0.4383508090735986,-0.0,1,Democracy
o_max,xgb_tree_d3,m000017_o_max_ord3_rk00018,3,0.4471448157575101,-0.0,1,Democracy
o_max,xgb_tree_d3,m000018_o_max_ord3_rk00019,3,0.44449465282499045,-0.0,1,Democracy
o_max,xgb_tree_d3,m000019_o_max_ord3_rk00020,3,0.45585223680209286,-0.0,1,Democracy
o_max,xgb_tree_d3,m001000_o_max_ord4_rk00001,4,0.44527111097903893,-0.0,1,Democracy
o_max,xgb_tree_d3,m001001_o_max_ord4_rk00002,4,0.4490633478728726,-0.0,1,Democracy
o_max,xgb_tree_d3,m001002_o_max_ord4_rk00003,4,0.4526243891201931,-0.0,1,Democracy
o_max,xgb_tree_d3,m001003_o_max_ord4_rk00004,4,0.4451973399372017,-0.0,1,Democracy
o_max,xgb_tree_d3,m001004_o_max_ord4_rk00005,4,0.4521379851921399,-0.0,1,Democracy
o_max,xgb_tree_d3,m001005_o_max_ord4_rk00006,4,0.43119201042282373,-0.0,1,Democracy
o_max,xgb_tree_d3,m001006_o_max_ord4_rk00007,4,0.4543866243813308,-0.0,1,Democracy
o_max,xgb_tree_d3,m001007_o_max_ord4_rk00008,4,0.38225137444367097,-0.0,1,Air Pollution
o_max,xgb_tree_d3,m001008_o_max_ord4_rk00009,4,0.4450647103397445,-0.0,1,Democracy
o_max,xgb_tree_d3,m001009_o_max_ord4_rk00010,4,0.4416041543160665,-0.0,1,Democracy
o_max,xgb_tree_d3,m001010_o_max_ord4_rk00011,4,0.45084122926939596,-0.0,1,Democracy
o_max,xgb_tree_d3,m001011_o_max_ord4_rk00012,4,0.42920650253309567,-0.0,1,Democracy
o_max,xgb_tree_d3,m001012_o_max_ord4_rk00013,4,0.44234181590837296,-0.0,1,Democracy
o_max,xgb_tree_d3,m001013_o_max_ord4_rk00014,4,0.384659480335825,-0.0,1,Democracy
o_max,xgb_tree_d3,m001014_o_max_ord4_rk00015,4,0.45137961297926854,-0.0,1,Democracy
o_max,xgb_tree_d3,m001015_o_max_ord4_rk00016,4,0.43764415333548157,-0.0,1,Democracy
o_max,xgb_tree_d3,m001016_o_max_ord4_rk00017,4,0.45209743888603005,-0.0,1,Democracy
o_max,xgb_tree_d3,m001017_o_max_ord4_rk00018,4,0.4087624378319171,-0.0,1,Democracy
o_max,xgb_tree_d3,m001018_o_max_ord4_rk00019,4,0.4378627804826949,-0.0,1,Democracy
o_max,xgb_tree_d3,m001019_o_max_ord4_rk00020,4,0.3866356463002618,-0.0,1,Air Pollution
o_max,xgb_tree_d3,m002000_o_max_ord5_rk00001,5,0.45827034747003315,-0.0,1,Democracy
o_max,xgb_tree_d3,m002001_o_max_ord5_rk00002,5,0.4581174671192708,-0.0,1,Democracy
o_max,xgb_tree_d3,m002002_o_max_ord5_rk00003,5,0.45669508218617616,-0.0,1,Democracy
o_max,xgb_tree_d3,m002003_o_max_ord5_rk00004,5,0.45225582602202397,-0.0,1,Democracy
o_max,xgb_tree_d3,m002004_o_max_ord5_rk00005,5,0.45071321662351105,-0.0,1,Democracy
o_max,xgb_tree_d3,m002005_o_max_ord5_rk00006,5,0.45707588072923366,-0.0,1,Democracy
o_max,xgb_tree_d3,m002006_o_max_ord5_rk00007,5,0.44495202852209237,-0.0,1,Democracy
o_max,xgb_tree_d3,m002007_o_max_ord5_rk00008,5,0.4470623777794205,-0.0,1,Democracy
o_max,xgb_tree_d3,m002008_o_max_ord5_rk00009,5,0.4523127739852868,-0.0,1,Democracy
o_max,xgb_tree_d3,m002009_o_max_ord5_rk00010,5,0.43753836821425085,-0.0,1,Democracy
o_max,xgb_tree_d3,m002010_o_max_ord5_rk00011,5,0.4246280682980976,-0.0,1,Democracy
o_max,xgb_tree_d3,m002011_o_max_ord5_rk00012,5,0.45855821097279303,-0.0,1,Democracy
o_max,xgb_tree_d3,m002012_o_max_ord5_rk00013,5,0.4236298743578023,-0.0,1,Democracy
o_max,xgb_tree_d3,m002013_o_max_ord5_rk00014,5,0.45768562381649636,-0.0,1,Democracy
o_max,xgb_tree_d3,m002014_o_max_ord5_rk00015,5,0.4506543344489137,-0.0,1,Democracy
o_max,xgb_tree_d3,m002015_o_max_ord5_rk00016,5,0.44530832466085357,-0.0,1,Democracy
o_max,xgb_tree_d3,m002016_o_max_ord5_rk00017,5,0.4548307408415193,-0.0,1,Democracy
o_max,xgb_tree_d3,m002017_o_max_ord5_rk00018,5,0.44645015124938203,-0.0,1,Democracy
o_max,xgb_tree_d3,m002018_o_max_ord5_rk00019,5,0.4452548951697888,-0.0,1,Democracy
o_max,xgb_tree_d3,m002019_o_max_ord5_rk00020,5,0.4330824933441617,-0.0,1,Democracy
o_max,xgb_tree_d3,m003000_o_max_ord6_rk00001,6,0.45356487610863394,-0.0,1,Democracy
o_max,xgb_tree_d3,m003001_o_max_ord6_rk00002,6,0.4566786516416549,-0.0,1,Democracy
o_max,xgb_tree_d3,m003002_o_max_ord6_rk00003,6,0.4504937082698275,-0.0,1,Democracy
o_max,xgb_tree_d3,m003003_o_max_ord6_rk00004,6,0.44909607517083183,-0.0,1,Democracy
o_max,xgb_tree_d3,m003004_o_max_ord6_rk00005,6,0.436857393066867,-0.0,1,Democracy
o_max,xgb_tree_d3,m003005_o_max_ord6_rk00006,6,0.442441178073939,-0.0,1,Democracy
o_max,xgb_tree_d3,m003006_o_max_ord6_rk00007,6,0.44847486102426437,-0.0,1,Democracy
o_max,xgb_tree_d3,m003007_o_max_ord6_rk00008,6,0.41565971209010644,-0.0,1,Democracy
o_max,xgb_tree_d3,m003008_o_max_ord6_rk00009,6,0.4413106581687465,-0.0,1,Democracy
o_max,xgb_tree_d3,m003009_o_max_ord6_rk00010,6,0.4605807529391929,-0.0,1,Democracy
o_max,xgb_tree_d3,m003010_o_max_ord6_rk00011,6,0.45265791975677927,-0.0,1,Democracy
o_max,xgb_tree_d3,m003011_o_max_ord6_rk00012,6,0.45824140963153703,-0.0,1,Democracy
o_max,xgb_tree_d3,m003012_o_max_ord6_rk00013,6,0.4521531078110185,-0.0,1,Democracy
o_max,xgb_tree_d3,m003013_o_max_ord6_rk00014,6,0.46056029859704384,-0.0,1,Democracy
o_max,xgb_tree_d3,m003014_o_max_ord6_rk00015,6,0.44311106941757217,-0.0,1,Democracy
o_max,xgb_tree_d3,m003015_o_max_ord6_rk00016,6,0.44077772332173426,-0.0,1,Democracy
o_max,xgb_tree_d3,m003016_o_max_ord6_rk00017,6,0.46298852444653327,-0.0,1,Democracy
o_max,xgb_tree_d3,m003017_o_max_ord6_rk00018,6,0.4185204836322379,-0.0,1,Democracy
o_max,xgb_tree_d3,m003018_o_max_ord6_rk00019,6,0.45854830584348616,-0.0,1,Democracy
o_max,xgb_tree_d3,m003019_o_max_ord6_rk00020,6,0.42540142759218325,-0.0,1,Democracy
o_max,xgb_tree_d3,m004000_o_max_ord7_rk00001,7,0.45131795031908284,-0.0,1,Democracy
o_max,xgb_tree_d3,m004001_o_max_ord7_rk00002,7,0.44120817474225094,-0.0,1,Democracy
o_max,xgb_tree_d3,m004002_o_max_ord7_rk00003,7,0.44936356354641216,-0.0,1,Democracy
o_max,xgb_tree_d3,m004003_o_max_ord7_rk00004,7,0.43239190969306374,-0.0,1,Democracy
o_max,xgb_tree_d3,m004004_o_max_ord7_rk00005,7,0.4356804089362295,-0.0,1,Democracy
o_max,xgb_tree_d3,m004005_o_max_ord7_rk00006,7,0.4486055250242982,-0.0,1,Democracy
o_max,xgb_tree_d3,m004006_o_max_ord7_rk00007,7,0.451305099718723,-0.0,1,Democracy
o_max,xgb_tree_d3,m004007_o_max_ord7_rk00008,7,0.41740792314429587,-0.0,1,Democracy
o_max,xgb_tree_d3,m004008_o_max_ord7_rk00009,7,0.45277995249265945,-0.0,1,Democracy
o_max,xgb_tree_d3,m004009_o_max_ord7_rk00010,7,0.4534126951405374,-0.0,1,Democracy
o_max,xgb_tree_d3,m004010_o_max_ord7_rk00011,7,0.44448047462717444,-0.0,1,Democracy
o_max,xgb_tree_d3,m004011_o_max_ord7_rk00012,7,0.43482434148060944,-0.0,1,Democracy
o_max,xgb_tree_d3,m004012_o_max_ord7_rk00013,7,0.4485828199350934,-0.0,1,Democracy
o_max,xgb_tree_d3,m004013_o_max_ord7_rk00014,7,0.41784952020837396,-0.0,1,Democracy
o_max,xgb_tree_d3,m004014_o_max_ord7_rk00015,7,0.4600010660233138,-0.0,1,Democracy
o_max,xgb_tree_d3,m004015_o_max_ord7_rk00016,7,0.40451585334301243,-0.0,1,Democracy
o_max,xgb_tree_d3,m004016_o_max_ord7_rk00017,7,0.43541638290935125,-0.0,1,Democracy
o_max,xgb_tree_d3,m004017_o_max_ord7_rk00018,7,0.4483625676450891,-0.0,1,Democracy
o_max,xgb_tree_d3,m004018_o_max_ord7_rk00019,7,0.44529299564697655,-0.0,1,Democracy
o_max,xgb_tree_d3,m004019_o_max_ord7_rk00020,7,0.4234610504779466,-0.0,1,Democracy
o_max,xgb_tree_d3,m005000_o_max_ord8_rk00001,8,0.4434914479101377,-0.0,1,Democracy
o_max,xgb_tree_d3,m005001_o_max_ord8_rk00002,8,0.4481595966666555,-0.0,1,Democracy
o_max,xgb_tree_d3,m005002_o_max_ord8_rk00003,8,0.416834061996753,-0.0,1,Democracy
o_max,xgb_tree_d3,m005003_o_max_ord8_rk00004,8,0.4483528577301349,-0.0,1,Democracy
o_max,xgb_tree_d3,m005004_o_max_ord8_rk00005,8,0.4562422619962967,-0.0,1,Democracy
o_max,xgb_tree_d3,m005005_o_max_ord8_rk00006,8,0.4143612622378632,-0.0,1,Democracy
o_max,xgb_tree_d3,m005006_o_max_ord8_rk00007,8,0.43600858384816976,-0.0,1,Democracy
o_max,xgb_tree_d3,m005007_o_max_ord8_rk00008,8,0.4292418984894898,-0.0,1,Democracy
o_max,xgb_tree_d3,m005008_o_max_ord8_rk00009,8,0.4209642573138491,-0.0,1,Democracy
o_max,xgb_tree_d3,m005009_o_max_ord8_rk00010,8,0.4372935189461097,-0.0,1,Democracy
o_max,xgb_tree_d3,m005010_o_max_ord8_rk00011,8,0.4333953480399799,-0.0,1,Democracy
o_max,xgb_tree_d3,m005011_o_max_ord8_rk00012,8,0.45011857818332524,-0.0,1,Democracy
o_max,xgb_tree_d3,m005012_o_max_ord8_rk00013,8,0.4489870441347942,-0.0,1,Democracy
o_max,xgb_tree_d3,m005013_o_max_ord8_rk00014,8,0.4028283689317068,-0.0,1,Democracy
o_max,xgb_tree_d3,m005014_o_max_ord8_rk00015,8,0.44669220568033485,-0.0,1,Democracy
o_max,xgb_tree_d3,m005015_o_max_ord8_rk00016,8,0.44112639101150475,-0.0,1,Democracy
o_max,xgb_tree_d3,m005016_o_max_ord8_rk00017,8,0.4505285881153075,-0.0,1,Democracy
o_max,xgb_tree_d3,m005017_o_max_ord8_rk00018,8,0.44687828539984764,-0.0,1,Democracy
o_max,xgb_tree_d3,m005018_o_max_ord8_rk00019,8,0.3951935513815905,-0.0,1,Democracy
o_max,xgb_tree_d3,m005019_o_max_ord8_rk00020,8,0.4349233825046743,-0.0,1,Democracy
o_max,xgb_tree_d3,m006000_o_max_ord9_rk00001,9,0.425509977550518,-0.0,1,Democracy
o_max,xgb_tree_d3,m006001_o_max_ord9_rk00002,9,0.4342015929206572,-0.0,1,Democracy
o_max,xgb_tree_d3,m006002_o_max_ord9_rk00003,9,0.43962376910954304,-0.0,1,Democracy
o_max,xgb_tree_d3,m006003_o_max_ord9_rk00004,9,0.3968519969722166,-0.0,1,Democracy
o_max,xgb_tree_d3,m006004_o_max_ord9_rk00005,9,0.43748129916857537,-0.0,1,Democracy
o_max,xgb_tree_d3,m006005_o_max_ord9_rk00006,9,0.4490184192186415,-0.0,1,Democracy
o_max,xgb_tree_d3,m006006_o_max_ord9_rk00007,9,0.4035624276852804,-0.0,1,Democracy
o_max,xgb_tree_d3,m006007_o_max_ord9_rk00008,9,0.44035467541712126,-0.0,1,Democracy
o_max,xgb_tree_d3,m006008_o_max_ord9_rk00009,9,0.44422942860828396,-0.0,1,Democracy
o_max,xgb_tree_d3,m006009_o_max_ord9_rk00010,9,0.4447372994380352,-0.0,1,Democracy
o_max,xgb_tree_d3,m006010_o_max_ord9_rk00011,9,0.44173444436458,-0.0,1,Democracy
o_max,xgb_tree_d3,m006011_o_max_ord9_rk00012,9,0.44455685893382346,-0.0,1,Democracy
o_max,xgb_tree_d3,m006012_o_max_ord9_rk00013,9,0.4476590502921174,-0.0,1,Democracy
o_max,xgb_tree_d3,m006013_o_max_ord9_rk00014,9,0.436736743408657,-0.0,1,Democracy
o_max,xgb_tree_d3,m006014_o_max_ord9_rk00015,9,0.41472396835494485,-0.0,1,Democracy
o_max,xgb_tree_d3,m006015_o_max_ord9_rk00016,9,0.4138476696870812,-0.0,1,Democracy
o_max,xgb_tree_d3,m006016_o_max_ord9_rk00017,9,0.45241747996773074,-0.0,1,Democracy
o_max,xgb_tree_d3,m006017_o_max_ord9_rk00018,9,0.41637532983452363,-0.0,1,Democracy
o_max,xgb_tree_d3,m006018_o_max_ord9_rk00019,9,0.41771378704630424,-0.0,1,Democracy
o_max,xgb_tree_d3,m006019_o_max_ord9_rk00020,9,0.4159326040039112,-0.0,1,Democracy
o_max,xgb_tree_d3,m007000_o_max_ord10_rk00001,10,0.42897644114037903,-0.0,1,Democracy
o_max,xgb_tree_d3,m007001_o_max_ord10_rk00002,10,0.3925426981628163,-0.0,1,Democracy
o_max,xgb_tree_d3,m007002_o_max_ord10_rk00003,10,0.42752512023085676,-0.0,1,Democracy
o_max,xgb_tree_d3,m007003_o_max_ord10_rk00004,10,0.4302900997872704,-0.0,1,Democracy
o_max,xgb_tree_d3,m007004_o_max_ord10_rk00005,10,0.43300151240363305,-0.0,1,Democracy
o_max,xgb_tree_d3,m007005_o_max_ord10_rk00006,10,0.42841309933926686,-0.0,1,Democracy
o_max,xgb_tree_d3,m007006_o_max_ord10_rk00007,10,0.42901938763391834,-0.0,1,Democracy
o_max,xgb_tree_d3,m007007_o_max_ord10_rk00008,10,0.40688940294149034,-0.0,1,Democracy
o_max,xgb_tree_d3,m007008_o_max_ord10_rk00009,10,0.4354711036482777,-0.0,1,Democracy
o_max,xgb_tree_d3,m007009_o_max_ord10_rk00010,10,0.4392515177338492,-0.0,1,Democracy
o_max,xgb_tree_d3,m007010_o_max_ord10_rk00011,10,0.4292526275766515,-0.0,1,Democracy
o_max,xgb_tree_d3,m007011_o_max_ord10_rk00012,10,0.4270719848732286,0.4689955935892812,2,Democracy
o_max,xgb_tree_d3,m007012_o_max_ord10_rk00013,10,0.44822474281268576,-0.0,1,Democracy
o_max,xgb_tree_d3,m007013_o_max_ord10_rk00014,10,0.43172009352746876,-0.0,1,Democracy
o_max,xgb_tree_d3,m007014_o_max_ord10_rk00015,10,0.4285658081786995,0.4689955935892812,2,Democracy
o_max,xgb_tree_d3,m007015_o_max_ord10_rk00016,10,0.43285921163719154,-0.0,1,Democracy
o_max,xgb_tree_d3,m007016_o_max_ord10_rk00017,10,0.4378190672828105,-0.0,1,Democracy
o_max,xgb_tree_d3,m007017_o_max_ord10_rk00018,10,0.41101766755931524,-0.0,1,Democracy
o_max,xgb_tree_d3,m007018_o_max_ord10_rk00019,10,0.44292761702671013,-0.0,1,Democracy
o_max,xgb_tree_d3,m007019_o_max_ord10_rk00020,10,0.44452244671300434,-0.0,1,Democracy
o_max,xgb_tree_d3,m008000_o_max_ord11_rk00001,11,0.40279328143381066,-0.0,1,Democracy
o_max,xgb_tree_d3,m008001_o_max_ord11_rk00002,11,0.43085658472564226,-0.0,1,Democracy
o_max,xgb_tree_d3,m008002_o_max_ord11_rk00003,11,0.4221862321397707,-0.0,1,Democracy
o_max,xgb_tree_d3,m008003_o_max_ord11_rk00004,11,0.4209484171494201,-0.0,1,Democracy
o_max,xgb_tree_d3,m008004_o_max_ord11_rk00005,11,0.4241090494952279,-0.0,1,Democracy
o_max,xgb_tree_d3,m008005_o_max_ord11_rk00006,11,0.4045342127663799,-0.0,1,Democracy
o_max,xgb_tree_d3,m008006_o_max_ord11_rk00007,11,0.42115774392857463,-0.0,1,Democracy
o_max,xgb_tree_d3,m008007_o_max_ord11_rk00008,11,0.40410172786602694,-0.0,1,Democracy
o_max,xgb_tree_d3,m008008_o_max_ord11_rk00009,11,0.40982829760433037,-0.0,1,Democracy
o_max,xgb_tree_d3,m008009_o_max_ord11_rk00010,11,0.4281066304815363,-0.0,1,Democracy
o_max,xgb_tree_d3,m008010_o_max_ord11_rk00011,11,0.4039545070283953,-0.0,1,Democracy
o_max,xgb_tree_d3,m008011_o_max_ord11_rk00012,11,0.4191606257988332,-0.0,1,Democracy
o_max,xgb_tree_d3,m008012_o_max_ord11_rk00013,11,0.4258190109853801,-0.0,1,Democracy
o_max,xgb_tree_d3,m008013_o_max_ord11_rk00014,11,0.4322703037546941,-0.0,1,Democracy
o_max,xgb_tree_d3,m008014_o_max_ord11_rk00015,11,0.42247523212788296,-0.0,1,Democracy
o_max,xgb_tree_d3,m008015_o_max_ord11_rk00016,11,0.4100683462804069,-0.0,1,Democracy
o_max,xgb_tree_d3,m008016_o_max_ord11_rk00017,11,0.4236023975755585,-0.0,1,Democracy
o_max,xgb_tree_d3,m008017_o_max_ord11_rk00018,11,0.4338211823731213,0.4394969869215134,2,Democracy
o_max,xgb_tree_d3,m008018_o_max_ord11_rk00019,11,0.43430963555507207,-0.0,1,Democracy
o_max,xgb_tree_d3,m008019_o_max_ord11_rk00020,11,0.42940046568057766,-0.0,1,Democracy
o_max,xgb_tree_d3,m009000_o_max_ord12_rk00001,12,0.4205975377645774,-0.0,1,Democracy
o_max,xgb_tree_d3,m009001_o_max_ord12_rk00002,12,0.41996882399102076,-0.0,1,Democracy
o_max,xgb_tree_d3,m009002_o_max_ord12_rk00003,12,0.4228788530798048,-0.0,1,Democracy
o_max,xgb_tree_d3,m009003_o_max_ord12_rk00004,12,0.43457817532552456,-0.0,1,Democracy
o_max,xgb_tree_d3,m009004_o_max_ord12_rk00005,12,0.4116406983920171,-0.0,1,Democracy
o_max,xgb_tree_d3,m009005_o_max_ord12_rk00006,12,0.399021239550269,-0.0,1,Democracy
o_max,xgb_tree_d3,m009006_o_max_ord12_rk00007,12,0.43527861515797894,-0.0,1,Democracy
o_max,xgb_tree_d3,m009007_o_max_ord12_rk00008,12,0.4398184814861139,-0.0,1,Democracy
o_max,xgb_tree_d3,m009008_o_max_ord12_rk00009,12,0.4396397798820927,-0.0,1,Democracy
o_max,xgb_tree_d3,m009009_o_max_ord12_rk00010,12,0.43783841216580455,-0.0,1,Democracy
o_max,xgb_tree_d3,m009010_o_max_ord12_rk00011,12,0.4347343842666801,-0.0,1,Democracy
o_max,xgb_tree_d3,m009011_o_max_ord12_rk00012,12,0.4394420967759961,-0.0,1,Democracy
o_max,xgb_tree_d3,m009012_o_max_ord12_rk00013,12,0.43723142116366,-0.0,1,Democracy
o_max,xgb_tree_d3,m009013_o_max_ord12_rk00014,12,0.4358674689579426,-0.0,1,Democracy
o_max,xgb_tree_d3,m009014_o_max_ord12_rk00015,12,0.4244988963809275,-0.0,1,Democracy
o_max,xgb_tree_d3,m009015_o_max_ord12_rk00016,12,0.44396964446840015,-0.0,1,Democracy
o_max,xgb_tree_d3,m009016_o_max_ord12_rk00017,12,0.4142136837286723,-0.0,1,Democracy
o_max,xgb_tree_d3,m009017_o_max_ord12_rk00018,12,0.41712326064911753,-0.0,1,Democracy
o_max,xgb_tree_d3,m009018_o_max_ord12_rk00019,12,0.4064790173983608,-0.0,1,Democracy
o_max,xgb_tree_d3,m009019_o_max_ord12_rk00020,12,0.4358999429831699,-0.0,1,Democracy
o_max,xgb_tree_d3,m010000_o_max_ord13_rk00001,13,0.3973958909009696,-0.0,1,Democracy
o_max,xgb_tree_d3,m010001_o_max_ord13_rk00002,13,0.4148179076959596,-0.0,1,Democracy
o_max,xgb_tree_d3,m010002_o_max_ord13_rk00003,13,0.391459303235977,-0.0,1,Democracy
o_max,xgb_tree_d3,m010003_o_max_ord13_rk00004,13,0.4051966947929766,-0.0,1,Democracy
o_max,xgb_tree_d3,m010004_o_max_ord13_rk00005,13,0.3939725794705633,-0.0,1,Democracy
o_max,xgb_tree_d3,m010005_o_max_ord13_rk00006,13,0.43693010617332906,-0.0,1,Democracy
o_max,xgb_tree_d3,m010006_o_max_ord13_rk00007,13,0.39562342411680484,-0.0,1,Democracy
o_max,xgb_tree_d3,m010007_o_max_ord13_rk00008,13,0.394655429751227,-0.0,1,Democracy
o_max,xgb_tree_d3,m010008_o_max_ord13_rk00009,13,0.4046713980247586,-0.0,1,Democracy
o_max,xgb_tree_d3,m010009_o_max_ord13_rk00010,13,0.4259586221792431,-0.0,1,Democracy
o_max,xgb_tree_d3,m010010_o_max_ord13_rk00011,13,0.4282407118340764,-0.0,1,Democracy
o_max,xgb_tree_d3,m010011_o_max_ord13_rk00012,13,0.4113995866711877,-0.0,1,Democracy
o_max,xgb_tree_d3,m010012_o_max_ord13_rk00013,13,0.4204692153250381,-0.0,1,Democracy
o_max,xgb_tree_d3,m010013_o_max_ord13_rk00014,13,0.39613038740390427,-0.0,1,Democracy
o_max,xgb_tree_d3,m010014_o_max_ord13_rk00015,13,0.43262431152652014,-0.0,1,Democracy
o_max,xgb_tree_d3,m010015_o_max_ord13_rk00016,13,0.42572734797411893,-0.0,1,Democracy
o_max,xgb_tree_d3,m010016_o_max_ord13_rk00017,13,0.42616026268898377,-0.0,1,Democracy
o_max,xgb_tree_d3,m010017_o_max_ord13_rk00018,13,0.424582442858902,-0.0,1,Democracy
o_max,xgb_tree_d3,m010018_o_max_ord13_rk00019,13,0.400161252691022,-0.0,1,Democracy
o_max,xgb_tree_d3,m010019_o_max_ord13_rk00020,13,0.4244232832308956,-0.0,1,Democracy
o_max,xgb_tree_d3,m011000_o_max_ord14_rk00001,14,0.4053870551210158,-0.0,1,Democracy
o_max,xgb_tree_d3,m011001_o_max_ord14_rk00002,14,0.411832998074533,-0.0,1,Democracy
o_max,xgb_tree_d3,m011002_o_max_ord14_rk00003,14,0.4142168252013282,-0.0,1,Democracy
o_max,xgb_tree_d3,m011003_o_max_ord14_rk00004,14,0.4260324729357029,-0.0,1,Democracy
o_max,xgb_tree_d3,m011004_o_max_ord14_rk00005,14,0.42372249068707624,-0.0,1,Democracy
o_max,xgb_tree_d3,m011005_o_max_ord14_rk00006,14,0.43757633087980874,-0.0,1,Democracy
o_max,xgb_tree_d3,m011006_o_max_ord14_rk00007,14,0.4126526066887066,-0.0,1,Democracy
o_max,xgb_tree_d3,m011007_o_max_ord14_rk00008,14,0.4246126317388297,-0.0,1,Democracy
o_max,xgb_tree_d3,m011008_o_max_ord14_rk00009,14,0.4185023837773565,-0.0,1,Democracy
o_max,xgb_tree_d3,m011009_o_max_ord14_rk00010,14,0.41089266532858815,-0.0,1,Democracy
o_max,xgb_tree_d3,m011010_o_max_ord14_rk00011,14,0.4093520034103232,0.37123232664087563,2,Democracy
o_max,xgb_tree_d3,m011011_o_max_ord14_rk00012,14,0.4194475796853364,-0.0,1,Democracy
o_max,xgb_tree_d3,m011012_o_max_ord14_rk00013,14,0.41704462886813065,-0.0,1,Democracy
o_max,xgb_tree_d3,m011013_o_max_ord14_rk00014,14,0.3986412775705861,-0.0,1,Democracy
o_max,xgb_tree_d3,m011014_o_max_ord14_rk00015,14,0.41738113818686307,0.37123232664087563,2,Democracy
o_max,xgb_tree_d3,m011015_o_max_ord14_rk00016,14,0.411430408854891,-0.0,1,Democracy
o_max,xgb_tree_d3,m011016_o_max_ord14_rk00017,14,0.42497538085521636,-0.0,1,Democracy
o_max,xgb_tree_d3,m011017_o_max_ord14_rk00018,14,0.40894773597438516,-0.0,1,Democracy
o_max,xgb_tree_d3,m011018_o_max_ord14_rk00019,14,0.40568895348548295,0.37123232664087563,2,Democracy
o_max,xgb_tree_d3,m011019_o_max_ord14_rk00020,14,0.39128601308592637,-0.0,1,Democracy
o_max,xgb_tree_d3,m012000_o_max_ord15_rk00001,15,0.3971587427093286,-0.0,1,Democracy
o_max,xgb_tree_d3,m012001_o_max_ord15_rk00002,15,0.390377743613322,-0.0,1,Democracy
o_max,xgb_tree_d3,m012002_o_max_ord15_rk00003,15,0.39054556708226806,-0.0,1,Democracy
o_max,xgb_tree_d3,m012003_o_max_ord15_rk00004,15,0.41175763478958927,-0.0,1,Democracy
o_max,xgb_tree_d3,m012004_o_max_ord15_rk00005,15,0.3896830225920178,-0.0,1,Democracy
o_max,xgb_tree_d3,m012005_o_max_ord15_rk00006,15,0.41090586975304677,0.35335933502142136,2,Democracy
o_max,xgb_tree_d3,m012006_o_max_ord15_rk00007,15,0.4150562355463543,-0.0,1,Democracy
o_max,xgb_tree_d3,m012007_o_max_ord15_rk00008,15,0.4077367650018736,-0.0,1,Democracy
o_max,xgb_tree_d3,m012008_o_max_ord15_rk00009,15,0.4092089286547541,-0.0,1,Democracy
o_max,xgb_tree_d3,m012009_o_max_ord15_rk00010,15,0.4058895030625933,-0.0,1,Democracy
o_max,xgb_tree_d3,m012010_o_max_ord15_rk00011,15,0.39956800048983476,-0.0,1,Democracy
o_max,xgb_tree_d3,m012011_o_max_ord15_rk00012,15,0.4133499747291176,-0.0,1,Democracy
o_max,xgb_tree_d3,m012012_o_max_ord15_rk00013,15,0.4157282746951999,-0.0,1,Democracy
o_max,xgb_tree_d3,m012013_o_max_ord15_rk00014,15,0.40430501221203385,0.35335933502142136,2,Democracy
o_max,xgb_tree_d3,m012014_o_max_ord15_rk00015,15,0.4017845883589548,-0.0,1,Democracy
o_max,xgb_tree_d3,m012015_o_max_ord15_rk00016,15,0.4204040274133989,-0.0,1,Democracy
o_max,xgb_tree_d3,m012016_o_max_ord15_rk00017,15,0.38160560378029384,0.35335933502142136,2,Democracy
o_max,xgb_tree_d3,m012017_o_max_ord15_rk00018,15,0.40067551796134315,-0.0,1,Democracy
o_max,xgb_tree_d3,m012018_o_max_ord15_rk00019,15,0.4021751164753251,-0.0,1,Democracy
o_max,xgb_tree_d3,m012019_o_max_ord15_rk00020,15,0.39491681135554635,0.35335933502142136,2,Democracy
o_max,xgb_tree_d3,m013000_o_max_ord16_rk00001,16,0.421809859372435,-0.0,1,Democracy
o_max,xgb_tree_d3,m013001_o_max_ord16_rk00002,16,0.4198902071405415,-0.0,1,Democracy
o_max,xgb_tree_d3,m013002_o_max_ord16_rk00003,16,0.42085692946250397,-0.0,1,Democracy
o_max,xgb_tree_d3,m013003_o_max_ord16_rk00004,16,0.43355383985716844,0.954434002924965,2,Democracy
o_max,xgb_tree_d3,m013004_o_max_ord16_rk00005,16,0.4212677049069097,-0.0,1,Democracy
o_max,xgb_tree_d3,m013005_o_max_ord16_rk00006,16,0.42219231353642506,-0.0,1,Democracy
o_max,xgb_tree_d3,m013006_o_max_ord16_rk00007,16,0.42605139350248533,-0.0,1,Democracy
o_max,xgb_tree_d3,m013007_o_max_ord16_rk00008,16,0.4204849341125141,0.3372900666170139,2,Democracy
o_max,xgb_tree_d3,m013008_o_max_ord16_rk00009,16,0.4027019309353611,-0.0,1,Democracy
o_max,xgb_tree_d3,m013009_o_max_ord16_rk00010,16,0.39582870345097343,0.3372900666170139,2,Democracy
o_max,xgb_tree_d3,m013010_o_max_ord16_rk00011,16,0.40858275068098315,-0.0,1,Democracy
o_max,xgb_tree_d3,m013011_o_max_ord16_rk00012,16,0.40754941478725226,-0.0,1,Democracy
o_max,xgb_tree_d3,m013012_o_max_ord16_rk00013,16,0.4294400157994217,-0.0,1,Democracy
o_max,xgb_tree_d3,m013013_o_max_ord16_rk00014,16,0.42945563759702154,-0.0,1,Democracy
o_max,xgb_tree_d3,m013014_o_max_ord16_rk00015,16,0.4359306946713286,0.3372900666170139,2,Democracy
o_max,xgb_tree_d3,m013015_o_max_ord16_rk00016,16,0.4090361353291474,-0.0,1,Democracy
o_max,xgb_tree_d3,m013016_o_max_ord16_rk00017,16,0.43604906755902406,-0.0,1,Democracy
o_max,xgb_tree_d3,m013017_o_max_ord16_rk00018,16,0.42863580576727744,0.3372900666170139,2,Democracy
o_max,xgb_tree_d3,m013018_o_max_ord16_rk00019,16,0.42656207041901983,-0.0,1,Democracy
o_max,xgb_tree_d3,m013019_o_max_ord16_rk00020,16,0.4133427742511184,-0.0,1,Democracy
o_max,xgb_tree_d3,m014000_o_max_ord17_rk00001,17,0.40884777043107556,0.9366673818775626,2,Democracy
o_max,xgb_tree_d3,m014001_o_max_ord17_rk00002,17,0.38752599487538786,-0.0,1,Democracy
o_max,xgb_tree_d3,m014002_o_max_ord17_rk00003,17,0.4221590107866704,-0.0,1,Democracy
o_max,xgb_tree_d3,m014003_o_max_ord17_rk00004,17,0.39771551983859077,-0.0,1,Democracy
o_max,xgb_tree_d3,m014004_o_max_ord17_rk00005,17,0.42975386364771406,-0.0,1,Democracy
o_max,xgb_tree_d3,m014005_o_max_ord17_rk00006,17,0.4247728614954225,0.3227569588973982,2,Democracy
o_max,xgb_tree_d3,m014006_o_max_ord17_rk00007,17,0.43058862003882614,-0.0,1,Democracy
o_max,xgb_tree_d3,m014007_o_max_ord17_rk00008,17,0.40915132024912104,-0.0,1,Democracy
o_max,xgb_tree_d3,m014008_o_max_ord17_rk00009,17,0.3913843962482514,-0.0,1,Democracy
o_max,xgb_tree_d3,m014009_o_max_ord17_rk00010,17,0.42801589927309736,-0.0,1,Democracy
o_max,xgb_tree_d3,m014010_o_max_ord17_rk00011,17,0.4380644616737873,-0.0,1,Democracy
o_max,xgb_tree_d3,m014011_o_max_ord17_rk00012,17,0.4002252967012687,-0.0,1,Democracy
o_max,xgb_tree_d3,m014012_o_max_ord17_rk00013,17,0.4136691766217486,-0.0,1,Democracy
o_max,xgb_tree_d3,m014013_o_max_ord17_rk00014,17,0.3983694710796951,-0.0,1,Democracy
o_max,xgb_tree_d3,m014014_o_max_ord17_rk00015,17,0.42223331086184535,0.3227569588973982,2,Democracy
o_max,xgb_tree_d3,m014015_o_max_ord17_rk00016,17,0.41423855436420687,-0.0,1,Democracy
o_max,xgb_tree_d3,m014016_o_max_ord17_rk00017,17,0.397987561062241,-0.0,1,Democracy
o_max,xgb_tree_d3,m014017_o_max_ord17_rk00018,17,0.4233721527425449,0.3227569588973982,2,Democracy
o_max,xgb_tree_d3,m014018_o_max_ord17_rk00019,17,0.4067731551270748,-0.0,1,Democracy
o_max,xgb_tree_d3,m014019_o_max_ord17_rk00020,17,0.4360202877245505,0.3227569588973982,2,Democracy
o_max,xgb_tree_d3,m015000_o_max_ord18_rk00001,18,0.4081247898501579,0.9182958340544896,2,Democracy
o_max,xgb_tree_d3,m015001_o_max_ord18_rk00002,18,0.4348609646828634,-0.0,1,Democracy
o_max,xgb_tree_d3,m015002_o_max_ord18_rk00003,18,0.40912365458026256,-0.0,1,Democracy
o_max,xgb_tree_d3,m015003_o_max_ord18_rk00004,18,0.4272324485328297,-0.0,1,Democracy
o_max,xgb_tree_d3,m015004_o_max_ord18_rk00005,18,0.42747717627940107,0.3095434291503252,2,Democracy
o_max,xgb_tree_d3,m015005_o_max_ord18_rk00006,18,0.4297867113248509,-0.0,1,Democracy
o_max,xgb_tree_d3,m015006_o_max_ord18_rk00007,18,0.42014158273959434,-0.0,1,Democracy
o_max,xgb_tree_d3,m015007_o_max_ord18_rk00008,18,0.4357935438996271,-0.0,1,Democracy
o_max,xgb_tree_d3,m015008_o_max_ord18_rk00009,18,0.4228977294779305,-0.0,1,Democracy
o_max,xgb_tree_d3,m015009_o_max_ord18_rk00010,18,0.4165600783032676,-0.0,1,Democracy
o_max,xgb_tree_d3,m015010_o_max_ord18_rk00011,18,0.4168896566095103,-0.0,1,Democracy
o_max,xgb_tree_d3,m015011_o_max_ord18_rk00012,18,0.4251947124287665,0.3095434291503252,2,Democracy
o_max,xgb_tree_d3,m015012_o_max_ord18_rk00013,18,0.4238912202050751,-0.0,1,Democracy
o_max,xgb_tree_d3,m015013_o_max_ord18_rk00014,18,0.4230534290506571,0.3095434291503252,2,Democracy
o_max,xgb_tree_d3,m015014_o_max_ord18_rk00015,18,0.42331147813656445,0.3095434291503252,2,Democracy
o_max,xgb_tree_d3,m015015_o_max_ord18_rk00016,18,0.4233757216905184,-0.0,1,Democracy
o_max,xgb_tree_d3,m015016_o_max_ord18_rk00017,18,0.44174806341882045,0.3095434291503252,2,Democracy
o_max,xgb_tree_d3,m015017_o_max_ord18_rk00018,18,0.41163721088167504,-0.0,1,Democracy
o_max,xgb_tree_d3,m015018_o_max_ord18_rk00019,18,0.4121476377342458,-0.0,1,Democracy
o_max,xgb_tree_d3,m015019_o_max_ord18_rk00020,18,0.42410505820533695,-0.0,1,Democracy
o_max,xgb_tree_d3,m016000_o_max_ord19_rk00001,19,0.4290439833409807,0.8997437586982626,2,Democracy
o_max,xgb_tree_d3,m016001_o_max_ord19_rk00002,19,0.40209483098458054,-0.0,1,Democracy
o_max,xgb_tree_d3,m016002_o_max_ord19_rk00003,19,0.4267909340368038,-0.0,1,Democracy
o_max,xgb_tree_d3,m016003_o_max_ord19_rk00004,19,0.40007658046631145,-0.0,1,Democracy
o_max,xgb_tree_d3,m016004_o_max_ord19_rk00005,19,0.4169797674383571,0.2974722489192896,2,Democracy
o_max,xgb_tree_d3,m016005_o_max_ord19_rk00006,19,0.38689209721000195,-0.0,1,Democracy
o_max,xgb_tree_d3,m016006_o_max_ord19_rk00007,19,0.42696779981228694,-0.0,1,Democracy
o_max,xgb_tree_d3,m016007_o_max_ord19_rk00008,19,0.40464657312197005,-0.0,1,Democracy
o_max,xgb_tree_d3,m016008_o_max_ord19_rk00009,19,0.40438130982111065,-0.0,1,Democracy
o_max,xgb_tree_d3,m016009_o_max_ord19_rk00010,19,0.40735036166358995,-0.0,1,Democracy
o_max,xgb_tree_d3,m016010_o_max_ord19_rk00011,19,0.41122370282617005,-0.0,1,Democracy
o_max,xgb_tree_d3,m016011_o_max_ord19_rk00012,19,0.4317532633006166,0.2974722489192896,2,Democracy
o_max,xgb_tree_d3,m016012_o_max_ord19_rk00013,19,0.4268505873300288,0.2974722489192896,2,Democracy
o_max,xgb_tree_d3,m016013_o_max_ord19_rk00014,19,0.4086258139539174,-0.0,1,Democracy
o_max,xgb_tree_d3,m016014_o_max_ord19_rk00015,19,0.4250812446529817,0.2974722489192896,2,Democracy
o_max,xgb_tree_d3,m016015_o_max_ord19_rk00016,19,0.41991153139447235,-0.0,1,Democracy
o_max,xgb_tree_d3,m016016_o_max_ord19_rk00017,19,0.4081872210490982,-0.0,1,Democracy
o_max,xgb_tree_d3,m016017_o_max_ord19_rk00018,19,0.4363238521524372,0.2974722489192896,2,Democracy
o_max,xgb_tree_d3,m016018_o_max_ord19_rk00019,19,0.4296148754199486,0.2974722489192896,2,Democracy
o_max,xgb_tree_d3,m016019_o_max_ord19_rk00020,19,0.4193382939953203,0.2974722489192896,2,Democracy
o_max,xgb_tree_d3,m017000_o_max_ord20_rk00001,20,0.42635598367606764,0.8812908992306927,2,Democracy
o_max,xgb_tree_d3,m017001_o_max_ord20_rk00002,20,0.40452466886803684,-0.0,1,Democracy
o_max,xgb_tree_d3,m017002_o_max_ord20_rk00003,20,0.427646060036426,-0.0,1,Democracy
o_max,xgb_tree_d3,m017003_o_max_ord20_rk00004,20,0.4129690106899534,0.28639695711595625,2,Democracy
o_max,xgb_tree_d3,m017004_o_max_ord20_rk00005,20,0.4104246151856803,-0.0,1,Democracy
o_max,xgb_tree_d3,m017005_o_max_ord20_rk00006,20,0.4087149460395929,-0.0,1,Democracy
o_max,xgb_tree_d3,m017006_o_max_ord20_rk00007,20,0.40464083680802465,0.28639695711595625,2,Democracy
o_max,xgb_tree_d3,m017007_o_max_ord20_rk00008,20,0.4317254289640988,0.28639695711595625,2,Democracy
o_max,xgb_tree_d3,m017008_o_max_ord20_rk00009,20,0.41809550530201145,0.28639695711595625,2,Democracy
o_max,xgb_tree_d3,m017009_o_max_ord20_rk00010,20,0.4016872877062676,0.28639695711595625,2,Democracy
o_max,xgb_tree_d3,m017010_o_max_ord20_rk00011,20,0.43853364226091807,-0.0,1,Democracy
o_max,xgb_tree_d3,m017011_o_max_ord20_rk00012,20,0.4237398925671001,1.1411535278793057,3,Democracy
o_max,xgb_tree_d3,m017012_o_max_ord20_rk00013,20,0.3943249324144007,0.28639695711595625,2,Democracy
o_max,xgb_tree_d3,m017013_o_max_ord20_rk00014,20,0.4566458416091126,0.28639695711595625,2,Democracy
o_max,xgb_tree_d3,m017014_o_max_ord20_rk00015,20,0.4351446866440063,-0.0,1,Democracy
o_max,xgb_tree_d3,m017015_o_max_ord20_rk00016,20,0.42315548364185895,0.5689955935892812,3,Democracy
o_max,xgb_tree_d3,m017016_o_max_ord20_rk00017,20,0.42126656997099676,0.28639695711595625,2,Democracy
o_max,xgb_tree_d3,m017017_o_max_ord20_rk00018,20,0.42416228615624607,0.28639695711595625,2,Democracy
o_max,xgb_tree_d3,m017018_o_max_ord20_rk00019,20,0.4184468885070578,1.1411535278793057,3,Democracy
o_max,xgb_tree_d3,m017019_o_max_ord20_rk00020,20,0.4007507707017375,-0.0,1,Democracy
o_max,xgb_tree_d3,m018000_o_max_ord21_rk00001,21,0.42596422079628526,0.863120568566631,2,Democracy
o_max,xgb_tree_d3,m018001_o_max_ord21_rk00002,21,0.40335647560373056,-0.0,1,Democracy
o_max,xgb_tree_d3,m018002_o_max_ord21_rk00003,21,0.4022468235569956,0.2761954276479391,2,Democracy
o_max,xgb_tree_d3,m018003_o_max_ord21_rk00004,21,0.3830295709093422,0.2761954276479391,2,Democracy
o_max,xgb_tree_d3,m018004_o_max_ord21_rk00005,21,0.4280399662066805,1.115520093581932,3,Democracy
o_max,xgb_tree_d3,m018005_o_max_ord21_rk00006,21,0.41986089979291386,-0.0,1,Democracy
o_max,xgb_tree_d3,m018006_o_max_ord21_rk00007,21,0.4249073263350909,1.115520093581932,3,Democracy
o_max,xgb_tree_d3,m018007_o_max_ord21_rk00008,21,0.4114149364241677,0.2761954276479391,2,Democracy
o_max,xgb_tree_d3,m018008_o_max_ord21_rk00009,21,0.43797728667318214,0.2761954276479391,2,Democracy
o_max,xgb_tree_d3,m018009_o_max_ord21_rk00010,21,0.4185595481710589,0.2761954276479391,2,Democracy
o_max,xgb_tree_d3,m018010_o_max_ord21_rk00011,21,0.3949521435413439,-0.0,1,Democracy
o_max,xgb_tree_d3,m018011_o_max_ord21_rk00012,21,0.4244502890026616,0.2761954276479391,2,Democracy
o_max,xgb_tree_d3,m018012_o_max_ord21_rk00013,21,0.4314084231303277,1.115520093581932,3,Democracy
o_max,xgb_tree_d3,m018013_o_max_ord21_rk00014,21,0.42085481407663805,0.2761954276479391,2,Democracy
o_max,xgb_tree_d3,m018014_o_max_ord21_rk00015,21,0.39506599839917245,-0.0,1,Democracy
o_max,xgb_tree_d3,m018015_o_max_ord21_rk00016,21,0.4296082771825023,1.115520093581932,3,Democracy
o_max,xgb_tree_d3,m018016_o_max_ord21_rk00017,21,0.41263918685342293,0.5489544344250401,3,Democracy
o_max,xgb_tree_d3,m018017_o_max_ord21_rk00018,21,0.4070672568360376,0.2761954276479391,2,Democracy
o_max,xgb_tree_d3,m018018_o_max_ord21_rk00019,21,0.39815960519170834,-0.0,1,Democracy
o_max,xgb_tree_d3,m018019_o_max_ord21_rk00020,21,0.41780486712022147,0.2761954276479391,2,Democracy
o_max,xgb_tree_d3,m019000_o_max_ord22_rk00001,22,0.43940233391052486,0.8453509366224364,2,Democracy
o_max,xgb_tree_d3,m019001_o_max_ord22_rk00002,22,0.44094380151681123,1.090652803252992,3,Democracy
o_max,xgb_tree_d3,m019002_o_max_ord22_rk00003,22,0.42573935072791247,0.26676498780302604,2,Democracy
o_max,xgb_tree_d3,m019003_o_max_ord22_rk00004,22,0.43555124266480305,0.26676498780302604,2,Democracy
o_max,xgb_tree_d3,m019004_o_max_ord22_rk00005,22,0.4410385733895651,1.090652803252992,3,Democracy
o_max,xgb_tree_d3,m019005_o_max_ord22_rk00006,22,0.4144504035337989,-0.0,1,Democracy
o_max,xgb_tree_d3,m019006_o_max_ord22_rk00007,22,0.41714747395111385,0.5304060778306042,3,Democracy
o_max,xgb_tree_d3,m019007_o_max_ord22_rk00008,22,0.4218789242063208,0.26676498780302604,2,Democracy
o_max,xgb_tree_d3,m019008_o_max_ord22_rk00009,22,0.4124182792959874,0.5304060778306042,3,Democracy
o_max,xgb_tree_d3,m019009_o_max_ord22_rk00010,22,0.4206259209906732,0.5304060778306042,3,Democracy
o_max,xgb_tree_d3,m019010_o_max_ord22_rk00011,22,0.4129009795509174,0.26676498780302604,2,Democracy
o_max,xgb_tree_d3,m019011_o_max_ord22_rk00012,22,0.435005347910031,0.26676498780302604,2,Democracy
o_max,xgb_tree_d3,m019012_o_max_ord22_rk00013,22,0.4115119422775897,0.26676498780302604,2,Democracy
o_max,xgb_tree_d3,m019013_o_max_ord22_rk00014,22,0.4282302574594332,-0.0,1,Democracy
o_max,xgb_tree_d3,m019014_o_max_ord22_rk00015,22,0.4395781046243341,1.3315796225857794,4,Democracy
o_max,xgb_tree_d3,m019015_o_max_ord22_rk00016,22,0.408985814430864,0.26676498780302604,2,Democracy
o_max,xgb_tree_d3,m019016_o_max_ord22_rk00017,22,0.42966144406425966,0.26676498780302604,2,Democracy
o_max,xgb_tree_d3,m019017_o_max_ord22_rk00018,22,0.42357313563825894,0.9373012413074895,3,Democracy
o_max,xgb_tree_d3,m019018_o_max_ord22_rk00019,22,0.4112994426043567,0.26676498780302604,2,Democracy
o_max,xgb_tree_d3,m019019_o_max_ord22_rk00020,22,0.4375721285510187,0.26676498780302604,2,Democracy
o_max,xgb_tree_d3,m020000_o_max_ord23_rk00001,23,0.4392416818223004,0.828055725379504,2,Democracy
o_max,xgb_tree_d3,m020001_o_max_ord23_rk00002,23,0.42664706602254454,0.9123163027543336,3,Democracy
o_max,xgb_tree_d3,m020002_o_max_ord23_rk00003,23,0.432950575086701,1.0666152167384504,3,Democracy
o_max,xgb_tree_d3,m020003_o_max_ord23_rk00004,23,0.41874330320271314,0.9123163027543336,3,Democracy
o_max,xgb_tree_d3,m020004_o_max_ord23_rk00005,23,0.43172503650874017,1.0666152167384504,3,Democracy
o_max,xgb_tree_d3,m020005_o_max_ord23_rk00006,23,0.4085264836972873,1.1545676820893709,4,Democracy
o_max,xgb_tree_d3,m020006_o_max_ord23_rk00007,23,0.43448688960054127,0.5131851787372753,3,Democracy
o_max,xgb_tree_d3,m020007_o_max_ord23_rk00008,23,0.43370697108606104,1.0666152167384504,3,Democracy
o_max,xgb_tree_d3,m020008_o_max_ord23_rk00009,23,0.4333444028683744,1.3012517848198515,4,Democracy
o_max,xgb_tree_d3,m020009_o_max_ord23_rk00010,23,0.41269459008015186,0.4262286569981449,2,Democracy
o_max,xgb_tree_d3,m020010_o_max_ord23_rk00011,23,0.43167514336467117,0.5131851787372753,3,Democracy
o_max,xgb_tree_d3,m020011_o_max_ord23_rk00012,23,0.4352309843447636,0.6784070909375675,3,Democracy
o_max,xgb_tree_d3,m020012_o_max_ord23_rk00013,23,0.4293051312774945,0.5131851787372753,3,Democracy
o_max,xgb_tree_d3,m020013_o_max_ord23_rk00014,23,0.4193935936337795,0.7653636126766978,4,Democracy
o_max,xgb_tree_d3,m020014_o_max_ord23_rk00015,23,0.44253259515237886,0.8076702057269436,3,Democracy
o_max,xgb_tree_d3,m020015_o_max_ord23_rk00016,23,0.42018426546973753,1.0534081504863568,4,Democracy
o_max,xgb_tree_d3,m020016_o_max_ord23_rk00017,23,0.41800216870445484,0.2580186686648155,2,Democracy
o_max,xgb_tree_d3,m020017_o_max_ord23_rk00018,23,0.40926863728486096,0.5131851787372753,3,Democracy
o_max,xgb_tree_d3,m020018_o_max_ord23_rk00019,23,0.44141544393898646,0.8076702057269436,3,Democracy
o_max,xgb_tree_d3,m020019_o_max_ord23_rk00020,23,0.42616725653044873,0.4262286569981449,2,Democracy
o_max,xgb_tree_d3,m021000_o_max_ord24_rk00001,24,0.4349951604499811,0.8112781244591328,2,Democracy
o_max,xgb_tree_d3,m021001_o_max_ord24_rk00002,24,0.43702406865779264,0.8886865525783176,3,Democracy
o_max,xgb_tree_d3,m021002_o_max_ord24_rk00003,24,0.439358738729523,1.1241854163060885,4,Democracy
o_max,xgb_tree_d3,m021003_o_max_ord24_rk00004,24,0.4207124801972494,1.0238995733215066,4,Democracy
o_max,xgb_tree_d3,m021004_o_max_ord24_rk00005,24,0.43225198580464774,0.8886865525783176,3,Democracy
o_max,xgb_tree_d3,m021005_o_max_ord24_rk00006,24,0.437987960546527,0.6583514224564075,3,Democracy
o_max,xgb_tree_d3,m021006_o_max_ord24_rk00007,24,0.4483672632174479,0.8886865525783176,3,Democracy
o_max,xgb_tree_d3,m021007_o_max_ord24_rk00008,24,0.4265153823384794,0.6583514224564075,3,Democracy
o_max,xgb_tree_d3,m021008_o_max_ord24_rk00009,24,0.4271475169835227,0.6583514224564075,3,Democracy
o_max,xgb_tree_d3,m021009_o_max_ord24_rk00010,24,0.4290651248894569,1.0238995733215066,4,Democracy
o_max,xgb_tree_d3,m021010_o_max_ord24_rk00011,24,0.43295161013257477,1.0434356963218767,3,Democracy
o_max,xgb_tree_d3,m021011_o_max_ord24_rk00012,24,0.44279639323101183,0.7416847557897409,4,Democracy
o_max,xgb_tree_d3,m021012_o_max_ord24_rk00013,24,0.4006425596372891,0.5435644431995964,2,Democracy
o_max,xgb_tree_d3,m021013_o_max_ord24_rk00014,24,0.4427058200961902,0.785235442391543,3,Democracy
o_max,xgb_tree_d3,m021014_o_max_ord24_rk00015,24,0.40610741590186616,1.2593984370492772,5,Democracy
o_max,xgb_tree_d3,m021015_o_max_ord24_rk00016,24,0.41002349722832787,0.9833557549816875,5,Democracy
o_max,xgb_tree_d3,m021016_o_max_ord24_rk00017,24,0.44422470123398194,0.6583514224564075,3,Democracy
o_max,xgb_tree_d3,m021017_o_max_ord24_rk00018,24,0.4120304702651736,1.3563429881688325,5,Democracy
o_max,xgb_tree_d3,m021018_o_max_ord24_rk00019,24,0.45048856116065983,1.0238995733215066,4,Democracy
o_max,xgb_tree_d3,m021019_o_max_ord24_rk00020,24,0.445554493186465,1.2720552088742005,4,Democracy
o_max,xgb_tree_d3,m022000_o_max_ord25_rk00001,25,0.4336667615433315,1.0954312795575998,4,Democracy
o_max,xgb_tree_d3,m022001_o_max_ord25_rk00002,25,0.43870664600669795,0.996118213778296,4,Democracy
o_max,xgb_tree_d3,m022002_o_max_ord25_rk00003,25,0.42524046132138993,0.7950402793845223,2,Democracy
o_max,xgb_tree_d3,m022003_o_max_ord25_rk00004,25,0.42227292382871007,0.8743095546405661,4,Democracy
o_max,xgb_tree_d3,m022004_o_max_ord25_rk00005,25,0.41726355710848007,0.8663137138648347,3,Democracy
o_max,xgb_tree_d3,m022005_o_max_ord25_rk00006,25,0.40711385144412593,0.996118213778296,4,Democracy
o_max,xgb_tree_d3,m022006_o_max_ord25_rk00007,25,0.45616502309923956,0.8663137138648347,3,Democracy
o_max,xgb_tree_d3,m022007_o_max_ord25_rk00008,25,0.43506057639310025,0.8743095546405661,4,Democracy
o_max,xgb_tree_d3,m022008_o_max_ord25_rk00009,25,0.419006334469043,0.7641140545540274,3,Democracy
o_max,xgb_tree_d3,m022009_o_max_ord25_rk00010,25,0.413054349917504,0.6343095546405662,2,Democracy
o_max,xgb_tree_d3,m022010_o_max_ord25_rk00011,25,0.421004138578736,1.2252357794710609,5,Democracy
o_max,xgb_tree_d3,m022011_o_max_ord25_rk00012,25,0.4563348946272251,0.7641140545540274,3,Democracy
o_max,xgb_tree_d3,m022012_o_max_ord25_rk00013,25,0.4202954237490979,1.32151018873626,5,Democracy
o_max,xgb_tree_d3,m022013_o_max_ord25_rk00014,25,0.4302954325521181,0.996118213778296,4,Democracy
o_max,xgb_tree_d3,m022014_o_max_ord25_rk00015,25,0.42046040508977034,1.106313713864835,5,Democracy
o_max,xgb_tree_d3,m022015_o_max_ord25_rk00016,25,0.45934137061822766,0.996118213778296,4,Democracy
o_max,xgb_tree_d3,m022016_o_max_ord25_rk00017,25,0.41285364505939626,1.2252357794710609,5,Democracy
o_max,xgb_tree_d3,m022017_o_max_ord25_rk00018,25,0.4392496135397016,0.996118213778296,4,Democracy
o_max,xgb_tree_d3,m022018_o_max_ord25_rk00019,25,0.45610266250790465,0.6395563653739031,3,Democracy
o_max,xgb_tree_d3,m022019_o_max_ord25_rk00020,25,0.4296617711901748,1.2252357794710609,5,Democracy
o_max,xgb_tree_d3,m023000_o_max_ord26_rk00001,26,0.4303287192991735,0.7793498372920851,2,Democracy
o_max,xgb_tree_d3,m023001_o_max_ord26_rk00002,26,0.4391683715390412,0.969918434275037,4,Democracy
o_max,xgb_tree_d3,m023002_o_max_ord26_rk00003,26,0.4383158647510559,1.0681873374585056,4,Democracy
o_max,xgb_tree_d3,m023003_o_max_ord26_rk00004,26,0.4220334044734104,0.8451064151274781,3,Democracy
o_max,xgb_tree_d3,m023004_o_max_ord26_rk00005,26,0.4544433510357011,0.969918434275037,4,Democracy
o_max,xgb_tree_d3,m023005_o_max_ord26_rk00006,26,0.43246137723604006,1.0681873374585056,4,Democracy
o_max,xgb_tree_d3,m023006_o_max_ord26_rk00007,26,0.4396018707475885,1.1929993566060646,5,Democracy
o_max,xgb_tree_d3,m023007_o_max_ord26_rk00008,26,0.4395801198113083,0.969918434275037,4,Democracy
o_max,xgb_tree_d3,m023008_o_max_ord26_rk00009,26,0.437038736639081,1.2884926890861643,5,Democracy
o_max,xgb_tree_d3,m023009_o_max_ord26_rk00010,26,0.4340445020903626,1.075875645896709,5,Democracy
o_max,xgb_tree_d3,m023010_o_max_ord26_rk00011,26,0.4265476240951015,0.8451064151274781,3,Democracy
o_max,xgb_tree_d3,m023011_o_max_ord26_rk00012,26,0.465622613461008,0.969918434275037,4,Democracy
o_max,xgb_tree_d3,m023012_o_max_ord26_rk00013,26,0.4280799024475904,1.1929993566060646,5,Democracy
o_max,xgb_tree_d3,m023013_o_max_ord26_rk00014,26,0.42709258401741557,1.1929993566060646,5,Democracy
o_max,xgb_tree_d3,m023014_o_max_ord26_rk00015,26,0.41002095730789934,1.1929993566060646,5,Democracy
o_max,xgb_tree_d3,m023015_o_max_ord26_rk00016,26,0.43346253031885984,0.8501514254479945,4,Democracy
o_max,xgb_tree_d3,m023016_o_max_ord26_rk00017,26,0.46835437280591896,0.969918434275037,4,Democracy
o_max,xgb_tree_d3,m023017_o_max_ord26_rk00018,26,0.45436479117467543,0.7441942138263227,3,Democracy
o_max,xgb_tree_d3,m023018_o_max_ord26_rk00019,26,0.42972872373288384,0.7441942138263227,3,Democracy
o_max,xgb_tree_d3,m023019_o_max_ord26_rk00020,26,0.4249756840652037,1.2884926890861643,5,Democracy
o_max,xgb_tree_d3,m024000_o_max_ord27_rk00001,27,0.430044157534458,0.7642045065086203,2,Democracy
o_max,xgb_tree_d3,m024001_o_max_ord27_rk00002,27,0.4338564856350371,1.1625336732554155,5,Democracy
o_max,xgb_tree_d3,m024002_o_max_ord27_rk00003,27,0.42319379495267817,1.042344321483692,4,Democracy
o_max,xgb_tree_d3,m024003_o_max_ord27_rk00004,27,0.44557863243205587,1.257162987432089,5,Democracy
o_max,xgb_tree_d3,m024004_o_max_ord27_rk00005,27,0.4284733676987489,1.042344321483692,4,Democracy
o_max,xgb_tree_d3,m024005_o_max_ord27_rk00006,27,0.4166187253018626,0.9451696091196164,4,Democracy
o_max,xgb_tree_d3,m024006_o_max_ord27_rk00007,27,0.43117175103241956,0.9451696091196164,4,Democracy
o_max,xgb_tree_d3,m024007_o_max_ord27_rk00008,27,0.4350687354656404,1.257162987432089,5,Democracy
o_max,xgb_tree_d3,m024008_o_max_ord27_rk00009,27,0.44576595311037825,1.042344321483692,4,Democracy
o_max,xgb_tree_d3,m024009_o_max_ord27_rk00010,27,0.4447869402771093,1.042344321483692,4,Democracy
o_max,xgb_tree_d3,m024010_o_max_ord27_rk00011,27,0.45424671780554293,0.9451696091196164,4,Democracy
o_max,xgb_tree_d3,m024011_o_max_ord27_rk00012,27,0.46319929872946575,0.824980257347893,3,Democracy
o_max,xgb_tree_d3,m024012_o_max_ord27_rk00013,27,0.4389041366903781,1.1625336732554155,5,Democracy
o_max,xgb_tree_d3,m024013_o_max_ord27_rk00014,27,0.42559451478528865,1.1625336732554155,5,Democracy
o_max,xgb_tree_d3,m024014_o_max_ord27_rk00015,27,0.44913702262502087,1.257162987432089,5,Democracy
o_max,xgb_tree_d3,m024015_o_max_ord27_rk00016,27,0.4262049060375068,0.824980257347893,3,Democracy
o_max,xgb_tree_d3,m024016_o_max_ord27_rk00017,27,0.4321946160606338,1.1625336732554155,5,Democracy
o_max,xgb_tree_d3,m024017_o_max_ord27_rk00018,27,0.46190738442924717,1.042344321483692,4,Democracy
o_max,xgb_tree_d3,m024018_o_max_ord27_rk00019,27,0.45243572012530664,1.257162987432089,5,Democracy
o_max,xgb_tree_d3,m024019_o_max_ord27_rk00020,27,0.451200598136415,0.908653933541588,3,Democracy
o_max,xgb_tree_d3,m025000_o_max_ord28_rk00001,28,0.43406731354027495,0.9591963191047147,3,Democracy
o_max,xgb_tree_d3,m025001_o_max_ord28_rk00002,28,0.4184527135708913,1.2274025692592483,5,Democracy
o_max,xgb_tree_d3,m025002_o_max_ord28_rk00003,28,0.4309056916819304,1.1336983823367468,5,Democracy
o_max,xgb_tree_d3,m025003_o_max_ord28_rk00004,28,0.4445156233762694,1.2274025692592483,5,Democracy
o_max,xgb_tree_d3,m025004_o_max_ord28_rk00005,28,0.4536078567051193,1.2274025692592483,5,Democracy
o_max,xgb_tree_d3,m025005_o_max_ord28_rk00006,28,0.4295622040128029,1.2274025692592483,5,Democracy
o_max,xgb_tree_d3,m025006_o_max_ord28_rk00007,28,0.4240504986581404,1.0178015074140134,4,Democracy
o_max,xgb_tree_d3,m025007_o_max_ord28_rk00008,28,0.43206368530308825,1.1336983823367468,5,Democracy
o_max,xgb_tree_d3,m025008_o_max_ord28_rk00009,28,0.41585205725717667,1.3432994441819814,6,Democracy
o_max,xgb_tree_d3,m025009_o_max_ord28_rk00010,28,0.43972800971575554,1.0178015074140134,4,Democracy
o_max,xgb_tree_d3,m025010_o_max_ord28_rk00011,28,0.4237420483242269,1.0178015074140134,4,Democracy
o_max,xgb_tree_d3,m025011_o_max_ord28_rk00012,28,0.4076973643791545,1.2274025692592483,5,Democracy
o_max,xgb_tree_d3,m025012_o_max_ord28_rk00013,28,0.40955347189768043,1.2274025692592483,5,Democracy
o_max,xgb_tree_d3,m025013_o_max_ord28_rk00014,28,0.4204710351852361,1.2274025692592483,5,Democracy
o_max,xgb_tree_d3,m025014_o_max_ord28_rk00015,28,0.43149019980534553,1.3056334087653163,5,Democracy
o_max,xgb_tree_d3,m025015_o_max_ord28_rk00016,28,0.4143480929969958,1.0984868380293622,4,Democracy
o_max,xgb_tree_d3,m025016_o_max_ord28_rk00017,28,0.43138423340005017,0.9217544759335055,4,Democracy
o_max,xgb_tree_d3,m025017_o_max_ord28_rk00018,28,0.4258992103125496,1.2274025692592483,5,Democracy
o_max,xgb_tree_d3,m025018_o_max_ord28_rk00019,28,0.4334386339140681,0.9591963191047147,3,Democracy
o_max,xgb_tree_d3,m025019_o_max_ord28_rk00020,28,0.41248048315980623,1.1336983823367468,5,Democracy
o_max,xgb_tree_d3,m026000_o_max_ord29_rk00001,29,0.41813843761400493,1.1991018361613466,5,Democracy
o_max,xgb_tree_d3,m026001_o_max_ord29_rk00002,29,0.4442558627744281,1.1425175164144374,4,Democracy
o_max,xgb_tree_d3,m026002_o_max_ord29_rk00003,29,0.4400321775253355,1.1991018361613466,5,Democracy
o_max,xgb_tree_d3,m026003_o_max_ord29_rk00004,29,0.42457455127510835,1.1991018361613466,5,Democracy
o_max,xgb_tree_d3,m026004_o_max_ord29_rk00005,29,0.4353035733788767,1.2770049139968558,5,Democracy
o_max,xgb_tree_d3,m026005_o_max_ord29_rk00006,29,0.4180308976374968,1.1063667712836147,5,Democracy
o_max,xgb_tree_d3,m026006_o_max_ord29_rk00007,29,0.4292253253878935,1.3110022671212271,6,Democracy
o_max,xgb_tree_d3,m026007_o_max_ord29_rk00008,29,0.4236168686987125,1.1991018361613466,5,Democracy
o_max,xgb_tree_d3,m026008_o_max_ord29_rk00009,29,0.4501701344428859,1.1991018361613466,5,Democracy
o_max,xgb_tree_d3,m026009_o_max_ord29_rk00010,29,0.43252881946830957,1.401475275184332,6,Democracy
o_max,xgb_tree_d3,m026010_o_max_ord29_rk00011,29,0.41115857506992726,0.9944663403237343,4,Democracy
o_max,xgb_tree_d3,m026011_o_max_ord29_rk00012,29,0.4115102671302362,1.3110022671212271,6,Democracy
o_max,xgb_tree_d3,m026012_o_max_ord29_rk00013,29,0.43211931274025983,1.1991018361613466,5,Democracy
o_max,xgb_tree_d3,m026013_o_max_ord29_rk00014,29,0.4544947862237755,1.1991018361613466,5,Democracy
o_max,xgb_tree_d3,m026014_o_max_ord29_rk00015,29,0.434634642384222,0.9944663403237343,4,Democracy
o_max,xgb_tree_d3,m026015_o_max_ord29_rk00016,29,0.45111197762044675,1.2770049139968558,5,Democracy
o_max,xgb_tree_d3,m026016_o_max_ord29_rk00017,29,0.431868811319964,0.9944663403237343,4,Democracy
o_max,xgb_tree_d3,m026017_o_max_ord29_rk00018,29,0.4493666111787672,1.1425175164144374,4,Democracy
o_max,xgb_tree_d3,m026018_o_max_ord29_rk00019,29,0.4346095405501018,1.1425175164144374,4,Democracy
o_max,xgb_tree_d3,m026019_o_max_ord29_rk00020,29,0.444989947359703,1.3110022671212271,6,Democracy
o_max,xgb_tree_d3,m027000_o_max_ord30_rk00001,30,0.45802411510018926,1.2486092328524885,4,Democracy
o_max,xgb_tree_d3,m027001_o_max_ord30_rk00002,30,0.4116088322987025,1.1721597626314753,5,Democracy
o_max,xgb_tree_d3,m027002_o_max_ord30_rk00003,30,0.42538547157457096,1.2496527261266068,5,Democracy
o_max,xgb_tree_d3,m027003_o_max_ord30_rk00004,30,0.444177079714303,1.1721597626314753,5,Democracy
o_max,xgb_tree_d3,m027004_o_max_ord30_rk00005,30,0.4419073463197002,1.1721597626314753,5,Democracy
o_max,xgb_tree_d3,m027005_o_max_ord30_rk00006,30,0.4023727361569308,1.2803301792260264,6,Democracy
o_max,xgb_tree_d3,m027006_o_max_ord30_rk00007,30,0.4253659464023801,1.3699740752745007,6,Democracy
o_max,xgb_tree_d3,m027007_o_max_ord30_rk00008,30,0.41188413678762514,1.2496527261266068,5,Democracy
o_max,xgb_tree_d3,m027008_o_max_ord30_rk00009,30,0.42047809352095156,1.1721597626314753,5,Democracy
o_max,xgb_tree_d3,m027009_o_max_ord30_rk00010,30,0.4358148053465404,1.2496527261266068,5,Democracy
o_max,xgb_tree_d3,m027010_o_max_ord30_rk00011,30,0.4156767663937988,1.1721597626314753,5,Democracy
o_max,xgb_tree_d3,m027011_o_max_ord30_rk00012,30,0.4174394289514731,1.3699740752745007,6,Democracy
o_max,xgb_tree_d3,m027012_o_max_ord30_rk00013,30,0.40667001843739814,1.4989350663300531,6,Democracy
o_max,xgb_tree_d3,m027013_o_max_ord30_rk00014,30,0.44802142207271034,1.3699740752745007,6,Democracy
o_max,xgb_tree_d3,m027014_o_max_ord30_rk00015,30,0.4101260497572079,1.1721597626314753,5,Democracy
o_max,xgb_tree_d3,m027015_o_max_ord30_rk00016,30,0.4534328070767395,1.1721597626314753,5,Democracy
o_max,xgb_tree_d3,m027016_o_max_ord30_rk00017,30,0.4164862685608849,1.3699740752745007,6,Democracy
o_max,xgb_tree_d3,m027017_o_max_ord30_rk00018,30,0.427862118517617,0.972253928364927,4,Democracy
o_max,xgb_tree_d3,m027018_o_max_ord30_rk00019,30,0.44342413228278343,1.5656017329967198,7,Democracy
o_max,xgb_tree_d3,m027019_o_max_ord30_rk00020,30,0.43506167407639473,1.080424344959478,5,Democracy
