objective,rung,model_id,order,global_oof_r2,shannon_h,n_domains,dominant_domain
o_min,xgb_tree_d3,m047515_o_min_ord3_rk00001,3,0.25536738195945763,0.9182958340544896,2,Air Pollution
o_min,xgb_tree_d3,m047516_o_min_ord3_rk00002,3,0.2462149368784381,0.9182958340544896,2,Democracy
o_min,xgb_tree_d3,m047517_o_min_ord3_rk00003,3,0.25934016313257935,1.584962500721156,3,Air Pollution
o_min,xgb_tree_d3,m047518_o_min_ord3_rk00004,3,0.25057492535623416,0.9182958340544896,2,Democracy
o_min,xgb_tree_d3,m047519_o_min_ord3_rk00005,3,0.25289798239568106,0.9182958340544896,2,Air Pollution
o_min,xgb_tree_d3,m047520_o_min_ord3_rk00006,3,0.2572412165346586,-0.0,1,Air Pollution
o_min,xgb_tree_d3,m047521_o_min_ord3_rk00007,3,0.24252329758297164,0.9182958340544896,2,Democracy
o_min,xgb_tree_d3,m047522_o_min_ord3_rk00008,3,0.24971509235188105,0.9182958340544896,2,Democracy
o_min,xgb_tree_d3,m047523_o_min_ord3_rk00009,3,0.23963428727064406,1.584962500721156,3,Air Pollution
o_min,xgb_tree_d3,m047524_o_min_ord3_rk00010,3,0.24601075500526082,0.9182958340544896,2,Democracy
o_min,xgb_tree_d3,m047525_o_min_ord3_rk00011,3,0.24908840780574082,0.9182958340544896,2,Temperature
o_min,xgb_tree_d3,m047526_o_min_ord3_rk00012,3,0.24381053570418354,0.9182958340544896,2,Air Pollution
o_min,xgb_tree_d3,m047527_o_min_ord3_rk00013,3,0.24718113404115316,0.9182958340544896,2,Democracy
o_min,xgb_tree_d3,m047528_o_min_ord3_rk00014,3,0.24957677394812317,0.9182958340544896,2,Air Pollution
o_min,xgb_tree_d3,m047529_o_min_ord3_rk00015,3,0.24094362569881278,1.584962500721156,3,Air Pollution
o_min,xgb_tree_d3,m047530_o_min_ord3_rk00016,3,0.24734457155802902,0.9182958340544896,2,Democracy
o_min,xgb_tree_d3,m047531_o_min_ord3_rk00017,3,0.25652928135420683,0.9182958340544896,2,Air Pollution
o_min,xgb_tree_d3,m047532_o_min_ord3_rk00018,3,0.25724507578139855,1.584962500721156,3,Air Pollution
o_min,xgb_tree_d3,m047533_o_min_ord3_rk00019,3,0.25847563570994503,0.9182958340544896,2,Socioeconomic
o_min,xgb_tree_d3,m047534_o_min_ord3_rk00020,3,0.23996855828957864,1.584962500721156,3,Air Pollution
o_min,xgb_tree_d3,m048515_o_min_ord4_rk00001,4,0.2503489807058771,1.0,2,Air Pollution
o_min,xgb_tree_d3,m048516_o_min_ord4_rk00002,4,0.2571974787127185,1.5,3,Air Pollution
o_min,xgb_tree_d3,m048517_o_min_ord4_rk00003,4,0.2601147951983991,1.5,3,Air Pollution
o_min,xgb_tree_d3,m048518_o_min_ord4_rk00004,4,0.2591473792610599,1.5,3,Air Pollution
o_min,xgb_tree_d3,m048519_o_min_ord4_rk00005,4,0.2533869516950603,1.5,3,Socioeconomic
o_min,xgb_tree_d3,m048520_o_min_ord4_rk00006,4,0.25972458449144864,1.5,3,Air Pollution
o_min,xgb_tree_d3,m048521_o_min_ord4_rk00007,4,0.25949429177895467,1.5,3,Air Pollution
o_min,xgb_tree_d3,m048522_o_min_ord4_rk00008,4,0.2446808270510895,1.5,3,Air Pollution
o_min,xgb_tree_d3,m048523_o_min_ord4_rk00009,4,0.2575300208769179,1.5,3,Air Pollution
o_min,xgb_tree_d3,m048524_o_min_ord4_rk00010,4,0.2467989576055305,1.5,3,Air Pollution
o_min,xgb_tree_d3,m048525_o_min_ord4_rk00011,4,0.25820434310406737,1.5,3,Air Pollution
o_min,xgb_tree_d3,m048526_o_min_ord4_rk00012,4,0.24134036070032283,1.5,3,Air Pollution
o_min,xgb_tree_d3,m048527_o_min_ord4_rk00013,4,0.24982220669555855,2.0,4,Air Pollution
o_min,xgb_tree_d3,m048528_o_min_ord4_rk00014,4,0.2553592498641558,1.5,3,Air Pollution
o_min,xgb_tree_d3,m048529_o_min_ord4_rk00015,4,0.26026390523969123,1.5,3,Air Pollution
o_min,xgb_tree_d3,m048530_o_min_ord4_rk00016,4,0.26727931442597974,2.0,4,Air Pollution
o_min,xgb_tree_d3,m048531_o_min_ord4_rk00017,4,0.24923622595353534,1.5,3,Air Pollution
o_min,xgb_tree_d3,m048532_o_min_ord4_rk00018,4,0.24534738608121665,1.5,3,Temperature
o_min,xgb_tree_d3,m048533_o_min_ord4_rk00019,4,0.2461486160195696,1.5,3,Air Pollution
o_min,xgb_tree_d3,m048534_o_min_ord4_rk00020,4,0.24928352319303315,1.5,3,Air Pollution
o_min,xgb_tree_d3,m049515_o_min_ord5_rk00001,5,0.23989275436551505,1.5219280948873621,3,Precipitation/droughts
o_min,xgb_tree_d3,m049516_o_min_ord5_rk00002,5,0.2470329204269217,1.5219280948873621,3,Air Pollution
o_min,xgb_tree_d3,m049517_o_min_ord5_rk00003,5,0.2552850475671614,1.9219280948873623,4,Air Pollution
o_min,xgb_tree_d3,m049518_o_min_ord5_rk00004,5,0.24838427861755075,1.5219280948873621,3,Air Pollution
o_min,xgb_tree_d3,m049519_o_min_ord5_rk00005,5,0.2515850846915425,1.5219280948873621,3,Air Pollution
o_min,xgb_tree_d3,m049520_o_min_ord5_rk00006,5,0.2667933693927603,1.9219280948873623,4,Air Pollution
o_min,xgb_tree_d3,m049521_o_min_ord5_rk00007,5,0.2527371263410544,1.9219280948873623,4,Air Pollution
o_min,xgb_tree_d3,m049522_o_min_ord5_rk00008,5,0.25237382811044184,1.5219280948873621,3,Air Pollution
o_min,xgb_tree_d3,m049523_o_min_ord5_rk00009,5,0.23099511218356406,1.5219280948873621,3,Precipitation/droughts
o_min,xgb_tree_d3,m049524_o_min_ord5_rk00010,5,0.2612380474803312,1.9219280948873623,4,Air Pollution
o_min,xgb_tree_d3,m049525_o_min_ord5_rk00011,5,0.25292077774609467,1.5219280948873621,3,Air Pollution
o_min,xgb_tree_d3,m049526_o_min_ord5_rk00012,5,0.2502473958391893,1.5219280948873621,3,Air Pollution
o_min,xgb_tree_d3,m049527_o_min_ord5_rk00013,5,0.248406850991446,1.9219280948873623,4,Air Pollution
o_min,xgb_tree_d3,m049528_o_min_ord5_rk00014,5,0.2334105942812975,1.5219280948873621,3,Precipitation/droughts
o_min,xgb_tree_d3,m049529_o_min_ord5_rk00015,5,0.2636044521958609,1.3709505944546687,3,Air Pollution
o_min,xgb_tree_d3,m049530_o_min_ord5_rk00016,5,0.2548647864402973,1.5219280948873621,3,Air Pollution
o_min,xgb_tree_d3,m049531_o_min_ord5_rk00017,5,0.24328542323709668,1.9219280948873623,4,Precipitation/droughts
o_min,xgb_tree_d3,m049532_o_min_ord5_rk00018,5,0.24167923018120196,1.5219280948873621,3,Air Pollution
o_min,xgb_tree_d3,m049533_o_min_ord5_rk00019,5,0.25295935282090787,1.5219280948873621,3,Air Pollution
o_min,xgb_tree_d3,m049534_o_min_ord5_rk00020,5,0.2501194598121783,1.9219280948873623,4,Precipitation/droughts
o_min,xgb_tree_d3,m050515_o_min_ord6_rk00001,6,0.23397143436484436,1.4591479170272448,3,Democracy
o_min,xgb_tree_d3,m050516_o_min_ord6_rk00002,6,0.24055581415125726,1.9182958340544896,4,Air Pollution
o_min,xgb_tree_d3,m050517_o_min_ord6_rk00003,6,0.2531710388311188,1.7924812503605778,4,Air Pollution
o_min,xgb_tree_d3,m050518_o_min_ord6_rk00004,6,0.24809700588848804,1.9182958340544896,4,Air Pollution
o_min,xgb_tree_d3,m050519_o_min_ord6_rk00005,6,0.24182733383158483,1.9182958340544893,4,Air Pollution
o_min,xgb_tree_d3,m050520_o_min_ord6_rk00006,6,0.2502896533908825,1.9182958340544893,4,Air Pollution
o_min,xgb_tree_d3,m050521_o_min_ord6_rk00007,6,0.2435572477421486,1.9182958340544893,4,Precipitation/droughts
o_min,xgb_tree_d3,m050522_o_min_ord6_rk00008,6,0.2536124047274486,1.9182958340544893,4,Air Pollution
o_min,xgb_tree_d3,m050523_o_min_ord6_rk00009,6,0.23583775181989064,1.9182958340544896,4,Precipitation/droughts
o_min,xgb_tree_d3,m050524_o_min_ord6_rk00010,6,0.24090037079546311,2.2516291673878226,5,Precipitation/droughts
o_min,xgb_tree_d3,m050525_o_min_ord6_rk00011,6,0.23389272487884338,1.4591479170272448,3,Democracy
o_min,xgb_tree_d3,m050526_o_min_ord6_rk00012,6,0.2392541568677573,1.9182958340544896,4,Precipitation/droughts
o_min,xgb_tree_d3,m050527_o_min_ord6_rk00013,6,0.24282039452204507,1.9182958340544893,4,Air Pollution
o_min,xgb_tree_d3,m050528_o_min_ord6_rk00014,6,0.2441356681869552,1.4591479170272448,3,Socioeconomic
o_min,xgb_tree_d3,m050529_o_min_ord6_rk00015,6,0.23915603322727286,1.9182958340544893,4,Air Pollution
o_min,xgb_tree_d3,m050530_o_min_ord6_rk00016,6,0.2332259545040709,1.9182958340544896,4,Air Pollution
o_min,xgb_tree_d3,m050531_o_min_ord6_rk00017,6,0.24773816859846653,1.584962500721156,3,Air Pollution
o_min,xgb_tree_d3,m050532_o_min_ord6_rk00018,6,0.2508259860611143,1.7924812503605778,4,Air Pollution
o_min,xgb_tree_d3,m050533_o_min_ord6_rk00019,6,0.23920287765485249,1.9182958340544896,4,Precipitation/droughts
o_min,xgb_tree_d3,m050534_o_min_ord6_rk00020,6,0.2443161076641297,2.2516291673878226,5,Precipitation/droughts
o_min,xgb_tree_d3,m051515_o_min_ord7_rk00001,7,0.2284891166194979,2.2359263506290326,5,Precipitation/droughts
o_min,xgb_tree_d3,m051516_o_min_ord7_rk00002,7,0.2434848278908046,1.3787834934861753,3,Democracy
o_min,xgb_tree_d3,m051517_o_min_ord7_rk00003,7,0.24796213609191464,2.2359263506290326,5,Precipitation/droughts
o_min,xgb_tree_d3,m051518_o_min_ord7_rk00004,7,0.2504041279823256,1.9502120649147465,4,Air Pollution
o_min,xgb_tree_d3,m051519_o_min_ord7_rk00005,7,0.2375322644701584,1.3787834934861753,3,Democracy
o_min,xgb_tree_d3,m051520_o_min_ord7_rk00006,7,0.2538877615572803,2.1280852788913944,5,Air Pollution
o_min,xgb_tree_d3,m051521_o_min_ord7_rk00007,7,0.2365845260906072,2.2359263506290326,5,Precipitation/droughts
o_min,xgb_tree_d3,m051522_o_min_ord7_rk00008,7,0.23264572541144268,2.2359263506290326,5,Precipitation/droughts
o_min,xgb_tree_d3,m051523_o_min_ord7_rk00009,7,0.2432527127251004,1.9502120649147465,4,Precipitation/droughts
o_min,xgb_tree_d3,m051524_o_min_ord7_rk00010,7,0.2569702802721534,1.8423709931771088,4,Air Pollution
o_min,xgb_tree_d3,m051525_o_min_ord7_rk00011,7,0.24903256049052191,1.950212064914747,4,Air Pollution
o_min,xgb_tree_d3,m051526_o_min_ord7_rk00012,7,0.24122664887956768,1.8423709931771086,4,Democracy
o_min,xgb_tree_d3,m051527_o_min_ord7_rk00013,7,0.2582618802203188,1.8423709931771088,4,Air Pollution
o_min,xgb_tree_d3,m051528_o_min_ord7_rk00014,7,0.2565535229161674,1.8423709931771088,4,Air Pollution
o_min,xgb_tree_d3,m051529_o_min_ord7_rk00015,7,0.23268859673439046,1.8423709931771086,4,Democracy
o_min,xgb_tree_d3,m051530_o_min_ord7_rk00016,7,0.24760730970048572,1.9502120649147465,4,Air Pollution
o_min,xgb_tree_d3,m051531_o_min_ord7_rk00017,7,0.248161357404157,1.5566567074628228,3,Democracy
o_min,xgb_tree_d3,m051532_o_min_ord7_rk00018,7,0.2388933035284293,1.8423709931771086,4,Democracy
o_min,xgb_tree_d3,m051533_o_min_ord7_rk00019,7,0.23780422839285487,1.8423709931771086,4,Democracy
o_min,xgb_tree_d3,m051534_o_min_ord7_rk00020,7,0.24402292297349126,2.5216406363433186,6,Precipitation/droughts
o_min,xgb_tree_d3,m052515_o_min_ord8_rk00001,8,0.2516281249203154,2.25,5,Air Pollution
o_min,xgb_tree_d3,m052516_o_min_ord8_rk00002,8,0.2490807759827669,2.25,5,Temperature
o_min,xgb_tree_d3,m052517_o_min_ord8_rk00003,8,0.2386129488865154,2.1556390622295662,5,Socioeconomic
o_min,xgb_tree_d3,m052518_o_min_ord8_rk00004,8,0.25111687193578447,2.25,5,Temperature
o_min,xgb_tree_d3,m052519_o_min_ord8_rk00005,8,0.25074837130397243,2.5,6,Air Pollution
o_min,xgb_tree_d3,m052520_o_min_ord8_rk00006,8,0.24319480071343813,2.25,5,Temperature
o_min,xgb_tree_d3,m052521_o_min_ord8_rk00007,8,0.2465593329975212,1.9056390622295665,4,Socioeconomic
o_min,xgb_tree_d3,m052522_o_min_ord8_rk00008,8,0.24338957655436677,2.25,5,Temperature
o_min,xgb_tree_d3,m052523_o_min_ord8_rk00009,8,0.23598305157068988,2.5,6,Precipitation/droughts
o_min,xgb_tree_d3,m052524_o_min_ord8_rk00010,8,0.2519466625215858,1.561278124459133,3,Precipitation/droughts
o_min,xgb_tree_d3,m052525_o_min_ord8_rk00011,8,0.23148524311730623,1.75,4,Democracy
o_min,xgb_tree_d3,m052526_o_min_ord8_rk00012,8,0.24099068568860926,2.25,5,Precipitation/droughts
o_min,xgb_tree_d3,m052527_o_min_ord8_rk00013,8,0.24386093733566616,2.25,5,Precipitation/droughts
o_min,xgb_tree_d3,m052528_o_min_ord8_rk00014,8,0.2485686394040546,2.25,5,Precipitation/droughts
o_min,xgb_tree_d3,m052529_o_min_ord8_rk00015,8,0.25810171940674276,2.1556390622295662,5,Air Pollution
o_min,xgb_tree_d3,m052530_o_min_ord8_rk00016,8,0.25917453912348154,2.1556390622295662,5,Air Pollution
o_min,xgb_tree_d3,m052531_o_min_ord8_rk00017,8,0.25601660595122633,2.1556390622295662,5,Air Pollution
o_min,xgb_tree_d3,m052532_o_min_ord8_rk00018,8,0.2572451071374037,2.0,4,Air Pollution
o_min,xgb_tree_d3,m052533_o_min_ord8_rk00019,8,0.25691501954876284,2.5,6,Air Pollution
o_min,xgb_tree_d3,m052534_o_min_ord8_rk00020,8,0.24344066420803168,2.25,5,Air Pollution
o_min,xgb_tree_d3,m053515_o_min_ord9_rk00001,9,0.240476615831691,2.197159723424149,5,Socioeconomic
o_min,xgb_tree_d3,m053516_o_min_ord9_rk00002,9,0.24164219703799583,2.725480556997868,7,Precipitation/droughts
o_min,xgb_tree_d3,m053517_o_min_ord9_rk00003,9,0.2327699697362362,2.1971597234241496,5,Socioeconomic
o_min,xgb_tree_d3,m053518_o_min_ord9_rk00004,9,0.2534593113676725,2.197159723424149,5,Temperature
o_min,xgb_tree_d3,m053519_o_min_ord9_rk00005,9,0.25321647981330375,2.2810361125534238,5,Air Pollution
o_min,xgb_tree_d3,m053520_o_min_ord9_rk00006,9,0.24896378657530982,2.2810361125534238,5,Air Pollution
o_min,xgb_tree_d3,m053521_o_min_ord9_rk00007,9,0.2466168730704461,2.5032583347756456,6,Air Pollution
o_min,xgb_tree_d3,m053522_o_min_ord9_rk00008,9,0.23929607181331525,2.5032583347756456,6,Temperature
o_min,xgb_tree_d3,m053523_o_min_ord9_rk00009,9,0.24465128011940662,2.2810361125534238,5,Temperature
o_min,xgb_tree_d3,m053524_o_min_ord9_rk00010,9,0.23804798467483113,2.197159723424149,5,Socioeconomic
o_min,xgb_tree_d3,m053525_o_min_ord9_rk00011,9,0.25043153737976864,2.725480556997868,7,Air Pollution
o_min,xgb_tree_d3,m053526_o_min_ord9_rk00012,9,0.2398828079844455,2.197159723424149,5,Temperature
o_min,xgb_tree_d3,m053527_o_min_ord9_rk00013,9,0.24610555895379205,2.197159723424149,5,Socioeconomic
o_min,xgb_tree_d3,m053528_o_min_ord9_rk00014,9,0.2512236918028665,2.5032583347756456,6,Temperature
o_min,xgb_tree_d3,m053529_o_min_ord9_rk00015,9,0.23756853390894728,2.197159723424149,5,Socioeconomic
o_min,xgb_tree_d3,m053530_o_min_ord9_rk00016,9,0.24064644580817462,2.197159723424149,5,Democracy
o_min,xgb_tree_d3,m053531_o_min_ord9_rk00017,9,0.24993625433873123,2.197159723424149,5,Air Pollution
o_min,xgb_tree_d3,m053532_o_min_ord9_rk00018,9,0.25448707114012514,2.0588138903312014,5,Democracy
o_min,xgb_tree_d3,m053533_o_min_ord9_rk00019,9,0.2322239867618412,2.1971597234241496,5,Socioeconomic
o_min,xgb_tree_d3,m053534_o_min_ord9_rk00020,9,0.2544086601560749,2.197159723424149,5,Air Pollution
o_min,xgb_tree_d3,m054515_o_min_ord10_rk00001,10,0.2503632961681096,2.7219280948873625,7,Air Pollution
o_min,xgb_tree_d3,m054516_o_min_ord10_rk00002,10,0.24032119252653483,2.2464393446710154,5,Socioeconomic
o_min,xgb_tree_d3,m054517_o_min_ord10_rk00003,10,0.2555803975496467,2.170950594454669,5,Air Pollution
o_min,xgb_tree_d3,m054518_o_min_ord10_rk00004,10,0.2525733279884125,2.4464393446710155,6,Temperature
o_min,xgb_tree_d3,m054519_o_min_ord10_rk00005,10,0.25146263886694264,2.2464393446710154,5,Democracy
o_min,xgb_tree_d3,m054520_o_min_ord10_rk00006,10,0.24605094244921388,2.4464393446710155,6,Temperature
o_min,xgb_tree_d3,m054521_o_min_ord10_rk00007,10,0.25054443071410615,2.4464393446710155,6,Temperature
o_min,xgb_tree_d3,m054522_o_min_ord10_rk00008,10,0.24995981907738607,2.7219280948873625,7,Temperature
o_min,xgb_tree_d3,m054523_o_min_ord10_rk00009,10,0.25073470165272926,2.4464393446710155,6,Temperature
o_min,xgb_tree_d3,m054524_o_min_ord10_rk00010,10,0.25030114599585873,2.2464393446710154,5,Temperature
o_min,xgb_tree_d3,m054525_o_min_ord10_rk00011,10,0.2398810752393914,2.2464393446710154,5,Socioeconomic
o_min,xgb_tree_d3,m054526_o_min_ord10_rk00012,10,0.24021318573390993,2.4464393446710155,6,Air Pollution
o_min,xgb_tree_d3,m054527_o_min_ord10_rk00013,10,0.2370956079321478,2.2464393446710154,5,Socioeconomic
o_min,xgb_tree_d3,m054528_o_min_ord10_rk00014,10,0.24403564299483882,2.2464393446710154,5,Temperature
o_min,xgb_tree_d3,m054529_o_min_ord10_rk00015,10,0.24841963300871017,2.4464393446710155,6,Air Pollution
o_min,xgb_tree_d3,m054530_o_min_ord10_rk00016,10,0.25110843459555743,2.4464393446710155,6,Temperature
o_min,xgb_tree_d3,m054531_o_min_ord10_rk00017,10,0.24447774649705478,2.2464393446710154,5,Socioeconomic
o_min,xgb_tree_d3,m054532_o_min_ord10_rk00018,10,0.25304782453967656,2.4464393446710155,6,Temperature
o_min,xgb_tree_d3,m054533_o_min_ord10_rk00019,10,0.2485210753676561,2.4464393446710155,6,Temperature
o_min,xgb_tree_d3,m054534_o_min_ord10_rk00020,10,0.23910131971310034,2.721928094887362,7,Air Pollution
o_min,xgb_tree_d3,m055515_o_min_ord11_rk00001,11,0.239565631746246,2.7321588913645702,7,Air Pollution
o_min,xgb_tree_d3,m055516_o_min_ord11_rk00002,11,0.2501095781252195,2.663532754804255,7,Temperature
o_min,xgb_tree_d3,m055517_o_min_ord11_rk00003,11,0.2533116189913446,2.663532754804255,7,Temperature
o_min,xgb_tree_d3,m055518_o_min_ord11_rk00004,11,0.25201052225743836,2.663532754804255,7,Temperature
o_min,xgb_tree_d3,m055519_o_min_ord11_rk00005,11,0.24905869793235746,2.663532754804255,7,Air Pollution
o_min,xgb_tree_d3,m055520_o_min_ord11_rk00006,11,0.23794925234167785,2.481714572986073,6,Democracy
o_min,xgb_tree_d3,m055521_o_min_ord11_rk00007,11,0.2475767370569869,2.299896391167891,5,Temperature
o_min,xgb_tree_d3,m055522_o_min_ord11_rk00008,11,0.25111963703850604,2.481714572986073,6,Temperature
o_min,xgb_tree_d3,m055523_o_min_ord11_rk00009,11,0.24922179220618645,2.299896391167891,5,Temperature
o_min,xgb_tree_d3,m055524_o_min_ord11_rk00010,11,0.2511572938984715,2.413088436425758,6,Temperature
o_min,xgb_tree_d3,m055525_o_min_ord11_rk00011,11,0.24871665908542462,2.2998963911678914,5,Socioeconomic
o_min,xgb_tree_d3,m055526_o_min_ord11_rk00012,11,0.25071819403823026,2.481714572986073,6,Air Pollution
o_min,xgb_tree_d3,m055527_o_min_ord11_rk00013,11,0.25751362760071317,2.1180782093497093,5,Temperature
o_min,xgb_tree_d3,m055528_o_min_ord11_rk00014,11,0.2509984496559651,2.663532754804255,7,Temperature
o_min,xgb_tree_d3,m055529_o_min_ord11_rk00015,11,0.24455811284653994,2.663532754804255,7,Temperature
o_min,xgb_tree_d3,m055530_o_min_ord11_rk00016,11,0.25172429777251193,2.481714572986073,6,Temperature
o_min,xgb_tree_d3,m055531_o_min_ord11_rk00017,11,0.25087416281680597,2.663532754804255,7,Precipitation/droughts
o_min,xgb_tree_d3,m055532_o_min_ord11_rk00018,11,0.2524689648563876,2.663532754804255,7,Temperature
o_min,xgb_tree_d3,m055533_o_min_ord11_rk00019,11,0.24850061649502797,2.299896391167891,5,Temperature
o_min,xgb_tree_d3,m055534_o_min_ord11_rk00020,11,0.24769698671538032,2.2998963911678914,6,Temperature
o_min,xgb_tree_d3,m056515_o_min_ord12_rk00001,12,0.24399506176930907,2.688721875540867,7,Temperature
o_min,xgb_tree_d3,m056516_o_min_ord12_rk00002,12,0.2344365201619557,2.4591479170272446,6,Temperature
o_min,xgb_tree_d3,m056517_o_min_ord12_rk00003,12,0.2561034754372329,2.688721875540867,7,Temperature
o_min,xgb_tree_d3,m056518_o_min_ord12_rk00004,12,0.24745681198528058,2.584962500721156,7,Temperature
o_min,xgb_tree_d3,m056519_o_min_ord12_rk00005,12,0.25207508785458943,2.6258145836939115,7,Temperature
o_min,xgb_tree_d3,m056520_o_min_ord12_rk00006,12,0.24977324998839445,2.6258145836939115,7,Temperature
o_min,xgb_tree_d3,m056521_o_min_ord12_rk00007,12,0.24807721485016265,2.8553885422075336,8,Precipitation/droughts
o_min,xgb_tree_d3,m056522_o_min_ord12_rk00008,12,0.24075006478434413,2.688721875540867,7,Temperature
o_min,xgb_tree_d3,m056523_o_min_ord12_rk00009,12,0.24589179389441607,2.688721875540867,7,Temperature
o_min,xgb_tree_d3,m056524_o_min_ord12_rk00010,12,0.24116419041306902,2.6258145836939115,7,Temperature
o_min,xgb_tree_d3,m056525_o_min_ord12_rk00011,12,0.23572361385540208,2.688721875540867,7,Temperature
o_min,xgb_tree_d3,m056526_o_min_ord12_rk00012,12,0.24991962490730268,2.8553885422075336,8,Precipitation/droughts
o_min,xgb_tree_d3,m056527_o_min_ord12_rk00013,12,0.25746935023473394,2.688721875540867,7,Air Pollution
o_min,xgb_tree_d3,m056528_o_min_ord12_rk00014,12,0.24605573662667446,2.292481250360578,5,Temperature
o_min,xgb_tree_d3,m056529_o_min_ord12_rk00015,12,0.25225666137281033,2.688721875540867,7,Air Pollution
o_min,xgb_tree_d3,m056530_o_min_ord12_rk00016,12,0.24550618263936763,2.688721875540867,7,Temperature
o_min,xgb_tree_d3,m056531_o_min_ord12_rk00017,12,0.24024956511954365,2.4591479170272446,6,Temperature
o_min,xgb_tree_d3,m056532_o_min_ord12_rk00018,12,0.2563903304875952,2.292481250360578,5,Temperature
o_min,xgb_tree_d3,m056533_o_min_ord12_rk00019,12,0.2446474278293984,2.292481250360578,5,Temperature
o_min,xgb_tree_d3,m056534_o_min_ord12_rk00020,12,0.24747496851281736,2.8553885422075336,8,Temperature
o_min,xgb_tree_d3,m057515_o_min_ord13_rk00001,13,0.24549189009729877,2.6612262562697895,7,Temperature
o_min,xgb_tree_d3,m057516_o_min_ord13_rk00002,13,0.24712486686765522,2.6235166412180155,7,Temperature
o_min,xgb_tree_d3,m057517_o_min_ord13_rk00003,13,0.2458921798530378,2.6612262562697895,7,Temperature
o_min,xgb_tree_d3,m057518_o_min_ord13_rk00004,13,0.24396316888564662,2.873140679513133,8,Temperature
o_min,xgb_tree_d3,m057519_o_min_ord13_rk00005,13,0.2555057606829034,2.6612262562697895,7,Temperature
o_min,xgb_tree_d3,m057520_o_min_ord13_rk00006,13,0.2562099564449005,2.873140679513133,8,Precipitation/droughts
o_min,xgb_tree_d3,m057521_o_min_ord13_rk00007,13,0.24870785865778833,2.6612262562697895,7,Temperature
o_min,xgb_tree_d3,m057522_o_min_ord13_rk00008,13,0.244487551730875,2.6612262562697895,7,Temperature
o_min,xgb_tree_d3,m057523_o_min_ord13_rk00009,13,0.2545623348931334,2.873140679513133,8,Precipitation/droughts
o_min,xgb_tree_d3,m057524_o_min_ord13_rk00010,13,0.24423256150763528,2.2577560641285177,5,Temperature
o_min,xgb_tree_d3,m057525_o_min_ord13_rk00011,13,0.24674206379616603,2.7192945256669794,7,Air Pollution
o_min,xgb_tree_d3,m057526_o_min_ord13_rk00012,13,0.2447655343777958,2.449311833026446,6,Temperature
o_min,xgb_tree_d3,m057527_o_min_ord13_rk00013,13,0.2542419191504677,2.6031579868726,7,Temperature
o_min,xgb_tree_d3,m057528_o_min_ord13_rk00014,13,0.252966046306493,2.6612262562697895,7,Temperature
o_min,xgb_tree_d3,m057529_o_min_ord13_rk00015,13,0.25361240390004613,2.6031579868726,7,Temperature
o_min,xgb_tree_d3,m057530_o_min_ord13_rk00016,13,0.24567711881347898,2.7192945256669794,7,Temperature
o_min,xgb_tree_d3,m057531_o_min_ord13_rk00017,13,0.24887480977874799,2.2954656791802917,5,Air Pollution
o_min,xgb_tree_d3,m057532_o_min_ord13_rk00018,13,0.2349424399638148,2.7773627950641693,8,Temperature
o_min,xgb_tree_d3,m057533_o_min_ord13_rk00019,13,0.24351308682116257,2.6612262562697895,7,Temperature
o_min,xgb_tree_d3,m057534_o_min_ord13_rk00020,13,0.25322182475078736,2.4116022179746714,6,Temperature
o_min,xgb_tree_d3,m058515_o_min_ord14_rk00001,14,0.2508672138040876,2.8962915290459277,8,Temperature
o_min,xgb_tree_d3,m058516_o_min_ord14_rk00002,14,0.2513190315373459,2.8423709931771084,8,Temperature
o_min,xgb_tree_d3,m058517_o_min_ord14_rk00003,14,0.24792514578607883,2.8423709931771084,8,Temperature
o_min,xgb_tree_d3,m058518_o_min_ord14_rk00004,14,0.25514136400359855,2.610577243331642,7,Temperature
o_min,xgb_tree_d3,m058519_o_min_ord14_rk00005,14,0.2507700449449797,2.8423709931771084,8,Temperature
o_min,xgb_tree_d3,m058520_o_min_ord14_rk00006,14,0.24477835672876558,2.8423709931771084,8,Temperature
o_min,xgb_tree_d3,m058521_o_min_ord14_rk00007,14,0.24854585207304114,2.5027361715940035,6,Air Pollution
o_min,xgb_tree_d3,m058522_o_min_ord14_rk00008,14,0.24586996857367793,2.6455933144511468,7,Temperature
o_min,xgb_tree_d3,m058523_o_min_ord14_rk00009,14,0.24861109630504918,2.2359263506290326,5,Temperature
o_min,xgb_tree_d3,m058524_o_min_ord14_rk00010,14,0.24699276006941062,2.8423709931771084,8,Temperature
o_min,xgb_tree_d3,m058525_o_min_ord14_rk00011,14,0.24842061779849334,2.8423709931771084,8,Temperature
o_min,xgb_tree_d3,m058526_o_min_ord14_rk00012,14,0.2504122125873861,2.5027361715940035,6,Air Pollution
o_min,xgb_tree_d3,m058527_o_min_ord14_rk00013,14,0.25324306607862535,2.5027361715940035,6,Air Pollution
o_min,xgb_tree_d3,m058528_o_min_ord14_rk00014,14,0.24727494206155143,2.699513850319966,7,Air Pollution
o_min,xgb_tree_d3,m058529_o_min_ord14_rk00015,14,0.2496088599373978,2.610577243331642,7,Temperature
o_min,xgb_tree_d3,m058530_o_min_ord14_rk00016,14,0.24561895666377898,2.6455933144511468,7,Temperature
o_min,xgb_tree_d3,m058531_o_min_ord14_rk00017,14,0.2534240065423182,2.6455933144511468,7,Temperature
o_min,xgb_tree_d3,m058532_o_min_ord14_rk00018,14,0.2506791640201175,2.270942421748537,5,Temperature
o_min,xgb_tree_d3,m058533_o_min_ord14_rk00019,14,0.2548631788052935,2.610577243331642,7,Temperature
o_min,xgb_tree_d3,m058534_o_min_ord14_rk00020,14,0.24929909888133395,2.5027361715940035,6,Air Pollution
o_min,xgb_tree_d3,m059515_o_min_ord15_rk00001,15,0.23909408899268414,2.872905595320056,8,Temperature
o_min,xgb_tree_d3,m059516_o_min_ord15_rk00002,15,0.24886540921253408,2.4729055953200563,6,Temperature
o_min,xgb_tree_d3,m059517_o_min_ord15_rk00003,15,0.250975038115135,2.8225797618424915,8,Temperature
o_min,xgb_tree_d3,m059518_o_min_ord15_rk00004,15,0.24780364899506546,2.739572261986723,7,Air Pollution
o_min,xgb_tree_d3,m059519_o_min_ord15_rk00005,15,0.2506965889701953,2.8225797618424915,8,Temperature
o_min,xgb_tree_d3,m059520_o_min_ord15_rk00006,15,0.2507207605403039,2.8225797618424915,8,Temperature
o_min,xgb_tree_d3,m059521_o_min_ord15_rk00007,15,0.24430047414590395,2.689246428509158,7,Air Pollution
o_min,xgb_tree_d3,m059522_o_min_ord15_rk00008,15,0.2458379324839779,2.4729055953200563,6,Democracy
o_min,xgb_tree_d3,m059523_o_min_ord15_rk00009,15,0.25474978766174394,2.256564762130954,5,Temperature
o_min,xgb_tree_d3,m059524_o_min_ord15_rk00010,15,0.24852385408586708,2.8225797618424915,8,Temperature
o_min,xgb_tree_d3,m059525_o_min_ord15_rk00011,15,0.25124021041798705,2.5492553971685,7,Democracy
o_min,xgb_tree_d3,m059526_o_min_ord15_rk00012,15,0.25442880881293695,2.4729055953200563,6,Temperature
o_min,xgb_tree_d3,m059527_o_min_ord15_rk00013,15,0.2487876375145326,2.8225797618424915,8,Temperature
o_min,xgb_tree_d3,m059528_o_min_ord15_rk00014,15,0.24335257880752814,2.689246428509158,7,Air Pollution
o_min,xgb_tree_d3,m059529_o_min_ord15_rk00015,15,0.24900094395949202,2.656564762130954,7,Temperature
o_min,xgb_tree_d3,m059530_o_min_ord15_rk00016,15,0.24456074656036075,2.256564762130954,5,Temperature
o_min,xgb_tree_d3,m059531_o_min_ord15_rk00017,15,0.24989606839516676,2.8225797618424915,8,Temperature
o_min,xgb_tree_d3,m059532_o_min_ord15_rk00018,15,0.24600996983063528,2.689246428509158,7,Air Pollution
o_min,xgb_tree_d3,m059533_o_min_ord15_rk00019,15,0.24548583807772528,2.8225797618424915,8,Temperature
o_min,xgb_tree_d3,m059534_o_min_ord15_rk00020,15,0.25314976450949533,2.689246428509158,7,Air Pollution
o_min,xgb_tree_d3,m060515_o_min_ord16_rk00001,16,0.24902152899738272,2.7334585933443494,7,Air Pollution
o_min,xgb_tree_d3,m060516_o_min_ord16_rk00002,16,0.2447792590096043,2.5306390622295662,6,Temperature
o_min,xgb_tree_d3,m060517_o_min_ord16_rk00003,16,0.24664297942146263,2.452819531114783,6,Temperature
o_min,xgb_tree_d3,m060518_o_min_ord16_rk00004,16,0.2560734922589101,2.452819531114783,6,Temperature
o_min,xgb_tree_d3,m060519_o_min_ord16_rk00005,16,0.2525349431550036,2.7334585933443494,7,Air Pollution
o_min,xgb_tree_d3,m060520_o_min_ord16_rk00006,16,0.24410932897837012,2.8584585933443494,8,Temperature
o_min,xgb_tree_d3,m060521_o_min_ord16_rk00007,16,0.24963027392439718,2.6556390622295662,7,Temperature
o_min,xgb_tree_d3,m060522_o_min_ord16_rk00008,16,0.24931677781585715,2.6556390622295662,7,Temperature
o_min,xgb_tree_d3,m060523_o_min_ord16_rk00009,16,0.24776307302248213,2.7806390622295662,8,Democracy
o_min,xgb_tree_d3,m060524_o_min_ord16_rk00010,16,0.24999782145412264,2.6556390622295662,7,Temperature
o_min,xgb_tree_d3,m060525_o_min_ord16_rk00011,16,0.251602696625547,2.452819531114783,6,Temperature
o_min,xgb_tree_d3,m060526_o_min_ord16_rk00012,16,0.25325769561301426,2.7806390622295662,8,Temperature
o_min,xgb_tree_d3,m060527_o_min_ord16_rk00013,16,0.24725669379522286,2.6556390622295662,7,Temperature
o_min,xgb_tree_d3,m060528_o_min_ord16_rk00014,16,0.23964546270207399,2.8584585933443494,8,Temperature
o_min,xgb_tree_d3,m060529_o_min_ord16_rk00015,16,0.25155016075563097,2.5550365325772653,7,Democracy
o_min,xgb_tree_d3,m060530_o_min_ord16_rk00016,16,0.2498221768784974,2.686278124459133,7,Air Pollution
o_min,xgb_tree_d3,m060531_o_min_ord16_rk00017,16,0.2592758894282102,2.625,7,Temperature
o_min,xgb_tree_d3,m060532_o_min_ord16_rk00018,16,0.24666912731369994,2.8584585933443494,8,Temperature
o_min,xgb_tree_d3,m060533_o_min_ord16_rk00019,16,0.24249300585366995,2.8584585933443494,8,Temperature
o_min,xgb_tree_d3,m060534_o_min_ord16_rk00020,16,0.2559220264866988,2.4834585933443494,7,Democracy
o_min,xgb_tree_d3,m061515_o_min_ord17_rk00001,17,0.25109936763419904,2.7333716642706998,7,Air Pollution
o_min,xgb_tree_d3,m061516_o_min_ord17_rk00002,17,0.25263407423860273,2.4980775466236413,7,Democracy
o_min,xgb_tree_d3,m061517_o_min_ord17_rk00003,17,0.24576082612434424,2.7045348998193433,7,Temperature
o_min,xgb_tree_d3,m061518_o_min_ord17_rk00004,17,0.2464681678975763,2.6312929881819,7,Temperature
o_min,xgb_tree_d3,m061519_o_min_ord17_rk00005,17,0.24667265460473087,2.6312929881819,7,Temperature
o_min,xgb_tree_d3,m061520_o_min_ord17_rk00006,17,0.25675768816267386,2.939829017466402,9,Democracy
o_min,xgb_tree_d3,m061521_o_min_ord17_rk00007,17,0.24208277686680169,2.41896119556797,6,Democracy
o_min,xgb_tree_d3,m061522_o_min_ord17_rk00008,17,0.24368073551598646,2.513645929358371,6,Temperature
o_min,xgb_tree_d3,m061523_o_min_ord17_rk00009,17,0.2467216641132739,2.7333716642706998,7,Air Pollution
o_min,xgb_tree_d3,m061524_o_min_ord17_rk00010,17,0.25335830921979907,2.4980775466236413,7,Democracy
o_min,xgb_tree_d3,m061525_o_min_ord17_rk00011,17,0.2576092200549607,2.6601297526332566,8,Democracy
o_min,xgb_tree_d3,m061526_o_min_ord17_rk00012,17,0.2500884444950472,2.7045348998193433,7,Temperature
o_min,xgb_tree_d3,m061527_o_min_ord17_rk00013,17,0.24524737082041814,2.7045348998193433,7,Temperature
o_min,xgb_tree_d3,m061528_o_min_ord17_rk00014,17,0.24967621509646998,2.6601297526332566,7,Democracy
o_min,xgb_tree_d3,m061529_o_min_ord17_rk00015,17,0.2509921334409069,2.380430487800112,6,Democracy
o_min,xgb_tree_d3,m061530_o_min_ord17_rk00016,17,0.2497302875464248,2.6312929881819,7,Temperature
o_min,xgb_tree_d3,m061531_o_min_ord17_rk00017,17,0.24729443737410828,2.6312929881819,7,Temperature
o_min,xgb_tree_d3,m061532_o_min_ord17_rk00018,17,0.24612488251317,2.4692407821722844,6,Temperature
o_min,xgb_tree_d3,m061533_o_min_ord17_rk00019,17,0.25645053559326847,2.9109922530150456,9,Temperature
o_min,xgb_tree_d3,m061534_o_min_ord17_rk00020,17,0.24708975817755685,2.7045348998193433,7,Temperature
o_min,xgb_tree_d3,m062515_o_min_ord18_rk00001,18,0.25576976069226565,2.858278308418045,9,Democracy
o_min,xgb_tree_d3,m062516_o_min_ord18_rk00002,18,0.25652563573066944,2.7107770844150676,7,Precipitation/droughts
o_min,xgb_tree_d3,m062517_o_min_ord18_rk00003,18,0.25150937600460765,2.7107770844150676,7,Temperature
o_min,xgb_tree_d3,m062518_o_min_ord18_rk00004,18,0.2486448752455609,2.4885548621928453,7,Democracy
o_min,xgb_tree_d3,m062519_o_min_ord18_rk00005,18,0.24473793356099793,2.683542362433231,7,Temperature
o_min,xgb_tree_d3,m062520_o_min_ord18_rk00006,18,0.2500593146619021,2.752715278979705,7,Democracy
o_min,xgb_tree_d3,m062521_o_min_ord18_rk00007,18,0.24198095658804286,2.7107770844150676,7,Precipitation/droughts
o_min,xgb_tree_d3,m062522_o_min_ord18_rk00008,18,0.2461922067058432,2.905764584655453,8,Democracy
o_min,xgb_tree_d3,m062523_o_min_ord18_rk00009,18,0.2537408324896101,2.4613201402110088,6,Temperature
o_min,xgb_tree_d3,m062524_o_min_ord18_rk00010,18,0.2463361177333937,2.6416041678685938,7,Temperature
o_min,xgb_tree_d3,m062525_o_min_ord18_rk00011,18,0.25455847531935205,2.591793226077496,8,Democracy
o_min,xgb_tree_d3,m062526_o_min_ord18_rk00012,18,0.24393246622390918,2.4830067805200744,6,Democracy
o_min,xgb_tree_d3,m062527_o_min_ord18_rk00013,18,0.24762332487640193,2.683542362433231,7,Temperature
o_min,xgb_tree_d3,m062528_o_min_ord18_rk00014,18,0.2505826118841301,2.4387439204017474,7,Democracy
o_min,xgb_tree_d3,m062529_o_min_ord18_rk00015,18,0.26095708563409026,2.858278308418045,9,Democracy
o_min,xgb_tree_d3,m062530_o_min_ord18_rk00016,18,0.25484962119434074,2.6688388898504303,8,Democracy
o_min,xgb_tree_d3,m062531_o_min_ord18_rk00017,18,0.2533961046991674,2.9057645846554525,9,Temperature
o_min,xgb_tree_d3,m062532_o_min_ord18_rk00018,18,0.2607507845147454,2.858278308418045,9,Democracy
o_min,xgb_tree_d3,m062533_o_min_ord18_rk00019,18,0.25407329995553085,2.6688388898504303,8,Democracy
o_min,xgb_tree_d3,m062534_o_min_ord18_rk00020,18,0.24824276336863882,2.6416041678685938,7,Precipitation/droughts
o_min,xgb_tree_d3,m063515_o_min_ord19_rk00001,19,0.24380811916985823,2.6947814605842733,7,Temperature
o_min,xgb_tree_d3,m063516_o_min_ord19_rk00002,19,0.2556183868061741,2.8000446184790095,9,Democracy
o_min,xgb_tree_d3,m063517_o_min_ord19_rk00003,19,0.2566340201787326,2.8000446184790095,9,Democracy
o_min,xgb_tree_d3,m063518_o_min_ord19_rk00004,19,0.24197281261652503,2.9053077763737467,8,Democracy
o_min,xgb_tree_d3,m063519_o_min_ord19_rk00005,19,0.2445498224954712,2.7603136973125117,7,Precipitation/droughts
o_min,xgb_tree_d3,m063520_o_min_ord19_rk00006,19,0.2414879144205273,2.6947814605842733,7,Temperature
o_min,xgb_tree_d3,m063521_o_min_ord19_rk00007,19,0.24872536813469526,2.6292492238560348,7,Temperature
o_min,xgb_tree_d3,m063522_o_min_ord19_rk00008,19,0.24836952620138142,2.7153266987718094,7,Democracy
o_min,xgb_tree_d3,m063523_o_min_ord19_rk00009,19,0.2476840761537512,2.6292492238560348,7,Temperature
o_min,xgb_tree_d3,m063524_o_min_ord19_rk00010,19,0.24254150279424969,2.694781460584273,7,Temperature
o_min,xgb_tree_d3,m063525_o_min_ord19_rk00011,19,0.2592146858694727,2.694781460584273,8,Democracy
o_min,xgb_tree_d3,m063526_o_min_ord19_rk00012,19,0.24383093426162417,2.694781460584273,7,Precipitation/droughts
o_min,xgb_tree_d3,m063527_o_min_ord19_rk00013,19,0.24683728633595037,2.6292492238560348,7,Temperature
o_min,xgb_tree_d3,m063528_o_min_ord19_rk00014,19,0.24926963931302593,2.6100635408770723,7,Democracy
o_min,xgb_tree_d3,m063529_o_min_ord19_rk00015,19,0.24451751573064118,2.4370658315190226,7,Democracy
o_min,xgb_tree_d3,m063530_o_min_ord19_rk00016,19,0.24356452511771787,2.9000516989995426,9,Democracy
o_min,xgb_tree_d3,m063531_o_min_ord19_rk00017,19,0.25175040672579896,2.5820599105802575,8,Democracy
o_min,xgb_tree_d3,m063532_o_min_ord19_rk00018,19,0.2596405313595175,2.8000446184790095,9,Democracy
o_min,xgb_tree_d3,m063533_o_min_ord19_rk00019,19,0.24719824449865857,2.694781460584273,7,Temperature
o_min,xgb_tree_d3,m063534_o_min_ord19_rk00020,19,0.25842246532229085,2.984769618706743,9,Temperature
o_min,xgb_tree_d3,m064515_o_min_ord20_rk00001,20,0.2494553332716396,2.6841837197791887,7,Temperature
o_min,xgb_tree_d3,m064516_o_min_ord20_rk00002,20,0.2551434761702889,2.746439344671016,8,Democracy
o_min,xgb_tree_d3,m064517_o_min_ord20_rk00003,20,0.25140860219524686,2.6841837197791887,7,Temperature
o_min,xgb_tree_d3,m064518_o_min_ord20_rk00004,20,0.25730726387383807,2.739353872167201,9,Democracy
o_min,xgb_tree_d3,m064519_o_min_ord20_rk00005,20,0.25638614730746023,2.7464393446710154,7,Precipitation/droughts
o_min,xgb_tree_d3,m064520_o_min_ord20_rk00006,20,0.2521696316224912,2.884183719779189,8,Precipitation/droughts
o_min,xgb_tree_d3,m064521_o_min_ord20_rk00007,20,0.2581394404330839,2.739353872167201,9,Democracy
o_min,xgb_tree_d3,m064522_o_min_ord20_rk00008,20,0.24612873934154333,2.865957320949175,8,Democracy
o_min,xgb_tree_d3,m064523_o_min_ord20_rk00009,20,0.2581452660538943,2.739353872167201,9,Democracy
o_min,xgb_tree_d3,m064524_o_min_ord20_rk00010,20,0.2490479080931297,2.6841837197791887,7,Temperature
o_min,xgb_tree_d3,m064525_o_min_ord20_rk00011,20,0.24936742954216506,2.6037016960573482,7,Democracy
o_min,xgb_tree_d3,m064526_o_min_ord20_rk00012,20,0.2572259995357542,2.739353872167201,9,Democracy
o_min,xgb_tree_d3,m064527_o_min_ord20_rk00013,20,0.2526082845914074,2.6841837197791887,7,Temperature
o_min,xgb_tree_d3,m064528_o_min_ord20_rk00014,20,0.2536537494631811,2.7709505944546686,8,Democracy
o_min,xgb_tree_d3,m064529_o_min_ord20_rk00015,20,0.248875277352402,2.6841837197791887,7,Temperature
o_min,xgb_tree_d3,m064530_o_min_ord20_rk00016,20,0.2560411152862254,2.6841837197791887,7,Temperature
o_min,xgb_tree_d3,m064531_o_min_ord20_rk00017,20,0.2437252979957215,2.865957320949175,8,Democracy
o_min,xgb_tree_d3,m064532_o_min_ord20_rk00018,20,0.25805904822267123,2.9414460711655215,9,Democracy
o_min,xgb_tree_d3,m064533_o_min_ord20_rk00019,20,0.24860054276698573,2.7282129458410016,7,Democracy
o_min,xgb_tree_d3,m064534_o_min_ord20_rk00020,20,0.2470135209975829,2.6841837197791887,7,Temperature
o_min,xgb_tree_d3,m065515_o_min_ord21_rk00001,21,0.2526203721225725,2.9463875191311275,9,Democracy
o_min,xgb_tree_d3,m065516_o_min_ord21_rk00002,21,0.24904362880454434,2.915195993795242,9,Democracy
o_min,xgb_tree_d3,m065517_o_min_ord21_rk00003,21,0.2477197657390745,2.7373227798185953,7,Temperature
o_min,xgb_tree_d3,m065518_o_min_ord21_rk00004,21,0.2554142118984305,2.753918758180346,9,Democracy
o_min,xgb_tree_d3,m065519_o_min_ord21_rk00005,21,0.2534807680056863,2.7199643047423914,8,Democracy
o_min,xgb_tree_d3,m065520_o_min_ord21_rk00006,21,0.2545150832779858,2.9463875191311275,9,Democracy
o_min,xgb_tree_d3,m065521_o_min_ord21_rk00007,21,0.2405172491007297,2.851149423893032,8,Democracy
o_min,xgb_tree_d3,m065522_o_min_ord21_rk00008,21,0.2556472066099409,2.7199643047423914,7,Democracy
o_min,xgb_tree_d3,m065523_o_min_ord21_rk00009,21,0.2476947356511774,2.6606732334168424,7,Democracy
o_min,xgb_tree_d3,m065524_o_min_ord21_rk00010,21,0.24280935464826547,2.6606732334168424,7,Democracy
o_min,xgb_tree_d3,m065525_o_min_ord21_rk00011,21,0.24970399760863482,2.7606668272315975,8,Democracy
o_min,xgb_tree_d3,m065526_o_min_ord21_rk00012,21,0.25513901292349994,2.7179717342678,8,Democracy
o_min,xgb_tree_d3,m065527_o_min_ord21_rk00013,21,0.2448666314437894,2.6606732334168424,7,Democracy
o_min,xgb_tree_d3,m065528_o_min_ord21_rk00014,21,0.25089219659621786,2.9463875191311275,9,Democracy
o_min,xgb_tree_d3,m065529_o_min_ord21_rk00015,21,0.2560414864455084,2.9463875191311275,9,Temperature
o_min,xgb_tree_d3,m065530_o_min_ord21_rk00016,21,0.24157056484554007,2.851149423893032,8,Democracy
o_min,xgb_tree_d3,m065531_o_min_ord21_rk00017,21,0.258051474948207,2.9463875191311275,9,Democracy
o_min,xgb_tree_d3,m065532_o_min_ord21_rk00018,21,0.250173174092743,2.753918758180346,9,Democracy
o_min,xgb_tree_d3,m065533_o_min_ord21_rk00019,21,0.25013735955438476,2.7199643047423914,7,Democracy
o_min,xgb_tree_d3,m065534_o_min_ord21_rk00020,21,0.2530451817288679,2.7606668272315975,8,Democracy
o_min,xgb_tree_d3,m066515_o_min_ord22_rk00001,22,0.25616577914432803,2.9540036423298544,9,Democracy
o_min,xgb_tree_d3,m066516_o_min_ord22_rk00002,22,0.25254929532466397,2.9019469592513696,9,Democracy
o_min,xgb_tree_d3,m066517_o_min_ord22_rk00003,22,0.2520587784421078,2.9540036423298544,9,Democracy
o_min,xgb_tree_d3,m066518_o_min_ord22_rk00004,22,0.2556388573536318,2.731431053591683,9,Democracy
o_min,xgb_tree_d3,m066519_o_min_ord22_rk00005,22,0.26236076551081866,2.9151512344992474,9,Temperature
o_min,xgb_tree_d3,m066520_o_min_ord22_rk00006,22,0.25954191091678624,2.737872392231515,8,Democracy
o_min,xgb_tree_d3,m066521_o_min_ord22_rk00007,22,0.2478589560505018,2.9317206879810787,9,Democracy
o_min,xgb_tree_d3,m066522_o_min_ord22_rk00008,22,0.2529929795543835,2.9019469592513696,9,Democracy
o_min,xgb_tree_d3,m066523_o_min_ord22_rk00009,22,0.2611706496044861,2.8045965297024473,9,Democracy
o_min,xgb_tree_d3,m066524_o_min_ord22_rk00010,22,0.25007779891513127,2.9019469592513696,9,Democracy
o_min,xgb_tree_d3,m066525_o_min_ord22_rk00011,22,0.24917885106757942,2.9019469592513696,9,Democracy
o_min,xgb_tree_d3,m066526_o_min_ord22_rk00012,22,0.2518749269280256,2.7136874387933565,8,Democracy
o_min,xgb_tree_d3,m066527_o_min_ord22_rk00013,22,0.24715086468876346,2.9019469592513696,9,Democracy
o_min,xgb_tree_d3,m066528_o_min_ord22_rk00014,22,0.25776561664681585,2.6405219626825924,8,Democracy
o_min,xgb_tree_d3,m066529_o_min_ord22_rk00015,22,0.250757553515898,2.9019469592513696,9,Democracy
o_min,xgb_tree_d3,m066530_o_min_ord22_rk00016,22,0.24874551408428625,2.867633890971212,9,Democracy
o_min,xgb_tree_d3,m066531_o_min_ord22_rk00017,22,0.25281304944962035,2.9540036423298544,9,Democracy
o_min,xgb_tree_d3,m066532_o_min_ord22_rk00018,22,0.24850983205623056,2.7155894378827394,7,Democracy
o_min,xgb_tree_d3,m066533_o_min_ord22_rk00019,22,0.25763992376055156,2.8045965297024473,9,Democracy
o_min,xgb_tree_d3,m066534_o_min_ord22_rk00020,22,0.2516067040417408,2.737872392231515,8,Democracy
o_min,xgb_tree_d3,m067515_o_min_ord23_rk00001,23,0.2478772986842378,2.9140163035068443,9,Democracy
o_min,xgb_tree_d3,m067516_o_min_ord23_rk00002,23,0.24966029712117066,2.9140163035068443,9,Democracy
o_min,xgb_tree_d3,m067517_o_min_ord23_rk00003,23,0.24978729170973535,2.9424955222917832,9,Democracy
o_min,xgb_tree_d3,m067518_o_min_ord23_rk00004,23,0.24830855583988187,2.9140163035068443,9,Democracy
o_min,xgb_tree_d3,m067519_o_min_ord23_rk00005,23,0.24710085870165788,2.859880977513952,9,Democracy
o_min,xgb_tree_d3,m067520_o_min_ord23_rk00006,23,0.2546546871672011,2.9424955222917832,9,Democracy
o_min,xgb_tree_d3,m067521_o_min_ord23_rk00007,23,0.25447426057207745,2.8927021732601896,9,Democracy
o_min,xgb_tree_d3,m067522_o_min_ord23_rk00008,23,0.24674074909116073,2.9140163035068443,9,Democracy
o_min,xgb_tree_d3,m067523_o_min_ord23_rk00009,23,0.2472064502213298,2.9140163035068443,9,Democracy
o_min,xgb_tree_d3,m067524_o_min_ord23_rk00010,23,0.25287497855592855,2.8768531307993075,9,Democracy
o_min,xgb_tree_d3,m067525_o_min_ord23_rk00011,23,0.2516064713753272,2.7029400873210467,8,Democracy
o_min,xgb_tree_d3,m067526_o_min_ord23_rk00012,23,0.2464774997136404,2.8440319350530703,9,Democracy
o_min,xgb_tree_d3,m067527_o_min_ord23_rk00013,23,0.2550108104711879,2.7837353286220776,9,Democracy
o_min,xgb_tree_d3,m067528_o_min_ord23_rk00014,23,0.24682609320279925,2.8927021732601896,9,Democracy
o_min,xgb_tree_d3,m067529_o_min_ord23_rk00015,23,0.24865605800921897,2.6967788068829472,8,Democracy
o_min,xgb_tree_d3,m067530_o_min_ord23_rk00016,23,0.24858531280432017,2.7837353286220776,9,Democracy
o_min,xgb_tree_d3,m067531_o_min_ord23_rk00017,23,0.25176048160632647,2.8208985013296144,9,Democracy
o_min,xgb_tree_d3,m067532_o_min_ord23_rk00018,23,0.24939882445723016,2.766763175336722,9,Democracy
o_min,xgb_tree_d3,m067533_o_min_ord23_rk00019,23,0.2542150114090064,2.9424955222917832,9,Democracy
o_min,xgb_tree_d3,m067534_o_min_ord23_rk00020,23,0.25014251356738226,2.8598809775139515,9,Democracy
o_min,xgb_tree_d3,m068515_o_min_ord24_rk00001,24,0.25137840030754,2.8699100232740657,9,Democracy
o_min,xgb_tree_d3,m068516_o_min_ord24_rk00002,24,0.252206391007751,2.907268229617389,9,Democracy
o_min,xgb_tree_d3,m068517_o_min_ord24_rk00003,24,0.25078292056579776,2.907268229617389,9,Democracy
o_min,xgb_tree_d3,m068518_o_min_ord24_rk00004,24,0.2521715686002227,2.8699100232740657,9,Democracy
o_min,xgb_tree_d3,m068519_o_min_ord24_rk00005,24,0.24662378545332564,2.907268229617389,9,Democracy
o_min,xgb_tree_d3,m068520_o_min_ord24_rk00006,24,0.2503196714862086,2.8699100232740657,9,Democracy
o_min,xgb_tree_d3,m068521_o_min_ord24_rk00007,24,0.2515458163236396,2.907268229617389,9,Democracy
o_min,xgb_tree_d3,m068522_o_min_ord24_rk00008,24,0.2462029845562569,2.8699100232740657,9,Democracy
o_min,xgb_tree_d3,m068523_o_min_ord24_rk00009,24,0.2528241698824063,2.7509619827626763,9,Democracy
o_min,xgb_tree_d3,m068524_o_min_ord24_rk00010,24,0.248569457652129,2.907268229617389,9,Democracy
o_min,xgb_tree_d3,m068525_o_min_ord24_rk00011,24,0.2488191105700518,2.892079563925711,9,Democracy
o_min,xgb_tree_d3,m068526_o_min_ord24_rk00012,24,0.2533474050790896,2.840199876515855,9,Democracy
o_min,xgb_tree_d3,m068527_o_min_ord24_rk00013,24,0.2486158459413006,2.907268229617389,9,Democracy
o_min,xgb_tree_d3,m068528_o_min_ord24_rk00014,24,0.2435343906490306,2.907268229617389,9,Democracy
o_min,xgb_tree_d3,m068529_o_min_ord24_rk00015,24,0.2463682302380088,2.907268229617389,9,Democracy
o_min,xgb_tree_d3,m068530_o_min_ord24_rk00016,24,0.25261310625533295,2.8699100232740657,9,Democracy
o_min,xgb_tree_d3,m068531_o_min_ord24_rk00017,24,0.2509309997648205,2.8699100232740657,9,Democracy
o_min,xgb_tree_d3,m068532_o_min_ord24_rk00018,24,0.2570232338568803,2.83429531609601,9,Democracy
o_min,xgb_tree_d3,m068533_o_min_ord24_rk00019,24,0.24639731463847225,2.8699100232740657,9,Democracy
o_min,xgb_tree_d3,m068534_o_min_ord24_rk00020,24,0.24574388656358936,2.907268229617389,9,Democracy
o_min,xgb_tree_d3,m069515_o_min_ord25_rk00001,25,0.2460587239428792,2.8676013115120567,9,Democracy
o_min,xgb_tree_d3,m069516_o_min_ord25_rk00002,25,0.24493628558163205,2.8676013115120567,9,Democracy
o_min,xgb_tree_d3,m069517_o_min_ord25_rk00003,25,0.25498941309166523,2.8530201924480454,9,Democracy
o_min,xgb_tree_d3,m069518_o_min_ord25_rk00004,25,0.25169290770621355,2.8676013115120567,9,Democracy
o_min,xgb_tree_d3,m069519_o_min_ord25_rk00005,25,0.24642572246138938,2.823465189601647,9,Democracy
o_min,xgb_tree_d3,m069520_o_min_ord25_rk00006,25,0.24895164064888897,2.8676013115120567,9,Democracy
o_min,xgb_tree_d3,m069521_o_min_ord25_rk00007,25,0.24242353067735622,2.8888840705376357,9,Democracy
o_min,xgb_tree_d3,m069522_o_min_ord25_rk00008,25,0.25092192050435624,2.8676013115120567,9,Democracy
o_min,xgb_tree_d3,m069523_o_min_ord25_rk00009,25,0.24416348742920246,2.8676013115120567,9,Democracy
o_min,xgb_tree_d3,m069524_o_min_ord25_rk00010,25,0.25095705245561806,2.8888840705376357,9,Democracy
o_min,xgb_tree_d3,m069525_o_min_ord25_rk00011,25,0.2464952996988481,2.8676013115120567,9,Democracy
o_min,xgb_tree_d3,m069526_o_min_ord25_rk00012,25,0.24674996614328149,2.8676013115120567,9,Democracy
o_min,xgb_tree_d3,m069527_o_min_ord25_rk00013,25,0.2508870232336867,2.8676013115120567,9,Democracy
o_min,xgb_tree_d3,m069528_o_min_ord25_rk00014,25,0.2510018234042436,2.8676013115120567,9,Democracy
o_min,xgb_tree_d3,m069529_o_min_ord25_rk00015,25,0.24114260432019585,2.8888840705376357,9,Democracy
o_min,xgb_tree_d3,m069530_o_min_ord25_rk00016,25,0.25330242647142576,2.84307418942857,8,Democracy
o_min,xgb_tree_d3,m069531_o_min_ord25_rk00017,25,0.25006017201887276,2.8888840705376357,9,Democracy
o_min,xgb_tree_d3,m069532_o_min_ord25_rk00018,25,0.2481486536084423,2.8888840705376357,9,Democracy
o_min,xgb_tree_d3,m069533_o_min_ord25_rk00019,25,0.24650189193501093,2.8676013115120567,9,Democracy
o_min,xgb_tree_d3,m069534_o_min_ord25_rk00020,25,0.25040982692686087,2.833411192621123,9,Democracy
o_min,xgb_tree_d3,m070515_o_min_ord26_rk00001,26,0.2513825160056774,2.8536700092563416,9,Democracy
o_min,xgb_tree_d3,m070516_o_min_ord26_rk00002,26,0.2480441604573207,2.8536700092563416,9,Democracy
o_min,xgb_tree_d3,m070517_o_min_ord26_rk00003,26,0.2473671793457941,2.8536700092563416,9,Democracy
o_min,xgb_tree_d3,m070518_o_min_ord26_rk00004,26,0.24661691628087823,2.811231430496332,9,Democracy
o_min,xgb_tree_d3,m070519_o_min_ord26_rk00005,26,0.25356546149013826,2.8536700092563416,9,Democracy
o_min,xgb_tree_d3,m070520_o_min_ord26_rk00006,26,0.25344574226774574,2.8252517372886508,9,Democracy
o_min,xgb_tree_d3,m070521_o_min_ord26_rk00007,26,0.25600517844166815,2.8252517372886508,9,Democracy
o_min,xgb_tree_d3,m070522_o_min_ord26_rk00008,26,0.2529611620848381,2.8536700092563416,9,Democracy
o_min,xgb_tree_d3,m070523_o_min_ord26_rk00009,26,0.244586738839923,2.8252517372886508,9,Democracy
o_min,xgb_tree_d3,m070524_o_min_ord26_rk00010,26,0.24553684043556312,2.8252517372886508,9,Democracy
o_min,xgb_tree_d3,m070525_o_min_ord26_rk00011,26,0.2540257156147231,2.8536700092563416,9,Democracy
o_min,xgb_tree_d3,m070526_o_min_ord26_rk00012,26,0.2541611608447697,2.8536700092563416,9,Democracy
o_min,xgb_tree_d3,m070527_o_min_ord26_rk00013,26,0.24961141842606793,2.8536700092563416,9,Democracy
o_min,xgb_tree_d3,m070528_o_min_ord26_rk00014,26,0.24426399204529747,2.8252517372886508,9,Democracy
o_min,xgb_tree_d3,m070529_o_min_ord26_rk00015,26,0.2511922222298384,2.8536700092563416,9,Democracy
o_min,xgb_tree_d3,m070530_o_min_ord26_rk00016,26,0.25267896068373663,2.8536700092563416,9,Democracy
o_min,xgb_tree_d3,m070531_o_min_ord26_rk00017,26,0.24690339214372603,2.8536700092563416,9,Democracy
o_min,xgb_tree_d3,m070532_o_min_ord26_rk00018,26,0.25456820890802045,2.8536700092563416,9,Democracy
o_min,xgb_tree_d3,m070533_o_min_ord26_rk00019,26,0.2478793522161301,2.8536700092563416,9,Democracy
o_min,xgb_tree_d3,m070534_o_min_ord26_rk00020,26,0.2509152183198733,2.8536700092563416,9,Democracy
o_min,xgb_tree_d3,m071515_o_min_ord27_rk00001,27,0.2457307943263648,2.815460540067162,9,Democracy
o_min,xgb_tree_d3,m071516_o_min_ord27_rk00002,27,0.24567844106481962,2.815460540067162,9,Democracy
o_min,xgb_tree_d3,m071517_o_min_ord27_rk00003,27,0.24188061083795542,2.815460540067162,9,Democracy
o_min,xgb_tree_d3,m071518_o_min_ord27_rk00004,27,0.24714182532766038,2.815460540067162,9,Democracy
o_min,xgb_tree_d3,m071519_o_min_ord27_rk00005,27,0.24481803217877507,2.815460540067162,9,Democracy
o_min,xgb_tree_d3,m071520_o_min_ord27_rk00006,27,0.24181520483180985,2.815460540067162,9,Democracy
o_min,xgb_tree_d3,m071521_o_min_ord27_rk00007,27,0.2542016248071768,2.8139107630313687,8,Democracy
o_min,xgb_tree_d3,m071522_o_min_ord27_rk00008,27,0.2496476303010624,2.815460540067162,9,Democracy
o_min,xgb_tree_d3,m071523_o_min_ord27_rk00009,27,0.23589488433503436,2.741386465993088,8,Democracy
o_min,xgb_tree_d3,m071524_o_min_ord27_rk00010,27,0.24273939779796005,2.815460540067162,9,Democracy
o_min,xgb_tree_d3,m071525_o_min_ord27_rk00011,27,0.2534163525665182,2.815460540067162,9,Democracy
o_min,xgb_tree_d3,m071526_o_min_ord27_rk00012,27,0.24807089277120808,2.815460540067162,9,Democracy
o_min,xgb_tree_d3,m071527_o_min_ord27_rk00013,27,0.2418039952904365,2.9024425973114867,9,Democracy
o_min,xgb_tree_d3,m071528_o_min_ord27_rk00014,27,0.24695958869376222,2.815460540067162,9,Democracy
o_min,xgb_tree_d3,m071529_o_min_ord27_rk00015,27,0.24561055238036522,2.9341001148030923,9,Democracy
o_min,xgb_tree_d3,m071530_o_min_ord27_rk00016,27,0.24937396613399276,2.976516671385561,10,Democracy
o_min,xgb_tree_d3,m071531_o_min_ord27_rk00017,27,0.24489702627160148,2.815460540067162,9,Democracy
o_min,xgb_tree_d3,m071532_o_min_ord27_rk00018,27,0.24067594622401633,2.861575817764811,9,Democracy
o_min,xgb_tree_d3,m071533_o_min_ord27_rk00019,27,0.24394572367611866,2.815460540067162,9,Democracy
o_min,xgb_tree_d3,m071534_o_min_ord27_rk00020,27,0.240424191936073,2.9024425973114867,9,Democracy
o_min,xgb_tree_d3,m072515_o_min_ord28_rk00001,28,0.25686320102146365,2.780394654123194,8,Democracy
o_min,xgb_tree_d3,m072516_o_min_ord28_rk00002,28,0.25404007833924047,2.865764637179023,9,Democracy
o_min,xgb_tree_d3,m072517_o_min_ord28_rk00003,28,0.2553257418379563,2.7754316010011366,9,Democracy
o_min,xgb_tree_d3,m072518_o_min_ord28_rk00004,28,0.2522316209048373,2.865764637179023,9,Democracy
o_min,xgb_tree_d3,m072519_o_min_ord28_rk00005,28,0.24393567704363994,2.704003029572565,8,Democracy
o_min,xgb_tree_d3,m072520_o_min_ord28_rk00006,28,0.2505941209890774,2.937193208607594,10,Democracy
o_min,xgb_tree_d3,m072521_o_min_ord28_rk00007,28,0.24941626587117594,2.7754316010011366,9,Democracy
o_min,xgb_tree_d3,m072522_o_min_ord28_rk00008,28,0.25576685103774977,2.780394654123194,8,Democracy
o_min,xgb_tree_d3,m072523_o_min_ord28_rk00009,28,0.2541522835763439,2.865764637179023,9,Democracy
o_min,xgb_tree_d3,m072524_o_min_ord28_rk00010,28,0.25180127548957987,2.865764637179023,9,Democracy
o_min,xgb_tree_d3,m072525_o_min_ord28_rk00011,28,0.2475555937072531,2.7754316010011366,9,Democracy
o_min,xgb_tree_d3,m072526_o_min_ord28_rk00012,28,0.2520345444535085,2.865764637179023,9,Democracy
o_min,xgb_tree_d3,m072527_o_min_ord28_rk00013,28,0.25256381598631117,2.935698780751651,9,Democracy
o_min,xgb_tree_d3,m072528_o_min_ord28_rk00014,28,0.2602806851567073,2.8962915290459277,9,Democracy
o_min,xgb_tree_d3,m072529_o_min_ord28_rk00015,28,0.2537892895122208,2.865764637179023,9,Democracy
o_min,xgb_tree_d3,m072530_o_min_ord28_rk00016,28,0.2431237603120312,2.935698780751651,9,Democracy
o_min,xgb_tree_d3,m072531_o_min_ord28_rk00017,28,0.2529471990422637,2.7754316010011366,9,Democracy
o_min,xgb_tree_d3,m072532_o_min_ord28_rk00018,28,0.252577218869387,3.0210687638074782,10,Democracy
o_min,xgb_tree_d3,m072533_o_min_ord28_rk00019,28,0.25365068103138233,2.7754316010011366,9,Democracy
o_min,xgb_tree_d3,m072534_o_min_ord28_rk00020,28,0.24682242190900294,2.937193208607594,10,Democracy
o_min,xgb_tree_d3,m073515_o_min_ord29_rk00001,29,0.24756290045386498,2.8271584782454653,9,Democracy
o_min,xgb_tree_d3,m073516_o_min_ord29_rk00002,29,0.24678953175764062,2.900915908846073,9,Democracy
o_min,xgb_tree_d3,m073517_o_min_ord29_rk00003,29,0.24010472938471394,2.8271584782454653,9,Democracy
o_min,xgb_tree_d3,m073518_o_min_ord29_rk00004,29,0.24390148022006342,2.8271584782454653,9,Democracy
o_min,xgb_tree_d3,m073519_o_min_ord29_rk00005,29,0.24185246325102472,2.8271584782454653,9,Democracy
o_min,xgb_tree_d3,m073520_o_min_ord29_rk00006,29,0.24628571093644847,2.7447322877088034,8,Democracy
o_min,xgb_tree_d3,m073521_o_min_ord29_rk00007,29,0.24843337508332541,2.8271584782454653,9,Democracy
o_min,xgb_tree_d3,m073522_o_min_ord29_rk00008,29,0.24589532984324125,2.900915908846073,9,Democracy
o_min,xgb_tree_d3,m073523_o_min_ord29_rk00009,29,0.24624023744871082,2.8271584782454653,9,Democracy
o_min,xgb_tree_d3,m073524_o_min_ord29_rk00010,29,0.24725239941446575,2.983342099382735,10,Democracy
o_min,xgb_tree_d3,m073525_o_min_ord29_rk00011,29,0.25060233266344045,2.900915908846073,9,Democracy
o_min,xgb_tree_d3,m073526_o_min_ord29_rk00012,29,0.24788253695973161,2.8566327186686844,9,Democracy
o_min,xgb_tree_d3,m073527_o_min_ord29_rk00013,29,0.2477837682337508,2.8961239954868447,10,Democracy
o_min,xgb_tree_d3,m073528_o_min_ord29_rk00014,29,0.24711374785595763,2.8271584782454653,9,Democracy
o_min,xgb_tree_d3,m073529_o_min_ord29_rk00015,29,0.24912907164011366,2.900915908846073,9,Democracy
o_min,xgb_tree_d3,m073530_o_min_ord29_rk00016,29,0.24709455268632907,2.8566327186686844,9,Democracy
o_min,xgb_tree_d3,m073531_o_min_ord29_rk00017,29,0.2407452422183105,2.983342099382735,10,Democracy
o_min,xgb_tree_d3,m073532_o_min_ord29_rk00018,29,0.24769929068474394,2.8271584782454653,9,Democracy
o_min,xgb_tree_d3,m073533_o_min_ord29_rk00019,29,0.24658692851422925,2.8271584782454653,9,Democracy
o_min,xgb_tree_d3,m073534_o_min_ord29_rk00020,29,0.2446076772781317,2.983342099382735,10,Democracy
o_min,xgb_tree_d3,m074515_o_min_ord30_rk00001,30,0.25237859760722237,2.8640835117703762,9,Democracy
o_min,xgb_tree_d3,m074516_o_min_ord30_rk00002,30,0.24132555712712878,2.7874302980927217,9,Democracy
o_min,xgb_tree_d3,m074517_o_min_ord30_rk00003,30,0.2485783231269777,2.8640835117703762,9,Democracy
o_min,xgb_tree_d3,m074518_o_min_ord30_rk00004,30,0.24112962363394586,2.7874302980927217,9,Democracy
o_min,xgb_tree_d3,m074519_o_min_ord30_rk00005,30,0.24612845792124927,2.8640835117703762,9,Democracy
o_min,xgb_tree_d3,m074520_o_min_ord30_rk00006,30,0.24161520524374847,2.9437621626224817,10,Democracy
o_min,xgb_tree_d3,m074521_o_min_ord30_rk00007,30,0.24628326997335936,2.7874302980927217,9,Democracy
o_min,xgb_tree_d3,m074522_o_min_ord30_rk00008,30,0.24288167244917214,2.9437621626224817,10,Democracy
o_min,xgb_tree_d3,m074523_o_min_ord30_rk00009,30,0.24212875349127538,2.9437621626224817,10,Democracy
o_min,xgb_tree_d3,m074524_o_min_ord30_rk00010,30,0.24325591411829406,2.9437621626224817,10,Democracy
o_min,xgb_tree_d3,m074525_o_min_ord30_rk00011,30,0.25640204568613867,2.8640835117703762,9,Democracy
o_min,xgb_tree_d3,m074526_o_min_ord30_rk00012,30,0.24303805423093527,2.7874302980927217,9,Democracy
o_min,xgb_tree_d3,m074527_o_min_ord30_rk00013,30,0.24123564435094302,2.7874302980927217,9,Democracy
o_min,xgb_tree_d3,m074528_o_min_ord30_rk00014,30,0.24569070747451127,2.9437621626224817,10,Democracy
o_min,xgb_tree_d3,m074529_o_min_ord30_rk00015,30,0.2571756255952228,2.8640835117703762,9,Democracy
o_min,xgb_tree_d3,m074530_o_min_ord30_rk00016,30,0.24492537588382113,2.8770954959558153,9,Democracy
o_min,xgb_tree_d3,m074531_o_min_ord30_rk00017,30,0.2376242071801551,2.9437621626224817,10,Democracy
o_min,xgb_tree_d3,m074532_o_min_ord30_rk00018,30,0.24054614873924707,2.9437621626224817,10,Democracy
o_min,xgb_tree_d3,m074533_o_min_ord30_rk00019,30,0.24632371167365275,2.7874302980927217,9,Democracy
o_min,xgb_tree_d3,m074534_o_min_ord30_rk00020,30,0.24488825950357995,2.7874302980927217,9,Democracy
o_max,xgb_tree_d3,m000000_o_max_ord3_rk00001,3,0.24006250853392663,-0.0,1,Democracy
o_max,xgb_tree_d3,m000001_o_max_ord3_rk00002,3,0.2464087208097845,-0.0,1,Air Pollution
o_max,xgb_tree_d3,m000002_o_max_ord3_rk00003,3,0.2403529207146976,-0.0,1,Democracy
o_max,xgb_tree_d3,m000003_o_max_ord3_rk00004,3,0.24412190894426922,-0.0,1,Democracy
o_max,xgb_tree_d3,m000004_o_max_ord3_rk00005,3,0.23948755636114094,-0.0,1,Democracy
o_max,xgb_tree_d3,m000005_o_max_ord3_rk00006,3,0.24575001908332683,-0.0,1,Democracy
o_max,xgb_tree_d3,m000006_o_max_ord3_rk00007,3,0.24114517617843545,-0.0,1,Democracy
o_max,xgb_tree_d3,m000007_o_max_ord3_rk00008,3,0.24620608141549138,-0.0,1,Democracy
o_max,xgb_tree_d3,m000008_o_max_ord3_rk00009,3,0.2431046001979953,-0.0,1,Democracy
o_max,xgb_tree_d3,m000009_o_max_ord3_rk00010,3,0.24654858631384924,-0.0,1,Democracy
o_max,xgb_tree_d3,m000010_o_max_ord3_rk00011,3,0.2408817675955539,-0.0,1,Democracy
o_max,xgb_tree_d3,m000011_o_max_ord3_rk00012,3,0.24577232411884709,-0.0,1,Democracy
o_max,xgb_tree_d3,m000012_o_max_ord3_rk00013,3,0.24193251127482307,-0.0,1,Democracy
o_max,xgb_tree_d3,m000013_o_max_ord3_rk00014,3,0.24665269624521813,-0.0,1,Democracy
o_max,xgb_tree_d3,m000014_o_max_ord3_rk00015,3,0.24051831897413278,-0.0,1,Democracy
o_max,xgb_tree_d3,m000015_o_max_ord3_rk00016,3,0.24643492293852765,-0.0,1,Democracy
o_max,xgb_tree_d3,m000016_o_max_ord3_rk00017,3,0.24516311878809882,-0.0,1,Democracy
o_max,xgb_tree_d3,m000017_o_max_ord3_rk00018,3,0.2389369988549952,-0.0,1,Democracy
o_max,xgb_tree_d3,m000018_o_max_ord3_rk00019,3,0.2425905572962166,-0.0,1,Democracy
o_max,xgb_tree_d3,m000019_o_max_ord3_rk00020,3,0.24676609139671624,-0.0,1,Democracy
o_max,xgb_tree_d3,m001000_o_max_ord4_rk00001,4,0.23695324802567874,-0.0,1,Democracy
o_max,xgb_tree_d3,m001001_o_max_ord4_rk00002,4,0.23696767473444325,-0.0,1,Democracy
o_max,xgb_tree_d3,m001002_o_max_ord4_rk00003,4,0.23666560742067178,-0.0,1,Democracy
o_max,xgb_tree_d3,m001003_o_max_ord4_rk00004,4,0.2368721956061669,-0.0,1,Democracy
o_max,xgb_tree_d3,m001004_o_max_ord4_rk00005,4,0.2406381946746985,-0.0,1,Democracy
o_max,xgb_tree_d3,m001005_o_max_ord4_rk00006,4,0.23802037792817854,-0.0,1,Democracy
o_max,xgb_tree_d3,m001006_o_max_ord4_rk00007,4,0.24307679437691065,-0.0,1,Democracy
o_max,xgb_tree_d3,m001007_o_max_ord4_rk00008,4,0.25018530500179104,-0.0,1,Air Pollution
o_max,xgb_tree_d3,m001008_o_max_ord4_rk00009,4,0.23541607951517318,-0.0,1,Democracy
o_max,xgb_tree_d3,m001009_o_max_ord4_rk00010,4,0.2349679633470656,-0.0,1,Democracy
o_max,xgb_tree_d3,m001010_o_max_ord4_rk00011,4,0.24302848334472982,-0.0,1,Democracy
o_max,xgb_tree_d3,m001011_o_max_ord4_rk00012,4,0.23712832110836535,-0.0,1,Democracy
o_max,xgb_tree_d3,m001012_o_max_ord4_rk00013,4,0.2441414624256657,-0.0,1,Democracy
o_max,xgb_tree_d3,m001013_o_max_ord4_rk00014,4,0.23132167599891296,-0.0,1,Democracy
o_max,xgb_tree_d3,m001014_o_max_ord4_rk00015,4,0.24093440217513884,-0.0,1,Democracy
o_max,xgb_tree_d3,m001015_o_max_ord4_rk00016,4,0.24203384632252978,-0.0,1,Democracy
o_max,xgb_tree_d3,m001016_o_max_ord4_rk00017,4,0.24606305390723404,-0.0,1,Democracy
o_max,xgb_tree_d3,m001017_o_max_ord4_rk00018,4,0.24123878294229817,-0.0,1,Democracy
o_max,xgb_tree_d3,m001018_o_max_ord4_rk00019,4,0.24248096137053,-0.0,1,Democracy
o_max,xgb_tree_d3,m001019_o_max_ord4_rk00020,4,0.2445774639486159,-0.0,1,Air Pollution
o_max,xgb_tree_d3,m002000_o_max_ord5_rk00001,5,0.23656781012038708,-0.0,1,Democracy
o_max,xgb_tree_d3,m002001_o_max_ord5_rk00002,5,0.23941110329284843,-0.0,1,Democracy
o_max,xgb_tree_d3,m002002_o_max_ord5_rk00003,5,0.23306929625175277,-0.0,1,Democracy
o_max,xgb_tree_d3,m002003_o_max_ord5_rk00004,5,0.23877677316876922,-0.0,1,Democracy
o_max,xgb_tree_d3,m002004_o_max_ord5_rk00005,5,0.23753189304140698,-0.0,1,Democracy
o_max,xgb_tree_d3,m002005_o_max_ord5_rk00006,5,0.24648862215840683,-0.0,1,Democracy
o_max,xgb_tree_d3,m002006_o_max_ord5_rk00007,5,0.23728088796279478,-0.0,1,Democracy
o_max,xgb_tree_d3,m002007_o_max_ord5_rk00008,5,0.23428592219451205,-0.0,1,Democracy
o_max,xgb_tree_d3,m002008_o_max_ord5_rk00009,5,0.24098747378404595,-0.0,1,Democracy
o_max,xgb_tree_d3,m002009_o_max_ord5_rk00010,5,0.2424768352200023,-0.0,1,Democracy
o_max,xgb_tree_d3,m002010_o_max_ord5_rk00011,5,0.2343639332357449,-0.0,1,Democracy
o_max,xgb_tree_d3,m002011_o_max_ord5_rk00012,5,0.24134552235167916,-0.0,1,Democracy
o_max,xgb_tree_d3,m002012_o_max_ord5_rk00013,5,0.2385245188206303,-0.0,1,Democracy
o_max,xgb_tree_d3,m002013_o_max_ord5_rk00014,5,0.24298598405441485,-0.0,1,Democracy
o_max,xgb_tree_d3,m002014_o_max_ord5_rk00015,5,0.2395096061833255,-0.0,1,Democracy
o_max,xgb_tree_d3,m002015_o_max_ord5_rk00016,5,0.23947976022550654,-0.0,1,Democracy
o_max,xgb_tree_d3,m002016_o_max_ord5_rk00017,5,0.24123834135230882,-0.0,1,Democracy
o_max,xgb_tree_d3,m002017_o_max_ord5_rk00018,5,0.2399222408483931,-0.0,1,Democracy
o_max,xgb_tree_d3,m002018_o_max_ord5_rk00019,5,0.24156992276565226,-0.0,1,Democracy
o_max,xgb_tree_d3,m002019_o_max_ord5_rk00020,5,0.24475312809560268,-0.0,1,Democracy
o_max,xgb_tree_d3,m003000_o_max_ord6_rk00001,6,0.23902518049342025,-0.0,1,Democracy
o_max,xgb_tree_d3,m003001_o_max_ord6_rk00002,6,0.24205127114241798,-0.0,1,Democracy
o_max,xgb_tree_d3,m003002_o_max_ord6_rk00003,6,0.23820088457554078,-0.0,1,Democracy
o_max,xgb_tree_d3,m003003_o_max_ord6_rk00004,6,0.23912536550725927,-0.0,1,Democracy
o_max,xgb_tree_d3,m003004_o_max_ord6_rk00005,6,0.236987922165797,-0.0,1,Democracy
o_max,xgb_tree_d3,m003005_o_max_ord6_rk00006,6,0.2418349466680635,-0.0,1,Democracy
o_max,xgb_tree_d3,m003006_o_max_ord6_rk00007,6,0.24239212997513293,-0.0,1,Democracy
o_max,xgb_tree_d3,m003007_o_max_ord6_rk00008,6,0.23186658408782002,-0.0,1,Democracy
o_max,xgb_tree_d3,m003008_o_max_ord6_rk00009,6,0.23958527641172445,-0.0,1,Democracy
o_max,xgb_tree_d3,m003009_o_max_ord6_rk00010,6,0.23796706833820314,-0.0,1,Democracy
o_max,xgb_tree_d3,m003010_o_max_ord6_rk00011,6,0.24300560357682277,-0.0,1,Democracy
o_max,xgb_tree_d3,m003011_o_max_ord6_rk00012,6,0.2369234552298065,-0.0,1,Democracy
o_max,xgb_tree_d3,m003012_o_max_ord6_rk00013,6,0.24082492027368552,-0.0,1,Democracy
o_max,xgb_tree_d3,m003013_o_max_ord6_rk00014,6,0.24686259052985104,-0.0,1,Democracy
o_max,xgb_tree_d3,m003014_o_max_ord6_rk00015,6,0.2433284199170178,-0.0,1,Democracy
o_max,xgb_tree_d3,m003015_o_max_ord6_rk00016,6,0.23945439761449427,-0.0,1,Democracy
o_max,xgb_tree_d3,m003016_o_max_ord6_rk00017,6,0.23967902902858795,-0.0,1,Democracy
o_max,xgb_tree_d3,m003017_o_max_ord6_rk00018,6,0.23868475401832812,-0.0,1,Democracy
o_max,xgb_tree_d3,m003018_o_max_ord6_rk00019,6,0.23522875833415124,-0.0,1,Democracy
o_max,xgb_tree_d3,m003019_o_max_ord6_rk00020,6,0.2474335553175595,-0.0,1,Democracy
o_max,xgb_tree_d3,m004000_o_max_ord7_rk00001,7,0.2400704531440082,-0.0,1,Democracy
o_max,xgb_tree_d3,m004001_o_max_ord7_rk00002,7,0.23947496383282818,-0.0,1,Democracy
o_max,xgb_tree_d3,m004002_o_max_ord7_rk00003,7,0.23572273324939352,-0.0,1,Democracy
o_max,xgb_tree_d3,m004003_o_max_ord7_rk00004,7,0.23533234717165052,-0.0,1,Democracy
o_max,xgb_tree_d3,m004004_o_max_ord7_rk00005,7,0.23554409106892993,-0.0,1,Democracy
o_max,xgb_tree_d3,m004005_o_max_ord7_rk00006,7,0.23774226078100513,-0.0,1,Democracy
o_max,xgb_tree_d3,m004006_o_max_ord7_rk00007,7,0.23710774731897,-0.0,1,Democracy
o_max,xgb_tree_d3,m004007_o_max_ord7_rk00008,7,0.23291572635538227,-0.0,1,Democracy
o_max,xgb_tree_d3,m004008_o_max_ord7_rk00009,7,0.23747101201568976,-0.0,1,Democracy
o_max,xgb_tree_d3,m004009_o_max_ord7_rk00010,7,0.23614489152288143,-0.0,1,Democracy
o_max,xgb_tree_d3,m004010_o_max_ord7_rk00011,7,0.2470390990424164,-0.0,1,Democracy
o_max,xgb_tree_d3,m004011_o_max_ord7_rk00012,7,0.2423790853040816,-0.0,1,Democracy
o_max,xgb_tree_d3,m004012_o_max_ord7_rk00013,7,0.23624089005007565,-0.0,1,Democracy
o_max,xgb_tree_d3,m004013_o_max_ord7_rk00014,7,0.2440675557843156,-0.0,1,Democracy
o_max,xgb_tree_d3,m004014_o_max_ord7_rk00015,7,0.23714054172620613,-0.0,1,Democracy
o_max,xgb_tree_d3,m004015_o_max_ord7_rk00016,7,0.22817361507876865,-0.0,1,Democracy
o_max,xgb_tree_d3,m004016_o_max_ord7_rk00017,7,0.2358751416031566,-0.0,1,Democracy
o_max,xgb_tree_d3,m004017_o_max_ord7_rk00018,7,0.23872054267090803,-0.0,1,Democracy
o_max,xgb_tree_d3,m004018_o_max_ord7_rk00019,7,0.23530745947684928,-0.0,1,Democracy
o_max,xgb_tree_d3,m004019_o_max_ord7_rk00020,7,0.245004026910965,-0.0,1,Democracy
o_max,xgb_tree_d3,m005000_o_max_ord8_rk00001,8,0.23998328526835022,-0.0,1,Democracy
o_max,xgb_tree_d3,m005001_o_max_ord8_rk00002,8,0.2424991556487539,-0.0,1,Democracy
o_max,xgb_tree_d3,m005002_o_max_ord8_rk00003,8,0.24022314833392455,-0.0,1,Democracy
o_max,xgb_tree_d3,m005003_o_max_ord8_rk00004,8,0.24270468332224537,-0.0,1,Democracy
o_max,xgb_tree_d3,m005004_o_max_ord8_rk00005,8,0.24008034437457515,-0.0,1,Democracy
o_max,xgb_tree_d3,m005005_o_max_ord8_rk00006,8,0.23574580324269356,-0.0,1,Democracy
o_max,xgb_tree_d3,m005006_o_max_ord8_rk00007,8,0.2394539943795161,-0.0,1,Democracy
o_max,xgb_tree_d3,m005007_o_max_ord8_rk00008,8,0.23910867400864333,-0.0,1,Democracy
o_max,xgb_tree_d3,m005008_o_max_ord8_rk00009,8,0.2427251893820368,-0.0,1,Democracy
o_max,xgb_tree_d3,m005009_o_max_ord8_rk00010,8,0.23812688821818073,-0.0,1,Democracy
o_max,xgb_tree_d3,m005010_o_max_ord8_rk00011,8,0.2384530390982611,-0.0,1,Democracy
o_max,xgb_tree_d3,m005011_o_max_ord8_rk00012,8,0.2447820723620442,-0.0,1,Democracy
o_max,xgb_tree_d3,m005012_o_max_ord8_rk00013,8,0.24385097091698726,-0.0,1,Democracy
o_max,xgb_tree_d3,m005013_o_max_ord8_rk00014,8,0.2368733008407451,-0.0,1,Democracy
o_max,xgb_tree_d3,m005014_o_max_ord8_rk00015,8,0.23434923842763145,-0.0,1,Democracy
o_max,xgb_tree_d3,m005015_o_max_ord8_rk00016,8,0.2410008991682292,-0.0,1,Democracy
o_max,xgb_tree_d3,m005016_o_max_ord8_rk00017,8,0.24102318019804725,-0.0,1,Democracy
o_max,xgb_tree_d3,m005017_o_max_ord8_rk00018,8,0.2419800468426513,-0.0,1,Democracy
o_max,xgb_tree_d3,m005018_o_max_ord8_rk00019,8,0.23605262964249896,-0.0,1,Democracy
o_max,xgb_tree_d3,m005019_o_max_ord8_rk00020,8,0.23962919632412605,-0.0,1,Democracy
o_max,xgb_tree_d3,m006000_o_max_ord9_rk00001,9,0.24106327815886042,-0.0,1,Democracy
o_max,xgb_tree_d3,m006001_o_max_ord9_rk00002,9,0.24329228167263062,-0.0,1,Democracy
o_max,xgb_tree_d3,m006002_o_max_ord9_rk00003,9,0.24226405671259166,-0.0,1,Democracy
o_max,xgb_tree_d3,m006003_o_max_ord9_rk00004,9,0.23830374335501636,-0.0,1,Democracy
o_max,xgb_tree_d3,m006004_o_max_ord9_rk00005,9,0.24377796895834425,-0.0,1,Democracy
o_max,xgb_tree_d3,m006005_o_max_ord9_rk00006,9,0.2401886920927947,-0.0,1,Democracy
o_max,xgb_tree_d3,m006006_o_max_ord9_rk00007,9,0.23422564962356973,-0.0,1,Democracy
o_max,xgb_tree_d3,m006007_o_max_ord9_rk00008,9,0.24439264309409403,-0.0,1,Democracy
o_max,xgb_tree_d3,m006008_o_max_ord9_rk00009,9,0.2458628221774588,-0.0,1,Democracy
o_max,xgb_tree_d3,m006009_o_max_ord9_rk00010,9,0.24295281477038133,-0.0,1,Democracy
o_max,xgb_tree_d3,m006010_o_max_ord9_rk00011,9,0.24031515944557957,-0.0,1,Democracy
o_max,xgb_tree_d3,m006011_o_max_ord9_rk00012,9,0.23993074511531487,-0.0,1,Democracy
o_max,xgb_tree_d3,m006012_o_max_ord9_rk00013,9,0.2392906669274889,-0.0,1,Democracy
o_max,xgb_tree_d3,m006013_o_max_ord9_rk00014,9,0.24224744532572784,-0.0,1,Democracy
o_max,xgb_tree_d3,m006014_o_max_ord9_rk00015,9,0.24341616626817486,-0.0,1,Democracy
o_max,xgb_tree_d3,m006015_o_max_ord9_rk00016,9,0.2415082982900122,-0.0,1,Democracy
o_max,xgb_tree_d3,m006016_o_max_ord9_rk00017,9,0.2393404767515388,-0.0,1,Democracy
o_max,xgb_tree_d3,m006017_o_max_ord9_rk00018,9,0.24304155408355876,-0.0,1,Democracy
o_max,xgb_tree_d3,m006018_o_max_ord9_rk00019,9,0.2442094820570604,-0.0,1,Democracy
o_max,xgb_tree_d3,m006019_o_max_ord9_rk00020,9,0.24181065522462097,-0.0,1,Democracy
o_max,xgb_tree_d3,m007000_o_max_ord10_rk00001,10,0.24273637807787685,-0.0,1,Democracy
o_max,xgb_tree_d3,m007001_o_max_ord10_rk00002,10,0.23895497237560537,-0.0,1,Democracy
o_max,xgb_tree_d3,m007002_o_max_ord10_rk00003,10,0.2439855553679583,-0.0,1,Democracy
o_max,xgb_tree_d3,m007003_o_max_ord10_rk00004,10,0.2472900823257389,-0.0,1,Democracy
o_max,xgb_tree_d3,m007004_o_max_ord10_rk00005,10,0.2360358642732543,-0.0,1,Democracy
o_max,xgb_tree_d3,m007005_o_max_ord10_rk00006,10,0.24447737624042765,-0.0,1,Democracy
o_max,xgb_tree_d3,m007006_o_max_ord10_rk00007,10,0.23981545024197282,-0.0,1,Democracy
o_max,xgb_tree_d3,m007007_o_max_ord10_rk00008,10,0.24320593482083852,-0.0,1,Democracy
o_max,xgb_tree_d3,m007008_o_max_ord10_rk00009,10,0.23889718582456565,-0.0,1,Democracy
o_max,xgb_tree_d3,m007009_o_max_ord10_rk00010,10,0.24191131207211436,-0.0,1,Democracy
o_max,xgb_tree_d3,m007010_o_max_ord10_rk00011,10,0.23969048893030875,-0.0,1,Democracy
o_max,xgb_tree_d3,m007011_o_max_ord10_rk00012,10,0.2422887992235644,0.4689955935892812,2,Democracy
o_max,xgb_tree_d3,m007012_o_max_ord10_rk00013,10,0.24333813271787297,-0.0,1,Democracy
o_max,xgb_tree_d3,m007013_o_max_ord10_rk00014,10,0.24200666461828457,-0.0,1,Democracy
o_max,xgb_tree_d3,m007014_o_max_ord10_rk00015,10,0.25379270687191013,0.4689955935892812,2,Democracy
o_max,xgb_tree_d3,m007015_o_max_ord10_rk00016,10,0.24413555250191532,-0.0,1,Democracy
o_max,xgb_tree_d3,m007016_o_max_ord10_rk00017,10,0.2476192589413292,-0.0,1,Democracy
o_max,xgb_tree_d3,m007017_o_max_ord10_rk00018,10,0.24142246274303525,-0.0,1,Democracy
o_max,xgb_tree_d3,m007018_o_max_ord10_rk00019,10,0.24588626365340271,-0.0,1,Democracy
o_max,xgb_tree_d3,m007019_o_max_ord10_rk00020,10,0.244201158177611,-0.0,1,Democracy
o_max,xgb_tree_d3,m008000_o_max_ord11_rk00001,11,0.2420062853206425,-0.0,1,Democracy
o_max,xgb_tree_d3,m008001_o_max_ord11_rk00002,11,0.24132934535668005,-0.0,1,Democracy
o_max,xgb_tree_d3,m008002_o_max_ord11_rk00003,11,0.24186445317847027,-0.0,1,Democracy
o_max,xgb_tree_d3,m008003_o_max_ord11_rk00004,11,0.24390209285470377,-0.0,1,Democracy
o_max,xgb_tree_d3,m008004_o_max_ord11_rk00005,11,0.24502513840128748,-0.0,1,Democracy
o_max,xgb_tree_d3,m008005_o_max_ord11_rk00006,11,0.24156927801890582,-0.0,1,Democracy
o_max,xgb_tree_d3,m008006_o_max_ord11_rk00007,11,0.2430754564582127,-0.0,1,Democracy
o_max,xgb_tree_d3,m008007_o_max_ord11_rk00008,11,0.24590242596915424,-0.0,1,Democracy
o_max,xgb_tree_d3,m008008_o_max_ord11_rk00009,11,0.24035591022795388,-0.0,1,Democracy
o_max,xgb_tree_d3,m008009_o_max_ord11_rk00010,11,0.24577508108499946,-0.0,1,Democracy
o_max,xgb_tree_d3,m008010_o_max_ord11_rk00011,11,0.2397641880572159,-0.0,1,Democracy
o_max,xgb_tree_d3,m008011_o_max_ord11_rk00012,11,0.24139136461166333,-0.0,1,Democracy
o_max,xgb_tree_d3,m008012_o_max_ord11_rk00013,11,0.24153540273940133,-0.0,1,Democracy
o_max,xgb_tree_d3,m008013_o_max_ord11_rk00014,11,0.24638147521032572,-0.0,1,Democracy
o_max,xgb_tree_d3,m008014_o_max_ord11_rk00015,11,0.2441709213494898,-0.0,1,Democracy
o_max,xgb_tree_d3,m008015_o_max_ord11_rk00016,11,0.2426248090866685,-0.0,1,Democracy
o_max,xgb_tree_d3,m008016_o_max_ord11_rk00017,11,0.24246710335851673,-0.0,1,Democracy
o_max,xgb_tree_d3,m008017_o_max_ord11_rk00018,11,0.24446042494838627,0.4394969869215134,2,Democracy
o_max,xgb_tree_d3,m008018_o_max_ord11_rk00019,11,0.24210426732433032,-0.0,1,Democracy
o_max,xgb_tree_d3,m008019_o_max_ord11_rk00020,11,0.2498176780899456,-0.0,1,Democracy
o_max,xgb_tree_d3,m009000_o_max_ord12_rk00001,12,0.2461980273706691,-0.0,1,Democracy
o_max,xgb_tree_d3,m009001_o_max_ord12_rk00002,12,0.24317360494780793,-0.0,1,Democracy
o_max,xgb_tree_d3,m009002_o_max_ord12_rk00003,12,0.24654592311479517,-0.0,1,Democracy
o_max,xgb_tree_d3,m009003_o_max_ord12_rk00004,12,0.2484716596529628,-0.0,1,Democracy
o_max,xgb_tree_d3,m009004_o_max_ord12_rk00005,12,0.24716473605566547,-0.0,1,Democracy
o_max,xgb_tree_d3,m009005_o_max_ord12_rk00006,12,0.24270790082511695,-0.0,1,Democracy
o_max,xgb_tree_d3,m009006_o_max_ord12_rk00007,12,0.2454013259186385,-0.0,1,Democracy
o_max,xgb_tree_d3,m009007_o_max_ord12_rk00008,12,0.24574970622205983,-0.0,1,Democracy
o_max,xgb_tree_d3,m009008_o_max_ord12_rk00009,12,0.24602502871864262,-0.0,1,Democracy
o_max,xgb_tree_d3,m009009_o_max_ord12_rk00010,12,0.24768690013841765,-0.0,1,Democracy
o_max,xgb_tree_d3,m009010_o_max_ord12_rk00011,12,0.23925657633903452,-0.0,1,Democracy
o_max,xgb_tree_d3,m009011_o_max_ord12_rk00012,12,0.24488760436640522,-0.0,1,Democracy
o_max,xgb_tree_d3,m009012_o_max_ord12_rk00013,12,0.24595010294769626,-0.0,1,Democracy
o_max,xgb_tree_d3,m009013_o_max_ord12_rk00014,12,0.2443282491063592,-0.0,1,Democracy
o_max,xgb_tree_d3,m009014_o_max_ord12_rk00015,12,0.240529475597426,-0.0,1,Democracy
o_max,xgb_tree_d3,m009015_o_max_ord12_rk00016,12,0.24752496399630375,-0.0,1,Democracy
o_max,xgb_tree_d3,m009016_o_max_ord12_rk00017,12,0.24357072538638203,-0.0,1,Democracy
o_max,xgb_tree_d3,m009017_o_max_ord12_rk00018,12,0.24386879137618322,-0.0,1,Democracy
o_max,xgb_tree_d3,m009018_o_max_ord12_rk00019,12,0.2431636219243084,-0.0,1,Democracy
o_max,xgb_tree_d3,m009019_o_max_ord12_rk00020,12,0.24220889656607603,-0.0,1,Democracy
o_max,xgb_tree_d3,m010000_o_max_ord13_rk00001,13,0.24760601618945188,-0.0,1,Democracy
o_max,xgb_tree_d3,m010001_o_max_ord13_rk00002,13,0.24545839977289796,-0.0,1,Democracy
o_max,xgb_tree_d3,m010002_o_max_ord13_rk00003,13,0.24411478423215627,-0.0,1,Democracy
o_max,xgb_tree_d3,m010003_o_max_ord13_rk00004,13,0.24494599384363158,-0.0,1,Democracy
o_max,xgb_tree_d3,m010004_o_max_ord13_rk00005,13,0.24326012418040488,-0.0,1,Democracy
o_max,xgb_tree_d3,m010005_o_max_ord13_rk00006,13,0.24644554282803366,-0.0,1,Democracy
o_max,xgb_tree_d3,m010006_o_max_ord13_rk00007,13,0.24397160700297604,-0.0,1,Democracy
o_max,xgb_tree_d3,m010007_o_max_ord13_rk00008,13,0.24353533972063024,-0.0,1,Democracy
o_max,xgb_tree_d3,m010008_o_max_ord13_rk00009,13,0.24473116040590326,-0.0,1,Democracy
o_max,xgb_tree_d3,m010009_o_max_ord13_rk00010,13,0.24934003838928143,-0.0,1,Democracy
o_max,xgb_tree_d3,m010010_o_max_ord13_rk00011,13,0.24994502251354567,-0.0,1,Democracy
o_max,xgb_tree_d3,m010011_o_max_ord13_rk00012,13,0.24552587998163888,-0.0,1,Democracy
o_max,xgb_tree_d3,m010012_o_max_ord13_rk00013,13,0.2459294677611521,-0.0,1,Democracy
o_max,xgb_tree_d3,m010013_o_max_ord13_rk00014,13,0.24389161469721787,-0.0,1,Democracy
o_max,xgb_tree_d3,m010014_o_max_ord13_rk00015,13,0.24467089143052112,-0.0,1,Democracy
o_max,xgb_tree_d3,m010015_o_max_ord13_rk00016,13,0.248618741290903,-0.0,1,Democracy
o_max,xgb_tree_d3,m010016_o_max_ord13_rk00017,13,0.2430044206319013,-0.0,1,Democracy
o_max,xgb_tree_d3,m010017_o_max_ord13_rk00018,13,0.24868065489828073,-0.0,1,Democracy
o_max,xgb_tree_d3,m010018_o_max_ord13_rk00019,13,0.23934798545735692,-0.0,1,Democracy
o_max,xgb_tree_d3,m010019_o_max_ord13_rk00020,13,0.2489753188234619,-0.0,1,Democracy
o_max,xgb_tree_d3,m011000_o_max_ord14_rk00001,14,0.2449215631106243,-0.0,1,Democracy
o_max,xgb_tree_d3,m011001_o_max_ord14_rk00002,14,0.24684618672968883,-0.0,1,Democracy
o_max,xgb_tree_d3,m011002_o_max_ord14_rk00003,14,0.24577431292660412,-0.0,1,Democracy
o_max,xgb_tree_d3,m011003_o_max_ord14_rk00004,14,0.24745959362509706,-0.0,1,Democracy
o_max,xgb_tree_d3,m011004_o_max_ord14_rk00005,14,0.24647695818539028,-0.0,1,Democracy
o_max,xgb_tree_d3,m011005_o_max_ord14_rk00006,14,0.2482669764458033,-0.0,1,Democracy
o_max,xgb_tree_d3,m011006_o_max_ord14_rk00007,14,0.24606411224219782,-0.0,1,Democracy
o_max,xgb_tree_d3,m011007_o_max_ord14_rk00008,14,0.24552149325312456,-0.0,1,Democracy
o_max,xgb_tree_d3,m011008_o_max_ord14_rk00009,14,0.23639243029648782,-0.0,1,Democracy
o_max,xgb_tree_d3,m011009_o_max_ord14_rk00010,14,0.24250993095187112,-0.0,1,Democracy
o_max,xgb_tree_d3,m011010_o_max_ord14_rk00011,14,0.24299397123185318,0.37123232664087563,2,Democracy
o_max,xgb_tree_d3,m011011_o_max_ord14_rk00012,14,0.2344731751220268,-0.0,1,Democracy
o_max,xgb_tree_d3,m011012_o_max_ord14_rk00013,14,0.23584672097974702,-0.0,1,Democracy
o_max,xgb_tree_d3,m011013_o_max_ord14_rk00014,14,0.24788323133280632,-0.0,1,Democracy
o_max,xgb_tree_d3,m011014_o_max_ord14_rk00015,14,0.24758344134506927,0.37123232664087563,2,Democracy
o_max,xgb_tree_d3,m011015_o_max_ord14_rk00016,14,0.2463274470880341,-0.0,1,Democracy
o_max,xgb_tree_d3,m011016_o_max_ord14_rk00017,14,0.23597760117258593,-0.0,1,Democracy
o_max,xgb_tree_d3,m011017_o_max_ord14_rk00018,14,0.24449312273870571,-0.0,1,Democracy
o_max,xgb_tree_d3,m011018_o_max_ord14_rk00019,14,0.2438425444309994,0.37123232664087563,2,Democracy
o_max,xgb_tree_d3,m011019_o_max_ord14_rk00020,14,0.2379151773819801,-0.0,1,Democracy
o_max,xgb_tree_d3,m012000_o_max_ord15_rk00001,15,0.2484312318079488,-0.0,1,Democracy
o_max,xgb_tree_d3,m012001_o_max_ord15_rk00002,15,0.2452616997709408,-0.0,1,Democracy
o_max,xgb_tree_d3,m012002_o_max_ord15_rk00003,15,0.24359000607012493,-0.0,1,Democracy
o_max,xgb_tree_d3,m012003_o_max_ord15_rk00004,15,0.24150959151881513,-0.0,1,Democracy
o_max,xgb_tree_d3,m012004_o_max_ord15_rk00005,15,0.24432825468696828,-0.0,1,Democracy
o_max,xgb_tree_d3,m012005_o_max_ord15_rk00006,15,0.24465831916262804,0.35335933502142136,2,Democracy
o_max,xgb_tree_d3,m012006_o_max_ord15_rk00007,15,0.24374268485293527,-0.0,1,Democracy
o_max,xgb_tree_d3,m012007_o_max_ord15_rk00008,15,0.2426445563304649,-0.0,1,Democracy
o_max,xgb_tree_d3,m012008_o_max_ord15_rk00009,15,0.2398171479763398,-0.0,1,Democracy
o_max,xgb_tree_d3,m012009_o_max_ord15_rk00010,15,0.2424969633036662,-0.0,1,Democracy
o_max,xgb_tree_d3,m012010_o_max_ord15_rk00011,15,0.24733893992329947,-0.0,1,Democracy
o_max,xgb_tree_d3,m012011_o_max_ord15_rk00012,15,0.23935295412023716,-0.0,1,Democracy
o_max,xgb_tree_d3,m012012_o_max_ord15_rk00013,15,0.23574039183891327,-0.0,1,Democracy
o_max,xgb_tree_d3,m012013_o_max_ord15_rk00014,15,0.24455692072418922,0.35335933502142136,2,Democracy
o_max,xgb_tree_d3,m012014_o_max_ord15_rk00015,15,0.23907068144638777,-0.0,1,Democracy
o_max,xgb_tree_d3,m012015_o_max_ord15_rk00016,15,0.22744426927868355,-0.0,1,Democracy
o_max,xgb_tree_d3,m012016_o_max_ord15_rk00017,15,0.2566388855951405,0.35335933502142136,2,Democracy
o_max,xgb_tree_d3,m012017_o_max_ord15_rk00018,15,0.24390928545977975,-0.0,1,Democracy
o_max,xgb_tree_d3,m012018_o_max_ord15_rk00019,15,0.23768002455801063,-0.0,1,Democracy
o_max,xgb_tree_d3,m012019_o_max_ord15_rk00020,15,0.24139169239329572,0.35335933502142136,2,Democracy
o_max,xgb_tree_d3,m013000_o_max_ord16_rk00001,16,0.24938003360934613,-0.0,1,Democracy
o_max,xgb_tree_d3,m013001_o_max_ord16_rk00002,16,0.23920974104538462,-0.0,1,Democracy
o_max,xgb_tree_d3,m013002_o_max_ord16_rk00003,16,0.24494410089092955,-0.0,1,Democracy
o_max,xgb_tree_d3,m013003_o_max_ord16_rk00004,16,0.2514500514543102,0.954434002924965,2,Democracy
o_max,xgb_tree_d3,m013004_o_max_ord16_rk00005,16,0.24538942467427094,-0.0,1,Democracy
o_max,xgb_tree_d3,m013005_o_max_ord16_rk00006,16,0.24517529675256355,-0.0,1,Democracy
o_max,xgb_tree_d3,m013006_o_max_ord16_rk00007,16,0.24554284737231435,-0.0,1,Democracy
o_max,xgb_tree_d3,m013007_o_max_ord16_rk00008,16,0.248193745822321,0.3372900666170139,2,Democracy
o_max,xgb_tree_d3,m013008_o_max_ord16_rk00009,16,0.24034155417387826,-0.0,1,Democracy
o_max,xgb_tree_d3,m013009_o_max_ord16_rk00010,16,0.2551869386900293,0.3372900666170139,2,Democracy
o_max,xgb_tree_d3,m013010_o_max_ord16_rk00011,16,0.24542957552246591,-0.0,1,Democracy
o_max,xgb_tree_d3,m013011_o_max_ord16_rk00012,16,0.24544120682583648,-0.0,1,Democracy
o_max,xgb_tree_d3,m013012_o_max_ord16_rk00013,16,0.24486394513683185,-0.0,1,Democracy
o_max,xgb_tree_d3,m013013_o_max_ord16_rk00014,16,0.2400058936244347,-0.0,1,Democracy
o_max,xgb_tree_d3,m013014_o_max_ord16_rk00015,16,0.24743894723418103,0.3372900666170139,2,Democracy
o_max,xgb_tree_d3,m013015_o_max_ord16_rk00016,16,0.2419512037071041,-0.0,1,Democracy
o_max,xgb_tree_d3,m013016_o_max_ord16_rk00017,16,0.2360960092389669,-0.0,1,Democracy
o_max,xgb_tree_d3,m013017_o_max_ord16_rk00018,16,0.2499199540732886,0.3372900666170139,2,Democracy
o_max,xgb_tree_d3,m013018_o_max_ord16_rk00019,16,0.24134604533363269,-0.0,1,Democracy
o_max,xgb_tree_d3,m013019_o_max_ord16_rk00020,16,0.2435283448089962,-0.0,1,Democracy
o_max,xgb_tree_d3,m014000_o_max_ord17_rk00001,17,0.25717088913317443,0.9366673818775626,2,Democracy
o_max,xgb_tree_d3,m014001_o_max_ord17_rk00002,17,0.23867318629271161,-0.0,1,Democracy
o_max,xgb_tree_d3,m014002_o_max_ord17_rk00003,17,0.23970093729985875,-0.0,1,Democracy
o_max,xgb_tree_d3,m014003_o_max_ord17_rk00004,17,0.24300580117725723,-0.0,1,Democracy
o_max,xgb_tree_d3,m014004_o_max_ord17_rk00005,17,0.23914969189580304,-0.0,1,Democracy
o_max,xgb_tree_d3,m014005_o_max_ord17_rk00006,17,0.2401955112481059,0.3227569588973982,2,Democracy
o_max,xgb_tree_d3,m014006_o_max_ord17_rk00007,17,0.23984595557446353,-0.0,1,Democracy
o_max,xgb_tree_d3,m014007_o_max_ord17_rk00008,17,0.23779791619525503,-0.0,1,Democracy
o_max,xgb_tree_d3,m014008_o_max_ord17_rk00009,17,0.2441573717834804,-0.0,1,Democracy
o_max,xgb_tree_d3,m014009_o_max_ord17_rk00010,17,0.24152210257729445,-0.0,1,Democracy
o_max,xgb_tree_d3,m014010_o_max_ord17_rk00011,17,0.24183000715923442,-0.0,1,Democracy
o_max,xgb_tree_d3,m014011_o_max_ord17_rk00012,17,0.23456556712527188,-0.0,1,Democracy
o_max,xgb_tree_d3,m014012_o_max_ord17_rk00013,17,0.2425088284562208,-0.0,1,Democracy
o_max,xgb_tree_d3,m014013_o_max_ord17_rk00014,17,0.24313580350941733,-0.0,1,Democracy
o_max,xgb_tree_d3,m014014_o_max_ord17_rk00015,17,0.2432466486773639,0.3227569588973982,2,Democracy
o_max,xgb_tree_d3,m014015_o_max_ord17_rk00016,17,0.2453305477923362,-0.0,1,Democracy
o_max,xgb_tree_d3,m014016_o_max_ord17_rk00017,17,0.24033145291304825,-0.0,1,Democracy
o_max,xgb_tree_d3,m014017_o_max_ord17_rk00018,17,0.2431223253152588,0.3227569588973982,2,Democracy
o_max,xgb_tree_d3,m014018_o_max_ord17_rk00019,17,0.23956681180188477,-0.0,1,Democracy
o_max,xgb_tree_d3,m014019_o_max_ord17_rk00020,17,0.24419506997249063,0.3227569588973982,2,Democracy
o_max,xgb_tree_d3,m015000_o_max_ord18_rk00001,18,0.25575427901068226,0.9182958340544896,2,Democracy
o_max,xgb_tree_d3,m015001_o_max_ord18_rk00002,18,0.24578197891279818,-0.0,1,Democracy
o_max,xgb_tree_d3,m015002_o_max_ord18_rk00003,18,0.24263689578791914,-0.0,1,Democracy
o_max,xgb_tree_d3,m015003_o_max_ord18_rk00004,18,0.23946850652426788,-0.0,1,Democracy
o_max,xgb_tree_d3,m015004_o_max_ord18_rk00005,18,0.24526464966825023,0.3095434291503252,2,Democracy
o_max,xgb_tree_d3,m015005_o_max_ord18_rk00006,18,0.2428814446521813,-0.0,1,Democracy
o_max,xgb_tree_d3,m015006_o_max_ord18_rk00007,18,0.24380383621343582,-0.0,1,Democracy
o_max,xgb_tree_d3,m015007_o_max_ord18_rk00008,18,0.24459527188642038,-0.0,1,Democracy
o_max,xgb_tree_d3,m015008_o_max_ord18_rk00009,18,0.24502766225837913,-0.0,1,Democracy
o_max,xgb_tree_d3,m015009_o_max_ord18_rk00010,18,0.24818007664046626,-0.0,1,Democracy
o_max,xgb_tree_d3,m015010_o_max_ord18_rk00011,18,0.24299027871570766,-0.0,1,Democracy
o_max,xgb_tree_d3,m015011_o_max_ord18_rk00012,18,0.2432048360047524,0.3095434291503252,2,Democracy
o_max,xgb_tree_d3,m015012_o_max_ord18_rk00013,18,0.24423273680758706,-0.0,1,Democracy
o_max,xgb_tree_d3,m015013_o_max_ord18_rk00014,18,0.2440770160348038,0.3095434291503252,2,Democracy
o_max,xgb_tree_d3,m015014_o_max_ord18_rk00015,18,0.24406735193673967,0.3095434291503252,2,Democracy
o_max,xgb_tree_d3,m015015_o_max_ord18_rk00016,18,0.23267643929751447,-0.0,1,Democracy
o_max,xgb_tree_d3,m015016_o_max_ord18_rk00017,18,0.24114276216296981,0.3095434291503252,2,Democracy
o_max,xgb_tree_d3,m015017_o_max_ord18_rk00018,18,0.24441381936836948,-0.0,1,Democracy
o_max,xgb_tree_d3,m015018_o_max_ord18_rk00019,18,0.24203344155771467,-0.0,1,Democracy
o_max,xgb_tree_d3,m015019_o_max_ord18_rk00020,18,0.2451678871288847,-0.0,1,Democracy
o_max,xgb_tree_d3,m016000_o_max_ord19_rk00001,19,0.2490644049665932,0.8997437586982626,2,Democracy
o_max,xgb_tree_d3,m016001_o_max_ord19_rk00002,19,0.23855577965176333,-0.0,1,Democracy
o_max,xgb_tree_d3,m016002_o_max_ord19_rk00003,19,0.23845576707860916,-0.0,1,Democracy
o_max,xgb_tree_d3,m016003_o_max_ord19_rk00004,19,0.24148542499934356,-0.0,1,Democracy
o_max,xgb_tree_d3,m016004_o_max_ord19_rk00005,19,0.24202027085608802,0.2974722489192896,2,Democracy
o_max,xgb_tree_d3,m016005_o_max_ord19_rk00006,19,0.2350729851333756,-0.0,1,Democracy
o_max,xgb_tree_d3,m016006_o_max_ord19_rk00007,19,0.23366068880232482,-0.0,1,Democracy
o_max,xgb_tree_d3,m016007_o_max_ord19_rk00008,19,0.23837086517743444,-0.0,1,Democracy
o_max,xgb_tree_d3,m016008_o_max_ord19_rk00009,19,0.23414923639971186,-0.0,1,Democracy
o_max,xgb_tree_d3,m016009_o_max_ord19_rk00010,19,0.2361477858980613,-0.0,1,Democracy
o_max,xgb_tree_d3,m016010_o_max_ord19_rk00011,19,0.2371357216606067,-0.0,1,Democracy
o_max,xgb_tree_d3,m016011_o_max_ord19_rk00012,19,0.240918495593738,0.2974722489192896,2,Democracy
o_max,xgb_tree_d3,m016012_o_max_ord19_rk00013,19,0.23800339795037095,0.2974722489192896,2,Democracy
o_max,xgb_tree_d3,m016013_o_max_ord19_rk00014,19,0.23871270344789253,-0.0,1,Democracy
o_max,xgb_tree_d3,m016014_o_max_ord19_rk00015,19,0.24247445533016299,0.2974722489192896,2,Democracy
o_max,xgb_tree_d3,m016015_o_max_ord19_rk00016,19,0.2395135748974102,-0.0,1,Democracy
o_max,xgb_tree_d3,m016016_o_max_ord19_rk00017,19,0.23114628679934812,-0.0,1,Democracy
o_max,xgb_tree_d3,m016017_o_max_ord19_rk00018,19,0.23481889306725323,0.2974722489192896,2,Democracy
o_max,xgb_tree_d3,m016018_o_max_ord19_rk00019,19,0.2404300329435869,0.2974722489192896,2,Democracy
o_max,xgb_tree_d3,m016019_o_max_ord19_rk00020,19,0.23324143372671602,0.2974722489192896,2,Democracy
o_max,xgb_tree_d3,m017000_o_max_ord20_rk00001,20,0.2515742387087281,0.8812908992306927,2,Democracy
o_max,xgb_tree_d3,m017001_o_max_ord20_rk00002,20,0.24399504868326993,-0.0,1,Democracy
o_max,xgb_tree_d3,m017002_o_max_ord20_rk00003,20,0.23743432032579492,-0.0,1,Democracy
o_max,xgb_tree_d3,m017003_o_max_ord20_rk00004,20,0.24817841387483086,0.28639695711595625,2,Democracy
o_max,xgb_tree_d3,m017004_o_max_ord20_rk00005,20,0.24475269720747017,-0.0,1,Democracy
o_max,xgb_tree_d3,m017005_o_max_ord20_rk00006,20,0.2457793162739138,-0.0,1,Democracy
o_max,xgb_tree_d3,m017006_o_max_ord20_rk00007,20,0.24304633631925376,0.28639695711595625,2,Democracy
o_max,xgb_tree_d3,m017007_o_max_ord20_rk00008,20,0.24602831332735453,0.28639695711595625,2,Democracy
o_max,xgb_tree_d3,m017008_o_max_ord20_rk00009,20,0.25017126967722936,0.28639695711595625,2,Democracy
o_max,xgb_tree_d3,m017009_o_max_ord20_rk00010,20,0.25406931113034914,0.28639695711595625,2,Democracy
o_max,xgb_tree_d3,m017010_o_max_ord20_rk00011,20,0.24180554782767238,-0.0,1,Democracy
o_max,xgb_tree_d3,m017011_o_max_ord20_rk00012,20,0.2525406996620605,1.1411535278793057,3,Democracy
o_max,xgb_tree_d3,m017012_o_max_ord20_rk00013,20,0.2505860123607523,0.28639695711595625,2,Democracy
o_max,xgb_tree_d3,m017013_o_max_ord20_rk00014,20,0.24065251867510284,0.28639695711595625,2,Democracy
o_max,xgb_tree_d3,m017014_o_max_ord20_rk00015,20,0.2473971835462323,-0.0,1,Democracy
o_max,xgb_tree_d3,m017015_o_max_ord20_rk00016,20,0.23748416317381948,0.5689955935892812,3,Democracy
o_max,xgb_tree_d3,m017016_o_max_ord20_rk00017,20,0.24555229247711807,0.28639695711595625,2,Democracy
o_max,xgb_tree_d3,m017017_o_max_ord20_rk00018,20,0.2386116816238213,0.28639695711595625,2,Democracy
o_max,xgb_tree_d3,m017018_o_max_ord20_rk00019,20,0.2502707749869917,1.1411535278793057,3,Democracy
o_max,xgb_tree_d3,m017019_o_max_ord20_rk00020,20,0.24008828554021266,-0.0,1,Democracy
o_max,xgb_tree_d3,m018000_o_max_ord21_rk00001,21,0.25721544555136333,0.863120568566631,2,Democracy
o_max,xgb_tree_d3,m018001_o_max_ord21_rk00002,21,0.23967093314181798,-0.0,1,Democracy
o_max,xgb_tree_d3,m018002_o_max_ord21_rk00003,21,0.2471340233983521,0.2761954276479391,2,Democracy
o_max,xgb_tree_d3,m018003_o_max_ord21_rk00004,21,0.246080883841595,0.2761954276479391,2,Democracy
o_max,xgb_tree_d3,m018004_o_max_ord21_rk00005,21,0.2547096887187318,1.115520093581932,3,Democracy
o_max,xgb_tree_d3,m018005_o_max_ord21_rk00006,21,0.24119872584786217,-0.0,1,Democracy
o_max,xgb_tree_d3,m018006_o_max_ord21_rk00007,21,0.2578559016157319,1.115520093581932,3,Democracy
o_max,xgb_tree_d3,m018007_o_max_ord21_rk00008,21,0.24238910537137004,0.2761954276479391,2,Democracy
o_max,xgb_tree_d3,m018008_o_max_ord21_rk00009,21,0.24721643318344066,0.2761954276479391,2,Democracy
o_max,xgb_tree_d3,m018009_o_max_ord21_rk00010,21,0.2439585099473226,0.2761954276479391,2,Democracy
o_max,xgb_tree_d3,m018010_o_max_ord21_rk00011,21,0.23678120943148895,-0.0,1,Democracy
o_max,xgb_tree_d3,m018011_o_max_ord21_rk00012,21,0.24535707021212283,0.2761954276479391,2,Democracy
o_max,xgb_tree_d3,m018012_o_max_ord21_rk00013,21,0.2525825898655374,1.115520093581932,3,Democracy
o_max,xgb_tree_d3,m018013_o_max_ord21_rk00014,21,0.2416958295090018,0.2761954276479391,2,Democracy
o_max,xgb_tree_d3,m018014_o_max_ord21_rk00015,21,0.2389049072065621,-0.0,1,Democracy
o_max,xgb_tree_d3,m018015_o_max_ord21_rk00016,21,0.2555774431717136,1.115520093581932,3,Democracy
o_max,xgb_tree_d3,m018016_o_max_ord21_rk00017,21,0.24156026646837414,0.5489544344250401,3,Democracy
o_max,xgb_tree_d3,m018017_o_max_ord21_rk00018,21,0.25846775607465666,0.2761954276479391,2,Democracy
o_max,xgb_tree_d3,m018018_o_max_ord21_rk00019,21,0.23756527492361945,-0.0,1,Democracy
o_max,xgb_tree_d3,m018019_o_max_ord21_rk00020,21,0.23640355302616078,0.2761954276479391,2,Democracy
o_max,xgb_tree_d3,m019000_o_max_ord22_rk00001,22,0.2547397257487739,0.8453509366224364,2,Democracy
o_max,xgb_tree_d3,m019001_o_max_ord22_rk00002,22,0.253502325835278,1.090652803252992,3,Democracy
o_max,xgb_tree_d3,m019002_o_max_ord22_rk00003,22,0.2469834232107967,0.26676498780302604,2,Democracy
o_max,xgb_tree_d3,m019003_o_max_ord22_rk00004,22,0.2540839697623629,0.26676498780302604,2,Democracy
o_max,xgb_tree_d3,m019004_o_max_ord22_rk00005,22,0.25258588100211543,1.090652803252992,3,Democracy
o_max,xgb_tree_d3,m019005_o_max_ord22_rk00006,22,0.24270511300131026,-0.0,1,Democracy
o_max,xgb_tree_d3,m019006_o_max_ord22_rk00007,22,0.24234741880787336,0.5304060778306042,3,Democracy
o_max,xgb_tree_d3,m019007_o_max_ord22_rk00008,22,0.24132109376279587,0.26676498780302604,2,Democracy
o_max,xgb_tree_d3,m019008_o_max_ord22_rk00009,22,0.24484182259068632,0.5304060778306042,3,Democracy
o_max,xgb_tree_d3,m019009_o_max_ord22_rk00010,22,0.25795544158186035,0.5304060778306042,3,Democracy
o_max,xgb_tree_d3,m019010_o_max_ord22_rk00011,22,0.2470079868386681,0.26676498780302604,2,Democracy
o_max,xgb_tree_d3,m019011_o_max_ord22_rk00012,22,0.24216516613868766,0.26676498780302604,2,Democracy
o_max,xgb_tree_d3,m019012_o_max_ord22_rk00013,22,0.24203548673288178,0.26676498780302604,2,Democracy
o_max,xgb_tree_d3,m019013_o_max_ord22_rk00014,22,0.24478685483815077,-0.0,1,Democracy
o_max,xgb_tree_d3,m019014_o_max_ord22_rk00015,22,0.25248384609549024,1.3315796225857794,4,Democracy
o_max,xgb_tree_d3,m019015_o_max_ord22_rk00016,22,0.24316747329738586,0.26676498780302604,2,Democracy
o_max,xgb_tree_d3,m019016_o_max_ord22_rk00017,22,0.2557185109482629,0.26676498780302604,2,Democracy
o_max,xgb_tree_d3,m019017_o_max_ord22_rk00018,22,0.2481232403160073,0.9373012413074895,3,Democracy
o_max,xgb_tree_d3,m019018_o_max_ord22_rk00019,22,0.2529694950587793,0.26676498780302604,2,Democracy
o_max,xgb_tree_d3,m019019_o_max_ord22_rk00020,22,0.23756674328473337,0.26676498780302604,2,Democracy
o_max,xgb_tree_d3,m020000_o_max_ord23_rk00001,23,0.251516390980035,0.828055725379504,2,Democracy
o_max,xgb_tree_d3,m020001_o_max_ord23_rk00002,23,0.2417034598142287,0.9123163027543336,3,Democracy
o_max,xgb_tree_d3,m020002_o_max_ord23_rk00003,23,0.25672035944995186,1.0666152167384504,3,Democracy
o_max,xgb_tree_d3,m020003_o_max_ord23_rk00004,23,0.24295482376070687,0.9123163027543336,3,Democracy
o_max,xgb_tree_d3,m020004_o_max_ord23_rk00005,23,0.2541359779199065,1.0666152167384504,3,Democracy
o_max,xgb_tree_d3,m020005_o_max_ord23_rk00006,23,0.2459568184225961,1.1545676820893709,4,Democracy
o_max,xgb_tree_d3,m020006_o_max_ord23_rk00007,23,0.24211167812804046,0.5131851787372753,3,Democracy
o_max,xgb_tree_d3,m020007_o_max_ord23_rk00008,23,0.2505274347650489,1.0666152167384504,3,Democracy
o_max,xgb_tree_d3,m020008_o_max_ord23_rk00009,23,0.24949775218612003,1.3012517848198515,4,Democracy
o_max,xgb_tree_d3,m020009_o_max_ord23_rk00010,23,0.23679412449129822,0.4262286569981449,2,Democracy
o_max,xgb_tree_d3,m020010_o_max_ord23_rk00011,23,0.24483064620378037,0.5131851787372753,3,Democracy
o_max,xgb_tree_d3,m020011_o_max_ord23_rk00012,23,0.2422255769440732,0.6784070909375675,3,Democracy
o_max,xgb_tree_d3,m020012_o_max_ord23_rk00013,23,0.2547205097354497,0.5131851787372753,3,Democracy
o_max,xgb_tree_d3,m020013_o_max_ord23_rk00014,23,0.2627362077025093,0.7653636126766978,4,Democracy
o_max,xgb_tree_d3,m020014_o_max_ord23_rk00015,23,0.24302895291522164,0.8076702057269436,3,Democracy
o_max,xgb_tree_d3,m020015_o_max_ord23_rk00016,23,0.26079310487820995,1.0534081504863568,4,Democracy
o_max,xgb_tree_d3,m020016_o_max_ord23_rk00017,23,0.2377865059815818,0.2580186686648155,2,Democracy
o_max,xgb_tree_d3,m020017_o_max_ord23_rk00018,23,0.2394960184266569,0.5131851787372753,3,Democracy
o_max,xgb_tree_d3,m020018_o_max_ord23_rk00019,23,0.24213446797614324,0.8076702057269436,3,Democracy
o_max,xgb_tree_d3,m020019_o_max_ord23_rk00020,23,0.23274172166204055,0.4262286569981449,2,Democracy
o_max,xgb_tree_d3,m021000_o_max_ord24_rk00001,24,0.2444274439981925,0.8112781244591328,2,Democracy
o_max,xgb_tree_d3,m021001_o_max_ord24_rk00002,24,0.24781834527317814,0.8886865525783176,3,Democracy
o_max,xgb_tree_d3,m021002_o_max_ord24_rk00003,24,0.2478535286164597,1.1241854163060885,4,Democracy
o_max,xgb_tree_d3,m021003_o_max_ord24_rk00004,24,0.2542543074363419,1.0238995733215066,4,Democracy
o_max,xgb_tree_d3,m021004_o_max_ord24_rk00005,24,0.2510901317873572,0.8886865525783176,3,Democracy
o_max,xgb_tree_d3,m021005_o_max_ord24_rk00006,24,0.250175200624452,0.6583514224564075,3,Democracy
o_max,xgb_tree_d3,m021006_o_max_ord24_rk00007,24,0.2537530910750837,0.8886865525783176,3,Democracy
o_max,xgb_tree_d3,m021007_o_max_ord24_rk00008,24,0.25177908272506455,0.6583514224564075,3,Democracy
o_max,xgb_tree_d3,m021008_o_max_ord24_rk00009,24,0.24300224129807424,0.6583514224564075,3,Democracy
o_max,xgb_tree_d3,m021009_o_max_ord24_rk00010,24,0.2485090574482941,1.0238995733215066,4,Democracy
o_max,xgb_tree_d3,m021010_o_max_ord24_rk00011,24,0.24668031839861382,1.0434356963218767,3,Democracy
o_max,xgb_tree_d3,m021011_o_max_ord24_rk00012,24,0.2563967925611741,0.7416847557897409,4,Democracy
o_max,xgb_tree_d3,m021012_o_max_ord24_rk00013,24,0.2534404280037952,0.5435644431995964,2,Democracy
o_max,xgb_tree_d3,m021013_o_max_ord24_rk00014,24,0.2457409422318294,0.785235442391543,3,Democracy
o_max,xgb_tree_d3,m021014_o_max_ord24_rk00015,24,0.25179852983542694,1.2593984370492772,5,Democracy
o_max,xgb_tree_d3,m021015_o_max_ord24_rk00016,24,0.25730598757857925,0.9833557549816875,5,Democracy
o_max,xgb_tree_d3,m021016_o_max_ord24_rk00017,24,0.2433773716284715,0.6583514224564075,3,Democracy
o_max,xgb_tree_d3,m021017_o_max_ord24_rk00018,24,0.2476573043693442,1.3563429881688325,5,Democracy
o_max,xgb_tree_d3,m021018_o_max_ord24_rk00019,24,0.2565379482864075,1.0238995733215066,4,Democracy
o_max,xgb_tree_d3,m021019_o_max_ord24_rk00020,24,0.25323404331842514,1.2720552088742005,4,Democracy
o_max,xgb_tree_d3,m022000_o_max_ord25_rk00001,25,0.24953349968175587,1.0954312795575998,4,Democracy
o_max,xgb_tree_d3,m022001_o_max_ord25_rk00002,25,0.25438146468519085,0.996118213778296,4,Democracy
o_max,xgb_tree_d3,m022002_o_max_ord25_rk00003,25,0.24730895206283776,0.7950402793845223,2,Democracy
o_max,xgb_tree_d3,m022003_o_max_ord25_rk00004,25,0.244345376988108,0.8743095546405661,4,Democracy
o_max,xgb_tree_d3,m022004_o_max_ord25_rk00005,25,0.2473743985212168,0.8663137138648347,3,Democracy
o_max,xgb_tree_d3,m022005_o_max_ord25_rk00006,25,0.24405312761617926,0.996118213778296,4,Democracy
o_max,xgb_tree_d3,m022006_o_max_ord25_rk00007,25,0.24465285963881567,0.8663137138648347,3,Democracy
o_max,xgb_tree_d3,m022007_o_max_ord25_rk00008,25,0.2393811353816696,0.8743095546405661,4,Democracy
o_max,xgb_tree_d3,m022008_o_max_ord25_rk00009,25,0.2456783264554001,0.7641140545540274,3,Democracy
o_max,xgb_tree_d3,m022009_o_max_ord25_rk00010,25,0.24638301714744382,0.6343095546405662,2,Democracy
o_max,xgb_tree_d3,m022010_o_max_ord25_rk00011,25,0.2611967133695249,1.2252357794710609,5,Democracy
o_max,xgb_tree_d3,m022011_o_max_ord25_rk00012,25,0.24685187441302914,0.7641140545540274,3,Democracy
o_max,xgb_tree_d3,m022012_o_max_ord25_rk00013,25,0.259531074749595,1.32151018873626,5,Democracy
o_max,xgb_tree_d3,m022013_o_max_ord25_rk00014,25,0.25590293589062907,0.996118213778296,4,Democracy
o_max,xgb_tree_d3,m022014_o_max_ord25_rk00015,25,0.2543901964346368,1.106313713864835,5,Democracy
o_max,xgb_tree_d3,m022015_o_max_ord25_rk00016,25,0.25558649461337946,0.996118213778296,4,Democracy
o_max,xgb_tree_d3,m022016_o_max_ord25_rk00017,25,0.24865974000978996,1.2252357794710609,5,Democracy
o_max,xgb_tree_d3,m022017_o_max_ord25_rk00018,25,0.25584747770484195,0.996118213778296,4,Democracy
o_max,xgb_tree_d3,m022018_o_max_ord25_rk00019,25,0.24887604268137964,0.6395563653739031,3,Democracy
o_max,xgb_tree_d3,m022019_o_max_ord25_rk00020,25,0.25120683431731106,1.2252357794710609,5,Democracy
o_max,xgb_tree_d3,m023000_o_max_ord26_rk00001,26,0.252277784099485,0.7793498372920851,2,Democracy
o_max,xgb_tree_d3,m023001_o_max_ord26_rk00002,26,0.2609072061656249,0.969918434275037,4,Democracy
o_max,xgb_tree_d3,m023002_o_max_ord26_rk00003,26,0.25210408004083884,1.0681873374585056,4,Democracy
o_max,xgb_tree_d3,m023003_o_max_ord26_rk00004,26,0.24896588070424086,0.8451064151274781,3,Democracy
o_max,xgb_tree_d3,m023004_o_max_ord26_rk00005,26,0.2578242255345409,0.969918434275037,4,Democracy
o_max,xgb_tree_d3,m023005_o_max_ord26_rk00006,26,0.2474903461496818,1.0681873374585056,4,Democracy
o_max,xgb_tree_d3,m023006_o_max_ord26_rk00007,26,0.26155487520896026,1.1929993566060646,5,Democracy
o_max,xgb_tree_d3,m023007_o_max_ord26_rk00008,26,0.26053303611098333,0.969918434275037,4,Democracy
o_max,xgb_tree_d3,m023008_o_max_ord26_rk00009,26,0.2527195373613048,1.2884926890861643,5,Democracy
o_max,xgb_tree_d3,m023009_o_max_ord26_rk00010,26,0.2612644839314252,1.075875645896709,5,Democracy
o_max,xgb_tree_d3,m023010_o_max_ord26_rk00011,26,0.24794213479185934,0.8451064151274781,3,Democracy
o_max,xgb_tree_d3,m023011_o_max_ord26_rk00012,26,0.2573660369076314,0.969918434275037,4,Democracy
o_max,xgb_tree_d3,m023012_o_max_ord26_rk00013,26,0.2526194780167308,1.1929993566060646,5,Democracy
o_max,xgb_tree_d3,m023013_o_max_ord26_rk00014,26,0.24997014325353428,1.1929993566060646,5,Democracy
o_max,xgb_tree_d3,m023014_o_max_ord26_rk00015,26,0.2494209092364843,1.1929993566060646,5,Democracy
o_max,xgb_tree_d3,m023015_o_max_ord26_rk00016,26,0.2581003291386865,0.8501514254479945,4,Democracy
o_max,xgb_tree_d3,m023016_o_max_ord26_rk00017,26,0.25541625975068594,0.969918434275037,4,Democracy
o_max,xgb_tree_d3,m023017_o_max_ord26_rk00018,26,0.24575660121415077,0.7441942138263227,3,Democracy
o_max,xgb_tree_d3,m023018_o_max_ord26_rk00019,26,0.24388115124515997,0.7441942138263227,3,Democracy
o_max,xgb_tree_d3,m023019_o_max_ord26_rk00020,26,0.2516607927862199,1.2884926890861643,5,Democracy
o_max,xgb_tree_d3,m024000_o_max_ord27_rk00001,27,0.24664586719145276,0.7642045065086203,2,Democracy
o_max,xgb_tree_d3,m024001_o_max_ord27_rk00002,27,0.2642733064973639,1.1625336732554155,5,Democracy
o_max,xgb_tree_d3,m024002_o_max_ord27_rk00003,27,0.24484064176038922,1.042344321483692,4,Democracy
o_max,xgb_tree_d3,m024003_o_max_ord27_rk00004,27,0.2480208159164915,1.257162987432089,5,Democracy
o_max,xgb_tree_d3,m024004_o_max_ord27_rk00005,27,0.24334687860497206,1.042344321483692,4,Democracy
o_max,xgb_tree_d3,m024005_o_max_ord27_rk00006,27,0.2521334459342761,0.9451696091196164,4,Democracy
o_max,xgb_tree_d3,m024006_o_max_ord27_rk00007,27,0.2534384364093073,0.9451696091196164,4,Democracy
o_max,xgb_tree_d3,m024007_o_max_ord27_rk00008,27,0.25306249732241914,1.257162987432089,5,Democracy
o_max,xgb_tree_d3,m024008_o_max_ord27_rk00009,27,0.25198499670006813,1.042344321483692,4,Democracy
o_max,xgb_tree_d3,m024009_o_max_ord27_rk00010,27,0.25223989629779375,1.042344321483692,4,Democracy
o_max,xgb_tree_d3,m024010_o_max_ord27_rk00011,27,0.2536179100541136,0.9451696091196164,4,Democracy
o_max,xgb_tree_d3,m024011_o_max_ord27_rk00012,27,0.24732259842489523,0.824980257347893,3,Democracy
o_max,xgb_tree_d3,m024012_o_max_ord27_rk00013,27,0.2510163070169321,1.1625336732554155,5,Democracy
o_max,xgb_tree_d3,m024013_o_max_ord27_rk00014,27,0.258750738053126,1.1625336732554155,5,Democracy
o_max,xgb_tree_d3,m024014_o_max_ord27_rk00015,27,0.2524233019484934,1.257162987432089,5,Democracy
o_max,xgb_tree_d3,m024015_o_max_ord27_rk00016,27,0.23986324969634354,0.824980257347893,3,Democracy
o_max,xgb_tree_d3,m024016_o_max_ord27_rk00017,27,0.26067991927377965,1.1625336732554155,5,Democracy
o_max,xgb_tree_d3,m024017_o_max_ord27_rk00018,27,0.24961705231825115,1.042344321483692,4,Democracy
o_max,xgb_tree_d3,m024018_o_max_ord27_rk00019,27,0.24980950638824617,1.257162987432089,5,Democracy
o_max,xgb_tree_d3,m024019_o_max_ord27_rk00020,27,0.24217623525076115,0.908653933541588,3,Democracy
o_max,xgb_tree_d3,m025000_o_max_ord28_rk00001,28,0.24818360355913516,0.9591963191047147,3,Democracy
o_max,xgb_tree_d3,m025001_o_max_ord28_rk00002,28,0.252888508319304,1.2274025692592483,5,Democracy
o_max,xgb_tree_d3,m025002_o_max_ord28_rk00003,28,0.25901098549671064,1.1336983823367468,5,Democracy
o_max,xgb_tree_d3,m025003_o_max_ord28_rk00004,28,0.260481934176636,1.2274025692592483,5,Democracy
o_max,xgb_tree_d3,m025004_o_max_ord28_rk00005,28,0.25450961573837594,1.2274025692592483,5,Democracy
o_max,xgb_tree_d3,m025005_o_max_ord28_rk00006,28,0.24940392023865188,1.2274025692592483,5,Democracy
o_max,xgb_tree_d3,m025006_o_max_ord28_rk00007,28,0.24605938764195512,1.0178015074140134,4,Democracy
o_max,xgb_tree_d3,m025007_o_max_ord28_rk00008,28,0.25936747154182926,1.1336983823367468,5,Democracy
o_max,xgb_tree_d3,m025008_o_max_ord28_rk00009,28,0.2668202796255392,1.3432994441819814,6,Democracy
o_max,xgb_tree_d3,m025009_o_max_ord28_rk00010,28,0.2470856779608026,1.0178015074140134,4,Democracy
o_max,xgb_tree_d3,m025010_o_max_ord28_rk00011,28,0.24673462936091384,1.0178015074140134,4,Democracy
o_max,xgb_tree_d3,m025011_o_max_ord28_rk00012,28,0.25529143750785577,1.2274025692592483,5,Democracy
o_max,xgb_tree_d3,m025012_o_max_ord28_rk00013,28,0.2505683539234226,1.2274025692592483,5,Democracy
o_max,xgb_tree_d3,m025013_o_max_ord28_rk00014,28,0.2522625758846109,1.2274025692592483,5,Democracy
o_max,xgb_tree_d3,m025014_o_max_ord28_rk00015,28,0.2516234808136133,1.3056334087653163,5,Democracy
o_max,xgb_tree_d3,m025015_o_max_ord28_rk00016,28,0.2526185895111476,1.0984868380293622,4,Democracy
o_max,xgb_tree_d3,m025016_o_max_ord28_rk00017,28,0.25256762422017465,0.9217544759335055,4,Democracy
o_max,xgb_tree_d3,m025017_o_max_ord28_rk00018,28,0.2570261507369598,1.2274025692592483,5,Democracy
o_max,xgb_tree_d3,m025018_o_max_ord28_rk00019,28,0.24909894400693333,0.9591963191047147,3,Democracy
o_max,xgb_tree_d3,m025019_o_max_ord28_rk00020,28,0.24707405207296873,1.1336983823367468,5,Democracy
o_max,xgb_tree_d3,m026000_o_max_ord29_rk00001,29,0.25504585326539053,1.1991018361613466,5,Democracy
o_max,xgb_tree_d3,m026001_o_max_ord29_rk00002,29,0.2515080099254181,1.1425175164144374,4,Democracy
o_max,xgb_tree_d3,m026002_o_max_ord29_rk00003,29,0.25947368474526067,1.1991018361613466,5,Democracy
o_max,xgb_tree_d3,m026003_o_max_ord29_rk00004,29,0.256012720199396,1.1991018361613466,5,Democracy
o_max,xgb_tree_d3,m026004_o_max_ord29_rk00005,29,0.2548763637988275,1.2770049139968558,5,Democracy
o_max,xgb_tree_d3,m026005_o_max_ord29_rk00006,29,0.26454609974408483,1.1063667712836147,5,Democracy
o_max,xgb_tree_d3,m026006_o_max_ord29_rk00007,29,0.25667769336574353,1.3110022671212271,6,Democracy
o_max,xgb_tree_d3,m026007_o_max_ord29_rk00008,29,0.26178698361667463,1.1991018361613466,5,Democracy
o_max,xgb_tree_d3,m026008_o_max_ord29_rk00009,29,0.2581480655710635,1.1991018361613466,5,Democracy
o_max,xgb_tree_d3,m026009_o_max_ord29_rk00010,29,0.25978949996249945,1.401475275184332,6,Democracy
o_max,xgb_tree_d3,m026010_o_max_ord29_rk00011,29,0.24822610759128327,0.9944663403237343,4,Democracy
o_max,xgb_tree_d3,m026011_o_max_ord29_rk00012,29,0.26254194258037933,1.3110022671212271,6,Democracy
o_max,xgb_tree_d3,m026012_o_max_ord29_rk00013,29,0.27055189615611996,1.1991018361613466,5,Democracy
o_max,xgb_tree_d3,m026013_o_max_ord29_rk00014,29,0.25285874962773147,1.1991018361613466,5,Democracy
o_max,xgb_tree_d3,m026014_o_max_ord29_rk00015,29,0.24533178651770005,0.9944663403237343,4,Democracy
o_max,xgb_tree_d3,m026015_o_max_ord29_rk00016,29,0.2536407399809021,1.2770049139968558,5,Democracy
o_max,xgb_tree_d3,m026016_o_max_ord29_rk00017,29,0.2525820088649404,0.9944663403237343,4,Democracy
o_max,xgb_tree_d3,m026017_o_max_ord29_rk00018,29,0.2598040490026504,1.1425175164144374,4,Democracy
o_max,xgb_tree_d3,m026018_o_max_ord29_rk00019,29,0.25775891399724826,1.1425175164144374,4,Democracy
o_max,xgb_tree_d3,m026019_o_max_ord29_rk00020,29,0.2631815113225894,1.3110022671212271,6,Democracy
o_max,xgb_tree_d3,m027000_o_max_ord30_rk00001,30,0.249165771744426,1.2486092328524885,4,Democracy
o_max,xgb_tree_d3,m027001_o_max_ord30_rk00002,30,0.2500403529836238,1.1721597626314753,5,Democracy
o_max,xgb_tree_d3,m027002_o_max_ord30_rk00003,30,0.24757394671623822,1.2496527261266068,5,Democracy
o_max,xgb_tree_d3,m027003_o_max_ord30_rk00004,30,0.2562271781517975,1.1721597626314753,5,Democracy
o_max,xgb_tree_d3,m027004_o_max_ord30_rk00005,30,0.24993053873124715,1.1721597626314753,5,Democracy
o_max,xgb_tree_d3,m027005_o_max_ord30_rk00006,30,0.25463046711934556,1.2803301792260264,6,Democracy
o_max,xgb_tree_d3,m027006_o_max_ord30_rk00007,30,0.256493546968102,1.3699740752745007,6,Democracy
o_max,xgb_tree_d3,m027007_o_max_ord30_rk00008,30,0.2523691427247231,1.2496527261266068,5,Democracy
o_max,xgb_tree_d3,m027008_o_max_ord30_rk00009,30,0.26066271359330206,1.1721597626314753,5,Democracy
o_max,xgb_tree_d3,m027009_o_max_ord30_rk00010,30,0.24968123400469489,1.2496527261266068,5,Democracy
o_max,xgb_tree_d3,m027010_o_max_ord30_rk00011,30,0.25092563647202304,1.1721597626314753,5,Democracy
o_max,xgb_tree_d3,m027011_o_max_ord30_rk00012,30,0.257736522217906,1.3699740752745007,6,Democracy
o_max,xgb_tree_d3,m027012_o_max_ord30_rk00013,30,0.25017330081823763,1.4989350663300531,6,Democracy
o_max,xgb_tree_d3,m027013_o_max_ord30_rk00014,30,0.25011293583438043,1.3699740752745007,6,Democracy
o_max,xgb_tree_d3,m027014_o_max_ord30_rk00015,30,0.2520943090435659,1.1721597626314753,5,Democracy
o_max,xgb_tree_d3,m027015_o_max_ord30_rk00016,30,0.2556589137067734,1.1721597626314753,5,Democracy
o_max,xgb_tree_d3,m027016_o_max_ord30_rk00017,30,0.2537780698236567,1.3699740752745007,6,Democracy
o_max,xgb_tree_d3,m027017_o_max_ord30_rk00018,30,0.24307265878170214,0.972253928364927,4,Democracy
o_max,xgb_tree_d3,m027018_o_max_ord30_rk00019,30,0.26027276019479817,1.5656017329967198,7,Democracy
o_max,xgb_tree_d3,m027019_o_max_ord30_rk00020,30,0.2624916316421987,1.080424344959478,5,Democracy
