objective,residual
o_min,1.610244438363526
o_min,2.001004703932739
o_min,3.15245044327417
o_min,-1.282375197476562
o_min,4.935751034009277
o_min,-0.6263249274765625
o_min,-2.623251797500854
o_min,-6.250062816088073
o_min,-9.411202594088074
o_min,-0.5051580209907227
o_min,-11.91340032484009
o_min,-13.09474618847656
o_min,-1.443568955990722
o_min,4.103586746528322
o_min,-3.806779805476562
o_min,-2.321961103500854
o_min,-9.184884558375549
o_min,-5.898154016476562
o_min,-4.915543035840088
o_min,-6.330524341840088
o_min,-17.82611601308808
o_min,0.1375003380092772
o_min,-20.29996331484009
o_min,-10.54987684347656
o_min,4.244887980753021
o_min,-3.65681488284497
o_min,-15.80087179308807
o_min,-6.040183248088073
o_min,-4.283455680990722
o_min,-14.24035393837555
o_min,-4.148664437990723
o_min,-0.4373394239907227
o_min,-2.026772501990723
o_min,-7.309467668375549
o_min,-1.539744822990723
o_min,2.474290901685181
o_min,-9.862948245476565
o_min,-7.22367947884497
o_min,-4.528428687476563
o_min,-1.004278696990723
o_min,-11.99677423837555
o_min,-10.84144435837555
o_min,-8.52757873184497
o_min,-4.018083286990723
o_min,0.6208864240092775
o_min,-3.025404917476563
o_min,7.420466194606934
o_min,-3.224722830476562
o_min,-2.862952597990723
o_min,-1.017714511476562
o_min,0.0362443531550293
o_min,-7.996150485840088
o_min,-5.157261997088074
o_min,-5.148900139840088
o_min,-3.520270521476562
o_min,-4.395967544990723
o_min,-2.991555911476562
o_min,1.395151914606934
o_min,-14.08606965484009
o_min,-1.562974400476563
o_min,-4.811249037476562
o_min,3.407905266009277
o_min,-6.380472564476563
o_min,-5.128474478844971
o_min,-12.22976565837555
o_min,-0.1031019199907228
o_min,-2.168563256476562
o_min,-2.588453117990722
o_min,10.22074127763794
o_min,-6.402497503476562
o_min,-11.57269578847656
o_min,-8.177496589375549
o_min,-1.975308576990722
o_min,-8.239689250500854
o_min,-10.81510124599072
o_min,-11.74507541847656
o_min,-6.361730655840088
o_min,0.6282150500092771
o_min,-4.472508131476562
o_min,-2.291138576993286
o_min,-3.094403293476562
o_min,-1.011950353844971
o_min,-7.836854870840088
o_min,2.617204576155029
o_min,2.389323925237305
o_min,-4.064636010134766
o_min,7.690050044873047
o_min,6.022195173993531
o_min,-5.511402952266357
o_min,4.569518690733643
o_min,0.2019069153831787
o_min,-0.34438666355957
o_min,4.676443057567139
o_min,-6.474659487432861
o_min,-4.321671762113281
o_min,3.951477893388672
o_min,0.2426874345869141
o_min,-4.230166046905518
o_min,0.7722762724609371
o_min,-1.064109648036377
o_min,4.974900517371827
o_min,1.947175308098144
o_min,2.606199471265869
o_min,3.855066830764161
o_min,-2.166599426865234
o_min,-4.826772804707519
o_min,2.239127997304687
o_min,4.718315534570312
o_min,-4.781816210506103
o_min,-2.155342156824463
o_min,0.3828042410174559
o_min,5.908598201738281
o_min,5.823398882037354
o_min,9.77174881701172
o_min,3.074634404606934
o_min,5.268018025125244
o_min,2.727919107574219
o_min,3.048860817327514
o_min,7.414544777421876
o_min,0.508049294990478
o_min,-0.3929802817961425
o_min,-0.9725557076110842
o_min,3.236691041113282
o_min,-1.854161900772217
o_min,-4.52303771397998
o_min,5.061079466865234
o_min,-3.372445530693604
o_min,-1.662704106477539
o_min,0.160793355211914
o_min,-6.505671771957031
o_min,0.4855355274536137
o_min,-3.525323090900391
o_min,4.833347586918091
o_min,2.051005971062988
o_min,5.503428693388672
o_min,7.838775857225341
o_min,-15.10776539206323
o_min,-4.946390435956054
o_min,-3.949807414800781
o_min,-0.6201176066591803
o_min,-3.505738651245117
o_min,1.058944987594239
o_min,-1.169271087777831
o_min,-1.440154024863037
o_min,-2.95038851924707
o_min,1.71246035426123
o_min,-0.4312766167258299
o_min,-1.510178063744629
o_min,0.096146982163086
o_min,-1.290516685330567
o_min,1.784408787969238
o_min,-4.760397733019043
o_min,-1.713266542672485
o_min,-4.438425117995606
o_min,1.921804125205078
o_min,5.436432087460938
o_min,1.898601936586914
o_min,-19.06777124243287
o_min,-1.53559760265918
o_min,-4.226902154265625
o_min,-0.2612509241650382
o_min,-1.149865412901855
o_min,-2.289836299889648
o_min,-0.0432826639799799
o_min,-1.54753549070752
o_min,-3.674359832469727
o_min,-1.426038527614746
o_min,-3.558308688956055
o_min,4.142145006586913
o_min,-9.94758558097998
o_min,2.958493548530273
o_min,2.033145332385254
o_min,0.5959761862886959
o_min,-6.808390281071289
o_min,-0.4141207584511717
o_min,4.296978352147949
o_min,3.05415482934375
o_min,0.7316799205253908
o_min,-6.615956894429687
o_min,-2.288699337071289
o_min,-3.832529976875733
o_min,-4.648915783875732
o_min,4.986902148493897
o_min,-0.9008393712416992
o_min,2.753378420125244
o_min,0.0589320630134277
o_min,-1.554299768314819
o_min,-3.977248368657226
o_min,-4.214977519905517
o_min,-5.392076313996583
o_min,-12.02581788402588
o_min,3.624459340513916
o_min,4.416070658530273
o_min,-8.534582271239746
o_min,0.2431371553164059
o_min,5.745115148098144
o_min,1.01627469673584
o_min,1.05779465609961
o_min,-5.268871321744629
o_min,-3.687893890019043
o_min,2.810267507004394
o_min,2.866919223886718
o_min,3.92351771434082
o_min,-2.604792765611084
o_min,-1.484434341609985
o_min,3.329120132292481
o_min,5.828200079550781
o_min,2.706247152108887
o_min,-0.5138444972144773
o_min,5.180643637845458
o_min,4.337451870753021
o_min,1.250523082944335
o_min,-3.100249259889648
o_min,3.177299151855468
o_min,4.290419575264892
o_min,3.098243500295898
o_min,-1.382789771425781
o_min,2.401069420037354
o_min,4.133923815818726
o_min,4.889822517934325
o_min,0.3546813542197267
o_min,5.139626171567016
o_min,7.521008707653809
o_min,-3.533805881676392
o_min,-4.529604853488281
o_min,5.576501404624024
o_min,0.4862741984218748
o_min,2.81325892802002
o_min,3.584274504187988
o_min,-4.091175853196777
o_min,2.414441797271973
o_min,2.438393708632447
o_min,2.244725416059586
o_min,3.783594792414551
o_min,-0.8933467356271976
o_min,2.537807551284668
o_min,2.364510025563477
o_min,-3.208131404303955
o_min,0.3137211535942379
o_min,-1.03452805110791
o_min,7.455280101358642
o_min,5.317117093150635
o_min,6.064975067828247
o_min,-7.321179838018311
o_min,2.047640700245606
o_min,8.38807683404297
o_min,-1.294764217181274
o_min,-0.7957283159882813
o_min,7.75879455427124
o_min,4.614896983290771
o_min,5.492336937125245
o_min,3.732756316175537
o_min,6.482453947191162
o_min,4.448738068530274
o_min,2.903762759596192
o_min,1.364823744548828
o_min,5.066861698342773
o_min,1.89355640676416
o_min,-2.434595186774658
o_min,-1.417318918925171
o_min,-1.668592294824463
o_min,-6.707302072704102
o_min,-5.216178547700683
o_min,-1.552520548143311
o_min,3.526161618187988
o_min,-7.910665536982544
o_min,-5.112331532330567
o_min,1.478248353738281
o_min,0.8139518274218753
o_min,0.2174693988789062
o_min,-3.913250676192383
o_min,-1.290727670285645
o_min,1.040770784648926
o_min,1.372545471390015
o_min,-7.870860910728027
o_min,-5.536782973329101
o_min,3.778646950653198
o_min,4.460906082136964
o_min,2.207145486147949
o_min,6.391796085687256
o_min,7.840604174758301
o_min,2.988047686281372
o_min,1.030174114818726
o_min,2.889103867928711
o_min,-6.891234196611084
o_min,-3.582297872905517
o_min,2.042947431831299
o_min,-0.3067768277446294
o_min,4.543868367593994
o_min,2.940873153245484
o_min,-1.24976615810791
o_min,-2.386526858065674
o_min,3.362770037980956
o_min,3.512773678227783
o_min,-0.1525450135854491
o_min,0.0308776179085694
o_min,-8.590091451824463
o_min,-7.762394470585449
o_min,0.5989368022886961
o_min,1.526692575323608
o_min,-0.1254064037961422
o_min,-3.30739943773877
o_min,0.6769221778187253
o_min,-5.180267780995606
o_min,3.691536888691406
o_min,-6.279187817351074
o_min,0.9936177943408212
o_min,3.270523590222169
o_min,0.1518080591992188
o_min,1.776279301855469
o_min,2.961778118321533
o_min,3.156552363669434
o_min,-1.492185063285644
o_min,-2.442047877308593
o_min,-5.476021330744629
o_min,3.655088812385253
o_min,5.406911390374756
o_min,-1.001786416245118
o_min,-3.427857837539062
o_min,1.020344623342774
o_min,-5.336222088992676
o_min,-2.151299910241699
o_min,8.262051968098145
o_min,-1.413324963301269
o_min,-3.38094236126416
o_min,-5.73912549765918
o_min,1.86599791392871
o_min,-8.807708895777832
o_min,-7.180084827744629
o_min,-2.495820616137696
o_min,-8.092286251113281
o_min,-4.916416580794922
o_min,0.1701583650073246
o_min,-8.098245976449219
o_min,0.7346829918554683
o_min,-4.800668745265625
o_min,3.705427669548827
o_min,6.778599216586915
o_min,-2.23173830116504
o_min,1.126981248785523
o_min,4.145535263754884
o_min,-4.847671969585449
o_min,-3.64709633926416
o_min,-2.079876462794921
o_min,-2.681660685615723
o_min,-0.1104137229956059
o_min,2.79525377578125
o_min,4.41004594802002
o_min,-1.057788283943848
o_min,1.426959160522461
o_min,-0.8365599699003905
o_min,-2.7334149933042
o_min,-3.569995330285645
o_min,-4.563334148957031
o_min,-1.209738125889649
o_min,-1.330961974241089
o_min,-0.6015436629760735
o_min,0.915324375784424
o_min,-3.205227082609985
o_min,-6.133475339683594
o_min,-2.524287524700684
o_min,-8.279776034581543
o_min,-3.479036022956054
o_min,-4.217579895165039
o_min,-0.4846981239055177
o_min,-2.970000555591797
o_min,-2.70500591024707
o_min,3.028341047460938
o_min,-3.556747938449218
o_min,0.2358806533046866
o_min,1.894452394421875
o_min,-4.439949417081909
o_min,0.9712649381242676
o_min,-1.401534111874756
o_min,-5.632577558077637
o_min,-1.830589396863037
o_min,1.150709398187988
o_min,-9.593939804646972
o_min,2.251894557453614
o_min,-4.559589943615722
o_min,-0.8394794139865724
o_min,0.8061005752050789
o_min,0.1316597529257812
o_min,0.7615896295898441
o_min,-0.5577016562144776
o_min,-2.464927089015625
o_min,-4.397128017265625
o_min,-4.667160448875976
o_min,-0.4762232782358397
o_min,-0.0598555378295895
o_min,-0.5054799696191399
o_min,-1.556546988762207
o_min,-1.418763466992676
o_min,-1.937513938192384
o_min,-7.293400720245117
o_min,0.5760455317529303
o_min,4.382931353745118
o_min,-0.0160497503041998
o_min,-5.159952860615722
o_min,-3.921744263581543
o_min,3.669788372944336
o_min,-7.673188795700684
o_min,-3.56489458730127
o_min,2.614877400056152
o_min,-3.611737913192383
o_min,-7.756984951343261
o_min,-4.944080490241699
o_min,4.518539384225342
o_min,-2.335960246065674
o_min,2.083705035493897
o_min,-0.4121748586413574
o_min,6.621255216017456
o_min,-1.487450019578125
o_min,-0.9373244709626464
o_min,-3.866332057886719
o_min,-2.408534340510742
o_min,-1.550611042236206
o_min,1.746803399818726
o_min,-7.920165459114746
o_min,5.301183643963624
o_min,0.186029556845459
o_min,-1.533684906889649
o_min,-4.741222183346801
o_min,-2.376694282735108
o_min,-5.130491919575683
o_min,-4.68974803972876
o_min,-6.635475131754395
o_min,-5.138139798925171
o_min,-5.854579031875732
o_min,1.376543248062989
o_min,-0.9010760927961424
o_min,-0.6937773657341308
o_min,5.736452154624024
o_min,4.785999045178954
o_min,-5.843508675425781
o_min,6.421726470407714
o_min,-2.671152050709229
o_min,9.311712443150634
o_min,3.112582109013428
o_min,-3.114590354863037
o_min,3.08823575614795
o_min,4.538590056421875
o_min,9.937652365828248
o_min,7.942193547414551
o_min,4.568697199175537
o_min,5.735680973505859
o_min,-2.29881536810791
o_min,4.028764400108887
o_min,0.3370915448549807
o_min,5.696261217149781
o_min,7.768233241327515
o_min,-1.254161963171753
o_min,5.058283041149903
o_min,3.387936430735595
o_min,3.262282913245605
o_min,4.065585475201416
o_min,4.766400023327515
o_min,9.355808692653198
o_min,4.52968958641455
o_min,-2.984582752808838
o_min,10.14881536975891
o_min,-3.670129423417481
o_min,2.007405682687255
o_min,-3.002053715754517
o_min,5.678913512141236
o_min,2.119755403717529
o_min,1.314173529284668
o_min,1.910850998245605
o_min,-2.182876667403808
o_min,6.281325096777344
o_min,7.629193432648925
o_min,-1.133835378812012
o_min,-1.063873376245118
o_min,-2.19956762424707
o_min,-3.460673784836914
o_min,-0.428800439744629
o_min,-1.927237243330566
o_min,-6.864158191285645
o_min,1.493416338691405
o_min,-0.8952112031376958
o_min,5.346783565007325
o_min,-1.576940656534424
o_min,-5.576160417800781
o_min,-6.56499203930127
o_min,-1.914584743905517
o_min,5.064407971113281
o_min,-2.235899586695313
o_min,-3.336456784539063
o_min,0.0412751495869141
o_min,-1.404605982836914
o_min,-0.3156527799018551
o_min,0.6311342698454592
o_min,-6.545864553330567
o_min,-7.660751477200195
o_min,1.442014254340821
o_min,-1.979320456308594
o_min,-2.085430738889649
o_min,-1.405898905979981
o_min,6.952039316124267
o_min,-2.440744870794921
o_min,2.58988708919922
o_min,0.5178727992553718
o_min,-2.506525317265625
o_min,-5.954014718707519
o_min,-3.578747960192382
o_min,-1.372067891144532
o_min,-1.274360232611328
o_min,2.647193064042968
o_min,-7.563385196788086
o_min,-3.496607239469727
o_min,-6.754089220992675
o_min,2.508633163408204
o_min,1.31590196673584
o_min,3.353811832944336
o_min,1.908256615781249
o_min,4.443231449799805
o_min,-6.764126605683593
o_min,-3.136550918067261
o_min,-2.503101027449219
o_min,2.043807575094484
o_min,6.01910572458252
o_min,0.5617899804609374
o_min,-4.357487917614746
o_min,-3.153956700836914
o_min,0.2474109666694328
o_min,-4.983474586901855
o_min,-2.871277735200195
o_min,-6.561945733304199
o_min,1.65293662527124
o_min,-4.449645228676392
o_min,6.078256880049072
o_min,-3.225699471308594
o_min,4.029755926493896
o_min,0.9997395738623052
o_min,-0.6713692509570315
o_min,-4.946732193695313
o_min,-0.4153350299560543
o_min,-8.110940905905517
o_min,-3.839802019413086
o_min,4.892679839342774
o_min,-7.145968488449219
o_min,-0.5619498281967772
o_min,-1.459603097988281
o_min,-5.70712177864502
o_min,6.304777859299318
o_min,6.025030255327149
o_min,9.129406098463988
o_min,5.191043220747193
o_min,3.960780219740967
o_min,0.964181842052948
o_min,4.095428293327148
o_min,7.275457872827438
o_min,7.485731618622436
o_min,9.254839327747192
o_min,15.78971348074097
o_min,7.176330953052948
o_min,5.095778704747192
o_min,-1.253677452259033
o_min,1.392710238025757
o_min,9.099968337747192
o_min,-1.922037312094696
o_min,10.878385964561
o_min,10.06164308532715
o_min,9.074264310622436
o_min,7.53620788830188
o_min,9.815344402740966
o_min,7.407155897561005
o_min,7.25883544330188
o_min,0.5572882541639403
o_min,9.665749423052947
o_min,0.0974907437471923
o_min,12.84216216456726
o_min,7.014186838463989
o_min,8.52374213816461
o_min,9.199722268827438
o_min,10.095257846561
o_min,8.727901877747192
o_min,7.30816418116394
o_min,9.953738808052949
o_min,11.29049645916461
o_min,2.391552674827438
o_min,3.982657418052948
o_min,6.906479953492737
o_min,3.54019155816394
o_min,4.087964671052948
o_min,-2.549405126625732
o_min,8.071324030905304
o_min,5.057168355622437
o_min,2.601472874327149
o_min,4.864275203905304
o_min,8.428954469622436
o_min,5.71878276630188
o_min,3.490279964932739
o_min,3.511437939561004
o_min,4.97086322230188
o_min,7.20961282816394
o_min,9.03085117646399
o_min,12.47146340532715
o_min,5.576322630905304
o_min,6.542849177463989
o_min,5.608789184164612
o_min,12.21797195116394
o_min,8.568919009052948
o_min,8.218945592374268
o_min,8.205692238905304
o_min,8.200385679561006
o_min,5.153351651327148
o_min,2.236851728827439
o_min,2.633807867905304
o_min,4.555504906561005
o_min,11.08812174416461
o_min,7.728561986905303
o_min,11.86278540446399
o_min,7.540196032827438
o_min,2.165242829463989
o_min,6.888387668492737
o_min,1.93529089716394
o_min,15.44781256746399
o_min,8.225451897747192
o_min,6.98228859616394
o_min,7.602256345561004
o_min,11.23668653774719
o_min,4.07814499016394
o_min,8.874816009492736
o_min,7.350023821163941
o_min,6.928226585052948
o_min,11.34824424349274
o_min,3.87361563516394
o_min,7.574576277463989
o_min,6.361295409463989
o_min,2.327201079374268
o_min,9.42321444016394
o_min,13.63894442005295
o_min,8.401699477492738
o_min,9.175642672827438
o_min,5.866837685052948
o_min,3.580414348374267
o_min,13.67079060382744
o_min,17.11702187005295
o_min,10.57133090949274
o_min,10.39579230816394
o_min,8.05628453644873
o_min,4.579324201374268
o_min,10.70662454382744
o_min,12.94583005746399
o_min,8.565294297747192
o_min,12.29033478382744
o_min,7.880844954463989
o_min,9.747066305164612
o_min,14.90659628382744
o_min,5.383433680052948
o_min,1.816723635747192
o_min,7.503444237827439
o_min,10.87381298346399
o_min,4.216500934747192
o_min,3.416751266905304
o_min,8.181076709052949
o_min,3.081082558827438
o_min,7.629292008463989
o_min,1.52476821030188
o_min,6.966393549827439
o_min,9.217561559052948
o_min,2.022192926747192
o_min,6.92047645716394
o_min,6.490777443463989
o_min,10.66358447949274
o_min,8.475960296827438
o_min,7.054448298052948
o_min,16.31759536774719
o_min,7.225696977827439
o_min,2.632930598492737
o_min,11.58644057316394
o_min,10.77651690546399
o_min,4.399387582492737
o_min,8.820205620827439
o_min,2.294203069052948
o_min,-1.258349747252808
o_min,10.19043423516394
o_min,9.581984533463988
o_min,11.34505347774719
o_min,8.78892592256726
o_min,6.874670829052948
o_min,4.787413184763794
o_min,9.458083847747192
o_min,4.001921023561005
o_min,-5.950192459652344
o_min,2.228627188413085
o_min,-4.954830240030762
o_min,-3.822999233084962
o_min,-4.130833955633545
o_min,-3.798325469063477
o_min,1.042650548567138
o_min,-1.483541874002929
o_min,-6.014641744024415
o_min,-3.575956133587891
o_min,-5.235530840084961
o_min,-9.299999760570312
o_min,-9.212566837331057
o_min,0.7797872660576175
o_min,2.065779305668945
o_min,8.453895246347656
o_min,-1.405169629268554
o_min,-7.366437936240723
o_min,2.176349609431153
o_min,-6.891220542509277
o_min,-5.705959659084961
o_min,-11.16934783033106
o_min,-6.287291709268555
o_min,-9.671993327568847
o_min,-1.196440228088867
o_min,0.7493042524296882
o_min,-7.266949279331055
o_min,-2.923719833024414
o_min,-5.336131298742676
o_min,-3.040808924587891
o_min,-0.4795023407153316
o_min,5.793591618413085
o_min,-1.806208503509278
o_min,-0.5086148429423822
o_min,4.028970797415772
o_min,-5.107607965590088
o_min,-7.764207324322754
o_min,-5.281018633652344
o_min,-4.521209796030762
o_min,-1.846220642568847
o_min,-4.149518687240723
o_min,0.8949197114157723
o_min,-6.364998562568847
o_min,-6.124067557586914
o_min,-5.264555756268555
o_min,-5.907306577322753
o_min,-1.958047203015624
o_min,0.708076666257325
o_min,-4.951714310568848
o_min,-9.187863721015624
o_min,-3.020064482322754
o_min,-1.313220699587891
o_min,-1.595431496088867
o_min,-4.259531063584229
o_min,-5.056552823568848
o_min,2.874583050429688
o_min,-9.656526630240725
o_min,1.165215700911134
o_min,-10.95297475566504
o_min,-0.1363710345842284
o_min,-3.517512009652344
o_min,-1.941378689268556
o_min,5.056879111677246
o_min,-9.106508734570312
o_min,0.7085077794311516
o_min,-9.307199054322751
o_min,-4.582912072587891
o_min,-6.704681468240723
o_min,-6.508920974322754
o_min,-2.450413866568848
o_min,-1.598657004505859
o_min,6.458146457412109
o_min,-0.6997860015878903
o_min,-5.590774280268555
o_min,-9.972785308322754
o_min,-8.213399569331054
o_min,-3.507352398824707
o_min,-5.643488140088867
o_min,-3.410987219568848
o_min,-1.050611451584229
o_min,-0.1928694075058601
o_min,-6.953780183030762
o_min,-2.725673084024414
o_min,-1.934114504240723
o_min,-4.102133667024414
o_min,0.5064657434130861
o_min,-1.675250254665039
o_min,-0.3959406614328609
o_min,-9.397947052942383
o_min,2.143380845668945
o_min,0.0993517476772467
o_min,-0.942615138024414
o_min,-5.865348411742676
o_min,-8.91375624158789
o_min,-3.748109073397705
o_min,2.521254065166748
o_min,-8.988292146331055
o_min,-2.294708581322754
o_min,-1.73664337400293
o_min,-0.9898894675092772
o_min,-12.10058146266504
o_min,-5.699468459652344
o_min,1.58245724149414
o_min,-8.300649135824706
o_min,-5.952851478824707
o_min,-0.7728956403227532
o_min,-7.241233860268554
o_min,6.420214280522462
o_min,-10.73921150056885
o_min,-5.246528009084961
o_min,0.9128894002106938
o_min,-1.949961440024414
o_min,4.489972707412109
o_min,-4.791792361584228
o_min,-4.755026487322754
o_min,1.102592381677246
o_min,1.248216165759278
o_min,-0.5681563907426757
o_min,-0.8001431961442869
o_min,-5.25221628950586
o_min,-5.491620879824707
o_min,-0.8498430657778329
o_min,-2.347954609568847
o_min,2.271172493984375
o_min,-1.507079235584229
o_min,-5.453614970322754
o_min,0.8497674224907232
o_min,-6.658910893030762
o_min,-9.445279704024417
o_min,-5.584835445322754
o_min,-0.4154602565688474
o_min,-6.430460435587891
o_min,-2.77431998000293
o_min,-0.7975511669423829
o_min,-6.528515282322754
o_min,-3.759961113658203
o_min,-1.81780359358789
o_min,-8.183056019715332
o_min,-4.843916969587891
o_min,-8.238983234586915
o_min,-2.30772845758789
o_min,-4.407838006587891
o_min,-5.966041025322754
o_min,-10.95750975008887
o_min,1.109927994494141
o_min,-10.00658527174268
o_min,-2.692352723652344
o_min,-1.116851392658203
o_min,-7.376667335590088
o_min,-1.638635213084961
o_min,-0.9286040845092778
o_min,4.178688389936523
o_min,-0.0189684415878907
o_min,-1.365814256268555
o_min,8.673758955668944
o_min,-1.604845887513672
o_min,0.405879571567139
o_min,3.764391068911133
o_min,-0.3306348170244142
o_min,3.546772628911134
o_min,0.2553840259150384
o_min,4.59107990199707
o_min,-0.3607378000849603
o_min,-1.095878368942383
o_min,-0.3251229983310555
o_min,-3.353063078063477
o_min,-4.414397143824707
o_min,-7.639834538024414
o_min,-1.348554875570313
o_min,0.8212705025671383
o_min,-9.024001607397706
o_min,9.506442048911133
o_min,-1.520660387088867
o_min,-7.563470657030762
o_min,-4.835798337331055
o_min,2.024060243409912
o_min,-0.0075215426335448
o_min,-7.013040872144287
o_min,0.1899396104907227
o_min,2.778336440490722
o_min,-2.509543688633545
o_min,-3.103490339322754
o_min,-9.709177110665038
o_min,-0.9124950745058592
o_min,-4.902453821824707
o_min,-2.321624043509277
o_min,-8.055123335742676
o_min,-3.594135150584228
o_min,-3.67192128566504
o_min,5.85340084926001
o_min,-0.6589571441225583
o_min,-6.959056892331055
o_min,-3.377538806570312
o_min,-5.074986814088867
o_min,1.903787469975587
o_min,-4.923456835024414
o_min,-0.1342898900888673
o_min,-1.663912734658203
o_min,-3.388180121789307
o_min,4.939467524057617
o_min,-0.8684540566650387
o_min,-7.39334103658789
o_min,-4.150812537584228
o_min,-2.243893281633545
o_min,3.992124570490722
o_min,-1.813847624063476
o_min,-4.132884532633545
o_min,-1.285474044714356
o_min,-0.7822573705900879
o_min,-6.234335459219238
o_min,0.2373107309365236
o_min,-0.5408279518247063
o_min,-1.513190969063476
o_min,-7.046267765584228
o_min,1.420119378291504
o_min,-9.679305456633545
o_min,0.2981486302856444
o_min,-9.865411584219238
o_min,-3.904727346138428
o_min,-6.648355699665039
o_min,-1.773851838397705
o_min,-5.914139166708496
o_min,1.240706580366455
o_min,-2.476080523063477
o_min,-4.515618715219238
o_min,3.65505891000586
o_min,0.3892344704907229
o_min,-5.971774965507812
o_min,-0.769681175789307
o_min,-3.966953756708496
o_min,4.96059230530957
o_min,0.2837324243037109
o_min,1.578838748384522
o_min,-5.002533575553467
o_min,-10.99011548677124
o_min,6.15036596230957
o_min,-8.92298192669043
o_min,-5.088884565615478
o_min,-8.166123423615478
o_min,-1.93289776877124
o_min,-4.400064331167236
o_min,-11.65945950377124
o_min,-4.527265297615479
o_min,-2.885530183454102
o_min,-7.70433180369043
o_min,0.1184752838386229
o_min,2.26217485371167
o_min,-5.577705290615478
o_min,-1.63269621627063
o_min,0.5159550657293703
o_min,-3.28963625027063
o_min,0.7076575687293705
o_min,-5.35491447627063
o_min,0.4218023807293702
o_min,-6.27074996127063
o_min,1.43048240572937
o_min,-2.55783845327063
o_min,2.87751587172937
o_min,3.31363025072937
o_min,-4.03702751527063
o_min,-5.51887076027063
o_min,0.0439453127293703
o_min,0.7931430797293704
o_min,-3.93036775627063
o_min,-4.70533543127063
o_min,-7.64369339827063
o_min,-8.03490896727063
o_min,-3.32760879827063
o_min,-4.59783908227063
o_min,-0.3094492002706297
o_min,2.93044185372937
o_min,2.61598336572937
o_min,-0.88254493427063
o_min,1.92476713572937
o_min,-7.91888932527063
o_min,2.26016715572937
o_min,-3.12970597727063
o_min,1.279186891729371
o_min,3.23944485172937
o_min,-5.22134539927063
o_min,4.41720743572937
o_min,-3.46167736327063
o_min,3.97505134572937
o_min,-8.77443075127063
o_min,0.79182710872937
o_min,-1.16314017927063
o_min,0.8958523517293697
o_min,-1.251140845250976
o_min,-5.01447621727063
o_min,-2.46647025227063
o_min,-0.0433704812706299
o_min,0.0816515687293701
o_min,12.35768137072937
o_min,-1.55519315527063
o_min,1.48437848672937
o_min,-1.83657651127063
o_min,-1.69432027227063
o_min,-0.5333343872706298
o_min,-2.66215376427063
o_min,6.12687836372937
o_min,-2.22838931427063
o_min,1.24299304672937
o_min,-2.17214169327063
o_min,-0.0585848582706298
o_min,0.3201939387293704
o_min,3.01759296872937
o_min,-10.90604105327063
o_min,-4.220614712270629
o_min,-0.5448525362706298
o_min,2.71529459572937
o_min,-2.61337621827063
o_min,6.22673899072937
o_min,2.261628991989257
o_min,-2.440800821132324
o_min,-1.892386734010742
o_min,4.417151781867675
o_min,1.829785916867676
o_min,-5.286652454010742
o_min,2.606465814989258
o_min,3.222784538033936
o_min,2.873276142825439
o_min,4.718157861867676
o_min,3.583208933825439
o_min,4.788007196033936
o_min,3.744150862033935
o_min,-3.173846774174561
o_min,1.488969443825439
o_min,3.193451043825439
o_min,2.579838079867676
o_min,3.437515962033936
o_min,3.942028947033936
o_min,-2.36389392817456
o_min,-1.597317878010742
o_min,-0.0094137490107417
o_min,1.984602707033935
o_min,1.250054253989258
o_min,0.9935183120339356
o_min,8.136384871867676
o_min,6.457288426033935
o_min,-2.489324684132324
o_min,1.956800251989257
o_min,9.477358111867677
o_min,3.89298447882544
o_min,-0.9842237451745603
o_min,4.438454496033936
o_min,-2.164623400132324
o_min,1.430852949825439
o_min,5.681466104825439
o_min,8.91071240482544
o_min,4.52254375482544
o_min,2.293361767033936
o_min,-2.554062173966064
o_min,2.793440683989258
o_min,0.7576066328254392
o_min,1.432223528033935
o_min,-4.344166866966065
o_min,1.028323297033936
o_min,5.993232163989259
o_min,7.555400861867676
o_min,4.697794124825439
o_min,3.443100824989259
o_min,3.806106765989258
o_min,-0.7404427021323245
o_min,7.543259506033936
o_min,8.28065629482544
o_min,5.108999376033935
o_min,-2.159758137174561
o_min,1.670646720867675
o_min,2.40330015682544
o_min,-0.3571622639660647
o_min,3.833464177867676
o_min,-6.526243274966064
o_min,5.402454033989258
o_min,-2.101374560966065
o_min,0.7298827938676755
o_min,1.017227051867676
o_min,13.88531582186768
o_min,-0.5560822089660649
o_min,4.868885351867675
o_min,-5.389000397010742
o_min,1.855805744033936
o_min,3.936520286033936
o_min,0.8219362358254392
o_min,1.169044839867675
o_min,1.74017864592212
o_min,2.193563260825439
o_min,2.469740716867676
o_min,2.260249674989257
o_min,-2.75297325417456
o_min,3.099160220989258
o_min,-3.416441222132324
o_min,-2.100495874966064
o_min,2.68373736882544
o_min,2.004429081033935
o_min,1.823381550867676
o_min,5.070107933989258
o_min,-5.206912286966064
o_min,-3.063313964010742
o_min,5.20280078482544
o_min,1.738269887033936
o_min,2.749758190033935
o_min,7.276976311867676
o_min,-1.896492497010742
o_min,-0.9491760591745608
o_min,2.69584384382544
o_min,-4.27531035917456
o_min,0.046518704867676
o_min,2.177031473989258
o_min,12.90303670186768
o_min,10.89703184603394
o_min,-3.782188081174561
o_min,4.687541753989258
o_min,4.75472118482544
o_min,4.292375349033936
o_min,2.932701660033935
o_min,-1.73758087117456
o_min,4.331315931867676
o_min,2.506192425989259
o_min,-1.803771738174561
o_min,-3.026830831966064
o_min,-4.092980063966064
o_min,1.458160101989257
o_min,5.62444748482544
o_min,1.769972120867676
o_min,0.8775788628254393
o_min,-1.125912138966064
o_min,-4.225238385174561
o_min,-1.75610097217456
o_min,-1.266508450966064
o_min,-0.3803941281323242
o_min,-1.792460951132324
o_min,10.26725515482544
o_min,2.961610091989257
o_min,-2.084851250966064
o_min,-2.19213164117456
o_min,3.184786029989258
o_min,7.511497204825439
o_min,1.59626607182544
o_min,2.344931431989258
o_min,5.549628471867676
o_min,7.010896531867676
o_min,2.831318853989257
o_min,-0.0388634501323243
o_min,7.355784413989257
o_min,-0.6536555149660641
o_min,5.256971866033936
o_min,-2.626105154174561
o_min,2.564393015033936
o_min,-2.252502398174561
o_min,3.915349423989257
o_min,2.165716809867675
o_min,-3.399570797132324
o_min,-3.805139590010742
o_min,-0.2069293371745608
o_min,1.727644738033936
o_min,5.952757546033936
o_min,-1.737030078966065
o_min,3.053704622033935
o_min,6.708724891867675
o_min,1.960691952033936
o_min,-5.413405846010742
o_min,2.671553379867676
o_min,1.609037025835693
o_min,11.96990283639526
o_min,9.661662416245727
o_min,8.437977156245728
o_min,3.320892841245728
o_min,14.76916717624573
o_min,13.77020035624573
o_min,11.30147174624573
o_min,8.627622236245728
o_min,15.58696768624573
o_min,13.68740865624573
o_min,11.62352411624573
o_min,16.06061904624573
o_min,13.98487360639526
o_min,15.10976015624573
o_min,15.73008399624573
o_min,10.30900040639526
o_min,13.00986347639526
o_min,13.71404195639526
o_min,11.65581029639526
o_min,13.47736256624573
o_min,13.61074611639526
o_min,3.412294052245728
o_min,13.23914776639526
o_min,13.71565118639526
o_min,6.491993130922119
o_min,0.5908010028952635
o_min,-0.898476096695557
o_min,-8.065101968303466
o_min,-3.244007208880859
o_min,-7.972287538832031
o_min,2.526491382539062
o_min,-0.5514274821259768
o_min,-2.912713275125976
o_min,-1.418784813363769
o_min,-4.630048092832031
o_min,-8.428917226594239
o_min,-7.927021718390625
o_min,2.280662040049438
o_min,6.888936609975586
o_min,-7.014496174781739
o_min,-6.236676552594238
o_min,5.903512802861329
o_min,1.33515997463623
o_min,0.6706137724560541
o_min,-2.772470117032715
o_min,-6.729217000063721
o_min,9.46529909593628
o_min,-5.657865817761963
o_min,-5.792791587761963
o_min,3.830636244757081
o_min,-2.456911118525879
o_min,2.964795018474121
o_min,-3.258998079138672
o_min,-4.901424610761963
o_min,-3.22988119424292
o_min,-12.35618389413867
o_min,-0.9170090445258792
o_min,2.14999486545166
o_min,-0.0872207520327146
o_min,2.599801412967285
o_min,-1.927891419107666
o_min,1.911165620967285
o_min,-7.281813298548339
o_min,-2.232096048675537
o_min,-9.250914047138671
o_min,4.734306995936279
o_min,1.376175008405761
o_min,4.392782933967284
o_min,-2.451136327107666
o_min,-0.8957359397963867
o_min,-3.11224419924292
o_min,-3.978827080433594
o_min,0.3966433267209472
o_min,5.351847029645995
o_min,-0.3482831355942384
o_min,1.241546873539063
o_min,0.4101846646362297
o_min,-7.297798806832031
o_min,-3.563909160279053
o_min,-3.542698969288086
o_min,-0.3067615921259765
o_min,-4.424578049781738
o_min,2.635445356218261
o_min,-2.466238509832031
o_min,2.427241484711914
o_min,-3.533659443433594
o_min,-10.99943340778174
o_min,-6.65096984636377
o_min,-4.848240413628418
o_min,4.64043037216797
o_min,-1.408114297628417
o_min,-7.837454553504394
o_min,-5.058886843014649
o_min,-0.2307598851684567
o_min,1.776086624831542
o_min,-0.3267431133513181
o_min,-3.854360302666504
o_min,-6.981190602252441
o_min,1.667478430881348
o_min,0.0133737985937507
o_min,-4.222024089512695
o_min,-4.729424952504394
o_min,-2.660395020266601
o_min,-1.089489211904297
o_min,-4.28143188540625
o_min,-8.753472251014648
o_min,-1.906090288168457
o_min,-2.562492203904297
o_min,-3.002790749709472
o_min,-5.328675868904297
o_min,-4.69347429040625
o_min,-4.409033954118653
o_min,3.116368720881347
o_min,-2.960616205104736
o_min,2.2588031917334
o_min,4.724367998747558
o_min,-2.443365057014648
o_min,-8.877106827252442
o_min,-2.493298901252442
o_min,-3.280874622252441
o_min,-1.778873221252441
o_min,2.104879901733398
o_min,-0.9410105915043944
o_min,-6.629380347118652
o_min,-0.0552694638808599
o_min,-0.8121778697094726
o_min,-2.292572698252441
o_min,-2.992422551168458
o_min,-7.185498767672852
o_min,2.375074478747559
o_min,-0.6469303635043939
o_min,-0.2840019012524415
o_min,-2.125713953252442
o_min,-6.078093364252442
o_min,-2.161216623252441
o_min,4.267011177119141
o_min,2.288273390881347
o_min,-1.362741294035889
o_min,-2.301144982880859
o_min,-1.524852194252441
o_min,-4.598376794756348
o_min,1.57163096458496
o_min,2.637104910864258
o_min,-2.606294839479492
o_min,7.955141037797851
o_min,3.243182997797852
o_min,-4.211607063585449
o_min,-7.775928397993408
o_min,-7.378405066352295
o_min,5.672159768006592
o_min,1.421548696006592
o_min,0.4357010669316405
o_min,-0.3417323460683592
o_min,-4.39078428206836
o_min,-0.5009712095854493
o_min,-6.226567335906982
o_min,-2.300849587906983
o_min,4.479203665931641
o_min,-7.508912880993408
o_min,1.540206326006592
o_min,-0.981102629618408
o_min,2.655529552381592
o_min,-3.280788009618408
o_min,0.6705183654565428
o_min,-9.621995441638672
o_min,-0.408404212638672
o_min,-6.587102900202149
o_min,8.45144551779785
o_min,-2.016145742638672
o_min,13.14604603779785
o_min,-3.646972095844238
o_min,-5.749063879202149
o_min,8.223051867797853
o_min,-8.326205941202149
o_min,-4.886906289202148
o_min,0.456959946797852
o_min,-2.466883055725098
o_min,1.445304587797851
o_min,-1.437915056844238
o_min,-2.505396723336426
o_min,-0.3503655372021477
o_min,-0.5094563602021491
o_min,-2.812327072202148
o_min,-1.338630331202149
o_min,-3.811942691202148
o_min,-5.087819278202149
o_min,-4.819699481638672
o_min,-7.903406631241699
o_min,-5.510088156638672
o_min,-2.730422459638672
o_min,-0.2950612707563476
o_min,-2.648665131202148
o_min,-1.378051599479492
o_min,-2.378344306000733
o_min,3.646540490361328
o_min,-2.415212454202148
o_min,0.2852592673613277
o_min,1.217410810361328
o_min,-5.558708286479492
o_min,-1.325687657479492
o_min,-8.141269570756348
o_min,-4.470857540000733
o_min,-1.858884486228516
o_min,-3.091414008800049
o_min,-6.718868908925781
o_min,2.253452070361329
o_min,-5.248445337479492
o_min,-0.3350605866386722
o_min,-1.897158961241699
o_min,3.031864744584961
o_min,-4.979015894202148
o_min,-4.602965871479492
o_min,-6.241492600202148
o_min,0.2261429273613284
o_min,-8.622779253638672
o_min,-1.537768694202148
o_min,4.912486628520996
o_min,5.645642833980713
o_min,2.040311717423828
o_min,11.80733323398071
o_min,5.003899799971924
o_min,2.092047794971924
o_min,7.903501083980712
o_min,7.600565583980712
o_min,6.119202093980713
o_min,-0.6097112760280763
o_min,11.08127636398071
o_min,-1.568016348296387
o_min,1.442015273799439
o_min,5.035394410703613
o_min,10.3821766582605
o_min,-2.006365015200561
o_min,11.74887089879944
o_min,7.247703328799439
o_min,-3.123013210200562
o_min,3.277880609104004
o_min,7.853270133703614
o_min,3.551824293260498
o_min,2.937109857799438
o_min,5.647083013799438
o_min,7.812102443703614
o_min,13.01780019370361
o_min,3.065176554799439
o_min,2.835561660260498
o_min,5.396465857260498
o_min,3.940602821971924
o_min,-2.218965395200561
o_min,11.84309780879944
o_min,8.996293448260499
o_min,7.905464193980713
o_min,5.367884426260497
o_min,11.0167643282605
o_min,5.788990358971924
o_min,2.028332571971924
o_min,6.307222043980714
o_min,-0.5883206230280762
o_min,2.203390773980713
o_min,6.103906381520996
o_min,4.011354275980713
o_min,2.449673562260498
o_min,3.719010680980713
o_min,2.526076067971924
o_min,3.322492458971924
o_min,-0.4545689230280763
o_min,11.12915397942383
o_min,4.086394766971924
o_min,-1.850792650028076
o_min,11.87297696879944
o_min,11.23548642398071
o_min,-2.097126458028076
o_min,6.657629204971924
o_min,13.67223918942383
o_min,-3.609013712028076
o_min,-0.8585250140872804
o_min,0.1763827399127198
o_min,3.313620638912719
o_min,4.134102096971924
o_min,2.797740071799439
o_min,1.820957504971924
o_min,-2.479254653200561
o_min,7.923276084971924
o_min,-3.716712041096924
o_min,5.794937317903075
o_min,3.532149656971924
o_min,-1.586708285096924
o_min,-3.168233506096924
o_min,2.300576577799439
o_min,5.322448429619994
o_min,0.9693707649719236
o_min,3.163460525799438
o_min,-2.242308008200561
o_min,-0.2625687760872801
o_min,-1.120741026380005
o_min,1.362066399903076
o_min,3.442394985903076
o_min,-1.129954047096924
o_min,-0.411849783380005
o_min,8.800780811903076
o_min,3.124526016799438
o_min,2.857991873619995
o_min,1.724686887799439
o_min,0.5849468169030763
o_min,6.573835168799439
o_min,3.280376903971923
o_min,-1.396648379028076
o_min,4.412491622463623
o_min,2.495012934971924
o_min,-2.246944310096924
o_min,1.224998070903077
o_min,-0.3275501213800047
o_min,-0.5971982120969237
o_min,6.210768944903077
o_min,2.263268414903076
o_min,-0.3211730925267333
o_min,5.118963279799438
o_min,-2.366882310096924
o_min,0.9064590857994386
o_min,6.948594951903075
o_min,-6.488286472536377
o_min,11.09240499862
o_min,0.8327054799030762
o_min,-1.08688579108728
o_min,-2.12405287508728
o_min,2.539554509629639
o_min,2.311646370619995
o_min,7.409292241463623
o_min,1.274136400629639
o_min,2.207404194971923
o_min,2.03571003891272
o_min,8.362051204971923
o_min,1.935958404971924
o_min,3.611271902799438
o_min,6.970038351629638
o_min,-1.576235387087281
o_min,-3.981701675419483
o_min,-2.259159624370361
o_min,2.87533047191272
o_min,-2.70044487108728
o_min,-0.5177063810872804
o_min,0.9207434329127198
o_min,3.518488548473266
o_min,2.289327425912719
o_min,0.4710017459127198
o_min,-0.1463087755267333
o_min,1.668568633971924
o_min,0.6328624599719239
o_min,-1.952914484370361
o_min,-3.973552688526733
o_min,-5.55205037308728
o_min,5.556306148463623
o_min,-0.6774920595363771
o_min,1.854696299473266
o_min,-5.016277768432861
o_min,1.325141545936767
o_min,10.40784134167114
o_min,4.435760369193787
o_min,0.608382568086792
o_min,-0.6352186269703368
o_min,4.307999880029663
o_min,-4.328730385970337
o_min,-9.502971319970335
o_min,-4.654927928970337
o_min,-3.657536530970337
o_min,2.638884491029663
o_min,11.05986638102966
o_min,-2.772991557970337
o_min,-3.417450359970337
o_min,4.056094022888672
o_min,3.966002679888672
o_min,8.270745810888672
o_min,-2.829166408111328
o_min,-6.288615061111328
o_min,0.3270765768886718
o_min,-2.107039705111328
o_min,-2.525125027111328
o_min,2.969538481888672
o_min,-4.433738587111328
o_min,2.409451295888672
o_min,3.532130512888672
o_min,-0.1108365961113282
o_min,-4.361498812111329
o_min,-0.0375411621113279
o_min,5.974704852888673
o_min,-4.481208540111329
o_min,-0.142764350111328
o_min,1.515307022888672
o_min,6.802292266888673
o_min,-5.999940828111328
o_min,3.049402691888672
o_min,2.716492698888672
o_min,3.069469704888672
o_min,6.483878468888673
o_min,3.209426242888672
o_min,-2.095443245111328
o_min,8.357242180888672
o_min,4.792443567888672
o_min,2.580093322888672
o_min,5.113430874888672
o_min,2.273888811888672
o_min,2.863607996888672
o_min,1.885067975888672
o_min,-6.293079357111328
o_min,4.379890191888672
o_min,-4.655725453111328
o_min,14.33583559088867
o_min,13.76131088088867
o_min,-3.017266522111328
o_min,-1.901873847111328
o_min,6.005334003888672
o_min,6.041258508888673
o_min,0.845244473888672
o_min,6.199366884888672
o_min,10.36609324088867
o_min,6.718873953888672
o_min,12.81599355088867
o_min,-1.005724905111328
o_min,5.136417793888672
o_min,2.856399911888672
o_min,8.126142470888672
o_min,1.991729374888672
o_min,6.932106998888672
o_min,5.924200201888672
o_min,7.872861400888672
o_min,1.372628257888672
o_min,-4.260319677111328
o_min,4.291240644888672
o_min,5.579575076888672
o_min,7.640105050888671
o_min,5.846509147888671
o_min,11.01048202088867
o_min,7.472789850888672
o_min,9.192153150888672
o_min,5.339944480888672
o_min,6.035047206888672
o_min,8.609495560888671
o_min,1.413830583888672
o_min,2.983488200888672
o_min,9.948063270888673
o_min,-2.921996097111328
o_min,0.7519524488886717
o_min,8.286552500888671
o_min,6.126727476888672
o_min,8.076250960888672
o_min,8.204489960888672
o_min,-3.768185462111328
o_min,6.223467245888672
o_min,6.710495064888672
o_min,-2.101704015111328
o_min,6.607281976888672
o_min,1.272753966888672
o_min,0.7987640398886717
o_min,3.239807557763794
o_min,3.179484002473633
o_min,9.767404920888673
o_min,2.042043037888672
o_min,-1.860605638111329
o_min,4.131982975888672
o_min,1.523625335888672
o_min,-0.1444990941113282
o_min,4.269770976888672
o_min,8.869180820888673
o_min,4.351260090888672
o_min,7.187022539888671
o_min,9.433599770888671
o_min,-2.096855117111328
o_min,4.790122227888672
o_min,0.7495499468886719
o_min,0.7874071678886718
o_min,14.68926524088867
o_min,5.503522967888673
o_min,7.613304690888672
o_min,1.655334094888672
o_min,4.262448786888672
o_min,-0.0910614571113281
o_min,-0.0619864391113282
o_min,8.797744750888672
o_min,4.973517584888672
o_min,7.290676851888671
o_min,4.124154157888672
o_min,-0.731997794111328
o_min,-4.015686098111328
o_min,-2.171609761111328
o_min,-4.330505776111329
o_min,-2.443496574111328
o_min,-3.114542412111328
o_min,1.987423282888672
o_min,8.220981080888672
o_min,4.547994422888672
o_min,11.08451548088867
o_min,1.690247980888672
o_min,6.871660083888672
o_min,3.498893691888671
o_min,4.190669708888672
o_min,2.753265796888672
o_min,7.652256780888672
o_min,5.454472620888671
o_min,9.023569940888672
o_min,-2.821197175111328
o_min,3.473897758888672
o_min,4.511701430888672
o_min,13.32223762088867
o_min,8.447339290888673
o_min,6.684042945888672
o_min,5.718826386888672
o_min,12.51270173088867
o_min,3.694173853888672
o_min,7.881941310888672
o_min,8.060269500888673
o_min,4.760281559888672
o_min,2.313218435888672
o_min,2.371434657888672
o_min,10.64228936088867
o_min,4.149161937888672
o_min,7.589775170888672
o_min,8.108194250888673
o_min,0.0160408518886718
o_min,-5.280079626111329
o_min,-4.225269377111328
o_min,1.901134375888672
o_min,1.075936315888672
o_min,5.952064968888672
o_min,-1.064362481111328
o_min,3.893276856888672
o_min,2.888868421888672
o_min,5.927899187888672
o_min,-3.587185438111328
o_min,2.894266853888672
o_min,3.952299245888672
o_min,3.525798146888672
o_min,3.987275821888672
o_min,7.756866760888672
o_min,-2.740084331111328
o_min,3.527827805888672
o_min,5.221819201888672
o_min,4.522135397888672
o_min,10.87202740088867
o_min,1.508942871888672
o_min,12.39239536088867
o_min,7.197464281888672
o_min,3.083241894888672
o_min,4.570407941888672
o_min,6.710582336888672
o_min,11.55427489088867
o_min,8.736975660888671
o_min,9.016525780888673
o_min,2.362622988888672
o_min,3.139384332888672
o_min,8.287335040888673
o_min,5.728211926888672
o_min,2.667621740888672
o_min,-1.390514390111328
o_min,9.482449840888671
o_min,5.305118362888672
o_min,1.174604917888671
o_min,5.774960026888673
o_min,-0.8439741641113281
o_min,6.658099523888671
o_min,7.808920010888672
o_min,5.583673064888671
o_min,7.996442720888671
o_min,7.287273592888672
o_min,7.756367900888671
o_min,13.20669753088867
o_min,2.482049580888672
o_min,16.45103096088867
o_min,1.100737082888672
o_min,2.607680139888672
o_min,-5.623292850111328
o_min,6.178110978888672
o_min,4.950676157888672
o_min,9.221047090888671
o_min,4.446999921888672
o_min,9.481589560888672
o_min,9.823813230888671
o_min,5.115376017888672
o_min,3.118049481888672
o_min,12.39731170088867
o_min,5.671573452888673
o_min,5.429393846888672
o_min,0.3860348188886719
o_min,8.503500500888672
o_min,5.001335552888672
o_min,3.166364259888672
o_min,13.92197450088867
o_min,4.150264440888672
o_min,-1.097175258111328
o_min,0.3799708678886717
o_min,3.212421859888672
o_min,4.604605195888672
o_min,-2.450776862111328
o_min,12.47952691088867
o_min,2.917390627888672
o_min,13.07568965088867
o_min,4.525993465888672
o_min,-2.000366877111328
o_min,7.970422710888672
o_min,11.50168601088867
o_min,3.775155719888672
o_min,5.087694715888672
o_min,9.382134020888673
o_min,10.25831842088867
o_min,10.70518969088867
o_min,14.67777194088867
o_min,8.793080810888672
o_min,6.746349391888671
o_min,8.626966320888672
o_min,8.007696320888671
o_min,7.441122560888672
o_min,-0.4283026611113283
o_min,7.049039828888672
o_min,9.290046620888672
o_min,7.240715983888672
o_min,14.08910186088867
o_min,-1.747436161111328
o_min,-0.193336540111328
o_min,4.366721460888672
o_min,2.602900107888672
o_min,9.683537680888673
o_min,-2.137565604111328
o_min,1.723457853888672
o_min,4.322549786888672
o_min,6.294988531888672
o_min,13.04385276088867
o_min,0.770200501888672
o_min,4.762116170888672
o_min,7.284350986888672
o_min,9.579402150888672
o_min,8.130777870888672
o_min,-2.608004871111328
o_min,11.19481042088867
o_min,8.947698110888672
o_min,2.404023048888672
o_min,1.134215719888672
o_min,8.567130590888672
o_min,7.520609610888671
o_min,10.40014844088867
o_min,0.5217685918886721
o_min,9.833056380888673
o_min,0.9171560878886718
o_min,7.958889720888672
o_min,0.1829778758886719
o_min,14.94193783088867
o_min,9.429397230888672
o_min,8.830025330888672
o_min,6.568297333888673
o_min,5.365290175888672
o_min,4.193006385888672
o_min,2.467203962223999
o_min,6.556667251888673
o_min,0.1684302758886717
o_min,0.5708150818886719
o_min,8.907533070888672
o_min,0.282731839888672
o_min,16.29144458088867
o_min,3.543600388888672
o_min,6.505857170888671
o_min,9.594936800888672
o_min,11.52425642088867
o_min,5.248916239888672
o_min,7.014685936888672
o_min,-1.880346834111328
o_min,4.564517270888672
o_min,8.033966280888672
o_min,8.475091790888673
o_min,1.608347666888672
o_min,2.008595782888672
o_min,-6.057206817111329
o_min,3.043552290888672
o_min,8.533544640888671
o_min,6.659358474888672
o_min,-3.181429782111328
o_min,0.854902523888672
o_min,4.162560934888672
o_min,0.3422958528886717
o_min,-0.197020912111328
o_min,7.777191720888672
o_min,11.45995839088867
o_min,8.520869230888671
o_min,7.589318260888671
o_min,4.605761567888672
o_min,5.812666343888672
o_min,-1.115499579111328
o_min,11.05909215088867
o_min,9.890891060888672
o_min,10.86141469088867
o_min,5.137269508888672
o_min,6.711138520888673
o_min,5.862825729888671
o_min,7.913889970888672
o_min,16.13304231088867
o_min,15.36705120088867
o_min,10.95137285088867
o_min,2.489039124888672
o_min,2.999484536888672
o_min,13.58469863088867
o_min,0.6801881928886719
o_min,5.879920938888672
o_min,11.15397646088867
o_min,4.324627096888672
o_min,2.364843372888672
o_min,2.219316443888672
o_min,10.97855039088867
o_min,4.308399333888672
o_min,13.03903650088867
o_min,13.94137074088867
o_min,-0.6980459341113281
o_min,10.61829914088867
o_min,3.432836247888672
o_min,9.843456570888671
o_min,7.980729310888671
o_min,5.096338360888672
o_min,8.686501430888672
o_min,14.41476257088867
o_min,5.453931177888672
o_min,4.579154010888672
o_min,8.694500450888672
o_min,3.636299500888672
o_min,8.428767860888671
o_min,6.023209180888673
o_min,6.480055332888671
o_min,7.539316530888671
o_min,4.08185498091272
o_min,12.71936396491272
o_min,5.550534971423828
o_min,10.15978068942383
o_min,9.999688057241212
o_min,10.15808946398071
o_min,10.88849793398071
o_min,14.10612500398071
o_min,14.40729728398071
o_min,11.07299496398071
o_min,10.28225799398071
o_min,-4.282777303895996
o_min,2.292645820104004
o_min,10.58371627264038
o_min,6.264097231025024
o_min,12.16188744126465
o_min,7.04901123004541
o_min,14.13513686502502
o_min,5.133468842264648
o_min,8.080367751264648
o_min,14.0990622703064
o_min,16.92354493838501
o_min,15.05251685168457
o_min,10.75099013829712
o_min,8.895063341614991
o_min,9.899269644987791
o_min,0.7466710908306888
o_min,-12.9061505988728
o_min,11.76549171213135
o_min,-1.127299465228028
o_min,4.5935393454375
o_min,-1.1779366085625
o_min,-15.53886746159882
o_min,-9.67475599928711
o_min,-0.019253555056153
o_min,-1.302495744637695
o_min,-7.253521976650963
o_min,-11.53562362963769
o_min,0.5549883789389649
o_min,5.569303262806457
o_min,-1.250874383928467
o_min,-1.990091037394776
o_min,3.876738843566895
o_min,-2.23035418401364
o_min,0.353677755465088
o_min,1.344185831204041
o_min,-12.48318386023193
o_min,-23.31003856816956
o_min,2.517314827698334
o_min,-9.028731845454711
o_min,-7.121852044910034
o_min,3.360993190826171
o_min,3.848535497812256
o_min,0.4676046558122557
o_min,-2.871613264513672
o_min,-6.964200590487061
o_min,6.046680383486327
o_min,-21.39520439842285
o_min,-6.988993504301666
o_min,-8.893218843958572
o_min,-0.1148548997354734
o_min,2.100891726264527
o_min,0.2940507452645264
o_min,-2.912934343735474
o_min,1.859707936264526
o_min,-0.6427539177354737
o_min,-3.143107883735474
o_min,2.213241090264527
o_min,-3.331096176735474
o_min,2.115983380278077
o_min,-0.2368904647219238
o_min,-0.6070750047354738
o_min,2.378675726264526
o_min,2.078194661264527
o_min,4.623909146278077
o_min,9.728693254264526
o_min,0.2042183332645262
o_min,1.414238970808594
o_min,-3.273564968617188
o_min,-3.432831193756988
o_min,1.915264118363037
o_min,-4.504708001571289
o_min,-1.274576513610474
o_min,0.0578128092130432
o_min,-6.450254614756989
o_min,-1.248050082137634
o_min,-4.84892524369995
o_min,1.535719662166748
o_min,2.158330554164917
o_min,4.709480206862366
o_min,-4.146533408770965
o_min,4.684673112297211
o_min,3.077474688363037
o_min,-0.5730446155483397
o_min,-2.281212255137634
o_min,-0.7687153747569885
o_min,2.255864489593201
o_min,-3.741658626369728
o_min,2.932195117164917
o_min,-0.2598973313749999
o_min,-0.4035357297709656
o_min,-1.01391058654834
o_min,-5.118484252369728
o_min,3.373467423363037
o_min,7.001698621626892
o_min,-0.3128121175712892
o_min,1.805509434021942
o_min,-5.523100784636963
o_min,-1.775874552571289
o_min,4.29791935245166
o_min,-4.282502912610473
o_min,-0.2249054736999509
o_min,2.725134053297211
o_min,-2.807638624610473
o_min,0.3751447413895263
o_min,-8.429536211635803
o_min,2.33704078845166
o_min,4.397890773243011
o_min,0.1379316212290344
o_min,-2.704245106636963
o_min,-1.525126068702789
o_min,0.8261948642290344
o_min,2.401691037428711
o_min,0.8356075602972106
o_min,2.502685947625
o_min,2.930878079243012
o_min,-0.4528078425712891
o_min,-7.300873693153076
o_min,-3.491367082786957
o_min,-1.072983376373108
o_min,5.799876658626892
o_min,-4.254895379571289
o_min,-4.05220285470279
o_min,4.583513471389527
o_min,1.257169935626892
o_min,0.6810967676302719
o_min,-2.543227225369728
o_min,-2.541872937406799
o_min,1.549618021625
o_min,0.4313588242430115
o_min,-1.182662201702789
o_min,2.83288939445166
o_min,3.372722370593201
o_min,-2.46435731270279
o_min,-1.433722279636963
o_min,-3.659602280359374
o_min,3.762128224626892
o_min,1.368212278243012
o_min,2.755533547229034
o_min,0.0078664442972107
o_min,2.847401088791504
o_min,-3.307632689620117
o_min,-0.5087912478515628
o_min,0.6199803102207033
o_min,-6.059410857910706
o_min,1.41634287337207
o_min,0.7762783077709958
o_min,-4.277770190693359
o_min,-1.80039026853711
o_min,-6.752399008537109
o_min,2.778454848171388
o_min,-0.8629710055402833
o_min,6.360502262097839
o_min,-3.878323105401611
o_min,-6.848279792937744
o_min,-7.214540322851563
o_min,1.711098715791504
o_min,-8.436302359978058
o_min,2.071706626379883
o_min,8.7515012353479
o_min,-0.8529985476933595
o_min,6.54947823656128
o_min,-6.401373170292358
o_min,2.048503601216675
o_min,1.917506283221435
o_min,-7.231848717464844
o_min,-6.975646704620117
o_min,0.028829433379883
o_min,3.69530853752832
o_min,-0.8412889411359865
o_min,-8.762301477390961
o_min,-2.871316870987305
o_min,2.61502734446289
o_min,0.9021478626530764
o_min,-0.989502668783325
o_min,-1.472476344621094
o_min,1.533333914873291
o_min,-4.901053960141602
o_min,0.3365627339665531
o_min,-3.322709210537109
o_min,-0.3989648096933598
o_min,-0.5535162426933598
o_min,-4.834465447673584
o_min,-1.862711418006226
o_min,-1.058228218547852
o_min,3.25584678646289
o_min,-3.523770539937744
o_min,-0.9942932678654786
o_min,-4.132542142859863
o_min,-3.309916645937744
o_min,7.261194641966552
o_min,-0.8313853985371096
o_min,-5.703161778543213
o_min,-7.051380528425293
o_min,-1.982814322988327
o_min,-5.44576940436554
o_min,-12.82039534752881
o_min,-7.726163217691406
o_min,-4.714449236894531
o_min,-8.172610430422363
o_min,-2.263567367988327
o_min,5.289778110574707
o_min,-9.08797597249817
o_min,1.93446180863446
o_min,-4.192512149425292
o_min,5.036032348014008
o_min,7.326157824456788
o_min,-10.16704590079323
o_min,10.45383754757764
o_min,-2.206778294468262
o_min,7.172361068537597
o_min,3.610312216105469
o_min,-12.49079105206726
o_min,-12.16411172399365
o_min,-31.41384594612061
o_min,6.363888628452148
o_min,9.885405200632324
o_min,-1.6068220685
o_min,8.485694145056595
o_min,0.6117994650783081
o_min,7.373298375723145
o_min,2.759213976078308
o_min,8.70163379720703
o_min,2.025364277723145
o_min,-5.235805606953125
o_min,-18.82960243692169
o_min,-11.15086243394341
o_min,-4.282596104704712
o_min,3.495974040527344
o_min,11.26796475836426
o_min,8.513293377817384
o_min,12.4813421709082
o_min,12.92103595339356
o_min,-6.064800498706054
o_min,-10.73738489805274
o_min,1.196395450131835
o_min,-6.088354841889648
o_min,-7.310005244327149
o_min,-1.061794134145508
o_min,4.603041552319336
o_min,10.40837892875488
o_min,4.924425935534668
o_min,-2.476915906770996
o_min,-3.949009977420898
o_min,2.728918284028321
o_min,-3.909777219135743
o_min,-7.892343699860351
o_min,7.85758823032837
o_min,0.8938887296326903
o_min,12.12591120455078
o_min,8.005719456449219
o_min,-29.22482640622956
o_min,13.40998667743164
o_min,4.221022755253905
o_min,-0.1057162694238265
o_min,4.819942875947266
o_min,0.944303551047364
o_min,-1.558300755314942
o_min,4.37258688083252
o_min,13.09187192023926
o_min,-11.55435932769141
o_min,-4.68657320725586
o_min,-7.369790907367309
o_min,6.096902338351044
o_min,3.659130787630737
o_min,4.617512807035888
o_min,-4.717266338362672
o_min,-0.1267092310516355
o_min,4.763488721096191
o_min,-6.60273832956787
o_min,-3.536432251598145
o_min,-1.053024017903565
o_min,0.0787613053833009
o_min,-0.5952947569914553
o_min,-3.672740433015136
o_min,-0.7557961080957032
o_min,-11.49307086456982
o_min,-2.519404144513672
o_min,-6.215885563109375
o_min,9.601147531434329
o_min,5.487720136055907
o_min,-5.85797536820459
o_min,-20.64329842180786
o_min,0.6469710192385252
o_min,17.72377015111328
o_min,-20.49241823142773
o_min,-17.945975401
o_min,-8.31402324896289
o_min,-12.97594153671192
o_min,-5.565664696012695
o_min,-15.73115509301953
o_min,0.7654730540146488
o_min,1.859681545070313
o_min,-2.980422054963379
o_min,-0.6079732605234378
o_min,-7.987263701411011
o_min,-10.8159090096073
o_min,-8.470491219722458
o_min,0.8328195168640747
o_min,4.542194426845337
o_min,7.527368586962281
o_min,-9.823991840818298
o_min,-2.142162358818299
o_min,4.092571631990235
o_min,-15.28106002915466
o_min,8.994692194266358
o_min,-10.19259997215466
o_min,10.04781830999023
o_min,12.90213273696228
o_min,1.215626535736206
o_min,9.92443972696228
o_min,-7.321041370009766
o_min,16.78205575999024
o_min,-3.251658898009766
o_min,2.285814132962281
o_min,10.20370060721802
o_min,-5.178832752009765
o_min,5.434561734482422
o_min,-8.460161489781981
o_min,10.21563548999023
o_min,-16.22537198915466
o_min,11.15574215999023
o_min,5.940695880962281
o_min,-13.4761336228183
o_min,-16.5198878028183
o_min,-5.699179763295654
o_min,4.718294494181702
o_min,-3.64775671703772
o_min,17.46418917999024
o_min,5.05047263196228
o_min,13.63058639448242
o_min,-9.469035806799804
o_min,-5.003819871019227
o_min,-6.07268706203601
o_min,8.93556338649414
o_min,-2.075118835799805
o_min,5.044596160980774
o_min,2.293618354963989
o_min,2.689669034218017
o_min,13.15359287221802
o_min,-6.379320960781982
o_min,-0.4610917481914063
o_min,-1.070399266556641
o_min,-0.6686687635798338
o_min,-7.020425329732666
o_min,-2.617117435528931
o_min,-3.736666732392335
o_min,-0.3189316864116209
o_min,-3.310449732732666
o_min,-5.778152102528932
o_min,-3.013417517893776
o_min,-1.835063036528931
o_min,-3.577019208125977
o_min,-3.124751114732666
o_min,-0.7034653862224118
o_min,-5.52300457141162
o_min,-5.534552990125977
o_min,-11.8784378062793
o_min,-12.66308561840355
o_min,-1.657206242187744
o_min,4.874486910693359
o_min,-1.373524301987304
o_min,-3.073908149102905
o_min,-3.816649771361817
o_min,-0.5367947575688481
o_min,-4.311150269910645
o_min,-1.769071840788086
o_min,1.092765109795532
o_min,-1.447852774833252
o_min,0.4309169007937008
o_min,-0.8299265409772949
o_min,0.9546126900867922
o_min,0.9416374953559572
o_min,-0.6573714668734132
o_min,1.27045890937915
o_min,-0.9530423825092776
o_min,-4.920303493638794
o_min,6.967073402911376
o_min,-1.796260117579605
o_min,10.71767011177856
o_min,4.853501506433838
o_min,5.878027030166015
o_min,-5.756206084638794
o_min,-1.448548499566162
o_min,-0.1391935570361324
o_min,1.686114759087768
o_min,5.039402945166016
o_min,9.288424318433838
o_min,4.427984647361206
o_min,-1.450547925236938
o_min,8.495403828087769
o_min,-1.754020534579605
o_min,6.442770184420395
o_min,6.744462468001709
o_min,6.735148145093383
o_min,1.408422788166015
o_min,2.058913277361206
o_min,-1.979154190036133
o_min,4.617385593535706
o_min,2.551433095093384
o_min,8.444324512911377
o_min,-1.385589669402222
o_min,2.550091212123779
o_min,5.621054555289916
o_min,-3.858130025402222
o_min,0.9108973092899172
o_min,-2.922047553579605
o_min,-5.397492948858368
o_min,5.334473286433838
o_min,12.39081360291138
o_min,5.903285463682739
o_min,6.801310109166016
o_min,15.36446008291138
o_min,6.006772775166016
o_min,6.707793194361207
o_min,6.372184075039062
o_min,7.913489215093383
o_min,10.02344500255737
o_min,3.169773784559326
o_min,4.932846650571289
o_min,6.282971994559325
o_min,-0.3722494213679197
o_min,-0.2815435854406738
o_min,6.485072544559326
o_min,6.401388766696778
o_min,0.9222146734814451
o_min,1.526628434559326
o_min,3.185109634252808
o_min,1.223073024696777
o_min,-3.111168714171386
o_min,1.796744093252808
o_min,5.81109658057129
o_min,3.607797027559327
o_min,2.523678797559326
o_min,1.234235967252808
o_min,0.6893317401815189
o_min,3.848039164559326
o_min,0.4907543600895998
o_min,1.780745426481445
o_min,4.852277153828613
o_min,0.1767034835593257
o_min,1.26053356632544
o_min,-1.573052181747192
o_min,-2.052161960171387
o_min,2.061221556532959
o_min,3.045134367559326
o_min,6.999283916696777
o_min,3.5551497060896
o_min,5.025446286696777
o_min,-3.85802684567456
o_min,-2.05666943067456
o_min,-4.653196681674561
o_min,-1.69856567367456
o_min,-2.254691672518555
o_min,-3.21879975236792
o_min,-1.189967946674561
o_min,9.057655296696778
o_min,5.287117956696777
o_min,1.564537017571289
o_min,-2.267272337440674
o_min,-4.550789512403198
o_min,8.52699217232544
o_min,5.906955494559327
o_min,4.124011393828614
o_min,-2.166309848747193
o_min,-5.157420817526245
o_min,6.741917014559327
o_min,7.500011427252808
o_min,-7.06914289036792
o_min,-0.2927825085185542
o_min,1.023948334498535
o_min,-8.931845808367921
o_min,0.1328505043254395
o_min,0.9421047503254396
o_min,0.0594371454985351
o_min,3.850936541481445
o_min,2.7001360820896
o_min,-7.431356023526245
o_min,0.3475458384985352
o_min,1.305286774325439
o_min,0.9923995393254392
o_min,0.7637017040895993
o_min,4.85897693185791
o_min,-0.9270221538391112
o_min,-4.114135168406006
o_min,-1.080729592584473
o_min,5.367780623702393
o_min,-1.023146292244141
o_min,1.989708348755859
o_min,10.78841690185791
o_min,1.985960177924317
o_min,-1.970986084584473
o_min,1.85942893475586
o_min,-4.905726291584473
o_min,3.095389902160889
o_min,-0.6958890492441405
o_min,4.418793154924316
o_min,3.169511261160888
o_min,-3.019542486222412
o_min,-0.3452010947578126
o_min,-1.455045886732666
o_min,-2.820619200757813
o_min,-0.9150380577326658
o_min,0.7341948602327881
o_min,-0.1752401067578128
o_min,-2.705425842222412
o_min,0.4941884855883787
o_min,-0.5861186527326661
o_min,4.598566128874023
o_min,-0.9136093972224124
o_min,3.472175297588379
o_min,2.625159011579345
o_min,-2.444212643125977
o_min,1.809660365420166
o_min,3.074809049588379
o_min,-8.046605320767211
o_min,-0.3716548577326657
o_min,0.1250701562673342
o_min,0.6816143352673341
o_min,0.1442440395883788
o_min,0.1127438645883787
o_min,-5.792813806757813
o_min,1.836504706471069
o_min,-1.105975278757812
o_min,0.5303332442421875
o_min,-3.173831576187256
o_min,2.918526009232788
o_min,6.781121281777589
o_min,-2.400209555125977
o_min,-6.870518836757812
o_min,3.057732820777588
o_min,-9.243966264222411
o_min,5.38238120347107
o_min,-0.0970409177578126
o_min,0.6084327294710694
o_min,2.742680367232788
o_min,1.481323245588379
o_min,-5.340618628732665
o_min,0.1221738472421876
o_min,0.0547713305793458
o_min,-3.394741765579834
o_min,3.180034679471069
o_min,3.614901147874024
o_min,-1.600477229732666
o_min,-0.749277417579834
o_min,-0.5788174847326664
o_min,2.828110252420166
o_min,-5.426123831732665
o_min,1.854130975471069
o_min,-3.762725154125977
o_min,5.308471104777588
o_min,-2.873930320579834
o_min,0.9236542584710694
o_min,2.345545887777588
o_min,1.895873061777588
o_min,-0.1425748807578122
o_min,3.240549406777588
o_min,-0.2944688615289306
o_min,2.844287875777588
o_min,-1.063970473767212
o_min,3.759813885579346
o_min,4.210965008588379
o_min,3.705483852777588
o_min,3.253227128232788
o_min,2.048575475471069
o_min,-0.9570388552224118
o_min,3.692607848471069
o_min,-6.118409196757813
o_min,-1.645869482579834
o_min,3.212395233471069
o_min,-1.553275437579834
o_min,5.092385526420166
o_min,-6.228539588420654
o_min,-4.866677890579834
o_min,-4.389199799067261
o_min,-3.802471222222412
o_min,-0.3966447147578122
o_min,0.4840650402673341
o_min,-11.16927052422241
o_min,6.05873747747107
o_min,-0.2203043664206543
o_min,-4.820142516034843
o_min,-1.579692407570068
o_min,2.372580709796753
o_min,2.444209273742218
o_min,0.6129622400097656
o_min,6.256660311822434
o_min,-1.106403454841705
o_min,1.140434775097656
o_min,-2.992169220404007
o_min,-0.9007962029902344
o_min,2.293652314158295
o_min,3.186245778183624
o_min,-0.023905173152893
o_min,-1.926225525257782
o_min,-2.009199025384735
o_min,-4.191119673305618
o_min,-2.911277277170837
o_min,0.5550271919705811
o_min,-2.369811648404007
o_min,2.272558447248169
o_min,-3.708387641320191
o_min,-8.28189058132019
o_min,-1.85967663280188
o_min,-2.275016485305618
o_min,4.00250259719812
o_min,-8.39353203080188
o_min,-1.981191790757267
o_min,-4.888057074816376
o_min,-5.688639941016358
o_min,1.746843206980347
o_min,-4.444871584384735
o_min,-5.721086733029419
o_min,-3.582715580050171
o_min,2.521863370629761
o_min,0.3438425986206664
o_min,-4.592298126257782
o_min,2.197216441629761
o_min,4.048444117869751
o_min,0.4432151956943817
o_min,-5.215363158305618
o_min,-4.099325806816376
o_min,-4.89616853280188
o_min,-2.634141832971801
o_min,-7.955644404384735
o_min,-2.979873611384736
o_min,0.7549423147462768
o_min,1.025995047694382
o_min,-4.759950146894165
o_min,-1.723026084029419
o_min,0.6325824707193909
o_min,-0.30301189380188
o_min,-3.133067686816376
o_min,-5.024965926029419
o_min,-2.434799481320191
o_min,2.415710205694382
o_min,0.3413229301981201
o_min,-11.72613671413262
o_min,-1.393369869841705
o_min,-1.689366718239746
o_min,-8.530590483811768
o_min,-2.253581751816376
o_min,1.442746750983642
o_min,-2.354882590841705
o_min,-1.669827732280609
o_min,-2.901888882280609
o_min,-0.1872017650196533
o_min,-2.891167774990234
o_min,-5.955625847305618
o_min,-0.3234962044366454
o_min,-2.57383225180188
o_min,0.5802002317422179
o_min,-2.943994880130249
o_min,-4.362589768404007
o_min,4.88463702267981
o_min,-2.143329453029419
o_min,0.4461059626206665
o_min,0.3490474587422181
o_min,1.582181966105835
o_min,-1.622014981177567
o_min,-4.715665534455932
o_min,-1.037314104436371
o_min,-10.117415749776
o_min,-2.239684853816376
o_min,-1.078359363280609
o_min,-3.061862210455932
o_min,2.628028088595993
o_min,2.952645333965156
o_min,-4.599380169757267
o_min,-7.051075800801879
o_min,-4.70224964743637
o_min,1.592671923965157
o_min,-1.485074006636566
o_min,-5.258340201455933
o_min,-1.080556664990235
o_min,-7.191682384801879
o_min,-1.988849642990234
o_min,-1.019970607257782
o_min,-5.266180997132614
o_min,-1.507830181130249
o_min,0.3122462386206664
o_min,0.913123697529175
o_min,-1.621345489453614
o_min,1.649517184009766
o_min,-4.731665778453613
o_min,-0.7009561069718018
o_min,2.880571754105835
o_min,-3.958546305814575
o_min,-0.7216903661528931
o_min,-2.515147876029419
o_min,-3.901702983751831
o_min,0.94249212319812
o_min,-0.3335632723793335
o_min,-0.1083504390242922
o_min,-3.050069405769623
o_min,0.1172745899803469
o_min,-3.421330531024292
o_min,-6.651789833257782
o_min,1.263888795742218
o_min,-1.111041814636566
o_min,-4.125849913132615
o_min,-3.854129375019653
o_min,-5.910086635636566
o_min,3.506723355867386
o_min,-2.482477401404007
o_min,-5.74802610037024
o_min,1.214237696694382
o_min,1.69192611819812
o_min,-0.1166696370501707
o_min,-0.4069273824040069
o_min,0.8818411921058349
o_min,-3.954107909751831
o_min,1.520190623746277
o_min,-3.29807454437024
o_min,-4.19006020880188
o_min,1.604320037546387
o_min,3.971948685620665
o_min,1.089104085750854
o_min,-6.847150525280609
o_min,-2.524316061757267
o_min,-2.180361242816376
o_min,-5.692532601841705
o_min,1.101168089822433
o_min,-4.132689315305618
o_min,-5.496282588436645
o_min,2.895997270009766
o_min,-0.3200058464708251
o_min,3.060213034158294
o_min,-2.870361719757267
o_min,-2.142091555757267
o_min,-2.166950103166046
o_min,-4.55591881771994
o_min,-3.247033904404007
o_min,-8.729176600455933
o_min,-4.267388834384735
o_min,-2.881763992152893
o_min,-0.2575248975504149
o_min,-3.781398246280609
o_min,1.697871815595993
o_min,-2.652012802305618
o_min,-1.321876870436371
o_min,-2.74852023480188
o_min,-1.573501514696167
o_min,-2.436488660990234
o_min,5.039753375595993
o_min,1.675632094629761
o_min,0.81343829019458
o_min,-3.192634236757267
o_min,-0.3313648359718018
o_min,-0.3980062292491455
o_min,1.119413523694382
o_min,-3.858520615132615
o_min,1.927696833867386
o_min,-0.9710026403702394
o_min,-4.643632205132614
o_min,2.547388394595993
o_min,4.876387085822434
o_min,-2.516098215384736
o_min,-3.894593653257782
o_min,-5.455932143253723
o_min,0.1026102106206665
o_min,-0.182278817257782
o_min,-6.30280054937024
o_min,0.752501274808838
o_min,2.257321141965157
o_min,-2.974079295636566
o_min,4.43186769419458
o_min,-3.219544102034844
o_min,-2.68680584980188
o_min,-2.647766300305618
o_min,-0.8577092958325195
o_min,-2.407384807824921
o_min,6.146011704796753
o_min,-1.200261027305618
o_min,-8.232237767166046
o_min,3.633309275183625
o_min,-0.7101837559718018
o_min,1.758909133968628
o_min,-1.319136630203247
o_min,-3.109078884305618
o_min,-2.62118547180188
o_min,-5.198562048177567
o_min,-0.2555086701528931
o_min,5.759105727529175
o_min,0.5482057781981201
o_min,2.381803372796753
o_min,-2.82363483480188
o_min,-0.5106889450294188
o_min,-2.965598844696167
o_min,-2.98752414180188
o_min,0.311116639746277
o_min,-4.818112922719941
o_min,-2.130892255636566
o_min,0.0660030131582947
o_min,1.344014541910644
o_min,2.169956496429932
o_min,-0.2069924094040069
o_min,-3.729748458953949
o_min,-1.86434722137024
o_min,0.3717953248224335
o_min,-3.195646433894165
o_min,0.7122794736206666
o_min,-8.554431060757267
o_min,-5.589931433379333
o_min,0.4396890668673858
o_min,-0.2206333348163757
o_min,-0.6236782051911622
o_min,-0.5047570468018798
o_min,0.168861346949829
o_min,0.6420561563634338
o_min,-0.1684452134708252
o_min,-0.3964180368417053
o_min,-5.981316928816376
o_min,6.26662564519812
o_min,-1.683966426280609
o_min,-0.9100027044559328
o_min,-9.088422020455932
o_min,-4.425326244470825
o_min,1.826838035719391
o_min,-2.648420368384735
o_min,-2.391490855132614
o_min,-1.534180923132614
o_min,0.1950878088673858
o_min,-1.445449975379334
o_min,-5.14879870280188
o_min,-9.606941717636566
o_min,-3.055207017384735
o_min,-0.9612146520196534
o_min,-3.585325004757267
o_min,-5.93435840182492
o_min,-8.767618388280608
o_min,-1.957943690811768
o_min,-2.393225901384735
o_min,-0.671783239953949
o_min,-2.633986207130249
o_min,-4.247372798757267
o_min,-0.9208608242491456
o_min,-5.890829135384736
o_min,0.7788810351981201
o_min,5.022387766694382
o_min,13.75352070201401
o_min,-2.48908468880188
o_min,1.429203076067627
o_min,-2.630493910757267
o_min,2.288872595544067
o_min,2.995097810694382
o_min,-7.025375059029418
o_min,-3.728010515029419
o_min,2.812629612970581
o_min,0.8985986361836242
o_min,1.261562620248169
o_min,5.282047908658752
o_min,2.191629767529175
o_min,0.7842153631836243
o_min,-1.553676561453613
o_min,-5.19178166113025
o_min,-1.631934216203247
o_min,-9.052809344404007
o_min,-4.146928943379334
o_min,-0.713812619404007
o_min,-0.553679651751831
o_min,-0.0779436814559324
o_min,-0.5872794607399903
o_min,0.4706809566344604
o_min,3.210239739970581
o_min,-2.19594022680188
o_min,-0.0443150718018798
o_min,-1.282953397751832
o_min,-2.46875286480188
o_min,-0.6903544743847352
o_min,5.851121927028198
o_min,-2.064625413769623
o_min,-7.365295541305619
o_min,-0.6400028253847352
o_min,16.46366902157471
o_min,-3.412190350152893
o_min,-6.512797916384735
o_min,-2.594417355816376
o_min,-1.82561650280188
o_min,2.832014739242733
o_min,-2.570547627029419
o_min,-7.306110313257782
o_min,-5.649423112384735
o_min,-1.639790505757267
o_min,1.10113635819812
o_min,4.593303454456787
o_min,-3.218737502455933
o_min,2.023749916796753
o_min,-0.7767272551326141
o_min,-1.80811357080188
o_min,-1.343472169751832
o_min,-5.801156332453613
o_min,-1.603548414384735
o_min,-0.5851679358417053
o_min,-1.040734320384735
o_min,-5.048884578379334
o_min,12.18370532445679
o_min,2.635776051028198
o_min,-1.525636784971802
o_min,0.923125536105835
o_min,-5.465294779816376
o_min,-0.5054867494363708
o_min,-7.672593232816375
o_min,1.708368887028198
o_min,-3.431760994280609
o_min,-3.033652466404007
o_min,1.749909985363434
o_min,15.72614300146484
o_min,-3.836783368719941
o_min,-1.883743384384735
o_min,-5.286564206034844
o_min,-3.362218979050171
o_min,-1.956525050280609
o_min,-1.325858067384735
o_min,-3.582168889751831
o_min,1.603260765126221
o_min,-0.6338747411278076
o_min,-2.468798768658569
o_min,8.39792745810547
o_min,3.080952742248169
o_min,-2.684855287455933
o_min,-1.364300371191162
o_min,2.336366156679809
o_min,-2.013090779029419
o_min,-7.876598971370239
o_min,-5.563571271280609
o_min,-4.480807510453613
o_min,-0.1911195150294191
o_min,-2.616873707016357
o_min,-2.792557338462403
o_min,-0.3033453283056183
o_min,-2.133685081751831
o_min,-2.88756343337024
o_min,-6.65809306832019
o_min,-5.307688083757267
o_min,0.7071549503634338
o_min,-5.62127729080188
o_min,-5.091867979455933
o_min,-9.43802211880188
o_min,3.503072042949829
o_min,11.2441079785376
o_min,-6.422395576370239
o_min,0.7112886739651566
o_min,-7.445001796696166
o_min,-2.539787759751831
o_min,-2.367580659455933
o_min,-5.464859358029419
o_min,-0.3029183843702392
o_min,-1.729561257379334
o_min,-3.342919209029419
o_min,-5.209401908404007
o_min,0.028498479595993
o_min,-6.247582399029419
o_min,2.97304024919812
o_min,-2.037225814370239
o_min,1.689759376970581
o_min,-6.934184878636566
o_min,0.9149916485440674
o_min,-0.5733856244559328
o_min,-5.88362804037024
o_min,0.93874434519812
o_min,11.84429525857471
o_min,-5.047537725570068
o_min,-0.2567489107518312
o_min,-3.50766124380188
o_min,-0.8175861464559326
o_min,2.003026280932739
o_min,12.89072874957764
o_min,-8.878224008276856
o_min,18.21274043224732
o_min,8.380842318012697
o_min,3.889830678759873
o_min,1.271262131464844
o_min,0.7551709341054691
o_min,2.169652034295289
o_min,13.05245902605659
o_min,-5.523166366720703
o_min,12.9311751760566
o_min,-6.747822891972473
o_min,0.1227575556801756
o_min,5.1834302025
o_min,9.100109084888125
o_min,0.5533947740783081
o_min,0.7329911284521486
o_min,-16.54747582898437
o_min,13.71297535842285
o_min,5.386230879078308
o_min,2.932427309888123
o_min,-14.43072135283252
o_min,16.12215270499023
o_min,13.49240403602539
o_min,14.87602321605713
o_min,14.2213860771814
o_min,10.02815549872314
o_min,17.91623139253845
o_min,11.00809514380127
o_min,-4.168833191187256
o_min,1.901240364994873
o_min,8.536007486279296
o_min,-1.3255712775
o_min,-10.31877797811188
o_min,13.9236688071814
o_min,-4.968629307818604
o_min,7.356184325195555
o_min,1.624267342978027
o_min,9.104245090632324
o_min,4.349925177777832
o_min,6.01385199483081
o_min,5.700839169056595
o_min,1.5360493520448
o_min,6.79733841873584
o_min,7.544443253748047
o_min,5.184648133295289
o_min,-8.75103445827881
o_min,10.15206675658862
o_min,7.725583148195557
o_min,8.317190164363037
o_min,6.160024642487061
o_min,0.7278471462792968
o_min,-1.012910198036622
o_min,12.25169190470679
o_min,10.1688414402356
o_min,3.449002047276611
o_min,-2.339793974980468
o_min,7.107411590978027
o_min,8.716296640490356
o_min,1.624733782384277
o_min,4.446710245932739
o_min,0.9347296099536138
o_min,-3.25724228563501
o_min,10.60214149188196
o_min,14.12762056949036
o_min,5.797305104036865
o_min,0.0323681516723635
o_min,3.958765458723144
o_min,6.968506136056595
o_min,4.21194464845215
o_min,-2.924373421720703
o_min,10.35379104307831
o_min,-7.798857084046387
o_min,5.727824378078308
o_min,10.9712064662793
o_min,-1.853089711204468
o_min,5.921083626279296
o_min,6.186102885056595
o_min,10.3290086501814
o_min,16.95803449718139
o_min,6.184660873078308
o_min,0.1016196030565948
o_min,11.1828815211814
o_min,5.969681197683685
o_min,0.4228517879890132
o_min,4.65429977538916
o_min,1.446499645405273
o_min,10.51046823408032
o_min,0.6354960082951662
o_min,2.927341006835938
o_min,15.62011111996582
o_min,-10.16787880120361
o_min,1.935490072780517
o_min,0.2603288067963873
o_min,-2.917929205327148
o_min,0.3012279532192377
o_min,9.374145364726562
o_min,8.518004630672852
o_min,1.770867237508789
o_min,4.031244090672852
o_min,-0.7880648301782234
o_min,3.821090238672851
o_min,9.023078398788083
o_min,5.669988686672852
o_min,4.440858279788086
o_min,0.9348805756587524
o_min,5.497946301508789
o_min,-13.1831746317456
o_min,3.270684318910156
o_min,2.015319011464356
o_min,3.345430146508789
o_min,7.023600138464356
o_min,5.394210567788086
o_min,3.738300696531983
o_min,8.43602616789795
o_min,9.55861766928894
o_min,-4.188025200958572
o_min,5.514199493903595
o_min,-0.6251410675009765
o_min,0.3437515859685058
o_min,-0.9022533150111088
o_min,-0.3160619549585723
o_min,-0.224933876078186
o_min,12.84089664007812
o_min,5.265343492041428
o_min,-1.069776827958572
o_min,3.357522874078125
o_min,-1.218042512954346
o_min,2.595416707651962
o_min,6.251983510339356
o_min,11.55828063590027
o_min,3.613540638427734
o_min,11.77744352790161
o_min,4.75084601322876
o_min,10.56550943322876
o_min,3.576181962367309
o_min,7.456981889764405
o_min,9.049107998457032
o_min,5.904633270319824
o_min,3.20687836143502
o_min,-10.28746314485478
o_min,-6.004932607993652
o_min,3.579367904029541
o_min,-2.13772632363887
o_min,2.179209848961731
o_min,2.382493552938965
o_min,4.890231003993531
o_min,5.051026010072418
o_min,3.476316527111329
o_min,-1.41692761763887
o_min,1.002531271652374
o_min,14.27878988630859
o_min,-1.787403210352173
o_min,11.60990821122681
o_min,7.660696799647827
o_min,-1.902706903534912
o_min,-9.795199610788083
o_min,-6.123390714888672
o_min,-5.212667624554443
o_min,0.8828003632568358
o_min,8.569937042375487
o_min,8.675472815683685
o_min,-1.306817873339111
o_min,5.829002991683685
o_min,-4.365638325012085
o_min,0.6396775647188724
o_min,9.096812586791993
o_min,8.473165134658753
o_min,-2.926228274869629
o_min,-2.187965312195312
o_min,10.27415832371887
o_min,3.866851103658752
o_min,-9.813072991036224
o_min,4.753484309616943
o_min,6.55200752383789
o_min,-5.287547552341247
o_min,6.679773470932739
o_min,3.703375784473747
o_min,18.70316716605659
o_min,10.21769187810547
o_min,0.824769673819336
o_min,17.05898222810547
o_min,8.627714934634461
o_min,13.02203290224731
o_min,10.19177546201401
o_min,3.769262652014008
o_min,0.3652123124567872
o_min,2.928537215125122
o_min,-4.507863981011109
o_min,3.221672426577637
o_min,5.274289062499999
o_min,3.012843191295288
o_min,13.47222560293213
o_min,11.40360738600708
o_min,-7.711770316587693
o_min,9.30002510093506
o_min,6.679517768406249
o_min,8.53904442121582
o_min,6.137430142932129
o_min,-3.693590731958572
o_min,5.454813019041428
o_min,9.689188393808594
o_min,6.291730201562256
o_min,-0.9892809870925294
o_min,2.665339903632568
o_min,-2.558106279078186
o_min,-2.357317905289673
o_min,-7.062002548958572
o_min,2.303540866041428
o_min,5.482017037531739
o_min,-1.044654131454712
o_min,5.744138212921814
o_min,2.19929931578125
o_min,3.73663139979718
o_min,10.41939609484619
o_min,-3.861236375958573
o_min,0.2707824458642576
o_min,15.6268286403833
o_min,4.37502721093213
o_min,4.349857992634522
o_min,3.254116683257881
o_min,5.675151112932129
o_min,4.34723742359436
o_min,1.07117018393811
o_min,-0.6643139824682613
o_min,0.9921289795943604
o_min,2.665631450882202
o_min,6.616463272682983
o_min,7.458810824882201
o_min,0.3458477194155883
o_min,1.552046161486938
o_min,5.72866005668956
o_min,3.588045295099365
o_min,-0.48320192931044
o_min,5.853118547594361
o_min,3.965335284456786
o_min,-0.3549173483170165
o_min,-3.403530702305786
o_min,-0.0277223883057859
o_min,8.085463944694213
o_min,2.508457138944824
o_min,1.88241396160559
o_min,-0.4595685727725219
o_min,-5.891547181314332
o_min,3.669518483694214
o_min,6.736508308952637
o_min,0.1079875826361084
o_min,4.033151230694214
o_min,2.854097392566711
o_min,2.515267444368454
o_min,3.961252426214355
o_min,5.222978660694213
o_min,-6.044491797055176
o_min,-2.987846532305786
o_min,4.770590480107757
o_min,-0.0669968097725219
o_min,-7.61019834206726
o_min,8.032345405014008
o_min,0.2565477485291747
o_min,9.588908430829468
o_min,4.560275003459621
o_min,5.368407093643311
o_min,2.079965867829467
o_min,-2.606622431202453
o_min,-2.875462275720947
o_min,5.794082442355469
o_min,-2.305294178253296
o_min,3.728457204643311
o_min,-8.110685628371582
o_min,-0.4249047096445313
o_min,3.081114755271545
o_min,2.29164314564331
o_min,3.953033346355468
o_min,-0.5472237585559081
o_min,0.9393369403366698
o_min,-6.935299947136109
o_min,5.140242723355469
o_min,6.190527129279053
o_min,7.58347105575
o_min,8.550797044362183
o_min,5.370740780647461
o_min,7.218168090876342
o_min,-0.234858549352539
o_min,-2.258598710528076
o_min,7.18913285906958
o_min,7.649658117411866
o_min,6.774458898647461
o_min,8.618932975913207
o_min,9.66728149664746
o_min,0.717101795706665
o_min,4.013818851264039
o_min,11.19859798691321
o_min,7.904980000237549
o_min,5.402119487521972
o_min,10.16467938357056
o_min,7.660456138521972
o_min,6.787980106521973
o_min,3.545711175140259
o_min,8.098228168713378
o_min,6.328167522237549
o_min,-0.031884383988327
o_min,-0.6312182054780275
o_min,7.305220092140258
o_min,6.955822292913208
o_min,0.8786332295584716
o_min,12.74908440522034
o_min,2.68920148520105
o_min,6.038071098486938
o_min,5.662600978099365
o_min,-1.084850927111877
o_min,12.6439464290448
o_min,1.796080033888122
o_min,-6.837640117111878
o_min,-14.37391484811188
o_min,-2.576393860111878
o_min,6.748393601229035
o_min,-22.14516021811188
o_min,14.85219512268799
o_min,-9.799726928111877
o_min,6.063332123723145
o_min,-6.977476975111877
o_min,-4.367648793111877
o_min,-3.164663632993652
o_min,-8.740862568111877
o_min,-1.851142452111878
o_min,-5.142226523111877
o_min,-3.549085015111878
o_min,0.6849419978881226
o_min,10.74740547678711
o_min,7.917378522141114
o_min,6.397913396787111
o_min,-6.620464342111878
o_min,-0.9362015001118772
o_min,0.2592690878881225
o_min,-11.39368894811188
o_min,-6.006355069111877
o_min,-15.97032893811188
o_min,3.652302884795532
o_min,5.182032010632323
o_min,5.314093788888123
o_min,0.5198573648881225
o_min,-11.03971460811188
o_min,-4.894374535111877
o_min,-1.883860202111877
o_min,10.01156134253845
o_min,-14.41008581811188
o_min,0.5939564848881226
o_min,-1.847001342617188
o_min,-2.207074858111877
o_min,-5.717218087111878
o_min,-2.437084101111878
o_min,-0.0999589681118775
o_min,-0.0842765181118774
o_min,-12.35339823811188
o_min,-10.48935564811188
o_min,9.454602538723144
o_min,-8.048986115111877
o_min,3.463731811888122
o_min,-12.51058225811188
o_min,-6.410049030111877
o_min,-7.270862412111878
o_min,-20.22136597811188
o_min,0.9458301478881226
o_min,9.921561496056595
o_min,-4.722086567111877
o_min,-12.69500811811188
o_min,11.34936416063232
o_min,-1.692643421111877
o_min,-1.558185759111877
o_min,-16.38784610811188
o_min,4.682776020888122
o_min,-2.243698681111877
o_min,3.354500471716308
o_min,-6.466693057111877
o_min,-7.602744349111877
o_min,-7.646083597111877
o_min,-2.086495094111878
o_min,-9.551461098111876
o_min,-0.2386192153403321
o_min,-0.7723064111118774
o_min,-14.47498176811188
o_min,-17.16179864811188
o_min,5.026379895888123
o_min,-3.992206257111877
o_min,-7.743785547111877
o_min,-21.02079087811188
o_min,-11.95861925811188
o_min,13.78598580775828
o_min,-11.28443586811188
o_min,8.371270562500001
o_min,-17.09774692811188
o_min,-11.32176874811188
o_min,-10.75664210811188
o_min,-7.785875931111878
o_min,-17.99765236746155
o_min,-5.723434797111877
o_min,-7.392644100111877
o_min,0.8621900562792977
o_min,-0.6080670861118775
o_min,-6.870135303111878
o_min,-2.902954092111877
o_min,-14.53454163811188
o_min,-1.993366972111878
o_min,-0.5625721161118775
o_min,-19.02395085811188
o_min,-2.229107546236206
o_min,-1.9327791479552
o_min,6.243420874078308
o_min,-5.972380835111878
o_min,14.15062489845215
o_min,14.87929934268799
o_min,8.162893742687988
o_min,-5.354724035111877
o_min,3.557430923888123
o_min,-9.030161428111878
o_min,15.6995699871814
o_min,-4.877264671111877
o_min,4.431020387888123
o_min,2.518007039449524
o_min,-1.570507655111877
o_min,-6.439613958111877
o_min,1.768935856279297
o_min,12.30359551900024
o_min,-3.478079602111878
o_min,-9.382621128111875
o_min,-0.1346184421118774
o_min,5.678979374888122
o_min,5.713383199888122
o_min,-4.690844662111878
o_min,-13.12697372811188
o_min,4.128270100888122
o_min,14.43354279968369
o_min,-6.535871075111878
o_min,-6.291496719111877
o_min,-1.557483955111878
o_min,-2.254430919111877
o_min,-2.613632478111878
o_min,-3.774729817111877
o_min,-3.245740736111878
o_min,-12.18658693811188
o_min,-13.93284340811188
o_min,-0.8459111011118776
o_min,-2.691873596111877
o_min,-9.948657088111878
o_min,1.046207895532959
o_min,4.203277390998535
o_min,-7.096364817111878
o_min,-10.21557218811188
o_min,-3.379153216111877
o_min,-13.31113542811188
o_min,11.26009313572754
o_min,14.0390717031665
o_min,-8.825936918111877
o_min,-8.254815836111877
o_min,-19.80006801811188
o_min,-10.13626169811188
o_min,-12.34929258811188
o_min,-15.92265286811188
o_min,-6.569926479111878
o_min,13.51848631619385
o_min,-3.042318555111877
o_min,-5.604288479111878
o_min,-21.44534043811188
o_min,-12.73968179811188
o_min,-20.41804752811188
o_min,-5.671669893111877
o_min,7.31258745666992
o_min,-13.49494935811188
o_min,-16.11420186811188
o_min,-5.486575027111877
o_min,13.71611165436218
o_min,4.035046796279296
o_min,-0.2258391566104736
o_min,12.21618271945129
o_min,17.16164139646667
o_min,3.422550461394287
o_min,12.93005782237549
o_min,1.961377231551269
o_min,4.672959213568848
o_min,-2.24308440501709
o_min,0.2689516825786135
o_min,-3.750662411622131
o_min,6.365617207922913
o_min,4.142636296922912
o_min,1.244589484979736
o_min,2.851612181123657
o_min,2.370807691922913
o_min,-0.829233825178894
o_min,2.652683777095215
o_min,4.095379019680175
o_min,-2.411613646164307
o_min,-0.8309366307231443
o_min,2.817167301032226
o_min,3.213151360032226
o_min,-13.83449315537933
o_min,1.261090155006103
o_min,-5.712083993934693
o_min,1.151298552266113
o_min,-11.13900154404907
o_min,-6.467638592662597
o_min,4.324659024640625
o_min,-10.84079717348071
o_min,1.655933640065308
o_min,-1.37808247551001
o_min,-0.3813813438898927
o_min,-2.241069198889893
o_min,-12.00139758413025
o_min,-2.406475488934692
o_min,-0.6580866289938965
o_min,-2.526622834967774
o_min,1.498275001538696
o_min,3.941081335389526
o_min,-7.331082746673096
o_min,-0.2706228395100094
o_min,-0.9583734934079589
o_min,-4.199688617567139
o_min,0.830790776734192
o_min,-0.5753416059677736
o_min,-7.287343064288819
o_min,-7.11083046755664
o_min,0.023177069963745
o_min,0.2801779360653076
o_min,2.661495072734376
o_min,-0.1215250629914548
o_min,1.443930855006103
o_min,0.4965266334899905
o_min,-0.6918779335100096
o_min,3.821470927008544
o_min,0.1742513220085451
o_min,-5.581554524717041
o_min,-8.706847396025147
o_min,-1.055231250991455
o_min,-7.151054392898682
o_min,-1.947984919991455
o_min,1.505736748592041
o_min,-1.933833973993897
o_min,16.21609141576782
o_min,-0.5460142092321778
o_min,-2.941284094036255
o_min,-1.773783243898682
o_min,-0.1653418970362548
o_min,5.147932524726562
o_min,0.7358601745194702
o_min,-7.322335324699707
o_min,-3.064908979036255
o_min,-8.678808910007813
o_min,-6.45032332148053
o_min,-12.30313433489136
o_min,-5.582447164898682
o_min,-5.064312711898681
o_min,-6.053936120898681
o_min,-3.594043715898682
o_min,6.83364925565387
o_min,-6.465079445898682
o_min,-5.438014653898682
o_min,-12.25329307447082
o_min,-4.220644878898682
o_min,-4.15347481978003
o_min,-7.971934524677247
o_min,-4.093428721545349
o_min,-1.192919444898682
o_min,-4.072494694898682
o_min,-7.086040041898682
o_min,2.7045559777417
o_min,1.051767697165771
o_min,-2.852691284898682
o_min,-5.961373105677247
o_min,-4.500538648898682
o_min,-10.73085573317757
o_min,-12.67510234245361
o_min,-11.86805590180542
o_min,-6.380430132699707
o_min,-9.83295640518982
o_min,-3.020933229265808
o_min,5.126821748238342
o_min,-3.239826172898682
o_min,-2.334406039265808
o_min,-2.402633465461304
o_min,-0.0142212583217773
o_min,-3.308965799986084
o_min,-5.378944795204101
o_min,-2.986328273625732
o_min,-10.88012792703137
o_min,2.8505826717948
o_min,-5.320839690898682
o_min,-5.046749810114013
o_min,3.160415544678223
o_min,0.3158842555644527
o_min,-6.665350689898681
o_min,-8.669627186898682
o_min,-5.788349358236328
o_min,-4.067557231898681
o_min,1.7610597237854
o_min,-12.36247780557007
o_min,4.563965367274658
o_min,5.140637968510742
o_min,-0.7372066696635744
o_min,-4.169348476581726
o_min,1.18479368251947
o_min,-0.4531090199753418
o_min,-4.712467303175599
o_min,-1.85703136748053
o_min,-2.879516945016846
o_min,-0.8389983104805298
o_min,-4.289117979175598
o_min,1.29257921530481
o_min,-2.302192485062744
o_min,0.5455450727854005
o_min,-1.827198144321777
o_min,-1.653929087623108
o_min,6.701181138723145
o_min,2.659481913654908
o_min,1.949274157851074
o_min,2.759418967375488
o_min,4.385840751436524
o_min,3.465032801896599
o_min,12.59163513237549
o_min,-0.9244095059914548
o_min,0.6146785282568361
o_min,2.528700818043945
o_min,1.662949729637329
o_min,-0.9991630263024902
o_min,1.734385983114746
o_min,-1.883766883242553
o_min,-1.672838265168701
o_min,-2.315666409567626
o_min,2.591436705829712
o_min,4.939233788935791
o_min,-0.1529268275981445
o_min,-5.653653109154908
o_min,-0.9419495838777469
o_min,-12.06590807926697
o_min,0.4032965821222534
o_min,-3.679928559877746
o_min,-4.724614447877746
o_min,-7.719901274546691
o_min,0.4774856847947997
o_min,-1.323195508407959
o_min,6.542945785733032
o_min,-10.13794096371643
o_min,-8.866178090215149
o_min,-4.226654309103401
o_min,-12.99131474687775
o_min,-7.563479039266967
o_min,-20.58357339687774
o_min,0.322864544784851
o_min,-9.78010900766159
o_min,3.974741818932739
o_min,2.763976235263916
o_min,-3.718020918877746
o_min,-25.63217842940796
o_min,-21.88633144926697
o_min,-25.43311422766159
o_min,-24.12295987940796
o_min,-4.706271867103402
o_min,1.726851349896599
o_min,8.9567357878966
o_min,-11.35774346940796
o_min,2.872546909338409
o_min,10.37918424243652
o_min,-14.67687495582825
o_min,-14.52727220766159
o_min,-23.22640575582825
o_min,-13.34586452815186
o_min,-13.29664239940796
o_min,2.678275257221069
o_min,-40.87916018940796
o_min,-11.33840369766159
o_min,-1.782516134570435
o_min,-3.709075842661591
o_min,1.1047471447948
o_min,-21.63968630940796
o_min,-0.2488701406615905
o_min,-18.55408161766159
o_min,-16.21230802926697
o_min,-6.54848175966159
o_min,-23.21964726687775
o_min,-12.98403785754669
o_min,-1.916950165103401
o_min,-12.32568825766159
o_min,4.497120879896599
o_min,-23.94136480754669
o_min,-9.8756965061034
o_min,-21.41345353815186
o_min,-5.826033316215149
o_min,12.8534988438966
o_min,-14.00169650766159
o_min,7.048928387896599
o_min,-2.351243668661591
o_min,8.376038094338409
o_min,-18.4809547561034
o_min,-0.3346648195466919
o_min,-24.40324071582825
o_min,-21.06361905687775
o_min,-12.58726659687775
o_min,1.077252130864258
o_min,-6.967758147202881
o_min,-9.624498421068848
o_min,-10.55915041106885
o_min,-10.44450621706885
o_min,5.4186558217948
o_min,-8.530191288068847
o_min,-6.847192776265625
o_min,-9.383493659068847
o_min,-9.171917172042969
o_min,-8.756341612202881
o_min,-5.611754518265625
o_min,-8.493512657202881
o_min,-6.639113172068848
o_min,-8.271413816265625
o_min,-7.993495069265625
o_min,2.518885701479492
o_min,-7.696843060265625
o_min,-6.612633138265625
o_min,-6.740107006329102
o_min,-4.894206652329101
o_min,-1.713882713265625
o_min,-6.462144745329102
o_min,-8.003540271068848
o_min,-8.115519948265625
o_min,-11.99412562766358
o_min,-9.255161098042969
o_min,8.274765359683684
o_min,-9.531491171265625
o_min,-6.928955100265625
o_min,-10.63955782706885
o_min,-6.018892411265625
o_min,-7.926323996068848
o_min,-8.154169734265626
o_min,-7.942167921265625
o_min,-7.015313182265625
o_min,-7.459943814068848
o_min,7.714176171683685
o_min,-5.645306815265625
o_min,-11.45749084666358
o_min,-5.408231647265625
o_min,-7.179643515265625
o_min,-5.762728954329102
o_min,-9.585724909663575
o_min,-2.777870019042969
o_min,-9.257840956068849
o_min,-10.02777920106885
o_min,-7.993197615265625
o_min,7.721523967276612
o_min,-10.19900097306885
o_min,-5.325189901329102
o_min,-9.448776030042968
o_min,0.4041019406708983
o_min,-6.732593062265625
o_min,-10.89196497920288
o_min,-7.910104993265625
o_min,-7.114629165265625
o_min,-2.872111897329102
o_min,-6.505294925265625
o_min,-1.95577799906726
o_min,5.477526727276612
o_min,-10.17228086006885
o_min,-9.68215152920288
o_min,-6.727070194265625
o_min,-2.061325035329101
o_min,-7.258032964068848
o_min,-9.257087183068847
o_min,-7.601268433265625
o_min,-8.458668291265624
o_min,4.331690042734374
o_min,-8.127612534068847
o_min,12.32322883629395
o_min,-7.265697983265625
o_min,-5.247987900265625
o_min,-9.632531814042968
o_min,-9.73756035104297
o_min,-9.74961440820288
o_min,-8.602243481068848
o_min,-10.3159478156106
o_min,-10.48701704806885
o_min,-7.713763899265625
o_min,12.58713260619385
o_min,-8.303970725265625
o_min,-5.796701900265624
o_min,-10.27202154566357
o_min,-9.926151966068849
o_min,-9.29358989520288
o_min,-7.345150787265625
o_min,-8.943428244068848
o_min,-9.908190880663575
o_min,-10.15746052104297
o_min,-3.225633865265625
o_min,-0.9553393621589356
o_min,-6.504929835202881
o_min,-8.108229514265625
o_min,-10.65397673847656
o_min,-6.755539676329102
o_min,-8.572029437068847
o_min,-2.758381006329102
o_min,-8.153459700068847
o_min,-5.698348821265625
o_min,-4.963373611265625
o_min,3.219119785263916
o_min,-8.21081564267334
o_min,-6.013562681329102
o_min,-5.189604575265625
o_min,-1.026196672265625
o_min,-6.956654728265625
o_min,-8.64777043867334
o_min,-8.450944510265625
o_min,-6.175917217042969
o_min,-5.694444798329101
o_min,10.75152435096496
o_min,-8.432170825610596
o_min,-7.814330347265625
o_min,-8.673009042265624
o_min,-10.51205565145068
o_min,-8.932310746068847
o_min,-4.497886922329101
o_min,-7.815633524265625
o_min,-7.889825864329102
o_min,-10.53121023706885
o_min,11.23768865472656
o_min,-1.27616755767334
o_min,6.500683622734375
o_min,-7.080641766068847
o_min,5.893553372734376
o_min,-4.803313193265625
o_min,-7.51465869967334
o_min,-8.34820623367334
o_min,-9.013721336476562
o_min,-6.01283244567334
o_min,-1.4630968960625
o_min,-0.6730678977084965
o_min,-10.62541856845068
o_min,-5.297452940062501
o_min,-2.4136838480625
o_min,-9.73698473967334
o_min,-8.13984507467334
o_min,-9.132534738476563
o_min,-9.374596153476563
o_min,-6.234859612476562
o_min,-6.2998917000625
o_min,-8.247929333476563
o_min,8.861501575502624
o_min,-5.955896979476563
o_min,-9.24677506067334
o_min,-10.22039624045068
o_min,-7.13063812467334
o_min,-8.191998536476563
o_min,-8.886550065610596
o_min,-6.4792663100625
o_min,-6.3815287970625
o_min,-8.70639725567334
o_min,-9.418504813476565
o_min,7.697812741616943
o_min,-11.50566585747656
o_min,-8.363807080476562
o_min,-9.938385668476563
o_min,-8.34791567667334
o_min,-8.119629438476563
o_min,-8.320599560610596
o_min,-8.833376405610595
o_min,-8.12679562567334
o_min,-6.58047706467334
o_min,-10.05997694947656
o_min,5.031130668338623
o_min,-2.374452184595764
o_min,-6.17631923667334
o_min,-9.955017563071287
o_min,-9.636518116476562
o_min,-4.21394360167334
o_min,-7.20063280567334
o_min,-8.51243577367334
o_min,-9.361713040476562
o_min,-6.8118971660625
o_min,-9.403321576476564
o_min,-5.05327285067334
o_min,9.935065929683685
o_min,-9.581646853476563
o_min,-8.685685266450683
o_min,-8.784270142476563
o_min,-10.01929160547656
o_min,-4.795204242673339
o_min,-9.83921967367334
o_min,-11.11177000045068
o_min,-7.53543153367334
o_min,-8.433121414476563
o_min,-7.97327474567334
o_min,14.61084996096497
o_min,-9.920706635610596
o_min,-9.105954791610596
o_min,-8.990853600450684
o_min,-9.562780897476562
o_min,-5.38361761267334
o_min,-8.53041899967334
o_min,-6.356567125476563
o_min,-8.533537738476562
o_min,-6.17121594567334
o_min,-7.1547735720625
o_min,-9.842555576476563
o_min,-5.210793862610595
o_min,-9.154957656450684
o_min,-5.3868371510625
o_min,-8.546120445476562
o_min,-8.354554871476562
o_min,-10.22193302207129
o_min,-12.34122974807129
o_min,-6.82625087167334
o_min,-7.71623777267334
o_min,-1.026875004273437
o_min,-8.35462633967334
o_min,-9.178795641450684
o_min,-11.17086069347656
o_min,-8.122702081476563
o_min,-10.29630562947656
o_min,-8.90231185367334
o_min,-9.16809884467334
o_min,-6.25413783467334
o_min,-9.469674735476564
o_min,-8.03479155067334
o_min,0.4859571185927733
o_min,-8.64198123567334
o_min,-8.12256590367334
o_min,-8.672672732476563
o_min,-9.40760509607129
o_min,-7.510487203071289
o_min,-8.312910802476562
o_min,-2.7883980550625
o_min,5.361478875788574
o_min,-8.42557496467334
o_min,-10.62900118267334
o_min,-6.51387419867334
o_min,-9.433959560610596
o_min,-9.361884187610595
o_min,-8.63330379367334
o_min,-7.7099625590625
o_min,-13.00853085992407
o_min,-8.30437375867334
o_min,13.51973738653198
o_min,-4.11130805767334
o_min,-8.303504494476563
o_min,-11.79759553107129
o_min,-8.49768124767334
o_min,-6.35597131667334
o_min,-8.69996779767334
o_min,-3.95360056867334
o_min,-8.45598973867334
o_min,-6.4933221410625
o_min,-9.531379836476562
o_min,2.919198904038087
o_min,-9.12789118767334
o_min,-8.38810252467334
o_min,-8.850023970476563
o_min,-7.28999717567334
o_min,-9.946829748476562
o_min,-8.57304047667334
o_min,-6.49046393967334
o_min,-5.71427336467334
o_min,-6.298287605673339
o_min,-7.71315095067334
o_min,-1.172854313736085
o_min,-6.945358259476563
o_min,-7.393236765476562
o_min,-7.83838624067334
o_min,-9.728368579476562
o_min,-4.16993083467334
o_min,-8.21867731967334
o_min,-10.22598175345068
o_min,8.924665775937498
o_min,-7.42512780267334
o_min,-10.19698210045068
o_min,-8.72606531328113
o_min,-7.629830580476563
o_min,-6.69620771967334
o_min,-11.94129615007129
o_min,-7.47005188767334
o_min,-8.772593648476562
o_min,-11.8559226403916
o_min,-6.73444673067334
o_min,-10.51190888592407
o_min,-8.089142848450683
o_min,-7.781539990119628
o_min,13.18541860403809
o_min,-8.45785786367334
o_min,-9.888569562476562
o_min,-9.233429179450685
o_min,-7.08002105267334
o_min,-8.839148556610596
o_min,-11.14192926607129
o_min,-10.56212962747656
o_min,-7.389172408476562
o_min,-7.691477118673339
o_min,5.457809026616944
o_min,-6.412528762476563
o_min,-10.7441097086106
o_min,-7.40856418567334
o_min,-6.7458990300625
o_min,-10.66687081347656
o_min,-6.4745045970625
o_min,-6.477656209476562
o_min,-7.26385907067334
o_min,-8.827710883476563
o_min,-6.525490151476562
o_min,7.701544368510742
o_min,-10.12822433767334
o_min,-9.418795678476563
o_min,-8.391005932476563
o_min,-9.195906399610596
o_min,-8.16855050667334
o_min,-8.06761522967334
o_min,-6.5564903690625
o_min,-9.650165845476565
o_min,-7.12529476067334
o_min,-6.3409624030625
o_min,7.529927757436523
o_min,-9.16612340667334
o_min,-6.92195185867334
o_min,-9.646694605610596
o_min,-4.715979491476562
o_min,-5.7644077280625
o_min,-4.70399466067334
o_min,-9.932515125450683
o_min,-8.793953448476563
o_min,-9.84769620767334
o_min,-8.567147976476562
o_min,14.22327556237549
o_min,-11.31488966047656
o_min,-6.819246848673339
o_min,-6.56334673867334
o_min,-8.24543535667334
o_min,-8.207672163476563
o_min,-5.24265606167334
o_min,-7.672325827673339
o_min,-4.703602343062499
o_min,4.62093189732666
o_min,-8.654908611476563
o_min,3.663501264436524
o_min,-8.29260494267334
o_min,-8.968863768673339
o_min,-9.16728026267334
o_min,-7.189921408071289
o_min,-9.544848354476562
o_min,-7.697779286610595
o_min,-5.4382815550625
o_min,-4.8745918070625
o_min,-4.94437903667334
o_min,-8.335978557476562
o_min,1.887079203531982
o_min,-6.5375090540625
o_min,-10.55233502747656
o_min,-4.290313845476563
o_min,-8.51130187267334
o_min,-9.456675780610595
o_min,-7.41874899267334
o_min,-9.666757825476562
o_min,-6.99124524767334
o_min,-6.5266605400625
o_min,6.675158154436524
o_min,-8.03539504767334
o_min,-8.912035455610596
o_min,7.842921995937498
o_min,-8.19495285867334
o_min,-8.566518717450684
o_min,-8.09406034567334
o_min,-7.15121249167334
o_min,-4.8161480770625
o_min,-11.06596552145068
o_min,-10.5618956466106
o_min,-2.35718599105957
o_min,-7.92144244667334
o_min,-8.35349433367334
o_min,-10.0306331826106
o_min,-7.47727731367334
o_min,-9.962261598476562
o_min,-9.588243018476565
o_min,-6.97754018867334
o_min,-8.153399387673339
o_min,-11.0137073758772
o_min,-7.878950994476562
o_min,15.73325387661682
o_min,-5.56846136867334
o_min,-8.46217388267334
o_min,-6.97121203267334
o_min,-8.23218983867334
o_min,-6.58606733467334
o_min,-7.88072720167334
o_min,2.96047763732666
o_min,-7.25483636767334
o_min,-2.77408331667334
o_min,-6.22396103067334
o_min,8.183909642375488
o_min,-7.488305121476563
o_min,-7.1918626010625
o_min,-8.637445090610596
o_min,-16.08072401273071
o_min,-6.59859271067334
o_min,-7.85244755467334
o_min,-8.36516069067334
o_min,-3.1530753700625
o_min,-8.41630639767334
o_min,-8.29484048467334
o_min,4.449075018658752
o_min,-8.382576537476563
o_min,-8.678084968673339
o_min,-8.40171195367334
o_min,-5.2404561050625
o_min,-11.5925846466106
o_min,-2.406022646476562
o_min,10.68817087192871
o_min,-6.68140519467334
o_min,-12.52521331745068
o_min,-12.61453442007129
o_min,8.133084168940428
o_min,-5.75058255667334
o_min,-7.211728518476562
o_min,-13.16406606007129
o_min,-5.2672544530625
o_min,-10.18796567045068
o_min,-8.089724048476562
o_min,-7.47851699367334
o_min,-9.805383879450684
o_min,6.020706636523437
o_min,-8.444739748476563
o_min,12.09605323629394
o_min,-8.960189174476563
o_min,-6.1943467280625
o_min,-7.76296453067334
o_min,-1.6102631810625
o_min,-7.80733997867334
o_min,-10.38532907345068
o_min,-14.51655117795874
o_min,-7.18966311167334
o_min,-4.89902385067334
o_min,-9.57224399167334
o_min,-4.444832099510742
o_min,-7.10658185867334
o_min,-8.74177272467334
o_min,-9.848731567476564
o_min,-7.680544375476563
o_min,-6.00293718267334
o_min,-5.83891333867334
o_min,-8.50456161367334
o_min,-9.156524103476563
o_min,-9.334715660476562
o_min,-11.07955476747656
o_min,13.18079057578857
o_min,-10.5699453006106
o_min,-8.12314278467334
o_min,-9.567530216476564
o_min,-7.789835790071288
o_min,-9.003285043610596
o_min,-8.63206413967334
o_min,-7.565776781476562
o_min,-2.20965118867334
o_min,-7.51523081867334
o_min,-2.024623200341248
o_min,-4.9116225690625
o_min,-8.501384084610596
o_min,-9.88538988767334
o_min,-9.315988819476562
o_min,-6.5019578050625
o_min,-3.74435191267334
o_min,-7.74312612067334
o_min,-5.86899423167334
o_min,-0.3285517773412475
o_min,-10.08608193047656
o_min,-7.40066420467334
o_min,-9.252737524476563
o_min,-6.85276791167334
o_min,-8.14887165567334
o_min,-8.63430705267334
o_min,-5.099600394062501
o_min,-2.92490396067334
o_min,-7.26160035567334
o_min,-6.94140564567334
o_min,10.01654512894043
o_min,-8.134498968476562
o_min,-7.4712703160625
o_min,-8.467435755673339
o_min,-7.69704906267334
o_min,-6.4547724120625
o_min,-5.700265917610595
o_min,-7.96226113767334
o_min,-13.4038163493916
o_min,-6.2457541630625
o_min,-3.7399639280625
o_min,10.17087644602753
o_min,10.69252427147949
o_min,-6.148343032610596
o_min,-13.52547833207129
o_min,-7.31593923167334
o_min,-5.97494403167334
o_min,-7.141235438673339
o_min,-8.69419594067334
o_min,-7.59079476967334
o_min,-8.67381557367334
o_min,-6.83611607167334
o_min,-3.87421564967334
o_min,9.660557994262696
o_min,-7.64425144467334
o_min,-6.06667948267334
o_min,-7.0650644930625
o_min,-7.974958280476563
o_min,-5.67471335967334
o_min,-6.3308237940625
o_min,5.121298155937501
o_min,-8.636627441476563
o_min,-2.20387600267334
o_min,-3.13343103667334
o_min,7.718197834726563
o_min,-5.592464341062501
o_min,-6.65816749967334
o_min,-8.93412997067334
o_min,8.498339937326659
o_min,-6.98648860867334
o_min,-3.87171932367334
o_min,-8.842942357610596
o_min,-5.0793945100625
o_min,5.5628333159375
o_min,-5.7551211290625
o_min,7.068830640964967
o_min,-6.29278098467334
o_min,-7.79659384867334
o_min,-11.95987752047656
o_min,-6.07099683967334
o_min,-7.34979046967334
o_min,-8.26080444067334
o_min,-8.23207246767334
o_min,-10.47594423247656
o_min,-7.903266102476563
o_min,-8.69710860367334
o_min,11.44756676797852
o_min,-9.847815807476564
o_min,-4.4746525810625
o_min,-6.5192804960625
o_min,-3.654562595610596
o_min,0.5158313725234382
o_min,-10.7883226646106
o_min,-6.670280188610596
o_min,-6.2531649140625
o_min,-8.450419490476563
o_min,-8.036738549476562
o_min,-6.994091294624512
o_min,5.0357723859375
o_min,-11.97049033007129
o_min,-7.76943403967334
o_min,-8.68551560967334
o_min,-2.605950293476562
o_min,-5.0934013730625
o_min,-7.67128294067334
o_min,-7.94581078767334
o_min,-5.33689627967334
o_min,-4.4049451830625
o_min,-5.33837200567334
o_min,-8.64763132267334
o_min,-9.921474909476562
o_min,-7.70814368167334
o_min,-6.598576014673339
o_min,-8.968391906476562
o_min,-7.991940218673339
o_min,-6.4974032600625
o_min,-8.711574361673339
o_min,-13.23905776247656
o_min,10.64259877472656
o_min,-10.67289428367334
o_min,15.90055655732666
o_min,-5.8788204580625
o_min,-10.14557178167334
o_min,-10.43110657067334
o_min,-3.25233614067334
o_min,-6.84613412967334
o_min,-5.73715325467334
o_min,3.000423165375488
o_min,-8.185219333476562
o_min,-7.16949092467334
o_min,-6.122627807673339
o_min,-8.832075851610595
o_min,-5.4021864070625
o_min,4.619947735937499
o_min,-8.654151165476563
o_min,-11.73071078447656
o_min,11.88391652554688
o_min,-9.109981878476562
o_min,-6.65177369667334
o_min,-8.800728496476562
o_min,-5.6576904970625
o_min,-5.3809486540625
o_min,-5.93805286667334
o_min,-7.86097306767334
o_min,-6.6727008040625
o_min,-3.7748522130625
o_min,-7.83252655967334
o_min,-3.107792595704834
o_min,8.006608616531983
o_min,-8.105915383476562
o_min,-8.56106619767334
o_min,-8.476021929610596
o_min,-10.33581459907129
o_min,-7.8514823670625
o_min,-6.6851397910625
o_min,-5.78488346367334
o_min,-8.935981883450683
o_min,-8.168849340476562
o_min,16.39052234237549
o_min,-10.19093678447656
o_min,-5.8375291860625
o_min,-8.08515586267334
o_min,-9.485974777476562
o_min,-8.260258344673339
o_min,-7.40699295367334
o_min,-7.64969505267334
o_min,-0.5502846576733393
o_min,2.232928534276855
o_min,-7.77612568367334
o_min,-8.961378400450684
o_min,-8.832640691476563
o_min,-9.422513972610597
o_min,-9.320624940476565
o_min,-11.53140547645068
o_min,-6.8745549450625
o_min,-3.630820170476563
o_min,-7.176564326476562
o_min,-10.01066506345068
o_min,4.432992929586059
o_min,-5.759272160062499
o_min,-0.5408746950624996
o_min,2.45232053732666
o_min,-8.493378412476563
o_min,-4.141379706610596
o_min,-5.1807173340625
o_min,-10.30074178247656
o_min,-8.81390910567334
o_min,-7.85817569467334
o_min,-8.347004486476562
o_min,-9.730999572476565
o_min,-8.126050529476563
o_min,-12.14116817207129
o_min,-9.139363242476565
o_min,-10.05037905507129
o_min,31.57560004652344
o_min,-9.505898852476562
o_min,-6.3427692470625
o_min,-6.32180272767334
o_min,-6.931668314476562
o_min,13.07597909865875
o_min,-8.07051691367334
o_min,-7.79344089967334
o_min,-6.5170626150625
o_min,-4.3696612030625
o_min,-7.90507563967334
o_min,-4.91424446567334
o_min,-6.186846553673339
o_min,-9.01727059967334
o_min,-10.0524417036106
o_min,-6.89717452467334
o_min,4.892900183349609
o_min,1.609964317326661
o_min,-9.718034914450683
o_min,-9.635383044476562
o_min,-8.386153942476563
o_min,-6.142198907476562
o_min,-7.74625328667334
o_min,-9.822039972450684
o_min,-8.09631281867334
o_min,-10.24383041647656
o_min,1.6573741867948
o_min,-7.042291109673339
o_min,-10.6111646596106
o_min,-6.83636647067334
o_min,-5.539847871476562
o_min,-2.458254163476562
o_min,-7.33325913267334
o_min,-7.451836932476563
o_min,-6.0184691110625
o_min,-10.18591771207129
o_min,-7.219944094476562
o_min,-4.135538456540893
o_min,-8.169733813450684
o_min,-7.335068055119629
o_min,-10.54531583047656
o_min,-5.274636724673339
o_min,-6.541491427924072
o_min,-7.27609076267334
o_min,-9.940229164476564
o_min,-6.242315793062501
o_min,-7.65066318567334
o_min,0.3527733545556639
o_min,-5.44731413567334
o_min,-6.15200910167334
o_min,-9.063278510476565
o_min,-8.36639733767334
o_min,-8.68955956467334
o_min,-9.309793672476562
o_min,-3.7490101670625
o_min,-7.46147170567334
o_min,-3.8146148710625
o_min,2.455837482532959
o_min,-7.54608605367334
o_min,-10.96349162307129
o_min,-8.633050343476562
o_min,-7.99603021267334
o_min,-10.93654840707129
o_min,-1.95381628667334
o_min,-7.2535765720625
o_min,-6.07850482767334
o_min,-6.98143917267334
o_min,9.241675485314452
o_min,-7.30434884867334
o_min,-6.971609920673339
o_min,-9.080722586476565
o_min,-7.922561166450683
o_min,-8.58228679467334
o_min,-9.36623166509375
o_min,-10.85900696747656
o_min,-6.1690202260625
o_min,-7.80640927967334
o_min,-4.3500440310625
o_min,3.380220383419678
o_min,-8.24345922967334
o_min,-5.77159321367334
o_min,8.0005568959375
o_min,-5.35285094867334
o_min,-6.619485705476563
o_min,-8.94870182511963
o_min,-8.84032628967334
o_min,-7.10594912967334
o_min,-6.4199839060625
o_min,-5.395030293476562
o_min,3.935931237977539
o_min,-2.2600168260625
o_min,-5.8614721050625
o_min,-8.366797919476562
o_min,-4.8524469170625
o_min,-8.616534435253662
o_min,-10.16810532747656
o_min,-5.932412953062499
o_min,-7.52130019267334
o_min,-10.65411210507129
o_min,2.564511976762207
o_min,-9.051280031476562
o_min,-9.917812206476562
o_min,-7.471551393476562
o_min,-8.42173900567334
o_min,-7.43400087167334
o_min,-9.019237107476563
o_min,-8.27017177467334
o_min,-13.7004288873916
o_min,-11.60303022007129
o_min,-9.906834222476562
o_min,-1.460996768528321
o_min,-7.44773311467334
o_min,-7.54790634867334
o_min,-9.613017815610595
o_min,-7.44540783967334
o_min,-10.66085310147656
o_min,-8.851050587476562
o_min,-6.68026591167334
o_min,-7.99511655867334
o_min,-5.8272283860625
o_min,-7.04280677167334
o_min,-11.33346836107129
o_min,-10.32657682047656
o_min,-9.00613084367334
o_min,-7.141943252316406
o_min,-9.950882160476562
o_min,-9.665673179450684
o_min,-9.848333946476563
o_min,-7.730895302610596
o_min,-4.9755853890625
o_min,3.411258953500488
o_min,-5.588359195476563
o_min,-9.001109349476563
o_min,-7.848098425673339
o_min,-8.599138641476562
o_min,-8.54309544567334
o_min,8.914495935937499
o_min,-3.8594063490625
o_min,-5.46478920067334
o_min,-8.13873615367334
o_min,-8.256300441476563
o_min,5.436194374211913
o_min,-6.64656426367334
o_min,-9.981685132071288
o_min,-7.80305354467334
o_min,-9.029695864610597
o_min,-8.42138337167334
o_min,-5.3725752420625
o_min,-6.96054963767334
o_min,-4.0032915660625
o_min,1.413962304523437
o_min,-12.27054729407129
o_min,6.06245304286084
o_min,-10.35789572745068
o_min,-8.470494450673339
o_min,-8.433259080610595
o_min,-10.4707484266106
o_min,-8.929447306610596
o_min,1.54201771732666
o_min,-5.4619469070625
o_min,-7.68859917167334
o_min,-7.05031477267334
o_min,-7.3215996410625
o_min,-0.6812632180672606
o_min,2.453837356661377
o_min,-6.8390428090625
o_min,-8.884620615476562
o_min,-5.412905184062501
o_min,-8.068881866071289
o_min,-8.34436676267334
o_min,-8.67057797167334
o_min,-6.3307627370625
o_min,-6.5784651050625
o_min,-4.616545852476563
o_min,-9.86613125611963
o_min,9.83482210158252
o_min,-9.727471970610596
o_min,-8.04870784067334
o_min,-10.0514198646106
o_min,-6.853879267119629
o_min,-7.99917827767334
o_min,-11.49482943707129
o_min,-8.832820835610596
o_min,-4.7346029410625
o_min,-5.582867899062499
o_min,-8.06651726367334
o_min,2.775292056971435
o_min,-8.182535481673339
o_min,-8.55362431167334
o_min,-8.59887612367334
o_min,-6.407511401673339
o_min,-8.178218847476563
o_min,-7.42250613167334
o_min,-8.64579279267334
o_min,-7.881318291071289
o_min,-6.2875813310625
o_min,-7.747458898476562
o_min,-1.716679098338623
o_min,-6.59178365267334
o_min,-8.697355047673339
o_min,-6.33710517467334
o_min,-12.44329366007129
o_min,-7.327281628476562
o_min,-2.49762299267334
o_min,-6.84609286567334
o_min,-5.7958643400625
o_min,-7.0118100060625
o_min,-8.06155471467334
o_min,8.211508697399413
o_min,-7.718856232476562
o_min,-7.52876204267334
o_min,-8.238320026476563
o_min,-7.17051724567334
o_min,-9.597169492476562
o_min,-5.5938034240625
o_min,-4.2667714100625
o_min,-5.76532784367334
o_min,-11.47802105247656
o_min,-9.193099392476562
o_min,4.269258928419678
o_min,-5.9688954520625
o_min,-9.585024527476564
o_min,-3.7548662840625
o_min,-8.308999497673339
o_min,-7.34268760967334
o_min,-5.82771133567334
o_min,-9.301149816610597
o_min,-8.15654442967334
o_min,-6.134653384071289
o_min,-8.126036872673339
o_min,0.7625866926613769
o_min,-6.348784096316406
o_min,-2.8388471690625
o_min,-9.066151018450684
o_min,-8.01385993667334
o_min,-10.04503910147656
o_min,-9.110099992476565
o_min,-10.03370694247656
o_min,-10.54909149367334
o_min,-9.197741361476565
o_min,-6.67658219367334
o_min,8.868398641762207
o_min,-4.12124309167334
o_min,-10.0105991646106
o_min,-8.04014736367334
o_min,-9.111037660476562
o_min,-8.529186588476563
o_min,-9.767166217610596
o_min,-6.25233300067334
o_min,-8.38718999267334
o_min,1.191555020495118
o_min,-6.79481413467334
o_min,-7.89001981067334
o_min,-4.731900636673339
o_min,-8.10861648267334
o_min,-8.535394510476563
o_min,-2.9625709930625
o_min,-10.25806427107129
o_min,-12.69795910192407
o_min,-6.0203572630625
o_min,8.680220576483398
o_min,-5.312683289316406
o_min,-7.058035733476562
o_min,-8.74887493567334
o_min,-8.05064748667334
o_min,-6.9622285840625
o_min,-10.3297024976106
o_min,-3.523207530610596
o_min,-6.43345274367334
o_min,-9.697382048450685
o_min,-8.412170585119629
o_min,1.654187145749024
o_min,4.694703769795533
o_min,-8.201292127610596
o_min,-7.832869625476563
o_min,-8.354125608476563
o_min,-9.632571416476562
o_min,-10.33117764107129
o_min,-7.35286785067334
o_min,-7.627291166476563
o_min,-9.690979097476562
o_min,-9.876812079476563
o_min,-10.17692912407129
o_min,-11.18047738967334
o_min,-6.74337530067334
o_min,-8.12162625367334
o_min,-7.121419816476562
o_min,-5.4805572520625
o_min,-10.63053990547656
o_min,-5.655722356062499
o_min,-7.24660479467334
o_min,-10.00041084047656
o_min,-5.60939816067334
o_min,-2.447967643824135
o_min,-8.085574857476562
o_min,3.472969117326659
o_min,-6.89154054367334
o_min,-8.63479798767334
o_min,-7.643489322673339
o_min,-9.357722917610596
o_min,-7.58840212667334
o_min,-4.55177253767334
o_min,-0.3105324176733397
o_min,-7.76751860867334
o_min,-5.339586932023205
o_min,-6.47294605867334
o_min,-6.90343438267334
o_min,-3.63589229367334
o_min,-8.123434932673339
o_min,-8.155643675476563
o_min,-5.9124601230625
o_min,-9.584223445476562
o_min,-9.687814488476562
o_min,-5.770100938476562
o_min,-8.774272526476562
o_min,-1.286273366067261
o_min,-10.22944280647656
o_min,-8.974368008610597
o_min,-9.630471046476565
o_min,-9.380641453450684
o_min,-8.186351840476563
o_min,-8.12643959767334
o_min,-8.106368370476563
o_min,3.920618674122803
o_min,-8.193573708610597
o_min,-8.470545046450685
o_min,6.878434632314453
o_min,-8.03152576367334
o_min,-9.890595046450684
o_min,-8.57402414767334
o_min,1.1619207999375
o_min,1.6864223359375
o_min,-12.20017769992407
o_min,-8.48709814467334
o_min,0.8928319909375002
o_min,-10.29306185847656
o_min,-10.66011184907129
o_min,-8.804375885450684
o_min,-8.87401709107129
o_min,-12.51786642311963
o_min,-10.20639921907129
o_min,-4.35188326567334
o_min,-6.926987352610595
o_min,-6.90468678067334
o_min,-7.83771807967334
o_min,-5.2298300500625
o_min,-8.16345032467334
o_min,-9.99604906107129
o_min,-8.864909923476562
o_min,-11.90163039292407
o_min,-8.53535954867334
o_min,-6.125302457062499
o_min,-7.78407787067334
o_min,-5.54532948767334
o_min,-10.5816913726106
o_min,-9.664778462476562
o_min,-9.713913370476565
o_min,-9.63191416107129
o_min,-5.0979335530625
o_min,-7.94496317267334
o_min,-4.6541269720625
o_min,-9.177590745476564
o_min,-12.64772594807129
o_min,-4.8188381320625
o_min,-9.125342700610595
o_min,-8.891067290476563
o_min,5.084355821946533
o_min,-1.8907946460625
o_min,-7.318581114476562
o_min,-3.594823462476563
o_min,-9.150474038610596
o_min,-7.205493814476562
o_min,-7.70491442067334
o_min,-5.670320800673339
o_min,-10.38473519167334
o_min,-9.998782773476565
o_min,-8.6990481720625
o_min,4.95548251326001
o_min,4.843156566636719
o_min,-5.74991613167334
o_min,-6.0181200730625
o_min,-7.10030978867334
o_min,-5.13003550367334
o_min,-8.905556961610596
o_min,-7.69907895167334
o_min,-6.8874115940625
o_min,-7.50908846767334
o_min,-7.11955475367334
o_min,-9.457247586610595
o_min,-10.9804477038772
o_min,-0.9128300616105952
o_min,-9.777703940476565
o_min,-12.49301356845068
o_min,-5.33147519767334
o_min,-10.00032287747656
o_min,-7.759330220450684
o_min,-8.216585389476563
o_min,-7.0692922500625
o_min,-6.65254994367334
o_min,3.71273715152417
o_min,-6.2401110490625
o_min,-9.33608867667334
o_min,-8.994509332610596
o_min,-9.086480965476564
o_min,-7.454238763476562
o_min,-9.957425789610596
o_min,-7.578970889610596
o_min,-12.03477466947656
o_min,-7.08651215967334
o_min,-4.525978414476563
o_min,1.714399629438477
o_min,-1.030761011476563
o_min,-11.63742870407129
o_min,0.6960501633266603
o_min,-9.004978716476563
o_min,-8.453966529476563
o_min,-9.392450673610597
o_min,-5.8422117060625
o_min,-9.31716754967334
o_min,-8.26174235667334
o_min,-9.455082774476562
o_min,9.365923547661378
o_min,-9.06745822867334
o_min,-9.36088380067334
o_min,-6.141558856476562
o_min,-8.079533418476563
o_min,-8.29757238807129
o_min,-9.118571761610596
o_min,-4.39815328567334
o_min,-7.72991530067334
o_min,-9.315950211610597
o_min,1.275651440399414
o_min,-3.82889887467334
o_min,-8.716381867476562
o_min,-0.8734859870624998
o_min,-9.903726175071288
o_min,-5.2507784670625
o_min,-4.994202699673339
o_min,-9.052142023610596
o_min,-5.256572086071289
o_min,-11.09501399147656
o_min,2.147793142030274
o_min,-4.5476774010625
o_min,-7.70843642867334
o_min,-5.8571370740625
o_min,-4.0467568460625
o_min,-10.41429460707129
o_min,-8.84141722367334
o_min,-8.988345808071289
o_min,-8.87170094567334
o_min,-0.0127059170624992
o_min,-10.21081449867334
o_min,-0.1507280410625
o_min,-4.4953273720625
o_min,-9.412220045476564
o_min,-7.70698208667334
o_min,-8.927118272476562
o_min,-9.480948229476562
o_min,-7.12956459167334
o_min,-3.47778782467334
o_min,-6.394295033673339
o_min,-9.518082063476562
o_min,2.642871338484985
o_min,-2.599584046610596
o_min,-5.755761259542725
o_min,-8.833369529476563
o_min,-0.5511224970624999
o_min,-8.719557014610595
o_min,-5.375280716476563
o_min,-8.578997867610596
o_min,-6.97193560867334
o_min,-5.519375643610596
o_min,-6.84501255667334
o_min,-3.778283249514893
o_min,-3.7409703770625
o_min,-3.613405755610596
o_min,-0.3903384386733393
o_min,-9.472011920476564
o_min,-10.76064390807129
o_min,-10.54642685547656
o_min,-6.479486635476563
o_min,-6.2238153750625
o_min,-5.87134935867334
o_min,-7.01421092167334
o_min,3.578682141749024
o_min,3.323902511763794
o_min,-6.20849930767334
o_min,-13.7303693183916
o_min,-9.567886443476562
o_min,-7.1366713000625
o_min,-7.464073319673339
o_min,-5.442726331476562
o_min,-8.990683037476563
o_min,-7.52623164667334
o_min,-5.8683473820625
o_min,-9.03892903867334
o_min,5.632606707555664
o_min,-10.08654293707129
o_min,-8.02213842067334
o_min,-10.69122310647656
o_min,-7.15009735267334
o_min,-7.3060020390625
o_min,-10.18945875547656
o_min,-3.867966450610596
o_min,-12.02987999007129
o_min,-7.23770864867334
o_min,-9.306113329476563
o_min,-5.511155660062499
o_min,-7.245253754062499
o_min,-6.7717355040625
o_min,-10.15557537947656
o_min,-3.344272867610596
o_min,-8.60646611367334
o_min,-5.6046023120625
o_min,-13.2458732373916
o_min,-8.083778038476563
o_min,0.3372382175869139
o_min,-7.117763041316406
o_min,-8.05371610067334
o_min,-8.850285998673339
o_min,-7.7862612620625
o_min,-7.840830993610596
o_min,-11.48941393807129
o_min,6.48355050732666
o_min,-8.509539052476562
o_min,1.970510550389404
o_min,-1.107523335799804
o_min,-5.6618955770625
o_min,-3.8502413220625
o_min,-5.40306197767334
o_min,-10.17944953747656
o_min,-9.706681874476562
o_min,-5.324903375476563
o_min,-8.65858000567334
o_min,-9.79863479367334
o_min,-8.85795288767334
o_min,-6.75439533767334
o_min,-0.0587673903137204
o_min,-8.573300499476563
o_min,-8.583834860877197
o_min,-8.97967471567334
o_min,-9.644165481476564
o_min,-3.970808240476562
o_min,-7.51386706567334
o_min,-5.159118043062501
o_min,-5.71764211267334
o_min,-5.847793410062501
o_min,-7.996378459071289
o_min,2.020477194326416
o_min,-11.46213732372998
o_min,-6.64412284267334
o_min,-8.715383149476562
o_min,-7.74640750367334
o_min,-8.555865244071288
o_min,-6.2751296430625
o_min,-6.0699508310625
o_min,-10.50131836647656
o_min,-7.07042311967334
o_min,-7.83010122367334
o_min,1.972911949419678
o_min,-5.9427348260625
o_min,-11.11405345147656
o_min,-7.22556888667334
o_min,-6.1424986390625
o_min,-6.215828602316407
o_min,-9.455093432476565
o_min,-6.268500224610595
o_min,-9.860465286476565
o_min,-10.04141029847656
o_min,1.583694963661377
o_min,-6.98781787367334
o_min,-10.21741208247656
o_min,-7.73194412767334
o_min,-8.87205999567334
o_min,-5.2992240090625
o_min,-7.844532991476562
o_min,-10.03084305245068
o_min,-7.57790846367334
o_min,-9.823564298476562
o_min,-9.430527205476562
o_min,2.208351639587158
o_min,-7.33042150267334
o_min,-4.752833366316406
o_min,-3.2677188810625
o_min,-6.63408679367334
o_min,-7.855060450476563
o_min,-7.46921688867334
o_min,-4.1499995960625
o_min,-7.517666081476563
o_min,-7.482163996476562
o_min,-0.2857805228332521
o_min,3.923160905399414
o_min,-7.12047981267334
o_min,-3.590849198476563
o_min,-10.15583936247656
o_min,-7.873181469610596
o_min,-8.34582430311963
o_min,-5.250760060316406
o_min,-9.07218838909375
o_min,-9.598834970610596
o_min,-5.0442431230625
o_min,-9.518571050476565
o_min,5.334407878419678
o_min,-5.444636920673339
o_min,-8.10382078367334
o_min,-8.07923100767334
o_min,-8.44756668367334
o_min,-6.779286186071289
o_min,-6.155894910316406
o_min,-5.56291574267334
o_min,-5.7243357820625
o_min,-9.210954173476562
o_min,-12.4955853453916
o_min,-2.721901327019776
o_min,-10.2663433516106
o_min,-6.2919220220625
o_min,-8.09710457467334
o_min,-10.18733870747656
o_min,-10.11979440145068
o_min,-7.99050343067334
o_min,-10.68510783567334
o_min,-6.840999852316406
o_min,-8.901788108476563
o_min,-2.48004738815332
o_min,-10.24245140807129
o_min,-9.376481169476564
o_min,-9.42937182967334
o_min,-8.176769398476562
o_min,-6.37141101267334
o_min,-6.35557299667334
o_min,-7.15152270667334
o_min,-9.338851032476562
o_min,-8.07407429467334
o_min,-11.56832013647656
o_min,2.885510621485107
o_min,-8.15053324467334
o_min,-4.5188682960625
o_min,-7.46135895967334
o_min,-5.897707965476562
o_min,-5.830137255253662
o_min,-8.893070260610596
o_min,-4.1196148400625
o_min,-1.991066141610596
o_min,-10.16269352447656
o_min,-6.95670720767334
o_min,-3.794062367081299
o_min,-8.85495238267334
o_min,-9.311237107610596
o_min,-5.84818331667334
o_min,9.21791551488037
o_min,-8.91961236267334
o_min,-16.6100722006665
o_min,-4.510485494542724
o_min,-5.401085953542724
o_min,-8.943313223610595
o_min,-10.45696627747656
o_min,1.93647965232666
o_min,-9.314503745476562
o_min,-7.22940248167334
o_min,-6.366511750316406
o_min,-9.827233196476564
o_min,-8.978583517450684
o_min,-8.60931645567334
o_min,-7.17842591567334
o_min,-5.8037787610625
o_min,6.465195625586913
o_min,6.446246200389405
o_min,-4.45708051167334
o_min,-3.74182769067334
o_min,-6.34507292267334
o_min,-8.434359275673339
o_min,-2.907252047542725
o_min,-6.870288704610596
o_min,-7.596704657316407
o_min,-5.1840083060625
o_min,-6.652971963673339
o_min,1.609963224483399
o_min,-6.294795071316406
o_min,-13.50557792592407
o_min,-7.18441705167334
o_min,-10.02506926707129
o_min,-10.29479844947656
o_min,-8.886131901476563
o_min,-6.402783763542724
o_min,-8.87282427867334
o_min,-8.715057493071289
o_min,-8.865435716071289
o_min,2.358269251661377
o_min,-5.1565343930625
o_min,10.14709524652344
o_min,-8.78803423967334
o_min,-7.941763275071289
o_min,-8.561910122476563
o_min,-4.762002702316407
o_min,-6.869171409316406
o_min,-8.45781550267334
o_min,-9.490935340610596
o_min,-5.271766094316407
o_min,-4.314657582913208
o_min,-8.398460686610596
o_min,-6.7975071660625
o_min,-6.795614084316407
o_min,-8.907749546877199
o_min,-10.0574106006106
o_min,-8.053644657450684
o_min,-9.634805228476562
o_min,-4.586176439542724
o_min,-9.19123077211963
o_min,-7.365568003253662
o_min,1.556440593495116
o_min,-6.554783745542725
o_min,-8.841870663119629
o_min,-7.346213459316406
o_min,-8.775066595253662
o_min,-7.245154372610596
o_min,-7.598522568316406
o_min,-6.751460189316406
o_min,-5.922898189316406
o_min,-8.18023896267334
o_min,-4.008091322119629
o_min,1.581131290819825
o_min,-1.4813399310625
o_min,-2.83684685967334
o_min,-3.35308331609375
o_min,-6.222734818542724
o_min,-0.2862525615427245
o_min,-6.612915406542725
o_min,-6.015538145316406
o_min,-7.817387606316406
o_min,-6.818639167119629
o_min,-8.58673271811963
o_min,-2.552090311164307
o_min,-6.206745422316407
o_min,-8.424496090119629
o_min,-9.586906807119629
o_min,-8.212464296253662
o_min,-7.697778387119629
o_min,-6.197882714542724
o_min,-8.321410574119628
o_min,-6.870960717316407
o_min,-7.778978003253663
o_min,-7.492947891119629
o_min,2.962718269973145
o_min,-6.388336665119629
o_min,-8.75526591211963
o_min,-6.112313338316406
o_min,-7.954856512119629
o_min,-9.16846542611963
o_min,-9.72256254611963
o_min,-4.706015733542724
o_min,-8.398287775316406
o_min,-10.3570428788772
o_min,-9.451771279877196
o_min,0.4012327295708005
o_min,-8.909102279316407
o_min,-7.627770799316406
o_min,-7.308209003316406
o_min,-7.504373289119629
o_min,-7.243670249316406
o_min,-1.431815332542724
o_min,-8.731102424119628
o_min,-3.822628318542725
o_min,-4.118179965316406
o_min,-9.874163587119629
o_min,2.52629015486084
o_min,-8.82093455111963
o_min,-4.291282796542724
o_min,-6.358755644542724
o_min,-5.772820603316406
o_min,-6.540626287316407
o_min,-4.362035377542725
o_min,-7.577717916253662
o_min,-9.35665664209375
o_min,-6.766911260316406
o_min,-5.287034005542725
o_min,4.643555053419678
o_min,-6.716429262316407
o_min,-4.116064609542724
o_min,-6.654474301316406
o_min,-7.732813817877197
o_min,-9.61508077511963
o_min,-8.191537893253662
o_min,-6.363997801316407
o_min,-6.621947568542724
o_min,-6.916067775316407
o_min,-5.590639571316406
o_min,2.541520957906616
o_min,-7.354150020316406
o_min,-6.735990045316406
o_min,-8.539399333253662
o_min,-9.037386540119629
o_min,-7.471495793316406
o_min,-9.829062567119628
o_min,-5.012156869542725
o_min,-5.078164375542725
o_min,-6.923333335119629
o_min,-6.339069380316406
o_min,5.513409016483399
o_min,-8.111884773119629
o_min,-5.356621126542725
o_min,-5.270033839316406
o_min,-9.113722323119628
o_min,-9.52158318611963
o_min,-6.289023737542725
o_min,-8.781120277119628
o_min,-9.815226260316406
o_min,-9.513280992119627
o_min,-8.31364488511963
o_min,1.414800209200195
o_min,-8.324579614119628
o_min,-7.560725672119629
o_min,6.054157755683594
o_min,4.066446244880371
o_min,-3.554955722316406
o_min,-4.881423904542725
o_min,-7.009412415253662
o_min,-7.032028854316407
o_min,-7.016823569316406
o_min,6.438463088839844
o_min,-9.44630345511963
o_min,-7.448151375316407
o_min,-8.00387652609375
o_min,-4.847877078542725
o_min,-6.020237257542725
o_min,-7.384350702316406
o_min,-2.593945701542725
o_min,-9.78137246411963
o_min,-4.625136413542725
o_min,-5.728437213316406
o_min,1.387317422570801
o_min,-7.643760078316406
o_min,9.45397707390625
o_min,4.730706347457275
o_min,-1.721935397542725
o_min,-7.124629939119629
o_min,-4.630669683542725
o_min,-5.856918299316407
o_min,-4.954161998316407
o_min,-4.113908241542725
o_min,-5.208760656542724
o_min,3.295764410302124
o_min,-4.983396390316406
o_min,-7.397574547316406
o_min,-5.755662901316407
o_min,-8.546913182253661
o_min,-7.332673375316406
o_min,-8.219041651253661
o_min,-6.790540546316406
o_min,-5.271466659542725
o_min,-5.847011535542725
o_min,-7.451882479316406
o_min,6.982802369099366
o_min,-8.080950737119629
o_min,4.845011725683595
o_min,-5.360751485316406
o_min,-6.202031982542724
o_min,-8.17758513011963
o_min,-7.334194177253663
o_min,-8.17195822311963
o_min,-5.44081798611963
o_min,4.17824820488037
o_min,-7.457362592119629
o_min,-1.519733470580323
o_min,-7.396168854316406
o_min,-10.58758773211963
o_min,-5.506052081542725
o_min,-9.07881809611963
o_min,-5.526304603316406
o_min,-9.03423807725366
o_min,-10.4687158118772
o_min,14.1896233371228
o_min,-6.202274593542724
o_min,-7.470357490119629
o_min,8.910957530661378
o_min,-9.954222782093751
o_min,-6.114400600542725
o_min,-5.679703537316406
o_min,-8.139306545119629
o_min,-6.535125561316407
o_min,-12.48559062211963
o_min,-3.067977009316406
o_min,-7.688081868119629
o_min,-10.62198930811963
o_min,-6.556148375316406
o_min,-1.842162512788086
o_min,-8.466674042542724
o_min,-5.259883106542725
o_min,-9.55018098111963
o_min,-9.16796010911963
o_min,-7.813745289316406
o_min,-7.970990682119629
o_min,-10.5831661258772
o_min,-8.747795857253662
o_min,-1.404074199489502
o_min,-7.907980672316406
o_min,-7.417275289316406
o_min,-6.141354871542725
o_min,-7.251693602316406
o_min,-10.12388769209375
o_min,-8.889813386253662
o_min,-1.611432402316407
o_min,-7.321928306316407
o_min,-2.562350233316407
o_min,-6.276251641316406
o_min,8.421555128570802
o_min,-5.024668046316407
o_min,-4.545905381542724
o_min,-7.507597618316407
o_min,-7.792489612316406
o_min,-7.512439464316406
o_min,-6.291162807316407
o_min,-3.764118896119629
o_min,-8.840236115253662
o_min,-7.535436677316406
o_min,-8.229232177119629
o_min,3.966505863581298
o_min,-8.613332399316405
o_min,-5.279733689542724
o_min,-7.708902105316406
o_min,-7.300516558316406
o_min,9.803653047122802
o_min,-8.01198757111963
o_min,-1.696819901316406
o_min,-9.884823445316409
o_min,-8.899464795119629
o_min,-1.239125932600586
o_min,-9.354588742253664
o_min,-3.384410438542725
o_min,-11.2118230038772
o_min,-11.09418496711963
o_min,-7.256382459316407
o_min,-7.249118840119629
o_min,-7.227461650316406
o_min,-12.86867318319751
o_min,-6.513018808119629
o_min,-0.3803176125427248
o_min,2.391861204636719
o_min,-8.014248322316407
o_min,-6.888265834316407
o_min,-8.622665415119629
o_min,-4.491391184542724
o_min,-5.045990206542724
o_min,-6.786590085316407
o_min,-6.877044934316406
o_min,-4.837935582316407
o_min,-3.607116873316406
o_min,6.543810317122803
o_min,5.217757958012696
o_min,-6.162699254316406
o_min,-4.210341619542724
o_min,-10.81694087025366
o_min,-6.174697620119629
o_min,-4.728921207542724
o_min,-10.30306670725366
o_min,-2.402623665119629
o_min,-8.229475427316407
o_min,13.17757265568359
o_min,6.198183461661377
o_min,-8.861992228119629
o_min,-7.954970020316407
o_min,-5.031830780542725
o_min,-9.95747978611963
o_min,-7.966884975316407
o_min,-8.485284495119629
o_min,-8.637138471253662
o_min,-8.492508644253661
o_min,-9.72164582411963
o_min,3.631404122661377
o_min,-4.274347321542725
o_min,-6.182408154542724
o_min,-7.982425258119629
o_min,-6.581722458316406
o_min,2.968179375683594
o_min,-6.064872035316406
o_min,-8.167925078316406
o_min,-9.537483066119629
o_min,-8.495804991316406
o_min,-6.377380885316407
o_min,1.100966798655762
o_min,-9.246686510119629
o_min,-7.432549165119629
o_min,-9.25895784011963
o_min,-9.488088462119627
o_min,-4.689207785542725
o_min,-4.775402440316406
o_min,-5.562648772542724
o_min,-7.260649153316407
o_min,-5.333136845542725
o_min,-5.352335423316406
o_min,5.254000506946533
o_min,-7.405044819119629
o_min,-9.02687068611963
o_min,-9.345545619877196
o_min,-7.712895624316406
o_min,-7.392586664316406
o_min,-7.851782734542724
o_min,-7.670783475316406
o_min,-5.527878146316406
o_min,-6.887293650316407
o_min,-9.460583606119627
o_min,-9.38756629711963
o_min,-5.929624466316406
o_min,-9.104775497119627
o_min,-9.264636287119629
o_min,-7.470603244316406
o_min,-4.177096669542724
o_min,-8.54513163711963
o_min,-5.882371140316407
o_min,-8.613378168316407
o_min,-2.328160544354981
o_min,-8.412122036119628
o_min,-6.267415822316407
o_min,-11.2826758848772
o_min,2.372261026880372
o_min,-4.251492711316406
o_min,-8.325418759316406
o_min,-2.562166416316406
o_min,-5.927861842542725
o_min,-8.47618442011963
o_min,-6.482560356316406
o_min,-1.438093543206299
o_min,-6.945290052316406
o_min,-8.05044449811963
o_min,-7.040665696542725
o_min,-8.295334812119629
o_min,-10.62679842111963
o_min,-8.926903374316407
o_min,-6.819286519316407
o_min,-9.131856416119629
o_min,-6.635186278316406
o_min,-0.2349661797880866
o_min,-8.67046498409375
o_min,-7.228610316119629
o_min,-9.206349229253664
o_min,-8.41589738011963
o_min,-7.354606923119629
o_min,-6.543200615316406
o_min,-8.769490231253663
o_min,-3.378812936316407
o_min,-7.925919812316407
o_min,-7.381113238316406
o_min,3.59032503952417
o_min,-8.370624003119628
o_min,-8.257225685119629
o_min,-7.190862145316406
o_min,-7.212365270316406
o_min,-5.466766769542724
o_min,-4.55897153309375
o_min,-6.023652680316406
o_min,-6.693275966316406
o_min,-6.456375512316406
o_min,-11.72349343172998
o_min,5.341749480102539
o_min,-9.855875240877197
o_min,-3.688971439542725
o_min,-6.192684043316406
o_min,-5.769205068316406
o_min,-8.802716575119629
o_min,-8.402260149119629
o_min,-5.117866957316407
o_min,-3.531475828119629
o_min,-9.11877984411963
o_min,-9.00281380311963
o_min,1.376160672483398
o_min,-7.992448793316406
o_min,-5.103600398542724
o_min,-5.108560457542724
o_min,-8.945043358253661
o_min,-6.794511571253662
o_min,-6.273233260316406
o_min,3.820747520122802
o_min,1.112074001683593
o_min,-9.269216668316409
o_min,-5.341430545542725
o_min,3.329067645570801
o_min,-4.417880938542725
o_min,-1.495414309542725
o_min,-7.021403908316406
o_min,-6.950313254316407
o_min,-4.411950268542725
o_min,-9.268735660877198
o_min,-7.359735430316406
o_min,-6.265933108316406
o_min,-8.510973039253662
o_min,-6.361638858253662
o_min,-1.506658765600586
o_min,-8.407639909316407
o_min,-0.8584880771196293
o_min,-8.044137313119629
o_min,-7.361506061316407
o_min,-5.800743454316406
o_min,-10.11658651509375
o_min,-9.295076746119628
o_min,-8.709010185119629
o_min,-6.852933601316407
o_min,-0.8261875341688232
o_min,-6.420669413542725
o_min,-6.392765474316406
o_min,-8.145942767119628
o_min,-7.742985918119629
o_min,-7.637850113316406
o_min,-3.375571680542724
o_min,-7.531135656119629
o_min,-6.043775820316406
o_min,-6.301595838542725
o_min,-7.412945407316406
o_min,-0.8468060355803226
o_min,-5.496511343542725
o_min,-3.399485932542724
o_min,-9.32755019711963
o_min,-6.178450436316407
o_min,-0.7023067373164062
o_min,-6.078569205316406
o_min,-4.726069346542724
o_min,-7.486238768253662
o_min,-8.524307813316407
o_min,-7.331374420316406
o_min,6.023232796012696
o_min,-9.74799237311963
o_min,-5.959995334119629
o_min,-3.834173926542725
o_min,-3.737948932316407
o_min,-7.066208423253662
o_min,-7.853916174253662
o_min,-4.703440087542725
o_min,-8.586610612316406
o_min,-7.096469214119629
o_min,1.991865272793701
o_min,-4.977506144516601
o_min,-6.670634774316406
o_min,-7.121132210316406
o_min,-8.350144517316407
o_min,-11.0571652258772
o_min,-5.607811229316406
o_min,-7.273573627253662
o_min,-8.41557485009375
o_min,-8.876950101093751
o_min,-0.5264968541196291
o_min,-3.493315840542724
o_min,2.314553109661377
o_min,-9.052416876316409
o_min,-7.359950340316407
o_min,-6.446275790119628
o_min,-7.930653973316407
o_min,-6.961273289316406
o_min,-8.434548925119628
o_min,-8.089777643253662
o_min,-8.051099083316407
o_min,-6.901584189316406
o_min,-8.027462307316407
o_min,8.783848721990722
o_min,-7.841358879119629
o_min,-8.307328298119629
o_min,-9.199992283119627
o_min,-4.998966018542724
o_min,-8.350556944253661
o_min,-9.00434603211963
o_min,-7.966118065119629
o_min,-9.227824536119629
o_min,-4.423018128316406
o_min,-9.538279392316406
o_min,8.05369159182959
o_min,-5.965576872316406
o_min,-8.407745933253661
o_min,-8.048485265316407
o_min,-9.609932424119627
o_min,-11.62770458219751
o_min,-8.964043780253663
o_min,-5.634397942119628
o_min,-7.108261734119629
o_min,-8.804222536119628
o_min,-2.594555760316406
o_min,-8.63379474211963
o_min,-7.114584897119629
o_min,-8.787638947119628
o_min,15.39208718488037
o_min,5.389188045683595
o_min,-8.706332435119629
o_min,-6.136962611119629
o_min,-3.681802514119629
o_min,0.2450218666613768
o_min,-8.554043483316406
o_min,-3.365943177542724
o_min,-4.641926132542725
o_min,13.38867991745727
o_min,-8.98142648609375
o_min,-5.447303588542725
o_min,-5.788815754542725
o_min,-9.07838884311963
o_min,-9.545015932119629
o_min,-8.539048012119629
o_min,5.029260082959961
o_min,-4.678177275119629
o_min,-7.911273833119629
o_min,-7.355418859316407
o_min,-7.380412341316406
o_min,-6.743647686119629
o_min,-7.513558051316406
o_min,4.689369993906251
o_min,-6.330727685316406
o_min,-8.057886964877197
o_min,-6.937960431316406
o_min,-1.511958382516601
o_min,-6.948727267119629
o_min,-9.581206173119629
o_min,-5.935299271316406
o_min,-4.452201938542725
o_min,-5.980562671542724
o_min,-7.468857979316406
o_min,0.8340933266835933
o_min,-3.429569560542725
o_min,-10.07294602011963
o_min,-7.292420449316406
o_min,0.7395037129599613
o_min,-8.811189582316405
o_min,-9.809313547119627
o_min,-4.481562358119628
o_min,-6.893374726253662
o_min,-9.06989897111963
o_min,0.2006144316835936
o_min,-3.480208236542724
o_min,-7.595922645316406
o_min,-5.390907890542724
o_min,3.62068025086084
o_min,-9.08604719611963
o_min,-6.988244042316406
o_min,-7.565934973316407
o_min,-0.5378256433164061
o_min,-15.94245091619751
o_min,-8.647207482253663
o_min,-8.732099067093749
o_min,-5.212850929316407
o_min,5.561599558746337
o_min,-8.692287852316406
o_min,-1.299175663206299
o_min,6.192192703570801
o_min,-8.167331661316407
o_min,-6.855521112316406
o_min,-4.957179627316407
o_min,-6.100694958119629
o_min,-4.657257789542724
o_min,-7.821774226316406
o_min,-6.384863901316407
o_min,-5.390319427316406
o_min,-7.218716803119629
o_min,-8.099457607316406
o_min,3.572831330211914
o_min,-4.053952119542725
o_min,-8.857309100316407
o_min,-8.419125784119629
o_min,-8.570045642316407
o_min,-6.464505524316406
o_min,-8.784759016253663
o_min,-6.394048420316406
o_min,-5.503447800542725
o_min,-7.166752174119629
o_min,-9.781808157253662
o_min,0.1630023326613772
o_min,-7.337463874316406
o_min,-8.038119215316406
o_min,-7.528752814119628
o_min,-8.93855385811963
o_min,20.73044399488037
o_min,-6.008728196316406
o_min,-7.43468930609375
o_min,-0.9005926915427249
o_min,0.3128665508803712
o_min,-6.135437962316406
o_min,-0.6225236914291994
o_min,-8.059393674542724
o_min,-2.496777213316406
o_min,-5.874077024316406
o_min,-10.06562875609375
o_min,-5.632314315316407
o_min,-7.143340874093751
o_min,-7.877422201316406
o_min,-6.374861052542725
o_min,-6.820733205119629
o_min,-6.100220457316406
o_min,4.732768269661377
o_min,-9.352965981253664
o_min,-2.616563923542724
o_min,-7.478251484316406
o_min,-6.973035740316407
o_min,17.79066379745727
o_min,-8.118263061253662
o_min,-6.743729451316407
o_min,-6.641588118542725
o_min,-1.465703998119629
o_min,-7.149427948316406
o_min,-5.444725426542725
o_min,-7.703155822316406
o_min,-6.361785630316406
o_min,-6.96669297409375
o_min,-8.199336874316407
o_min,-9.79361566211963
o_min,-8.997899741119628
o_min,-8.833371688119628
o_min,-6.562063932316407
o_min,-6.440521600542724
o_min,4.11414489352417
o_min,-10.54673109111963
o_min,-7.214750606253662
o_min,-4.411282432542725
o_min,-6.490182820316406
o_min,-6.135653001316406
o_min,3.501280604880371
o_min,-8.194783097119629
o_min,-1.577582724316406
o_min,-5.531601484542724
o_min,-2.437309323542725
o_min,-9.126682872833252
o_min,-7.160959475119629
o_min,-6.787228507316407
o_min,-5.078309163542725
o_min,-6.784773841316406
o_min,-7.083813332316407
o_min,-6.295352670316406
o_min,-6.366244638316406
o_min,-5.271130872542725
o_min,-4.112844085542724
o_min,-4.876691859316406
o_min,2.779732639986328
o_min,-8.63519031609375
o_min,-5.177417241542725
o_min,-7.375509526316407
o_min,-9.015587537119629
o_min,-4.434416875542725
o_min,-6.666183491316406
o_min,-4.701683620316406
o_min,-7.917141468316406
o_min,-6.894562722316406
o_min,-7.381548604316406
o_min,2.114482472485108
o_min,-6.84709772309375
o_min,-8.156978915119629
o_min,-9.330909518119627
o_min,-4.748065748542725
o_min,-7.014845241316406
o_min,-6.690398023316407
o_min,-8.869986083253663
o_min,-5.553582289542724
o_min,-9.139512782877198
o_min,-6.325623479316406
o_min,0.5596439687490236
o_min,-1.503253553250976
o_min,0.2613381076367194
o_min,-3.966239805316406
o_min,-7.303006232119629
o_min,-6.559177870542724
o_min,-6.648293892316406
o_min,-7.886721876253662
o_min,-6.180626905316406
o_min,-8.853195182316407
o_min,-0.8880606795427246
o_min,-11.20713985072998
o_min,-6.539393142316406
o_min,-9.59209362272998
o_min,-9.106103500877197
o_min,1.68830352344751
o_min,4.95070591784912
o_min,0.8614089501494142
o_min,11.46221099945166
o_min,0.6917823220198975
o_min,11.03213978358398
o_min,2.258913040661377
o_min,0.4391398297920532
o_min,3.582673769399414
o_min,-18.58133354897461
o_min,-1.286710396250976
o_min,-0.040888027028564
o_min,7.572163056632812
o_min,9.419401315546876
o_min,8.429454940545899
o_min,2.749939571661377
o_min,6.338866399242432
o_min,2.380041463024414
o_min,9.626160178120116
o_min,-4.127774351852173
o_min,14.99231699720312
o_min,2.211010074419678
o_min,5.354993381049439
o_min,-36.06298014787109
o_min,2.84389488251416
o_min,6.045283508489257
o_min,0.9936137303994136
o_min,1.575235774384765
o_min,-1.400646236206299
o_min,7.78064106058252
o_min,6.472782661044922
o_min,0.9899017404196776
o_min,-10.96197548201172
o_min,12.31650322712158
o_min,8.415682533337403
o_min,8.536262686390137
o_min,11.9120460706709
o_min,-7.245028695476318
o_min,-1.248216070368652
o_min,4.281289928330079
o_min,10.62297391859961
o_min,-0.95138191022461
o_min,7.808970066419677
o_min,2.783825675263673
o_min,-21.9179087073291
o_min,-0.97215751447583
o_min,-0.3348085640061033
o_min,4.693656477849121
o_min,-2.69220685786084
o_min,1.655740675546875
o_min,1.855752040993897
o_min,-13.15991899351074
o_min,2.807791123670898
o_min,-3.544656136580322
o_min,-3.018658684160155
o_min,7.406870548955077
o_min,-2.586671890368653
o_min,13.57885911075073
o_min,-4.750411104625243
o_min,3.245807230585937
o_min,5.085985946274413
o_min,7.927349895330078
o_min,11.96096125786621
o_min,12.08407028398828
o_min,13.48093586859961
o_min,4.989895057661377
o_min,4.055542865211914
o_min,-6.575920392204468
o_min,-3.208707432429198
o_min,6.236089549024414
o_min,-4.056262372833253
o_min,-35.73735708720459
o_min,-16.61822679351074
o_min,-4.249880131833251
o_min,-2.24290601022461
o_min,7.969541909390076
o_min,-7.61627979206726
o_min,8.068341002248534
o_min,-3.63223723506836
o_min,-2.453921490006103
o_min,-1.760482194204468
o_min,3.372497837817383
o_min,-0.0292826577050782
o_min,1.720632537232666
o_min,15.57400588018115
o_min,-7.92530500996704
o_min,12.57408525654688
o_min,-8.445206267705078
o_min,-5.655167996818847
o_min,-9.348854566818847
o_min,2.247106335683593
o_min,-8.912561547498779
o_min,-29.5110204543457
o_min,-19.79660726681885
o_min,-2.619680437498779
o_min,9.58127635559961
o_min,8.737828562215576
o_min,4.93369681493164
o_min,-1.794031511204468
o_min,-1.685240997851563
o_min,23.02324990317529
o_min,6.391581565663575
o_min,-9.78776249263916
o_min,1.432489878638184
o_min,9.691305673601562
o_min,-0.3959434839941398
o_min,0.4134014256542961
o_min,-6.907132879801026
o_min,4.745776060902344
o_min,3.532494602670898
o_min,6.179090712585937
o_min,7.809647118461914
o_min,10.59525708866357
o_min,-2.94770862782959
o_min,-4.158291320140869
o_min,13.68386803985547
o_min,-1.622036758067261
o_min,13.08245324994922
o_min,-4.546325379988647
o_min,-29.80556721263916
o_min,10.9520387197168
o_min,0.5880222779440922
o_min,5.077942683818359
o_min,-2.750948038226074
o_min,16.70183352781836
o_min,7.525105313515624
o_min,13.49418384566357
o_min,2.271489885708008
o_min,5.918809542800293
o_min,8.66072187559326
o_min,-4.206433023994141
o_min,12.85799663712158
o_min,15.1186133157168
o_min,2.429021269994873
o_min,-3.799087871062255
o_min,-2.729831690283204
o_min,-27.66468213216797
o_min,2.468377251649633
o_min,8.948317556654297
o_min,-11.10234699187988
o_min,9.024058384817383
o_min,6.976845158663574
o_min,-1.786646575097656
o_min,12.43230871994922
o_min,2.379801832640625
o_min,-8.482957962336425
o_min,-8.897736915097656
o_min,-12.35643239542383
o_min,-1.305168958570556
o_min,10.47603397542187
o_min,-3.393500641351562
o_min,17.00124572723633
o_min,-5.270291557298339
o_min,-8.155660958808593
o_min,4.675774437421875
o_min,-0.5424031040844728
o_min,-2.588158810847167
o_min,11.14694005390234
o_min,5.652745280654297
o_min,-0.3190539915092776
o_min,14.16223644328125
o_min,7.860769538585938
o_min,2.419529518461914
o_min,5.18538176652832
o_min,-5.42892251169922
o_min,17.12621463423633
o_min,4.238328042175294
o_min,-0.1663865941643063
o_min,-4.88955479263916
o_min,-2.19313240399414
o_min,-5.421793333286132
o_min,6.273414481236328
o_min,10.32266822430078
o_min,4.586821544147949
o_min,-13.15197834612793
o_min,-0.8207601354987792
o_min,-2.446806584788086
o_min,8.577893756981446
o_min,2.282030348851807
o_min,11.81343736519141
o_min,11.10198272523633
o_min,5.769806992175292
o_min,4.894783602175293
o_min,1.585699055981445
o_min,3.193185024749023
o_min,-3.249409138148193
o_min,8.057393781601563
o_min,8.617186746035156
o_min,-9.578295343994142
o_min,2.110501135176269
o_min,10.27318862194922
o_min,10.33081298046191
o_min,1.079966350046387
o_min,-1.939685471821289
o_min,-6.92955500072754
o_min,-20.59914584761231
o_min,-2.553023618098388
o_min,24.46170214106506
o_min,6.765252744610596
o_min,-11.69710025344177
o_min,2.981703982368454
o_min,-14.67992109324883
o_min,-9.809941161884613
o_min,-7.842497894032227
o_min,-14.50238526344177
o_min,-5.319025271164552
o_min,-9.545909293174622
o_min,-17.57395131335846
o_min,-6.986695259922851
o_min,-1.396277768330078
o_min,5.3726313845708
o_min,8.012618662510926
o_min,2.157840891863891
o_min,-11.30168534935974
o_min,17.65504734279754
o_min,18.72367804727905
o_min,-3.644655810862839
o_min,-0.3893152924459229
o_min,16.64149548701965
o_min,19.80295903427155
o_min,-0.3189467474291989
o_min,-12.06458555935974
o_min,-11.88285068467407
o_min,-6.13202955488086
o_min,-0.7330629745312507
o_min,-14.79677480335846
o_min,-17.65816976219666
o_min,4.621238297784974
o_min,13.70487045144409
o_min,-11.29293205247217
o_min,2.818424424981933
o_min,10.07878578911743
o_min,14.15809082024878
o_min,11.63866566155847
o_min,-3.392283129399413
o_min,18.42720020875
o_min,3.086793270248779
o_min,7.738644293163574
o_min,5.401478439464844
o_min,25.72919621976166
o_min,1.633123381232666
o_min,19.61435670247192
o_min,5.809310522317871
o_min,11.76689340052197
o_min,-6.168114586606446
o_min,26.80465275842041
o_min,-3.539288358950195
o_min,-1.431928991437989
o_min,22.07732927247192
o_min,21.83578848357056
o_min,8.55470549994751
o_min,0.757279294749023
o_min,23.81952284976166
o_min,2.075132769245606
o_min,5.754423790117432
o_min,-5.031905500169678
o_min,18.34983135887634
o_min,-0.8249565137402346
o_min,-2.712237231196289
o_min,18.10518087674683
o_min,3.704970717317871
o_min,10.17103804455566
o_min,9.84876500033203
o_min,14.94268382609314
o_min,5.476549738069336
o_min,5.834990605554932
o_min,19.78184010247193
o_min,13.35764709247192
o_min,11.01018969055566
o_min,8.321955763661133
o_min,-1.490438826216553
o_min,4.434877095570557
o_min,-3.372376457111816
o_min,6.705228400093139
o_min,24.47375855252197
o_min,-2.297481661437988
o_min,5.604828377803711
o_min,24.31701496522033
o_min,30.51202277841186
o_min,18.15135289255493
o_min,3.920760982527833
o_min,18.12270516555847
o_min,0.1456913731949081
o_min,8.066267366750001
o_min,28.30848694252197
o_min,-5.455106621437988
o_min,-1.558153086286621
o_min,11.47468855946484
o_min,12.88257608424878
o_min,2.789645121865723
o_min,9.745465052471925
o_min,6.379818416317871
o_min,7.920462050713379
o_min,-2.495398706465576
o_min,1.81496003249756
o_min,4.939399063851075
o_min,29.91753737522034
o_min,10.67515937646484
o_min,16.44849588411743
o_min,9.090053558865725
o_min,6.848813002661133
o_min,9.786702642661131
o_min,19.52257055247192
o_min,-2.439967223601685
o_min,-3.478765986682129
o_min,21.95103065252197
o_min,7.968143886558471
o_min,-0.2998599039896241
o_min,16.74229758555847
o_min,-8.221143213601685
o_min,12.58924996465918
o_min,9.94712062624878
o_min,5.580501314713379
o_min,-6.330046313740233
o_min,0.332604066166748
o_min,4.461064680117431
o_min,-7.521066892559814
o_min,8.343863523521971
o_min,-0.5977708396948245
o_min,4.185145718117432
o_min,19.56451613555847
o_min,10.32413617625976
o_min,10.13437396196436
o_min,5.348763577259765
o_min,28.70546791976166
o_min,-1.341584377036988
o_min,12.69931328274683
o_min,-3.384352249209961
o_min,-5.049991967523682
o_min,26.77038680392181
o_min,5.292421102651963
o_min,8.588920958499024
o_min,-34.44829359634804
o_min,-37.91137344634804
o_min,1.146411872076782
o_min,2.859448809968506
o_min,2.438225608562256
o_min,6.229647921041428
o_min,0.9629059372750244
o_min,9.538026099790038
o_min,-0.8725939144320067
o_min,1.803137865968506
o_min,-11.68064997103149
o_min,-0.6317352437754518
o_min,-18.86538364039368
o_min,6.643073300944824
o_min,2.124614856898926
o_min,3.94011597173828
o_min,3.961217437156799
o_min,6.388807896337891
o_min,-3.448076258115234
o_min,8.898544103527833
o_min,3.20832116142334
o_min,2.056361935791017
o_min,9.089878768624878
o_min,-5.951178704576661
o_min,-13.21761882379425
o_min,-14.77296522363769
o_min,-17.43668554638306
o_min,-12.81788990802002
o_min,-8.601092007624512
o_min,3.062110353683685
o_min,2.363775650316651
o_min,-22.45793958060913
o_min,-34.71466407727356
o_min,-6.341984474012085
o_min,-24.31075444320801
o_min,-10.43105501356348
o_min,-16.44523234638306
o_min,-26.3677660731192
o_min,-29.90456102363769
o_min,-8.39404322349878
o_min,-3.170819917624512
o_min,0.1774961933380126
o_min,7.306950972109377
o_min,12.62255197980835
o_min,-16.26949078134125
o_min,-18.44928325355102
o_min,-30.70655810103622
o_min,-20.24456092442188
o_min,-6.339933264985351
o_min,9.74054299913574
o_min,9.86928955172644
o_min,-6.517580583388428
o_min,-5.666502655563477
o_min,-8.996705180136718
o_min,-22.4153425097373
o_min,-21.10357022742188
o_min,-14.40807552628113
o_min,-11.68341990565918
o_min,-10.19899263031632
o_min,0.5988806304489742
o_min,-55.21803504355103
o_min,-22.23305140031632
o_min,-1.387551086316315
o_min,-6.334715716383057
o_min,-20.95832281756348
o_min,-9.384519917341247
o_min,-16.72285100465918
o_min,-11.42358326638306
o_min,-25.02057445031632
o_min,-32.35121432355103
o_min,-20.52694151013672
o_min,-21.47570674137512
o_min,-15.14586860031631
o_min,-5.39873998065918
o_min,-0.942371831626831
o_min,-42.30976387935058
o_min,-8.150817306551026
o_min,-9.121940737653992
o_min,-41.16121565185547
o_min,-37.36583174742188
o_min,-9.97519473937512
o_min,7.210475402783203
o_min,1.354647794189941
o_min,-20.93052039801209
o_min,-23.29653249281006
o_min,-28.48133449639344
o_min,-10.47234082637512
o_min,-9.461279299875487
o_min,-4.172027794873535
o_min,-17.44733159243555
o_min,3.19078272501465
o_min,-18.5356688446289
o_min,-7.660949225465576
o_min,-31.42155335137512
o_min,-16.65846435776794
o_min,-5.582754365316315
o_min,-7.514878357208008
o_min,-0.5210820630120852
o_min,-38.0680697745459
o_min,-32.39984560221436
o_min,-20.6418869070874
o_min,-8.110033631917114
o_min,9.315341805082886
o_min,14.5448940014209
o_min,-29.30242245801208
o_min,-7.215316398563477
o_min,-7.803549449421875
o_min,-5.229025133316314
o_min,3.109569419604492
o_min,-9.182771760316315
o_min,-6.476313954545898
o_min,-7.764645776563476
o_min,4.157194204006348
o_min,-20.47924723268311
o_min,-6.940628180458008
o_min,8.570673070660888
o_min,1.067796713779206
o_min,5.805331494346008
o_min,-20.57271714649658
o_min,-39.86642495185546
o_min,-8.73015708290403
o_min,-11.00558498239795
o_min,-12.77452636262451
o_min,-4.942454580464355
o_min,-23.36365255756348
o_min,-28.18077035542603
o_min,-27.61805758191712
o_min,-16.71190258281006
o_min,-15.23627346642187
o_min,-23.30774905749878
o_min,-1.599726897383057
o_min,1.447161066979736
o_min,-2.229461805168824
o_min,-6.435168808221786
o_min,13.02992189809521
o_min,0.7506148641455077
o_min,0.5213156446650391
o_min,-32.09400466982334
o_min,7.270247462068115
o_min,-0.9132574942044678
o_min,7.31733594048584
o_min,10.8597562118902
o_min,-2.960592261478272
o_min,-33.76525766567383
o_min,-11.10043640480469
o_min,-12.03825292829004
o_min,-6.573748867006836
o_min,8.710632039383546
o_min,3.761242726499024
o_min,-20.43785839388512
o_min,-13.00627114480469
o_min,11.71088520586426
o_min,15.86696321612366
o_min,7.261142340068115
o_min,6.415430581825195
o_min,13.45258265297974
o_min,-12.82763968702026
o_min,7.06582637022461
o_min,-0.5921930482301025
o_min,-6.116516498618409
o_min,30.99975740200348
o_min,0.060544325145508
o_min,-5.438872229046692
o_min,16.09638827738159
o_min,-37.50728057856811
o_min,-2.734628151955567
o_min,-32.59704810990478
o_min,-4.547957437904785
o_min,3.57135384033203
o_min,-0.7687704725681153
o_min,2.996614572095215
o_min,9.566545480656982
o_min,-20.39452704393188
o_min,-21.064618920578
o_min,0.938919905375
o_min,-27.59863785930359
o_min,-1.034219974935302
o_min,2.429847555842285
o_min,-19.03649061757568
o_min,-2.669231489291992
o_min,-4.458990468605712
o_min,-28.26821247195556
o_min,7.101809161431885
o_min,-8.898466429605714
o_min,-10.83348838447827
o_min,-19.90227909188599
o_min,4.466246862424317
o_min,-10.88008194422821
o_min,5.791239687431641
o_min,28.63493321624573
o_min,7.540740476245727
o_min,7.375826226245728
o_min,-0.5187790987542726
o_min,19.58737120624573
o_min,13.82636869624573
o_min,4.682501012245728
o_min,-4.146017865754272
o_min,1.107393921245728
o_min,3.64016629015869
o_min,9.942514266245729
o_min,6.513122236245728
o_min,13.72681253624573
o_min,8.661489276245728
o_min,5.22665514144043
o_min,17.01775415624573
o_min,6.560161246245727
o_min,-1.793752446754272
o_min,20.86387628624573
o_min,21.19269168624573
o_min,3.951934779245727
o_min,5.490567699245728
o_min,16.34179748624573
o_min,2.299509738012695
o_min,0.5737113382457277
o_min,20.99490513624573
o_min,21.98127351624573
o_min,-4.506715934754272
o_min,19.17722858624573
o_min,32.91715060624573
o_min,-2.111189194399413
o_min,15.96137014624573
o_min,1.427145338245728
o_min,32.77506998624573
o_min,8.145244356245728
o_min,2.983304393245728
o_min,4.664604107245728
o_min,2.974796319166748
o_min,11.89564703725586
o_min,7.512180126245727
o_min,14.72849250624573
o_min,10.73001374624573
o_min,7.519050616245728
o_min,-2.607570513824494
o_min,11.07020645624573
o_min,24.67886724624573
o_min,4.339090432245728
o_min,-6.703370566754272
o_min,8.558414201955568
o_min,16.61692809624573
o_min,8.728600946245727
o_min,8.164171066245727
o_min,14.46124563624573
o_min,14.22288657624573
o_min,4.049468232395264
o_min,-1.311259822529298
o_min,24.72820829639526
o_min,11.73232967639526
o_min,14.33287381639526
o_min,12.44707764639526
o_min,17.49899487639527
o_min,7.818159296395263
o_min,2.321379361395264
o_min,16.45931663639526
o_min,-4.638907186306641
o_min,-4.314135065604736
o_min,0.0680307503952635
o_min,-3.463666498604737
o_min,9.688760936395264
o_min,-0.6958368206047365
o_min,-2.155859263604736
o_min,-5.627581936604736
o_min,2.720518343150757
o_min,0.1609976353952635
o_min,-4.306062860604737
o_min,3.575211149395264
o_min,-1.386497783604736
o_min,10.95398136775391
o_min,-1.119114989604736
o_min,0.2673016733952638
o_min,-3.946060162604737
o_min,-2.874034208604736
o_min,33.25257341639526
o_min,1.224776885600585
o_min,2.139439946395264
o_min,5.255826812395263
o_min,2.314064811395264
o_min,0.2565459143952635
o_min,11.52537248427246
o_min,21.56596199639526
o_min,27.60900129639526
o_min,-2.507355588604736
o_min,6.747180987395264
o_min,-4.723221293384277
o_min,21.29235920639526
o_min,4.667021265395264
o_min,-0.9251432056047362
o_min,-5.840178087495117
o_min,10.79223335639526
o_min,8.410985546395263
o_min,26.60596308639526
o_min,3.451142467395264
o_min,9.471833566395263
o_min,5.257237107395264
o_min,15.04932027077881
o_min,11.40573659974243
o_min,-10.46982296725757
o_min,-14.11937391025757
o_min,0.5770703995236817
o_min,5.452887870742432
o_min,20.62032810586426
o_min,-8.439996717440795
o_min,-21.69211821253052
o_min,-17.8579915761673
o_min,-1.391445405987304
o_min,-5.094839056103401
o_min,-23.7572991661034
o_min,-2.717756945103401
o_min,8.4534170158966
o_min,-7.362993387103401
o_min,2.333687083221069
o_min,-5.365464063778931
o_min,9.796974933221067
o_min,-17.95806590777893
o_min,-8.398377328778931
o_min,-24.37108677777893
o_min,-5.262530891661591
o_min,-2.273095966625244
o_min,-1.49332816866159
o_min,1.50668830333841
o_min,1.764820116338409
o_min,-0.6896820556615906
o_min,-3.678459398661591
o_min,-1.54356089066159
o_min,7.858953711489256
o_min,3.099704984338409
o_min,-23.75116975766159
o_min,-3.057192226215149
o_min,-22.97639487021515
o_min,-8.11316837621515
o_min,-5.239266945215149
o_min,-9.36513114021515
o_min,-1.500678738546692
o_min,1.407100978131347
o_min,0.6622348954533082
o_min,-20.89905870754669
o_min,4.571772731453308
o_min,4.060054238453308
o_min,2.251119114453308
o_min,-1.546708605546692
o_min,-17.94335654754669
o_min,-21.38204311687774
o_min,-3.908776314877747
o_min,10.7699095131665
o_min,-18.25626831687775
o_min,-27.40620162687775
o_min,-11.09407864687775
o_min,-26.43705418687775
o_min,-8.138489126877747
o_min,-15.05202264687774
o_min,-10.60925707687775
o_min,-9.203122956877747
o_min,10.25074781825433
o_min,0.5787081507861327
o_min,-2.645127231877747
o_min,-4.320735666877747
o_min,-5.478497015877746
o_min,-24.74067025687775
o_min,-7.976403497877747
o_min,-17.78548646687775
o_min,-6.521522193877747
o_min,-12.71935433582825
o_min,-0.8177812032861311
o_min,-9.944849545828246
o_min,-12.37493849582825
o_min,-21.52823749926697
o_min,-19.57914269371643
o_min,3.22903424132666
o_min,-5.334343628716431
o_min,-7.34732282071643
o_min,-37.26612416371643
o_min,-13.25830654940796
o_min,-7.968084169407959
o_min,-28.31210097372009
o_min,-8.378222643720093
o_min,-29.11914800194214
o_min,0.4315797092098388
o_min,-5.03036832302417
o_min,-7.309771995112793
o_min,-5.145158824686767
o_min,-10.39049744733423
o_min,8.307536955942382
o_min,15.56859007231323
o_min,-0.4713962742458495
o_min,5.081233773595459
o_min,1.031436738488526
o_min,16.64592812596191
o_min,-3.649700392404541
o_min,-2.089762887849853
o_min,-7.781981008686768
o_min,26.79503648594238
o_min,10.71042527175415
o_min,-1.077671635245849
o_min,11.90374883948852
o_min,-4.412502238686768
o_min,-7.359390793511475
o_min,4.603438980942382
o_min,-5.295749155686767
o_min,7.596117482313232
o_min,-5.589427725686768
o_min,-0.085445061404541
o_min,-5.209134725686767
o_min,-2.51900845324585
o_min,4.057166046313233
o_min,-3.147516786686768
o_min,-5.303467823094483
o_min,-5.06091987224585
o_min,0.1362002976972656
o_min,5.902148665313232
o_min,7.384263659488525
o_min,-1.945428291511475
o_min,-3.536495017686768
o_min,19.03823180948853
o_min,-6.6320566606167
o_min,-2.673761154012696
o_min,7.275693106905518
o_min,-6.909502309686768
o_min,1.790874072488525
o_min,13.58765221903076
o_min,1.725139375942382
o_min,-4.027064219057618
o_min,7.13180630175415
o_min,-4.193878769511475
o_min,-9.013094878616457
o_min,-2.213444348245849
o_min,8.33995863175415
o_min,13.78003828617554
o_min,-0.3883797865114746
o_min,-3.920139303057617
o_min,-1.879371503442384
o_min,-3.660972952057617
o_min,36.57174191175415
o_min,-9.494711770686768
o_min,3.24653598397583
o_min,-1.761952050404541
o_min,24.43951553231324
o_min,-2.261766694094482
o_min,-5.415143514057617
o_min,-4.543046080404541
o_min,9.947977952961429
o_min,-4.753591031511474
o_min,-1.079860839686767
o_min,-2.302119447245849
o_min,-0.7084984476867677
o_min,-3.384254035511475
o_min,-3.592290621094482
o_min,-3.408056822824463
o_min,0.0470988425588378
o_min,-4.170384924686768
o_min,18.84913531175415
o_min,-3.795351817467042
o_min,-18.71730025827209
o_min,3.041285523488526
o_min,-7.276471755686767
o_min,3.687268581987304
o_min,6.521816096905518
o_min,-4.060476015245849
o_min,-10.72254872133423
o_min,8.032249922313232
o_min,-3.778948619094482
o_min,-4.773517130094483
o_min,-6.572538856511475
o_min,0.4942021971065675
o_min,-4.642635855094483
o_min,-8.13065511840454
o_min,22.35509664659546
o_min,-3.302080201094483
o_min,8.79061649175415
o_min,1.05904350975415
o_min,-0.6941303136867676
o_min,21.50722101231323
o_min,1.559553270313232
o_min,12.85082652231323
o_min,7.625623964610595
o_min,3.663027656488525
o_min,-4.957328420511475
o_min,10.43905290659546
o_min,2.20962669675415
o_min,-5.581978416686768
o_min,0.7286973159055172
o_min,13.85370448659546
o_min,-7.068189597441162
o_min,0.0876751214885249
o_min,8.592547069658202
o_min,9.493862936558838
o_min,0.4616875279423826
o_min,-8.824181071404542
o_min,34.54743095594238
o_min,33.71501408015015
o_min,-1.394336772094483
o_min,-8.466562471686768
o_min,26.19158612594238
o_min,-4.809253315922364
o_min,-0.4488024722458492
o_min,3.731700287541504
o_min,11.29847356594238
o_min,-1.389249895849853
o_min,-4.801936491012695
o_min,-4.722287277511475
o_min,-2.700040671686768
o_min,-5.571186345686767
o_min,-3.790916186094482
o_min,6.780007075942383
o_min,16.62283870594238
o_min,-0.808421465616699
o_min,7.654168019030763
o_min,-3.598113225511474
o_min,9.532609742313232
o_min,-5.626929903616699
o_min,-4.9876171736167
o_min,-6.774684859628906
o_min,17.08139979594238
o_min,4.059567943488526
o_min,2.763263900488526
o_min,7.976350656595459
o_min,-3.575065006686768
o_min,-0.1551836397873534
o_min,-5.785580644057617
o_min,31.10397976617553
o_min,-3.116444293112793
o_min,-6.654033990616455
o_min,-8.015659808686767
o_min,0.0784019884885252
o_min,0.4363102133132326
o_min,23.82422975948852
o_min,1.4885151913833
o_min,-0.4992667806867676
o_min,1.799627120595459
o_min,1.32846482175415
o_min,-5.202739442511475
o_min,-5.663308815245849
o_min,-5.329180066511475
o_min,-6.699987798057617
o_min,-2.94965707024585
o_min,2.694213693595459
o_min,-5.05083231824585
o_min,4.865890726905517
o_min,0.3597645922656234
o_min,-3.829192945404541
o_min,1.659945189313232
o_min,-0.6544462761127932
o_min,-4.12944653324585
o_min,-5.322010699094482
o_min,8.093078770150147
o_min,-2.132707029441162
o_min,1.14228192675415
o_min,17.47845629690552
o_min,-6.217479084094482
o_min,7.850363166184081
o_min,11.02059966594238
o_min,-7.044697667686767
o_min,-3.094983619824463
o_min,-1.934805415686768
o_min,15.49477263175415
o_min,-3.795293384686768
o_min,-3.46870471124585
o_min,-4.594364951849854
o_min,-7.681410586511475
o_min,29.44097370690552
o_min,-0.8859588078332523
o_min,8.054908155942384
o_min,10.45145808948853
o_min,-6.064046126012696
o_min,-4.646867355511475
o_min,-5.677298763404541
o_min,-6.556843882511474
o_min,-3.312062588511475
o_min,10.36700517948853
o_min,-3.010996684511475
o_min,-0.0744488466867676
o_min,-5.554610325253906
o_min,-3.336928161094483
o_min,-6.478134456686767
o_min,0.4229299237541504
o_min,-3.287073078686768
o_min,-5.320645897849854
o_min,2.668671671488525
o_min,-6.236063467824463
o_min,-2.585280127057617
o_min,-6.955498702511475
o_min,-0.7395914896164548
o_min,11.66656048221191
o_min,-3.53846902724585
o_min,13.77716845655884
o_min,-1.201752554094482
o_min,-7.675071551057617
o_min,-5.542536756616455
o_min,-4.872805266686767
o_min,9.71983293175415
o_min,29.21399636231323
o_min,11.63038260690552
o_min,1.195811437313233
o_min,-3.232051009686768
o_min,-5.978692620686767
o_min,-0.9769926826867676
o_min,-7.306076196057617
o_min,-2.970196149686767
o_min,3.6066354403833
o_min,-8.935343740686768
o_min,-4.423899823686767
o_min,0.0556399051501461
o_min,-3.741223113686768
o_min,-0.5583099412458497
o_min,-4.911560837441162
o_min,-4.032920675849853
o_min,9.132226419488523
o_min,-3.768846165057617
o_min,0.1304118333132322
o_min,-3.839525740511474
o_min,12.44072540659546
o_min,-3.771866872511475
o_min,1.314655058942383
o_min,9.740375541298828
o_min,22.92830128655884
o_min,10.04096722659546
o_min,-3.86685478924585
o_min,-5.695463069057618
o_min,-1.243863209686768
o_min,-3.706784534511474
o_min,8.365001599488526
o_min,-7.414481372686767
o_min,0.7383641099055174
o_min,11.07959029231323
o_min,11.01593873060425
o_min,-1.314027321511475
o_min,9.519142719383543
o_min,10.04171750659546
o_min,-2.386552176686767
o_min,-5.151859945057617
o_min,-5.828008735511474
o_min,1.700465574595459
o_min,1.695581299313233
o_min,-3.68622358224585
o_min,28.76302849617554
o_min,3.49412185831665
o_min,-1.68151370402417
o_min,-0.06415098102417
o_min,-2.53601077924585
o_min,1.947933437488525
o_min,2.776616735942383
o_min,5.985286455942383
o_min,-7.897253623686767
o_min,-6.71433453924585
o_min,-4.894448960511474
o_min,-3.905868457057617
o_min,7.207628694746095
o_min,-5.467003480686768
o_min,-6.793841003057617
o_min,2.589247534942383
o_min,-2.093526626849854
o_min,-4.000615801511475
o_min,-1.950004125511474
o_min,6.22327811175415
o_min,-6.816931143686768
o_min,-3.28304091624585
o_min,4.27204434175415
o_min,2.287042262869629
o_min,-1.117152288057617
o_min,-4.832086626511474
o_min,2.052299284175538
o_min,-2.349263392686768
o_min,7.009636530150146
o_min,3.687540147150147
o_min,-4.250116412511475
o_min,-3.716792615686768
o_min,-5.825580875094483
o_min,-6.300284378245849
o_min,6.975981209532959
o_min,0.4765914469327392
o_min,-4.006941919550782
o_min,-2.254871921511475
o_min,-0.1323646850944824
o_min,5.232723099313233
o_min,-2.522587962686768
o_min,-2.750151176094482
o_min,-2.644168603849853
o_min,-4.533718559849854
o_min,-6.941918731824463
o_min,11.06154951397583
o_min,17.08688146594238
o_min,7.906323536595458
o_min,-7.382904855245849
o_min,-6.033504698686768
o_min,-1.757809808511475
o_min,-3.339137832616455
o_min,-2.544592161686768
o_min,-8.737862709404542
o_min,3.855176851313233
o_min,0.0524540977541505
o_min,-3.33070923024585
o_min,4.326525979289551
o_min,19.08508585175415
o_min,-3.333294914404541
o_min,-4.714888067334228
o_min,12.55410523594238
o_min,20.40055160175415
o_min,1.65854273875415
o_min,-4.537899950057617
o_min,5.239861827313232
o_min,4.426820733975831
o_min,23.35938504690552
o_min,10.83088980203125
o_min,1.23147676475415
o_min,6.718228809488526
o_min,2.078707149942383
o_min,8.291267046905517
o_min,8.443858769488525
o_min,-3.616833095849854
o_min,-4.457435676094482
o_min,-3.899761450686768
o_min,42.83091028175415
o_min,20.87631502690552
o_min,6.083809877353515
o_min,4.908687979313232
o_min,-7.810736646824463
o_min,-0.6588223706867677
o_min,7.908908329488526
o_min,-7.243318646686768
o_min,-6.010717077245849
o_min,19.60615419948853
o_min,0.9199986223132326
o_min,-7.223112266686767
o_min,-3.404155222245849
o_min,-2.048857383325196
o_min,-2.592398319245849
o_min,3.105110314175537
o_min,-3.698854878057617
o_min,-5.239183807511474
o_min,-0.3713135655114747
o_min,-7.307124060404541
o_min,-4.296096605511474
o_min,0.1907538815954588
o_min,-2.841444788861328
o_min,-2.063409165511475
o_min,-6.63031641424585
o_min,12.35273882231323
o_min,-7.860962019511474
o_min,1.04274809075415
o_min,17.20540204948853
o_min,9.945388890150143
o_min,-2.914927148245849
o_min,-0.1956093510576169
o_min,5.060318316313232
o_min,-3.472991477587891
o_min,6.270265836905518
o_min,-3.512542294686768
o_min,18.36630783231323
o_min,-4.342021815245849
o_min,0.9605313664885252
o_min,-3.325392877686768
o_min,35.05736767655884
o_min,-7.605884791686767
o_min,-3.400508157404541
o_min,2.1959469984917
o_min,2.692737152313232
o_min,-4.097746033686768
o_min,3.094931743488526
o_min,2.39973981075415
o_min,2.703890886488526
o_min,-6.994604494686767
o_min,-6.501781383057617
o_min,1.864088590313233
o_min,-7.708788204404541
o_min,-7.275664837686767
o_min,-1.665628516401366
o_min,-4.396528008511474
o_min,-6.531516074057617
o_min,-5.114215370057617
o_min,-1.970877126686768
o_min,-0.0583790295114745
o_min,-5.060282798511475
o_min,-7.128843730616455
o_min,-2.490239024094482
o_min,-8.222501791616455
o_min,-0.9714716030576174
o_min,2.883515064932739
o_min,-3.680622777404541
o_min,21.73225723659546
o_min,-10.13121758568677
o_min,-2.710884578245849
o_min,-4.979611872511475
o_min,9.286987609488524
o_min,-6.866478513824463
o_min,25.50866000015015
o_min,-1.779638494686768
o_min,18.35286752659546
o_min,8.691546862313233
o_min,-4.009086606849854
o_min,-4.738414224616455
o_min,-5.583157450441163
o_min,-5.622376475686767
o_min,-2.570122917511474
o_min,19.74408380015015
o_min,36.76068651948852
o_min,-0.6316500749536136
o_min,12.99802779690552
o_min,-4.669904816849853
o_min,-4.223672110511474
o_min,-3.766914935057617
o_min,-5.307190897057617
o_min,-8.584692654112793
o_min,-4.694309127511475
o_min,8.085813349488525
o_min,29.16496139594238
o_min,-9.714676514057617
o_min,2.272959015971461
o_min,-3.08733535402417
o_min,-2.818921583686768
o_min,-2.41660754924585
o_min,-7.754327047686767
o_min,-5.020423186024169
o_min,-3.908412519511475
o_min,-5.530057945511475
o_min,14.82477472659546
o_min,-6.332361621404541
o_min,1.265629928305176
o_min,-3.82793580024585
o_min,-7.215886870686767
o_min,-0.4217072380576168
o_min,22.83960283231324
o_min,-4.748260848511475
o_min,24.78705566175415
o_min,22.33627535948852
o_min,-5.522974543057617
o_min,0.4718203463132324
o_min,8.626158272313232
o_min,15.46213171618408
o_min,-0.9786069696867674
o_min,-7.094483867686767
o_min,16.87613289231323
o_min,5.554801291987305
o_min,-6.199431797245849
o_min,-6.095152078511474
o_min,-5.087122390686767
o_min,-3.144558373094482
o_min,32.73664561659546
o_min,19.69436053175415
o_min,7.81369714144043
o_min,-3.719866264632568
o_min,-6.252100957404541
o_min,14.78561750948852
o_min,10.40400042594238
o_min,1.18007979775415
o_min,4.529740557488525
o_min,6.50821474175415
o_min,13.80845467231323
o_min,-2.259605995094482
o_min,-3.979269985094481
o_min,3.623775390187989
o_min,-1.244995685057617
o_min,0.4160206223132325
o_min,23.63059471594238
o_min,-5.908926533057617
o_min,-0.8299719926867675
o_min,-2.690303840057617
o_min,0.5860597339055174
o_min,19.23588286231324
o_min,-6.834335957057617
o_min,-1.309640679849854
o_min,1.606822288532959
o_min,-1.170379124849854
o_min,-6.858801398886719
o_min,-2.508212358824463
o_min,12.50129895948853
o_min,19.22464410594238
o_min,-0.4761017006867676
o_min,-3.610450601686768
o_min,-2.752124049094482
o_min,-3.863877494094482
o_min,3.371465512942383
o_min,16.32326050175415
o_min,-6.633772397511475
o_min,30.55569170231324
o_min,2.761991502313232
o_min,4.679764756313233
o_min,-5.993250070511475
o_min,14.76881179175415
o_min,-5.05763228524585
o_min,40.10780893948853
o_min,2.819773967104004
o_min,12.47595371260986
o_min,16.95046176188721
o_min,-4.862849095057618
o_min,-2.117405017094482
o_min,3.12916178675415
o_min,-4.036413864849854
o_min,-5.104783303094482
o_min,9.910394915942383
o_min,5.98767371175415
o_min,-2.638132308245849
o_min,-3.557539713616455
o_min,-1.189343341838379
o_min,-4.015288066686768
o_min,0.1426845685954592
o_min,12.32219086231323
o_min,-1.708314648849854
o_min,8.359562542313233
o_min,12.74691639231323
o_min,-7.456414315404541
o_min,-0.7529861588498532
o_min,1.238640734595459
o_min,1.218264608488526
o_min,3.527145943830444
o_min,-2.931685357686768
o_min,8.352697612313232
o_min,-6.725540650404541
o_min,4.098623548488526
o_min,-2.17380109224585
o_min,-3.75301932424585
o_min,6.140700467595458
o_min,5.685907335942384
o_min,-4.696050822094483
o_min,-0.5237053032458494
o_min,12.64258284725586
o_min,0.6868161129055173
o_min,-5.583567466686768
o_min,-4.894866281511475
o_min,-5.644696893686767
o_min,-5.606657912511475
o_min,-2.530410876245849
o_min,-3.992887631824463
o_min,17.76464542397583
o_min,-2.938507337686767
o_min,4.911657090313232
o_min,-5.198179671340332
o_min,-4.073394618094483
o_min,5.937382643313233
o_min,-1.957829235616455
o_min,-2.97735850924585
o_min,-3.881023726686768
o_min,9.317842312313232
o_min,3.869980029754151
o_min,19.51497545175415
o_min,0.2916425601501462
o_min,1.756673156595459
o_min,10.54246464298828
o_min,16.83269816948853
o_min,-4.559270736057617
o_min,-2.274327478057617
o_min,-1.158181976094482
o_min,18.40962954690552
o_min,-6.532925673886474
o_min,27.11177308015014
o_min,0.2416752884885253
o_min,-5.173522332686767
o_min,26.62591740659546
o_min,1.135805529905517
o_min,-5.972530140511474
o_min,2.898886276383545
o_min,18.93680281175415
o_min,24.42887851659546
o_min,22.22455000231324
o_min,-6.737669095057617
o_min,-0.4704816444045412
o_min,-3.54648240024585
o_min,-5.182951518511475
o_min,10.34599382678711
o_min,-1.940929860057617
o_min,-5.173072018686767
o_min,11.54104250655884
o_min,0.0269681839873046
o_min,3.824984088942383
o_min,2.644307501488526
o_min,-7.638736191057617
o_min,-4.135534343686768
o_min,27.39096271948852
o_min,3.00812067975415
o_min,-24.82110906815674
o_min,-6.796998930686767
o_min,-6.257503132057617
o_min,27.54529443231323
o_min,-7.973809322404541
o_min,-5.469916365686768
o_min,-5.004537494057617
o_min,3.139553972595459
o_min,9.541230556905518
o_min,6.446343894313232
o_min,-6.074340198057618
o_min,2.364244813166748
o_min,-2.417644034094482
o_min,-3.171681818686768
o_min,-5.533171442824463
o_min,17.56239231594238
o_min,2.166149421754151
o_min,0.0526408119423829
o_min,-6.693102398094482
o_min,-1.931670613057617
o_min,-5.873379260686768
o_min,-4.152284674057617
o_min,5.749550390104004
o_min,0.3051086411667478
o_min,-3.519992522094483
o_min,-2.816815057245849
o_min,9.530484422313233
o_min,-0.9384596010576174
o_min,-2.554141310404541
o_min,-1.263008325686768
o_min,5.835368672313232
o_min,-5.710158250511475
o_min,-0.0385500648498533
o_min,4.968733623662109
o_min,-3.600791004057617
o_min,-4.853633629057617
o_min,-1.541345814057617
o_min,9.690038136905518
o_min,19.24716007948853
o_min,6.98465426175415
o_min,7.249046409488525
o_min,-3.253823559686768
o_min,27.67192094231323
o_min,5.812502250578614
o_min,-5.291383649057617
o_min,-5.532130714404541
o_min,-4.379497770057617
o_min,-3.658904707686768
o_min,-4.058493828245849
o_min,-1.431543977686768
o_min,-6.012353126245849
o_min,-3.035480506057617
o_min,2.732770614313233
o_min,14.50848628015015
o_min,6.176601420578613
o_min,-3.991237699686768
o_min,-4.921736630094482
o_min,8.58020352175415
o_min,-5.094366645511474
o_min,36.30048545938354
o_min,-4.206039319616455
o_min,6.073931231595459
o_min,-4.729456928012695
o_min,-4.070883399245849
o_min,9.97564090659546
o_min,-16.49592112233789
o_min,-4.118698196686768
o_min,3.803255913905518
o_min,-1.846035795686768
o_min,-1.530432611094483
o_min,8.008025279383546
o_min,3.275523694313232
o_min,1.493992018942383
o_min,-4.02950420224585
o_min,-2.44337029524585
o_min,-5.462625590511474
o_min,-3.180427919204468
o_min,-6.076102179057617
o_min,-4.531262778511475
o_min,-1.454644942094482
o_min,6.248978035942383
o_min,-4.474118459511475
o_min,-1.119673489849854
o_min,13.02522330690552
o_min,3.575863609313233
o_min,-5.394703990094483
o_min,-1.808703776057617
o_min,-1.947919640952149
o_min,4.556496207313232
o_min,-1.83232847424585
o_min,-8.70087107640454
o_min,4.242900374488526
o_min,7.483355596905518
o_min,-23.23922662089966
o_min,-24.68868126440033
o_min,-12.84899503189868
o_min,0.8336926365920414
o_min,-2.379439304899658
o_min,-6.409789276187256
o_min,-20.41288739440033
o_min,-16.45779994468018
o_min,-2.607614019898682
o_min,-21.84879222194703
o_min,-23.03791981869301
o_min,-15.0988629302594
o_min,-15.6172298165744
o_min,-3.950445641067261
o_min,11.72929091407959
o_min,-3.207939277625244
o_min,-30.22410080217285
o_min,-25.27114992007812
o_min,-22.13176550465332
o_min,-30.23267661948242
o_min,-15.15188057507812
o_min,-14.59284266564903
o_min,14.97693711627808
o_min,-2.652872298907226
o_min,0.9256886822412111
o_min,0.813618056365967
o_min,0.3109386182412113
o_min,-1.141355670758789
o_min,-4.945053598544433
o_min,6.102113770092773
o_min,2.255755714365966
o_min,4.008368536278077
o_min,5.034664077785644
o_min,29.28636353949219
o_min,-0.3622816269072269
o_min,-1.338555352138671
o_min,-10.84732671340796
o_min,3.687123630861327
o_min,3.249988162241211
o_min,8.978805757679444
o_min,-12.83390423340796
o_min,-5.077356341407959
o_min,-3.264615580808594
o_min,8.699624618432617
o_min,-8.197055059407958
o_min,15.25572912559204
o_min,1.435166691092774
o_min,-6.810801686411621
o_min,-6.133130691980469
o_min,-14.70166335482544
o_min,-8.02571081798047
o_min,-2.782291365407959
o_min,8.456641353594971
o_min,-11.64205656467432
o_min,-0.0798937583398444
o_min,5.11569827109375
o_min,-5.471478294810791
o_min,-7.132833415025146
o_min,3.74893871109375
o_min,-7.544640224025146
o_min,-9.792391043810792
o_min,-2.167819676405029
o_min,6.060140121325684
o_min,-18.18930350867432
o_min,6.489451903413086
o_min,10.63825861646729
o_min,-10.58941717367432
o_min,-5.371105860873535
o_min,1.011680167413086
o_min,-9.061164286246823
o_min,5.776627633594972
o_min,2.256698068826416
o_min,-15.71485078787354
o_min,0.724313108413086
o_min,-6.084652502810791
o_min,4.973015305826417
o_min,11.93646140166016
o_min,-10.87893817067432
o_min,-11.29053943902515
o_min,-6.582774238674316
o_min,-8.11874057581079
o_min,1.746370935974854
o_min,4.298716233413085
o_min,15.14933458518921
o_min,-2.047252234900391
o_min,1.265345150826416
o_min,4.537940843325684
o_min,5.536166742783202
o_min,-5.339346822074951
o_min,13.37788371075317
o_min,-8.431670326674316
o_min,6.760176694307861
o_min,5.960758000753174
o_min,12.41011023265625
o_min,-0.4182544494194832
o_min,-5.101981529406737
o_min,9.513145911660157
o_min,-6.315775026236207
o_min,-12.0329560356084
o_min,-4.692245498682128
o_min,1.65508206880127
o_min,24.16152068265625
o_min,2.544944669934204
o_min,6.166501347866213
o_min,2.958724970006103
o_min,0.6091679539637451
o_min,8.75958696875244
o_min,10.32762507624573
o_min,-26.75528515687775
o_min,7.733963346245728
o_min,-3.182562002103401
o_min,-3.427485718122558
o_min,6.889120041298828
o_min,31.83305219624572
o_min,1.893647428338409
o_min,-5.486983861440796
o_min,7.444217106245727
o_min,23.94537816639527
o_min,18.29505923624573
o_min,0.1891339693952636
o_min,38.93542039624572
o_min,32.69904225624573
o_min,37.33882739624573
o_min,10.60250169018799
o_min,-6.104778315257569
o_min,17.18527020624573
o_min,-16.02719904253052
o_min,7.580233406245728
o_min,-4.115664851440796
o_min,12.04323918639526
o_min,-10.24732134766159
o_min,13.61043854624573
o_min,9.181918756395264
o_min,15.12008751624573
o_min,6.323298641391602
o_min,-6.039599063604737
o_min,14.78915027639526
o_min,22.54483484624573
o_min,-7.761681537604736
o_min,16.79591809624573
o_min,-0.1319863316047365
o_min,9.838648296395265
o_min,-0.8632148186047361
o_min,4.035411180245728
o_min,9.890878536245728
o_min,8.366302472119141
o_min,3.309601754245728
o_min,13.9780324037326
o_min,-2.203678660813721
o_min,12.75645097147644
o_min,30.84840481219238
o_min,9.401126865465088
o_min,-10.71258993812378
o_min,7.78274779612329
o_min,15.05752138975342
o_min,-1.039055503571289
o_min,2.068827634316651
o_min,-1.916026523465576
o_min,10.25067543624573
o_min,20.19616006624573
o_min,-0.3763845447542726
o_min,12.91902041624573
o_min,6.273389596395264
o_min,7.787905016245727
o_min,23.13714252624573
o_min,-0.9183913246047362
o_min,2.110142843659668
o_min,16.13217672624573
o_min,-0.0859438077542722
o_min,18.20938866624573
o_min,-5.891057899005249
o_min,-22.02744998097046
o_min,-7.488307786185302
o_min,6.481522338994751
o_min,4.402190358585205
o_min,-5.853719498629639
o_min,-6.625191932335815
o_min,-3.830644176469727
o_min,-23.96103473529419
o_min,-4.899422232120789
o_min,-8.661014650489502
o_min,3.327674552687988
o_min,-3.060024028048584
o_min,10.92558553087112
o_min,6.80366455800711
o_min,-2.365437647048584
o_min,-3.398372703226318
o_min,10.98129607900711
o_min,12.34935892925007
o_min,11.28929332074188
o_min,-6.644261073704834
o_min,-8.591260547216796
o_min,8.612103035007111
o_min,15.13863583573303
o_min,23.33575474573303
o_min,-8.077601265258117
o_min,15.34545910482635
o_min,-12.43201521426697
o_min,0.1338253350071105
o_min,21.21739411573304
o_min,6.314493143733032
o_min,13.72650783900711
o_min,1.431124522131348
o_min,10.39495431116455
o_min,-8.935789816389313
o_min,4.323879782733032
o_min,7.815734959604492
o_min,9.30017191137146
o_min,-8.275528981226653
o_min,3.524935048610687
o_min,-0.2302331964801636
o_min,-24.70703470426697
o_min,19.38694486573303
o_min,6.785441114519836
o_min,9.984933473773346
o_min,18.35826784900711
o_min,-31.26161662622665
o_min,-5.834674354511108
o_min,-0.9087272033955078
o_min,20.39121721573303
o_min,1.968740207250069
o_min,17.58598818074188
o_min,-6.649553741173645
o_min,2.670547641298828
o_min,13.65285747573303
o_min,7.104677898733032
o_min,-2.750855241364746
o_min,-14.83777013868042
o_min,-28.86408543769165
o_min,-1.927695690076416
o_min,19.42273709814209
o_min,-10.45233979989673
o_min,-8.299064114076415
o_min,-4.525102199006836
o_min,-0.906005144377442
o_min,-6.958281773114257
o_min,2.845305039396973
o_min,1.596023485923585
o_min,-9.508267432760254
o_min,-1.721739054595947
o_min,-1.671129032560058
o_min,-12.26915302344287
o_min,-8.955714724166505
o_min,9.684895891066894
o_min,-2.300051239268067
o_min,1.125965835622559
o_min,-11.96288858226807
o_min,-14.70172061051453
o_min,-6.589589092006836
o_min,6.986249991557617
o_min,-5.85792029120459
o_min,17.51887204155762
o_min,-1.503277580114257
o_min,-35.96379020493259
o_min,4.578147918557129
o_min,13.22287913119629
o_min,12.62782489753418
o_min,0.7203730563657222
o_min,7.769378522321777
o_min,2.315634402656251
o_min,-10.98508248622665
o_min,-5.425868680296265
o_min,-1.304123963884857
o_min,-2.715426297833252
o_min,-13.75224183257812
o_min,-0.2698192947304689
o_min,3.768800887161621
o_min,3.015036601822754
o_min,-7.546156930395508
o_min,2.887176119604492
o_min,-25.41033019257813
o_min,-7.361099279625245
o_min,0.2882395524705812
o_min,-8.120410998449707
o_min,11.60302504835498
o_min,10.00663754244751
o_min,3.50292364444751
o_min,-4.015930303337341
o_min,-32.11608305917725
o_min,-8.39357788952942
o_min,-7.881749828701172
o_min,-1.612580139970825
o_min,-7.682127784368285
o_min,-1.319266352827942
o_min,-16.21012481082794
o_min,10.9652635527832
o_min,-22.88031134946289
o_min,-10.80242986302002
o_min,-24.97880560302002
o_min,-11.99252447371704
o_min,0.7800333950291749
o_min,-31.22267284082794
o_min,-12.29552195734033
o_min,1.301173360934204
o_min,4.067317156971461
o_min,-5.543346824590881
o_min,3.770406357365721
o_min,-3.380450497250976
o_min,-0.3241629140893547
o_min,3.714841321665038
o_min,1.290446968032173
o_min,6.048207917092896
o_min,-5.058409617023205
o_min,-0.4176987956835933
o_min,13.23955166770264
o_min,2.987408608161621
o_min,1.303764202980225
o_min,-4.199507612704833
o_min,11.2467212826416
o_min,-14.66218793817871
o_min,9.2379093613916
o_min,8.379411091489256
o_min,-5.215823969006836
o_min,-4.791453161340332
o_min,-1.005224436469728
o_min,-2.31875586367617
o_min,-5.530256891340332
o_min,6.484063535622557
o_min,1.878525383532959
o_min,8.699843618338623
o_min,-15.55429014200684
o_min,2.600285428012695
o_min,-5.74901724527478
o_min,-3.04322968083838
o_min,4.777365228935548
o_min,12.18776253796997
o_min,2.757329588166748
o_min,5.506416582504883
o_min,-8.759905350025635
o_min,5.169408821489258
o_min,0.3999881287026365
o_min,9.069977676776976
o_min,5.274934673659669
o_min,7.980369781391602
o_min,-5.236556081913209
o_min,-1.097715405606934
o_min,4.056034360194908
o_min,-6.351877253838379
o_min,3.437055777993164
o_min,-2.878752353532714
o_min,-15.34543172375269
o_min,-3.55381293819873
o_min,2.777755555910645
o_min,-1.174505644236206
o_min,-6.62523095745874
o_min,15.41376731893555
o_min,4.124593881298829
o_min,-6.499164231174804
o_min,-4.590116559955322
o_min,-4.690507611125244
o_min,-2.824919456644043
o_min,6.741154842572755
o_min,-7.958212638035644
o_min,2.198294295793456
o_min,-9.260165885204469
o_min,4.227673617707519
o_min,3.563931839895752
o_min,1.065201627677368
o_min,-5.003359692947021
o_min,3.923249836957885
o_min,3.482439276707519
o_min,3.561786323306992
o_min,2.956256097676758
o_min,3.09127425026001
o_min,-3.283018985104248
o_min,1.497129509052979
o_min,-4.051112382947021
o_min,-1.044956370114746
o_min,0.1295879793611908
o_min,-1.327345992104248
o_min,-2.532256263104248
o_min,-1.966672560042114
o_min,3.907338872895752
o_min,-5.088123314005127
o_min,3.956403137889038
o_min,4.291579250957886
o_min,-0.927863841158783
o_min,2.965716981841217
o_min,-2.480436477110961
o_min,3.584078942895752
o_min,1.337596043676758
o_min,1.025247942858887
o_min,-3.218874777065063
o_min,3.403920341895752
o_min,-0.5750599437399901
o_min,2.815364381994873
o_min,-5.513522201462555
o_min,-1.930593557135925
o_min,-1.830044427240128
o_min,0.0687724270494385
o_min,-2.075172576419483
o_min,5.57325175733902
o_min,-0.2605790475520992
o_min,1.570262198771973
o_min,3.459828306403076
o_min,-5.122416435228027
o_min,1.351745018771973
o_min,-3.68724392913089
o_min,2.600494731801056
o_min,-0.9964032758168946
o_min,1.061922570403076
o_min,-1.361543584207794
o_min,4.146073309447901
o_min,-4.568198035228027
o_min,-2.788184718081054
o_min,2.408855121541382
o_min,0.1228015945864258
o_min,4.377314503538086
o_min,-5.403360394816895
o_min,-3.042741792458618
o_min,-1.697194525760273
o_min,-4.056894909081055
o_min,-5.797972697760273
o_min,0.256122649793701
o_min,4.10220077486911
o_min,0.169295689760986
o_min,-3.57994468213089
o_min,3.507477791403076
o_min,-4.083379796390808
o_min,3.661240654530517
o_min,-0.2036584993448484
o_min,-7.217553602247559
o_min,-2.788538634476074
o_min,-5.972357651427612
o_min,-1.723072556776001
o_min,0.7819181933559571
o_min,-8.474039435525512
o_min,4.621329302830689
o_min,1.685860042572388
o_min,-8.971509115427612
o_min,9.65341042875244
o_min,2.223635508752441
o_min,11.68192577875244
o_min,2.170443198752441
o_min,2.815415142791382
o_min,0.9668859887524412
o_min,1.702658988835693
o_min,-2.807463030427612
o_min,8.895781808752442
o_min,7.085746720830688
o_min,-9.108545027377442
o_min,-15.4172530886377
o_min,-5.409960960106933
o_min,7.227833811362304
o_min,3.115680456848144
o_min,-5.401817237390121
o_min,-18.25811923484198
o_min,-1.043291889661987
o_min,3.229920426817261
o_min,4.286973410256348
o_min,7.389194724187012
o_min,0.4462163230056148
o_min,1.168067528158024
o_min,-5.866108343644531
o_min,3.93924148131128
o_min,3.465186288154296
o_min,-9.423535812386474
o_min,12.16055947448364
o_min,-1.788118943236206
o_min,1.349492016685547
o_min,13.89964094095215
o_min,-14.9602264978457
o_min,-3.834292165459778
o_min,7.900020544243164
o_min,1.620622952436523
o_min,-3.677143858903442
o_min,1.153036879835693
o_min,6.530158454975586
o_min,0.4126992336855473
o_min,1.288437611096557
o_min,0.4161851126551514
o_min,-10.01217179438648
o_min,29.00210457650635
o_min,4.87805176392569
o_min,3.811212920761963
o_min,3.063102223341309
o_min,-2.083559350658692
o_min,0.1747138449724117
o_min,1.644160599107422
o_min,2.300069866055313
o_min,7.077939935415283
o_min,1.611048976415283
o_min,4.618364814341309
o_min,-4.971346640204468
o_min,-0.92341452380278
o_min,5.44925032619722
o_min,2.471932648341308
o_min,2.145283821078125
o_min,-2.530198386049072
o_min,-1.663490312070312
o_min,-2.211573598250336
o_min,17.04441364383545
o_min,-3.363864928637695
o_min,0.918900384374756
o_min,14.2457162386499
o_min,-2.860607412637695
o_min,0.3170201357496642
o_min,-7.413584158723633
o_min,-0.9424399691391604
o_min,0.6549826172493898
o_min,6.294640164414062
o_min,5.198330375368652
o_min,7.687604925008545
o_min,6.848825374578857
o_min,1.293978996223999
o_min,7.944148624860841
o_min,2.176881565362304
o_min,4.86902404524939
o_min,-0.0150306820010985
o_min,-8.89013226675061
o_min,-5.897079800598816
o_min,1.528826789749023
o_min,4.550495734578858
o_min,3.229037925341308
o_min,5.503861589972412
o_min,-0.9196870936813966
o_min,5.765391591415283
o_min,2.430886243651123
o_min,2.930027479388672
o_min,5.2857353514375
o_min,0.7408797843413084
o_min,6.68252544219722
o_min,-4.727000514913208
o_min,9.609567747781494
o_min,4.200697377051911
o_min,-0.9021810160703128
o_min,3.644642487341309
o_min,3.910817455651123
o_min,1.97174251419722
o_min,-1.913791168658692
o_min,3.770625514341309
o_min,3.010828425972412
o_min,2.758800219087402
o_min,6.545529445415284
o_min,3.718465610980225
o_min,1.496788680972412
o_min,0.0392507451972198
o_min,6.547969628087403
o_min,5.893011038341308
o_min,3.805796546318604
o_min,1.0351002834375
o_min,-3.887706759892578
o_min,3.847883241341309
o_min,3.441057002972412
o_min,3.70834338619722
o_min,-3.381320011060608
o_min,6.13764101419722
o_min,4.481251645024109
o_min,3.70684908092569
o_min,4.680488743713868
o_min,1.492045718549744
o_min,1.335686503549744
o_min,4.92110327692569
o_min,11.2125039360376
o_min,0.5259015669287113
o_min,11.61121589162659
o_min,3.028613405926514
o_min,4.647177058550293
o_min,-7.706798780931153
o_min,1.297545676928712
o_min,1.365969636037598
o_min,5.376999782093933
o_min,0.0296034541141358
o_min,-0.748561867047119
o_min,-6.629163371073487
o_min,1.527831091766601
o_min,10.7852762460376
o_min,-9.247073180206298
o_min,-10.85353412003628
o_min,2.041323390737304
o_min,-1.901398908108398
o_min,-0.6193658011083976
o_min,9.146730567622072
o_min,12.15338602122559
o_min,-2.121849337206299
o_min,-5.16019844835791
o_min,4.653373495550293
o_min,1.037943266037598
o_min,1.261297020926513
o_min,-0.3688563928161619
o_min,-4.023423268204468
o_min,1.127002458188095
o_min,2.977412526832764
o_min,3.917716228678894
o_min,5.600509555183838
o_min,2.27226421026001
o_min,3.175085799115967
o_min,4.767423475296509
o_min,-1.349113313703491
o_min,3.614971730388672
o_min,-0.6890241578161618
o_min,-0.6729193728161622
o_min,7.017630704296509
o_min,1.424880385864075
o_min,-3.14273574606726
o_min,-0.9328711707006844
o_min,0.822042710550293
o_min,5.885272326089295
o_min,-9.649446936885864
o_min,-2.135306128167237
o_min,3.100610014462891
o_min,5.479206096452637
o_min,-1.926541270148193
o_min,0.2693317588916013
o_min,10.48086244177734
o_min,2.314817169884765
o_min,-0.2793266018566891
o_min,1.111267761845581
o_min,6.266593720130006
o_min,-1.102347443164307
o_min,5.349148366452637
o_min,2.033373163205932
o_min,-8.654795068171143
o_min,3.174219353369385
o_min,-9.201811657966005
o_min,-3.579499924739991
o_min,9.298815619376832
o_min,6.930682322971192
o_min,-1.847852507558594
o_min,-1.703960400661622
o_min,3.493458897875975
o_min,6.122572599248047
o_min,13.38537809775635
o_min,1.582366147112731
o_min,-4.072877782705139
o_min,0.3467921092948608
o_min,3.958004227875975
o_min,-5.3846076325521
o_min,-0.0831861390593566
o_min,1.531347122940643
o_min,-7.712967755861328
o_min,-0.795828313838379
o_min,-1.146591263552099
o_min,2.993064628141418
o_min,-3.576187997254882
o_min,-0.7987736662226563
o_min,-8.793046241270508
o_min,9.307219361777342
o_min,5.793490917105713
o_min,-5.991083620950562
o_min,-6.633837805270508
o_min,11.96205483672364
o_min,6.458268638750001
o_min,9.472387992932129
o_min,-1.232841826344726
o_min,-2.149121539403549
o_min,1.608637680932739
o_min,12.65263653177246
o_min,2.090773230596451
o_min,3.127522341812256
o_min,10.80563140817001
o_min,-2.361245098487061
o_min,17.3516169887207
o_min,3.393833189772461
o_min,0.0787630121700134
o_min,6.902631077596451
o_min,-4.206489974725342
o_min,-0.6856034624035492
o_min,8.209333372768066
o_min,15.46436668177246
o_min,5.194578739698334
o_min,11.77891490839111
o_min,6.748752978170013
o_min,4.864836168812255
o_min,-7.758300311187744
o_min,7.736485569777832
o_min,0.4747078257955324
o_min,4.928314581127442
o_min,7.483088533547974
o_min,2.019626119829162
o_min,14.34498265238891
o_min,-1.626107891458496
o_min,6.671794530547974
o_min,1.276747002088867
o_min,10.65808886608887
o_min,-8.4433296874646
o_min,-5.400564517579834
o_min,2.041699182588379
o_min,0.2644467224710691
o_min,-0.8486352873923337
o_min,2.131064576420166
o_min,-9.465753219125975
o_min,-2.430950683125976
o_min,-0.5870047465798338
o_min,0.2180745367775878
o_min,2.202552500005493
o_min,-6.684749649411621
o_min,2.636831279267334
o_min,0.2388755295793458
o_min,-1.871095101411621
o_min,1.56178864284314
o_min,-4.942710952921631
o_min,-0.8273474781658932
o_min,-4.325511109556153
o_min,6.369836255032348
o_min,-3.565662933967652
o_min,-0.0235250967760007
o_min,-1.111970069967652
o_min,1.736330155940674
o_min,-3.808437246871216
o_min,-5.262064854059327
o_min,-1.416953679967651
o_min,-11.3545575982124
o_min,-16.70058656207313
o_min,-3.091767501983398
o_min,-18.91101403010307
o_min,11.47054526608887
o_min,3.861736247580517
o_min,12.45214492851929
o_min,10.38606602982666
o_min,11.32439922837036
o_min,16.08652859071289
o_min,3.510485050102905
o_min,14.28507503980225
o_min,6.420627998519287
o_min,0.3982334316330567
o_min,6.770113568370361
o_min,2.893498012793701
o_min,-4.315567217467041
o_min,2.725201561795532
o_min,16.12404396881226
o_min,10.56731577976807
o_min,-0.274502494187256
o_min,0.3541722965964508
o_min,4.655713977828018
o_min,-1.342096236649298
o_min,13.76255451608887
o_min,-4.777054968067261
o_min,0.4308421356225587
o_min,5.734989620649293
o_min,-0.0473845192028198
o_min,2.814574579787598
o_min,4.235416129785523
o_min,10.27159828441162
o_min,17.45852150982666
o_min,3.520192126115722
o_min,2.777681188795532
o_min,1.737732648812744
o_min,-0.2128228910232047
o_min,2.900832007532959
o_min,-2.143199932148193
o_min,-3.779662947625244
o_min,-0.1505426210672609
o_min,1.776056043795532
o_min,8.028484016821288
o_min,-3.455317123725342
o_min,-0.9323007998168942
o_min,12.69164153235107
o_min,14.92255394936646
o_min,12.15154676138266
o_min,6.371873059822998
o_min,1.786631059532959
o_min,9.683700930159912
o_min,4.606671794375
o_min,2.323345683851807
o_min,9.818178990985595
o_min,-11.14636208235071
o_min,-0.054063567187744
o_min,-0.1227957812783202
o_min,1.734973780366211
o_min,-0.6903577029585724
o_min,8.095568798720704
o_min,-9.367965138246094
o_min,7.549271156088867
o_min,-0.0652116231738277
o_min,-4.386511680227539
o_min,2.973792597768067
o_min,-3.10308826309253
o_min,-5.978325473595093
o_min,-0.0845145199585724
o_min,12.00979481833862
o_min,5.403771555781249
o_min,-3.491845095143432
o_min,-13.42969504822754
o_min,14.06427179348633
o_min,3.953312451089966
o_min,-0.5779656295373536
o_min,3.634676299041428
o_min,-5.331899846775452
o_min,-1.126386286958572
o_min,0.488601988971461
o_min,-14.96866495634804
o_min,-4.028120279829986
o_min,-12.5739337522793
o_min,1.942682105041428
o_min,-16.20952525023193
o_min,12.59567023608887
o_min,1.326321812536621
o_min,-1.618582200958572
o_min,4.564850623233215
o_min,11.03840980380127
o_min,7.022729128921814
o_min,-10.34668965536743
o_min,1.604891434698334
o_min,1.546011989041428
o_min,7.111581446921814
o_min,1.555428909041427
o_min,8.71319905821045
o_min,3.788834994016602
o_min,10.2893313787207
o_min,-1.218023296092529
o_min,-0.2982000073833006
o_min,-7.187471814348037
o_min,-3.051023281078186
o_min,6.097560274089966
o_min,2.449032422067871
o_min,9.105333451577147
o_min,6.889634967768066
o_min,-3.028561605279297
o_min,5.85515894077246
o_min,7.782969334846193
o_min,10.48089683253662
o_min,3.789502240812256
o_min,-9.55574229148706
o_min,12.66011204890137
o_min,15.21234977253662
o_min,3.076920433698334
o_min,2.876050314089966
o_min,10.96131492484619
o_min,1.392155910649292
o_min,0.4730660829221191
o_min,7.128800536088868
o_min,9.616293106088866
o_min,-4.347041722279297
o_min,6.553281446088867
o_min,10.76833946821045
o_min,14.04829585182617
o_min,2.345442818512939
o_min,-6.314738876910035
o_min,5.026158263981811
o_min,3.398830882851807
o_min,10.41750350890136
o_min,17.03056759359009
o_min,6.832276245768066
o_min,10.0248126687207
o_min,0.9409226559074706
o_min,2.137224588808594
o_min,-10.47373174609253
o_min,-9.024168768958573
o_min,0.8858551762332154
o_min,0.7355221999074708
o_min,-1.744767681005127
o_min,-9.939485540595092
o_min,-1.802830886348038
o_min,-1.066987061766785
o_min,-5.883444220348037
o_min,-3.097991176958572
o_min,-4.328543976958573
o_min,0.3212589940414276
o_min,-1.330589482107911
o_min,-4.716045183704834
o_min,7.273182813880096
o_min,-1.659713766711425
o_min,3.293264691622803
o_min,0.2344192200081787
o_min,-1.804358086855469
o_min,1.02626185940625
o_min,3.391090238060303
o_min,0.311372547836914
o_min,-0.8567162731171871
o_min,-1.292311547322815
o_min,5.943634446561401
o_min,2.888710283642822
o_min,3.345622215622803
o_min,7.417390335270998
o_min,6.238401288929932
o_min,-0.5911002861357422
o_min,-6.761511724621094
o_min,0.837674989994873
o_min,2.123256885724548
o_min,2.142266471226013
o_min,2.642127304115478
o_min,0.4934506969560548
o_min,-6.487954232969726
o_min,-0.2044946723571774
o_min,1.040060504547852
o_min,3.735630500864258
o_min,1.659332025929932
o_min,-4.95580554203302
o_min,4.733744608260132
o_min,3.263302078484619
o_min,-6.685141214163085
o_min,9.62760846009668
o_min,5.670025317677185
o_min,-1.343940204043945
o_min,-17.04165753626343
o_min,5.456916045791015
o_min,-0.7574963465014655
o_min,2.099008291195312
o_min,-3.327506339910034
o_min,-0.8863144359727171
o_min,1.560681882677185
o_min,-1.306991188035889
o_min,3.677370095020569
o_min,10.9051716329187
o_min,2.871804558027282
o_min,0.8876651720996094
o_min,7.249398933876954
o_min,-0.983909031163086
o_min,1.638613590260132
o_min,3.062335064195312
o_min,-3.185416633900391
o_min,0.4874859750899658
o_min,15.19047734784912
o_min,1.453092820924072
o_min,3.743874073332519
o_min,6.805110420922913
o_min,1.426680469578613
o_min,-4.230076208773987
o_min,6.406388172521728
o_min,3.724320897099609
o_min,1.458315826260132
o_min,2.386801250421387
o_min,3.334729512255005
o_min,9.21012857994629
o_min,21.85345658679199
o_min,-3.760260977389298
o_min,-1.480116344618408
o_min,7.199070839145508
o_min,-0.1945744027398683
o_min,0.4702219816081504
o_min,-1.976689516876343
o_min,5.614811973103516
o_min,6.018324221521729
o_min,7.566711132875977
o_min,6.919011087123657
o_min,-1.252689030046692
o_min,14.79657223914551
o_min,0.4466324668369141
o_min,-0.6979956963430176
o_min,18.95822199520447
o_min,13.42208600786377
o_min,-0.9710458209356688
o_min,0.3357441786569826
o_min,4.838549116521729
o_min,-9.251854570470949
o_min,2.977544674103516
o_min,6.660620939950134
o_min,2.361656596773925
o_min,2.351542429946289
o_min,4.737796516534424
o_min,10.11588318615967
o_min,-2.447838063246948
o_min,2.474531954148437
o_min,7.115672843215576
o_min,2.121152925688721
o_min,-0.9594765477700196
o_min,8.510731525593261
o_min,5.258497790807983
o_min,2.008838484807983
o_min,10.1733993816748
o_min,6.01869236559326
o_min,5.699491266159669
o_min,-0.1224611298822631
o_min,5.712226451440429
o_min,-5.077601195091797
o_min,-0.6905264191920164
o_min,8.570074306159668
o_min,4.317303155593262
o_min,0.9505067149501344
o_min,0.4151031054565433
o_min,2.410356683146484
o_min,0.9423819160494384
o_min,-7.085791230897216
o_min,-0.3215208127065735
o_min,-2.233402346009033
o_min,0.6123698655932621
o_min,-3.175541772868653
o_min,0.0437530955278324
o_min,-4.420862503311279
o_min,9.82152868144043
o_min,-0.9052933024721675
o_min,9.76693091559326
o_min,-0.2849905171899416
o_min,13.32185545328125
o_min,-1.113635340295937
o_min,-0.5234793339648434
o_min,11.62588341287598
o_min,-9.559668702318117
o_min,4.265564359639892
o_min,-0.1902128742919924
o_min,7.337315063671325
o_min,-0.3612289055520992
o_min,0.2550764928759772
o_min,-2.779751971330079
o_min,2.041850387672485
o_min,-1.94766131955957
o_min,1.208086788958862
o_min,4.762507934610596
o_min,0.2279111416699226
o_min,6.311179882232667
o_min,-1.162749585250976
o_min,10.71194708685547
o_min,0.3486327385344241
o_min,-9.44625327709607
o_min,10.03814718708252
o_min,0.9173053437920532
o_min,-3.489749301347656
o_min,12.04777468144043
o_min,-3.889090120615478
o_min,-11.80429479305518
o_min,-1.214506013615479
o_min,-2.754432595096069
o_min,-1.798593155226074
o_min,4.854027195791016
o_min,9.839789743527833
o_min,-10.59725593101355
o_min,-2.08877073603302
o_min,1.134261763082947
o_min,2.740867947746583
o_min,2.564980223793701
o_min,3.80269810111084
o_min,0.1216360668554692
o_min,-3.675495235835693
o_min,-2.46389118605957
o_min,-1.682436655404297
o_min,0.5125508562426759
o_min,0.298899555158691
o_min,-0.662152191053222
o_min,-0.6059513958520508
o_min,1.018514323793701
o_min,-2.823214428812348
o_min,-3.030275109710449
o_min,5.319172987714966
o_min,7.23570226831665
o_min,-10.76802370122119
o_min,7.718051344610595
o_min,-8.197032040200195
o_min,8.082241165146485
o_min,-8.260825134084472
o_min,-3.625395805389404
o_min,8.232658475146485
o_min,-2.55045296655957
o_min,0.0801292693166502
o_min,-7.127594415893554
o_min,9.869147634345705
o_min,3.910952026728516
o_min,4.47044748573523
o_min,2.714164614532959
o_min,1.796521145200927
o_min,2.027318632424164
o_min,-12.01605334705591
o_min,-3.794582182868653
o_min,-0.6016213007685547
o_min,-4.968647404851563
o_min,1.673413766131348
o_min,1.055695775735229
o_min,2.993935582805938
o_min,2.114277057131348
o_min,2.155457994376709
o_min,-2.979386123325196
o_min,-1.045473179306641
o_min,1.928226884970337
o_min,1.771083898150756
o_min,-9.56938846719406
o_min,5.361831755915528
o_min,3.667147874966521
o_min,4.450113731769226
o_min,3.584138011131348
o_min,2.825593765184601
o_min,0.459413213795532
o_min,2.530501093649633
o_min,0.5359816656318664
o_min,-1.387579844575836
o_min,-3.230745895786865
o_min,-5.845135357768555
o_min,0.6247600165474205
o_min,-0.6415142915758362
o_min,5.773186015600587
o_min,-1.355819114399415
o_min,5.895787615773926
o_min,-1.550749816368134
o_min,-2.379631170029663
o_min,-2.252218522824493
o_min,4.862729888209839
o_min,6.07399350708252
o_min,5.497271972013428
o_min,-2.834761379368134
o_min,4.00908801107666
o_min,6.186989182182618
o_min,3.407560854047241
o_min,8.428667383609925
o_min,4.075889801598633
o_min,-9.487329026158204
o_min,31.96874960787353
o_min,15.16941710809326
o_min,3.711242469597412
o_min,7.993670180462036
o_min,-3.648831563067261
o_min,-8.524281940375488
o_min,13.99758405050049
o_min,-4.341363785368133
o_min,6.97992513224121
o_min,8.151463289330323
o_min,2.102061080786132
o_min,9.323520721586911
o_min,5.447899521748116
o_min,7.444350083348877
o_min,0.238957464150757
o_min,10.10728060174812
o_min,16.24554810910889
o_min,3.839449468663818
o_min,-1.208087007353516
o_min,9.476053613142684
o_min,3.383197286916015
o_min,13.09162867886352
o_min,4.684622835600585
o_min,10.78744261795654
o_min,8.871141311586914
o_min,4.021113971224853
o_min,-2.674982844969239
o_min,8.752714937841798
o_min,13.71556533910889
o_min,9.665561693465577
o_min,10.60231847951996
o_min,5.169460085600587
o_min,15.82408204795654
o_min,-0.2525509286733398
o_min,8.883107387155762
o_min,12.52573991632568
o_min,14.46750590740478
o_min,0.6794853920332069
o_min,9.655508516027773
o_min,5.948335713984711
o_min,9.842991216003416
o_min,13.70649543739655
o_min,-4.180894740896118
o_min,12.12755419740478
o_min,9.518584861057128
o_min,2.710494474773926
o_min,16.16554249138184
o_min,8.046119468748117
o_min,-3.977661031891113
o_min,-1.397473811162826
o_min,10.50161165739654
o_min,12.38643809531982
o_min,9.926422075739746
o_min,14.75438824814453
o_min,7.218533691437988
o_min,8.349224478739746
o_min,3.490096320786133
o_min,10.57512358340271
o_min,7.279505299108887
o_min,5.177944708538086
o_min,-1.344205327368134
o_min,8.241312934295655
o_min,6.529309614371583
o_min,13.14657944346558
o_min,-10.43611726486182
o_min,1.847009587404784
o_min,8.39141247219641
o_min,3.489113621856689
o_min,7.811828253739746
o_min,1.811116802649633
o_min,4.962907608538086
o_min,11.68176083826416
o_min,12.65172096705597
o_min,5.815232412519959
o_min,-2.73142178768335
o_min,9.48624969224121
o_min,3.062465209649633
o_min,7.960222503793947
o_min,23.5734050211499
o_min,11.67985685702148
o_min,15.46887421436768
o_min,13.83663043980713
o_min,13.21753743234375
o_min,10.3610588963706
o_min,11.85379199304688
o_min,5.39671627680127
o_min,11.46839408004028
o_min,12.2414605624585
o_min,14.35525498426758
o_min,9.402427041467284
o_min,11.45366297393066
o_min,-1.52053523098291
o_min,1.557071490031738
o_min,17.77106038889526
o_min,-1.806498713918456
o_min,12.15814784583008
o_min,8.564266553221437
o_min,6.716069658029785
o_min,4.60388568103479
o_min,8.746495652778336
o_min,0.4084077380297852
o_min,3.18674571832666
o_min,4.8710038403125
o_min,6.449034022343749
o_min,8.650458435664063
o_min,11.95865099892334
o_min,10.82659887606567
o_min,14.78577549504639
o_min,8.658628228759767
o_min,-5.50989158231128
o_min,19.25092275209717
o_min,6.025140614433594
o_min,3.847432205917968
o_min,8.06975398080078
o_min,5.595015337802735
o_min,6.833901953515625
o_min,11.33617991461353
o_min,2.007380990971436
o_min,15.11530616048047
o_min,4.882282070541994
o_min,6.577247446175537
o_min,12.51528778150146
o_min,1.966376564306639
o_min,-1.017888196108398
o_min,6.392794049118653
o_min,1.129155538203126
o_min,-2.961938874217407
o_min,7.927444954331116
o_min,14.20656819430664
o_min,4.0377002938916
o_min,15.79677637046392
o_min,1.840284943981933
o_min,4.179853805397949
o_min,12.07999075054749
o_min,13.8439877686145
o_min,8.890044002556152
o_min,7.173122042343749
o_min,-1.240175085217407
o_min,11.98862405791821
o_min,11.62035504489258
o_min,15.6029222575415
o_min,9.62382796525879
o_min,10.58670941379883
o_min,9.40010369560791
o_min,14.62226383584961
o_min,-0.1629759740283205
o_min,6.399819385275634
o_min,-0.9792846795524904
o_min,2.5106101707959
o_min,1.031392405500733
o_min,15.10117643370689
o_min,-0.1667803722062988
o_min,1.755500534102783
o_min,10.62518340785034
o_min,7.365786059897459
o_min,11.79296864648438
o_min,6.531688399956055
o_min,6.604390055655761
o_min,11.92958104165918
o_min,9.359711122036131
o_min,11.54729317627954
o_min,2.335034655031738
o_min,13.03963229461182
o_min,9.441451754553222
o_min,14.86234858516052
o_min,9.441048506804275
o_min,19.10817475522461
o_min,8.085274502151488
o_min,1.934447587636718
o_min,4.91535313804541
o_min,10.33949319784149
o_min,17.60603263508667
o_min,3.990239840187988
o_min,15.28831138221192
o_min,15.06809779422378
o_min,4.68231915511377
o_min,15.60306242489062
o_min,15.79910670102417
o_min,7.3197649525708
o_min,17.75024158844482
o_min,9.490983113733886
o_min,14.25678296742676
o_min,4.041892885520264
o_min,22.33380039935455
o_min,0.8161189798851318
o_min,-2.720935219514892
o_min,12.34083499611719
o_min,-3.260402636313721
o_min,1.437906045263672
o_min,-0.5329290833066409
o_min,-2.131144321009033
o_min,0.3528712535329585
o_min,2.743290688346802
o_min,15.73894994372314
o_min,-2.271719473192016
o_min,18.02837338385986
o_min,2.968287846501221
o_min,2.162595868279541
o_min,15.67576139372223
o_min,14.05201826978272
o_min,17.53594407287232
o_min,5.714465535093995
o_min,18.04951079293213
o_min,-0.5650536086005857
o_min,3.052398523952636
o_min,15.33970289703613
o_min,3.623330454423829
o_min,3.976708666279541
o_min,-2.289840767626954
o_min,11.85708939561157
o_min,1.189718726807983
o_min,13.85035350276123
o_min,12.70962194311719
o_min,19.32640466541504
o_min,3.582195685560059
o_min,14.503998794094
o_min,-0.9724121753398434
o_min,8.474043734611573
o_min,11.92319916509399
o_min,1.558417083602539
o_min,13.17243549760254
o_min,8.423509120634765
o_min,8.482686146613649
o_min,1.79169128052246
o_min,5.026152388544922
o_min,14.97214953851563
o_min,-4.998474291311279
o_min,16.01651349487915
o_min,22.34343815293213
o_min,6.818416929956054
o_min,1.910003254340822
o_min,-1.587972714467773
o_min,8.923174975094604
o_min,0.4153671919560544
o_min,-12.76329152462695
o_min,4.868899080872314
o_min,-10.3395527219425
o_min,8.976755200634766
o_min,11.64860753760254
o_min,7.610333223952637
o_min,10.47371850912988
o_min,-2.617168103397461
o_min,9.095453294932128
o_min,15.7912354063385
o_min,5.900211568887329
o_min,11.21282526999023
o_min,7.585058228269043
o_min,14.67238994258072
o_min,13.46714772195892
o_min,12.41904633431458
o_min,14.59646355885529
o_min,8.70674038260498
o_min,4.372620693855286
o_min,-8.606674644463379
o_min,-6.751267787296631
o_min,0.5311192116557617
o_min,-3.343025736736328
o_min,10.64566962220215
o_min,2.402941772319336
o_min,13.76752895300354
o_min,6.486488134441773
o_min,8.319393070759766
o_min,18.52387741669556
o_min,-0.8651360994987791
o_min,14.8189704974762
o_min,11.62705817970337
o_min,6.584296714476197
o_min,18.46790970719483
o_min,19.45893491823291
o_min,2.961483110053589
o_min,7.769086953115234
o_min,10.15600266522461
o_min,-2.493641773771973
o_min,8.969614982878419
o_min,-6.584507222498779
o_min,12.45118730374841
o_min,6.734083625153808
o_min,2.71740946615332
o_min,2.519289288674315
o_min,18.46224273518799
o_min,6.528950774025878
o_min,8.45409504305359
o_min,3.047642007986328
o_min,8.350054087063233
o_min,6.107319360652099
o_min,7.647355936333007
o_min,13.51875575081152
o_min,9.131481901976072
o_min,10.97444598187842
o_min,15.64879860205322
o_min,12.86096672541016
o_min,1.82905211968628
o_min,14.70813575497437
o_min,10.11933304680428
o_min,12.6813168455835
o_min,6.244420630220703
o_min,11.11693000116052
o_min,12.30063428240088
o_min,17.87107098321777
o_min,8.340557030898925
o_min,5.140888427160522
o_min,1.472141543032959
o_min,12.23101922493774
o_min,18.13460862840088
o_min,5.564942899201661
o_min,7.646427852223786
o_min,9.069784937841492
o_min,8.456147220187987
o_min,4.440720248865937
o_min,-2.217818906217407
o_min,-0.4391780744498295
o_min,14.37318039940088
o_min,11.89658301578613
o_min,0.3959774765501707
o_min,0.730233018676758
o_min,20.82377088971484
o_min,6.648087800187989
o_min,10.79216728760498
o_min,5.642866565223786
o_min,13.58515954676361
o_min,-7.011533622127686
o_min,12.51834554107422
o_min,9.080421908150637
o_min,8.854063934708252
o_min,11.991692880625
o_min,-2.537475281989502
o_min,16.16577948304688
o_min,7.262803965402191
o_min,19.0179403912378
o_min,9.582343226228026
o_min,12.70999460676361
o_min,3.217905283211914
o_min,12.0723906351416
o_min,4.264060799815674
o_min,3.528929773349121
o_min,14.38975310297046
o_min,15.22791022356201
o_min,15.15782516342346
o_min,10.13423827356201
o_min,1.660744207198364
o_min,10.08574991534912
o_min,-0.5444222791920166
o_min,6.385711076470916
o_min,-0.4615687479661865
o_min,5.462567634328615
o_min,-3.748412533728272
o_min,2.635108652285156
o_min,13.54736516347092
o_min,10.52492697342346
o_min,3.148303481914307
o_min,13.07060482051544
o_min,9.955425839252442
o_min,-5.405376187625244
o_min,-2.219542762893433
o_min,14.61129875121094
o_min,9.931512739121091
o_min,12.04075929042969
o_min,16.65521763246387
o_min,16.80457809685364
o_min,9.385413047172118
o_min,0.4566764583547362
o_min,10.77145881618005
o_min,3.411198871424072
o_min,13.58502559306702
o_min,-0.4770661323275145
o_min,8.948550243302124
o_min,5.814510138234864
o_min,5.696332216026612
o_min,7.920666138425293
o_min,13.48319448870239
o_min,-2.798319612322754
o_min,8.02409638279663
o_min,10.66647027330212
o_min,8.97512962956299
o_min,1.673744473483398
o_min,15.79354839060383
o_min,11.40160040810058
o_min,5.916433570540527
o_min,-1.357269712116699
o_min,10.84215624030395
o_min,14.51581124995606
o_min,4.542337471655761
o_min,12.17673487661157
o_min,5.572128094660156
o_min,5.580432549956054
o_min,13.1117066470946
o_min,15.31538399362061
o_min,0.7384743470939945
o_min,3.536638726008301
o_min,12.25430056163477
o_min,11.82373051301465
o_min,5.587130574393067
o_min,7.836563083939941
o_min,4.400246850223633
o_min,-1.273005684339844
o_min,8.281101267102052
o_min,7.743136015903809
o_min,4.658354733992187
o_min,-0.7682790816733398
o_min,6.799316104554199
o_min,8.004500570330567
o_min,6.14764913511914
o_min,7.731729185393066
o_min,5.466474895366699
o_min,4.90584650669873
o_min,2.199593937436523
o_min,-2.620834455552735
o_min,-3.676443541019043
o_min,7.791130514439453
o_min,9.341311911461425
o_min,6.540612555556641
o_min,4.148078770574707
o_min,9.071220118574708
o_min,6.335752633408204
o_min,11.83724400713281
o_min,-0.8387490128085942
o_min,0.4154988849327394
o_min,1.51247088732666
o_min,-2.959246307048828
o_min,1.120287233150391
o_min,2.379954864023437
o_min,11.42549617376953
o_min,3.740545763057373
o_min,9.502245410207031
o_min,6.712588796749512
o_min,7.70440543288916
o_min,-4.41417465629187
o_min,2.236773079380371
o_min,6.218517690595215
o_min,3.974601325609863
o_min,9.804137281749512
o_min,7.353957335057373
o_min,3.762410374427734
o_min,6.670741937484436
o_min,8.425520532501709
o_min,-6.342535812353516
o_min,7.26768485888916
o_min,2.686544369957032
o_min,0.2142331379570317
o_min,5.381894421551269
o_min,7.56565156106543
o_min,3.719282345208496
o_min,4.686434881166016
o_min,6.746042659773438
o_min,1.591868099408203
o_min,5.935664547760254
o_min,12.78338259784912
o_min,5.633180683223633
o_min,-0.6098597965285646
o_min,1.613966868013184
o_min,7.042470875223633
o_min,8.879543709506835
o_min,7.787675785755371
o_min,8.35827634439453
o_min,10.13716841093848
o_min,3.916234101394531
o_min,-7.068994852799072
o_min,4.780618406071289
o_min,8.083790393581054
o_min,6.079709742192139
o_min,5.702384053150483
o_min,11.48022540481494
o_min,5.156779706491577
o_min,4.374701808381348
o_min,10.77200578020166
o_min,6.231273471336426
o_min,2.671824019440429
o_min,4.726093454235596
o_min,5.683769515385254
o_min,8.97869724504785
o_min,7.162448969225098
o_min,9.983425517626952
o_min,9.449751897760256
o_min,6.68069502035498
o_min,-10.32559734005518
o_min,1.859160353491577
o_min,-8.831772218560547
o_min,-7.547752027500977
o_min,-1.050781380563721
o_min,-5.397663741055908
o_min,1.908039461573242
o_min,0.9659651800916746
o_min,-2.325633470027649
o_min,3.632379779521973
o_min,4.595810548782272
o_min,4.323169006286377
o_min,-4.428389837005128
o_min,0.2116991426464842
o_min,0.8488249275244133
o_min,8.701324922961426
o_min,9.270778889030762
o_min,6.50435794144043
o_min,12.83437361762451
o_min,2.073608421655929
o_min,-3.98785240868335
o_min,-2.413295893236206
o_min,-3.68882988996338
o_min,0.1637870144404294
o_min,3.137609820778808
o_min,4.851803683662109
o_min,-5.398339177353516
o_min,-12.05810640747217
o_min,8.613581620944824
o_min,-6.111701826067261
o_min,10.53281343514648
o_min,-0.3782243726677246
o_min,-10.02617528676611
o_min,4.643026620778809
o_min,8.357668659587404
o_min,3.665533363773927
o_min,8.036115761110839
o_min,2.829765331669922
o_min,-10.06873057725098
o_min,2.203871231669922
o_min,6.100901375708009
o_min,4.129843328773927
o_min,4.282256525908203
o_min,-3.348533847291992
o_min,10.58893683111084
o_min,2.891499862810059
o_min,1.316269156052734
o_min,-5.502797899067261
o_min,-9.867480602036988
o_min,5.26922830685913
o_min,-6.412848845465576
o_min,1.910444046534424
o_min,-2.052826518189941
o_min,-1.125879426720093
o_min,-1.863388725465576
o_min,0.5436358333845215
o_min,-7.015384213107422
o_min,5.281936922793701
o_min,0.7403446355957026
o_min,-6.395548232157715
o_min,11.74611777521484
o_min,-2.442127228623536
o_min,-5.593538793472168
o_min,-5.318597582465576
o_min,1.707454512232665
o_min,-2.537174740213868
o_min,1.531740261056885
o_min,2.342667869880981
o_min,3.958690766532959
o_min,-6.966514720757324
o_min,13.89511854910645
o_min,-7.181063898399414
o_min,1.578256854534424
o_min,-0.7550497065766599
o_min,-15.37542660468335
o_min,-14.45113637705591
o_min,-4.609643246618408
o_min,-0.2220240126977533
o_min,-13.40804217679016
o_min,4.560743148944091
o_min,-4.616833584084473
o_min,-4.6628605478432
o_min,-1.086485587843201
o_min,0.6521941800366218
o_min,1.085305936610595
o_min,1.910658172946777
o_min,0.6239351186105955
o_min,-4.799752492531495
o_min,1.428963929807984
o_min,5.46348657326001
o_min,7.312804317624511
o_min,-6.663285346119019
o_min,-14.5568486063894
o_min,4.471928441440429
o_min,2.649495450158691
o_min,-15.82186933396338
o_min,1.394726678714966
o_min,-3.151955209222656
o_min,7.218317029946288
o_min,0.8217145758804931
o_min,-2.850063665137207
o_min,-1.986514926055908
o_min,10.79605738618408
o_min,-12.96781493091705
o_min,-6.146831225843201
o_min,-6.975606334055908
o_min,8.755949422961425
o_min,-7.084901788053712
o_min,11.59457318077881
o_min,-2.932585614222656
o_min,1.80903933017041
o_min,-1.60672163103302
o_min,-0.6140770989945068
o_min,5.307588430763793
o_min,-2.769908600204467
o_min,-3.393815428788086
o_min,0.0053675351667479
o_min,-0.0776953044670412
o_min,4.056985602932739
o_min,-1.251777922987305
o_min,-3.114446787250976
o_min,5.008045050204834
o_min,1.225893711374756
o_min,1.201329602763794
o_min,4.1520897741427
o_min,7.583790188888122
o_min,1.646082268812744
o_min,-2.575496487067261
o_min,3.56582380693274
o_min,-2.933347481028539
o_min,0.7016436059327393
o_min,7.365911499049439
o_min,3.502190348503174
o_min,-3.430551377625244
o_min,-1.227368753250976
o_min,0.0770907562951661
o_min,4.3056952991427
o_min,0.849545111812744
o_min,4.337264345092773
o_min,1.30316352326001
o_min,2.773473556355957
o_min,10.56060445833862
o_min,1.104789556616821
o_min,5.162815202122253
o_min,-0.6056304164128419
o_min,1.084935381793701
o_min,-0.2252215530778807
o_min,-1.552950600529297
o_min,-0.1192715018847652
o_min,-5.313753032529297
o_min,-3.350287899529297
o_min,-5.92115901774414
o_min,-3.761935787744141
o_min,-5.58662924909668
o_min,-0.2282292788818356
o_min,-2.795131253881836
o_min,-5.469537879096679
o_min,-3.660666385096679
o_min,-3.164421649713868
o_min,-9.58603640909668
o_min,-1.85964929609668
o_min,-0.817439996881836
o_min,-2.87341540709668
o_min,-2.309888381096679
o_min,0.0389029549033201
o_min,0.5873721729033203
o_min,-4.22654217409668
o_min,-0.6581917598818361
o_min,-1.719165590881836
o_min,-4.511618070187256
o_min,-3.609725697881835
o_min,3.23730078290332
o_min,-0.7835998870966794
o_min,-8.21861988909668
o_min,-5.269914655294189
o_min,-2.26651798529419
o_min,-3.01656072929419
o_min,-3.444257271079346
o_min,-0.6472311740793453
o_min,-8.404773260079345
o_min,-2.981913133994506
o_min,-7.581841110079345
o_min,1.855992446705811
o_min,-6.362506495294189
o_min,-4.868885289079346
o_min,3.28206258170581
o_min,-1.23763738429419
o_min,-2.50225877129419
o_min,-11.45906563007934
o_min,-2.794966882294189
o_min,-1.73110647829419
o_min,3.383134487355957
o_min,-0.1676534480793456
o_min,-2.549915492079346
o_min,-7.684507255294189
o_min,-3.457161727079345
o_min,-1.557247925294189
o_min,-3.239753876294189
o_min,-2.195307193294189
o_min,-7.167530815294189
o_min,0.2369426657058104
o_min,-1.48874166829419
o_min,-2.942559821713867
o_min,-1.782078613079346
o_min,-4.066304177079346
o_min,-2.356356533079346
o_min,-1.566933179079346
o_min,-1.612243289079346
o_min,4.541266215920654
o_min,-0.0043533132941897
o_min,0.9413120759206546
o_min,-1.981362051079346
o_min,-8.331928425294189
o_min,4.301357921795532
o_min,-4.231248129294189
o_min,1.69093300670581
o_min,-7.44310181529419
o_min,2.535101002705811
o_min,-2.491051147071533
o_min,-0.4084346702863772
o_min,1.779072191713623
o_min,-2.035367846286377
o_min,-2.408462649286377
o_min,-3.481151811286377
o_min,-0.4513898669945066
o_min,-2.379993999071533
o_min,-6.971339642071532
o_min,-0.2777987270715334
o_min,0.4307990419284664
o_min,-6.562727497286376
o_min,-1.056057618071534
o_min,1.278234607713623
o_min,-9.061706627286377
o_min,-0.1343764712863766
o_min,-7.281213867286377
o_min,-8.120630412977295
o_min,-4.971500336111573
o_min,-0.4663190861115724
o_min,-4.730856406896729
o_min,-2.614113431896729
o_min,-6.145138778111573
o_min,-9.592340188111573
o_min,-0.0969548591115723
o_min,0.0018728498884277
o_min,-7.296883882896729
o_min,-3.464314682970459
o_min,-0.7785530649110909
o_min,-6.892177806185302
o_min,-4.714155168970459
o_min,1.919401526814697
o_min,4.179762419814697
o_min,-5.398228758185303
o_min,-4.035321072173096
o_min,-2.330362383173096
o_min,-9.415970591173096
o_min,-8.636515811173096
o_min,-5.904787403958252
o_min,0.7228827740054933
o_min,1.294541195041748
o_min,0.3564495268269043
o_min,-6.441657815958251
o_min,-1.986520659958252
o_min,1.010991682826904
o_min,2.563689662826905
o_min,-0.0370372641730956
o_min,1.142245025826904
o_min,-2.551568930703858
o_min,-2.056962652489013
o_min,10.77437734101563
o_min,-9.342419377489014
o_min,2.398935178296143
o_min,-0.3874833027038575
o_min,-0.3213145467038574
o_min,-1.066646027703857
o_min,-0.8889829567038579
o_min,-0.1937227944890138
o_min,-1.313779592489014
o_min,-1.120001061703857
o_min,0.5635257582961426
o_min,2.16617831126001
o_min,0.7771722782961428
o_min,3.700556438449341
o_min,-4.238986141550659
o_min,-7.767569207550659
o_min,-0.8574612625506592
o_min,-2.540893385335816
o_min,-1.056923943335815
o_min,-4.415296962335815
o_min,-2.653012601335816
o_min,-2.878758726335816
o_min,-0.4625166190197758
o_min,-5.883351292335815
o_min,-5.139612274550659
o_min,-0.9609056435506592
o_min,-12.37278077600525
o_min,1.574598225209595
o_min,-4.005760564790405
o_min,0.3102452312095947
o_min,3.924240588994751
o_min,-3.804240561005249
o_min,-1.595370183005249
o_min,-2.479292817206298
o_min,-1.716599731583618
o_min,0.797768557416382
o_min,0.3741976886312255
o_min,-1.130428808368775
o_min,-3.116609531368774
o_min,-3.247538431368774
o_min,1.668588590631226
o_min,-5.882569139368775
o_min,2.629582355416382
o_min,-4.455497668583618
o_min,1.170616208374756
o_min,-4.256452502629639
o_min,-3.175946449629639
o_min,0.881402309585205
o_min,-2.644140947414795
o_min,-3.749545856414795
o_min,2.148669905585205
o_min,-1.584810367414795
o_min,-4.337252340414795
o_min,-1.521024463414795
o_min,-0.8415661504147951
o_min,-0.4975954580672606
o_min,-6.484243853629639
o_min,-2.067726146629639
o_min,1.361142624415405
o_min,-4.492223623584595
o_min,2.598075795415405
o_min,-4.250058105584595
o_min,2.140049950415405
o_min,-0.4370681245845946
o_min,2.467566672630249
o_min,-0.8067999193697508
o_min,7.991318411971461
o_min,-6.489961311369751
o_min,-3.003473979369751
o_min,-6.828958087584594
o_min,-8.841282333369751
o_min,-0.6066647983697511
o_min,1.292052280630249
o_min,-1.429837865584595
o_min,-1.113672090584595
o_min,-7.610706088584594
o_min,-3.642674015584594
o_min,-3.208269636005128
o_min,0.0799137396302489
o_min,4.443515166415406
o_min,-2.180127540584595
o_min,-6.722536384584595
o_min,-6.058688452369751
o_min,-0.394860538369751
o_min,-1.060017800369751
o_min,0.8650417414154052
o_min,-4.846890383369751
o_min,-1.104125010369751
o_min,4.855351336086792
o_min,-2.614296799369751
o_min,-0.4568646435845949
o_min,0.0363840655677489
o_min,5.561087908558106
o_min,-3.782559996432251
o_min,0.0516679115677489
o_min,-3.038916676432251
o_min,-6.424784912432251
o_min,-2.988591665432251
o_min,-3.487365509432251
o_min,2.49714782878833
o_min,-7.10325060421167
o_min,1.643964722778686
o_min,-0.21832766621167
o_min,-3.044153844221314
o_min,2.100756909778687
o_min,-2.086316706221313
o_min,-0.4453029472213134
o_min,-8.43315506521167
o_min,-5.77133377021167
o_min,2.636876819763794
o_min,-4.134139065799225
o_min,-4.398884393799225
o_min,-11.22069085279922
o_min,0.3780239321911316
o_min,-1.725442324799225
o_min,-2.150300071808868
o_min,-8.851236878808868
o_min,-5.739401532808868
o_min,-0.6490208498088683
o_min,-3.613626361799225
o_min,2.167951543864074
o_min,-4.204800326799225
o_min,-4.161011754799225
o_min,-8.568330487799225
o_min,-2.485416035808869
o_min,-0.2180885058088684
o_min,-2.694683465808868
o_min,-1.004704695808868
o_min,0.1457625281911315
o_min,-3.332180085808869
o_min,-1.182574217799225
o_min,1.895135065994873
o_min,-0.8379406247992249
o_min,-8.02157152586969
o_min,-5.017182437879334
o_min,-8.083426149879333
o_min,-2.012776039887192
o_min,-0.4272600728871918
o_min,-5.590960768887192
o_min,-4.074488762887192
o_min,2.011247647510132
o_min,-3.842240908489869
o_min,-0.2792408062362059
o_min,-5.762582229489868
o_min,-8.989160420489869
o_min,-9.634144906489867
o_min,-1.741888789489868
o_min,3.225354495510132
o_min,-3.526867640887192
o_min,-4.042912357887192
o_min,-2.198468870887192
o_min,-7.752611584887191
o_min,4.444671513112808
o_min,-0.3079607070232048
o_min,-2.396392061887192
o_min,1.014084405510132
o_min,-0.0086094374898681
o_min,-4.167932528887191
o_min,-3.893859556887192
o_min,2.764912583112808
o_min,1.914105641112808
o_min,3.540084566112808
o_min,-6.965422874887191
o_min,0.959860648510132
o_min,-4.776649143739991
o_min,1.101780268510132
o_min,0.7987430755101319
o_min,-5.051491477887192
o_min,4.416687084112808
o_min,-2.900612878887192
o_min,5.181774468112808
o_min,5.825023617510132
o_min,1.932453270112808
o_min,-3.395952427887192
o_min,-0.2720020367399902
o_min,6.256512710759872
o_min,-2.703425190887192
o_min,-5.625408881489868
o_min,3.310885534112808
o_min,-1.937971780887192
o_min,3.453160761112808
o_min,5.264137366510131
o_min,2.271340315510132
o_min,-3.757258313887192
o_min,1.651576298510132
o_min,-4.165812144887192
o_min,8.575993022537446
o_min,-7.22942699159877
o_min,-6.842976671598771
o_min,0.0218153017985534
o_min,1.37495986040123
o_min,-3.892134055201447
o_min,0.5494545577985535
o_min,-0.5497349312014466
o_min,-1.469723995201446
o_min,-2.237589385201447
o_min,2.69824021240123
o_min,-7.382516001201447
o_min,0.1343267624012298
o_min,0.8699007064012299
o_min,-3.23912489659877
o_min,-2.859820416740036
o_min,-0.789407205740036
o_min,1.296041159259964
o_min,-0.6577619782438736
o_min,0.6410135677561264
o_min,-4.706985162740036
o_min,6.815482238102783
o_min,-8.850124833086685
o_min,-1.958523247086685
o_min,1.744842707931993
o_min,0.3043222629319925
o_min,7.703974529931992
o_min,4.878783036931993
o_min,4.933237275931993
o_min,-3.021783218086685
o_min,0.7541929729319925
o_min,-4.128097516086685
o_min,-0.1060559266364746
o_min,-6.037447788086685
o_min,-9.718270297086685
o_min,-3.994367909068007
o_min,-0.1318273750680074
o_min,-3.766288896068008
o_min,1.261072200931993
o_min,0.0239311949319925
o_min,0.8101813319319925
o_min,1.010916283913315
o_min,-1.296028142086685
o_min,5.825996058076171
o_min,-5.306476595086685
o_min,-5.490754649086685
o_min,-1.600842260141174
o_min,0.4161484058588257
o_min,-0.6041882965461731
o_min,-1.018562357546173
o_min,0.4272464938588257
o_min,-0.4466773265461731
o_min,2.855619559858826
o_min,-0.9484487851411744
o_min,0.9937903325537114
o_min,-1.738486504141174
o_min,0.8732789317662963
o_min,-0.7429276586310272
o_min,-3.553637637631027
o_min,1.962334417368973
o_min,3.219321815766296
o_min,2.905968041368973
o_min,-1.114794574631027
o_min,1.987302961368973
o_min,1.678351428001495
o_min,1.875329849001496
o_min,4.197507434001495
o_min,-0.4002113634035034
o_min,1.936046688596496
o_min,-4.085460126998504
o_min,3.433876771001495
o_min,-7.905173723998504
o_min,-5.926074797403503
o_min,-4.942838897998505
o_min,-3.452126169403503
o_min,2.322044197111328
o_min,-0.4972184604035034
o_min,2.614685289001496
o_min,-5.438845631998505
o_min,-0.6639025729985046
o_min,-3.761547935998505
o_min,-0.3850530079985046
o_min,6.862759547001495
o_min,-0.0248496179985046
o_min,1.218488787596496
o_min,-3.492509287403504
o_min,-2.390806651064453
o_min,-1.312024572403503
o_min,-4.276183343403504
o_min,-0.4602532334035034
o_min,4.019010297596497
o_min,2.396779312001496
o_min,0.7013413820014953
o_min,3.824034958596497
o_min,-9.743547046998504
o_min,-3.329532508448456
o_min,-0.2235505168332521
o_min,-7.180964162351563
o_min,-2.701555132853454
o_min,3.609361713551544
o_min,-6.509676930853455
o_min,5.138890831551544
o_min,2.912643793146545
o_min,4.577146960551544
o_min,-0.5148169778534546
o_min,4.057332920146545
o_min,1.387575051146545
o_min,-2.456902336853455
o_min,-4.436301506248535
o_min,1.829021123146545
o_min,-1.640268490448456
o_min,7.820951271551545
o_min,-1.380466302448456
o_min,-4.135934292448456
o_min,0.037368620097351
o_min,3.250436981087708
o_min,3.144384996087708
o_min,0.0008321380877074
o_min,0.0411768190973511
o_min,1.819870056793701
o_min,2.484294961087707
o_min,2.335813835087708
o_min,0.254455673097351
o_min,2.347773556097351
o_min,0.6804319680973512
o_min,-1.031388763902649
o_min,-2.229874401047363
o_min,-0.5596020050377197
o_min,0.7856079039526369
o_min,3.607906073374756
o_min,1.36922228796228
o_min,2.43817124496228
o_min,-4.75554013803772
o_min,-5.171873844037719
o_min,5.86808648996228
o_min,1.102019685952637
o_min,-0.1735621370377198
o_min,-2.556256147047363
o_min,-4.01886397403772
o_min,1.53618384496228
o_min,-6.80568828206726
o_min,1.38660951896228
o_min,0.3515469639622801
o_min,-1.16557150003772
o_min,-2.10439154103772
o_min,6.443502210012573
o_min,1.871604856012573
o_min,0.0487214890125731
o_min,-1.683386546987427
o_min,-2.55536999499707
o_min,1.00036206000293
o_min,0.9437723968881224
o_min,-1.397475487526734
o_min,-0.6890419955363769
o_min,-0.632569329536377
o_min,-0.735735739536377
o_min,0.817078823463623
o_min,-3.579683928526733
o_min,-5.999353293536377
o_min,-1.915911993536377
o_min,-0.8105992215267332
o_min,7.252803314473267
o_min,-2.955613613005127
o_min,0.908534095473267
o_min,7.054633221463623
o_min,1.704475883463623
o_min,-0.1777939965267334
o_min,0.9544423564636229
o_min,-1.788728087526733
o_min,-4.533497971536377
o_min,-4.672977552526733
o_min,1.040560429473267
o_min,1.034484590473267
o_min,-4.758807730206298
o_min,7.388207414473266
o_min,10.25412954447327
o_min,5.26550220093274
o_min,3.034874337932739
o_min,2.695186908374756
o_min,0.8362301267937013
o_min,6.985623358120119
o_min,8.778793242127442
o_min,-3.002769008833252
o_min,2.087161902812744
o_min,-1.153848646120606
o_min,2.213712585696289
o_min,-0.701855956120605
o_min,9.337680041625976
o_min,-0.0891796200561518
o_min,1.311697048943847
o_min,-2.341571620056152
o_min,1.972843515988281
o_min,-0.0046377290672605
o_min,0.1007585874951164
o_min,-5.432439702504883
o_min,-0.1561855725048833
o_min,-3.886614512504882
o_min,1.032657214495117
o_min,0.8578883919882809
o_min,-1.586538122504884
o_min,-1.727654522504883
o_min,0.8684203619882815
o_min,-8.247123484028538
o_min,-6.344782830739746
o_min,3.502623601260254
o_min,10.37738367026025
o_min,-0.4241433007397468
o_min,-1.982903898599609
o_min,-0.265366531599609
o_min,2.92201449840039
o_min,4.300107349932739
o_min,-0.9283156705996092
o_min,2.590774433400391
o_min,-3.90511965959961
o_min,-0.2937455125996093
o_min,-1.079040453434083
o_min,2.326933327565918
o_min,-0.3174975485996096
o_min,-0.6121527814340819
o_min,5.23241762793274
o_min,-3.996132150839843
o_min,-8.858649350839844
o_min,2.666938379160157
o_min,1.635855563925293
o_min,-0.8858702400747074
o_min,0.7385728150834963
o_min,2.944788445925293
o_min,-3.585653499074708
o_min,4.103203551925293
o_min,2.533415807353516
o_min,-1.393181857232911
o_min,1.82786123976709
o_min,-0.1011239492329103
o_min,1.877687190932617
o_min,0.0213443135268551
o_min,-5.522585149631349
o_min,4.669291003526856
o_min,3.933318631976795
o_min,0.1270719493767087
o_min,3.582275148368652
o_min,1.811463550368653
o_min,0.5630769905268558
o_min,1.315665090368652
o_min,-1.154336574033691
o_min,-3.332402206201172
o_min,1.729862106966308
o_min,-0.2907322660336913
o_min,4.735843891966308
o_min,-5.819537708236206
o_min,6.270220564607178
o_min,4.078060095939698
o_min,3.135477319446533
o_min,-0.8737914356469734
o_min,-3.435390812424805
o_min,2.115620168784424
o_min,-0.5460525826416012
o_min,3.862148513283447
o_min,1.339091654358398
o_min,-0.1694249387399904
o_min,1.702846751283447
o_min,3.883474148369385
o_min,-1.225357547630615
o_min,0.424250799294434
o_min,-1.14085292452832
o_min,1.465031443396728
o_min,-1.828424891603272
o_min,3.527315074396729
o_min,1.092693202396728
o_min,-3.211644738603271
o_min,0.2778934019327392
o_min,1.206230444396728
o_min,-6.225520070244141
o_min,-2.881501657455078
o_min,-1.147308024380127
o_min,0.5011766325449218
o_min,-3.802470262455078
o_min,1.032637557544922
o_min,3.365716619619873
o_min,1.230389949619873
o_min,-2.632656082455078
o_min,3.357782122131347
o_min,2.815587184544922
o_min,0.1485415185070802
o_min,0.9433893505820312
o_min,-4.462771956417969
o_min,-1.77972411249292
o_min,0.1754435015820314
o_min,2.84337077150708
o_min,-5.203460948571655
o_min,2.447672691428345
o_min,-4.177854811571655
o_min,6.225259475971461
o_min,3.926710627875366
o_min,0.8745888969215088
o_min,-8.028088860734863
o_min,-6.524879933734864
o_min,-1.181022704321411
o_min,-0.4784239449777834
o_min,-4.918062621173828
o_min,-5.170607939517456
o_min,7.512633768482544
o_min,4.023290982273194
o_min,5.887096505622559
o_min,2.590945479826172
o_min,-2.871269565517456
o_min,-4.783396477517456
o_min,0.559035725482544
o_min,-0.6292009627268067
o_min,-1.912531269835571
o_min,3.157493257164429
o_min,-5.906705303969909
o_min,-0.6819153521043089
o_min,-4.37870126638855
o_min,5.778648333334717
o_min,0.9355532718345336
o_min,-3.649046433165466
o_min,0.6858545597001953
o_min,-8.380066301165467
o_min,-2.297194120209594
o_min,-4.472062017636932
o_min,2.875968402363068
o_min,0.6883794253630676
o_min,-3.038265454854187
o_min,-5.009776222483734
o_min,-1.873542992733139
o_min,-2.150032812733139
o_min,4.298369510516266
o_min,-2.175403345483734
o_min,-1.917014433733139
o_min,-5.754167700483734
o_min,1.678148662266861
o_min,-10.06797911348373
o_min,-0.797973261733139
o_min,-0.5372139693047028
o_min,5.451151715295167
o_min,-1.934071771304702
o_min,-2.738841428466881
o_min,-1.855591491466881
o_min,-10.87280219546688
o_min,-2.907676275304703
o_min,3.497399504533119
o_min,-5.714095695304703
o_min,-6.65411408346688
o_min,1.231296217661818
o_min,-5.653721745338182
o_min,1.426454799812744
o_min,-3.342678135093796
o_min,-3.326417882947845
o_min,-11.36170434607071
o_min,-6.712942881612015
o_min,-1.441274075070709
o_min,-1.553638731612015
o_min,-5.975228222612015
o_min,2.509154642929291
o_min,-1.855435344070709
o_min,-0.0946160550707092
o_min,-4.770421449187256
o_min,-2.784711998070709
o_min,-0.0358075160707092
o_min,1.17761270887355
o_min,-9.836390698126449
o_min,-1.335876305585144
o_min,-7.744749838456131
o_min,-3.671014452456131
o_min,-2.020594497456131
o_min,-0.158959730456131
o_min,-2.509210699096275
o_min,-2.647897230236206
o_min,-0.2019913704561309
o_min,-1.170503330096275
o_min,-0.664078590456131
o_min,-5.432569700811432
o_min,-0.6972961606492538
o_min,4.297250679081161
o_min,6.286573377081162
o_min,-11.03782959738441
o_min,1.510786666563858
o_min,-2.208823720384415
o_min,0.7423865199327393
o_min,-1.394447511384415
o_min,1.712308894563858
o_min,-4.875462984436142
o_min,-2.473058844436142
o_min,-3.322265294515457
o_min,4.629809619425019
o_min,1.875047654373291
o_min,1.062058678373291
o_min,0.8540503753732911
o_min,-6.131264636574982
o_min,-0.8651355441872557
o_min,3.230357363373291
o_min,-0.508716804626709
o_min,-8.554998500574982
o_min,-8.52026475962671
o_min,-0.1786710857843323
o_min,-1.356150022784332
o_min,-2.084845554705673
o_min,-1.952695064164368
o_min,-4.193706697705673
o_min,1.257019152294327
o_min,2.36811085053296
o_min,-3.906970788807541
o_min,-11.88930537330673
o_min,-9.365058402853457
o_min,-7.526322687615662
o_min,-0.2852732908534545
o_min,-1.766506489853455
o_min,1.591474186146546
o_min,-7.102087204615661
o_min,-9.936660718560288
o_min,5.537886059932739
o_min,-1.469389566614471
o_min,-8.486489713614471
o_min,-1.801495890677811
o_min,-6.35099590123291
o_min,-2.90067920023291
o_min,-3.72412380523291
o_min,-11.43075369723291
o_min,-9.685115502232913
o_min,-8.44602760923291
o_min,-6.79102717823291
o_min,0.906130691392334
o_min,-7.163567936367248
o_min,5.87153347976709
o_min,-8.429676889367249
o_min,-4.50589738423291
o_min,-5.637639858232911
o_min,-8.263963597232909
o_min,-6.773772754995179
o_min,-6.489922715129516
o_min,-4.275594780995178
o_min,2.78281652856012
o_min,6.068792901763794
o_min,2.57474613356012
o_min,1.876832453861176
o_min,-1.68746562112677
o_min,-4.61336611712677
o_min,-2.931680735743164
o_min,-0.1801721587431641
o_min,-7.944460832743165
o_min,-3.235282991743164
o_min,2.287193020256836
o_min,-7.943406295743164
o_min,0.5748147502600098
o_min,-6.122264271743164
o_min,-5.464804742743164
o_min,4.514248195541077
o_min,-2.722915922743164
o_min,-5.477938530458923
o_min,-3.155872838086853
o_min,-1.622936601578003
o_min,1.810180386424866
o_min,-1.770070450575134
o_min,-3.292697822290711
o_min,-0.874175836206299
o_min,0.7141476213767088
o_min,-1.940036599488525
o_min,-7.539870326488526
o_min,-5.619172740488525
o_min,-1.717825394250732
o_min,2.950698978842346
o_min,-4.901265224353333
o_min,-4.100417920353332
o_min,1.894397052854492
o_min,0.6001419411981201
o_min,2.93406566419812
o_min,-0.8458829001018715
o_min,-1.56140402980188
o_min,-4.378688436804565
o_min,-4.582621574804565
o_min,0.0614903440610961
o_min,-0.6474225069389039
o_min,-5.81514042132611
o_min,0.6052525035123293
o_min,-3.75214546280188
o_min,-7.63348276980188
o_min,-3.648533893145508
o_min,-2.065290068744995
o_min,-0.4955367877734375
o_min,-4.367041184938904
o_min,0.2256460610610962
o_min,-4.587532405938903
o_min,-5.598327193326111
o_min,-2.876579947191773
o_min,-8.302656689458985
o_min,-2.939028178278198
o_min,-1.446768510628296
o_min,-6.795157114284668
o_min,2.6490326771427
o_min,-4.481323920775878
o_min,-2.612502112726318
o_min,-4.564218442726318
o_min,-2.041439468714844
o_min,-2.954988734714844
o_min,-0.0906753997148439
o_min,-7.804352723714843
o_min,2.468303777732178
o_min,1.102228114150025
o_min,-2.236743244849976
o_min,-3.691156996625244
o_min,-5.744711996193604
o_min,-5.560043233849976
o_min,-0.5956893948499755
o_min,-5.779162864182129
o_min,-1.777056336182129
o_min,-4.519853149435547
o_min,-8.148640608193602
o_min,-8.95097165618213
o_min,2.147398809817872
o_min,-12.68947828418213
o_min,1.955912344532959
o_min,-0.4331345431821289
o_min,-6.644901968182129
o_min,-1.358920051182129
o_min,-7.183487706735107
o_min,-7.054555367435547
o_min,-8.670209499091918
o_min,-3.534865812514404
o_min,-1.185110537858032
o_min,-1.965321646858032
o_min,-4.945576047846558
o_min,-3.204907850067261
o_min,-0.8034761468465574
o_min,-9.681165423846558
o_min,-7.521933180399536
o_min,1.222408122900024
o_min,-2.736333437756348
o_min,-6.441851193213257
o_min,-1.464194827213257
o_min,-2.623616687213257
o_min,-6.884049637556885
o_min,1.616008484443115
o_min,-0.8943505760672608
o_min,-5.747312736382568
o_min,-3.967662271935546
o_min,-0.9400836141428224
o_min,-9.002105015142822
o_min,-0.7008779151428222
o_min,-2.267205219655762
o_min,-1.008551877384766
o_min,0.8074047583908692
o_min,-10.33378302130542
o_min,-3.56532024830542
o_min,0.1958081347637938
o_min,-0.94193581030542
o_min,-4.811675840404785
o_min,3.588486200595215
o_min,-6.398061790404785
o_min,-2.878161783404785
o_min,-0.998156280404785
o_min,-3.225882176211182
o_min,-8.22307103721118
o_min,-5.882408971359864
o_min,-5.237160647359863
o_min,1.322143532166748
o_min,0.8923792016401366
o_min,-1.254019554185547
o_min,-10.53502720690137
o_min,-4.02105885566626
o_min,-3.68108081666626
o_min,1.352383162695801
o_min,-1.205461078704834
o_min,1.996319223304688
o_min,-1.960374674695312
o_min,0.6556544103796389
o_min,1.015633548932739
o_min,-1.533695527164307
o_min,-6.418523438283203
o_min,-1.946738221926757
o_min,-0.9760447139267576
o_min,-2.337186912926758
o_min,1.626778370435303
o_min,-2.061309015564697
o_min,-7.130112257221192
o_min,-1.135165667296142
o_min,-10.09217233797192
o_min,8.777457247296143
o_min,0.0484817029327393
o_min,-1.204744806703857
o_min,-3.425904534703857
o_min,1.408798033989746
o_min,-4.416842202010254
o_min,-0.3219781224853513
o_min,-2.402954919335937
o_min,-0.1461819751518556
o_min,-1.602192332151856
o_min,-1.494867428151856
o_min,-0.3364020821518556
o_min,1.774340582851807
o_min,-0.4952217289421385
o_min,3.401183170057861
o_min,-3.545475064942138
o_min,-0.297811981720093
o_min,3.070390650279907
o_min,-2.646617996570434
o_min,-2.50405458440796
o_min,-0.451754186407959
o_min,1.354713168283569
o_min,-0.4748630162044676
o_min,-0.6461425477164306
o_min,4.786224190283569
o_min,1.775647178733032
o_min,0.8912731751222533
o_min,6.165353706122254
o_min,4.049131969122254
o_min,5.444445224122253
o_min,-1.662820083877746
o_min,5.634864344122253
o_min,5.930707127971461
o_min,4.743908768122253
o_min,-0.8838027055466919
o_min,1.661165387338409
o_min,2.918078109338409
o_min,-1.057667791103401
o_min,2.438580418896599
o_min,1.280751504896599
o_min,5.146843037896599
o_min,14.19067361331665
o_min,6.570280912896599
o_min,9.185838453971462
o_min,11.85193408101562
o_min,2.67053557493274
o_min,2.650732167328308
o_min,4.264085465763793
o_min,3.202481843976796
o_min,2.435121473022705
o_min,9.542280245595702
o_min,5.47163607994629
o_min,10.02912982579102
o_min,-2.07909316188916
o_min,3.976526985119262
o_min,9.148579535214845
o_min,5.258468047543944
o_min,2.377690990835693
o_min,2.768411891423339
o_min,-0.5597746575314941
o_min,4.559914022200928
o_min,-0.2348088226977545
o_min,6.625099029030762
o_min,1.250621280374756
o_min,-6.102536279625244
o_min,6.863494448012695
o_min,2.370475871932739
o_min,5.378677033932739
o_min,3.141633505763794
o_min,-6.135017556023205
o_min,6.274289088338623
o_min,11.59020303208891
o_min,2.039822680932739
o_min,-5.662440328067261
o_min,-5.258630389377442
o_min,7.683035634610595
o_min,7.411950412232667
o_min,4.616398109539551
o_min,2.59114078107666
o_min,1.40402071907666
o_min,0.8160202201171867
o_min,4.740111122918945
o_min,7.536701911619629
o_min,1.901563354565918
o_min,6.48273955873999
o_min,-4.483057266806641
o_min,-0.985641756082032
o_min,0.9751927434723512
o_min,5.286229332099365
o_min,-3.670206545319824
o_min,4.091768617551757
o_min,7.318650104680175
o_min,3.082024112680176
o_min,-3.294409525319825
o_min,-1.358869174979493
o_min,4.30110536795459
o_min,0.0501014088596187
o_min,1.558664088184082
o_min,-2.911305934204468
o_min,4.75604078991748
o_min,-3.159393458011962
o_min,-2.793283463550537
o_min,7.043018058669922
o_min,3.964947311807373
o_min,8.882106267037354
o_min,-1.596281395500976
o_min,-0.1822284141586916
o_min,1.86370911432959
o_min,3.14291638371289
o_min,6.043759264841309
o_min,-2.25380218657666
o_min,5.045170554569092
o_min,3.390600062244629
o_min,4.470890621758056
o_min,0.2414815172446287
o_min,6.495043542373047
o_min,-0.1883274866269531
o_min,-0.2411330082419436
o_min,3.91204416320459
o_min,1.710758304002686
o_min,4.082347713880493
o_min,0.1510435466997073
o_min,-0.53198956679541
o_min,-2.138198608139405
o_min,-1.15746185283313
o_min,-2.5487978730271
o_min,-5.944784439046631
o_min,3.186193867953369
o_min,-0.0267305870466305
o_min,0.3144079840494385
o_min,5.336876965770996
o_min,4.322726896120301
o_min,-2.14114770791626
o_min,4.555463801641602
o_min,1.457893266637207
o_min,-1.852981190154541
o_min,-1.247099303873413
o_min,6.990968466591065
o_min,-2.846980824873413
o_min,3.9866923040896
o_min,-1.239847689071289
o_min,-3.829990562835693
o_min,-0.6004818988605956
o_min,1.47742663099231
o_min,1.004740983139404
o_min,3.305227676904541
o_min,-5.503084537731812
o_min,5.555069900261596
o_min,-6.340893990861938
o_min,-0.5973227543018189
o_min,1.521035052509888
o_min,-0.8434368668482666
o_min,-3.002011580845704
o_min,4.033500296154297
o_min,-2.761939926501038
o_min,1.789459774462402
o_min,-2.110889652543945
o_min,3.528795206863464
o_min,-0.1469646455375977
o_min,0.0331271966981812
o_min,-5.354431059301819
o_min,-0.9710234018847652
o_min,-4.001922733543945
o_min,0.8935710824989624
o_min,-4.246457887301819
o_min,-4.441999377837891
o_min,2.266057138865845
o_min,-8.148069198685242
o_min,0.3961439210516357
o_min,3.595970664287415
o_min,-6.272449514685242
o_min,1.570644122661377
o_min,-5.964554873134155
o_min,-1.038134242134155
o_min,5.110440138287414
o_min,-0.327048990437744
o_min,-6.535924949104675
o_min,-1.497544715874878
o_min,2.892682932487762
o_min,-3.600556640659851
o_min,1.958662399340149
o_min,-2.778026015512237
o_min,1.765604062749024
o_min,-9.43562556059082
o_min,1.203221969487762
o_min,-3.49293086071933
o_min,-0.2535595186139069
o_min,-1.396182696877945
o_min,3.989124439959137
o_min,2.677604873959137
o_min,-2.22305568439994
o_min,-3.307353280993866
o_min,1.526479409543283
o_min,0.984904350793701
o_min,1.013861139006134
o_min,-5.605712544391991
o_min,-4.774178873327896
o_min,-1.608099378972466
o_min,2.259494881028656
o_min,5.54603733260801
o_min,0.8222306070275345
o_min,0.0774581460275344
o_min,1.382318090104004
o_min,-4.226253012005127
o_min,-6.20857377635454
o_min,-5.581097051589414
o_min,-3.649768148589415
o_min,-4.260950239862869
o_min,1.646231184028656
o_min,4.747554488028656
o_min,-2.937592558862869
o_min,0.2247769708569107
o_min,1.933068894965782
o_min,-0.2794745504670413
o_min,-0.6322207832310791
o_min,-5.417565280034218
o_min,4.298969046768921
o_min,-2.795076686231079
o_min,-2.626720376034218
o_min,-2.200809054957001
o_min,0.9206196620429992
o_min,5.410060237628189
o_min,-2.707930529126526
o_min,3.481363716932739
o_min,4.488253473628189
o_min,-5.580951815766404
o_min,-3.053223491657532
o_min,-9.422403882657532
o_min,-2.48452981472068
o_min,-3.132352595282532
o_min,-4.762920981371811
o_min,-3.513439992832725
o_min,-6.832958048557328
o_min,2.408027712316803
o_min,1.108130323661377
o_min,-0.977286385683197
o_min,3.93283215797966
o_min,-6.659238897557327
o_min,1.616502301316803
o_min,2.97176722097966
o_min,4.873674452297348
o_min,-1.18983161102034
o_min,1.215492931167274
o_min,-6.606039434610474
o_min,-1.107800321035828
o_min,-8.756786715204468
o_min,-3.625476836132691
o_min,0.5348885848673096
o_min,-2.334433150377976
o_min,5.357150539801331
o_min,-9.333116782779236
o_min,-0.345690524013855
o_min,3.430645481986145
o_min,-1.352330896302795
o_min,3.158662308932739
o_min,4.515764445513245
o_min,3.707420344321472
o_min,-2.835038671302796
o_min,3.687297797229065
o_min,6.773437939233612
o_min,1.70905576402417
o_min,2.126440550051452
o_min,-5.725183706948547
o_min,-1.417875375148193
o_min,1.14084406502417
o_min,0.3807377972336121
o_min,2.419285432097885
o_min,-2.955522458610779
o_min,0.8548699450514525
o_min,-1.215620083766388
o_min,-3.726929288766388
o_min,-1.370992623948547
o_min,-3.949435733948548
o_min,-0.4739497389485474
o_min,-6.457587183187256
o_min,-4.563878537811096
o_min,-5.770746639900024
o_min,-0.7443036253671875
o_min,-2.749919916367188
o_min,0.7954646535458374
o_min,3.067465902545837
o_min,-4.528768750454162
o_min,0.0839393585458374
o_min,1.828870293545837
o_min,0.212295531763794
o_min,-2.297929372454163
o_min,-2.682282563900024
o_min,-4.200315387458069
o_min,-0.767515331302063
o_min,7.659581135099975
o_min,-2.77558449562378
o_min,8.59886951944104
o_min,2.458269719566772
o_min,2.101606670290527
o_min,-0.8426440692044679
o_min,-1.592813729263611
o_min,4.44924774373639
o_min,2.577027373290528
o_min,-1.337778770620544
o_min,0.8704245233794556
o_min,-1.606021565596069
o_min,-1.391266892620544
o_min,2.603441073290528
o_min,-5.567403956758056
o_min,6.890407490569642
o_min,-0.3544665800778812
o_min,-4.700931331204468
o_min,7.020869513290528
o_min,4.560683893752014
o_min,-1.31569165488269
o_min,-5.200994900271363
o_min,-2.332894107647461
o_min,7.507135956744019
o_min,-5.290441028250855
o_min,3.773581234744019
o_min,-4.59642971906726
o_min,3.922889768872314
o_min,0.2998484728428954
o_min,2.406985402744019
o_min,-8.850403677157104
o_min,0.2489731963729249
o_min,6.406695145081422
o_min,-5.26414707394751
o_min,4.413767563139893
o_min,-3.836534038860108
o_min,-4.850839934833251
o_min,-3.416132006860108
o_min,-4.584195136860108
o_min,-5.22600436505603
o_min,-2.278746222860107
o_min,-4.768298087544434
o_min,4.229447249681519
o_min,-9.722207240339356
o_min,2.409854579660644
o_min,3.311468892036865
o_min,0.037539114036865
o_min,-3.759050327339355
o_min,-3.778829205666382
o_min,3.827268852843506
o_min,5.292162514843506
o_min,0.368754385554932
o_min,-0.3854935394278564
o_min,-2.467809588445069
o_min,-8.495740047635376
o_min,-8.458509116292237
o_min,-5.707918961666381
o_min,-2.642585357204468
o_min,1.620738179843506
o_min,-8.283971344497804
o_min,-6.210080470497802
o_min,-4.369368311427857
o_min,2.020076187984009
o_min,-0.0778695486353759
o_min,5.197886523984009
o_min,4.738087882843506
o_min,3.816669437113892
o_min,0.8849398868435059
o_min,-6.175453982833252
o_min,0.0117502469840089
o_min,-11.49332047942786
o_min,-8.41129300735144
o_min,-3.09975541472522
o_min,-1.570803959107788
o_min,-1.969887424215332
o_min,0.8134240938922117
o_min,-0.9249107001380614
o_min,-0.0031807648332522
o_min,-4.189281224486694
o_min,1.528974145724365
o_min,-0.2550726542153319
o_min,2.63340560634375
o_min,-3.613433626215332
o_min,6.43959837427478
o_min,0.3606231268658448
o_min,-8.673680663065186
o_min,2.037073038934815
o_min,0.4648726981043705
o_min,1.364426888532959
o_min,-6.037555314365479
o_min,-2.351088032756592
o_min,2.279062997865845
o_min,1.744090158375732
o_min,-2.260285833516724
o_min,-2.272196451341431
o_min,-2.852397661065186
o_min,-5.35928174289563
o_min,1.236910308166748
o_min,9.536878397453004
o_min,-2.15516212089563
o_min,-2.069146111546997
o_min,2.921578683243408
o_min,6.154739128483277
o_min,-1.566631355760376
o_min,3.56120652410437
o_min,3.519614982239624
o_min,4.334435297434326
o_min,3.607385351742432
o_min,-8.465666320744996
o_min,-3.75400794137793
o_min,-9.312808325257569
o_min,1.452932810054321
o_min,-2.488960798619873
o_min,-1.620500077619873
o_min,-10.12334181247754
o_min,7.214446280522461
o_min,-3.358777171981201
o_min,-2.526685388967041
o_min,1.901121160783081
o_min,-8.196165577124512
o_min,4.152084469041137
o_min,1.896712281933228
o_min,3.145586807875488
o_min,0.5707108369332277
o_min,-6.348916585981201
o_min,10.06585087404114
o_min,-5.860649964625854
o_min,-2.261331672401367
o_min,-5.787611196401367
o_min,-2.942103882419483
o_min,-2.421137587751587
o_min,2.700906439657714
o_min,2.316332203033935
o_min,2.810626488531739
o_min,-3.411398044249756
o_min,-3.051482692408936
o_min,2.960981060397461
o_min,-8.13886375460083
o_min,2.76437441207544
o_min,-6.59428840192456
o_min,-1.620580243913208
o_min,-5.826574544187379
o_min,-5.332869616187377
o_min,-3.855292403771973
o_min,0.1242304624537351
o_min,-7.435235079283448
o_min,-1.821125176627075
o_min,-4.648581285202637
o_min,1.632790700453735
o_min,-3.074204165202636
o_min,0.2795357279622803
o_min,2.896896209049439
o_min,-10.50943656338135
o_min,0.2574211400477293
o_min,-0.8593592926086426
o_min,-5.633312997608643
o_min,-1.408216611608643
o_min,-6.91002149795227
o_min,-4.100742564608643
o_min,1.892490821300293
o_min,-6.769105828147827
o_min,-8.921113772147827
o_min,-1.130532602147827
o_min,-2.461679434491455
o_min,-1.201012518466126
o_min,-0.8177149984661254
o_min,3.765124247020935
o_min,3.434729488101746
o_min,-7.756438917763916
o_min,-5.752960852763916
o_min,-5.750277713763916
o_min,-5.916797128898255
o_min,-11.84390734176392
o_min,-3.321012645692138
o_min,-3.925384069482239
o_min,-6.740652592616577
o_min,-0.2234560606165772
o_min,-9.463569827616578
o_min,-6.452782478401428
o_min,1.271864047598572
o_min,-2.363222683535767
o_min,1.539355894598572
o_min,-10.27545394240143
o_min,-9.241051102401428
o_min,-0.6724117289342957
o_min,-2.498000178291595
o_min,0.2250428539985046
o_min,-3.936360483135834
o_min,-4.410517652001495
o_min,-3.818468375001495
o_min,0.7854853427192374
o_min,-8.581556882135834
o_min,-8.796533482064056
o_min,-3.62892324798265
o_min,-0.8925467104431457
o_min,-0.2264687982971954
o_min,-6.495152708443146
o_min,-4.467379991297196
o_min,-1.596958769443146
o_min,-2.501516065297196
o_min,-4.850143640731224
o_min,3.5585017552883
o_min,-7.819848356368073
o_min,-7.418722617287262
o_min,-1.732371620287262
o_min,-4.659604445287262
o_min,-3.567741898287262
o_min,-4.197541378630889
o_min,-0.94140307163089
o_min,1.047558201531612
o_min,-6.129252626468388
o_min,-0.3921645174683876
o_min,2.298900133650177
o_min,0.8706742445316124
o_min,-2.703820966647049
o_min,-7.149476597011513
o_min,-5.407613931011513
o_min,-1.795424242216705
o_min,1.013539480783295
o_min,-6.966202930582977
o_min,-4.183061473366089
o_min,-2.318135149306641
o_min,-7.923367794816955
o_min,-4.671234267851075
o_min,-4.968159674716736
o_min,-3.309470961716736
o_min,1.383202705311951
o_min,3.705234453311951
o_min,-0.9337425973941652
o_min,-5.681410775050537
o_min,-7.653281729714966
o_min,-6.274589212963989
o_min,-3.182612880122314
o_min,-3.363944881967827
o_min,-1.800672090671692
o_min,-8.467081172135925
o_min,-6.292628528148194
o_min,-3.754253417467041
o_min,0.9297628097490236
o_min,-4.040129869739991
o_min,-1.419926455005127
o_min,1.24717066172937
o_min,0.2563460718518069
o_min,-5.584790182204468
o_min,-4.505363369833251
o_min,-2.53878901246704
o_min,-11.78437929725098
o_min,3.824060401032173
o_min,-1.828526966967827
o_min,-1.712157789187256
o_min,-0.6939435346492977
o_min,-7.495844079963989
o_min,-1.043992271206299
o_min,0.952264643166748
o_min,-2.221421325817291
o_min,1.964918715763794
o_min,-6.85646161106726
o_min,-5.804696437250977
o_min,1.258172577055878
o_min,1.240646779036011
o_min,-6.695393565661988
o_min,-0.1623650970232048
o_min,-6.228343478320007
o_min,-0.4531269399639894
o_min,0.9763563317293702
o_min,-3.580951204833252
o_min,4.246210827328309
o_min,-1.796346925469963
o_min,0.2042955227490237
o_min,-6.596575191236205
o_min,-1.776515437963989
o_min,-0.2708721171643065
o_min,-8.828899348841798
o_min,-0.2572393690232048
o_min,-5.107380263187256
o_min,-11.31009884725098
o_min,-5.549294167467041
o_min,0.394616069328308
o_min,2.40190507772937
o_min,-7.355697029999268
o_min,-0.5364096487399901
o_min,-8.324558702833253
o_min,-3.134047885999268
o_min,-5.187688138122315
o_min,-1.301847228833252
o_min,-1.353053466204468
o_min,-1.064688748841797
o_min,-2.827292641841797
o_min,-4.386413686833253
o_min,-0.7168274339678269
o_min,-1.778802121649298
o_min,-11.15060235417553
o_min,-7.273344517250976
o_min,-2.140344949967827
o_min,-10.32691649716431
o_min,2.261244240976795
o_min,-2.548963297236206
o_min,-5.739659702023205
o_min,0.5987452227293701
o_min,-7.342223113187256
o_min,2.27299639026001
o_min,-7.17524030527063
o_min,-2.75048547827063
o_min,-4.040398508661987
o_min,-3.998240517250977
o_min,-2.534757517467041
o_min,4.874123928994873
o_min,-5.524671956204468
o_min,-0.9150696841018716
o_min,-0.1062611631872556
o_min,-1.313345818250976
o_min,-5.074682691649298
o_min,-7.58643363796399
o_min,-2.66128552746704
o_min,5.021298949679992
o_min,-9.60030512096399
o_min,-0.7323441908417969
o_min,1.833779932393555
o_min,-2.152355521625244
o_min,0.3035584179767951
o_min,-6.214535545175529
o_min,1.01355938072937
o_min,-4.186354104739991
o_min,-2.868910013841797
o_min,-3.952781255148194
o_min,-5.949736828148193
o_min,-6.613406089841797
o_min,0.1682991319767952
o_min,-9.45499181127063
o_min,-4.701029408204468
o_min,-3.931300064135925
o_min,-0.999856562236206
o_min,2.711271750032173
o_min,5.787100811793701
o_min,-1.084570834817291
o_min,-2.33491347846704
o_min,-0.7863641137399902
o_min,-4.638816986841797
o_min,-2.144028087067261
o_min,-6.326049945999268
o_min,-6.211858797250976
o_min,3.430235554158203
o_min,-7.610378849739989
o_min,-5.674483256236206
o_min,-0.8678380080672605
o_min,-2.321251607101872
o_min,-8.977614192270629
o_min,-3.968337167320007
o_min,-3.00834768073999
o_min,-0.4085936791481934
o_min,1.132762318994873
o_min,-7.109639865101872
o_min,1.220157418877686
o_min,-8.943324490175529
o_min,-1.14374464173999
o_min,1.101906786793701
o_min,1.886271023898129
o_min,-10.79020739927063
o_min,-6.939965697250976
o_min,-3.678135206649298
o_min,-4.58909040746704
o_min,-5.364039814841797
o_min,-1.711942179671692
o_min,-2.913788424963989
o_min,6.573032684976795
o_min,-2.57707361206726
o_min,-7.564472584101871
o_min,0.7115938581582033
o_min,-8.558846022833253
o_min,-6.263254686739991
o_min,-2.302609663206299
o_min,-2.55206689727063
o_min,-5.847868417250977
o_min,1.01408267972937
o_min,-4.888508854817292
o_min,-10.10363356520447
o_min,-4.202464749967826
o_min,-5.056953289135925
o_min,-2.677603493967827
o_min,-9.571031102833253
o_min,5.193437197532959
o_min,-7.443615076414551
o_min,-1.479932543135925
o_min,-1.905439106671692
o_min,7.345491699032173
o_min,0.2761146935329588
o_min,-1.94839983073999
o_min,-1.606616903967827
o_min,3.481122704877685
o_min,-4.07127718973999
o_min,-2.073937911999268
o_min,-7.5155253702063
o_min,-3.238779844206299
o_min,0.0750910787955323
o_min,0.7246226399767952
o_min,3.437482361866211
o_min,-3.922623076204467
o_min,-5.571567512649298
o_min,3.667777428976795
o_min,-0.3389519012706299
o_min,-3.194473946661988
o_min,-4.521834838236206
o_min,-5.884379438841797
o_min,-4.036545452175529
o_min,-0.7933710886619871
o_min,-1.66397420646704
o_min,8.16439533837378
o_min,-5.893607404320007
o_min,2.502855025532959
o_min,-1.109669894206299
o_min,-5.938522321999267
o_min,-5.207612877023204
o_min,-3.349656798967827
o_min,-7.584328220963989
o_min,-4.363036160999267
o_min,1.17212594082447
o_min,-9.33292917696399
o_min,-0.4908762388172912
o_min,3.59738236182447
o_min,-3.221364620833252
o_min,-1.605931009135925
o_min,-5.974028247250976
o_min,-1.380022969841797
o_min,-0.4308028072509762
o_min,-1.500794968467041
o_min,-2.497120410250977
o_min,-2.6284207562063
o_min,-4.784193003320008
o_min,-10.33534785716431
o_min,2.525900829898128
o_min,-1.444905159122314
o_min,1.395032190795532
o_min,-1.661703606023205
o_min,-5.646488362999268
o_min,3.333796329158204
o_min,-5.866757389967827
o_min,-4.092536152023205
o_min,-3.134188421414551
o_min,-1.405761498661987
o_min,-6.50328282273999
o_min,-7.966317745963989
o_min,-9.07191828746704
o_min,-1.58719533427063
o_min,-6.04564099117553
o_min,-7.790990371884765
o_min,-0.5254794222706298
o_min,3.49834276772937
o_min,4.69559743172937
o_min,-8.48225833973999
o_min,-10.23501719716431
o_min,-4.229108221236206
o_min,-6.103356269625245
o_min,-4.811529740206298
o_min,-3.371235036963989
o_min,0.3856906616799926
o_min,-6.129606578067261
o_min,-2.752372308067261
o_min,-1.54538237006726
o_min,-3.486746633067261
o_min,-2.806051377067261
o_min,-9.617206674005129
o_min,-2.99624652473999
o_min,-0.3102356471018715
o_min,6.897502644182708
o_min,-11.72769161973999
o_min,1.603143434000732
o_min,-0.854237383206299
o_min,-5.153757075023205
o_min,-11.85200694881729
o_min,-2.131505552067261
o_min,-4.9595512502063
o_min,-2.484696051467042
o_min,0.1016603992600098
o_min,0.2388392150321731
o_min,-2.559724560739991
o_min,-6.428284127250977
o_min,-3.34118915706726
o_min,-4.038075242967826
o_min,-3.954011067250976
o_min,-1.520418231023205
o_min,-3.614811251999268
o_min,-5.013492612204468
o_min,-2.168004139999268
o_min,-6.17946734273999
o_min,-10.0694335978418
o_min,2.470541040763794
o_min,-9.174027194999269
o_min,-6.29284558673999
o_min,-2.051381270999268
o_min,-5.247873418671692
o_min,-3.027758883414551
o_min,-1.70899676827063
o_min,-7.530839012067261
o_min,2.759486460036011
o_min,0.3211760759327391
o_min,-2.931854515817291
o_min,0.5737129857955323
o_min,-4.700406391967827
o_min,5.968865328032173
o_min,0.0363796157293703
o_min,-1.558705488963989
o_min,-6.178317618661987
o_min,-0.4892616859992675
o_min,-6.491874461817291
o_min,-7.590789517467041
o_min,-4.159379957250977
o_min,-3.869675267414551
o_min,-3.194256558122314
o_min,-0.7900474088417969
o_min,-7.295839793187255
o_min,3.26428490472937
o_min,-10.47784227725098
o_min,0.5222623450360109
o_min,-3.865172184947266
o_min,1.479835543898128
o_min,-5.307307524661987
o_min,-7.442869613187256
o_min,0.4550418567293697
o_min,4.781047704115235
o_min,-3.405761688148193
o_min,1.330333816976795
o_min,-7.365319038023203
o_min,-0.1305343918847654
o_min,-4.948796953204468
o_min,-6.776300372833251
o_min,-4.427204199122315
o_min,-3.55889039273999
o_min,0.05636838372937
o_min,-5.850631124841797
o_min,-1.211562893999268
o_min,-4.740828572841797
o_min,-5.360053214841797
o_min,1.98048357272937
o_min,-1.220600381967827
o_min,-2.410064518661988
o_min,-1.539630981204468
o_min,-4.11731669996399
o_min,-2.610818776963989
o_min,-3.39196975917553
o_min,-3.117902502320008
o_min,-7.921606215204468
o_min,3.45853749003601
o_min,-9.143068059270629
o_min,-3.01765130627063
o_min,-6.621795019320008
o_min,-7.162862787101871
o_min,-9.553976780206298
o_min,-4.737451654023205
o_min,0.3513629619327392
o_min,-3.150888683833252
o_min,-7.287720847841797
o_min,2.37105051282447
o_min,-0.7217977452706297
o_min,-8.310643303358459
o_min,-3.366248629963989
o_min,-8.325854519967827
o_min,1.25634748726001
o_min,-3.058265619164306
o_min,-5.811039221884766
o_min,-1.441975589467041
o_min,-0.0172945288332515
o_min,2.06440823982447
o_min,-7.767036685101871
o_min,-4.145218817204468
o_min,-4.556835570187256
o_min,-3.923200487067261
o_min,-5.590533490206299
o_min,-5.686247451967827
o_min,-10.35217384881729
o_min,2.125838641532959
o_min,-2.955122572236206
o_min,-6.897962606817291
o_min,-4.226495486967827
o_min,-0.4114049508417969
o_min,4.822310701588009
o_min,-1.750459153884766
o_min,-3.445348677206299
o_min,-0.4937351809678268
o_min,-3.676930449164306
o_min,-1.260679665963989
o_min,5.68412486382447
o_min,-7.308733983649297
o_min,-6.671520977023205
o_min,-4.135532226148193
o_min,-4.650100908833252
o_min,1.974014365158203
o_min,-6.043348663204467
o_min,-1.422528598148193
o_min,-1.930292843967827
o_min,-4.451028155999268
o_min,-6.506930174999267
o_min,-10.09224413666199
o_min,-3.852995924833252
o_min,-1.825615139005128
o_min,-6.474532773187256
o_min,3.51466178758545
o_min,-2.084745122005127
o_min,5.12538609426001
o_min,-5.950041279236206
o_min,-5.993488175023205
o_min,-4.047680426649298
o_min,-2.925395937250977
o_min,-5.436064758023205
o_min,-1.636921652414551
o_min,-13.80984984496399
o_min,0.3810560855329585
o_min,-3.960187363841797
o_min,3.242437587166748
o_min,-1.52468075073999
o_min,-4.14929436427063
o_min,-3.689454718833252
o_min,-0.5589975249639894
o_min,-4.082331689817291
o_min,-5.66077969746704
o_min,-2.185415273625244
o_min,-9.497774879967826
o_min,-0.6970859714670414
o_min,-1.68035282673999
o_min,-5.978364223204467
o_min,0.0063022901152347
o_min,-7.19108248927063
o_min,-5.735172113204468
o_min,1.975485159328308
o_min,-4.905683602841797
o_min,-6.555380354671692
o_min,-1.816204247122314
o_min,-5.581647148005127
o_min,-4.031485170967827
o_min,-1.643332716467041
o_min,-2.100480310067261
o_min,-2.168716003963989
o_min,-5.830866943661987
o_min,-2.948849051963989
o_min,-3.969284536841797
o_min,-11.25208742417553
o_min,-1.779739383414551
o_min,-4.734440357023205
o_min,-6.361729943236206
o_min,-1.947369394817291
o_min,-6.957849436963989
o_min,-3.990548693671692
o_min,-5.507605018135926
o_min,6.041829289585449
o_min,2.181746301932739
o_min,-3.699160980206299
o_min,-2.213813354967827
o_min,-2.46962363427063
o_min,-0.1776299664670411
o_min,-6.767837546671692
o_min,-1.43474331527063
o_min,-10.37533357096783
o_min,-5.420638187467041
o_min,-3.14568200973999
o_min,-1.633333074101872
o_min,-5.546234658187256
o_min,-4.72224379327063
o_min,-7.85998468746704
o_min,-1.181623011999267
o_min,-4.059201723187256
o_min,-1.761091155841797
o_min,3.032335963328308
o_min,-1.392260257250976
o_min,-5.220680512101872
o_min,-4.973348265963989
o_min,8.232527430877685
o_min,-1.615634182625244
o_min,-5.6628374402063
o_min,-0.4023698701872558
o_min,-3.17626544273999
o_min,-3.825606888963989
o_min,1.981054604036011
o_min,-3.031486215884765
o_min,5.798699178812257
o_min,-0.1177976849678268
o_min,-9.473496202023204
o_min,-1.130999092135925
o_min,0.0237733400007322
o_min,0.4426542840321731
o_min,3.950259271338013
o_min,-2.954259883320008
o_min,-5.103372238841796
o_min,-3.985885572148193
o_min,-5.448319787467041
o_min,-10.29710752582999
o_min,-4.474454611967827
o_min,3.010545063032173
o_min,0.2082298460321731
o_min,-2.058771889467041
o_min,-9.162361008967826
o_min,-2.596625073739991
o_min,-6.810390455671692
o_min,-1.411318136467041
o_min,-0.3054820383200073
o_min,-1.289041600187256
o_min,1.041508004434326
o_min,0.3968856740360107
o_min,-1.25935763127063
o_min,-3.439341849467041
o_min,-6.034880170067261
o_min,-3.404734603671692
o_min,-2.892132120206298
o_min,-4.456294420414551
o_min,-5.039422867250977
o_min,-5.100533080414551
o_min,-3.188522977023205
o_min,0.8826114545771482
o_min,1.329726032729371
o_min,-4.629576687250976
o_min,-1.450289741467041
o_min,-2.490277077067261
o_min,-5.723060917467041
o_min,1.776374528350702
o_min,-4.443175548187256
o_min,-1.844126366963989
o_min,-0.3194367822044679
o_min,1.334627972749024
o_min,-12.55077208670006
o_min,-7.062779392067261
o_min,-3.821277948967827
o_min,-4.79226394473999
o_min,-4.419186543122315
o_min,-2.808280043649298
o_min,-9.632931667250975
o_min,0.3904987923283081
o_min,-4.190950600204467
o_min,-2.226572165739991
o_min,-1.505902858902832
o_min,-6.088452104999268
o_min,6.926095961793701
o_min,-3.145086172967827
o_min,-2.517989128963989
o_min,-1.805977428187256
o_min,1.107382367158203
o_min,1.762671640679993
o_min,-7.206070167250976
o_min,-8.711280937467041
o_min,0.0937349385771488
o_min,-2.703613026005127
o_min,-2.194497238963989
o_min,-4.910183096236206
o_min,1.573799678851807
o_min,-6.022946196739991
o_min,-7.005776657841797
o_min,-5.400218074067261
o_min,-3.923956423833252
o_min,-2.904687039175529
o_min,16.34552428484619
o_min,-3.74021617573999
o_min,-2.475274132206298
o_min,7.31807154072937
o_min,-0.1585575682362061
o_min,-6.016374564270629
o_min,-3.387522847963989
o_min,-6.220409118187256
o_min,-4.163816103625244
o_min,-6.463240330206299
o_min,-4.00741248827063
o_min,-3.521809475092529
o_min,1.418161139585449
o_min,-4.295504749671692
o_min,-4.519582331884765
o_min,-0.3140151966252444
o_min,0.6585278128127441
o_min,4.21026341526001
o_min,1.818223666812744
o_min,-6.49979737773999
o_min,-5.427360285841797
o_min,-0.1450242831643065
o_min,-15.39224502417553
o_min,-0.8905862732509764
o_min,-11.3186817702063
o_min,2.971266290115234
o_min,-4.617605638005127
o_min,-7.249934806101871
o_min,1.411707366000733
o_min,-7.947365708135925
o_min,-9.02016645327063
o_min,-6.327151947023204
o_min,17.34837870890137
o_min,-3.809581822999268
o_min,-7.208421857467041
o_min,-4.893463686204468
o_min,1.690702734898129
o_min,4.63019790472937
o_min,0.2623367448981285
o_min,-3.213720714023205
o_min,-5.742081065999267
o_min,-7.590873167250976
o_min,-8.48336317206726
o_min,-3.72411195627063
o_min,-4.137002716005126
o_min,-7.180084052135925
o_min,-1.23405267073999
o_min,-6.65077844527063
o_min,-6.799383092067261
o_min,-2.222061043101871
o_min,2.63145774526001
o_min,-4.884791070206299
o_min,12.10612366916138
o_min,2.059041244976795
o_min,-5.49084805027063
o_min,-2.645083257135925
o_min,-3.921270059649298
o_min,1.148137611158203
o_min,-7.78957220027063
o_min,-12.92847243716431
o_min,0.7456292397490234
o_min,-2.747172953101872
o_min,11.08161983881226
o_min,-9.325668507250978
o_min,-5.494072579067261
o_min,0.6747138049767952
o_min,-5.315470967164307
o_min,-9.148997385841795
o_min,-11.34016729096399
o_min,4.218037104932739
o_min,-7.942367047467041
o_min,-1.437794774967827
o_min,-6.889972573999268
o_min,1.366262420753906
o_min,-5.329195365833252
o_min,-7.74246453973999
o_min,-1.724255790122315
o_min,-6.194172616671692
o_min,-5.363300477467041
o_min,-8.555879020967827
o_min,-9.714938048148191
o_min,0.4946800931827086
o_min,-8.07114102222754
o_min,-2.079518864320008
o_min,-6.999321317963989
o_min,3.64276535782447
o_min,1.151740868032173
o_min,2.062651533182709
o_min,-8.767814312671693
o_min,-2.514191697204468
o_min,-3.384765560967827
o_min,-4.554676168148193
o_min,-6.715325592833253
o_min,7.047411398812256
o_min,-0.8889003049678268
o_min,-7.116083806023205
o_min,-0.7209770629992676
o_min,2.656529934158203
o_min,1.30764904282447
o_min,-2.459953972841797
o_min,-7.205843404671691
o_min,-8.395494856320006
o_min,-1.500148921175529
o_min,-5.59514501317553
o_min,-10.43847857618774
o_min,-0.0667853971223144
o_min,-0.7007093582044677
o_min,-1.410109992649298
o_min,-4.997989936204467
o_min,-8.36139225541455
o_min,-4.125696110204467
o_min,-7.535260122023205
o_min,-3.366003154963989
o_min,-4.790296284967827
o_min,-3.531930759320008
o_min,-0.4409656509585724
o_min,2.010774042793701
o_min,0.8678886008518063
o_min,-0.9734283771018716
o_min,-7.459807588148193
o_min,-2.354081526841797
o_min,2.324500902338013
o_min,-3.05255725427063
o_min,-0.5509159092062985
o_min,-5.859317182067262
o_min,3.933006196763794
o_min,-7.004763383958572
o_min,-2.619298107204468
o_min,-10.23819296417553
o_min,-4.957948857250976
o_min,2.77080860193274
o_min,1.053652340932739
o_min,-2.936612554841797
o_min,-8.74476448206726
o_min,0.092854596532959
o_min,-2.043752819967827
o_min,-9.920942299625244
o_min,6.761208238812255
o_min,-8.754850747250977
o_min,-11.07533822096399
o_min,-12.59109450666199
o_min,-5.432095807963989
o_min,-3.04339610827063
o_min,1.587787920749023
o_min,-2.844670183967827
o_min,-0.4383488547876892
o_min,1.93288538407782
o_min,-2.281974816301666
o_min,2.549835779296387
o_min,1.11828683927301
o_min,0.3314766922730103
o_min,-1.371780122687683
o_min,-4.098213728364136
o_min,4.279782192296387
o_min,-0.6023180807269897
o_min,0.9141333672730104
o_min,-8.781786719537353
o_min,2.082821370398346
o_min,0.0764262575771486
o_min,-0.3608750693641357
o_min,-1.268842550164306
o_min,0.0978285477955323
o_min,5.74826552477246
o_min,2.664006351365906
o_min,-6.917816983958573
o_min,2.86558646407782
o_min,-4.032064564092529
o_min,-4.80224816292218
o_min,0.6354153004738388
o_min,2.363146950540893
o_min,-2.588971297455017
o_min,-2.782927703092529
o_min,2.31462360513324
o_min,-6.592351743169555
o_min,-0.4803529629221801
o_min,-3.754120077350708
o_min,11.4323571787207
o_min,6.02431131527301
o_min,0.3504875663659057
o_min,-1.101251486703613
o_min,-2.82467735892218
o_min,0.2375135082963866
o_min,1.311168628635864
o_min,-0.4504040776016541
o_min,-2.112942360687683
o_min,-1.455267504687683
o_min,13.18088775348633
o_min,1.376073537296387
o_min,2.71293800727301
o_min,1.700699005635864
o_min,1.194623215365906
o_min,2.792857196398346
o_min,-7.764686211364136
o_min,-2.622115486364136
o_min,-0.6415635727876892
o_min,-2.940674142526161
o_min,0.7046330332123107
o_min,1.973616241166748
o_min,14.91951273608887
o_min,-1.236112036687683
o_min,-2.943186044455017
o_min,4.400095203184327
o_min,-5.006547917364136
o_min,-5.393627259364136
o_min,1.05828774127301
o_min,-0.8193970764550171
o_min,5.423967999473839
o_min,6.10991296607782
o_min,4.405116486635865
o_min,-0.7026510623507081
o_min,4.500798957296387
o_min,0.1866314552730101
o_min,-0.8058066197036133
o_min,-2.127954002787689
o_min,-10.85945909970361
o_min,1.779370243473839
o_min,-3.494034727364136
o_min,-0.8375352717036133
o_min,1.375739582398346
o_min,-0.8484613867269898
o_min,-3.234520048364136
o_min,-3.713789837687683
o_min,-2.12791184304361
o_min,4.239036001473838
o_min,0.1671348073659058
o_min,-4.389476952526161
o_min,1.05339444927301
o_min,0.2787956682123108
o_min,-2.000217973787689
o_min,0.4484523982730102
o_min,0.2345170279074708
o_min,-3.50898637672699
o_min,-3.83131051392218
o_min,1.289731920554199
o_min,0.3721090606358643
o_min,2.084437961473838
o_min,-2.078009361703613
o_min,-3.878363393455017
o_min,-0.1040729767876892
o_min,3.380147468296387
o_min,6.88743654307782
o_min,-1.885888263487061
o_min,-0.4871376867718506
o_min,23.76567468890137
o_min,3.758587816361694
o_min,4.088331231361694
o_min,4.646916353361695
o_min,8.053463841361694
o_min,1.522476438361695
o_min,1.464473249472717
o_min,7.265098636472718
o_min,3.447383609694885
o_min,-1.131878269327408
o_min,-0.1374881903274078
o_min,8.012705298720704
o_min,-0.7144326423274079
o_min,2.597304421187561
o_min,-2.633204783812439
o_min,-0.1840284128124389
o_min,0.3683973051875611
o_min,5.519655927720702
o_min,-5.515703322893776
o_min,-5.001876673528931
o_min,-2.888963341528931
o_min,1.520978359361695
o_min,-0.9705232413051148
o_min,4.496791044361695
o_min,6.040469330361695
o_min,4.868904621361694
o_min,3.562410430361695
o_min,7.349809693486328
o_min,2.619900488472718
o_min,0.934391499906067
o_min,6.474875237472717
o_min,-6.224208508527282
o_min,0.3325512283616945
o_min,1.914545838472717
o_min,1.71661571803241
o_min,-1.659499506638306
o_min,14.61080017881226
o_min,-3.975153539527283
o_min,5.592989861694885
o_min,3.851563639694885
o_min,0.7754236653616942
o_min,2.978756536361694
o_min,-0.7174650415272827
o_min,-1.792540722638306
o_min,1.305212490472717
o_min,-0.5635979090939331
o_min,1.201474390472717
o_min,0.6665039133616943
o_min,-3.834368116305115
o_min,4.946665264361695
o_min,-2.237492084527283
o_min,3.364656679361694
o_min,0.993513395361694
o_min,0.7884598873616944
o_min,3.863201991472717
o_min,-0.0091981663051147
o_min,-3.277823668092529
o_min,1.788465747694885
o_min,1.497638465361694
o_min,3.423463126361694
o_min,3.02334605803241
o_min,1.682684378472717
o_min,3.464046381361694
o_min,1.162325290694885
o_min,0.3500374003616944
o_min,1.054211986208374
o_min,3.307261102208374
o_min,9.115258687753906
o_min,-1.158244911889892
o_min,-0.5691194188898925
o_min,4.261129438208374
o_min,-0.828315053791626
o_min,1.199463027332275
o_min,4.620194617110108
o_min,1.163352936962036
o_min,2.139943542208374
o_min,9.022510058720703
o_min,2.86291689044336
o_min,-5.492091416565675
o_min,1.532044600632568
o_min,0.1093003354049071
o_min,-2.166534202581909
o_min,4.142939726414322
o_min,-3.99804928680133
o_min,2.34642251445871
o_min,-4.518158900969132
o_min,-0.3678143475856781
o_min,-3.05813993354129
o_min,-6.254818321547363
o_min,-5.561897299801331
o_min,-0.9092175873480376
o_min,0.2945996443314056
o_min,-0.633356210585678
o_min,1.777169320414322
o_min,1.727078651331406
o_min,-0.2170656315856781
o_min,-6.619433808547363
o_min,-2.300359450585678
o_min,-3.743524018585678
o_min,2.406005256414322
o_min,-3.867682998716797
o_min,0.4295723668079834
o_min,6.031676904932495
o_min,-1.951954777668594
o_min,-0.7369214375819091
o_min,-6.708655420969132
o_min,-4.284610154547363
o_min,-3.782556165310059
o_min,-5.864963210716797
o_min,-4.322691251969132
o_min,-2.751373012969132
o_min,0.0426128320308685
o_min,1.367737996414322
o_min,-1.580727054492186
o_min,1.509565269414322
o_min,0.5894744454143219
o_min,-3.590481327716797
o_min,-1.772585542585678
o_min,-1.047815411716797
o_min,-5.286607848479736
o_min,-6.901480761969132
o_min,-3.04743612954129
o_min,2.519335559414322
o_min,-0.1052313618013305
o_min,-4.301493561541291
o_min,-2.688117626037964
o_min,-6.076037674547363
o_min,-4.70283270958191
o_min,-3.652126877479736
o_min,-0.0780953474797363
o_min,-1.476932354585678
o_min,-1.709341429479736
o_min,-3.825281649716797
o_min,-2.228471672969131
o_min,5.753030886830445
o_min,-3.165884690969131
o_min,-1.407912627585678
o_min,-1.519085991479736
o_min,2.404385846414322
o_min,-2.318753129585678
o_min,-3.11638831354129
o_min,-5.570283060581909
o_min,0.754608036414322
o_min,-1.174694231581909
o_min,-0.4937684355856781
o_min,3.556628919737976
o_min,-7.738242274479736
o_min,-5.566523420581909
o_min,-3.284517890581909
o_min,-1.159054188801331
o_min,-2.243246547581909
o_min,-5.093317196310059
o_min,-1.43695528754129
o_min,-1.192993341479736
o_min,-3.226636093969132
o_min,-2.506526768479736
o_min,1.28128143343502
o_min,-4.406319315585678
o_min,-3.757554389801331
o_min,-2.067842190585678
o_min,-4.965612414668595
o_min,-4.705743086310059
o_min,-3.721247079581909
o_min,1.853307096414322
o_min,-2.633967634479736
o_min,-3.178141026310058
o_min,-0.3398799835412902
o_min,4.169700647770997
o_min,-4.550906883585678
o_min,-3.690545657310059
o_min,-2.08461772454129
o_min,-7.055519934310059
o_min,-3.170398002581909
o_min,-3.434404073479737
o_min,7.171259305980957
o_min,6.173121254529541
o_min,2.778436036496094
o_min,3.47392996528949
o_min,1.152192364414383
o_min,3.931057855805298
o_min,-5.170854859822999
o_min,1.22625699670288
o_min,1.705185418548828
o_min,0.411915391697998
o_min,3.826977799859253
o_min,0.6171134674960941
o_min,4.829607808805298
o_min,-1.597825086643799
o_min,3.232750509356201
o_min,-4.667288220753204
o_min,-6.391245829822997
o_min,9.599685740067445
o_min,4.162812033805298
o_min,3.355297804035156
o_min,2.147324825862793
o_min,3.926857569031617
o_min,2.23580052728949
o_min,0.9850062916611328
o_min,-14.31749398308807
o_min,-13.36390194308807
o_min,-9.671459167992095
o_min,-16.59732217484009
o_min,-15.02124513484009
o_min,-7.862733189840088
o_min,-14.44457846484009
o_min,-14.76726509484009
o_min,-7.403800257476562
o_min,-19.37505754847656
o_min,-7.353025305476563
o_min,-8.641146197476562
o_min,8.923175186706544
o_min,-10.94764794847656
o_min,-8.386462818476563
o_min,-11.32210235847656
o_min,-19.13021197847656
o_min,-11.23524746847656
o_min,-11.19867271847656
o_min,-2.032571102476562
o_min,-6.694625973476563
o_min,-5.472010338476562
o_min,-5.584053309476563
o_min,-1.893350086229004
o_min,-8.954060814476563
o_min,-11.66963515847656
o_min,-9.354130338844971
o_min,-11.57305458984497
o_min,-11.54207752984497
o_min,-3.424550497844971
o_min,-11.21819023984497
o_min,-5.912074144500854
o_min,-8.507212209990723
o_min,-7.154739076990722
o_min,3.897011497530517
o_min,-19.55679665799072
o_min,-8.690019703990723
o_min,-6.197827886990723
o_min,-4.800428363990722
o_min,-11.24538932099072
o_min,-4.348565130990723
o_min,-15.74049976799072
o_min,-10.06230073099072
o_min,-4.231003061990723
o_min,-4.793601500990722
o_min,3.589413567770997
o_min,-13.06547447799072
o_min,-7.228225478990723
o_min,-8.658384763990723
o_min,-12.34644669799072
o_min,-14.78364798799072
o_min,-11.05157741799072
o_min,-3.262519555990723
o_min,-11.46199559899072
o_min,-9.230713983990722
o_min,-4.874623817990723
o_min,-8.212568937463136
o_min,-5.514640118990723
o_min,-13.47760221799072
o_min,-1.637329366990723
o_min,-11.20385349199072
o_min,-13.58813125799072
o_min,-7.165660916990722
o_min,-0.0176509959907225
o_min,-7.483294057990722
o_min,-3.318237791990723
o_min,-10.72827030699072
o_min,3.11109954792102
o_min,-9.282165351990724
o_min,-6.886112261970337
o_min,-4.78546976829419
o_min,-5.484113427286378
o_min,-3.181883029286377
o_min,-6.584978758111573
o_min,9.160467048596193
o_min,0.6885932508146975
o_min,-1.914395240703858
o_min,0.4521697789947509
o_min,-1.653472919583618
o_min,-0.0594313583125001
o_min,-1.667255043629639
o_min,-3.028211313629638
o_min,0.5849999083703614
o_min,1.350758128415405
o_min,-3.203124841584595
o_min,0.5318909034154053
o_min,0.9294173353673094
o_min,-2.135274474432251
o_min,1.77317003878833
o_min,-7.450227450211671
o_min,0.8947099742007751
o_min,-6.30557974986969
o_min,0.9082820651128082
o_min,-1.770869351887192
o_min,5.076065582001496
o_min,1.222140982001495
o_min,1.069717416001495
o_min,1.35988842292334
o_min,4.025621583001495
o_min,5.302254209551545
o_min,9.15535669196228
o_min,5.07030953796228
o_min,9.459979104473266
o_min,5.958634888706666
o_min,4.45836499443808
o_min,4.517110722706665
o_min,3.202465155737976
o_min,2.979924945438965
o_min,-0.4875439125610352
o_min,-0.9747506967390134
o_min,-3.157160671095459
o_min,-10.59488041974731
o_min,7.521313268252685
o_min,-2.753679464747314
o_min,5.111956317252686
o_min,-5.777685009747314
o_min,1.647241526822693
o_min,-4.089108368747315
o_min,1.132654588013184
o_min,-4.176903666778687
o_min,11.98122397322131
o_min,-5.160156943579102
o_min,-10.32690372837097
o_min,-0.6299572473709718
o_min,1.316488513629028
o_min,-14.9255425185791
o_min,8.68820999517981
o_min,5.897899638348328
o_min,4.72964584317981
o_min,3.057604902179809
o_min,-8.787075474017028
o_min,5.873094645982971
o_min,8.145711906771606
o_min,-2.072196360228394
o_min,-13.08977666222839
o_min,10.0582746236164
o_min,12.09843862461639
o_min,-4.475595983472687
o_min,2.880324924414383
o_min,3.358998159616394
o_min,-5.092846883383606
o_min,0.120930354616394
o_min,-2.185572215383606
o_min,-11.53037776538361
o_min,2.914667537616394
o_min,5.313678611616394
o_min,-1.582444661383606
o_min,-6.262619100383606
o_min,-0.8217060513836059
o_min,9.161374465808242
o_min,9.963069281808243
o_min,10.92519574180824
o_min,-6.665669928191758
o_min,-0.3927846161917572
o_min,0.9748038072216948
o_min,12.1222437062217
o_min,1.990944349221695
o_min,6.415628466133179
o_min,-10.4443765111199
o_min,-3.840375664578125
o_min,11.4522623178801
o_min,8.576068182880096
o_min,7.040247658880096
o_min,9.514765387880097
o_min,17.15468984414185
o_min,-24.06004861650818
o_min,-6.806278093508179
o_min,-3.990070914858153
o_min,12.56156248063232
o_min,4.085266871632324
o_min,-3.883930516844238
o_min,3.840833253632324
o_min,15.4187276214563
o_min,5.410247542456299
o_min,5.6131777214563
o_min,10.2979161514563
o_min,10.17098512296265
o_min,9.744805462962647
o_min,-3.156236206411133
o_min,-6.394455033411133
o_min,0.0979776400070804
o_min,5.215025324793701
o_min,-1.64890129599292
o_min,-4.861553579064942
o_min,12.89346698063721
o_min,8.200720483479003
o_min,15.614424553479
o_min,-8.88204244980664
o_min,8.55748109209961
o_min,-5.863562343852539
o_min,0.1689063324443367
o_min,-5.113910267634278
o_min,13.17187825670654
o_min,-4.411718907949219
o_min,-2.018550351380372
o_min,-0.6189404073232421
o_min,1.134535407652344
o_min,4.197350984742676
o_min,0.4588754034155275
o_min,-9.016578122148438
o_min,-0.830621493648926
o_min,2.291976044366455
o_min,-0.2292631311069337
o_min,-4.364802641844238
o_min,-3.912749062352296
o_min,-2.787662879920898
o_min,-5.506394398920898
o_min,-3.454920914560059
o_min,1.602566534769531
o_min,1.131644173176758
o_min,3.762726313482422
o_min,1.851859156683349
o_min,-2.680198022316651
o_min,0.622080043059082
o_min,-4.69194809160315
o_min,-2.212402253060058
o_min,4.526422922939942
o_min,-1.873678869060058
o_min,7.54632969548169
o_min,-0.4767686888007816
o_min,-2.646572595418701
o_min,0.0530336979570309
o_min,3.557175247726562
o_min,-3.274860666820923
o_min,1.910323152803345
o_min,-1.765090597187134
o_min,3.18430327452771
o_min,0.1057821931790772
o_min,0.0208444041790771
o_min,0.0078084313316648
o_min,-5.00854602440161
o_min,3.47443290779773
o_min,-3.09996305920227
o_min,-1.139070872025879
o_min,1.000289719598389
o_min,3.290570929088867
o_min,-1.480044311262024
o_min,2.964112136474732
o_min,8.584256198172362
o_min,-1.218225511197693
o_min,-9.995413832630003
o_min,-2.457834537630005
o_min,1.728767911914917
o_min,2.642505071539795
o_min,3.081394583336609
o_min,7.200274091336609
o_min,-10.1763941282962
o_min,4.28962492198584
o_min,2.025247038399597
o_min,0.532815786144043
o_min,0.0492098338975219
o_min,-4.996699949398667
o_min,2.879440255735573
o_min,-2.657906802583622
o_min,1.387309215436203
o_min,1.239782511864838
o_min,2.918734059436203
o_min,1.340771680379501
o_min,-2.500513248844237
o_min,5.160990529787751
o_min,2.512142088079513
o_min,4.555440292079513
o_min,1.994758310141754
o_min,-0.1978301962426452
o_min,1.149649528957153
o_min,6.427056471079193
o_min,7.420286740394227
o_min,3.639422370204346
o_min,6.902634366873412
o_min,-0.3231759735321045
o_min,7.879518553117675
o_min,-2.887343678162598
o_min,5.339465630264648
o_min,-4.402376719500854
o_min,-5.360181153840088
o_min,3.057084251009277
o_min,-5.133296329476562
o_min,-6.321991362840088
o_min,-5.974186516840088
o_min,-4.327410078476563
o_min,-11.21307796412891
o_min,-5.048956698476562
o_min,-4.970031337990722
o_min,-5.491350736990723
o_min,3.833846410009278
o_min,-5.061326415476563
o_min,-1.690882586476563
o_min,-0.2281218504765625
o_min,-2.662289907476563
o_min,-2.375700751840088
o_min,-5.957442709088074
o_min,1.809259269246796
o_min,-2.781758591990723
o_min,-5.748023900844971
o_min,-1.574846720500855
o_min,-1.044782236476562
o_min,1.073999173009277
o_min,4.342112166009278
o_min,-1.291441292990723
o_min,-7.379939050990723
o_min,-5.592921172840088
o_min,-3.660032049844971
o_min,12.96994250435059
o_min,-8.302407988476563
o_min,0.4935376680092775
o_min,-9.854280897476562
o_min,4.188020487009277
o_min,4.733910628009277
o_min,1.525084936009277
o_min,-0.9726132349907226
o_min,-5.119568869500855
o_min,1.491963124009277
o_min,-9.280230901088071
o_min,-4.579584513476563
o_min,-0.9829789519907226
o_min,-7.989124168476563
o_min,0.8096940990092771
o_min,-4.076043640476563
o_min,-10.94090589847656
o_min,0.0899497670092772
o_min,-6.517088371992096
o_min,-3.934234985476563
o_min,5.582135561009277
o_min,1.998416344606934
o_min,-7.861738811990722
o_min,-0.5173403694765625
o_min,3.748613591009278
o_min,-22.24890905837555
o_min,-5.833795800990723
o_min,-9.639743951990724
o_min,-3.674003405844971
o_min,-2.145594621990722
o_min,-5.725104891840088
o_min,-5.396173863990723
o_min,-5.165603814990723
o_min,-0.6576388739907226
o_min,-7.567836339990722
o_min,-4.897789019990723
o_min,0.1378034480092771
o_min,-3.721624560476561
o_min,-1.091678692990723
o_min,-4.859727935990723
o_min,3.158617877009277
o_min,3.307233408009277
o_min,-0.3905011959404144
o_min,2.210981974523437
o_min,-11.44888050847656
o_min,-7.841482091088074
o_min,-6.496975661840088
o_min,-4.681060436990723
o_min,-1.950004698990723
o_min,-15.46813015484009
o_min,3.454908492009277
o_min,-12.46100512837555
o_min,-0.4153350839907226
o_min,-1.767616701432861
o_min,0.0067999350092775
o_min,-10.33336242784009
o_min,-8.203044561990723
o_min,-5.086497049990722
o_min,-4.094461129476563
o_min,-9.621804225476565
o_min,-6.970983272476563
o_min,0.5800941480092772
o_min,-7.603985172476563
o_min,4.303979593009277
o_min,0.6727111229816893
o_min,-6.953689011990723
o_min,-18.45800072837555
o_min,-13.48923852837555
o_min,0.0258950655234374
o_min,-15.61317071837555
o_min,-0.1247747344765625
o_min,-4.730280651840088
o_min,-1.354749327476562
o_min,-8.237837869476563
o_min,-11.03453029837555
o_min,-8.630356901733887
o_min,-9.738288910840089
o_min,-1.357197455476562
o_min,-2.18136831384497
o_min,5.552237083693846
o_min,-5.724508098018311
o_min,-4.90597044531482
o_min,-1.608409227363831
o_min,-4.363207834174805
o_min,-6.364883322393066
o_min,12.38176151738769
o_min,3.201329040237304
o_min,9.763003889990234
o_min,0.0127164039902343
o_min,6.933175649990234
o_min,0.9315897039902348
o_min,11.02013829999024
o_min,-10.14590677703772
o_min,0.970523774181702
o_min,1.005230194685181
o_min,4.992156048990234
o_min,-6.426355246818298
o_min,2.948721257990234
o_min,13.02032811999024
o_min,6.549258879990234
o_min,2.229180034181701
o_min,-10.69771620600976
o_min,6.378201499990235
o_min,1.374710494749023
o_min,0.783947765495117
o_min,9.351659409990235
o_min,-10.4796107432638
o_min,1.523074672181702
o_min,4.350680144990234
o_min,1.698110456990235
o_min,-15.34843306303772
o_min,0.8670843719902344
o_min,-4.03089265203772
o_min,1.328853551990234
o_min,6.852353052736206
o_min,0.3418445257530212
o_min,11.40416193999024
o_min,-13.29574699526379
o_min,-4.417513005009766
o_min,17.57206988999024
o_min,-14.19159639000976
o_min,-8.623853473009767
o_min,12.47336408694946
o_min,7.410069309990234
o_min,-6.134938343095276
o_min,-6.009024481009765
o_min,-8.59975968603772
o_min,1.406557217990234
o_min,-11.72478684605675
o_min,10.06052391084534
o_min,9.891840749990234
o_min,0.3339072348453369
o_min,-10.2234283318183
o_min,-5.455681778818299
o_min,-27.81687437000977
o_min,7.179740315704345
o_min,21.516725135
o_min,-4.833847557818299
o_min,1.076368370181702
o_min,7.289111941316865
o_min,-22.8743372328183
o_min,3.592332073990234
o_min,-21.5454426872638
o_min,-9.147568171154663
o_min,-21.19040457000976
o_min,4.516617125990235
o_min,-7.464367799009766
o_min,5.731213571637939
o_min,-5.339142517295654
o_min,9.984480879990237
o_min,-8.575066058818297
o_min,10.78546172999024
o_min,1.323737207990234
o_min,-8.149433106818298
o_min,1.596849903990234
o_min,1.797924865990234
o_min,-13.61994072200976
o_min,11.07464975999024
o_min,7.516848574606932
o_min,6.401459508181702
o_min,11.94821895694946
o_min,0.8047481949902346
o_min,12.08788709999024
o_min,3.276824950990235
o_min,-0.0749773700377196
o_min,-13.73569842303772
o_min,-4.08139934603772
o_min,7.62321878696228
o_min,-14.02874709915466
o_min,-0.7611458633422847
o_min,10.91544421999024
o_min,9.839644442736208
o_min,-5.799100411009766
o_min,10.51320600999024
o_min,-10.62489681815466
o_min,5.606304254990235
o_min,14.93481314999023
o_min,-4.184861413263794
o_min,3.837466198990234
o_min,-25.31236003303772
o_min,-1.886240704314819
o_min,-25.2981560472638
o_min,-3.836790018009766
o_min,5.686748940181702
o_min,15.08636800999024
o_min,3.721507517990235
o_min,-26.50098568915466
o_min,3.943227910990235
o_min,-5.98584486303772
o_min,-3.114795441263794
o_min,1.413669429990234
o_min,-3.157197830829346
o_min,-19.64398283000977
o_min,16.59784279570435
o_min,0.7033401891817017
o_min,-2.588059155476562
o_min,-1.167558379990722
o_min,-0.8927492424765625
o_min,-0.6166077034765625
o_min,-1.097069068500855
o_min,-2.119114947476563
o_min,-4.037994127476562
o_min,5.579599330551758
o_min,-8.089054395840087
o_min,0.8212300070092775
o_min,-16.51042506837555
o_min,3.155171298523437
o_min,-6.931284136476562
o_min,0.1026903770092775
o_min,-8.655806935088073
o_min,-3.915783993992096
o_min,-0.8114534289907227
o_min,-7.756527323476562
o_max,7.258403942300293
o_max,2.564376123839355
o_max,3.649180294043213
o_max,-0.7281230498020019
o_max,4.478900982129394
o_max,-0.0720727798020019
o_max,-2.83796942407251
o_max,-5.221542530004852
o_max,-8.382682308004853
o_max,-0.9620080728706056
o_max,-10.63213190700485
o_max,-12.540494040802
o_max,-1.900419007870605
o_max,10.6520238650586
o_max,-3.252527657802002
o_max,-2.53667873007251
o_max,-8.267770837004852
o_max,-5.343901868802002
o_max,-3.634274618004852
o_max,-5.049255924004853
o_max,-16.79759572700485
o_max,-0.3193497138706056
o_max,-19.01869489700485
o_max,-9.995624695802002
o_max,3.793455395036774
o_max,-3.359113941282318
o_max,-14.77235150700485
o_max,-5.011662962004852
o_max,-4.740305732870605
o_max,-13.32324021700485
o_max,-4.605514489870606
o_max,-0.8941894758706055
o_max,-2.483622553870605
o_max,-6.392353947004852
o_max,-1.996594874870605
o_max,3.150821262860718
o_max,-9.308696097802002
o_max,-6.925978537282318
o_max,-3.974176539802002
o_max,-1.461128748870606
o_max,-11.07966051700485
o_max,-9.924330637004852
o_max,-8.229877790282318
o_max,-4.474933338870605
o_max,0.1640363721293947
o_max,-2.471152769802002
o_max,11.53954912231079
o_max,-2.670470682802002
o_max,-3.319802649870605
o_max,-0.4634623638020019
o_max,0.333945294717682
o_max,-6.714882068004853
o_max,-4.128741711004852
o_max,-3.867631722004853
o_max,-2.966018373802002
o_max,-4.852817596870605
o_max,-2.437303763802002
o_max,5.461440385828858
o_max,-12.80480123700485
o_max,-1.008722252802002
o_max,-4.256996889802002
o_max,2.951055214129394
o_max,-5.826220416802002
o_max,-4.830773537282318
o_max,-11.31265193700485
o_max,-0.5599519718706056
o_max,-1.614311108802002
o_max,-3.045303169870605
o_max,9.608722454014282
o_max,-5.848245355802002
o_max,-11.018443640802
o_max,-7.260382868004852
o_max,-2.432158628870606
o_max,-8.45440687707251
o_max,-10.94628248607251
o_max,-11.190823270802
o_max,-5.080462238004852
o_max,0.1713649981293943
o_max,-3.918255983802002
o_max,-2.628548907765686
o_max,-2.540151145802002
o_max,-0.7142494122823181
o_max,-6.555586453004852
o_max,2.914905517717682
o_max,1.457186912755615
o_max,0.5889413175935054
o_max,12.04201928696899
o_max,5.475704743161621
o_max,-3.122005331111572
o_max,6.958916311888428
o_max,-0.1269265454246215
o_max,4.541287336226807
o_max,7.491287189036866
o_max,-3.659815355963135
o_max,-4.242261209134766
o_max,2.336739429033204
o_max,-0.2932775312333984
o_max,-4.560855000305176
o_max,0.1315182348937984
o_max,-1.554487074183838
o_max,3.497309002784425
o_max,2.068314834465331
o_max,1.52059337309082
o_max,1.877182061324463
o_max,4.061502303481445
o_max,-5.269700165242187
o_max,2.265375975515136
o_max,2.814758234002685
o_max,-6.203370299098633
o_max,-4.426762158808105
o_max,-1.979265127344971
o_max,4.120929496751708
o_max,3.736686521655274
o_max,7.664078033015137
o_max,7.193717332310792
o_max,3.864123600686767
o_max,0.602950101989502
o_max,0.5916333488369139
o_max,4.95833511784546
o_max,0.1488864875258784
o_max,-2.300872032131836
o_max,-1.876865457214356
o_max,2.224748177648926
o_max,-3.620573205246094
o_max,-4.318993371938965
o_max,9.714656794593504
o_max,-4.497706360619141
o_max,-2.105320569185059
o_max,-0.582319208875
o_max,-6.422633918716064
o_max,0.5207575809814458
o_max,-4.331171212543457
o_max,2.274886159229492
o_max,0.035749089349121
o_max,3.888690229033204
o_max,5.680252297655029
o_max,-13.53592319845972
o_max,-4.91829423692041
o_max,-3.618376025945801
o_max,-1.155852736969239
o_max,-2.357666408508301
o_max,-1.017543507278808
o_max,-2.114175415170409
o_max,-3.110519835257324
o_max,-2.576947776754395
o_max,1.745073631696533
o_max,0.065453234043213
o_max,-1.573646996850098
o_max,-0.1759792156518553
o_max,-1.872711967312989
o_max,0.4836461346184082
o_max,-5.533965886400391
o_max,-4.136590412377686
o_max,-4.282236153151856
o_max,2.095078165427246
o_max,4.795674049893799
o_max,1.362636970766602
o_max,-16.25292711096314
o_max,-2.071332732969239
o_max,-3.318561700164063
o_max,0.038540411894532
o_max,-1.028725886534668
o_max,-3.100849521630371
o_max,0.1607616780610357
o_max,-1.990462851242188
o_max,-4.10523274964502
o_max,-2.166986251003418
o_max,-3.530212489920411
o_max,3.606180040766601
o_max,-9.743541238938963
o_max,2.52762063135498
o_max,1.292197608996583
o_max,-1.606240677343507
o_max,-8.493155143131837
o_max,-1.46865757790918
o_max,2.733445522863281
o_max,4.792386011442138
o_max,-1.182624335913818
o_max,-8.519514194997315
o_max,-4.007367797917237
o_max,-6.042762711555908
o_max,-6.825244919770507
o_max,3.565348059901368
o_max,-3.22177271322168
o_max,1.349483995686768
o_max,-1.363149884313232
o_max,-0.8777694071392823
o_max,-5.10098427335083
o_max,-4.545666473305175
o_max,-3.467913926148682
o_max,-11.872283948479
o_max,3.004425122679443
o_max,3.985197741354981
o_max,-8.473220004699218
o_max,-0.1954137937802738
o_max,5.866254674465331
o_max,1.452658897785644
o_max,0.2519465344565432
o_max,-5.332340254850098
o_max,-4.461462043400391
o_max,2.966456471848144
o_max,2.946329776865234
o_max,3.387782584030761
o_max,-3.509102515214356
o_max,-3.451136087596924
o_max,2.886192771757813
o_max,6.040128447165527
o_max,0.3828385484406738
o_max,-2.603251702796142
o_max,4.747602542111816
o_max,3.886019285036774
o_max,1.307694904538574
o_max,-3.911262481630371
o_max,2.824442515808105
o_max,3.568030830910644
o_max,1.236305023733398
o_max,-3.507758777010498
o_max,0.3143570596552738
o_max,1.746914910407959
o_max,2.503159081044677
o_max,-2.011331219022461
o_max,4.184397485234314
o_max,4.792135931622315
o_max,-5.793617044625
o_max,-5.098125399447754
o_max,3.214137589316406
o_max,-1.969935461154541
o_max,3.017303270061035
o_max,1.355532858375
o_max,-5.542335807267822
o_max,0.994348737732178
o_max,0.189890262053467
o_max,1.704939524288269
o_max,2.294298832941895
o_max,-2.585874983460449
o_max,0.7316285046538082
o_max,0.6781258245136721
o_max,-3.652998538398193
o_max,-1.762767341278809
o_max,-2.67740086147168
o_max,5.196688449442139
o_max,4.153293965404053
o_max,3.687666937563965
o_max,-5.686155290441406
o_max,0.515402693653809
o_max,8.471114687283936
o_max,-3.715676721377442
o_max,-2.903399099984864
o_max,6.476792105235596
o_max,2.074283332015137
o_max,4.088442512686768
o_max,1.461336314191895
o_max,5.078744535570069
o_max,4.017865151354981
o_max,0.7258138078750003
o_max,0.3102869250908204
o_max,3.94312579364917
o_max,-0.0375830623825681
o_max,-4.59311874634497
o_max,-3.715261795740967
o_max,-3.986757597101074
o_max,-8.569240549266603
o_max,-4.307727467378418
o_max,-2.88069609288208
o_max,1.297419972375
o_max,-10.27273490534497
o_max,-5.694526814312988
o_max,-0.3094203512482911
o_max,-1.642257832154541
o_max,-0.9342024875651856
o_max,-3.697217694319824
o_max,-1.081345613095703
o_max,-0.1194279038581545
o_max,-0.6409015748898925
o_max,-9.290953970267822
o_max,-7.38727115921167
o_max,1.035275702407959
o_max,2.790540271742676
o_max,0.6903579571562499
o_max,4.498787376733398
o_max,5.519670832778321
o_max,0.4431174666311035
o_max,-1.356834790592041
o_max,1.204339005868164
o_max,-7.795543946214355
o_max,-3.912986826305176
o_max,0.0735889876174313
o_max,-0.3702457608500982
o_max,2.367685143869629
o_max,0.6130783629775394
o_max,-2.89263896847168
o_max,-4.819935595248291
o_max,2.589201884599609
o_max,1.746362373753906
o_max,-1.688586273351074
o_max,-2.394003601955322
o_max,-10.90825675410108
o_max,-9.03411487997876
o_max,-1.603280061343506
o_max,-0.7331185876250004
o_max,-2.033298154131836
o_max,-3.274786160303467
o_max,-1.743990326377442
o_max,-5.024078816151856
o_max,3.354528412434082
o_max,-7.439386505858154
o_max,0.4578826640307625
o_max,2.32561926282959
o_max,0.4832394480541992
o_max,1.423422665808106
o_max,0.9060124895068355
o_max,2.574357081687012
o_max,-1.282803006095703
o_max,-2.779056353565918
o_max,-5.539490263850098
o_max,2.914141088996581
o_max,8.721978204797363
o_max,0.1462858264916988
o_max,-4.068615875106201
o_max,-0.1033912813508299
o_max,-6.008245862186035
o_max,-4.472233252221679
o_max,8.383191494465333
o_max,-1.137638699263183
o_max,-2.944558160214356
o_max,-6.274860627969239
o_max,0.1473294530827633
o_max,-9.75261322317041
o_max,-7.243553760850098
o_max,-3.066013906848145
o_max,-8.012875698134765
o_max,-4.743142540572754
o_max,-0.5018654081860348
o_max,-7.886317608834473
o_max,0.381826355808105
o_max,-3.892328291164063
o_max,2.650890850090819
o_max,6.242634250766603
o_max,-1.931946965105469
o_max,-0.9624259567961424
o_max,5.2936075064917
o_max,-6.11939237897876
o_max,-3.210712138214356
o_max,-1.906602422572753
o_max,-1.722317729072754
o_max,0.045775241848144
o_max,2.07916548079834
o_max,4.614090290061036
o_max,-1.674256713509278
o_max,0.9843426978149415
o_max,-1.642408091543457
o_max,-3.123271331805176
o_max,-3.360613273095703
o_max,-4.480296295716064
o_max,-2.020751347630372
o_max,-3.228463204480957
o_max,-0.4790365676391594
o_max,-0.6121867440581052
o_max,-5.218674128889893
o_max,-6.572026288780274
o_max,-1.615836444378418
o_max,-8.09104007266748
o_max,-3.45093982392041
o_max,-3.917788559105469
o_max,-0.8153870773051759
o_max,-1.923641493396973
o_max,-2.331565167754395
o_max,2.387583009893799
o_max,-3.344819570834472
o_max,0.2621286315151359
o_max,-0.561757265154541
o_max,-6.998410844770508
o_max,-1.205064197770508
o_max,-2.805428536313233
o_max,-5.656978269137207
o_max,-3.500955207257324
o_max,-1.078032247625
o_max,-8.95015718898535
o_max,2.287116610981446
o_max,-3.600246987072754
o_max,-2.261561361313233
o_max,0.9793746154272468
o_max,-2.0577719144021
o_max,1.012208564221192
o_max,-2.647108861796143
o_max,-3.534551989833496
o_max,-3.488787563164062
o_max,-4.748300967064453
o_max,-2.407362747382568
o_max,-0.1992998890258785
o_max,0.1394775728002937
o_max,-1.60402089623291
o_max,-2.090787240186035
o_max,-1.721480956319825
o_max,-6.145328477508301
o_max,0.949486274245606
o_max,4.641014697250977
o_max,-0.4059060888051764
o_max,-4.200609904072754
o_max,-3.73300830166748
o_max,3.726960194538574
o_max,-6.764737715378418
o_max,-3.289208323263184
o_max,1.998408970490722
o_max,-3.395704931319824
o_max,-9.204567673053466
o_max,-7.26501383222168
o_max,2.360015824655029
o_max,-4.769368983248291
o_max,0.6621509469013676
o_max,-2.670766510557861
o_max,4.259185847655029
o_max,-3.943659679154541
o_max,-3.024036831344727
o_max,-4.878274921351075
o_max,-3.970203690181152
o_max,-1.560122274612305
o_max,-0.640205505592041
o_max,-9.398818890053466
o_max,4.810806217816163
o_max,-0.2470115388881835
o_max,-2.344698128630371
o_max,-7.484593431592041
o_max,-3.099083027089356
o_max,-7.363778300343506
o_max,-5.971750488764404
o_max,-8.16771313834619
o_max,-7.436082675740967
o_max,-8.030908167770509
o_max,-0.6387136336508785
o_max,-2.808967843131836
o_max,-1.77938346390918
o_max,3.374088339316407
o_max,3.443199858472412
o_max,-7.968477681010498
o_max,4.417952304300536
o_max,-5.211765701984863
o_max,8.147889315404052
o_max,1.690500161686767
o_max,-4.784956165257324
o_max,1.524702926863282
o_max,2.08238039684546
o_max,7.560344235563965
o_max,6.67047313802124
o_max,2.250531896898925
o_max,3.666627800440674
o_max,-3.94168817847168
o_max,1.705355796440674
o_max,-0.7071627581235349
o_max,3.386623432191895
o_max,5.344909371622315
o_max,-3.631470093436035
o_max,5.17643709006958
o_max,2.22598250464917
o_max,1.730044906653808
o_max,2.060665469403077
o_max,2.309172554836914
o_max,6.612437444407959
o_max,3.040393626941894
o_max,-4.388292164429932
o_max,8.251314139519042
o_max,-3.500573282517822
o_max,0.114396973733398
o_max,-5.329848506022461
o_max,3.394095101267823
o_max,0.5858975812993164
o_max,-0.4920055173461914
o_max,0.3447093928684079
o_max,-4.360825619125
o_max,4.841754192999268
o_max,6.515740044434814
o_max,-3.362577024625
o_max,0.0841988664916986
o_max,-1.826126881754394
o_max,-3.732799982651856
o_max,-0.4922693728500977
o_max,-2.509432525312988
o_max,-6.654776134095704
o_max,1.156407862434081
o_max,-1.465404493848145
o_max,4.674759791813965
o_max,-3.343886495462646
o_max,-5.244729028945801
o_max,-6.289305775263184
o_max,-2.245273697305175
o_max,4.052465107648926
o_max,-2.209651608484863
o_max,-3.977214822106202
o_max,-0.4946898162333983
o_max,-1.676732180651856
o_max,-0.1945132535346676
o_max,0.1980931741118166
o_max,-7.128059835312989
o_max,-7.433692112881348
o_max,0.9062791240307622
o_max,-2.316328932565918
o_max,-2.896443960630372
o_max,-1.201854563938966
o_max,4.741806581444092
o_max,-2.267470830572753
o_max,2.9213184780542
o_max,0.454403866149903
o_max,-1.598184863164063
o_max,-6.396942079242187
o_max,-3.362714978319824
o_max,-1.724924527191895
o_max,-2.889098696966797
o_max,2.730230917283935
o_max,-8.306497760875
o_max,-3.92748015664502
o_max,-7.426112994186035
o_max,3.554992225603028
o_max,1.752286167785645
o_max,3.410983654538574
o_max,1.19216832079834
o_max,4.670290814118653
o_max,-7.202677554780273
o_max,-2.573179498160645
o_max,-2.291172659834473
o_max,1.713118621694825
o_max,6.188661865482178
o_max,-0.0789680571062012
o_max,-5.098435641003418
o_max,-3.426082898651855
o_max,-0.334784315312989
o_max,-4.862335060534668
o_max,-2.644218370881348
o_max,-6.951802071805176
o_max,0.370934176235596
o_max,-6.709456391625
o_max,3.742096220259032
o_max,-3.562707947565918
o_max,2.608201837901367
o_max,0.4295462831518559
o_max,-0.5883313977160647
o_max,-4.920484215484864
o_max,-0.3872388309204098
o_max,-8.441629859305175
o_max,-4.375766985233399
o_max,3.722198634356202
o_max,-6.934040120834473
o_max,-2.013109782267822
o_max,-3.567273881984863
o_max,-7.26212494484375
o_max,7.213228939621583
o_max,7.728822588930054
o_max,8.019441012480712
o_max,7.034171901930054
o_max,2.634531931586364
o_max,0.8740834312081451
o_max,5.799220626930054
o_max,7.447785897930053
o_max,6.502679126480713
o_max,11.09796800893005
o_max,14.46346519258636
o_max,7.086232542208145
o_max,6.938907385930054
o_max,-2.579925740413635
o_max,0.2827790074807128
o_max,10.94309701893005
o_max,-1.677693614069946
o_max,10.86030283920815
o_max,11.76543541893005
o_max,8.091211818480712
o_max,6.892060134586365
o_max,8.489096114586363
o_max,7.389072772208145
o_max,6.614687689586365
o_max,-0.8958723894136353
o_max,9.575651012208144
o_max,1.940619424930054
o_max,11.26212278258636
o_max,5.904221752480713
o_max,8.127445398586364
o_max,9.372050293930052
o_max,10.07717472120814
o_max,10.57103055893005
o_max,5.855003537586365
o_max,9.863640397208146
o_max,10.89419971958636
o_max,2.563880699930054
o_max,3.892559007208145
o_max,6.594625352586365
o_max,2.087030914586365
o_max,3.997866260208145
o_max,-3.109110026413635
o_max,8.315667728930054
o_max,4.074115863480714
o_max,4.305265207930054
o_max,5.108618901930054
o_max,7.445901977480712
o_max,5.074635012586365
o_max,4.053651384839355
o_max,3.493354814208145
o_max,4.326715468586364
o_max,5.756452184586364
o_max,7.920886090480713
o_max,14.17525573893005
o_max,5.820666328930054
o_max,5.432884091480712
o_max,5.212492444586365
o_max,10.76481130758636
o_max,8.478820598208145
o_max,7.659240692586365
o_max,8.450035936930053
o_max,8.182302554208146
o_max,6.857143984930054
o_max,2.409179753930054
o_max,2.878151565930054
o_max,4.537421781208145
o_max,10.69182500458636
o_max,7.972905684930053
o_max,10.75282031848071
o_max,7.712524057930054
o_max,1.055277743480713
o_max,6.576533067586364
o_max,0.4821302535863647
o_max,14.33784748148071
o_max,10.06858057893005
o_max,5.529127952586364
o_max,7.584173220208145
o_max,13.07981521893005
o_max,2.624984346586364
o_max,8.562961408586364
o_max,5.896863177586365
o_max,6.838128174208145
o_max,11.03638964258636
o_max,2.420454991586364
o_max,6.464611191480713
o_max,5.251330323480713
o_max,1.767496179586365
o_max,7.970053796586365
o_max,13.54884600920814
o_max,8.089844876586366
o_max,9.347970697930052
o_max,5.776739274208145
o_max,3.020709448586365
o_max,13.84311862893005
o_max,17.02692345920815
o_max,10.25947630858636
o_max,8.942631664586365
o_max,6.819440950480713
o_max,4.019619301586365
o_max,10.87895256893005
o_max,11.83586497148071
o_max,10.40842297893005
o_max,12.46266280893005
o_max,6.770879868480713
o_max,9.350769565586363
o_max,15.07892430893005
o_max,5.293335269208145
o_max,3.659852316930054
o_max,7.675772262930054
o_max,9.763847897480712
o_max,6.059629615930054
o_max,3.661094964930054
o_max,8.090978298208146
o_max,3.253410583930054
o_max,6.519326922480713
o_max,0.8806204565863648
o_max,7.138721574930054
o_max,9.127463148208143
o_max,3.865321607930054
o_max,5.467315813586365
o_max,5.380812357480712
o_max,10.35172987858636
o_max,8.648288321930053
o_max,6.964349887208146
o_max,18.16072404893005
o_max,7.398025002930054
o_max,2.321075997586365
o_max,10.13327992958636
o_max,9.666551819480713
o_max,4.087532981586365
o_max,8.992533645930054
o_max,2.204104658208145
o_max,0.5847789339300538
o_max,8.737273591586366
o_max,8.472019447480712
o_max,13.18818215893005
o_max,7.208886540586365
o_max,6.784572418208145
o_max,4.777901952387696
o_max,11.30121252893005
o_max,3.983837898208145
o_max,-2.769398697445312
o_max,5.52987430831665
o_max,-2.004372190256592
o_max,-0.748997920829102
o_max,-1.318820567953491
o_max,-0.4640590448843995
o_max,3.78756579553064
o_max,1.693278404164795
o_max,-2.907670480138916
o_max,-0.311916617138916
o_max,-2.161529527829101
o_max,-6.016387032451416
o_max,-6.337016567250489
o_max,3.989577495854981
o_max,4.941329575749512
o_max,11.63468900855469
o_max,1.702357626743408
o_max,-4.032548451835205
o_max,5.208969085749512
o_max,-3.345859500486572
o_max,-2.631958346829101
o_max,-8.29379756025049
o_max,-3.179764453256592
o_max,-6.639373851250488
o_max,1.827285281554688
o_max,4.032916980548585
o_max,-4.391399009250488
o_max,0.1832514308610839
o_max,-1.774996006689453
o_max,0.2232305918610837
o_max,2.612788060743409
o_max,9.09483873831665
o_max,1.739152538513427
o_max,2.701175386854981
o_max,7.731401522513428
o_max,-1.459429626585571
o_max,-4.533136805829102
o_max,-2.100224871445313
o_max,-1.570751746256592
o_max,1.186398833749513
o_max,-0.815629202835205
o_max,4.597350436513429
o_max,-3.332379086250488
o_max,-2.82282043768335
o_max,-2.157028500256592
o_max,-2.676236058829101
o_max,1.059335418749512
o_max,4.269211958310548
o_max,-1.919094834250488
o_max,-6.170481099250488
o_max,0.2110060361708985
o_max,1.950818816861084
o_max,1.428294013554687
o_max,-0.5571003384865723
o_max,-2.023933347250488
o_max,6.158195778548585
o_max,-6.322637145835205
o_max,4.188941210554688
o_max,-7.147726733585571
o_max,3.566059690513428
o_max,-0.3367182474453125
o_max,1.166148566743407
o_max,8.287949630170898
o_max,-5.822896006451416
o_max,3.741127255749511
o_max,-6.076128535829102
o_max,-1.318872556138916
o_max,-3.370791983835205
o_max,-3.277850455829101
o_max,0.5822056097495114
o_max,1.768201477854981
o_max,9.722185973861084
o_max,2.564253514861084
o_max,-2.483247024256592
o_max,-6.741714789829102
o_max,-5.337849299250488
o_max,-0.0490360726833492
o_max,-2.619762630445313
o_max,-0.3783677432504886
o_max,2.651819273513428
o_max,3.17398907485498
o_max,-4.003322133256592
o_max,0.3812981798610844
o_max,1.399774980164794
o_max,-0.9951624031389156
o_max,3.807712863316651
o_max,2.129997767414428
o_max,2.34897458553064
o_max,-6.18815682314502
o_max,5.018931115749512
o_max,3.330422266170899
o_max,2.164356125861084
o_max,-2.304213119689453
o_max,-5.649716725138916
o_max,-1.41167947745044
o_max,4.93025017036084
o_max,-6.112741876250489
o_max,0.936361937170898
o_max,1.440176904164795
o_max,2.555471574513428
o_max,-8.295333440585571
o_max,-2.518674697445312
o_max,4.94931572385498
o_max,-4.84233280968335
o_max,-2.494535152683349
o_max,2.458174878170899
o_max,-4.133706604256592
o_max,9.355435475743407
o_max,-7.706592024250488
o_max,-2.172526696829101
o_max,3.984790960040406
o_max,1.157009823861084
o_max,7.754012223861084
o_max,-1.089361636486572
o_max,-1.523955968829101
o_max,4.333662900170898
o_max,4.582105650164795
o_max,2.992978901310547
o_max,2.636942670783814
o_max,-1.88535780714502
o_max,-2.03330455368335
o_max,2.010470349749511
o_max,0.6846648667495119
o_max,5.288555115749512
o_max,2.195351489513428
o_max,-2.222544451829101
o_max,4.395128464513428
o_max,-3.708452843256592
o_max,-6.338308440138916
o_max,-2.353764926829101
o_max,2.617159219749512
o_max,-3.166420919138916
o_max,0.4025002981647949
o_max,2.41223906285498
o_max,-3.297444763829101
o_max,-0.6334185454514163
o_max,1.446235922861084
o_max,-5.090765618256592
o_max,-1.579877453138916
o_max,-4.93773611468335
o_max,0.9563110588610844
o_max,-1.143798490138916
o_max,-2.734970506829101
o_max,-7.933784240445313
o_max,4.476786476854981
o_max,-6.445449979689453
o_max,0.4884410385546873
o_max,2.009691175548584
o_max,-3.728488996585571
o_max,1.435366099170898
o_max,2.616756957513428
o_max,7.5129548141156
o_max,3.245071074861084
o_max,1.741712999743408
o_max,11.54930922574951
o_max,1.242887371687379
o_max,3.15079481853064
o_max,6.788116578554687
o_max,2.776336446861084
o_max,6.570498138554688
o_max,3.329385338170898
o_max,7.767900180164794
o_max,2.713263512170899
o_max,2.11391186085498
o_max,2.550427271749511
o_max,-0.0187966538843995
o_max,-0.9560808176833496
o_max,-4.532863274138916
o_max,1.935057852548584
o_max,3.56618574953064
o_max,-6.68757201145044
o_max,12.53016755855469
o_max,1.503065122554688
o_max,-4.613012607256592
o_max,-1.960248067250489
o_max,5.672238582414428
o_max,2.804491845046509
o_max,-3.575955005216187
o_max,3.735300652513428
o_max,6.323697482513428
o_max,0.302469699046509
o_max,0.1275801791708986
o_max,-5.903929088585572
o_max,2.454363407854981
o_max,-1.44413749568335
o_max,1.223736998513428
o_max,-4.493988043689453
o_max,0.1082955745134279
o_max,0.1333267364144283
o_max,5.67319836512915
o_max,4.482084611553711
o_max,-4.083506622250488
o_max,-0.0939260784514157
o_max,-2.051261304445312
o_max,5.010758733861085
o_max,-1.816485571138916
o_max,2.889435619554688
o_max,1.462629833548584
o_max,-0.3162785619595949
o_max,8.14925775385498
o_max,2.936793965414429
o_max,-4.129301520138916
o_max,-0.4483818124865721
o_max,0.5681201060465089
o_max,7.537485612513427
o_max,1.520418800115601
o_max,-1.320871144953491
o_max,1.629357832040405
o_max,2.865920968414429
o_max,-2.640179909216187
o_max,3.571577155115601
o_max,2.917488374316651
o_max,1.821075455115601
o_max,-3.343837040486572
o_max,4.389202449046509
o_max,-6.867292068953491
o_max,3.212980507040405
o_max,-6.271256034216186
o_max,-0.4133912388843992
o_max,-2.843107677585571
o_max,0.562577757549561
o_max,-2.945056095953491
o_max,4.052719968046508
o_max,0.8581859011156006
o_max,-0.9214631652161868
o_max,6.247047473543457
o_max,3.934595512513428
o_max,-3.06979003546936
o_max,2.302220384040405
o_max,-0.9978706859534912
o_max,6.702106034405029
o_max,1.970994959398926
o_max,3.163282794405029
o_max,-2.406215807456543
o_max,-9.145783268601075
o_max,7.891879691405029
o_max,-7.18146819759497
o_max,-3.504440519594971
o_max,-6.581679377594971
o_max,-0.088565550601074
o_max,-2.162636142843262
o_max,-9.815127285601074
o_max,-2.942821251594971
o_max,-1.401086995740479
o_max,-5.962818074594971
o_max,2.410154666162842
o_max,3.995264300733155
o_max,-4.020890620052734
o_max,-1.530467813179199
o_max,0.618183468820801
o_max,-3.187407847179199
o_max,0.8098859718208011
o_max,-5.252686073179199
o_max,0.5240307838208009
o_max,-6.168521558179199
o_max,1.5327108088208
o_max,-2.4556100501792
o_max,2.979744274820801
o_max,3.415858653820801
o_max,-3.934799112179199
o_max,-5.4166423571792
o_max,0.1461737158208009
o_max,0.895371482820801
o_max,-3.8281393531792
o_max,-5.214703612499267
o_max,-7.541464995179199
o_max,-7.932680564179199
o_max,-3.225380395179199
o_max,-4.495610679179199
o_max,-0.207220797179199
o_max,3.032670256820801
o_max,2.718211768820801
o_max,-0.7803165311791993
o_max,2.026995538820801
o_max,-7.816660922179199
o_max,2.362395558820801
o_max,-3.027477574179199
o_max,1.381415294820801
o_max,3.341673254820801
o_max,-5.1191169961792
o_max,4.519435838820801
o_max,-3.3594489601792
o_max,4.077279748820801
o_max,-8.6722023481792
o_max,0.2824589275007323
o_max,-1.060911776179199
o_max,0.9980807548208004
o_max,3.857669579553711
o_max,-4.912247814179199
o_max,-2.364241849179199
o_max,0.0588579218208007
o_max,0.1838799718208008
o_max,12.4599097738208
o_max,-1.452964752179199
o_max,1.586606889820801
o_max,-1.734348108179199
o_max,-1.592091869179199
o_max,-0.4311059841791991
o_max,-2.559925361179199
o_max,6.2291067668208
o_max,-2.1261609111792
o_max,1.345221449820801
o_max,-2.681509874499268
o_max,0.0436435448208007
o_max,0.4224223418208011
o_max,3.119821371820801
o_max,-10.8038126501792
o_max,-4.118386309179199
o_max,-0.4426241331791991
o_max,2.817522998820801
o_max,-2.511147815179199
o_max,6.3289673938208
o_max,1.853908903030517
o_max,-2.340920125789306
o_max,-2.300106822969482
o_max,3.905432555030517
o_max,1.318066690030518
o_max,-5.694372542969482
o_max,2.810345648210694
o_max,3.83066465354297
o_max,3.41649666284497
o_max,4.818038557210693
o_max,4.12642945384497
o_max,5.395887311542969
o_max,4.352030977542968
o_max,-2.630626254155029
o_max,2.032189963844971
o_max,3.73667156384497
o_max,2.068118853030517
o_max,4.04539607754297
o_max,4.549909062542969
o_max,-1.820673408155029
o_max,-1.393438044789306
o_max,0.1944660842106937
o_max,2.592482822542968
o_max,1.453934087210693
o_max,0.9897975516884764
o_max,8.236265567210694
o_max,7.065168541542969
o_max,-2.389443988789307
o_max,2.160680085210693
o_max,9.577238807210694
o_max,4.436204998844971
o_max,-0.4410032251550291
o_max,5.046334611542969
o_max,-2.676342626969483
o_max,1.974073469844971
o_max,6.224686624844971
o_max,8.842332048990478
o_max,5.065764274844971
o_max,2.901241882542969
o_max,-1.946182058457031
o_max,2.997320517210694
o_max,0.6892262769904782
o_max,2.040103643542968
o_max,-3.736286751457032
o_max,1.024602536688477
o_max,6.197111997210694
o_max,7.655281557210694
o_max,4.629413768990478
o_max,3.646980658210694
o_max,4.009986599210693
o_max,-0.640562006789307
o_max,8.151139621542969
o_max,8.82387681484497
o_max,5.716879491542969
o_max,-1.616537617155029
o_max,1.158927494030517
o_max,2.334919800990479
o_max,0.2507178515429684
o_max,3.933344873210693
o_max,-5.918363159457031
o_max,4.994733945030518
o_max,-1.493494445457031
o_max,0.8297634892106931
o_max,1.117107747210693
o_max,13.98519651721069
o_max,0.0517979065429683
o_max,4.968766047210693
o_max,-5.185120563789306
o_max,2.463685859542969
o_max,3.932799525688477
o_max,1.36515675584497
o_max,1.268925535210693
o_max,6.586254180742676
o_max,2.73678378084497
o_max,2.569621412210694
o_max,2.464129508210693
o_max,-2.209752734155029
o_max,3.303040054210694
o_max,-3.928160448969483
o_max,-1.492615759457031
o_max,3.226957888844971
o_max,2.612309196542968
o_max,1.311662324030517
o_max,5.273987767210693
o_max,-5.210633047311523
o_max,-3.471034052969483
o_max,5.746021304844971
o_max,2.346150002542969
o_max,3.357638305542968
o_max,7.376857007210694
o_max,-1.692612663789307
o_max,-1.017556415009522
o_max,3.239064363844971
o_max,-4.343690715009521
o_max,0.1463994002106936
o_max,1.769311385030518
o_max,13.0029173972107
o_max,11.50491196154297
o_max,-3.238967561155029
o_max,4.891421587210694
o_max,4.686340828990479
o_max,4.288654588688477
o_max,3.540581775542968
o_max,-1.194360351155029
o_max,4.431196627210694
o_max,2.710072259210694
o_max,-1.26055121815503
o_max,-2.418950716457031
o_max,-3.485099948457031
o_max,1.662039935210693
o_max,5.556067128990479
o_max,1.869852816210693
o_max,1.42079938284497
o_max,-0.5180320234570308
o_max,-4.293618741009522
o_max,-1.824481328009521
o_max,-0.6586283354570313
o_max,-0.2805134327893066
o_max,-2.304180177969482
o_max,10.81047567484497
o_max,2.553890003030517
o_max,-1.476971135457031
o_max,-1.648911121155029
o_max,3.388665863210694
o_max,7.443116848990478
o_max,2.139486591844971
o_max,2.548811265210693
o_max,5.649509167210693
o_max,7.110777227210693
o_max,3.035198687210693
o_max,0.0610172452106931
o_max,7.559664247210692
o_max,-0.0457753994570309
o_max,5.864851981542969
o_max,-2.694485510009521
o_max,3.172273130542969
o_max,-2.320882754009522
o_max,4.119229257210693
o_max,2.265597505210692
o_max,-3.299690101789307
o_max,-3.601259756789307
o_max,0.3362911828449704
o_max,2.335524853542969
o_max,6.56063766154297
o_max,-1.129149963457031
o_max,3.661584737542968
o_max,6.808605587210693
o_max,2.568572067542969
o_max,-5.821125934969483
o_max,2.771434075210694
o_max,5.295744045641602
o_max,12.22616919190979
o_max,10.45342572190979
o_max,9.22974046190979
o_max,4.11265614690979
o_max,15.56093048190979
o_max,14.56196366190979
o_max,12.09323505190979
o_max,9.41938554190979
o_max,16.37873099190979
o_max,14.47917196190979
o_max,12.41528742190979
o_max,16.85238235190979
o_max,14.24113996190979
o_max,15.90152346190979
o_max,16.52184730190979
o_max,10.56526676190979
o_max,13.26612983190979
o_max,13.97030831190979
o_max,11.91207665190979
o_max,14.26912587190979
o_max,13.86701247190979
o_max,4.20405735790979
o_max,13.49541412190979
o_max,13.97191754190979
o_max,11.33806866574268
o_max,2.133660080348877
o_max,1.507610348159179
o_max,-6.475043164745117
o_max,0.1240095109372561
o_max,-4.987231138532959
o_max,5.416438796937255
o_max,2.657627464773437
o_max,0.2963416717734377
o_max,1.947339339773437
o_max,-1.644991692532959
o_max,-5.600930032532959
o_max,-4.459436631568115
o_max,2.19094250612915
o_max,9.935952276937256
o_max,-3.162600842445312
o_max,-3.408689358532959
o_max,8.158898678563233
o_max,4.701284127773437
o_max,4.365439898554687
o_max,-1.07634413284082
o_max,-4.630900807436768
o_max,11.56361528856323
o_max,-4.71372442982251
o_max,-4.876279098443115
o_max,6.608276587469483
o_max,0.531822649937256
o_max,5.953528786937255
o_max,-1.003612203436767
o_max,-3.984912121443115
o_max,-0.4522408515305178
o_max,-10.10079801843677
o_max,2.071724723937256
o_max,3.99886132815918
o_max,1.60890523215918
o_max,4.295927397159179
o_max,-0.07469575184082
o_max,3.60729160515918
o_max,-5.43294683584082
o_max,-1.230885835968018
o_max,-6.995528171436767
o_max,6.832623188563232
o_max,4.204162202467041
o_max,6.088908918159179
o_max,-0.5979406598408206
o_max,0.7556393539353028
o_max,-0.3346038565305171
o_max,-0.5263763281752931
o_max,1.229542420348877
o_max,6.341815806348876
o_max,2.479704058467041
o_max,4.131494287937256
o_max,3.776308817773437
o_max,-4.312742406532959
o_max,-2.731010066651123
o_max,-0.7110344070627441
o_max,2.902293354773437
o_max,-0.5726827174453124
o_max,6.487340688554687
o_max,0.5188178904670409
o_max,5.258906046937256
o_max,-0.0812086911752931
o_max,-7.147538075445312
o_max,-3.284845693226563
o_max,-1.223586120568116
o_max,7.625486772467042
o_max,2.216539995431885
o_max,-4.025377031226562
o_max,-1.784952955532959
o_max,4.014011118554688
o_max,6.020857628554687
o_max,1.070287717031983
o_max,0.1631677544318845
o_max,-3.550187508532959
o_max,5.192564356937256
o_max,4.415214008554688
o_max,-2.72499240082251
o_max,-0.9173474302265624
o_max,0.994613295773438
o_max,3.085108051431884
o_max,0.1204083245546874
o_max,-5.479538363532959
o_max,2.338680715554688
o_max,1.612105059431885
o_max,0.9996029728247072
o_max,-1.154078605568115
o_max,-0.2916340804453128
o_max,-0.8839480280627443
o_max,6.641454646937255
o_max,-1.417757127651123
o_max,5.913811507773438
o_max,8.15537109246704
o_max,0.8305688304670413
o_max,-5.446103733532959
o_max,0.9377041924670406
o_max,0.150128471467041
o_max,1.652129872467041
o_max,5.759888217773437
o_max,2.871066930773438
o_max,-3.104294421062744
o_max,3.312747255937256
o_max,3.190215852824707
o_max,1.138430395467041
o_max,1.252348452554687
o_max,-3.871505790530517
o_max,5.806077572467041
o_max,3.165147158773438
o_max,3.147001192467041
o_max,1.305289140467041
o_max,-2.647090270532959
o_max,1.269786470467041
o_max,7.635027896937256
o_max,5.813359316937255
o_max,2.356197056641601
o_max,1.066871736937256
o_max,1.906150899467041
o_max,-1.275034471453125
o_max,4.635556230850829
o_max,5.99929754163208
o_max,0.3743846725444335
o_max,11.48957631001465
o_max,6.777618270014649
o_max,-3.204832161241699
o_max,-6.81497993073877
o_max,-6.290629359107422
o_max,6.633108235261231
o_max,2.38249716326123
o_max,1.55371921726123
o_max,0.7762858042612306
o_max,-3.272766131738769
o_max,0.5058036927583007
o_max,-5.208550043884277
o_max,-1.282832295884277
o_max,5.569592917640625
o_max,-6.54796441373877
o_max,2.473525894640625
o_max,0.8166144648029787
o_max,4.425617748182373
o_max,-1.483070915197021
o_max,2.311165776802978
o_max,-6.244628421985352
o_max,2.968962807014648
o_max,-3.052667627985352
o_max,11.98588079001465
o_max,1.361221277014648
o_max,16.68048131001465
o_max,-0.4806999324531249
o_max,-2.214628606985352
o_max,11.75748714001465
o_max,-4.791770668985351
o_max,-1.352471016985352
o_max,3.991395219014649
o_max,0.1100393609619141
o_max,4.979739860014648
o_max,1.728357106546875
o_max,-0.3204225297634275
o_max,3.184069735014649
o_max,3.024978912014648
o_max,0.7221082000146488
o_max,2.195804941014648
o_max,-0.2775074189853512
o_max,-1.553384005985352
o_max,-1.442332461985352
o_max,-5.079796325455567
o_max,-2.132721136985352
o_max,0.6469445600146484
o_max,3.028281052546875
o_max,0.8857701410146488
o_max,1.602627912544434
o_max,0.4227454576406249
o_max,7.023907510014649
o_max,1.119222818014649
o_max,3.662626287014648
o_max,4.594777830014648
o_max,-2.578028774455567
o_max,1.654991854544433
o_max,-4.817927247453125
o_max,-1.669767776359375
o_max,-0.4258953657451174
o_max,-0.3574219090380861
o_max,-4.074848828359375
o_max,5.630819090014649
o_max,-2.267765825455566
o_max,3.042306433014648
o_max,0.926451344544434
o_max,6.095790010850831
o_max,-1.444580621985351
o_max,-1.622286359455566
o_max,-2.707057327985352
o_max,3.603509947014649
o_max,-5.245412233985352
o_max,1.996666578014649
o_max,4.62174613856128
o_max,5.403029041561279
o_max,1.646233939561279
o_max,11.56471944156128
o_max,4.566080319075928
o_max,1.654228314075928
o_max,7.660887291561279
o_max,7.357951791561279
o_max,5.876588301561279
o_max,-1.047530756924072
o_max,10.83866257156128
o_max,-1.942556200438721
o_max,0.920554979075928
o_max,4.66085455856128
o_max,10.15910079156128
o_max,-2.527825309924072
o_max,11.22741060407593
o_max,6.726243034075928
o_max,-3.644473504924072
o_max,4.024497449466553
o_max,7.47873028156128
o_max,3.32874842656128
o_max,2.415649563075928
o_max,5.125622719075928
o_max,7.43756259156128
o_max,12.64326034156128
o_max,2.543716260075928
o_max,2.61248579356128
o_max,5.17338999056128
o_max,3.502783341075927
o_max,-2.740425689924072
o_max,11.32163751407593
o_max,8.77321758156128
o_max,7.662850401561279
o_max,5.144808559561279
o_max,10.79368846156128
o_max,5.351170878075928
o_max,1.590513091075928
o_max,6.06460825156128
o_max,-1.026140103924073
o_max,1.96077698156128
o_max,5.81316589156128
o_max,3.768740483561279
o_max,2.22659769556128
o_max,3.476396888561279
o_max,2.088256587075928
o_max,2.884672978075928
o_max,-0.8923884039240724
o_max,10.73507620156128
o_max,3.648575286075928
o_max,-2.288612130924072
o_max,11.35151667407593
o_max,10.99287263156128
o_max,-2.534945938924072
o_max,6.219809724075928
o_max,13.27816141156128
o_max,-4.046833192924073
o_max,-1.196654772922119
o_max,-0.161747018922119
o_max,2.975490880077881
o_max,3.696282616075928
o_max,2.276279777075928
o_max,1.383138024075928
o_max,-3.000714947924072
o_max,7.485456604075928
o_max,-4.13848213692212
o_max,5.37316722207788
o_max,3.094330176075927
o_max,-2.008478380922119
o_max,-3.590003601922119
o_max,1.779116283075928
o_max,4.99243777707788
o_max,0.5315512840759276
o_max,2.642000231075928
o_max,-2.763768302924072
o_max,-0.600698534922119
o_max,-1.450751678922119
o_max,0.9402963040778812
o_max,3.02062489007788
o_max,-1.551724142922119
o_max,-0.7418604359221193
o_max,8.37901071607788
o_max,2.603065722075928
o_max,2.527981221077881
o_max,1.203226593075928
o_max,0.1631767210778809
o_max,6.052374874075928
o_max,2.842557423075927
o_max,-1.834467859924072
o_max,3.849901977077881
o_max,2.057193454075928
o_max,-2.668714405922119
o_max,0.8032279750778812
o_max,-0.657560773922119
o_max,-1.018968307922119
o_max,5.788998849077881
o_max,1.841498319077881
o_max,-0.8001224009221191
o_max,4.597502985075927
o_max,-2.788652405922119
o_max,0.3849987910759278
o_max,6.52682485607788
o_max,-7.050876117922119
o_max,10.76239434607788
o_max,0.4109353840778809
o_max,-1.425015549922119
o_max,-2.462182633922119
o_max,2.293184194077881
o_max,1.98163571807788
o_max,6.846702596077881
o_max,1.02776608507788
o_max,1.769584714075927
o_max,1.697580280077881
o_max,7.924231724075927
o_max,1.498138924075928
o_max,3.089811608075927
o_max,6.72366803607788
o_max,-1.914365145922119
o_max,-4.664533789817963
o_max,-2.505529939922119
o_max,2.537200713077881
o_max,-3.038574629922119
o_max,-0.8558361399221193
o_max,0.5826136740778809
o_max,3.039539240077881
o_max,1.951197667077881
o_max,0.1328719870778809
o_max,-0.6252580839221191
o_max,1.230749153075927
o_max,0.1950429790759278
o_max,-2.199284799922119
o_max,-4.452501996922119
o_max,-5.890180131922119
o_max,4.993716503077881
o_max,-1.240081704922119
o_max,1.375746991077881
o_max,-2.201433636963135
o_max,1.263926383659546
o_max,11.41180385845581
o_max,2.078274836433167
o_max,1.973683461870361
o_max,-0.6845433778706054
o_max,4.258675129129394
o_max,-4.378055136870605
o_max,-9.552296070870606
o_max,-4.704252679870605
o_max,-3.706861281870605
o_max,2.589559740129395
o_max,11.01054163012939
o_max,-2.822316308870605
o_max,-3.466775110870605
o_max,4.143474432129395
o_max,4.053383089129395
o_max,8.358126220129394
o_max,-2.741785998870605
o_max,-6.201234651870605
o_max,0.4144569861293945
o_max,-2.019659295870605
o_max,-2.437744617870606
o_max,3.056918891129395
o_max,-4.346358177870606
o_max,2.496831705129394
o_max,3.619510922129394
o_max,-0.0234561868706055
o_max,-4.274118402870606
o_max,0.0498392471293946
o_max,6.062085262129395
o_max,-4.393828130870606
o_max,-0.0553839408706053
o_max,1.602687432129395
o_max,6.889672676129395
o_max,-5.912560418870605
o_max,3.136783101129395
o_max,2.803873108129395
o_max,3.156850114129394
o_max,6.571258878129395
o_max,3.296806652129394
o_max,-2.008062835870605
o_max,8.444622590129395
o_max,4.879823977129394
o_max,2.667473732129394
o_max,5.200811284129395
o_max,2.361269221129395
o_max,2.950988406129395
o_max,1.972448385129394
o_max,-6.205698947870605
o_max,4.467270601129394
o_max,-4.568345043870606
o_max,14.42321600012939
o_max,13.8486912901294
o_max,-2.929886112870605
o_max,-1.814493437870605
o_max,6.092714413129395
o_max,6.128638918129395
o_max,0.9326248831293946
o_max,6.286747294129395
o_max,10.4534736501294
o_max,6.806254363129394
o_max,12.9033739601294
o_max,-0.9183444958706056
o_max,5.223798203129395
o_max,2.943780321129394
o_max,8.213522880129394
o_max,2.079109784129394
o_max,7.019487408129395
o_max,6.011580611129395
o_max,7.960241810129395
o_max,1.460008667129395
o_max,-4.172939267870605
o_max,4.378621054129394
o_max,5.666955486129394
o_max,7.727485460129394
o_max,5.933889557129394
o_max,11.09786243012939
o_max,7.560170260129395
o_max,9.279533560129394
o_max,5.427324890129395
o_max,6.122427616129395
o_max,8.696875970129394
o_max,1.501210993129394
o_max,3.070868610129395
o_max,10.0354436801294
o_max,-2.834615687870605
o_max,0.8393328581293944
o_max,8.373932910129394
o_max,6.214107886129394
o_max,8.163631370129394
o_max,8.291870370129395
o_max,-3.680805052870606
o_max,6.310847655129395
o_max,6.797875474129395
o_max,-2.014323605870605
o_max,6.694662386129394
o_max,1.360134376129395
o_max,0.8861444491293944
o_max,3.230296325387696
o_max,3.202204339387696
o_max,9.854785330129394
o_max,2.129423447129395
o_max,-1.773225228870606
o_max,4.219363385129395
o_max,1.611005745129394
o_max,-0.0571186848706055
o_max,4.357151386129394
o_max,8.956561230129395
o_max,4.438640500129394
o_max,7.274402949129394
o_max,9.520980180129394
o_max,-2.009474707870606
o_max,4.877502637129394
o_max,0.8369303561293946
o_max,0.8747875771293945
o_max,14.7766456501294
o_max,5.590903377129395
o_max,7.700685100129394
o_max,1.742714504129394
o_max,4.349829196129394
o_max,-0.0036810478706055
o_max,0.0253939701293943
o_max,8.885125160129395
o_max,5.060897994129395
o_max,7.378057261129394
o_max,4.211534567129394
o_max,-0.6446173848706054
o_max,-3.928305688870605
o_max,-2.084229351870605
o_max,-4.243125366870606
o_max,-2.356116164870605
o_max,-3.027162002870606
o_max,2.074803692129395
o_max,8.308361490129395
o_max,4.635374832129394
o_max,11.1718958901294
o_max,1.777628390129395
o_max,6.959040493129395
o_max,3.586274101129394
o_max,4.278050118129395
o_max,2.840646206129395
o_max,7.739637190129395
o_max,5.541853030129394
o_max,9.110950350129396
o_max,-2.733816765870606
o_max,3.561278168129395
o_max,4.599081840129394
o_max,13.40961803012939
o_max,8.534719700129395
o_max,6.771423355129395
o_max,5.806206796129395
o_max,12.6000821401294
o_max,3.781554263129395
o_max,7.969321720129395
o_max,8.147649910129395
o_max,4.847661969129395
o_max,2.400598845129394
o_max,2.458815067129395
o_max,10.72966977012939
o_max,4.236542347129395
o_max,7.677155580129394
o_max,8.195574660129395
o_max,0.1034212611293945
o_max,-5.192699216870606
o_max,-4.137888967870605
o_max,1.988514785129395
o_max,1.163316725129394
o_max,6.039445378129395
o_max,-0.9769820718706056
o_max,3.980657266129395
o_max,2.976248831129394
o_max,6.015279597129394
o_max,-3.499805028870606
o_max,2.981647263129394
o_max,4.039679655129395
o_max,3.613178556129395
o_max,4.074656231129395
o_max,7.844247170129394
o_max,-2.652703921870605
o_max,3.615208215129393
o_max,5.309199611129395
o_max,4.609515807129394
o_max,10.9594078101294
o_max,1.596323281129394
o_max,12.4797757701294
o_max,7.284844691129395
o_max,3.170622304129394
o_max,4.657788351129395
o_max,6.797962746129395
o_max,11.6416553001294
o_max,8.824356070129394
o_max,9.103906190129395
o_max,2.450003398129395
o_max,3.226764742129395
o_max,8.374715450129395
o_max,5.815592336129395
o_max,2.755002150129394
o_max,-1.303133980870606
o_max,9.569830250129394
o_max,5.392498772129395
o_max,1.261985327129394
o_max,5.862340436129395
o_max,-0.7565937548706054
o_max,6.745479933129394
o_max,7.896300420129394
o_max,5.671053474129394
o_max,8.083823130129394
o_max,7.374654002129395
o_max,7.843748310129394
o_max,13.29407794012939
o_max,2.569429990129395
o_max,16.5384113701294
o_max,1.188117492129395
o_max,2.695060549129394
o_max,-5.535912440870606
o_max,6.265491388129394
o_max,5.038056567129394
o_max,9.308427500129394
o_max,4.534380331129395
o_max,9.568969970129396
o_max,9.911193640129394
o_max,5.202756427129395
o_max,3.205429891129395
o_max,12.48469211012939
o_max,5.758953862129395
o_max,5.516774256129395
o_max,0.4734152281293946
o_max,8.590880910129394
o_max,5.088715962129394
o_max,3.253744669129395
o_max,14.0093549101294
o_max,4.237644850129395
o_max,-1.009794848870605
o_max,0.4673512771293944
o_max,3.299802269129395
o_max,4.691985605129394
o_max,-2.363396452870605
o_max,12.56690732012939
o_max,3.004771037129395
o_max,13.16307006012939
o_max,4.613373875129395
o_max,-1.912986467870605
o_max,8.057803120129394
o_max,11.5890664201294
o_max,3.862536129129394
o_max,5.175075125129394
o_max,9.469514430129394
o_max,10.3456988301294
o_max,10.79257010012939
o_max,14.76515235012939
o_max,8.880461220129394
o_max,6.833729801129394
o_max,8.714346730129394
o_max,8.095076730129394
o_max,7.528502970129395
o_max,-0.3409222518706056
o_max,7.136420238129395
o_max,9.377427030129397
o_max,7.328096393129394
o_max,14.17648227012939
o_max,-1.660055751870606
o_max,-0.1059561308706054
o_max,4.454101870129395
o_max,2.690280517129395
o_max,9.770918090129394
o_max,-2.050185194870605
o_max,1.810838263129394
o_max,4.409930196129395
o_max,6.382368941129394
o_max,13.1312331701294
o_max,0.8575809111293946
o_max,4.849496580129395
o_max,7.371731396129395
o_max,9.666782560129397
o_max,8.218158280129394
o_max,-2.520624461870605
o_max,11.28219083012939
o_max,9.035078520129394
o_max,2.491403458129395
o_max,1.221596129129395
o_max,8.654511000129395
o_max,7.607990020129394
o_max,10.48752885012939
o_max,0.6091490011293947
o_max,9.920436790129395
o_max,1.004536497129394
o_max,8.046270130129395
o_max,0.2703582851293946
o_max,15.0293182401294
o_max,9.516777640129394
o_max,8.917405740129395
o_max,6.655677743129395
o_max,5.452670585129395
o_max,4.280386795129394
o_max,3.062807189839356
o_max,6.644047661129395
o_max,0.2558106851293944
o_max,0.6581954911293946
o_max,8.994913480129394
o_max,0.3701122491293946
o_max,16.3788249901294
o_max,3.630980798129394
o_max,6.593237580129394
o_max,9.682317210129394
o_max,11.6116368301294
o_max,5.336296649129395
o_max,7.102066346129394
o_max,-1.792966424870605
o_max,4.651897680129395
o_max,8.121346690129394
o_max,8.562472200129395
o_max,1.695728076129394
o_max,2.095976192129394
o_max,-5.969826407870606
o_max,3.130932700129395
o_max,8.620925050129394
o_max,6.746738884129394
o_max,-3.094049372870606
o_max,0.9422829331293948
o_max,4.249941344129395
o_max,0.4296762621293943
o_max,-0.1096405028706053
o_max,7.864572130129394
o_max,11.54733880012939
o_max,8.608249640129394
o_max,7.676698670129394
o_max,4.693141977129395
o_max,5.900046753129395
o_max,-1.028119169870605
o_max,11.1464725601294
o_max,9.978271470129394
o_max,10.9487951001294
o_max,5.224649918129394
o_max,6.798518930129395
o_max,5.950206139129394
o_max,8.001270380129395
o_max,16.2204227201294
o_max,15.45443161012939
o_max,11.0387532601294
o_max,2.576419534129395
o_max,3.086864946129395
o_max,13.67207904012939
o_max,0.7675686021293946
o_max,5.967301348129395
o_max,11.24135687012939
o_max,4.412007506129394
o_max,2.452223782129394
o_max,2.306696853129394
o_max,11.06593080012939
o_max,4.395779743129395
o_max,13.1264169101294
o_max,14.0287511501294
o_max,-0.6106655248706054
o_max,10.70567955012939
o_max,3.520216657129395
o_max,9.930836980129394
o_max,8.068109720129394
o_max,5.183718770129395
o_max,8.773881840129395
o_max,14.5021429801294
o_max,5.541311587129394
o_max,4.666534420129395
o_max,8.781880860129395
o_max,3.723679910129394
o_max,8.516148270129394
o_max,6.110589590129395
o_max,6.567435742129394
o_max,7.626696940129394
o_max,3.743725222077881
o_max,12.38123420607788
o_max,5.156457193561279
o_max,9.76570291156128
o_max,9.68940964156128
o_max,9.91547567156128
o_max,10.64588414156128
o_max,13.86351121156128
o_max,14.16468349156128
o_max,10.83038117156128
o_max,10.03964420156128
o_max,-3.536160463533447
o_max,3.039262660466552
o_max,7.474244951534423
o_max,3.207260387534424
o_max,9.058675561534423
o_max,4.294682502323242
o_max,11.07830002153442
o_max,2.030256962534424
o_max,4.977155871534423
o_max,11.3219741050232
o_max,14.20259147387695
o_max,13.21892586734009
o_max,8.070496306662598
o_max,5.750948370454102
o_max,7.148284499418946
o_max,1.394177327860718
o_max,-11.30015017544141
o_max,14.84982513193115
o_max,-2.139082588244385
o_max,4.235971796685669
o_max,-1.364678675899536
o_max,-15.40117107621521
o_max,-8.611262389858704
o_max,4.301239666226806
o_max,0.3448302479465335
o_max,-6.712133420289764
o_max,-9.888297637053466
o_max,0.1200615114539184
o_max,5.082141626453918
o_max,-1.8053036766073
o_max,-2.814457845332398
o_max,2.938015517837524
o_max,-2.538136262175476
o_max,-0.7249746264318846
o_max,0.8419913073927003
o_max,-13.06602930967957
o_max,-22.84976720967957
o_max,0.9822127583204344
o_max,-13.26973321302368
o_max,-6.180209283679565
o_max,7.456207319320434
o_max,6.870052059320434
o_max,3.489121217320434
o_max,4.312190532254516
o_max,-6.395563934679566
o_max,13.23048418025452
o_max,-18.78799113967957
o_max,-8.524095573679565
o_max,-10.7037366020896
o_max,0.7328507029104006
o_max,2.948597328910401
o_max,1.1417563479104
o_max,-2.0652287410896
o_max,2.707413538910401
o_max,0.2049516849104002
o_max,-2.2954022810896
o_max,3.060946692910401
o_max,-2.4833905740896
o_max,3.942982090910401
o_max,1.5901082459104
o_max,0.2406305979104002
o_max,3.2263813289104
o_max,2.925900263910401
o_max,6.450907856910401
o_max,10.5763988569104
o_max,1.0519239359104
o_max,2.0467524939104
o_max,-3.78477350285791
o_max,-4.285622681927612
o_max,1.373385894943848
o_max,-5.00615663285791
o_max,-1.294322101913086
o_max,-0.6736354686180344
o_max,-7.303046102927612
o_max,-1.659488785674622
o_max,-4.922649751985473
o_max,3.983247070766601
o_max,1.967139357723266
o_max,4.298041503325378
o_max,-4.912769535193847
o_max,3.800762039089356
o_max,2.535596464943848
o_max,-1.01980860785791
o_max,-2.692650958674621
o_max,-1.621506862927612
o_max,1.494326535381966
o_max,-4.188432319335236
o_max,2.741003920723267
o_max,-0.7154735127867431
o_max,-1.169771856193847
o_max,-1.46067457885791
o_max,-5.565257945335236
o_max,2.831589199943847
o_max,6.288583406325378
o_max,-0.8142607488579103
o_max,0.7170283058061524
o_max,-6.064979008056152
o_max,-2.27732318385791
o_max,3.85115536014209
o_max,-4.188060306638183
o_max,-0.2986299819854734
o_max,1.841222980089356
o_max,-2.827384212913086
o_max,0.355399153086914
o_max,-9.06914793267462
o_max,1.89027679614209
o_max,3.545099285072387
o_max,-0.6283045051938476
o_max,-3.246123330056152
o_max,-2.409037141910645
o_max,0.0599587378061523
o_max,1.90024240614209
o_max,-0.0483035129106446
o_max,2.047109766213257
o_max,2.078086591072388
o_max,-0.9542564738579102
o_max,-4.672575410529785
o_max,-4.222815360618035
o_max,-1.786098591674622
o_max,5.086761443325378
o_max,-4.756344010857911
o_max,-4.936113927910645
o_max,4.677956077361817
o_max,0.5440547203253785
o_max,0.2343230746647644
o_max,-2.990000918335236
o_max,-3.303410891618034
o_max,1.094041840213257
o_max,-0.4214326639276122
o_max,-2.066573274910644
o_max,2.38612540214209
o_max,2.611184416381965
o_max,-3.348268385910645
o_max,-1.975600503056152
o_max,-2.438116188745605
o_max,3.049013009325378
o_max,0.5154207900723877
o_max,1.989297420806152
o_max,-0.8760446289106445
o_max,5.038466400223388
o_max,-2.468961005354981
o_max,0.2248560986450192
o_max,1.28746173264502
o_max,-6.449224400276734
o_max,5.08143498400592
o_max,3.75976317200592
o_max,-3.79459968135498
o_max,-1.904668832990234
o_max,-6.856677572990234
o_max,4.801900931240235
o_max,2.41969245900592
o_max,5.964475054723266
o_max,-1.22088470799408
o_max,-6.795489627990234
o_max,-6.480892976354981
o_max,3.902164027223389
o_max,-9.524783488193847
o_max,2.91037831064502
o_max,11.79136780200592
o_max,-0.3698280383549805
o_max,11.69609421861694
o_max,-6.864024899876099
o_max,1.375279390477539
o_max,1.441775387225341
o_max,-7.402293205990235
o_max,-6.13697502035498
o_max,0.8675011176450198
o_max,4.234801144645019
o_max,-0.9279354979902346
o_max,-10.04396900792761
o_max,-2.985156020462402
o_max,2.510748780009766
o_max,1.88724908564502
o_max,-1.662726879522461
o_max,-1.05547175935498
o_max,3.799510138628174
o_max,-4.757501179990235
o_max,1.55766211064502
o_max,-3.426987774990234
o_max,0.0842056996450191
o_max,-0.0703457333549808
o_max,-4.881857815990235
o_max,-2.300340640876099
o_max,-0.2857224583549804
o_max,3.151568222009765
o_max,-3.470980374990234
o_max,-1.007669026990234
o_max,-4.376117238990235
o_max,-3.257126480990234
o_max,8.48229401864502
o_max,-0.9356639629902346
o_max,-7.02706820020459
o_max,-13.56530250451477
o_max,-8.142814915458496
o_max,-11.52566907305908
o_max,-12.87785470192944
o_max,-9.310895273355468
o_max,-8.668599913621826
o_max,-14.76425233334595
o_max,-8.423567960458495
o_max,-1.224143865514771
o_max,-11.82559942563843
o_max,-4.145437860059082
o_max,-10.70643412551477
o_max,-0.4217980214584962
o_max,6.002251402795411
o_max,-13.91209451314941
o_max,3.862195644654053
o_max,-3.984523541355469
o_max,5.065359763911133
o_max,-0.3438384606218259
o_max,-12.57137438603638
o_max,-12.46245395192944
o_max,-31.79940788917481
o_max,7.808172113864746
o_max,11.85187115064453
o_max,-1.085701997088867
o_max,4.296633665654053
o_max,-3.065520896059082
o_max,3.615878789541505
o_max,-0.9181063850590818
o_max,15.74052082113281
o_max,-1.732055308458496
o_max,-1.590497112385254
o_max,-22.50692279805908
o_max,-15.33992291334595
o_max,-7.337845080458496
o_max,11.88485190917969
o_max,18.93408338019043
o_max,15.55302440351318
o_max,19.34240803547119
o_max,18.62105197512207
o_max,-0.6717035748779292
o_max,-5.41344843565039
o_max,7.408586078183593
o_max,0.1166908581835937
o_max,-0.9443531599765632
o_max,3.814846185678711
o_max,7.658872030987549
o_max,13.45742306098755
o_max,7.91719660737915
o_max,0.842457700864502
o_max,-0.6367860661354978
o_max,6.436803072541505
o_max,-1.960326726276856
o_max,-6.916732489990967
o_max,7.238536297039795
o_max,-0.2751884283415529
o_max,11.80064341280274
o_max,7.57732668854303
o_max,-29.34664327977997
o_max,21.46889704730469
o_max,9.946548611271972
o_max,5.213855225632326
o_max,10.14387933834961
o_max,5.729234733908692
o_max,1.693279959864501
o_max,7.535995637088623
o_max,16.02400750220947
o_max,-9.630529295342772
o_max,-2.736326396342774
o_max,-8.538868065341553
o_max,5.21620455154303
o_max,1.970427310248077
o_max,3.770199164534057
o_max,-5.513394849791505
o_max,-1.639775522860718
o_max,4.226856898510132
o_max,-7.049671122231445
o_max,-4.794783339168335
o_max,-2.208774530980347
o_max,-0.3668458799804686
o_max,0.4447276162080076
o_max,-3.169033500947265
o_max,5.76803335204834
o_max,-7.049497866522949
o_max,0.5289805219291992
o_max,-3.528415127013184
o_max,9.5408462275708
o_max,6.069315080056152
o_max,-5.80589378327417
o_max,-20.17998674959717
o_max,1.039709361523681
o_max,22.01940728185058
o_max,-15.08046239799268
o_max,-12.20305452545068
o_max,-4.791351549438964
o_max,-9.653184769438964
o_max,-1.953204559599121
o_max,-13.70131271631055
o_max,1.992946312986817
o_max,2.877814708522461
o_max,-2.443285500245361
o_max,-0.3969160743967288
o_max,-8.096855185480834
o_max,-10.57015142980383
o_max,-9.708908040487
o_max,-0.2697314069602355
o_max,4.965730608295227
o_max,8.218489092295227
o_max,-9.763202255704773
o_max,-2.081372773704773
o_max,6.017242924295227
o_max,-14.85752384770477
o_max,9.947311746878665
o_max,-9.769063790704774
o_max,11.15831387731201
o_max,13.59325324229523
o_max,2.877727685295227
o_max,10.61556023229523
o_max,-6.210545802687989
o_max,17.89255132731201
o_max,-1.945306282653321
o_max,2.976934638295228
o_max,10.98059088508057
o_max,-4.227883083125488
o_max,6.389049535080567
o_max,-7.683271211919434
o_max,11.32613105731201
o_max,-15.80183580770477
o_max,12.26623772731201
o_max,6.631816386295228
o_max,-13.41534403770477
o_max,-16.45909821770477
o_max,-4.71534192035437
o_max,4.779084079295227
o_max,-2.956636211704773
o_max,18.57468474731201
o_max,5.741593137295227
o_max,14.58507419508057
o_max,-10.26289135470477
o_max,-5.167344498704773
o_max,-5.265231164704772
o_max,8.707868875080566
o_max,-2.868974383704773
o_max,4.881071533295227
o_max,3.101074252295227
o_max,3.759695074295226
o_max,13.40944318731201
o_max,-5.92761359765332
o_max,0.1714217749104003
o_max,-6.704495889023682
o_max,-5.092261331023682
o_max,-13.06089545302368
o_max,-6.930208952023682
o_max,-10.03806691702368
o_max,-5.980971920023681
o_max,-9.35091985602368
o_max,-10.09124361902368
o_max,-5.4660715070896
o_max,-6.148154553023682
o_max,-8.720768922023682
o_max,-9.16522123802368
o_max,-6.103540345023681
o_max,-11.18504480502368
o_max,-10.67830270402368
o_max,-9.958035994679566
o_max,-15.43666011967957
o_max,1.364310319320435
o_max,12.28109739958496
o_max,5.0470546546167
o_max,-0.385083257058838
o_max,1.17879452642871
o_max,4.121865177428711
o_max,-3.315794186994385
o_max,-0.9559366936933592
o_max,2.425834195870361
o_max,0.9996746337666016
o_max,4.455761547247558
o_max,-0.8131971861188965
o_max,2.319913583870361
o_max,5.804845312433594
o_max,1.392251307250732
o_max,7.017093869553711
o_max,3.666199331968262
o_max,-1.033895283838073
o_max,11.11099984458084
o_max,1.195632369231079
o_max,15.10231289160568
o_max,8.686117001161925
o_max,9.095296093161926
o_max,-1.869797874838074
o_max,2.384066995161926
o_max,4.165131725537568
o_max,5.395101995110718
o_max,8.256672008161926
o_max,13.12103981316193
o_max,8.314392857161927
o_max,1.496599205729248
o_max,12.20439106411072
o_max,1.237871952231079
o_max,9.43466267123108
o_max,11.49896096465336
o_max,10.00620992316193
o_max,4.625691851161927
o_max,5.945321487161927
o_max,2.325171092537567
o_max,8.438555565955443
o_max,5.822494873161927
o_max,12.58825095458084
o_max,3.373682965580841
o_max,6.112583582729248
o_max,9.335139538161926
o_max,0.901142609580841
o_max,4.624982292161926
o_max,0.0698449332310793
o_max,-1.596426609842407
o_max,9.167088781161926
o_max,16.53474004458084
o_max,10.41319020592364
o_max,10.01857917216193
o_max,19.50838652458084
o_max,9.224041838161927
o_max,10.59420140416193
o_max,11.33369348160568
o_max,11.18455099316193
o_max,14.94311767053757
o_max,5.214308467786865
o_max,7.318625554532471
o_max,8.327506677786864
o_max,0.5277957351109621
o_max,1.762991097786865
o_max,8.529607227786865
o_max,8.580156686237183
o_max,2.717381165943604
o_max,3.571163117786865
o_max,4.356778163763305
o_max,3.401840944237182
o_max,-1.501574130660034
o_max,2.968412622763306
o_max,8.196875484532471
o_max,5.652331710786866
o_max,4.568213480786866
o_max,2.405904496763306
o_max,1.688677042763306
o_max,5.892573847786865
o_max,2.834696048627197
o_max,3.575911918943603
o_max,6.461871737339965
o_max,2.221238166786865
o_max,2.378409380763306
o_max,-0.4013836522366945
o_max,-0.4425673766600342
o_max,6.072509722579102
o_max,5.089669050786865
o_max,9.178051836237184
o_max,5.899091394627197
o_max,7.204214206237182
o_max,-2.740151031236694
o_max,-0.9387936162366944
o_max,-3.535320867236694
o_max,-0.5806898592366943
o_max,-0.4595251800563966
o_max,-2.318754595889038
o_max,-0.0720921322366945
o_max,11.23642321623718
o_max,7.465885876237182
o_max,3.950315921532471
o_max,-0.2227376542131347
o_max,-3.703036702878662
o_max,9.644867986763304
o_max,7.951490177786866
o_max,5.733605977339966
o_max,-0.9946413192366944
o_max,-4.050988618048096
o_max,8.786451697786866
o_max,8.671679956763306
o_max,-6.169097733889038
o_max,1.502383983943604
o_max,1.916451000018249
o_max,-8.03180065188904
o_max,1.250726318763306
o_max,2.059980564763306
o_max,0.9519398110182496
o_max,5.646103033943604
o_max,5.044077770627197
o_max,-6.324923824048096
o_max,1.24004850401825
o_max,2.423162588763305
o_max,2.110275353763305
o_max,3.107643392627197
o_max,6.596181960391846
o_max,0.6079462223205567
o_max,-3.775947950693603
o_max,-0.4724203236330568
o_max,7.143464980391846
o_max,0.0768826994550782
o_max,3.089737340455078
o_max,12.52562193039185
o_max,2.648062400366944
o_max,-1.362676815633057
o_max,2.959457926455078
o_max,-4.297417022633057
o_max,4.630358278320557
o_max,0.4041399424550782
o_max,5.080895377366943
o_max,4.704479637320556
o_max,-8.419617445023682
o_max,-6.756782611023682
o_max,-7.495516010023682
o_max,-9.232200717023682
o_max,-6.955508181023681
o_max,-3.633637562023682
o_max,-6.586821623023682
o_max,-8.10550080102368
o_max,-5.167851748023682
o_max,-6.626588776023682
o_max,-0.5451835850236817
o_max,-6.313684356023682
o_max,-2.189864936023682
o_max,-3.109665169023682
o_max,-7.587962357023682
o_max,-2.613932202023681
o_max,-2.587231184023682
o_max,-12.41443774302368
o_max,-6.412124981023681
o_max,-5.915399967023681
o_max,-5.358855788023682
o_max,-5.517796194023681
o_max,-5.549296369023682
o_max,-12.20439532302368
o_max,-2.476586810023682
o_max,-7.517556795023681
o_max,-5.881248272023681
o_max,-2.459446543533447
o_max,-1.449306413023682
o_max,1.381046322976319
o_max,-7.543959269023682
o_max,-13.28210035302368
o_max,-2.342342138023682
o_max,-14.64404122302368
o_max,1.069289686976318
o_max,-6.508622434023682
o_max,-3.704658787023682
o_max,-1.625152055023682
o_max,-4.180716988023682
o_max,-11.38108875202368
o_max,-6.289407669023682
o_max,-5.680052850023682
o_max,-7.818334333023682
o_max,-1.133056837023682
o_max,-1.528848566023682
o_max,-7.640947353023682
o_max,-5.172869985023682
o_max,-6.619287608023682
o_max,-1.595482315023682
o_max,-11.46659395502368
o_max,-2.458960541023682
o_max,-8.906474868023682
o_max,-0.0916038540236816
o_max,-7.297522888023682
o_max,-3.389437258023682
o_max,-3.054529071023682
o_max,-3.504201897023682
o_max,-6.554156397023681
o_max,-2.159525552023682
o_max,-4.607560378023681
o_max,-2.555787083023682
o_max,-5.431802896023681
o_max,-1.975010295023682
o_max,-1.451075225023682
o_max,-1.694591106023682
o_max,-1.114605294023682
o_max,-2.264516041023682
o_max,-6.357113814023681
o_max,-0.6204836680236816
o_max,-12.52999071302368
o_max,-6.069462050023682
o_max,-1.100696283023681
o_max,-5.976868005023682
o_max,0.6687929589763182
o_max,-11.96336376902368
o_max,-9.29027045802368
o_max,-3.85818368769336
o_max,-9.20254618102368
o_max,-6.808226231023681
o_max,-5.556405083023682
o_max,-16.56934548302368
o_max,1.745645960976318
o_max,-5.955128547023682
o_max,-6.770683729189636
o_max,0.3887915172956546
o_max,1.48268085990509
o_max,0.6922711095080567
o_max,-1.291210180491943
o_max,4.112870096568604
o_max,-3.008321806491943
o_max,0.6326682898834228
o_max,-5.085555125431396
o_max,-2.804968623491944
o_max,0.3917339625080567
o_max,0.8494429975554199
o_max,-2.101384416431396
o_max,-3.678163689491943
o_max,-4.27969092344458
o_max,-6.365921589189636
o_max,-4.056902749239624
o_max,-0.0489094802401122
o_max,-4.463197553431396
o_max,1.800240274793335
o_max,-4.114394931206665
o_max,-8.687897871206665
o_max,-3.157664406816353
o_max,-4.449818401189637
o_max,2.704514823183647
o_max,-9.691519804816354
o_max,-3.865422069189637
o_max,-7.22485985544458
o_max,-6.226265492240112
o_max,1.84830151806128
o_max,-6.71536348244458
o_max,-6.325023405240112
o_max,-4.084260890070618
o_max,1.290186479183647
o_max,-1.683232334431397
o_max,-6.344236290491944
o_max,0.9655395501836472
o_max,3.163557137812989
o_max,-1.731586720189636
o_max,-7.390165074189636
o_max,-6.43612858744458
o_max,-6.194156306816353
o_max,-3.233470470094909
o_max,-10.22613630244458
o_max,-5.25036550944458
o_max,0.1447847057603759
o_max,-1.148806868189636
o_max,-5.576566801290222
o_max,-2.326962756240112
o_max,-0.6924241036729278
o_max,-1.600999667816353
o_max,-5.46987046744458
o_max,-5.628902598240113
o_max,-2.840806771206665
o_max,0.2409082898103638
o_max,-0.9566648438163528
o_max,-13.96724957218964
o_max,-3.295288221491943
o_max,0.2784014740515133
o_max,-9.742526719239624
o_max,-4.59038453244458
o_max,0.9051211997598876
o_max,-4.256800942491943
o_max,-2.994834306672928
o_max,-4.226895456672928
o_max,-0.0857434539387207
o_max,-4.795340195491944
o_max,-8.130427763189637
o_max,-0.9486462889321898
o_max,-3.871820025816353
o_max,-1.171737932491944
o_max,-3.828881860187011
o_max,-6.455975673431396
o_max,4.478629732793335
o_max,-2.747266125240112
o_max,-1.580968970431397
o_max,-1.402890705491943
o_max,0.7655653117097778
o_max,-3.765805196431397
o_max,-5.078809932191528
o_max,-3.02830909430835
o_max,-9.521812522160644
o_max,-4.576487634444581
o_max,-2.403365937672928
o_max,-3.425006608191528
o_max,0.5346421835686037
o_max,1.002104120810364
o_max,-6.483610448189636
o_max,-8.349063574816352
o_max,-6.693244637308349
o_max,-0.3578692891896362
o_max,-2.680670284350342
o_max,-5.621484599191529
o_max,-2.984729085491943
o_max,-8.489670158816352
o_max,-3.893022063491944
o_max,-2.771908771491943
o_max,-7.507293855189636
o_max,-2.392717161187011
o_max,-1.714828694431397
o_max,1.172245353947022
o_max,-2.880041121672928
o_max,-0.2546552364919434
o_max,-5.990361410672928
o_max,-1.30028474409491
o_max,2.063955099709778
o_max,-5.99994554630835
o_max,-2.799169609431396
o_max,-3.119084548240112
o_max,-4.374021156206665
o_max,-0.3554956508163528
o_max,-2.360638205431397
o_max,-0.4051839541915285
o_max,-5.188790931438721
o_max,0.2187329010612795
o_max,-3.718164046191529
o_max,-8.403727997491943
o_max,-0.4880493684919433
o_max,-2.306638092350342
o_max,-6.366962771189637
o_max,-3.75267106393872
o_max,-7.105682913350342
o_max,1.265610497810363
o_max,-4.575863306431396
o_max,-6.979702991816353
o_max,-0.9605642191896362
o_max,0.3939383441836471
o_max,-0.6182149470706175
o_max,-2.500313287431397
o_max,0.0652245377097777
o_max,-4.426426082206665
o_max,0.910033014760376
o_max,-4.529751435816353
o_max,-5.488047982816353
o_max,0.3456244053270721
o_max,1.944873752568604
o_max,0.2220828827097778
o_max,-8.172157099672928
o_max,-4.408546340189636
o_max,-4.517164023444581
o_max,-7.594450953491943
o_max,-1.042622125431396
o_max,-6.307491231189636
o_max,-6.12143267293219
o_max,0.9918248495080566
o_max,-0.0608841900529784
o_max,1.158294682508056
o_max,-4.754591998189636
o_max,-4.026321834189636
o_max,-4.015100058438721
o_max,-5.778534178933624
o_max,-5.340419809431396
o_max,-9.092320998191529
o_max,-6.53788073244458
o_max,-4.959243235431396
o_max,-0.752395560239624
o_max,-5.106404820672928
o_max,-0.3955140894313964
o_max,-4.826814718189636
o_max,-3.312871860308349
o_max,-4.046508008816353
o_max,-1.724460529588745
o_max,-4.340661081491943
o_max,2.946367470568603
o_max,0.4439552031836471
o_max,-1.022169238491943
o_max,-5.076864515189636
o_max,-0.9306934730949096
o_max,-1.265027432290222
o_max,-1.055388392189636
o_max,-6.099633473189637
o_max,-0.3134160241896362
o_max,-2.202679531816353
o_max,-6.884745063189636
o_max,0.4540024895686034
o_max,2.732596870568604
o_max,-4.78659011344458
o_max,-5.646531817491944
o_max,-6.066089752239624
o_max,-1.924464722431396
o_max,-1.934216981491944
o_max,-7.534477440816353
o_max,0.3825741069163819
o_max,0.3067799288103638
o_max,-4.169675573350341
o_max,2.596260165508057
o_max,-5.170085315189636
o_max,-3.984793623816353
o_max,-4.822568216189636
o_max,-1.967254765116577
o_max,-4.209166283368896
o_max,5.25611185490509
o_max,-3.375062943189636
o_max,-10.08038772243872
o_max,1.29650649455542
o_max,-1.30951239309491
o_max,1.215062526760376
o_max,-2.20903648009491
o_max,-5.283880800189636
o_max,-3.919173245816353
o_max,-7.342352263431397
o_max,-2.332987913431396
o_max,6.018227383947021
o_max,-0.7497819958163529
o_max,1.49190352290509
o_max,-4.121622608816353
o_max,-1.114625617240112
o_max,-3.116557859588745
o_max,-4.285511915816353
o_max,-0.2990409692396238
o_max,-6.040728283933625
o_max,-3.326488533350342
o_max,-1.835915338491944
o_max,3.060447590158935
o_max,4.138440421295655
o_max,-2.300378314431396
o_max,-5.567610056491944
o_max,-3.096024112816353
o_max,-1.771994890431396
o_max,-4.012263088290222
o_max,-1.314795459431396
o_max,-10.43866133918964
o_max,-7.617006366431396
o_max,-1.801423791189636
o_max,-2.55743611544458
o_max,-0.9936053730836184
o_max,-1.802744820816353
o_max,-0.3326839630706177
o_max,-0.5535401213503418
o_max,0.0906764429470214
o_max,-2.298336388491943
o_max,-8.31811970944458
o_max,4.968637871183647
o_max,-3.008973000672928
o_max,-1.273147102191528
o_max,-9.451566418191527
o_max,-4.166204588052978
o_max,0.5018314613270721
o_max,-4.91891226644458
o_max,-4.632603713189637
o_max,-3.775293781189636
o_max,-2.046025049189636
o_max,-3.472524908431397
o_max,-6.446786476816353
o_max,-10.80253799535034
o_max,-5.32569891544458
o_max,-0.8597563409387208
o_max,-5.469555283189637
o_max,-7.736139877368896
o_max,-10.09262496267293
o_max,-3.169879926239624
o_max,-4.66371779944458
o_max,-2.509644837491944
o_max,-3.518873187187012
o_max,-6.131603077189636
o_max,-1.787882027290222
o_max,-8.16132103344458
o_max,-0.5191067388163528
o_max,2.847585850810364
o_max,8.295690332541504
o_max,-3.787072462816353
o_max,0.6030193993479613
o_max,-4.514724189189636
o_max,1.925728197808472
o_max,0.8202958948103638
o_max,-7.629311731240111
o_max,-4.331947187240113
o_max,2.208692940759888
o_max,-1.43820414444458
o_max,0.7892444477933349
o_max,2.911969225759277
o_max,2.450751423947021
o_max,-1.55258741744458
o_max,-2.812372193672928
o_max,-6.076668641187013
o_max,-2.521834066094909
o_max,-11.1461952494314
o_max,-6.174003876431397
o_max,-2.807198524431397
o_max,-1.025997824206665
o_max,-0.4410880791915281
o_max,-0.7674819448708496
o_max,-5.609218712059082
o_max,2.606303067759888
o_max,-3.493928000816353
o_max,-1.342302845816353
o_max,-1.755271570206666
o_max,-3.766740638816353
o_max,-2.96084637244458
o_max,5.25179328990509
o_max,-4.20334693943872
o_max,-9.540097457189637
o_max,-2.91049472344458
o_max,9.94974704548523
o_max,-5.489669593431397
o_max,-8.78328981444458
o_max,-4.93122013644458
o_max,-3.123604276816353
o_max,0.9477844608103636
o_max,-3.174484299240112
o_max,-9.058048477491944
o_max,-7.91991501044458
o_max,-3.524020784189636
o_max,-0.1968514158163528
o_max,3.26939703279541
o_max,-3.581881900191529
o_max,1.13385006690509
o_max,-3.017840113189636
o_max,-3.106101344816353
o_max,-1.815790342206665
o_max,-7.059851964672927
o_max,-3.87404031244458
o_max,-2.487086287491944
o_max,-3.31122621844458
o_max,-7.075959511431397
o_max,10.85979890279541
o_max,2.036447413905091
o_max,-2.12496542209491
o_max,0.1065088817097779
o_max,-7.80209756044458
o_max,-2.49648173930835
o_max,-10.00939601344458
o_max,1.10904024990509
o_max,-4.756767568672928
o_max,-5.127038371431397
o_max,0.5543137076496581
o_max,16.87258541479492
o_max,-5.059398729933624
o_max,-4.15423528244458
o_max,-7.237105419189636
o_max,-3.863764289070618
o_max,-3.281531624672928
o_max,-3.59634996544458
o_max,-4.054487062206665
o_max,3.210518608143799
o_max,-0.8511446385887451
o_max,-2.592704427380493
o_max,4.443776781378174
o_max,2.608634569793335
o_max,-3.047999685191528
o_max,-1.734227539083618
o_max,1.930358866793335
o_max,-2.617027451240112
o_max,-9.108275862816352
o_max,-6.888577845672928
o_max,-5.739503142672928
o_max,-0.7950561872401125
o_max,-3.154499258240112
o_max,-4.899558643088867
o_max,-2.478147244189636
o_max,-2.606003254206665
o_max,-4.119240324816353
o_max,-7.064100358206664
o_max,-7.191918362189636
o_max,-0.4884413273503418
o_max,-6.919265064816353
o_max,-5.455012377191529
o_max,-10.73600989281635
o_max,3.001526732929382
o_max,9.137106673911134
o_max,-7.654072467816353
o_max,-1.239252539189636
o_max,-7.595960811588744
o_max,-3.012105932206665
o_max,-2.730725057191528
o_max,-6.068796030240112
o_max,-1.534595275816353
o_max,-3.756636190431396
o_max,-3.946855881240112
o_max,-7.302787813431396
o_max,-2.064887425431396
o_max,-6.851519071240112
o_max,1.675052475183647
o_max,-3.268902705816353
o_max,1.085822704759888
o_max,-8.129781156350342
o_max,0.5518472508084717
o_max,-0.9365300221915284
o_max,-7.115304931816353
o_max,-0.3592434288163528
o_max,5.33037328248523
o_max,-3.079053800704345
o_max,-0.7290670832066652
o_max,-4.805649017816353
o_max,-1.180730544191528
o_max,2.534042392306641
o_max,6.299086846654053
o_max,-12.6356435944585
o_max,12.33491612575928
o_max,8.827285875751954
o_max,2.370608329831421
o_max,2.417704544794923
o_max,-3.198979742621826
o_max,-0.8855969414584957
o_max,8.863398546654052
o_max,-4.21895475020459
o_max,8.742114696654053
o_max,-8.55983520676892
o_max,0.7688542620705565
o_max,5.704550273911133
o_max,7.500782057090424
o_max,-3.123925587059082
o_max,2.177274613864746
o_max,-15.82756616101562
o_max,16.04642567580566
o_max,1.708910517940918
o_max,0.8835482825214844
o_max,-12.70513827635547
o_max,18.66551532248291
o_max,11.53138022849976
o_max,14.48914234142334
o_max,10.11004388548523
o_max,6.270735912541504
o_max,16.94862985483399
o_max,9.818582890993651
o_max,-3.454448158533447
o_max,4.835794941868652
o_max,9.840219102795407
o_max,-0.8044512060888671
o_max,-11.75605852871098
o_max,9.81232661548523
o_max,-9.07997149951477
o_max,9.21069129464746
o_max,4.405640366964843
o_max,11.07071104064453
o_max,6.949592726911133
o_max,7.883259171802246
o_max,1.511778689654053
o_max,-1.16417242491748
o_max,9.988498620762208
o_max,9.617412690393554
o_max,2.129399157541505
o_max,-4.701265056728516
o_max,12.46321492324512
o_max,9.580090117647462
o_max,10.17098092440332
o_max,8.225659846802246
o_max,2.03205876279541
o_max,2.595118213828613
o_max,13.90925463740332
o_max,11.46589430049561
o_max,2.122967501378174
o_max,2.042972748652344
o_max,9.888784614964845
o_max,5.954271045779052
o_max,2.30389771518457
o_max,5.010081665839356
o_max,2.246520076262208
o_max,-3.899735056783691
o_max,9.572981588355653
o_max,11.36559497477905
o_max,5.008938071032104
o_max,1.47143217755127
o_max,0.2013458725415038
o_max,2.779445656654053
o_max,5.656228133864747
o_max,-1.62016180520459
o_max,6.676470681940918
o_max,-6.487066617737793
o_max,2.050504016940918
o_max,12.27541808279541
o_max,-0.571350237861572
o_max,7.22529524279541
o_max,1.997042405654053
o_max,6.21766645848523
o_max,12.84669230548523
o_max,2.507340511940918
o_max,-4.087440876345947
o_max,7.07153932948523
o_max,2.963503593485229
o_max,3.63140462536084
o_max,8.989673653868163
o_max,4.266966640644531
o_max,11.88055538083936
o_max,3.115254747766602
o_max,8.234372638305665
o_max,14.42381490490845
o_max,-6.997532541132813
o_max,5.590371073299316
o_max,3.724607981601075
o_max,-0.95408013763916
o_max,4.455421831393066
o_max,11.53235707279541
o_max,10.48185369836084
o_max,3.628663906515137
o_max,5.99509315836084
o_max,5.308842785483398
o_max,5.784939306360839
o_max,11.33485646733057
o_max,7.63383775436084
o_max,6.752636348330566
o_max,-1.435198107240723
o_max,7.355742970515137
o_max,-9.938251040131837
o_max,6.361353950868164
o_max,4.425496242299316
o_max,5.203226815515137
o_max,9.433777369299316
o_max,7.705988636330567
o_max,3.362782851378174
o_max,13.90369040968872
o_max,9.771528321449583
o_max,-5.998542959089599
o_max,3.739476381320435
o_max,-5.202728672023682
o_max,-4.123335206023682
o_max,-0.9387582989130864
o_max,-2.1265797130896
o_max,-1.7523881330896
o_max,14.39809731032043
o_max,3.4548257339104
o_max,-2.8802945860896
o_max,4.914723544320434
o_max,1.146978954254517
o_max,0.3769677409104002
o_max,5.670576440179444
o_max,11.37007396323181
o_max,3.064023960571289
o_max,11.17057812186523
o_max,4.059927567641601
o_max,9.8745909876416
o_max,2.796924188014282
o_max,6.899872295419312
o_max,8.384057491865235
o_max,10.08384250265015
o_max,2.853566450209701
o_max,-13.11212681372571
o_max,-6.303274835929443
o_max,3.073936728797607
o_max,-4.513577209745361
o_max,-0.3764412197257081
o_max,1.947566685453918
o_max,2.263732662433167
o_max,4.555535935914703
o_max,2.058961943371094
o_max,-3.792778503745361
o_max,-1.612131435199585
o_max,12.69405783064453
o_max,-3.2679389559729
o_max,11.22983275651489
o_max,6.180161054027099
o_max,-2.981359285431885
o_max,-10.45818207462476
o_max,-7.540745298628906
o_max,-6.595111529431152
o_max,3.504399560644531
o_max,6.734129242082519
o_max,5.669295211485229
o_max,-1.29373012385791
o_max,2.82282538748523
o_max,-4.238919088638184
o_max,-1.551158626458496
o_max,11.47752891064453
o_max,6.103086451759278
o_max,-0.9602773089882816
o_max,-1.191205897522461
o_max,8.083322132541504
o_max,1.496772420759277
o_max,-9.968505319618034
o_max,1.669587672654052
o_max,11.32579120761475
o_max,-7.657626235240722
o_max,7.21078958230664
o_max,0.2160810658505858
o_max,14.51410668665405
o_max,6.263541201378175
o_max,0.2968012671420899
o_max,13.10483155137817
o_max,2.547815265940918
o_max,7.144208595759277
o_max,4.733945092541504
o_max,-1.688567717458496
o_max,-0.9586941092045898
o_max,-2.009193693268738
o_max,-4.430180770638184
o_max,-3.369969476345948
o_max,5.795409133911132
o_max,-0.0424057844584959
o_max,12.69153874761596
o_max,12.40951539839722
o_max,-8.996817758308655
o_max,11.04649841331299
o_max,4.956490539097167
o_max,7.456171553631592
o_max,5.242555093341064
o_max,-5.5041084900896
o_max,3.644295260910401
o_max,10.3217019169104
o_max,6.198854720910401
o_max,-5.274428654023682
o_max,-2.706791444023682
o_max,-4.0855605360896
o_max,-2.865261297089599
o_max,-8.8725203070896
o_max,0.4930231079104006
o_max,3.704271790644532
o_max,-5.285655499023681
o_max,4.2166839559104
o_max,9.457035760254517
o_max,2.294682628320435
o_max,16.69748681025452
o_max,-5.6717541340896
o_max,-1.557765508695069
o_max,14.2330298122583
o_max,3.594340355615968
o_max,3.001161760792481
o_max,0.7343788882625732
o_max,4.894464257615967
o_max,4.17169769161499
o_max,-1.592569854933655
o_max,-2.442059229355468
o_max,0.8165892476149903
o_max,2.603854336014038
o_max,6.35711511861499
o_max,7.397033710014037
o_max,-0.8949896161709595
o_max,1.10640678961499
o_max,4.896582821706116
o_max,2.7563764413396
o_max,-1.315279164293884
o_max,5.677578815614991
o_max,2.64142886279541
o_max,-0.6142655023850097
o_max,-3.78148065538501
o_max,-0.4056723413850096
o_max,7.70751399161499
o_max,2.05884404461499
o_max,1.58827243061499
o_max,-1.054350686801452
o_max,-6.34726784438501
o_max,3.29156853061499
o_max,6.344131886070556
o_max,-1.25145167117096
o_max,3.655201277614991
o_max,2.103843715198547
o_max,1.343174798008057
o_max,3.008843158788818
o_max,4.84502870761499
o_max,-6.49410489138501
o_max,-3.36579648538501
o_max,3.819911356706116
o_max,-0.6617789238014526
o_max,-7.046826922160644
o_max,2.574515035541504
o_max,-0.6937231426604005
o_max,9.19485950161499
o_max,3.711644577008057
o_max,5.358220183014039
o_max,1.68591693861499
o_max,-2.877942535801453
o_max,-3.6555411636604
o_max,5.670132914614991
o_max,-2.86092271638501
o_max,3.718270294014038
o_max,-12.32316966028725
o_max,-0.5488542373850098
o_max,2.674944387076965
o_max,2.281456235014038
o_max,3.82908381861499
o_max,-0.7549817083850097
o_max,0.4614793506149901
o_max,-7.562516882293885
o_max,5.01629319561499
o_max,5.4104482413396
o_max,4.654534216646301
o_max,6.516731559361572
o_max,4.241670617874329
o_max,5.053886186178924
o_max,-1.363928712125671
o_max,-3.988246227732361
o_max,4.697213542718166
o_max,5.652287039874329
o_max,5.645388735874328
o_max,6.783141268874329
o_max,8.538211333874328
o_max,-1.930725591149414
o_max,1.281090966017761
o_max,9.362806279874327
o_max,6.201452136168802
o_max,4.028367549178924
o_max,7.644502615267639
o_max,6.286704200178924
o_max,5.414228168178925
o_max,2.500449672874328
o_max,5.40659875892334
o_max,4.624639658168802
o_max,-6.191884976458496
o_max,-1.869721363570526
o_max,6.259958589874328
o_max,5.120030585874328
o_max,-1.259773166353699
o_max,11.54224377087433
o_max,0.9671723356687316
o_max,5.59243172661499
o_max,4.8309321243396
o_max,-2.522131477710976
o_max,9.94372465208252
o_max,0.3587994832890243
o_max,-8.274920667710976
o_max,-15.81119539871098
o_max,-4.013674410710976
o_max,5.982157474806153
o_max,-23.58244076871097
o_max,19.59082923218505
o_max,-11.23700747871098
o_max,2.305912537541504
o_max,-8.414757525710975
o_max,-5.804929343710976
o_max,-3.463005860929443
o_max,-10.17814311871098
o_max,-3.288423002710976
o_max,-6.579507073710976
o_max,-4.986365565710976
o_max,-0.7523385527109756
o_max,14.36048645518066
o_max,7.840247727615967
o_max,10.01099437518066
o_max,-8.057744892710975
o_max,-2.373482050710976
o_max,-1.178011462710976
o_max,-12.83096949871098
o_max,-7.443635619710975
o_max,-17.40760948871097
o_max,4.985371970870362
o_max,7.14849796064453
o_max,3.876813238289024
o_max,-0.9174231857109756
o_max,-12.47699515871098
o_max,-6.331655085710976
o_max,-3.321140752710976
o_max,9.043959804833984
o_max,-15.84736636871098
o_max,-0.8433240657109756
o_max,-2.35820987685791
o_max,-3.644355408710976
o_max,-7.154498637710976
o_max,-3.874364651710976
o_max,-1.537239518710976
o_max,-1.521557068710976
o_max,-13.79067878871098
o_max,-11.92663619871098
o_max,5.697182952541503
o_max,-9.486266665710977
o_max,2.026451261289024
o_max,-13.94786280871098
o_max,-7.847329580710975
o_max,-8.708142962710976
o_max,-21.65864652871097
o_max,-0.4914504027109756
o_max,5.732501016654053
o_max,-6.159367117710976
o_max,-14.13228866871098
o_max,13.31583011064453
o_max,-3.129923971710975
o_max,-2.995466309710975
o_max,-17.82512665871097
o_max,3.245495470289024
o_max,-3.680979231710976
o_max,4.887071310644531
o_max,-7.903973607710975
o_max,-9.040024899710977
o_max,-9.083364147710975
o_max,-3.523775644710976
o_max,-10.98874164871098
o_max,-0.084582693428711
o_max,-2.209586961710976
o_max,-15.91226231871098
o_max,-18.59907919871097
o_max,3.589099345289025
o_max,-5.429486807710975
o_max,-9.181066097710977
o_max,-22.45807142871098
o_max,-13.39589980871098
o_max,10.31074315575928
o_max,-12.72171641871098
o_max,8.892390633911134
o_max,-18.53502747871098
o_max,-12.75904929871098
o_max,-12.19392265871098
o_max,-9.223156481710976
o_max,-18.96525390516602
o_max,-7.160715347710975
o_max,-8.829924650710975
o_max,2.166401672795411
o_max,-2.045347636710976
o_max,-8.307415853710976
o_max,-4.340234642710976
o_max,-15.97182218871098
o_max,-3.430647522710976
o_max,-1.999852666710976
o_max,-20.46123140871098
o_max,-2.238618778612305
o_max,-4.63300092491748
o_max,2.566100512940918
o_max,-7.409661385710976
o_max,15.59490838386474
o_max,19.61793345218506
o_max,12.90152785218506
o_max,-6.792004585710975
o_max,2.120150373289024
o_max,-10.46744197871098
o_max,11.58822779548523
o_max,-6.314545221710976
o_max,2.993739837289024
o_max,0.0892945522287598
o_max,-3.007788205710975
o_max,-7.876894508710976
o_max,2.958963093217774
o_max,8.794668024712752
o_max,-4.915360152710976
o_max,-10.81990167871098
o_max,-1.571898992710976
o_max,4.241698824289024
o_max,4.276102649289024
o_max,-6.128125212710976
o_max,-14.56425427871098
o_max,2.690989550289024
o_max,11.42736519548523
o_max,-7.973151625710976
o_max,-7.728777269710975
o_max,-2.994764505710976
o_max,-3.691711469710976
o_max,-4.050913028710976
o_max,-5.212010367710976
o_max,-4.683021286710976
o_max,-13.62386748871098
o_max,-15.37012395871098
o_max,-2.283191651710976
o_max,-4.129154146710976
o_max,-11.38593763871098
o_max,5.669096937433594
o_max,1.330446225207977
o_max,-8.533645367710976
o_max,-11.65285273871098
o_max,-4.816433766710976
o_max,-14.74841597871098
o_max,15.61347619999756
o_max,18.08610119840576
o_max,-10.26321746871098
o_max,-9.692096386710976
o_max,-21.23734856871097
o_max,-11.57354224871098
o_max,-13.78657313871098
o_max,-17.35993341871098
o_max,-8.007207029710976
o_max,15.74934035061768
o_max,-4.479599105710975
o_max,-7.041569029710976
o_max,-22.88262098871097
o_max,-14.17696234871098
o_max,-21.85532807871098
o_max,-7.108950443710976
o_max,8.62352438446533
o_max,-14.93222990871098
o_max,-17.55148241871098
o_max,-6.923855577710976
o_max,11.68204616936157
o_max,5.225074033217773
o_max,-0.1313965506381835
o_max,5.454152356368407
o_max,11.60451129812378
o_max,2.237969420058227
o_max,11.09425002208252
o_max,3.786588756514648
o_max,4.761617546393555
o_max,0.5910020131347657
o_max,1.793765334617188
o_max,-4.463428507618034
o_max,5.780708245673157
o_max,3.668325537467947
o_max,0.5201348436375732
o_max,2.204475016054077
o_max,1.896496932467947
o_max,-2.244882434578689
o_max,0.5249523346437378
o_max,4.741475726070556
o_max,1.275093373641601
o_max,-0.6785320839854734
o_max,4.714133996817749
o_max,5.110118055817749
o_max,-15.8615680884314
o_max,3.040514583945923
o_max,-3.96671277143866
o_max,3.54533174585437
o_max,-11.42640846543579
o_max,-5.801027517261291
o_max,5.546145116254395
o_max,-11.24582074830981
o_max,3.369350693287964
o_max,0.5127587701412355
o_max,1.978953290890991
o_max,0.1192654358909912
o_max,-12.88628456418701
o_max,-0.6611042664386597
o_max,1.121337799945923
o_max,-0.597701850699585
o_max,2.491686900151672
o_max,3.921335747086914
o_max,-6.166479274917115
o_max,1.620218406141236
o_max,1.121094995285278
o_max,-3.512376312593537
o_max,1.683515924935181
o_max,1.353579378300415
o_max,-5.609340587596619
o_max,-6.111323546980545
o_max,1.523035806955627
o_max,1.989837393272034
o_max,4.657929284465332
o_max,1.993297086285278
o_max,3.223355283945923
o_max,2.387367879141236
o_max,1.198963312141236
o_max,5.936293076285278
o_max,2.289073471285278
o_max,-5.656467549619385
o_max,-8.697889533171143
o_max,1.059590898285278
o_max,-6.850434313858154
o_max,0.1668372292852784
o_max,3.585205237285279
o_max,-0.1544095450540772
o_max,17.8994994376947
o_max,1.137393812694702
o_max,-1.441425357044372
o_max,-1.567953623537354
o_max,1.334516839955628
o_max,7.306144232795409
o_max,0.2319099362916259
o_max,-7.080424390251465
o_max,-1.565050242044373
o_max,-8.722857696171143
o_max,-6.954273559708375
o_max,-12.71390451273254
o_max,-5.281827085858154
o_max,-4.763692632858154
o_max,-5.753316041858154
o_max,-3.293423636858154
o_max,5.183340050598633
o_max,-6.164459366858154
o_max,-5.137394574858154
o_max,-11.99417141805298
o_max,-3.920024799858155
o_max,-4.104919445634522
o_max,-6.932129589221924
o_max,-4.542545309184204
o_max,-0.8922993658581544
o_max,-3.771874615858154
o_max,-6.785419962858154
o_max,4.816840638081056
o_max,2.122206082175537
o_max,-2.552071205858154
o_max,-4.921568170221924
o_max,-4.294709028537354
o_max,-12.8746459484314
o_max,-13.93379797467293
o_max,-13.70366343049194
o_max,-6.043728739572265
o_max,-10.46036049893219
o_max,-2.16820808106482
o_max,4.311122409325378
o_max,-2.939206093858155
o_max,-1.576471349744019
o_max,-1.278719462089111
o_max,-0.5685115529689941
o_max,-2.103095171629151
o_max,-3.828559796882568
o_max,-2.707683711858154
o_max,-11.42397453423962
o_max,2.39790613714209
o_max,-5.020219611858154
o_max,-5.159221390619384
o_max,2.700915470291626
o_max,0.6794644824626461
o_max,-6.364730610858154
o_max,-8.369007107858154
o_max,-4.888570038473144
o_max,-3.861727611537353
o_max,1.339068137100219
o_max,-10.39399388070435
o_max,8.697285698848145
o_max,6.602830503911132
o_max,0.7251036445148924
o_max,-3.217622516803894
o_max,0.5503414587416993
o_max,-1.106548303346314
o_max,-5.344271650213868
o_max,-2.360981605708374
o_max,-3.466871128213868
o_max,-1.437738768968994
o_max,-4.920922326213868
o_max,-0.4875270907712403
o_max,-2.859616315095093
o_max,0.1235534861002198
o_max,-2.381488438968994
o_max,-2.278841707213868
o_max,2.943761552541504
o_max,2.26148954114209
o_max,1.646119212477539
o_max,0.9236111670825196
o_max,1.709041930940918
o_max,1.076438368231323
o_max,10.75582733208252
o_max,0.1156128672080081
o_max,0.6487204098181154
o_max,2.664100159627197
o_max,0.866821218208496
o_max,-2.223563546627197
o_max,-0.1402275403685302
o_max,-4.304824524748748
o_max,-1.993821675050293
o_max,-2.592633935049804
o_max,1.800401530506226
o_max,4.487729558436524
o_max,-1.411277915168335
o_max,-8.02292956568977
o_max,-2.17347768722934
o_max,-13.31504363310379
o_max,-0.8282315212293396
o_max,-4.911456663229339
o_max,-5.956142551229339
o_max,-9.007691394194673
o_max,0.0248091501420897
o_max,-1.997841885971436
o_max,5.293810231896209
o_max,-11.30555685421936
o_max,-10.30098107689661
o_max,-6.615248742768677
o_max,-14.22284285022934
o_max,-8.81261459310379
o_max,-21.81510150022934
o_max,-1.111938441896611
o_max,-11.38117696792389
o_max,4.505757930306641
o_max,3.244197983615967
o_max,-4.94954902222934
o_max,-26.30682480697143
o_max,-23.13546700310379
o_max,-27.03418218792389
o_max,-24.79760625697143
o_max,-7.094866300768677
o_max,-0.6617430837686769
o_max,6.568141354231324
o_max,-12.03238984697144
o_max,1.271478949076111
o_max,7.702385421940917
o_max,-16.04748108022934
o_max,-16.12834016792389
o_max,-24.59701188022934
o_max,-13.89837741229187
o_max,-13.97128877697144
o_max,0.2331339417608644
o_max,-41.55380656697144
o_max,-12.93947165792389
o_max,-2.37685931999524
o_max,-5.310143802923889
o_max,0.6520706101420899
o_max,-22.31433268697144
o_max,-1.849938100923889
o_max,-20.15514957792389
o_max,-17.46144358310379
o_max,-8.14954971992389
o_max,-24.45117537022934
o_max,-14.27182797719467
o_max,-4.305544598768677
o_max,-14.22713668629242
o_max,2.108526446231324
o_max,-25.22915492719467
o_max,-12.26429093976868
o_max,-21.96596642229187
o_max,-7.26083630289661
o_max,10.46490441023132
o_max,-15.90314493629242
o_max,4.660333954231323
o_max,-4.252692097292419
o_max,6.474589665707581
o_max,-20.86954918976868
o_max,-1.622454939194672
o_max,-25.77384684022934
o_max,-22.29514716022934
o_max,-13.81879470022934
o_max,1.082291584370728
o_max,-6.912498919450195
o_max,-8.463039928789795
o_max,-9.397691918789794
o_max,-9.283047724789796
o_max,4.96597928714209
o_max,-7.368732795789795
o_max,-5.394818794789795
o_max,-8.222035166789794
o_max,-8.955296726791504
o_max,-8.701082384450196
o_max,-4.159380536789795
o_max,-8.438253429450196
o_max,-5.477654679789795
o_max,-6.819039834789795
o_max,-6.541121087789795
o_max,3.242873280825195
o_max,-6.244469078789795
o_max,-5.160259156789795
o_max,-5.461719459789795
o_max,-3.615819105789795
o_max,-0.261508731789795
o_max,-5.183757198789795
o_max,-6.842081778789795
o_max,-6.663145966789795
o_max,-12.18188788810059
o_max,-9.038540652791504
o_max,5.268587755485229
o_max,-8.079117189789795
o_max,-5.476581118789795
o_max,-9.478099334789794
o_max,-4.566518429789795
o_max,-6.764865503789795
o_max,-6.701795752789795
o_max,-6.489793939789795
o_max,-5.562939200789795
o_max,-6.298485321789795
o_max,4.707998567485229
o_max,-4.192932833789795
o_max,-11.64525310710059
o_max,-3.955857665789795
o_max,-5.727269533789795
o_max,-4.484341407789795
o_max,-9.773487170100587
o_max,-2.561249573791504
o_max,-8.096382463789794
o_max,-8.866320708789795
o_max,-6.540823633789795
o_max,6.395489421378175
o_max,-9.037542480789796
o_max,-4.046802354789795
o_max,-9.232155584791505
o_max,1.682489487210205
o_max,-5.280219080789795
o_max,-10.8367057514502
o_max,-6.457731011789795
o_max,-5.662255183789795
o_max,-1.593724350789795
o_max,-5.052920943789795
o_max,-1.424761887693359
o_max,4.151492181378174
o_max,-9.010822367789794
o_max,-9.626892301450194
o_max,-5.274696212789795
o_max,-0.7829374887897949
o_max,-6.096574471789795
o_max,-8.095628690789795
o_max,-6.148894451789795
o_max,-7.006294309789795
o_max,5.784064024210204
o_max,-6.966154041789795
o_max,13.03461647057129
o_max,-5.813324001789795
o_max,-3.795613918789795
o_max,-9.415911368791503
o_max,-9.520939905791504
o_max,-9.694355180450197
o_max,-7.440784988789795
o_max,-10.1123664824502
o_max,-9.325558555789796
o_max,-6.261389917789795
o_max,14.81798664061768
o_max,-6.851596743789795
o_max,-4.344327918789794
o_max,-10.45978380610058
o_max,-8.764693473789794
o_max,-9.238330667450196
o_max,-5.892776805789795
o_max,-7.781969751789795
o_max,-10.09595314110059
o_max,-9.940840075791504
o_max,-1.773259883789795
o_max,-3.574910243287247
o_max,-6.449670607450195
o_max,-6.655855532789795
o_max,-9.344196140789794
o_max,-5.477152129789795
o_max,-7.410570944789795
o_max,-1.479993459789795
o_max,-6.992001207789795
o_max,-4.245974839789795
o_max,-3.510999629789795
o_max,3.699341533615966
o_max,-6.610119555789795
o_max,-4.735175134789795
o_max,-3.737230593789795
o_max,0.426177309210205
o_max,-5.504280746789795
o_max,-7.047074351789795
o_max,-6.998570528789795
o_max,-5.959296771791504
o_max,-4.416057251789795
o_max,7.994625232541503
o_max,-8.228589492450196
o_max,-6.361956365789795
o_max,-7.220635060789795
o_max,-10.1471131007915
o_max,-7.770852253789795
o_max,-3.219499375789795
o_max,-6.363259542789795
o_max,-6.611438317789795
o_max,-9.369751744789797
o_max,13.40348016626221
o_max,0.3245285292102053
o_max,7.953057604210205
o_max,-5.919183273789795
o_max,7.345927354210206
o_max,-3.350939211789795
o_max,-5.913962612789795
o_max,-6.747510146789795
o_max,-7.703940738789795
o_max,-4.412136358789795
o_max,-0.0363881977897948
o_max,0.5303827820705562
o_max,-10.2604760177915
o_max,-3.870744241789795
o_max,-0.986975149789795
o_max,-8.136288652789794
o_max,-6.539148987789795
o_max,-7.822754140789795
o_max,-8.064815555789796
o_max,-4.925079014789794
o_max,-4.873183001789795
o_max,-6.938148735789795
o_max,6.568701268228759
o_max,-4.646116381789796
o_max,-7.646078973789795
o_max,-9.855453689791505
o_max,-5.529942037789795
o_max,-6.882217938789795
o_max,-8.682968732450195
o_max,-5.052557611789795
o_max,-4.954820098789795
o_max,-7.105701168789795
o_max,-8.108724215789795
o_max,4.613916104654052
o_max,-10.1958852597898
o_max,-7.054026482789795
o_max,-8.628605070789796
o_max,-6.747219589789795
o_max,-6.809848840789795
o_max,-8.117018227450195
o_max,-8.629795072450195
o_max,-6.526099538789795
o_max,-4.979780977789795
o_max,-8.750196351789794
o_max,3.695496913608398
o_max,-2.668227862276733
o_max,-4.575623149789795
o_max,-9.994457718100586
o_max,-8.326737518789795
o_max,-2.613247514789795
o_max,-5.599936718789795
o_max,-6.911739686789795
o_max,-8.051932442789795
o_max,-5.385188467789795
o_max,-8.093540978789795
o_max,-3.452576763789795
o_max,6.928888325485229
o_max,-8.271866255789796
o_max,-8.320742715791503
o_max,-7.474489544789795
o_max,-8.709511007789795
o_max,-3.194508155789795
o_max,-8.238523586789794
o_max,-10.7468274497915
o_max,-5.934735446789795
o_max,-7.123340816789795
o_max,-6.372578658789795
o_max,11.8539508425415
o_max,-9.717125302450196
o_max,-8.902373458450196
o_max,-8.625911049791505
o_max,-8.253000299789795
o_max,-3.782921525789795
o_max,-6.929722912789795
o_max,-5.046786527789795
o_max,-7.223757140789795
o_max,-4.570519858789795
o_max,-5.728064873789795
o_max,-8.532774978789796
o_max,-5.007212529450195
o_max,-8.790015105791504
o_max,-3.960128452789795
o_max,-7.236339847789795
o_max,-7.044774273789795
o_max,-10.26137317710059
o_max,-12.38066990310059
o_max,-5.225554784789795
o_max,-6.115541685789795
o_max,1.13133670379541
o_max,-6.753930252789795
o_max,-8.813853090791504
o_max,-9.861080095789797
o_max,-6.812921483789795
o_max,-8.986525031789796
o_max,-7.301615766789795
o_max,-7.567402757789795
o_max,-4.653441747789795
o_max,-8.159894137789795
o_max,-6.434095463789795
o_max,0.514983150086914
o_max,-7.041285148789795
o_max,-6.521869816789795
o_max,-7.362892134789795
o_max,-9.447045251100588
o_max,-7.549927358100586
o_max,-7.003130204789795
o_max,-1.361689356789795
o_max,7.326793740900879
o_max,-6.824878877789795
o_max,-9.028305095789795
o_max,-4.913178111789796
o_max,-9.230378227450196
o_max,-9.158302854450197
o_max,-7.032607706789795
o_max,-6.283253860789795
o_max,-13.04832053659033
o_max,-6.703677671789795
o_max,13.14421954137817
o_max,-2.510611970789795
o_max,-6.993723896789795
o_max,-11.83703568610059
o_max,-6.896985160789795
o_max,-4.755275229789795
o_max,-7.099271710789795
o_max,-2.352904481789796
o_max,-6.855293651789795
o_max,-5.066613442789794
o_max,-8.221599238789794
o_max,4.636132154465333
o_max,-7.527195100789795
o_max,-6.787406437789794
o_max,-7.540243372789795
o_max,-5.689301088789796
o_max,-8.637049150789794
o_max,-6.972344389789795
o_max,-4.889767852789795
o_max,-4.113577277789795
o_max,-4.697591518789794
o_max,-6.112454863789795
o_max,-0.6926325653840335
o_max,-5.635577661789795
o_max,-6.083456167789794
o_max,-6.237690153789795
o_max,-8.418587981789795
o_max,-2.569234747789795
o_max,-6.617981232789795
o_max,-9.861039202791504
o_max,10.3513744742102
o_max,-5.824431715789795
o_max,-9.832039549791505
o_max,-10.9169015044585
o_max,-6.320049982789795
o_max,-5.095511632789795
o_max,-11.98073630510058
o_max,-5.869355800789795
o_max,-7.462813050789795
o_max,-12.05155080659033
o_max,-5.133750643789795
o_max,-10.55169856259033
o_max,-7.724200297791504
o_max,-7.014718605689697
o_max,14.90235185446533
o_max,-6.857161776789795
o_max,-8.578788964789794
o_max,-8.868486628791505
o_max,-5.479324965789795
o_max,-8.635567223450195
o_max,-11.18136942110059
o_max,-9.252349029789794
o_max,-6.079391810789795
o_max,-6.090781031789795
o_max,2.373912389654053
o_max,-5.102748164789795
o_max,-10.5405283754502
o_max,-5.807868098789795
o_max,-5.319190331789795
o_max,-9.357090215789794
o_max,-5.047795898789795
o_max,-5.167875611789794
o_max,-5.663162983789795
o_max,-7.517930285789795
o_max,-5.215709553789795
o_max,9.163736903911133
o_max,-8.527528250789794
o_max,-8.109015080789796
o_max,-7.081225334789795
o_max,-8.992325066450196
o_max,-6.567854419789795
o_max,-6.466919142789795
o_max,-5.129781670789795
o_max,-8.340385247789795
o_max,-5.524598673789795
o_max,-4.914253704789795
o_max,4.853128936940918
o_max,-7.565427319789795
o_max,-5.321255771789796
o_max,-9.443113272450194
o_max,-3.406198893789795
o_max,-4.337699029789794
o_max,-3.103298573789795
o_max,-9.567572574791503
o_max,-7.484172850789795
o_max,-8.247000120789796
o_max,-7.257367378789794
o_max,12.38746776208252
o_max,-10.0051090627898
o_max,-5.218550761789794
o_max,-4.962650651789796
o_max,-6.644739269789795
o_max,-6.897891565789795
o_max,-3.641959974789795
o_max,-6.071629740789795
o_max,-3.276893644789795
o_max,6.221627984210205
o_max,-7.345128013789795
o_max,0.986702443940918
o_max,-6.691908855789795
o_max,-7.368167681789795
o_max,-7.566584175789795
o_max,-7.229361563100586
o_max,-8.235067756789794
o_max,-7.494197953450195
o_max,-4.011572856789795
o_max,-3.447883108789795
o_max,-3.343682949789795
o_max,-7.026197959789795
o_max,1.511561358378174
o_max,-5.110800355789795
o_max,-9.242554429789797
o_max,-2.980533247789795
o_max,-6.910605785789795
o_max,-9.253094447450197
o_max,-5.818052905789795
o_max,-8.356977227789795
o_max,-5.390549160789795
o_max,-5.099951841789795
o_max,3.998359333940918
o_max,-6.434698960789795
o_max,-8.708454122450195
o_max,9.269630694210203
o_max,-6.594256771789795
o_max,-8.201576166791504
o_max,-6.493364258789795
o_max,-5.550516404789795
o_max,-3.389439378789795
o_max,-10.7010229707915
o_max,-10.3583143134502
o_max,0.2223981306445317
o_max,-6.320746359789795
o_max,-6.752798246789795
o_max,-9.827051849450196
o_max,-5.876581226789795
o_max,-8.652481000789795
o_max,-8.278462420789795
o_max,-5.376844101789795
o_max,-6.552703300789795
o_max,-11.59610722100049
o_max,-6.569170396789795
o_max,14.52032725041138
o_max,-3.967765281789795
o_max,-6.861477795789795
o_max,-5.370515945789795
o_max,-6.631493751789795
o_max,-4.985371247789795
o_max,-6.280031114789795
o_max,4.561173724210205
o_max,-5.654140280789795
o_max,-1.173387229789795
o_max,-4.623264943789796
o_max,6.348101842082519
o_max,-6.178524523789795
o_max,-5.765153902789795
o_max,-8.433863757450196
o_max,-15.65714122044861
o_max,-4.997896623789795
o_max,-6.251751467789795
o_max,-6.764464603789795
o_max,-1.726366671789795
o_max,-6.815610310789795
o_max,-6.694144397789795
o_max,2.078996335759277
o_max,-7.072795939789795
o_max,-7.077388881789795
o_max,-6.801015866789795
o_max,-3.813747406789795
o_max,-11.3890033134502
o_max,-1.096242048789795
o_max,10.64873071689942
o_max,-5.080709107789796
o_max,-12.1602707667915
o_max,-12.65397457510059
o_max,10.71266829064453
o_max,-4.149886469789795
o_max,-5.901947920789794
o_max,-13.20350621510058
o_max,-3.840545754789794
o_max,-9.823023119791504
o_max,-6.779943450789795
o_max,-5.877820906789795
o_max,-9.440441328791504
o_max,7.330487234210205
o_max,-7.134959150789795
o_max,12.80744087057129
o_max,-7.650408576789795
o_max,-4.767638029789795
o_max,-6.162268443789795
o_max,-0.1835544827897948
o_max,-6.206643891789795
o_max,-10.0203865227915
o_max,-14.78235880659033
o_max,-5.588967024789795
o_max,-3.298327763789795
o_max,-7.971547904789795
o_max,-2.058260215355468
o_max,-5.505885771789795
o_max,-7.141076637789795
o_max,-8.538950969789795
o_max,-6.370763777789795
o_max,-4.402241095789795
o_max,-4.238217251789795
o_max,-6.903865526789795
o_max,-7.846743505789795
o_max,-8.024935062789794
o_max,-9.769774169789796
o_max,15.14610544090088
o_max,-10.36636396745019
o_max,-6.522446697789795
o_max,-8.257749618789795
o_max,-7.829275945100585
o_max,-8.799703710450196
o_max,-7.031368052789795
o_max,-6.255996183789795
o_max,-0.6089551017897952
o_max,-5.914534731789795
o_max,-4.394701883240723
o_max,-3.484913870789795
o_max,-8.297802751450195
o_max,-8.284693800789794
o_max,-8.006208221789795
o_max,-5.075249106789795
o_max,-2.143655825789794
o_max,-6.142430033789795
o_max,-4.268298144789795
o_max,-2.698630460240723
o_max,-8.776301332789796
o_max,-5.799968117789795
o_max,-7.942956926789795
o_max,-5.252071824789795
o_max,-6.548175568789794
o_max,-7.033610965789795
o_max,-3.672891695789795
o_max,-1.324207873789795
o_max,-5.660904268789795
o_max,-5.340709558789795
o_max,12.59612925064453
o_max,-6.824718370789795
o_max,-6.044561617789795
o_max,-6.866739668789795
o_max,-6.096352975789795
o_max,-5.028063713789795
o_max,-5.496684584450195
o_max,-6.361565050789795
o_max,-13.59944451559033
o_max,-4.819045464789795
o_max,-2.313255229789795
o_max,8.35886413123108
o_max,11.4165118508252
o_max,-5.944761699450195
o_max,-13.56491848710059
o_max,-5.715243144789795
o_max,-4.374247944789795
o_max,-5.540539351789795
o_max,-7.093499853789795
o_max,-5.990098682789795
o_max,-7.073119486789795
o_max,-5.235419984789795
o_max,-2.273519562789795
o_max,10.40203596057129
o_max,-6.043555357789795
o_max,-4.465983395789795
o_max,-5.638355794789795
o_max,-6.665177682789795
o_max,-4.074017272789795
o_max,-4.904115095789795
o_max,6.548006854210206
o_max,-7.326846843789795
o_max,-0.603179915789795
o_max,-1.532734949789795
o_max,9.883989346262208
o_max,-4.165755642789796
o_max,-5.057471412789795
o_max,-7.333433883789794
o_max,10.0990360242102
o_max,-5.385792521789795
o_max,-2.271023236789796
o_max,-8.639361024450196
o_max,-3.652685811789795
o_max,6.989542014210205
o_max,-4.328412430789795
o_max,4.311931522541505
o_max,-4.692084897789795
o_max,-6.195897761789795
o_max,-10.65009692278979
o_max,-4.470300752789795
o_max,-5.749094382789795
o_max,-6.660108353789795
o_max,-6.631376380789795
o_max,-9.166163634789797
o_max,-6.593485504789795
o_max,-7.096412516789795
o_max,16.46705891733154
o_max,-8.538035209789795
o_max,-3.047943882789795
o_max,-5.092571797789795
o_max,-3.450981262450195
o_max,1.825611970210206
o_max,-10.5847413314502
o_max,-6.466698855450195
o_max,-4.826456215789795
o_max,-7.140638892789795
o_max,-6.726957951789795
o_max,-8.82989909491748
o_max,6.462481084210205
o_max,-12.00993048510059
o_max,-6.168737952789795
o_max,-7.084819522789795
o_max,-1.296169695789795
o_max,-3.666692674789795
o_max,-6.070586853789795
o_max,-6.345114700789795
o_max,-3.736200192789795
o_max,-2.978236484789795
o_max,-3.737675918789794
o_max,-7.046935235789795
o_max,-8.611694311789794
o_max,-6.107447594789795
o_max,-4.997879927789795
o_max,-7.658611308789795
o_max,-6.391244131789795
o_max,-5.070694561789795
o_max,-7.110878274789795
o_max,-11.9292771647898
o_max,12.68662610321777
o_max,-9.072198196789795
o_max,17.5012526442102
o_max,-4.452111759789795
o_max,-8.544875694789795
o_max,-8.830410483789795
o_max,-1.651640053789795
o_max,-5.245438042789795
o_max,-4.136457167789795
o_max,1.164615365082519
o_max,-6.875438735789795
o_max,-5.568794837789795
o_max,-4.521931720789794
o_max,-8.628494518450195
o_max,-3.975477708789795
o_max,6.046656434210204
o_max,-7.344370567789795
o_max,-10.4209301867898
o_max,16.27351823300537
o_max,-7.800201280789794
o_max,-5.051077609789795
o_max,-7.490947898789795
o_max,-4.230981798789795
o_max,-3.954239955789794
o_max,-4.337356779789795
o_max,-6.260276980789795
o_max,-5.245992105789795
o_max,-2.348143514789795
o_max,-6.231830472789795
o_max,-0.6280338562333982
o_max,7.631090771378174
o_max,-6.796134785789795
o_max,-6.960370110789795
o_max,-8.272440596450195
o_max,-10.37525475410058
o_max,-6.424773668789795
o_max,-5.258431092789795
o_max,-4.184187376789796
o_max,-8.571039332791504
o_max,-6.859068742789795
o_max,14.55471454208252
o_max,-8.881156186789795
o_max,-4.410820487789795
o_max,-6.484459775789795
o_max,-8.176194179789794
o_max,-6.659562257789795
o_max,-5.806296866789795
o_max,-6.048998965789795
o_max,1.050411429210206
o_max,2.385333081014526
o_max,-6.175429596789795
o_max,-8.596435849791504
o_max,-7.522860093789795
o_max,-9.218932639450196
o_max,-8.010844342789795
o_max,-11.1664629257915
o_max,-5.447846246789795
o_max,-2.321039572789795
o_max,-5.866783728789795
o_max,-9.645722512791504
o_max,3.97055601514209
o_max,-4.332563461789794
o_max,0.8858340032102054
o_max,4.053016624210205
o_max,-7.183597814789795
o_max,-3.937798373450195
o_max,-3.754008635789795
o_max,-8.990961184789795
o_max,-7.213213018789795
o_max,-6.257479607789795
o_max,-7.037223888789795
o_max,-8.421218974789795
o_max,-6.816269931789795
o_max,-12.18060832710059
o_max,-7.829582644789795
o_max,-10.08981921010059
o_max,32.88538064421021
o_max,-8.196118254789795
o_max,-4.916060548789795
o_max,-4.721106640789795
o_max,-5.621887716789795
o_max,10.70590041575928
o_max,-6.469820826789795
o_max,-6.192744812789795
o_max,-5.090353916789795
o_max,-2.942952504789795
o_max,-6.304379552789795
o_max,-3.313548378789795
o_max,-4.586150466789794
o_max,-7.416574512789795
o_max,-9.848860370450195
o_max,-5.296478437789795
o_max,7.901974394470215
o_max,3.210660404210206
o_max,-9.353092363791504
o_max,-8.325602446789794
o_max,-7.076373344789795
o_max,-4.832418309789794
o_max,-6.145557199789795
o_max,-9.457097421791504
o_max,-6.495616731789795
o_max,-8.934049818789795
o_max,1.20469765214209
o_max,-5.441595022789794
o_max,-10.4075833264502
o_max,-5.235670383789795
o_max,-4.230067273789794
o_max,-1.148473565789795
o_max,-5.732563045789795
o_max,-6.142056334789795
o_max,-4.591760412789795
o_max,-10.22535786710059
o_max,-5.910163496789795
o_max,-5.090914127927612
o_max,-7.804791262791504
o_max,-6.568246670689697
o_max,-9.235535232789797
o_max,-3.673940637789794
o_max,-6.581281104590332
o_max,-5.675394675789795
o_max,-8.630448566789795
o_max,-4.815607094789796
o_max,-6.049967098789795
o_max,3.819158242250976
o_max,-3.846618048789794
o_max,-4.551313014789795
o_max,-7.753497912789795
o_max,-6.765701250789795
o_max,-7.088863477789795
o_max,-8.000013074789795
o_max,-2.322301468789795
o_max,-5.860775618789795
o_max,-2.387906172789795
o_max,6.467125648579102
o_max,-5.945389966789795
o_max,-11.00293177810058
o_max,-7.323269745789795
o_max,-6.395334125789795
o_max,-10.97598856210059
o_max,-0.353120199789795
o_max,-5.826867873789795
o_max,-4.477808740789795
o_max,-5.380743085789795
o_max,16.32440863961133
o_max,-5.703652761789795
o_max,-5.370913833789794
o_max,-7.770941988789795
o_max,-7.557618615791504
o_max,-6.981590707789795
o_max,-9.544248327691406
o_max,-9.549226369789794
o_max,-4.742311527789795
o_max,-6.205713192789795
o_max,-2.923335332789794
o_max,8.589593380703613
o_max,-6.642763142789795
o_max,-4.170897126789795
o_max,9.427265594210205
o_max,-3.752154861789795
o_max,-5.309705107789795
o_max,-8.181880440689698
o_max,-7.239630202789795
o_max,-5.505253042789795
o_max,-4.993275207789795
o_max,-4.085249695789795
o_max,10.60663321856836
o_max,-0.8333081277897953
o_max,-4.434763406789795
o_max,-7.057017321789795
o_max,-3.425738218789795
o_max,-8.955912315350098
o_max,-8.858324729789794
o_max,-4.505704254789794
o_max,-5.920604105789795
o_max,-10.69355226010058
o_max,10.14469595961133
o_max,-7.741499433789794
o_max,-8.608031608789794
o_max,-6.161770795789795
o_max,-6.821042918789795
o_max,-5.833304784789795
o_max,-7.709456509789795
o_max,-6.669475687789795
o_max,-13.89605705359033
o_max,-11.64247037510059
o_max,-8.597053624789794
o_max,3.25460038418164
o_max,-5.847037027789795
o_max,-5.947210261789795
o_max,-9.409436482450197
o_max,-5.844711752789795
o_max,-9.351072503789794
o_max,-7.541269989789795
o_max,-5.079569824789795
o_max,-6.394420471789795
o_max,-4.400519687789795
o_max,-5.442110684789795
o_max,-11.37290851610059
o_max,-9.016796222789797
o_max,-7.405434756789795
o_max,-6.084206378689697
o_max,-8.641101562789794
o_max,-9.300730628791504
o_max,-8.538553348789796
o_max,-7.527313969450195
o_max,-3.548876690789795
o_max,6.565206306863526
o_max,-4.278578597789795
o_max,-7.691328751789795
o_max,-6.247402338789795
o_max,-7.289358043789795
o_max,-6.942399358789795
o_max,10.3412046342102
o_max,-2.432697650789795
o_max,-3.864093113789795
o_max,-6.538040066789795
o_max,-6.946519843789795
o_max,10.89145941937793
o_max,-5.045868176789795
o_max,-10.02112528710058
o_max,-6.202357457789795
o_max,-8.826114531450195
o_max,-6.820687284789795
o_max,-3.945866543789795
o_max,-5.359853550789795
o_max,-2.576582867789795
o_max,2.723742902210205
o_max,-12.30998744910059
o_max,11.23459793269238
o_max,-9.992953176791504
o_max,-6.869798363789795
o_max,-8.229677747450195
o_max,-10.2671670934502
o_max,-8.725865973450196
o_max,3.142713804210205
o_max,-4.035238208789795
o_max,-6.087903084789795
o_max,-5.449618685789795
o_max,-5.894890942789795
o_max,-0.1178917981606444
o_max,7.940064869020996
o_max,-5.412334110789795
o_max,-7.574840017789794
o_max,-3.986196485789795
o_max,-8.108322021100586
o_max,-6.743670675789795
o_max,-7.069881884789795
o_max,-4.904054038789795
o_max,-5.151756406789795
o_max,-3.306765254789795
o_max,-9.099309871689698
o_max,16.13331548689746
o_max,-9.523890637450195
o_max,-6.448011753789795
o_max,-9.847838531450195
o_max,-6.087057882689697
o_max,-6.398482190789795
o_max,-11.53426959210059
o_max,-8.629239502450195
o_max,-3.307894242789795
o_max,-4.156159200789794
o_max,-6.465821176789795
o_max,7.568379539423828
o_max,-6.581839394789795
o_max,-6.952928224789795
o_max,-6.998180036789795
o_max,-4.806815314789795
o_max,-6.868438249789795
o_max,-5.821810044789795
o_max,-7.045096705789795
o_max,-7.920758446100586
o_max,-4.860872632789794
o_max,-6.437678300789795
o_max,3.876462934284669
o_max,-4.991087565789795
o_max,-7.096658960789795
o_max,-4.736409087789795
o_max,-12.48273381510059
o_max,-6.017501030789795
o_max,-0.8969269057897948
o_max,-5.245396778789795
o_max,-4.369155641789795
o_max,-5.585101307789795
o_max,-6.460858627789795
o_max,13.27484220875195
o_max,-6.409075634789795
o_max,-5.928065955789795
o_max,-6.928539428789795
o_max,-5.569821158789795
o_max,-8.287388894789794
o_max,-4.167094725789795
o_max,-2.840062711789795
o_max,-4.164631756789795
o_max,-10.1682404547898
o_max,-7.883318794789795
o_max,9.553190183760254
o_max,-4.542186753789795
o_max,-8.275243929789795
o_max,-2.328157585789794
o_max,-6.708303410789795
o_max,-5.741991522789795
o_max,-4.227015248789795
o_max,-9.097568483450196
o_max,-6.555848342789795
o_max,-6.174093539100586
o_max,-6.525340785789795
o_max,6.355728725284668
o_max,-5.291047222689697
o_max,-1.412138470789795
o_max,-8.701208467791504
o_max,-6.413163849789795
o_max,-8.735258503789796
o_max,-7.800319394789795
o_max,-8.723926344789795
o_max,-8.948395406789794
o_max,-7.887960763789795
o_max,-5.075886106789795
o_max,16.5231427900166
o_max,-2.520547004789795
o_max,-9.807017831450196
o_max,-6.439451276789795
o_max,-7.801257062789795
o_max,-7.219405990789795
o_max,-9.563584884450195
o_max,-4.651636913789795
o_max,-6.786493905789795
o_max,7.429184910937012
o_max,-5.194118047789795
o_max,-6.289323723789795
o_max,-3.131204549789795
o_max,-6.507920395789795
o_max,-7.225613912789795
o_max,-1.535862294789795
o_max,-10.29750442610059
o_max,-12.73774877859033
o_max,-4.593648564789795
o_max,13.39214131470361
o_max,-4.254946415689697
o_max,-5.748255135789795
o_max,-7.148178848789795
o_max,-6.449951399789795
o_max,-5.535519885789795
o_max,-10.1261211644502
o_max,-3.319626197450196
o_max,-4.832756656789795
o_max,-9.332439497791505
o_max,-7.645349200689697
o_max,6.600951138058594
o_max,5.976443243138428
o_max,-7.997710794450195
o_max,-6.523089027789795
o_max,-7.044345010789795
o_max,-8.322790818789795
o_max,-10.37061779610059
o_max,-5.752171763789795
o_max,-6.317510568789795
o_max,-8.381198499789795
o_max,-8.567031481789796
o_max,-10.21636927910059
o_max,-9.579781302789796
o_max,-5.142679213789795
o_max,-6.520930166789795
o_max,-5.811639218789795
o_max,-4.053848553789795
o_max,-9.320759307789794
o_max,-4.229013657789794
o_max,-5.645908707789795
o_max,-8.690630242789794
o_max,-4.008702073789795
o_max,-3.398343781915222
o_max,-6.775794259789795
o_max,5.073665204210204
o_max,-5.290844456789795
o_max,-7.034101900789795
o_max,-6.042793235789794
o_max,-9.154141584450196
o_max,-5.987706039789795
o_max,-2.951076450789796
o_max,1.290163669210205
o_max,-6.166822521789795
o_max,-6.117941584249176
o_max,-4.872249971789795
o_max,-5.302738295789795
o_max,-2.035196206789795
o_max,-6.522738845789795
o_max,-6.845863077789795
o_max,-4.485751424789795
o_max,-8.274442847789794
o_max,-8.378033890789794
o_max,-4.460320340789795
o_max,-7.464491928789795
o_max,-0.7229019461606443
o_max,-8.919662208789795
o_max,-8.770786675450196
o_max,-8.320690448789795
o_max,-9.015698902791504
o_max,-6.876571242789795
o_max,-6.525743510789795
o_max,-6.796587772789795
o_max,3.338218828999512
o_max,-7.989992375450195
o_max,-8.105602495791505
o_max,14.0357279520166
o_max,-6.430829676789795
o_max,-9.525652495791505
o_max,-6.973328060789795
o_max,2.588629498210205
o_max,3.113131034210205
o_max,-12.23996737659033
o_max,-6.886402057789795
o_max,2.319540689210205
o_max,-8.983281260789795
o_max,-10.69955200410058
o_max,-8.439433334791504
o_max,-8.913457246100586
o_max,-11.7510450386897
o_max,-10.24583937410059
o_max,-2.751187178789795
o_max,-6.723406019450195
o_max,-5.303990693789795
o_max,-6.237021992789795
o_max,-3.803121351789795
o_max,-6.562754237789795
o_max,-10.03548921610059
o_max,-7.555129325789795
o_max,-11.94142006959033
o_max,-6.934663461789795
o_max,-4.698593758789794
o_max,-6.183381783789795
o_max,-3.944633400789794
o_max,-10.3781100394502
o_max,-8.354997864789794
o_max,-8.404132772789795
o_max,-9.671354316100588
o_max,-3.671224854789795
o_max,-6.344267085789795
o_max,-3.227418273789795
o_max,-7.867810147789795
o_max,-12.68716610310059
o_max,-3.392129433789795
o_max,-8.921761367450195
o_max,-7.581286692789795
o_max,8.471610536912353
o_max,-0.4640859477897949
o_max,-6.008800516789795
o_max,-2.285042864789795
o_max,-8.946892705450196
o_max,-5.895713216789795
o_max,-6.104218333789795
o_max,-4.069624713789795
o_max,-8.784039104789795
o_max,-8.689002175789796
o_max,-7.272339473789795
o_max,4.77528002912915
o_max,10.79587530137793
o_max,-4.149220044789795
o_max,-4.591411374789795
o_max,-5.499613701789795
o_max,-3.529339416789795
o_max,-8.701975628450196
o_max,-6.098382864789795
o_max,-5.460702895789795
o_max,-5.908392380789795
o_max,-5.518858666789795
o_max,-9.253666253450197
o_max,-11.56284754900049
o_max,-0.7092487284501949
o_max,-8.467923342789796
o_max,-12.1280710177915
o_max,-3.730779110789794
o_max,-8.690542279789796
o_max,-7.394387669791504
o_max,-6.906804791789795
o_max,-5.642583551789794
o_max,-5.051853856789795
o_max,10.02424294604932
o_max,-4.813402350789795
o_max,-7.735392589789795
o_max,-8.790927999450195
o_max,-7.776700367789795
o_max,-6.144458165789795
o_max,-9.753844456450196
o_max,-7.375389556450195
o_max,-10.72499407178979
o_max,-5.485816072789795
o_max,-3.216197816789795
o_max,8.682197862470703
o_max,0.2790195862102047
o_max,-11.67686885910059
o_max,2.296746250210205
o_max,-7.695198118789795
o_max,-7.144185931789795
o_max,-9.188869340450196
o_max,-4.415503007789795
o_max,-7.716471462789795
o_max,-6.661046269789795
o_max,-8.145302176789794
o_max,14.852151060021
o_max,-7.466762141789795
o_max,-7.760187713789794
o_max,-4.831778258789795
o_max,-6.769752820789795
o_max,-8.337012543100586
o_max,-8.914990428450196
o_max,-2.797457198789795
o_max,-6.129219213789795
o_max,-9.112368878450194
o_max,6.371340260284668
o_max,-2.228202787789795
o_max,-7.406601269789795
o_max,0.5532227112102053
o_max,-9.943166330100585
o_max,-3.824069768789795
o_max,-3.393506612789795
o_max,-8.848560690450196
o_max,-5.296012241100586
o_max,-9.785233393789795
o_max,8.869177190492188
o_max,-3.120968702789795
o_max,-6.107740341789795
o_max,-4.430428375789795
o_max,-2.620048147789795
o_max,-10.45373476210059
o_max,-7.240721136789795
o_max,-9.027785963100586
o_max,-7.271004858789795
o_max,1.414002781210206
o_max,-8.610118411789795
o_max,1.275980657210205
o_max,-3.068618673789795
o_max,-8.102439447789795
o_max,-6.106285999789795
o_max,-7.617337674789795
o_max,-8.171167631789794
o_max,-5.528868504789795
o_max,-1.877091737789795
o_max,-4.793598946789794
o_max,-8.208301465789795
o_max,6.917740065215332
o_max,-2.396002713450195
o_max,-4.872011297689697
o_max,-7.523588931789795
o_max,0.8755862012102051
o_max,-8.515975681450195
o_max,-4.065500118789795
o_max,-8.375416534450196
o_max,-5.371239521789795
o_max,-5.315794310450196
o_max,-5.244316469789795
o_max,1.27233826003711
o_max,-2.314261678789795
o_max,-3.409824422450195
o_max,1.210357648210206
o_max,-8.162231322789795
o_max,-10.80008406310059
o_max,-9.236646257789795
o_max,-5.169706037789795
o_max,-4.797106676789795
o_max,-4.270653271789795
o_max,-5.413514834789795
o_max,8.075891690699219
o_max,3.314391279387696
o_max,-4.607803220789795
o_max,-13.92599748459033
o_max,-8.258105845789794
o_max,-5.709962601789795
o_max,-5.863377232789794
o_max,-4.132945733789795
o_max,-7.680902439789795
o_max,-5.925535559789795
o_max,-4.441638683789795
o_max,-7.438232951789795
o_max,9.098991595250975
o_max,-10.12598309210059
o_max,-6.421442333789795
o_max,-9.381442508789796
o_max,-5.549401265789795
o_max,-5.879293340789795
o_max,-8.879678157789796
o_max,-3.664385117450195
o_max,-12.06932014510059
o_max,-5.637012561789795
o_max,-7.996332731789795
o_max,-4.084446961789794
o_max,-5.818545055789794
o_max,-5.345026805789795
o_max,-8.845794781789795
o_max,-3.140691534450195
o_max,-7.005770026789795
o_max,-4.177893613789795
o_max,-13.44150140359033
o_max,-6.773997440789795
o_max,5.352398778194824
o_max,-6.060026167689697
o_max,-6.453020013789795
o_max,-7.249589911789795
o_max,-6.359552563789795
o_max,-7.637249660450196
o_max,-11.52885409310059
o_max,8.084246594210205
o_max,-7.199758454789795
o_max,2.174091883549805
o_max,3.371088610306153
o_max,-4.235186878789795
o_max,-2.423532623789795
o_max,-3.802365890789795
o_max,-8.869668939789795
o_max,-8.396901276789794
o_max,-4.015122777789795
o_max,-7.057883918789795
o_max,-8.197938706789795
o_max,-7.257256800789795
o_max,-5.153699250789795
o_max,4.792659211096192
o_max,-7.263519901789795
o_max,-9.166234706000488
o_max,-7.378978628789795
o_max,-8.334384883789795
o_max,-2.661027642789795
o_max,-5.913170978789795
o_max,-3.732409344789795
o_max,-4.116946025789795
o_max,-4.421084711789796
o_max,-8.035818614100586
o_max,6.319749254720703
o_max,-12.04488669049023
o_max,-5.043426755789795
o_max,-7.405602551789795
o_max,-6.145711416789795
o_max,-8.595305399100585
o_max,-4.848420944789795
o_max,-4.643242132789795
o_max,-9.191537768789797
o_max,-5.469727032789795
o_max,-6.229405136789795
o_max,7.182284946703613
o_max,-4.516026127789795
o_max,-9.804272853789795
o_max,-5.624872799789795
o_max,-4.715789940789795
o_max,-5.158091728689698
o_max,-8.145312834789795
o_max,-6.064918891450195
o_max,-8.550684688789795
o_max,-8.731629700789796
o_max,7.176836996284668
o_max,-5.387121786789795
o_max,-8.907631484789794
o_max,-6.131248040789795
o_max,-7.271363908789794
o_max,-3.872515310789794
o_max,-6.534752393789795
o_max,-9.665900501791503
o_max,-5.977212376789795
o_max,-8.513783700789794
o_max,-8.120746607789794
o_max,6.982493904906982
o_max,-5.729725415789795
o_max,-3.695096492689697
o_max,-1.841010182789795
o_max,-5.033390706789795
o_max,-6.545279852789795
o_max,-5.868520801789795
o_max,-2.723290897789795
o_max,-6.207885483789795
o_max,-6.172383398789795
o_max,2.161746885766601
o_max,9.018849725284667
o_max,-5.519783725789795
o_max,-2.281068600789795
o_max,-8.846058764789795
o_max,-7.669600136450195
o_max,-7.579002918689698
o_max,-4.193023186689697
o_max,-9.250205051691406
o_max,-9.395253637450196
o_max,-3.617534424789795
o_max,-8.208790452789795
o_max,10.54378087570361
o_max,-3.843940833789795
o_max,-6.503124696789795
o_max,-6.478534920789795
o_max,-6.846870596789795
o_max,-6.818726341100586
o_max,-5.098158036689697
o_max,-3.962219655789795
o_max,-4.297627083789795
o_max,-7.901173575789794
o_max,-12.69121351159033
o_max,1.368302435034668
o_max,-10.0627620184502
o_max,-4.865213323789795
o_max,-6.496408487789795
o_max,-8.877558109789796
o_max,-9.754851850791503
o_max,-6.389807343789795
o_max,-9.084411748789794
o_max,-5.783262978689697
o_max,-7.592007510789795
o_max,4.845541315002198
o_max,-10.28189156310059
o_max,-8.066700571789795
o_max,-7.828675742789795
o_max,-6.866988800789795
o_max,-4.770714925789795
o_max,-4.754876909789795
o_max,-5.550826619789795
o_max,-8.029070434789794
o_max,-6.473378207789795
o_max,-10.25853953878979
o_max,7.936132131037109
o_max,-6.549837157789795
o_max,-3.092159597789795
o_max,-5.860662872789795
o_max,-4.587927367789795
o_max,-6.169515135350098
o_max,-8.689488927450196
o_max,-2.692906141789795
o_max,-1.787484808450196
o_max,-8.852912926789795
o_max,-5.356011120789795
o_max,-0.3610111385580443
o_max,-7.254256295789795
o_max,-9.107655774450196
o_max,-4.247487229789795
o_max,9.984736899310304
o_max,-7.318916275789795
o_max,-16.8390818289624
o_max,-3.626735532689697
o_max,-4.517335991689697
o_max,-8.739731890450194
o_max,-9.147185679789796
o_max,2.608998144071655
o_max,-8.004723147789795
o_max,-5.628706394789795
o_max,-5.308774876689697
o_max,-8.517452598789795
o_max,-8.613640966791504
o_max,-7.008620368789795
o_max,-5.577729828789795
o_max,-4.377070062789794
o_max,11.48035618619482
o_max,6.649827533549805
o_max,-2.856384424789795
o_max,-2.141131603789795
o_max,-4.744376835789796
o_max,-6.833663188789795
o_max,-2.023502085689698
o_max,-6.666707371450196
o_max,-6.538967783689698
o_max,-3.757299607789795
o_max,-5.052275876789794
o_max,6.321883962703613
o_max,-5.237058197689697
o_max,-13.54536760259033
o_max,-5.583720964789795
o_max,-10.06450942210058
o_max,-8.985017851789795
o_max,-7.576351303789795
o_max,-5.519033801689697
o_max,-7.272128191789795
o_max,-8.754497648100585
o_max,-8.904875871100586
o_max,7.876852072553711
o_max,-3.729825694789795
o_max,11.45687584421021
o_max,-7.187338152789795
o_max,-7.981203430100586
o_max,-7.252129524789795
o_max,-3.704265828689697
o_max,-5.811434535689697
o_max,-6.857119415789795
o_max,-9.287354007450196
o_max,-4.214029220689698
o_max,-2.949356689129639
o_max,-8.194879353450196
o_max,-5.370798467789795
o_max,-5.737877210689698
o_max,-9.49014939200049
o_max,-9.853829267450196
o_max,-7.688702106791504
o_max,-8.325024630789795
o_max,-3.702426477689697
o_max,-8.424409387689698
o_max,-7.704945883350097
o_max,7.794070483937011
o_max,-5.671033783689698
o_max,-8.075049278689697
o_max,-6.288476585689697
o_max,-9.114444475350098
o_max,-7.041573039450196
o_max,-6.540785694689697
o_max,-5.693723315689697
o_max,-4.865161315689697
o_max,-6.579542875789794
o_max,-3.241269937689697
o_max,6.115688156511963
o_max,-0.054631232789795
o_max,-1.236150772789795
o_max,-3.531099978691406
o_max,-5.338984856689697
o_max,0.5974974003103029
o_max,-5.729165444689698
o_max,-4.957801271689697
o_max,-6.759650732689697
o_max,-6.051817782689698
o_max,-7.819911333689697
o_max,1.134616708641602
o_max,-5.149008548689697
o_max,-7.657674705689697
o_max,-8.820085422689697
o_max,-8.551842176350098
o_max,-6.930957002689698
o_max,-5.314132752689697
o_max,-7.554589189689697
o_max,-5.813223843689697
o_max,-8.118355883350098
o_max,-6.726126506689697
o_max,4.87276961579834
o_max,-5.621515280689698
o_max,-7.988444527689698
o_max,-5.054576464689697
o_max,-7.188035127689697
o_max,-8.401644041689698
o_max,-8.955741161689698
o_max,-3.822265771689697
o_max,-7.340550901689697
o_max,-10.93944272400049
o_max,-10.03417112500049
o_max,5.539723406450683
o_max,-7.851365405689697
o_max,-6.570033925689697
o_max,-6.250472129689697
o_max,-6.737551904689697
o_max,-6.185933375689697
o_max,-0.548065370689697
o_max,-7.964281039689697
o_max,-2.938878356689697
o_max,-3.060443091689697
o_max,-9.107342202689695
o_max,7.698435044692383
o_max,-8.054113166689698
o_max,-3.407532834689697
o_max,-5.475005682689697
o_max,-4.715083729689697
o_max,-5.482889413689698
o_max,-3.478285415689697
o_max,-7.917095796350098
o_max,-9.534673304691406
o_max,-5.709174386689697
o_max,-4.403284043689697
o_max,9.852928050703614
o_max,-5.658692388689698
o_max,-3.232314647689697
o_max,-5.596737427689697
o_max,-8.315213663000488
o_max,-8.848259390689698
o_max,-8.530915773350097
o_max,-5.306260927689697
o_max,-5.738197606689697
o_max,-5.858330901689698
o_max,-4.532902697689697
o_max,6.892769937475098
o_max,-6.296413146689697
o_max,-5.678253171689697
o_max,-8.878777213350098
o_max,-8.270565155689697
o_max,-6.413758919689697
o_max,-9.062241182689696
o_max,-4.128406907689698
o_max,-4.194414413689698
o_max,-6.156511950689698
o_max,-5.281332506689697
o_max,10.22532975470361
o_max,-7.345063388689697
o_max,-4.472871164689698
o_max,-4.212296965689697
o_max,-8.346900938689696
o_max,-8.754761801689698
o_max,-5.405273775689698
o_max,-8.014298892689697
o_max,-8.757489386689697
o_max,-8.746459607689697
o_max,-7.546823500689698
o_max,5.893412155306152
o_max,-7.557758229689697
o_max,-6.793904287689697
o_max,7.111894629310303
o_max,4.833267629310303
o_max,-2.497218848689697
o_max,-3.997673942689697
o_max,-7.348790295350097
o_max,-5.974291980689697
o_max,-5.959086695689697
o_max,11.13622414764722
o_max,-8.679482070689698
o_max,-6.390414501689698
o_max,-8.181893188691406
o_max,-3.964127116689697
o_max,-5.136487295689697
o_max,-6.326613828689697
o_max,-1.710195739689698
o_max,-9.014551079689696
o_max,-3.741386451689697
o_max,-4.670700339689697
o_max,6.525808099450684
o_max,-6.586023204689697
o_max,9.275960411308594
o_max,5.614456309310302
o_max,-0.838185435689697
o_max,-6.357808554689697
o_max,-3.746919721689697
o_max,-4.799181425689698
o_max,-3.896425124689697
o_max,-3.230158279689697
o_max,-4.325010694689697
o_max,7.332868778511963
o_max,-3.925659516689697
o_max,-6.339837673689697
o_max,-4.697926027689697
o_max,-8.886291062350097
o_max,-6.274936501689697
o_max,-8.558419531350097
o_max,-5.732803672689697
o_max,-4.387716697689697
o_max,-4.963261573689698
o_max,-6.394145605689697
o_max,12.72229526231836
o_max,-7.314129352689697
o_max,5.902748599310304
o_max,-4.303014611689697
o_max,-5.318282020689697
o_max,-7.410763745689698
o_max,-7.673572057350098
o_max,-7.405136838689697
o_max,-4.673996601689698
o_max,4.945069589310302
o_max,-6.690541207689697
o_max,3.764197784760253
o_max,-6.338431980689697
o_max,-9.820766347689698
o_max,-4.622302119689698
o_max,-8.311996711689698
o_max,-4.468567729689697
o_max,-9.373615957350095
o_max,-11.05111565700049
o_max,13.60722349199951
o_max,-5.318524631689697
o_max,-6.703536105689698
o_max,14.47174425475195
o_max,-10.13223944469141
o_max,-5.230650638689697
o_max,-4.621966663689697
o_max,-7.372485160689697
o_max,-5.477388687689698
o_max,-11.7187692376897
o_max,-2.010240135689697
o_max,-6.921260483689697
o_max,-9.855167923689695
o_max,-5.498411501689697
o_max,-0.9966720571606444
o_max,-7.582924080689697
o_max,-4.376133144689698
o_max,-8.783359596689698
o_max,-8.401138724689698
o_max,-6.756008415689697
o_max,-7.204169297689697
o_max,-11.16556597100049
o_max,-9.087173737350096
o_max,-0.4075703695334471
o_max,-6.850243798689697
o_max,-6.359538415689697
o_max,-5.257604909689698
o_max,-6.193956728689697
o_max,-10.30190435469141
o_max,-9.229191266350098
o_max,-0.5536955286896976
o_max,-6.264191432689698
o_max,-1.504613359689698
o_max,-5.218514767689697
o_max,13.63460501718164
o_max,-3.966931172689697
o_max,-3.662155419689697
o_max,-6.449860744689698
o_max,-6.734752738689697
o_max,-6.454702590689697
o_max,-5.233425933689698
o_max,-2.997297511689697
o_max,-9.179613995350095
o_max,-6.477699803689697
o_max,-7.462410792689697
o_max,8.151254990015625
o_max,-7.555595525689697
o_max,-4.395983727689697
o_max,-6.651165231689697
o_max,-6.242779684689697
o_max,9.221253201999511
o_max,-7.245166186689698
o_max,-0.639083027689697
o_max,-8.827086571689698
o_max,-8.132643410689697
o_max,3.782003675553711
o_max,-9.693966622350098
o_max,-2.500660476689697
o_max,-11.79422284900049
o_max,-10.3273635826897
o_max,-6.198645585689698
o_max,-6.482297455689698
o_max,-6.169724776689697
o_max,-13.60726103949023
o_max,-5.746197423689697
o_max,0.5034323493103026
o_max,8.383112196458008
o_max,-6.956511448689697
o_max,-5.830528960689698
o_max,-7.855844030689697
o_max,-3.607641222689697
o_max,-4.162240244689697
o_max,-5.728853211689698
o_max,-5.819308060689697
o_max,-3.780198708689697
o_max,-2.549379999689697
o_max,5.961410471999512
o_max,11.56377770288574
o_max,-5.104962380689697
o_max,-3.326591657689697
o_max,-11.1563187503501
o_max,-5.407876235689697
o_max,-3.845171245689697
o_max,-10.6424445873501
o_max,-1.635802280689697
o_max,-7.171738553689697
o_max,14.2353095293103
o_max,11.684410974021
o_max,-8.095170843689697
o_max,-6.897233146689698
o_max,-4.148080818689698
o_max,-9.190658401689696
o_max,-6.909148101689698
o_max,-7.718463110689697
o_max,-8.976516351350098
o_max,-8.831886524350097
o_max,-8.954824439689698
o_max,9.117631635020995
o_max,-3.390597359689697
o_max,-5.298658192689697
o_max,-7.215603873689697
o_max,-5.523985584689697
o_max,4.025916249310303
o_max,-5.007135161689697
o_max,-7.110188204689697
o_max,-8.770661681689697
o_max,-7.438068117689697
o_max,-5.319644011689697
o_max,3.872877942912353
o_max,-8.479865125689697
o_max,-6.665727780689697
o_max,-8.492136455689698
o_max,-8.721267077689697
o_max,-3.805457823689697
o_max,-3.717665566689697
o_max,-4.678898810689697
o_max,-6.202912279689698
o_max,-4.449386883689698
o_max,-4.294598549689697
o_max,8.641255221912353
o_max,-6.638223434689698
o_max,-8.260049301689698
o_max,-9.927945465000487
o_max,-6.655158750689697
o_max,-6.334849790689697
o_max,-6.968032772689697
o_max,-6.613046601689697
o_max,-4.470141272689697
o_max,-5.829556776689698
o_max,-8.693762221689697
o_max,-8.620744912689698
o_max,-4.871887592689697
o_max,-8.337954112689697
o_max,-8.497814902689697
o_max,-6.412866370689697
o_max,-3.293346707689697
o_max,-7.778310252689697
o_max,-4.824634266689698
o_max,-7.555641294689697
o_max,-2.398520489652222
o_max,-7.645300651689698
o_max,-5.209678948689698
o_max,-11.86507573000049
o_max,3.139082411310304
o_max,-3.193755837689697
o_max,-7.267681885689697
o_max,-1.504429542689698
o_max,-5.044111880689697
o_max,-7.709363035689697
o_max,-5.424823482689697
o_max,2.764149784888184
o_max,-5.887553178689697
o_max,-7.283623113689697
o_max,-6.156915734689697
o_max,-7.528513427689697
o_max,-9.859977036689695
o_max,-7.869166500689698
o_max,-5.761549645689698
o_max,-8.365035031689697
o_max,-5.577449404689697
o_max,5.333390334188964
o_max,-8.848481646691406
o_max,-6.461788931689697
o_max,-9.545727109350098
o_max,-7.649075995689698
o_max,-6.587785538689698
o_max,-5.485463741689697
o_max,-9.108868111350098
o_max,-2.321076062689698
o_max,-6.868182938689698
o_max,-6.323376364689697
o_max,9.901830834049315
o_max,-7.603802618689698
o_max,-7.490404300689697
o_max,-6.133125271689697
o_max,-6.154628396689697
o_max,-4.583016807689697
o_max,-4.736988195691406
o_max,-4.965915806689697
o_max,-5.635539092689697
o_max,-5.398638638689697
o_max,-12.30624279849024
o_max,13.74700098309326
o_max,-10.43827508600049
o_max,-2.805221477689697
o_max,-5.134947169689697
o_max,-4.711468194689697
o_max,-8.035895190689697
o_max,-7.635438764689697
o_max,-4.060130083689698
o_max,-2.764654443689698
o_max,-8.351958459689698
o_max,-8.235992418689698
o_max,6.162639668760254
o_max,-6.934711919689697
o_max,-4.219850436689697
o_max,-4.224810495689697
o_max,-9.284421238350095
o_max,-7.133889451350098
o_max,-5.215496386689697
o_max,3.238347674999511
o_max,2.169810875310302
o_max,-8.211479794689698
o_max,-4.457680583689697
o_max,8.54211753418164
o_max,-3.534130976689697
o_max,-0.6116643476896977
o_max,-5.963667034689697
o_max,-5.892576380689698
o_max,-3.528200306689697
o_max,-9.851135506000489
o_max,-6.301998556689697
o_max,-5.208196234689697
o_max,-8.850350919350097
o_max,-6.701016738350098
o_max,3.556674745751953
o_max,-7.349903035689698
o_max,-0.0916666926896976
o_max,-7.277315928689697
o_max,-6.303769187689698
o_max,-4.743006580689697
o_max,-10.29460317769141
o_max,-8.528255361689697
o_max,-7.942188800689697
o_max,-5.795196727689698
o_max,-0.7121901939664916
o_max,-5.536919451689697
o_max,-5.335028600689697
o_max,-7.379121382689697
o_max,-6.976164533689698
o_max,-6.580113239689697
o_max,-2.491821718689697
o_max,-6.764314271689697
o_max,-4.986038946689697
o_max,-5.417845876689698
o_max,-6.355208533689697
o_max,4.437125219760254
o_max,-4.612761381689698
o_max,-2.515735970689697
o_max,-8.560728812689698
o_max,-5.120713562689698
o_max,0.3554301363103027
o_max,-5.020832331689697
o_max,-3.842319384689697
o_max,-7.825616648350097
o_max,-7.466570939689698
o_max,-6.273637546689697
o_max,12.4438117526167
o_max,-8.981170988689698
o_max,-5.193173949689697
o_max,-2.950423964689697
o_max,-2.680212058689698
o_max,-7.405586303350097
o_max,-8.193294054350098
o_max,-3.819690125689697
o_max,-7.528873738689697
o_max,-6.329647829689697
o_max,6.805709476742676
o_max,-0.1910271482397458
o_max,-5.612897900689697
o_max,-6.063395336689697
o_max,-7.292407643689697
o_max,-11.63956507100049
o_max,-4.550074355689697
o_max,-7.612951507350098
o_max,-8.593591512691406
o_max,-9.054966763691407
o_max,0.2403245303103025
o_max,-2.609565878689697
o_max,7.907695142284668
o_max,-7.994680002689697
o_max,-6.302213466689698
o_max,-5.679454405689697
o_max,-6.872917099689698
o_max,-5.903536415689697
o_max,-7.667727540689698
o_max,-8.429155523350097
o_max,-6.993362209689697
o_max,-5.843847315689697
o_max,-6.969725433689697
o_max,15.32875438452734
o_max,-7.074537494689698
o_max,-7.540506913689697
o_max,-8.433170898689697
o_max,-4.115216056689697
o_max,-8.689934824350097
o_max,-8.237524647689698
o_max,-7.199296680689697
o_max,-8.461003151689697
o_max,-3.365281254689697
o_max,-8.480542518689697
o_max,15.0280749460166
o_max,-4.907839998689697
o_max,-8.747123813350097
o_max,-6.990748391689698
o_max,-8.843111039689697
o_max,-12.36629243849023
o_max,-9.303421660350098
o_max,-4.867576557689697
o_max,-6.341440349689697
o_max,-8.037401151689696
o_max,-1.536818886689697
o_max,-7.866973357689697
o_max,-6.347763512689697
o_max,-8.020817562689697
o_max,16.1589085693103
o_max,6.446924919310304
o_max,-7.939511050689697
o_max,-5.370141226689698
o_max,-2.914981129689697
o_max,5.805808590751953
o_max,-7.496306609689698
o_max,-2.482193215689697
o_max,-3.758176170689697
o_max,14.2724298793103
o_max,-9.159443148691404
o_max,-4.563553626689697
o_max,-4.905065792689697
o_max,-8.311567458689698
o_max,-8.778194547689697
o_max,-7.772226627689697
o_max,10.77341692042334
o_max,-3.911355890689697
o_max,-7.144452448689697
o_max,-6.297681985689698
o_max,-6.322675467689697
o_max,-5.976826301689697
o_max,-6.455821177689697
o_max,4.511353331308595
o_max,-5.272990811689697
o_max,-8.640286810000488
o_max,-5.880223557689697
o_max,3.274520613760254
o_max,-6.181905882689698
o_max,-8.814384788689697
o_max,-4.877562397689697
o_max,-3.568451976689697
o_max,-5.096812709689697
o_max,-6.411121105689698
o_max,1.891830200310302
o_max,-2.545819598689698
o_max,-9.306124635689695
o_max,-6.234683575689697
o_max,6.48366055042334
o_max,-7.753452708689697
o_max,-9.042492162689696
o_max,-3.714740973689697
o_max,-7.232752606350098
o_max,-8.303077586689698
o_max,1.258351305310303
o_max,-2.596458274689697
o_max,-6.538185771689697
o_max,-4.507157928689697
o_max,8.86738435242334
o_max,-8.319225811689698
o_max,-5.930507168689697
o_max,-6.508198099689698
o_max,0.5199112303103028
o_max,-16.68103877249023
o_max,-8.986585362350098
o_max,-8.910115729691405
o_max,-4.155114055689697
o_max,5.222221678649902
o_max,-7.634550978689697
o_max,3.514668540742676
o_max,11.40524259218164
o_max,-7.109594787689697
o_max,-5.797784238689697
o_max,-3.899442753689697
o_max,-5.333873573689697
o_max,-3.773507827689697
o_max,-6.764037352689697
o_max,-5.327127027689698
o_max,-4.332582553689697
o_max,-6.451895418689698
o_max,-7.041720733689697
o_max,9.102655587108886
o_max,-3.170202157689697
o_max,-7.799572226689698
o_max,-7.652304399689697
o_max,-7.512308768689698
o_max,-5.406768650689697
o_max,-9.124136896350098
o_max,-5.336311546689697
o_max,-4.619697838689698
o_max,-6.399930789689697
o_max,-10.1211860373501
o_max,5.723789056751953
o_max,-6.279727000689697
o_max,-6.980382341689698
o_max,-6.761931429689697
o_max,-8.171732473689698
o_max,21.4972653793103
o_max,-4.950991322689697
o_max,-7.612705968691406
o_max,-0.0168427296896975
o_max,1.079687935310303
o_max,-5.077701088689697
o_max,4.59052619718164
o_max,-7.175643712689697
o_max,-1.439040339689697
o_max,-4.816340150689697
o_max,-10.24364541869141
o_max,-4.574577441689698
o_max,-7.321357536691407
o_max,-6.819685327689697
o_max,-5.491111090689698
o_max,-6.053911820689697
o_max,-5.042483583689697
o_max,10.32591030228467
o_max,-9.692343861350098
o_max,-1.732813961689697
o_max,-6.420514610689697
o_max,-5.915298866689698
o_max,18.6744137593103
o_max,-8.457640941350098
o_max,-5.685992577689698
o_max,-5.757838156689697
o_max,-0.6988826136896975
o_max,-6.091691074689697
o_max,-4.560975464689697
o_max,-6.645418948689697
o_max,-5.304048756689697
o_max,-7.144709636691406
o_max,-7.141600000689698
o_max,-9.026794277689698
o_max,-8.231078356689697
o_max,-8.066550303689697
o_max,-5.504327058689698
o_max,-5.556771638689697
o_max,10.42565068804932
o_max,-9.779909706689695
o_max,-7.554128486350097
o_max,-3.527532470689697
o_max,-5.432445946689697
o_max,-5.077916127689697
o_max,4.268101989310303
o_max,-7.427961712689697
o_max,-0.5198458506896975
o_max,-4.647851522689697
o_max,-1.553559361689698
o_max,-6.679155464233398
o_max,-6.394138090689697
o_max,-5.729491633689697
o_max,-4.194559201689698
o_max,-5.727036967689697
o_max,-6.026076458689698
o_max,-5.237615796689697
o_max,-5.308507764689697
o_max,-4.387380910689697
o_max,-3.229094123689697
o_max,-3.818954985689697
o_max,6.861464436250976
o_max,-8.813206978691406
o_max,-4.293667279689697
o_max,-6.317772652689698
o_max,-8.248766152689697
o_max,-3.550666913689697
o_max,-5.608446617689697
o_max,-3.643946746689697
o_max,-6.859404594689697
o_max,-5.836825848689697
o_max,-6.323811730689697
o_max,7.16510398203711
o_max,-7.025114385691406
o_max,-7.390157530689697
o_max,-8.564088133689697
o_max,-3.864315786689697
o_max,-5.957108367689697
o_max,-5.632661149689698
o_max,-9.209363963350098
o_max,-4.669832327689697
o_max,-9.721912628000489
o_max,-5.267886605689697
o_max,5.056853517699219
o_max,3.605556871553711
o_max,6.288616054108887
o_max,-2.908502931689697
o_max,-6.536184847689698
o_max,-5.675427908689697
o_max,-5.590557018689697
o_max,-8.226099756350099
o_max,-5.122890031689697
o_max,-7.795458308689697
o_max,-0.0043107176896972
o_max,-11.78988921749023
o_max,-5.481656268689697
o_max,-10.17484298949023
o_max,-9.688503346000488
o_max,7.496469550516601
o_max,9.80722847796875
o_max,6.297919989883301
o_max,6.240237580262207
o_max,0.5341878796523438
o_max,5.674577718459473
o_max,7.819699764751953
o_max,0.0873368846550293
o_max,8.678362589284667
o_max,-23.65440884346924
o_max,3.660053596058594
o_max,4.752199455423828
o_max,2.962413262626465
o_max,4.637487558222656
o_max,3.741353172052246
o_max,8.310726295751953
o_max,10.90990989060596
o_max,-2.668828623645508
o_max,13.80229428761719
o_max,-3.99719166161322
o_max,9.51081160322119
o_max,7.494941329760254
o_max,5.265273847129151
o_max,-41.54241034654053
o_max,-2.371617393181641
o_max,1.322416496465332
o_max,6.089302550284668
o_max,12.93151228653076
o_max,3.235799286102051
o_max,14.07913444589746
o_max,3.078099776828614
o_max,6.273832995760253
o_max,-15.80670490553467
o_max,15.67081230915283
o_max,8.35354159171753
o_max,3.117578680652832
o_max,8.20447027263623
o_max,-7.231932839763427
o_max,-5.686614431574707
o_max,-0.717284328566894
o_max,5.804348468465332
o_max,10.33540607653076
o_max,13.09290132176025
o_max,-2.291359146818847
o_max,-25.62548450536377
o_max,5.390676939106934
o_max,4.864394450367676
o_max,9.55017903796875
o_max,1.900061132251465
o_max,-3.126173081777344
o_max,7.054955055367676
o_max,-17.88278600553467
o_max,-1.770950903611817
o_max,1.739275118760254
o_max,-7.363004730607908
o_max,18.16173810266601
o_max,-7.025070251574707
o_max,18.41518749801117
o_max,-1.435344290202636
o_max,-1.028076588994141
o_max,13.10439186058105
o_max,2.928775638433105
o_max,15.27938548271972
o_max,7.239340860465332
o_max,8.662310418465331
o_max,10.55068178175195
o_max,9.585367122108886
o_max,-5.242851306129639
o_max,2.004342456181641
o_max,1.187219462354492
o_max,-1.608734964233399
o_max,-42.00053877360596
o_max,-21.34109380553467
o_max,-1.802352723233398
o_max,9.024602019713134
o_max,11.88053727357922
o_max,-7.696863126036376
o_max,15.77900241353393
o_max,-8.921297827719727
o_max,2.745281524367676
o_max,-0.427413108129639
o_max,-1.555368144238281
o_max,-5.888029186330567
o_max,3.205148204194336
o_max,11.16190604192432
o_max,-5.328463674670409
o_max,7.792171499222656
o_max,-14.30395279633057
o_max,-10.06726783507568
o_max,-13.76095440507568
o_max,11.88904168419434
o_max,-8.37567723963745
o_max,-34.14609125512695
o_max,-24.20870710507568
o_max,-2.082796129637451
o_max,4.762650905465332
o_max,11.00235884840847
o_max,-0.3553637777197274
o_max,-1.072566638844238
o_max,1.974980102001953
o_max,17.59011868521875
o_max,1.690748245045899
o_max,-15.87487015102539
o_max,6.250535494788086
o_max,6.566364801409179
o_max,-5.000595888779296
o_max,-4.221669375126954
o_max,-3.618555800028077
o_max,-0.2530013286240233
o_max,-0.1750811953637701
o_max,1.905206893005859
o_max,5.33867696465332
o_max,5.894423768045899
o_max,1.519996145119629
o_max,-0.1894645493583979
o_max,9.50571404815625
o_max,-1.670264783503662
o_max,8.407722949045898
o_max,-4.195212299010254
o_max,-35.89267487102539
o_max,6.607236816945801
o_max,0.7910280686545414
o_max,1.048291041972655
o_max,-2.851567354327148
o_max,12.67218188597266
o_max,9.285618619179688
o_max,8.793350525045899
o_max,4.777518061062011
o_max,10.43966258540283
o_max,12.24210939542969
o_max,-8.811085428779297
o_max,16.21230571915283
o_max,10.7738114129458
o_max,4.751974017339844
o_max,-1.227806437956787
o_max,-7.0746335930542
o_max,-32.99339268819824
o_max,1.509107403928772
o_max,4.313246755873047
o_max,-4.698270415646973
o_max,4.096192402761719
o_max,2.276011838045898
o_max,-6.785423964624023
o_max,7.757578419045899
o_max,2.5352529515867
o_max,-13.1837912829541
o_max,-13.89651430462402
o_max,-8.951316314186036
o_max,-9.925334664251404
o_max,4.77733402425
o_max,-1.80256684160791
o_max,11.95652412384277
o_max,-2.540645828233398
o_max,-13.4142936187207
o_max,-1.02292551375
o_max,1.581620333415527
o_max,-10.90178295444763
o_max,6.148162664375977
o_max,1.017674479873048
o_max,4.300187722968261
o_max,19.56515525889404
o_max,3.58688571900586
o_max,-0.0514406353466796
o_max,10.9386709892456
o_max,-10.54492554819824
o_max,12.08149303084277
o_max,-1.194803175781249
o_max,3.520320425641602
o_max,-10.97666245102539
o_max,-6.797784808779296
o_max,0.253671296840821
o_max,1.228692877842773
o_max,5.206665187801758
o_max,9.663874614216308
o_max,-18.50679096819824
o_max,-0.3162311361701659
o_max,-1.601316129160645
o_max,5.202216648216798
o_max,6.340002780034668
o_max,6.554804705279297
o_max,6.057261121842774
o_max,0.3366757742187491
o_max,-0.5383476157812499
o_max,-1.789978052783203
o_max,8.139949017058594
o_max,0.808563293034668
o_max,4.93245290940918
o_max,13.92210312787109
o_max,-14.1829477487793
o_max,2.529354179686157
o_max,5.598458321045898
o_max,7.85984282665332
o_max,-3.382051662954101
o_max,-6.711148865986328
o_max,-4.8838315624646
o_max,-24.71664043074219
o_max,-4.459417384501586
o_max,24.77452019144958
o_max,7.285649454052734
o_max,-15.83229980025574
o_max,1.809611336008057
o_max,-17.65840885307739
o_max,-13.55770819307739
o_max,-9.663412162525878
o_max,-18.63758481025574
o_max,-6.290417902695314
o_max,-12.42203737068164
o_max,-21.56905050025573
o_max,-10.1247424782456
o_max,1.230228083415527
o_max,3.944256617267334
o_max,7.172854067479188
o_max,1.530623956706116
o_max,-16.08240820588135
o_max,17.38372723819855
o_max,17.9435991593396
o_max,-7.369560139447509
o_max,-3.628410265056397
o_max,15.58917905978882
o_max,19.26153952819855
o_max,-1.747321514732666
o_max,-16.84530841588135
o_max,-14.73479131654053
o_max,-8.129699728525878
o_max,-1.01997875364502
o_max,-18.79187399025574
o_max,-21.2658364930774
o_max,1.475751823747803
o_max,13.49711250161499
o_max,-10.27005245194726
o_max,-6.219343223714966
o_max,7.200756681069946
o_max,11.62728904717749
o_max,9.5002592656463
o_max,-5.259586977666015
o_max,15.4982633696463
o_max,0.55599149717749
o_max,3.933348825786865
o_max,1.66696372617749
o_max,24.02780627371817
o_max,3.117639048194336
o_max,17.88470918526764
o_max,3.519106950998291
o_max,10.46791227039883
o_max,-14.67057399345917
o_max,24.88505239087433
o_max,-4.607670622133789
o_max,-3.790019392133789
o_max,20.34768175526764
o_max,19.31561171526764
o_max,5.953122972786865
o_max,5.866089719553711
o_max,22.11813290371817
o_max,0.2645067392773441
o_max,2.876394682069946
o_max,-12.85072538065521
o_max,16.18554945417893
o_max,-3.11631832251709
o_max,-4.492485873164062
o_max,16.16298248101776
o_max,1.414767145998291
o_max,6.134521378143311
o_max,17.01751004122558
o_max,12.99162365019745
o_max,1.58121072592334
o_max,2.889904364786499
o_max,18.05219258526764
o_max,11.62799957526764
o_max,6.97367302414331
o_max,5.636594378315674
o_max,-9.50454176200757
o_max,1.914700327267639
o_max,-5.763903633015136
o_max,4.754168224197448
o_max,23.23525539442948
o_max,-4.655572062133789
o_max,3.824579735835938
o_max,23.11017433087433
o_max,28.51465170087433
o_max,15.2062666517865
o_max,1.114873760237794
o_max,15.9842987696463
o_max,-0.3614911504132995
o_max,5.137330527646301
o_max,27.06998378442947
o_max,-7.813197022133789
o_max,-4.24978249607666
o_max,7.74017384617749
o_max,10.35177431117749
o_max,0.119723246865723
o_max,8.01581753526764
o_max,4.089614844998291
o_max,5.22883264092334
o_max,-2.059121316939209
o_max,0.2127833662377938
o_max,2.106593907143311
o_max,28.71069674087433
o_max,6.940644663177491
o_max,13.57046677606995
o_max,6.420131683865723
o_max,4.163451617315674
o_max,7.101341257315674
o_max,17.79292303526764
o_max,-9.883706876235353
o_max,-5.768969558001709
o_max,20.57727871417892
o_max,5.829737490646301
o_max,-8.137459419904541
o_max,14.6038911896463
o_max,-15.66488286623535
o_max,8.507508870069946
o_max,7.41631885317749
o_max,2.88887190492334
o_max,-8.621408122517089
o_max,2.780131474766601
o_max,1.583035572069946
o_max,-15.35512255471496
o_max,7.044882393398834
o_max,-3.668786197666016
o_max,1.307116610069947
o_max,17.4261097396463
o_max,8.03277436748291
o_max,6.63930064348291
o_max,3.05740176848291
o_max,27.00407797371817
o_max,-1.023722343192993
o_max,10.75711488701776
o_max,-8.682097477023682
o_max,-3.341723086679565
o_max,25.2429325469104
o_max,3.073972135910401
o_max,4.011333353976318
o_max,-36.6667425630896
o_max,-40.1298224130896
o_max,-4.742407584023681
o_max,-1.607637982023682
o_max,2.3453501279104
o_max,4.419130162910401
o_max,-4.591164297023681
o_max,4.240280871976318
o_max,-0.4165077556795653
o_max,-2.663948926023682
o_max,-16.14773676302368
o_max,-4.103160181023682
o_max,-23.28832413302368
o_max,8.668659429179687
o_max,5.484930179774903
o_max,9.88772682684082
o_max,3.807197127708557
o_max,8.697739247045899
o_max,1.597824086733398
o_max,9.921423704052737
o_max,4.761785097275391
o_max,5.843909047302248
o_max,8.817473621072388
o_max,-4.39771476872461
o_max,-13.03572154119385
o_max,-13.50964048608887
o_max,-20.52058218334595
o_max,-16.59898910826874
o_max,-10.43689980791748
o_max,0.0559327494852293
o_max,3.666349331194336
o_max,-21.26368661277466
o_max,-34.51661453198547
o_max,-6.215265237638183
o_max,-21.93003811935547
o_max,-13.10785383405908
o_max,-19.52912898334595
o_max,-26.44653516091065
o_max,-28.64123628608887
o_max,-9.744085566638429
o_max,-5.00662771791748
o_max,-0.2743554726356507
o_max,15.03432028058106
o_max,14.03799015500977
o_max,-18.63956946424072
o_max,-18.87548888862182
o_max,-30.86199042961804
o_max,-18.28521701420459
o_max,0.3461991660449222
o_max,16.91894113145996
o_max,10.06733909701453
o_max,-6.134649827773194
o_max,-8.343301476059082
o_max,-6.602207308737793
o_max,-16.97002142666846
o_max,-19.14422631720459
o_max,-16.5989117174585
o_max,-9.49571581935547
o_max,-13.20517023451477
o_max,0.1726749953781734
o_max,-55.64424067862183
o_max,-25.23922900451477
o_max,-4.39372869051477
o_max,-9.418612353345948
o_max,-23.63512163805908
o_max,-11.75459860024072
o_max,-14.53514691835547
o_max,-14.50747990334595
o_max,-28.02675205451477
o_max,-32.77741995862183
o_max,-18.1324436387378
o_max,-21.74811188892761
o_max,-18.15204620451477
o_max,-3.211035894355469
o_max,-0.0367846352767333
o_max,-34.14239975886719
o_max,-8.577022941621827
o_max,-11.25707460014941
o_max,-38.54023538909912
o_max,-35.40648783720459
o_max,-10.24759988692761
o_max,15.68260331721191
o_max,0.8854762701420897
o_max,-20.80380116163818
o_max,-23.76570401685791
o_max,-27.94463937367462
o_max,-10.74474597392761
o_max,-8.649173405786744
o_max,-3.918822018658935
o_max,-15.29948823153467
o_max,9.876915156044925
o_max,-18.30065023367462
o_max,-7.224671835939209
o_max,-31.69395849892761
o_max,-20.49103073826874
o_max,-8.588931969514771
o_max,-5.134162033355469
o_max,-0.5085510209130861
o_max,-32.80016263190674
o_max,-31.03833437174561
o_max,-18.44691868351562
o_max,-8.06532228052246
o_max,9.36005315647754
o_max,22.53384663813965
o_max,-29.28989141591308
o_max,-9.892115219059082
o_max,-5.958389918782227
o_max,-8.23520273751477
o_max,4.135703910571289
o_max,-12.18894936451477
o_max,-1.208406811906738
o_max,-10.44144459705908
o_max,7.454681462917481
o_max,-19.38862385392945
o_max,-3.891454825355469
o_max,8.58376082014209
o_max,0.7661107993819657
o_max,3.670197631850586
o_max,-19.72297473392944
o_max,-37.24544468909912
o_max,-10.78756552003687
o_max,-9.487387445929444
o_max,-14.61033416291748
o_max,-1.566920522847168
o_max,-26.04045137805908
o_max,-26.72292705174561
o_max,-27.57334623052246
o_max,-17.18107410685791
o_max,-13.39111393578223
o_max,-24.65779140063843
o_max,-4.683623534345947
o_max,0.7227064256375733
o_max,-2.115464464966492
o_max,-12.45462439012524
o_max,10.90219045564374
o_max,-3.395113247121582
o_max,-6.850307394580566
o_max,-37.9409054756543
o_max,6.65562200811914
o_max,0.4198115918703613
o_max,7.737797118311768
o_max,4.515887360228515
o_max,-3.579522958919373
o_max,-29.24432069973145
o_max,-12.20696802483032
o_max,-9.948431112799316
o_max,-2.371836940737305
o_max,7.420703126267091
o_max,8.972610333615723
o_max,-23.14247008273743
o_max,-14.11280276483032
o_max,9.906005540489502
o_max,15.21982605105408
o_max,6.646516886119141
o_max,5.794860399024902
o_max,12.72812801163757
o_max,-13.55209432836243
o_max,10.52449794004883
o_max,-2.243616144886902
o_max,-7.71703904657869
o_max,30.31110345608063
o_max,-4.085183786121582
o_max,-6.579503487534393
o_max,14.49586572942131
o_max,-38.26792453761352
o_max,0.2210650929785149
o_max,-34.72477955235626
o_max,-6.675688880356262
o_max,10.74009888122558
o_max,-1.529414431613525
o_max,0.8688831296437378
o_max,8.366251701283813
o_max,-21.00915249788086
o_max,-22.5623874418869
o_max,0.2453173434243165
o_max,-32.4704571170398
o_max,-7.284289354741821
o_max,5.40679343291748
o_max,-25.77455538350586
o_max,-3.069822385898437
o_max,-5.643571509941772
o_max,-25.31251922702148
o_max,6.341165202386475
o_max,-10.08304747094177
o_max,-11.45241908191937
o_max,-20.46373291116089
o_max,-2.271817903505859
o_max,-17.03875201201538
o_max,7.733694979179688
o_max,29.42669652190979
o_max,8.33250378190979
o_max,8.16758953190979
o_max,0.2729842069097898
o_max,20.37913451190979
o_max,14.61813200190979
o_max,5.474264317909791
o_max,-3.35425456009021
o_max,1.89915722690979
o_max,5.01169014727539
o_max,10.73427757190979
o_max,7.30488554190979
o_max,14.51857584190979
o_max,9.45325258190979
o_max,5.392097131339112
o_max,17.80951746190979
o_max,7.351924551909789
o_max,-1.00198914109021
o_max,21.65563959190979
o_max,21.98445499190979
o_max,4.74369808490979
o_max,6.282331004909791
o_max,17.13356079190979
o_max,2.797283862158203
o_max,1.36547464390979
o_max,21.78666844190979
o_max,22.77303682190979
o_max,-3.71495262909021
o_max,19.96899189190979
o_max,33.70891391190979
o_max,0.6838137429174811
o_max,16.75313345190979
o_max,2.21890864390979
o_max,33.56683329190979
o_max,8.93700766190979
o_max,3.77506769890979
o_max,5.45636741290979
o_max,5.38379242436084
o_max,16.4562253835083
o_max,8.30394343190979
o_max,15.52025581190979
o_max,11.52177705190979
o_max,8.31081392190979
o_max,-3.562986418346436
o_max,11.86196976190979
o_max,25.47063055190979
o_max,5.13085373790979
o_max,-5.91160726109021
o_max,11.25613186858154
o_max,17.40869140190979
o_max,9.52036425190979
o_max,8.95593437190979
o_max,15.25300894190979
o_max,15.01464988190979
o_max,4.30573458790979
o_max,3.713415546733398
o_max,24.98447465190979
o_max,11.98859603190979
o_max,14.58914017190979
o_max,12.70334400190979
o_max,17.75526123190979
o_max,8.07442565190979
o_max,2.57764571690979
o_max,16.71558299190979
o_max,-2.529091588772461
o_max,-4.05786871009021
o_max,0.3242971059097899
o_max,-3.20740014309021
o_max,9.94502729190979
o_max,-0.4395704650902101
o_max,-1.89959290809021
o_max,-5.37131558109021
o_max,2.12727426737561
o_max,0.4172639909097899
o_max,-4.04979650509021
o_max,3.83147750490979
o_max,-1.13023142809021
o_max,17.78096005122559
o_max,-0.8628486340902102
o_max,0.5235680289097902
o_max,-3.68979380709021
o_max,-2.61776785309021
o_max,33.50883977190979
o_max,4.01977982291748
o_max,2.39570630190979
o_max,5.512093167909789
o_max,2.57033116690979
o_max,0.5128122699097899
o_max,17.85894296461914
o_max,21.82222835190979
o_max,27.86526765190979
o_max,-2.25108923309021
o_max,7.003447342909791
o_max,-1.399785509998047
o_max,21.54862556190979
o_max,4.92328762090979
o_max,-0.6688768500902098
o_max,-5.032155111573486
o_max,11.04849971190979
o_max,8.66725190190979
o_max,26.86222944190979
o_max,3.70740882290979
o_max,9.72809992190979
o_max,5.513503462909791
o_max,16.67373471474853
o_max,11.57977810937073
o_max,-10.29578145762927
o_max,-13.94533240062927
o_max,0.5901662552365723
o_max,5.626929380370727
o_max,20.62536755937073
o_max,-8.436340806948852
o_max,-22.14177350694885
o_max,-19.25884675976868
o_max,-1.556612260845703
o_max,-7.483433489768677
o_max,-26.14589359976868
o_max,-5.106351378768677
o_max,6.064822582231324
o_max,-9.751587820768677
o_max,-0.1114542322391356
o_max,-7.810605379239136
o_max,7.351833617760864
o_max,-20.40320722323914
o_max,-10.84351864423914
o_max,-26.81622809323914
o_max,-7.16397932029242
o_max,1.041970847797363
o_max,-3.094396128923889
o_max,-0.0943796569238891
o_max,0.1637521560761108
o_max,-2.290750015923889
o_max,-5.27952735892389
o_max,-3.144628850923889
o_max,8.609955069521483
o_max,1.498637024076111
o_max,-25.35223771792389
o_max,-4.49199521289661
o_max,-24.41119785689661
o_max,-9.547971362896613
o_max,-6.67406993189661
o_max,-10.79993412689661
o_max,-2.788468858194672
o_max,1.607200446362549
o_max,-0.6255552241946716
o_max,-22.18684882719468
o_max,3.283982611805329
o_max,2.772264118805329
o_max,0.9633289948053284
o_max,-2.834498725194672
o_max,-19.23114666719467
o_max,-22.61357122022934
o_max,-5.14030441822934
o_max,14.81693900840576
o_max,-19.48779642022934
o_max,-28.63772973022934
o_max,-12.32560675022934
o_max,-27.66858229022933
o_max,-9.37001723022934
o_max,-16.28355075022934
o_max,-11.84078518022934
o_max,-10.43465106022934
o_max,8.243109244607789
o_max,2.558071592253418
o_max,-3.87665533522934
o_max,-5.55226377022934
o_max,-6.710025119229339
o_max,-25.97219836022934
o_max,-9.20793160122934
o_max,-19.01701457022934
o_max,-7.75305029722934
o_max,-14.08996046022934
o_max,4.857683426840822
o_max,-11.31545567022934
o_max,-13.74554462022934
o_max,-22.77737305310379
o_max,-20.58327544136658
o_max,2.760213669427246
o_max,-6.338476376366577
o_max,-8.351455568366577
o_max,-38.27025691136658
o_max,-13.93295292697144
o_max,-8.642730546971436
o_max,-28.93166216909363
o_max,-8.997783839093628
o_max,-29.74734352615783
o_max,0.4388047458309325
o_max,-6.14375590771045
o_max,-7.645710687205688
o_max,-5.31191926932788
o_max,-11.49839949735254
o_max,8.151182051767577
o_max,15.38275328032104
o_max,-0.5044897266994628
o_max,5.077425036794312
o_max,0.7586587042783206
o_max,19.37713692723144
o_max,-3.653509129205689
o_max,-2.379474363222168
o_max,-7.948741453327881
o_max,26.63868158176757
o_max,10.67733181930054
o_max,-1.110765087699463
o_max,11.63097080527832
o_max,-4.598339030678956
o_max,-7.63216882772168
o_max,4.447084076767577
o_max,-5.481585947678955
o_max,7.410280690321045
o_max,-5.756188170327881
o_max,-0.0892537982056884
o_max,-5.375895170327881
o_max,-2.552101905699463
o_max,3.89040560167212
o_max,-3.314277231327881
o_max,-5.312769485539551
o_max,-5.094013324699463
o_max,0.0699576028425292
o_max,5.716311873321045
o_max,7.11148562527832
o_max,-2.21820632572168
o_max,-3.703255462327881
o_max,18.76545377527832
o_max,-8.0258554887417
o_max,-3.810938144521729
o_max,7.266391444460449
o_max,-7.076262754327881
o_max,1.51809603827832
o_max,15.59494305917969
o_max,1.568784471767578
o_max,-4.183419123232422
o_max,7.098712849300536
o_max,-4.46665680372168
o_max,-10.30302379173291
o_max,-2.246537800699463
o_max,8.306865179300537
o_max,12.51959698292236
o_max,-0.6611578207216797
o_max,-4.076494207232422
o_max,3.015740534216308
o_max,-3.817327856232422
o_max,36.53864845930054
o_max,-9.66147221532788
o_max,2.133148399289551
o_max,-1.765760787205688
o_max,24.27275508767212
o_max,-2.271068356539551
o_max,-5.571498418232422
o_max,-4.546854817205689
o_max,11.66567128181885
o_max,-5.02636906572168
o_max,-1.265697631678955
o_max,-2.335212899699463
o_max,-0.8943352396789552
o_max,-3.65703206972168
o_max,-3.60159228353955
o_max,-4.668498126077637
o_max,-1.329767498078369
o_max,-4.356221716678955
o_max,18.81604185930054
o_max,0.2159363485791008
o_max,-19.0001827102832
o_max,2.768507489278321
o_max,-7.462308547678955
o_max,2.550091591478271
o_max,6.512514434460449
o_max,-4.093569467699463
o_max,-11.83045077135254
o_max,7.846413130321045
o_max,-3.788250281539551
o_max,-4.782818792539551
o_max,-6.84531689072168
o_max,0.8708737497646486
o_max,-4.651937517539551
o_max,-8.134463855205688
o_max,22.35128790979431
o_max,-3.311381863539551
o_max,8.757523039300537
o_max,1.025950057300537
o_max,-0.8799671056789551
o_max,21.32138422032104
o_max,1.373716478321045
o_max,12.68406607767212
o_max,8.146020674052734
o_max,3.39024962227832
o_max,-5.23010645472168
o_max,10.43524416979431
o_max,2.176533244300537
o_max,-5.748738861327881
o_max,0.7193956534604489
o_max,13.84989574979431
o_max,-8.445055938078369
o_max,-0.1851029127216801
o_max,16.57955707179443
o_max,8.11699659592163
o_max,0.3053326237675779
o_max,-8.82798980820569
o_max,34.39107605176758
o_max,33.42530260477783
o_max,-1.403638434539551
o_max,-8.63332291632788
o_max,26.03523122176757
o_max,-7.050912480351075
o_max,-0.4818959246994625
o_max,6.408192978581543
o_max,11.14211866176758
o_max,-1.678961371222168
o_max,-5.939113481521728
o_max,-4.99506531172168
o_max,-2.866801116327881
o_max,-5.757023137678955
o_max,-3.800217848539551
o_max,6.623652171767578
o_max,16.46648380176758
o_max,-2.202220293741699
o_max,9.661458859179689
o_max,-3.87089125972168
o_max,9.346772950321045
o_max,-7.020728731741699
o_max,-6.3814160017417
o_max,-7.578758670206299
o_max,16.92504489176758
o_max,3.786789909278321
o_max,2.490485866278321
o_max,7.972541919794311
o_max,-3.760901798678955
o_max,0.5884763333571779
o_max,-5.941935548232422
o_max,29.84353846292236
o_max,-3.452382985205689
o_max,-7.94396290373291
o_max,-8.18242025332788
o_max,-0.1943760457216798
o_max,0.2504734213210451
o_max,23.55145172527832
o_max,0.0947163632582999
o_max,-0.666027225327881
o_max,1.795818383794312
o_max,1.295371369300537
o_max,-5.47551747672168
o_max,-5.696402267699463
o_max,-5.60195810072168
o_max,-6.856342702232422
o_max,-2.982750522699463
o_max,2.690404956794312
o_max,-5.083925770699463
o_max,4.856589064460449
o_max,4.976301686381834
o_max,-3.833001682205689
o_max,1.493184744672119
o_max,-0.9903849682056888
o_max,-4.162539985699463
o_max,-5.331312361539551
o_max,7.803367294777832
o_max,-3.509573370078369
o_max,1.109188474300537
o_max,17.46915463446045
o_max,-6.226780746539551
o_max,11.6698745797583
o_max,10.86424476176758
o_max,-7.211458112327881
o_max,-4.355424923077637
o_max,-2.120642207678955
o_max,15.46167917930054
o_max,-3.962053829327881
o_max,-3.501798163699463
o_max,-4.884076427222168
o_max,-7.95418862072168
o_max,29.43167204446045
o_max,0.949967724912109
o_max,7.898553251767579
o_max,10.17868005527832
o_max,-7.201223116521729
o_max,-4.91964538972168
o_max,-5.681107500205688
o_max,-6.829621916721679
o_max,-3.58484062272168
o_max,10.09422714527832
o_max,-3.28377471872168
o_max,-0.2602856386789551
o_max,1.968306468569336
o_max,-3.346229823539551
o_max,-6.644894901327881
o_max,0.3898364713005371
o_max,-3.472909870678955
o_max,-5.610357373222168
o_max,2.39589363727832
o_max,-7.496504771077637
o_max,-2.741635031232422
o_max,-7.22827673672168
o_max,-2.02952040273291
o_max,19.1601479761084
o_max,-3.571562479699463
o_max,12.40030211592163
o_max,-1.211054216539551
o_max,-7.831426455232422
o_max,-6.83246566973291
o_max,-5.058642058678955
o_max,9.686739479300536
o_max,29.02815957032104
o_max,11.62108094446045
o_max,1.009974645321045
o_max,-3.398811454327881
o_max,-6.164529412678955
o_max,-1.143753127327881
o_max,-7.462431100232422
o_max,-3.156032941678955
o_max,2.2128366122583
o_max,-9.121180532678956
o_max,-4.609736615678955
o_max,-0.2340715702221683
o_max,-3.907983558327881
o_max,-0.5914033936994629
o_max,-6.288427178078369
o_max,-4.322632151222168
o_max,8.85944838527832
o_max,-3.925201069232422
o_max,-0.0554249586789552
o_max,-4.11230377472168
o_max,12.43691666979431
o_max,-4.04464490672168
o_max,1.158300154767578
o_max,12.8488884197168
o_max,21.55143494592163
o_max,10.03715848979431
o_max,-3.899948241699463
o_max,-5.851817973232422
o_max,-1.429700001678955
o_max,-3.97956256872168
o_max,8.09222356527832
o_max,-7.58124181732788
o_max,0.729062447460449
o_max,10.91282984767212
o_max,10.58174345052917
o_max,-1.58680535572168
o_max,8.22921380626709
o_max,10.03790876979431
o_max,-2.553312621327881
o_max,-5.308214849232422
o_max,-6.10078676972168
o_max,1.696656837794311
o_max,1.509744507321045
o_max,-3.719317034699463
o_max,27.50258719292236
o_max,4.796695539194335
o_max,-2.79490128871045
o_max,-1.177538565710449
o_max,-2.569104231699463
o_max,1.67515540327832
o_max,2.620261831767579
o_max,5.828931551767578
o_max,-8.06401406832788
o_max,-6.747427991699463
o_max,-5.16722699472168
o_max,-4.062223361232422
o_max,14.73054548856934
o_max,-5.652840272678955
o_max,-6.950195907232422
o_max,2.432892630767578
o_max,-2.383238102222168
o_max,-4.27339383572168
o_max,-2.222782159721679
o_max,6.190184659300536
o_max,-7.002767935678955
o_max,-3.316134368699463
o_max,4.238950889300536
o_max,1.76029801638678
o_max,-1.273507192232422
o_max,-5.104864660721679
o_max,0.791857980922364
o_max,-2.535100184678955
o_max,6.719925054777832
o_max,3.397828671777832
o_max,-4.52289444672168
o_max,-3.902629407678955
o_max,-5.834882537539551
o_max,-6.333377830699463
o_max,10.9872693755791
o_max,0.4283634214963379
o_max,0.7633837411547848
o_max,-2.52764995572168
o_max,-0.1416663475395507
o_max,5.06596265467212
o_max,-2.689348407327881
o_max,-2.759452838539551
o_max,-2.933880079222168
o_max,-4.823430035222168
o_max,-8.202360035077637
o_max,9.948161929289553
o_max,16.93052656176758
o_max,7.902514799794311
o_max,-7.415998307699462
o_max,-6.219341490678955
o_max,-2.03058784272168
o_max,-4.609990398381836
o_max,-2.730428953678955
o_max,-8.74167144620569
o_max,3.688416406672119
o_max,0.0193606453005372
o_max,-3.363802682699463
o_max,6.351765923747559
o_max,19.05199239930053
o_max,-3.337103651205688
o_max,-5.822790117352539
o_max,12.39775033176758
o_max,20.36745814930054
o_max,1.625449286300537
o_max,-4.694254854232422
o_max,5.054025035321045
o_max,3.313433149289551
o_max,23.35008338446045
o_max,15.82407866006348
o_max,1.198383312300537
o_max,6.445450775278321
o_max,1.922352245767578
o_max,8.281965384460449
o_max,8.17108073527832
o_max,-3.906544571222168
o_max,-4.46673733853955
o_max,-4.066521895327881
o_max,42.79781682930054
o_max,20.86701336446045
o_max,6.636650110202636
o_max,4.722851187321044
o_max,-9.071177950077637
o_max,-0.825582815327881
o_max,7.63613029527832
o_max,-7.410079091327881
o_max,-6.043810529699463
o_max,19.33337616527832
o_max,0.7532381776721193
o_max,-7.408949058678955
o_max,-3.437248674699463
o_max,-0.3965188785339357
o_max,-2.625491771699463
o_max,1.844669010922363
o_max,-3.855209782232422
o_max,-5.511961841721679
o_max,-0.6440915997216798
o_max,-7.310932797205688
o_max,-4.568874639721679
o_max,0.1869451447943113
o_max,-1.732367335248047
o_max,-2.33618719972168
o_max,-6.663409866699463
o_max,12.18597837767212
o_max,-8.133740053721679
o_max,1.009654638300537
o_max,16.93262401527832
o_max,9.65567741477783
o_max,-2.948020600699463
o_max,-0.3519642552324216
o_max,4.874481524321045
o_max,1.989301193615722
o_max,6.260964174460449
o_max,-3.698379086678955
o_max,18.19954738767212
o_max,-4.375115267699463
o_max,0.6877533322783203
o_max,-3.511229669678955
o_max,33.68050133592163
o_max,-7.791721583678955
o_max,-3.404316894205688
o_max,3.646748371019776
o_max,2.506900360321045
o_max,-4.264506478327881
o_max,2.822153709278321
o_max,2.366646358300537
o_max,2.431112852278321
o_max,-7.180441286678954
o_max,-6.658136287232422
o_max,1.697328145672119
o_max,-7.712596941205688
o_max,-7.461501629678954
o_max,5.517586624895021
o_max,-4.669306042721679
o_max,-6.687870978232421
o_max,-5.270570274232422
o_max,-2.137637571327881
o_max,-0.3311570637216796
o_max,-5.33306083272168
o_max,-8.418772643732911
o_max,-2.49954068653955
o_max,-9.493354357381836
o_max,-1.127826507232422
o_max,2.835287039496338
o_max,-3.684431514205689
o_max,21.72844849979431
o_max,-10.29797803032788
o_max,-2.743978030699463
o_max,-5.25238990672168
o_max,9.01420957527832
o_max,-8.126919817077637
o_max,25.21894852477784
o_max,-1.965475286678955
o_max,18.34905878979432
o_max,8.505710070321046
o_max,-4.298798082222168
o_max,-6.02834313773291
o_max,-6.96002379107837
o_max,-5.789136920327881
o_max,-2.842900951721679
o_max,19.45437232477783
o_max,36.48790848527832
o_max,-1.10651503467041
o_max,12.98872613446045
o_max,-4.959616292222168
o_max,-4.496450144721679
o_max,-3.923269839232422
o_max,-5.463545801232422
o_max,-8.920631346205688
o_max,-4.96708716172168
o_max,7.81303531527832
o_max,29.00860649176758
o_max,-9.87103141823242
o_max,1.071443394000122
o_max,-4.20072293871045
o_max,-3.004758375678956
o_max,-2.449701001699463
o_max,-7.921087492327881
o_max,-6.133810770710449
o_max,-4.18119055372168
o_max,-5.80283597972168
o_max,14.82096598979431
o_max,-6.336170358205688
o_max,2.736285846426513
o_max,-3.861029252699463
o_max,-7.382647315327881
o_max,-0.5780621422324215
o_max,22.65376604032105
o_max,-5.02103888272168
o_max,24.75396220930054
o_max,22.06349732527832
o_max,-5.679329447232422
o_max,0.2859835543210449
o_max,8.459397827672118
o_max,19.2816431297583
o_max,-1.164443761678955
o_max,-7.26124431232788
o_max,16.69029610032105
o_max,4.417624301478272
o_max,-6.232525249699463
o_max,-6.367930112721679
o_max,-5.253882835327881
o_max,-3.153860035539551
o_max,32.73283687979431
o_max,19.66126707930054
o_max,7.979139131339112
o_max,-6.184174526503906
o_max,-6.255909694205688
o_max,14.51283947527832
o_max,10.24764552176758
o_max,1.146986345300537
o_max,4.25696252327832
o_max,6.475121289300537
o_max,13.62261788032104
o_max,-2.268907657539551
o_max,-3.988571647539551
o_max,4.583381084005128
o_max,-1.401350589232422
o_max,0.230183830321045
o_max,23.47423981176758
o_max,-6.065281437232422
o_max,-1.015808784678955
o_max,-2.846658744232422
o_max,0.576758071460449
o_max,19.06912241767212
o_max,-6.990690861232421
o_max,-1.599352155222168
o_max,6.229711330433593
o_max,-1.460090600222168
o_max,-6.868791614188233
o_max,-3.768653662077637
o_max,12.22852092527832
o_max,19.06828920176758
o_max,-0.6619384926789551
o_max,-3.796287393678955
o_max,-2.761425711539551
o_max,-3.873179156539551
o_max,3.215110608767578
o_max,16.29016704930054
o_max,-6.90655043172168
o_max,30.36985491032105
o_max,2.595231057672119
o_max,4.493927964321045
o_max,-6.26602810472168
o_max,14.73571833930054
o_max,-5.090725737699463
o_max,39.83503090527832
o_max,3.566390807466553
o_max,14.35093559279785
o_max,16.61452306979431
o_max,-5.019203999232422
o_max,-2.126706679539551
o_max,3.096068334300536
o_max,-4.326125340222168
o_max,-5.114084965539551
o_max,9.75404001176758
o_max,5.954580259300537
o_max,-2.671225760699463
o_max,-4.828392279381836
o_max,0.8792325172314452
o_max,-4.182048511327881
o_max,0.1388758317943117
o_max,12.15543041767212
o_max,-1.998026124222168
o_max,8.173725750321045
o_max,12.56107960032104
o_max,-7.460223052205689
o_max,-1.095163549902099
o_max,1.234831997794312
o_max,0.9454865742783208
o_max,3.229016623685791
o_max,-3.117522149678955
o_max,8.166860820321045
o_max,-6.729349387205689
o_max,3.825845514278321
o_max,-2.206894544699463
o_max,-3.786112776699463
o_max,6.136891730794311
o_max,5.529552431767579
o_max,-4.705352484539551
o_max,-0.5567987556994627
o_max,17.2031611935083
o_max,0.6775144504604489
o_max,-5.769404258678955
o_max,-5.16764431572168
o_max,-5.830533685678954
o_max,-5.87943594672168
o_max,-2.563504328699463
o_max,-5.253328935077636
o_max,16.65125783928955
o_max,-3.124344129678955
o_max,4.725820298321045
o_max,-5.192189166121826
o_max,-4.082696280539551
o_max,5.77062219867212
o_max,-3.228681801381836
o_max,-3.010451961699463
o_max,-4.047784171327881
o_max,9.132005520321044
o_max,3.836886577300538
o_max,19.48188199930054
o_max,-0.0505348309020998
o_max,1.752864419794312
o_max,14.62053051518066
o_max,16.55992013527832
o_max,-4.715625640232422
o_max,-2.430682382232422
o_max,-1.167483638539551
o_max,18.40032788446045
o_max,-7.634930678769287
o_max,26.82206160477783
o_max,-0.0311027457216797
o_max,-5.34028277732788
o_max,26.62210866979431
o_max,1.126503867460449
o_max,-6.245308174721679
o_max,1.628033710618164
o_max,18.90370935930054
o_max,24.42506977979432
o_max,22.03871321032105
o_max,-6.894023999232422
o_max,-0.4742903812056886
o_max,-3.579575852699463
o_max,-5.45572955272168
o_max,13.95907480518066
o_max,-2.097284764232422
o_max,-5.358908810678955
o_max,10.16417616592163
o_max,-1.110208806521729
o_max,3.668629184767577
o_max,2.371529467278321
o_max,-7.795091095232422
o_max,-4.321371135678955
o_max,27.11818468527832
o_max,2.975027227300536
o_max,-21.82494760728027
o_max,-6.982835722678955
o_max,-6.413858036232422
o_max,27.35945764032104
o_max,-7.977618059205689
o_max,-5.655753157678955
o_max,-5.160892398232422
o_max,3.135745235794311
o_max,9.53192889446045
o_max,6.279583449672119
o_max,-6.230695102232422
o_max,4.773240918360839
o_max,-2.426945696539551
o_max,-3.338442263327881
o_max,-6.793612746077637
o_max,17.40603741176758
o_max,2.133055969300537
o_max,-0.1037140922324217
o_max,-6.702404060539551
o_max,-2.088025517232422
o_max,-6.059216052678956
o_max,-4.308639578232421
o_max,6.496167230466552
o_max,2.71410474636084
o_max,-3.529294184539551
o_max,-2.849908509699463
o_max,9.36372397767212
o_max,-1.094814505232422
o_max,-2.557950047205689
o_max,-1.448845117678955
o_max,5.649531880321044
o_max,-5.98293628472168
o_max,-0.3282615402221678
o_max,6.828379944005127
o_max,-3.757145908232422
o_max,-5.009988533232422
o_max,-1.697700718232422
o_max,9.68073647446045
o_max,18.97438204527832
o_max,6.951560809300537
o_max,6.97626837527832
o_max,-3.439660351678955
o_max,27.50516049767212
o_max,5.285625800993653
o_max,-5.447738553232422
o_max,-5.535939451205689
o_max,-4.535852674232422
o_max,-3.844741499678955
o_max,-4.091587280699462
o_max,-1.598304422327881
o_max,-6.045446578699463
o_max,-3.191835410232422
o_max,2.546933822321045
o_max,14.21877480477783
o_max,5.649724970993653
o_max,-4.15799814432788
o_max,-4.931038292539551
o_max,8.547110069300537
o_max,-5.36714467972168
o_max,35.01055654626709
o_max,-5.476891885381836
o_max,6.070122494794312
o_max,-5.866633918521728
o_max,-4.103976851699462
o_max,9.971832169794313
o_max,-14.63627480199487
o_max,-4.285458641327881
o_max,3.79395425146045
o_max,-2.031872587678955
o_max,-1.539734273539551
o_max,6.718096366267091
o_max,3.108763249672119
o_max,1.337637114767578
o_max,-4.062597654699463
o_max,-2.476463747699463
o_max,-5.73540362472168
o_max,-1.847358833129639
o_max,-6.232457083232422
o_max,-4.80404081272168
o_max,-1.463946604539551
o_max,6.092623131767578
o_max,-4.74689649372168
o_max,-1.409384965222168
o_max,13.01592164446045
o_max,3.390026817321045
o_max,-5.404005652539551
o_max,-1.965058680232422
o_max,1.551488127297363
o_max,4.370659415321045
o_max,-1.865421926699463
o_max,-8.704679813205688
o_max,3.970122340278321
o_max,7.47405393446045
o_max,-23.70760135005615
o_max,-25.02661647367463
o_max,-12.95919758278674
o_max,1.022719946009766
o_max,-2.847814034056152
o_max,-5.695404243533448
o_max,-20.75082260367462
o_max,-16.42684248427673
o_max,-2.717816570786743
o_max,-22.77596158961803
o_max,-24.11743631892761
o_max,-15.62874321552246
o_max,-15.88650059427673
o_max,-3.387074221160645
o_max,12.2264546866626
o_max,-0.5044742927314454
o_max,-26.56221363328857
o_max,-23.09374170169433
o_max,-20.05502142506348
o_max,-26.56525527854004
o_max,-12.97447235669434
o_max,-13.74465572569427
o_max,16.96920091022339
o_max,-1.58510897035498
o_max,1.69427293364502
o_max,2.02781092364502
o_max,1.07952286964502
o_max,-0.3727714193549802
o_max,-4.699140092990234
o_max,7.169877098645019
o_max,3.469948581645019
o_max,6.000632330223389
o_max,5.703288478878173
o_max,31.55505984762817
o_max,0.7054817016450192
o_max,-0.3758163613549801
o_max,-10.65829940399024
o_max,4.649862621645019
o_max,4.018572413645019
o_max,10.42899677864502
o_max,-12.64487692399023
o_max,-4.888329031990234
o_max,-2.918519541990234
o_max,8.234551032922363
o_max,-8.008027749990234
o_max,15.44475643500976
o_max,2.50293001964502
o_max,-7.04045313752246
o_max,-5.420868538354981
o_max,-14.73382125277466
o_max,-7.313448664354981
o_max,-2.593264055990234
o_max,9.11915174864502
o_max,-11.75325785099023
o_max,3.791113207297363
o_max,6.835191660223389
o_max,-5.525793384990235
o_max,-6.66447775935498
o_max,5.468432100223389
o_max,-7.07628456835498
o_max,-9.846706133990237
o_max,-1.505309281354981
o_max,5.948938835009766
o_max,-18.30050479499023
o_max,7.639414328645019
o_max,13.9338499708374
o_max,-10.70061845999024
o_max,-5.638009022876099
o_max,2.16164259264502
o_max,-8.64913072835498
o_max,6.43913802864502
o_max,3.02423280164502
o_max,-15.9817539498761
o_max,1.87427553364502
o_max,-6.138967592990234
o_max,5.74055003864502
o_max,15.80746836729736
o_max,-10.99013945699024
o_max,-10.82218378335498
o_max,-6.693975524990234
o_max,-8.173055665990233
o_max,2.21472659164502
o_max,5.448678658645019
o_max,15.09501949500976
o_max,-1.13328796335498
o_max,2.03287988364502
o_max,4.426739557009766
o_max,12.08634431694092
o_max,-5.293479378990234
o_max,13.78991726864502
o_max,-8.542871612990234
o_max,8.756102597628173
o_max,6.372791558645019
o_max,18.63965296489502
o_max,-1.101086563817962
o_max,-0.2706645814697257
o_max,13.38415287729736
o_max,-6.325286258612305
o_max,-9.699429424280272
o_max,-0.7111864242802728
o_max,0.4655698159936525
o_max,30.39106341489502
o_max,1.898670103283814
o_max,9.484925572719728
o_max,4.738149398945922
o_max,2.109026690955627
o_max,10.01121489081055
o_max,11.11938838190979
o_max,-27.98681326022934
o_max,8.52572665190979
o_max,-5.571156435768676
o_max,1.713556037553712
o_max,9.997632919716796
o_max,32.62481550190979
o_max,-0.0078010002924193
o_max,-5.483327950948853
o_max,8.23598041190979
o_max,24.20164452190979
o_max,19.08682254190979
o_max,0.44540032490979
o_max,39.72718370190979
o_max,33.49080556190979
o_max,38.13059070190979
o_max,11.56210738400513
o_max,-5.930736805629273
o_max,17.97703351190979
o_max,-16.47685433694885
o_max,8.371996711909791
o_max,-4.112008940948852
o_max,12.29950554190979
o_max,-11.84838930792389
o_max,14.40220185190979
o_max,9.43818511190979
o_max,15.91185082190979
o_max,8.656825252719727
o_max,-5.78333270809021
o_max,15.04541663190979
o_max,23.33659815190979
o_max,-7.50541518209021
o_max,17.58768140190979
o_max,0.1242800239097898
o_max,10.09491465190979
o_max,-0.6069484630902098
o_max,4.82717448590979
o_max,10.68264184190979
o_max,8.717535000805665
o_max,4.10136505990979
o_max,13.52770357682831
o_max,-1.581697516862305
o_max,12.16178544413269
o_max,30.52403514323181
o_max,8.322474483568115
o_max,-9.478734690626222
o_max,6.651860764568115
o_max,14.49950556638916
o_max,-1.363102115357178
o_max,1.689217095833984
o_max,-0.7344059256262208
o_max,11.04243874190979
o_max,20.98792337190979
o_max,0.4153787609097898
o_max,13.71078372190979
o_max,6.52965595190979
o_max,8.57966832190979
o_max,23.92890583190979
o_max,-0.6621249690902098
o_max,2.116133348878174
o_max,16.92394003190979
o_max,0.7058194979097903
o_max,19.00115197190979
o_max,-6.14008896589978
o_max,-20.6953133499585
o_max,-6.174886059958496
o_max,6.232491272100219
o_max,3.855964810794678
o_max,-6.418659951205322
o_max,-6.430746083870849
o_max,1.84027619553955
o_max,-21.46213765964111
o_max,-6.450170461147583
o_max,-7.664510820533447
o_max,8.066308662185058
o_max,-2.630948310122559
o_max,11.07284151780006
o_max,6.981857352330078
o_max,-1.936361929122559
o_max,-0.5657167965490721
o_max,11.15948887333008
o_max,12.63320809409363
o_max,11.2396937924292
o_max,-4.203033637639161
o_max,-1.760310763891601
o_max,8.790295829330079
o_max,15.12139197358093
o_max,23.31851088358093
o_max,-8.1272007935708
o_max,15.48374104624023
o_max,-12.44925907641907
o_max,0.3120181293300781
o_max,21.20015025358093
o_max,6.297249281580933
o_max,13.90470063333008
o_max,4.515457941931153
o_max,10.70969598224991
o_max,-8.324160985956421
o_max,4.306635920580932
o_max,8.185179806711425
o_max,9.355893432749024
o_max,-7.905494465368957
o_max,4.136563879043579
o_max,-0.1193639080356445
o_max,-24.79510104375976
o_max,19.29887852624024
o_max,6.896310402964355
o_max,10.35496798963104
o_max,18.53646064333008
o_max,-30.89158211036896
o_max,-5.384831663089599
o_max,-0.1389923439289551
o_max,20.30315087624023
o_max,2.252589372093628
o_max,17.5363886524292
o_max,-6.511271799759766
o_max,5.779060519716797
o_max,13.63561361358093
o_max,7.016611559240234
o_max,1.386822904997558
o_max,-13.84054318517395
o_max,-26.49058175269409
o_max,-0.6303839072395023
o_max,19.25550839941162
o_max,-9.44934097100879
o_max,-7.001752331239502
o_max,-2.411579669404785
o_max,0.6472213265698237
o_max,-5.591822880291992
o_max,6.66931493472168
o_max,2.893335268760499
o_max,-7.367643386434571
o_max,-0.8838884839172363
o_max,0.2929684672873538
o_max,-10.52081050940479
o_max,-6.650411627395264
o_max,11.8954876841272
o_max,-0.4330425532023927
o_max,2.067591430715332
o_max,-10.09587989620239
o_max,-13.53891004647339
o_max,-4.476066562404785
o_max,7.671925612590332
o_max,-3.010602595586914
o_max,18.20454766259033
o_max,-0.1368186872919921
o_max,-35.82998049314847
o_max,6.326490432595215
o_max,11.78322478091553
o_max,15.83619796729736
o_max,0.8969387034909664
o_max,9.107803204938964
o_max,8.54517713489502
o_max,-10.61504797036896
o_max,-5.53731219988855
o_max,-3.448573615126159
o_max,-0.3064301926391604
o_max,-10.8731043165564
o_max,1.253107035835937
o_max,4.181876334244141
o_max,3.117364663880249
o_max,-7.176712083288575
o_max,3.656910979071045
o_max,-22.5311926765564
o_max,-4.046032465202638
o_max,-0.0961364965711668
o_max,-5.454759200201416
o_max,11.4385538989104
o_max,9.676172464093629
o_max,3.172458566093628
o_max,-4.260209926368957
o_max,-32.01375499711975
o_max,-8.638446883288575
o_max,-4.773236950283203
o_max,-1.457906325197266
o_max,-7.607828448888549
o_max,-1.377802882368957
o_max,-16.26866134036896
o_max,17.7962133361084
o_max,-22.89580664975586
o_max,-11.00106281857117
o_max,-25.03793150328858
o_max,-11.9712527680896
o_max,0.9347072098027344
o_max,-31.28120937036896
o_max,-12.28953145212183
o_max,0.6548987942838136
o_max,2.865801535000122
o_max,-7.262599530164917
o_max,4.558573834019775
o_max,1.728359927553711
o_max,3.751835392185059
o_max,6.325469449716795
o_max,0.272509471727661
o_max,5.154969372628784
o_max,-5.836764269249176
o_max,2.435742442719727
o_max,14.68334353400512
o_max,4.444385498725586
o_max,5.393967965034668
o_max,-1.719748873233398
o_max,15.11533071104736
o_max,-8.14160860010498
o_max,11.57143597271973
o_max,9.130412449521485
o_max,-6.138826212048828
o_max,-4.785462656121826
o_max,4.665695935539549
o_max,-2.133202804694275
o_max,-5.524266386121826
o_max,7.42568913071533
o_max,6.501414425433594
o_max,7.97581073946289
o_max,-15.81436094278809
o_max,3.046728985751953
o_max,-7.488325840932129
o_max,-1.586252790274415
o_max,8.261130831047364
o_max,12.99993447400513
o_max,5.204856996766601
o_max,5.702838682572022
o_max,-10.77862979155396
o_max,5.920410179521484
o_max,1.843779995005127
o_max,8.405288851169677
o_max,4.669323349349366
o_max,9.702297424213867
o_max,-3.87125518812964
o_max,-2.824270514630982
o_max,2.937251974011169
o_max,-4.894900363274414
o_max,2.565384101357422
o_max,0.5069316598339846
o_max,-15.39058105007715
o_max,-5.354927020535156
o_max,6.242153940004883
o_max,-1.184016876612305
o_max,-7.45255725521875
o_max,18.89753292104736
o_max,6.621506837536622
o_max,-5.713166840427734
o_max,-5.344613611194336
o_max,-5.835224827616943
o_max,2.038288360433594
o_max,5.633371048169678
o_max,-7.004633689061035
o_max,3.211038245683593
o_max,-7.978426411861573
o_max,4.298159448014526
o_max,3.378554242086914
o_max,0.382900583213257
o_max,-5.930529060618034
o_max,3.310853835142089
o_max,3.552925107014526
o_max,2.482269823072388
o_max,1.963295167806152
o_max,2.911071766129151
o_max,-3.354208388638184
o_max,0.5699601413819657
o_max,-4.978281750618034
o_max,0.3207395832543946
o_max,-0.9810481059106444
o_max,-1.398535395638183
o_max,-2.603445666638184
o_max,-2.57906856185791
o_max,3.836149469361816
o_max,-2.153568737131348
o_max,3.27956259414209
o_max,3.67918324914209
o_max,-1.691625242335236
o_max,2.201955580664765
o_max,-3.15727702085791
o_max,3.512889539361816
o_max,0.3446351138061523
o_max,0.1281684303819656
o_max,-3.88595541785791
o_max,3.218542744086914
o_max,-0.7552624278708495
o_max,5.138317129339844
o_max,-7.24576889841156
o_max,-2.421543783919678
o_max,-3.34926677616858
o_max,-0.0209471068708495
o_max,-2.758004690817963
o_max,4.645796987727661
o_max,-0.948450835249176
o_max,0.5584790757556153
o_max,3.33373921033374
o_max,-6.134199558244385
o_max,0.3399618957556152
o_max,-4.218322386963226
o_max,2.1314479677253
o_max,0.304320753724121
o_max,0.93583347433374
o_max,-2.407461870054505
o_max,3.458201521750824
o_max,-5.579981158244385
o_max,-3.36398370642334
o_max,1.991798680234314
o_max,-0.6346969081448974
o_max,6.221830780851319
o_max,-4.102636365275879
o_max,-3.459798233765686
o_max,-2.224285216790299
o_max,-4.63269389742334
o_max,-6.325063388790299
o_max,4.892568172102051
o_max,3.571122317036774
o_max,2.167103669344726
o_max,-4.111023139963226
o_max,3.553742439840576
o_max,-4.577625325565613
o_max,4.391736226620666
o_max,0.5102501729879152
o_max,-3.127494798689209
o_max,-1.065818011459717
o_max,-5.379926225379333
o_max,-1.159824637693359
o_max,5.645126010433594
o_max,-7.990160465379334
o_max,5.268835539860718
o_max,2.278291468620667
o_max,-8.379077689379333
o_max,13.74346923231079
o_max,6.313694312310791
o_max,15.71919012582886
o_max,6.260502002310791
o_max,2.818744300620667
o_max,5.056944792310791
o_max,5.389366008641602
o_max,-2.215031604379333
o_max,12.98584061231079
o_max,7.733252957860717
o_max,-7.249005518557862
o_max,-13.71713263957153
o_max,-5.61880299921521
o_max,8.875159803946532
o_max,7.710454226226807
o_max,-4.70781142021521
o_max,-17.91667394528977
o_max,-1.49514355563565
o_max,3.33482412478479
o_max,8.309434824593506
o_max,8.90250086508667
o_max,1.893599249946533
o_max,1.509512817710236
o_max,-3.540659353776367
o_max,4.739611101634461
o_max,6.430908849036864
o_max,-9.628680575379333
o_max,14.70083600188843
o_max,-1.797630175612305
o_max,2.122413102043213
o_max,20.58200159006104
o_max,-11.99450393696314
o_max,-3.692898742379334
o_max,9.685922567558594
o_max,6.297945816968994
o_max,-2.724422263139282
o_max,4.839743899641602
o_max,9.227986270985108
o_max,1.185620319043213
o_max,2.241159206860718
o_max,1.130093784987915
o_max,-10.21731655737933
o_max,31.96373158303711
o_max,4.445157534036774
o_max,3.46463479957666
o_max,2.316831566755615
o_max,-2.829830007244385
o_max,0.2352840849931636
o_max,3.754189342851318
o_max,1.9292073597253
o_max,6.308578320234314
o_max,0.8416873612343139
o_max,3.872094157755616
o_max,-3.689607166861572
o_max,-1.567818845711731
o_max,4.804846004288269
o_max,1.725661991755615
o_max,3.711521270724121
o_max,-0.0894287136552733
o_max,0.4326801133447269
o_max,-1.431372848614639
o_max,20.39814575290527
o_max,-1.663744479571533
o_max,4.233967198797363
o_max,18.0817119127832
o_max,-1.213281420053467
o_max,1.097220885385361
o_max,-6.403247282808105
o_max,0.9196019810866698
o_max,1.655295541634461
o_max,11.48202429298462
o_max,9.286726924593506
o_max,9.57533075508667
o_max,8.913965145086669
o_max,1.889582223839356
o_max,9.80619057508667
o_max,3.824207557946533
o_max,5.86933696963446
o_max,1.779092013921753
o_max,-7.88981934236554
o_max,-5.75938341521521
o_max,6.026036338699218
o_max,6.61563550508667
o_max,2.482767268755615
o_max,5.64328496033374
o_max,-1.411672653144898
o_max,4.996029976234314
o_max,2.12060019857666
o_max,2.611155385234314
o_max,4.928167802685669
o_max,-0.0053908722443849
o_max,6.038121120288269
o_max,-3.413029233861573
o_max,8.479212568471649
o_max,3.765905573691925
o_max,1.193989409344726
o_max,2.898371830755615
o_max,3.60053141057666
o_max,1.327338192288269
o_max,-2.660061825244385
o_max,3.024354857755615
o_max,3.15025179633374
o_max,2.30827112057666
o_max,5.776167830234314
o_max,7.808669373034668
o_max,1.63621205133374
o_max,-0.605153576711731
o_max,6.09744052957666
o_max,5.146740381755615
o_max,3.313810986855103
o_max,0.677532734685669
o_max,-1.777678016148682
o_max,3.101612584755616
o_max,3.752834117840576
o_max,3.063939064288269
o_max,-3.814772140424622
o_max,5.493236692288269
o_max,3.897132801945496
o_max,3.273954851036774
o_max,4.156110682419312
o_max,0.8409366191616212
o_max,0.684577404161621
o_max,4.488209047036774
o_max,11.06733277057129
o_max,0.3632390608251956
o_max,12.29783135869812
o_max,3.345411616070557
o_max,4.240748244615967
o_max,-7.882060278428711
o_max,1.134883170825196
o_max,1.220798470571289
o_max,4.963055537709168
o_max,-2.023920801638428
o_max,-1.669674404431152
o_max,-6.312365160929444
o_max,-0.7844242907712404
o_max,10.64010508057129
o_max,-5.044829852111816
o_max,-13.17190459640137
o_max,4.087144580617675
o_max,-0.8974211325346673
o_max,0.3846119744653329
o_max,13.16794123809326
o_max,16.86056699809326
o_max,2.691994866742675
o_max,-3.907839058099121
o_max,4.132756487341064
o_max,4.756158254746094
o_max,1.578095231070556
o_max,-1.034579716638183
o_max,-2.690354182129639
o_max,-0.0681096211938476
o_max,2.453363960014526
o_max,2.510493555381966
o_max,4.820598037086914
o_max,2.09206172612915
o_max,2.427354113477539
o_max,3.707041228325378
o_max,-2.409495560674622
o_max,6.033698651470215
o_max,-1.468935675913086
o_max,-1.452830890913086
o_max,5.957248457325378
o_max,0.9339301590803224
o_max,-2.579364326160644
o_max,0.4497601311791985
o_max,0.3014257023410644
o_max,5.495458783723267
o_max,-11.70297119263843
o_max,-2.659354694985474
o_max,2.996331450009766
o_max,4.962708007615968
o_max,2.131431161034668
o_max,1.273309534465332
o_max,10.06681329321777
o_max,1.55221627114209
o_max,2.638412789470215
o_max,0.8303699060869141
o_max,5.59277775447754
o_max,2.584359576641601
o_max,4.832650277615967
o_max,-1.816386653917481
o_max,-8.448066132929444
o_max,-2.420737402268738
o_max,-11.96341781479202
o_max,-3.75970240887085
o_max,4.527964722541505
o_max,6.64535155057129
o_max,-0.6406104955346681
o_max,1.859085101047363
o_max,4.766019971179198
o_max,5.871075330571289
o_max,17.07149526999756
o_max,0.5277183438061521
o_max,-5.031644168618034
o_max,-0.6119742766180344
o_max,5.230565301179197
o_max,-6.072479420249176
o_max,-1.224389482927612
o_max,0.3901437790723876
o_max,-5.861952664918945
o_max,-1.52459570885791
o_max,-1.834463051249176
o_max,2.293214307325378
o_max,-2.648446946534667
o_max,-1.09863843520459
o_max,-9.275710826384032
o_max,8.893170213217772
o_max,6.034053356070556
o_max,-6.08080315487085
o_max,-7.230690584658935
o_max,12.3119703411792
o_max,6.363914486070557
o_max,8.691701137615967
o_max,-2.375753737355469
o_max,-4.922696040679565
o_max,2.172009100839356
o_max,13.70264459032044
o_max,-0.6828012706795654
o_max,6.149038903320434
o_max,9.160347530320434
o_max,-1.792608442679565
o_max,19.27201880032043
o_max,4.443841248320434
o_max,-1.566520865679565
o_max,4.129056576320434
o_max,-0.0731696431518553
o_max,-3.459177963679565
o_max,7.626487923320434
o_max,16.51437474032043
o_max,3.659476670320434
o_max,9.711866120320437
o_max,5.103469100320434
o_max,7.886352730320434
o_max,-4.736783749679566
o_max,11.19452986032044
o_max,1.756447299138428
o_max,4.56694586536435
o_max,7.629960100320435
o_max,-1.175713440679566
o_max,14.97322586032043
o_max,5.021535436254517
o_max,6.818666097320435
o_max,4.110957636320435
o_max,13.49229950032044
o_max,-4.296452875483398
o_max,-9.824157085023682
o_max,-3.620341051023682
o_max,-4.048644794023682
o_max,-7.150035472023681
o_max,-2.292527991023681
o_max,-14.60950293302368
o_max,-7.574700397023681
o_max,-5.010597314023681
o_max,-5.182000422023682
o_max,2.786631050344238
o_max,-12.34678988302368
o_max,-3.403638844023682
o_max,-5.495948651023681
o_max,-7.533135335023681
o_max,-4.160591280023682
o_max,-11.41463192002368
o_max,-6.622511348023681
o_max,-10.68725074502368
o_max,0.9094216069763186
o_max,-9.026077582023682
o_max,0.5397228223066408
o_max,-6.572384718023682
o_max,-4.364479895023681
o_max,-9.01252665002368
o_max,-11.36287490502368
o_max,-6.877368328023682
o_max,-4.433133447745483
o_max,-19.18006214967956
o_max,-0.6718596936795653
o_max,-20.88490960967956
o_max,18.17646477025452
o_max,3.178904133182038
o_max,14.63759429032044
o_max,18.22886164025452
o_max,14.58354568032043
o_max,22.93498998025452
o_max,4.660798904320434
o_max,21.91236505025452
o_max,8.606077360320434
o_max,2.396376389320435
o_max,10.02926002032043
o_max,7.095741340888184
o_max,-0.3042790514208988
o_max,4.058270647870361
o_max,19.14556053032043
o_max,9.984470330320434
o_max,0.4398825384665525
o_max,-2.419402204679566
o_max,2.083085092320434
o_max,-2.115411103817963
o_max,16.59676515032043
o_max,-4.213683548160644
o_max,1.372467730715332
o_max,7.307068802320435
o_max,-1.489333290679566
o_max,9.735998730254517
o_max,7.452088311868653
o_max,17.33556432025452
o_max,25.30131712025452
o_max,9.817074040254516
o_max,4.110750274870361
o_max,2.452117681466553
o_max,-0.991177543249176
o_max,7.523721049433593
o_max,1.914772499034668
o_max,-0.4645961332026367
o_max,0.4128287988393553
o_max,3.109125129870361
o_max,14.54906335489502
o_max,0.6780032078481444
o_max,-5.217214816540527
o_max,9.61737605230957
o_max,11.96310370446289
o_max,6.973340235639649
o_max,1.768418946816406
o_max,6.409520101433594
o_max,7.099560629409179
o_max,-0.0781827130712891
o_max,6.381318115034668
o_max,3.198479512836181
o_max,-9.574282900679568
o_max,2.967452994320434
o_max,5.589028874254517
o_max,8.213880650254517
o_max,-2.5008754610896
o_max,10.01597061032044
o_max,-5.687053835679565
o_max,10.38348179032044
o_max,4.030002505320435
o_max,-3.336503621679565
o_max,2.390947148320435
o_max,-7.388235930023682
o_max,-9.56199966602368
o_max,-1.8950322780896
o_max,11.28576193946289
o_max,12.66150800025452
o_max,-7.887493813023681
o_max,-12.37968698967957
o_max,21.24807559025452
o_max,4.894955212320435
o_max,-6.851422203023682
o_max,1.824158540910401
o_max,-8.803324784023681
o_max,-2.9369040450896
o_max,-1.324513793598633
o_max,-17.1871139230896
o_max,-5.673404157679565
o_max,-10.65353194067956
o_max,0.1321643469104003
o_max,-16.79237069967957
o_max,15.42988087032044
o_max,8.367582770254517
o_max,-3.4290999590896
o_max,3.3243734189104
o_max,9.237295721464845
o_max,5.4952748719104
o_max,-15.71882100302368
o_max,0.0697893653204344
o_max,-0.2645057690895995
o_max,5.584127189910401
o_max,-0.2550888490895997
o_max,11.88578383032044
o_max,6.208742802320435
o_max,12.20973319032044
o_max,-5.503170963023681
o_max,4.755962971742676
o_max,-9.405920781089598
o_max,-4.578477538089599
o_max,7.039203035320435
o_max,8.785398360254517
o_max,11.71254671032044
o_max,6.306789518320434
o_max,-1.108159793679566
o_max,6.905166999320434
o_max,14.06106005025452
o_max,17.52215779025452
o_max,6.811018802320435
o_max,-8.987105635679566
o_max,20.62274542025452
o_max,22.25361073025452
o_max,1.541818364320434
o_max,3.817693075320435
o_max,17.23940564025452
o_max,2.964235092320434
o_max,5.319141617742676
o_max,9.963011170320437
o_max,12.45050374032043
o_max,-2.426639910679565
o_max,9.387492080320436
o_max,13.94092424032044
o_max,18.14350998032043
o_max,2.914079474320435
o_max,-5.373096115679566
o_max,0.2374080923204347
o_max,7.456803314034667
o_max,18.38013688025451
o_max,19.44606132032044
o_max,6.249430796320434
o_max,11.94521448032043
o_max,-3.344225011023682
o_max,2.7697381119104
o_max,-14.75887941302368
o_max,-10.8346865270896
o_max,-0.3546220280895995
o_max,-3.549625467023682
o_max,1.189786895868652
o_max,-13.52315973302368
o_max,-4.0212798530896
o_max,-2.3074642660896
o_max,-8.1018931870896
o_max,-4.9085089350896
o_max,-6.1390617350896
o_max,-1.4892587640896
o_max,1.630949786385742
o_max,-2.27481774763916
o_max,6.090965037104736
o_max,0.7161330960815437
o_max,3.013532941134521
o_max,-1.516811019859985
o_max,-1.631486974031983
o_max,-0.696765369902832
o_max,2.108929240669556
o_max,-1.714278966693268
o_max,2.132344128799317
o_max,-4.261116741223876
o_max,4.789086993634765
o_max,4.497740530377442
o_max,3.065890465134522
o_max,8.375613678166506
o_max,5.594786519947999
o_max,-2.419648240695068
o_max,-6.259930532604493
o_max,3.772229566868652
o_max,-0.1271285179085692
o_max,0.5638669322321777
o_max,1.602642326393311
o_max,0.3142104702104493
o_max,-5.139303300657715
o_max,1.404535574377442
o_max,-0.7322421230156251
o_max,1.930750835489502
o_max,1.015717256947998
o_max,-4.622166754763428
o_max,2.940994488097168
o_max,2.275042286156738
o_max,-8.710792728693267
o_max,3.004738491682373
o_max,2.701220123776123
o_max,-1.523180430789551
o_max,-18.28623065256592
o_max,9.244463157302246
o_max,-0.147657860783692
o_max,0.9924766711696776
o_max,-5.986293113591675
o_max,-3.488177462591675
o_max,-1.408123311223877
o_max,0.6024407463208004
o_max,1.080732369190491
o_max,14.33822286144196
o_max,0.2699415314083251
o_max,-1.153698484421234
o_max,7.516887413491212
o_max,-3.009560545693268
o_max,-0.1541365299028321
o_max,1.955803444169678
o_max,-5.226780290421234
o_max,-2.171300798591675
o_max,20.04699990796875
o_max,-0.141137354094238
o_max,3.529107570952148
o_max,6.220201458673157
o_max,2.951494121617188
o_max,-5.919076219264404
o_max,5.787457475080627
o_max,1.682957240578766
o_max,-0.3344342939028322
o_max,1.079869277917725
o_max,1.110176106016449
o_max,12.00006178459717
o_max,20.86013707537841
o_max,-9.867373236062011
o_max,-3.08063889257869
o_max,3.053342727878418
o_max,-1.987324522902832
o_max,-1.774498618937256
o_max,-2.623826681945923
o_max,4.975413875111572
o_max,5.399393524080628
o_max,12.9867159775415
o_max,6.271873922054077
o_max,-2.393320288534393
o_max,10.65084412787842
o_max,-1.579019047693268
o_max,-1.898289475716186
o_max,13.46601804432251
o_max,11.91088414934326
o_max,-1.947704254611435
o_max,-0.8645496007161864
o_max,4.219618419080628
o_max,-5.700373085104126
o_max,2.338146576111572
o_max,7.504809034089233
o_max,3.402370383852783
o_max,5.141475634597168
o_max,5.174073906060791
o_max,12.66277916699463
o_max,0.321465675823944
o_max,6.134753054001953
o_max,9.38020312940847
o_max,3.644185590941406
o_max,1.727709693379883
o_max,12.09211904542969
o_max,6.593141870016357
o_max,3.343482564016357
o_max,12.96707289699463
o_max,9.600079885429686
o_max,8.24638724699463
o_max,-0.4598302738451232
o_max,7.019003451867675
o_max,-2.167189837212158
o_max,0.6764724917119143
o_max,11.11697028699463
o_max,7.898690675429687
o_max,1.794694809089233
o_max,5.427325395495606
o_max,4.499310655009277
o_max,0.8526623821291504
o_max,-1.451188207368164
o_max,-0.2432957961126404
o_max,0.1876353279411624
o_max,4.193757385429688
o_max,-3.007797613170166
o_max,1.066632696052735
o_max,-2.846498317978027
o_max,9.986970671339112
o_max,0.1175862980527346
o_max,13.34831843542969
o_max,-0.4285058656243898
o_max,18.72477426889404
o_max,-0.8713026284801026
o_max,4.781437047871094
o_max,17.1359818702124
o_max,-9.555686158372804
o_max,6.423470415090332
o_max,2.315815301062011
o_max,7.776524405674194
o_max,-1.049100693249176
o_max,5.675081337541505
o_max,-0.1532461195844732
o_max,2.204798757652344
o_max,-1.782219329660888
o_max,1.278982937640503
o_max,5.282904644052735
o_max,2.854416993415528
o_max,7.795695549194336
o_max,3.946060839553711
o_max,16.29340899328857
o_max,0.7849101280607913
o_max,-9.85755584362439
o_max,12.91688654407715
o_max,0.5655023986550293
o_max,1.312679897871094
o_max,12.21321667133911
o_max,-3.209989607157226
o_max,-9.778708664820313
o_max,-0.5354055001572267
o_max,-3.16573516162439
o_max,-1.950543037733398
o_max,8.641574307302246
o_max,10.86266934405273
o_max,-9.447566128113593
o_max,-1.755131948763428
o_max,0.4004750609268797
o_max,5.962136601616212
o_max,7.201425746102051
o_max,6.312472309179688
o_max,5.703097973288575
o_max,-2.975534637113593
o_max,2.762308917700196
o_max,0.5805600181796873
o_max,5.496921087871094
o_max,1.67042341227539
o_max,1.527080635179688
o_max,4.299702557700195
o_max,5.832358527742676
o_max,-3.416034059912048
o_max,-1.005035165252441
o_max,4.832350382581909
o_max,8.538275949194336
o_max,-9.143609257251464
o_max,8.238448054052734
o_max,-7.509134358010254
o_max,9.029860126480711
o_max,-6.136801696584472
o_max,-3.104999095947265
o_max,9.180277436480711
o_max,-2.385010976660888
o_max,1.382702950194336
o_max,-5.422548715820312
o_max,14.98816809638184
o_max,8.318729812983399
o_max,4.146758740236573
o_max,7.337053656433594
o_max,2.498858887052734
o_max,1.093860602200317
o_max,-11.76171698993921
o_max,-3.594482714637452
o_max,-1.096000344347656
o_max,-1.308426304998047
o_max,1.873513234362549
o_max,0.7320070302365722
o_max,2.41483378188736
o_max,2.314376525362549
o_max,3.905329248343993
o_max,-1.327047618533935
o_max,1.025811114821777
o_max,1.821850356230408
o_max,1.17783982237561
o_max,-10.14849026811264
o_max,7.485855193415528
o_max,3.42483103288736
o_max,3.617711144832275
o_max,3.751882170829834
o_max,2.156393285200318
o_max,1.741152687138428
o_max,1.571231245928772
o_max,-0.6332061781677246
o_max,-2.321037874799683
o_max,-4.160350306912049
o_max,-6.339514401347657
o_max,-0.407037534071228
o_max,-1.574972321799683
o_max,8.568188952917481
o_max,1.43918382291748
o_max,5.743837733266602
o_max,-2.719937660167725
o_max,-2.486007698769592
o_max,-3.207634427346436
o_max,4.869954924830933
o_max,8.952732864077149
o_max,5.412566142393066
o_max,-4.003949223167725
o_max,4.858093233397216
o_max,8.915935867973634
o_max,2.401575117200317
o_max,7.925479846416627
o_max,2.387928163624847
o_max,-7.964223404820313
o_max,33.40344771273193
o_max,18.89606162408447
o_max,3.207548888969971
o_max,8.213671401165161
o_max,-3.085460143160645
o_max,-4.589479885016601
o_max,17.25413436254273
o_max,-5.510551629167725
o_max,10.40583846613403
o_max,8.141633768151124
o_max,4.081424522253418
o_max,12.49543482223389
o_max,5.583479632111779
o_max,7.514623005864746
o_max,-0.3542866116243894
o_max,10.24286071211178
o_max,19.11662421613403
o_max,3.829407754949218
o_max,1.180590589692383
o_max,9.493584918694214
o_max,3.828078249287842
o_max,14.25916970593262
o_max,7.47962577291748
o_max,14.89434187943115
o_max,12.04305541223389
o_max,5.082270244113037
o_max,-0.6676920048203128
o_max,14.12949640146484
o_max,16.62825883962769
o_max,11.40815831974732
o_max,10.3120382566272
o_max,7.964463022917482
o_max,19.93098130943116
o_max,-0.7213715005727539
o_max,8.789937697977296
o_max,14.26247382974731
o_max,16.97988603054321
o_max,-0.5155132075556641
o_max,8.499958766295753
o_max,5.652192718627197
o_max,11.01639495593262
o_max,14.04482403732636
o_max,-4.47356046088208
o_max,14.63993432054321
o_max,10.85081161429199
o_max,2.558544592266601
o_max,18.68378485054321
o_max,8.181699579111779
o_max,-1.318954843689209
o_max,-1.970091073764679
o_max,10.62756568934082
o_max,17.2220894930249
o_max,8.302554534188156
o_max,18.02088538330689
o_max,7.680827793153076
o_max,6.725356937188156
o_max,5.469459762253418
o_max,11.10873726519592
o_max,9.938211487310792
o_max,4.94625144071582
o_max,-2.513393171167725
o_max,7.94163413180542
o_max,6.82084594554834
o_max,14.67680519724976
o_max,-6.210280511016602
o_max,4.147018838045653
o_max,7.900729155011962
o_max,4.260029606964111
o_max,6.187960712188156
o_max,0.8518469549287719
o_max,4.73121434071582
o_max,14.88944201731079
o_max,12.425243701698
o_max,5.312577800455597
o_max,-1.428848106805664
o_max,12.69979310731079
o_max,2.103195361928772
o_max,13.90211322034668
o_max,13.14026593538025
o_max,16.99752481814209
o_max,9.222889183239747
o_max,15.84282169346924
o_max,17.79319146218994
o_max,1.287311499901489
o_max,13.01625518121826
o_max,3.595602194464844
o_max,7.213277140495606
o_max,11.82122969697998
o_max,15.79447445906006
o_max,11.2778695463501
o_max,11.7345543923877
o_max,2.096863031041016
o_max,5.11501721833374
o_max,9.88426868281006
o_max,4.444688610605469
o_max,16.29991439398682
o_max,-1.061056027116089
o_max,7.657719094980468
o_max,-1.826860635875
o_max,1.601884860379883
o_max,1.350057174980469
o_max,3.859264210071655
o_max,11.41373131071045
o_max,12.29143075848877
o_max,14.09435759032715
o_max,13.64608424172119
o_max,7.283599131650391
o_max,6.403476548665772
o_max,15.47056746826172
o_max,-3.986858917058594
o_max,9.37616856165222
o_max,5.009375424309082
o_max,4.718906471970215
o_max,14.25262675301758
o_max,8.414555361606446
o_max,11.43338544350586
o_max,1.621527376313965
o_max,6.800468473423829
o_max,6.298654577762573
o_max,10.88064175071778
o_max,2.594497984047852
o_max,13.00290145947998
o_max,4.967818519873045
o_max,3.027817599179688
o_max,6.707521832321778
o_max,5.475551030756836
o_max,-1.655361906978027
o_max,0.6574968294455568
o_max,17.20801014987305
o_max,8.083406089179686
o_max,8.981332716850586
o_max,1.357345223828125
o_max,3.072038062905273
o_max,4.587610369916993
o_max,11.01997167440674
o_max,10.6081750679248
o_max,11.74877607218994
o_max,0.0150703619414063
o_max,2.280856213718079
o_max,5.650144492677002
o_max,5.50875681316742
o_max,14.15100196123047
o_max,10.09944764164307
o_max,5.901986248708496
o_max,15.66735737222656
o_max,3.120950989777832
o_max,1.004611026510986
o_max,4.828881347516601
o_max,7.135521479084474
o_max,-2.203802277574218
o_max,7.698767506027831
o_max,4.469665150102051
o_max,7.390103557631836
o_max,6.405150239057619
o_max,12.22664783815674
o_max,10.25183571954346
o_max,5.906784721062012
o_max,9.376301199912351
o_max,1.317010755862061
o_max,-0.8439193253515622
o_max,2.673062314615722
o_max,5.89298038333374
o_max,10.42806813521851
o_max,6.177628245336914
o_max,7.2576444435437
o_max,3.316329334088135
o_max,15.48979563916626
o_max,4.400899931304931
o_max,7.887166322377929
o_max,-5.863913934632202
o_max,5.569639248294678
o_max,8.385542656296387
o_max,3.051136713662109
o_max,15.44064368812012
o_max,9.64981093423462
o_max,-4.129411706550049
o_max,4.822526965372193
o_max,6.857129438527222
o_max,7.110632758051757
o_max,18.4499066580249
o_max,-1.410646334203125
o_max,14.64049764333008
o_max,-4.482460141823486
o_max,18.03001924758301
o_max,5.088955426647217
o_max,2.32968629003711
o_max,2.349091193092896
o_max,1.591023965096191
o_max,1.898120660131836
o_max,1.538355210821777
o_max,0.2898933529411618
o_max,4.364159419579101
o_max,5.695320631812988
o_max,2.499667037667694
o_max,-2.046061294862549
o_max,8.788853310922851
o_max,3.505172154362549
o_max,-6.711634993384277
o_max,10.2651286641919
o_max,1.452262624984436
o_max,13.30797538009277
o_max,-4.199267232011108
o_max,8.644814805230713
o_max,4.530635211284668
o_max,3.806932291652832
o_max,5.136072449648438
o_max,5.254043917253419
o_max,-4.897522195384277
o_max,1.384917189831542
o_max,1.676606054394531
o_max,2.556717637711914
o_max,15.53142001582275
o_max,2.717878140092896
o_max,20.51776609272217
o_max,0.3340157729929203
o_max,4.590266026988892
o_max,1.605287962752198
o_max,-1.72723352140039
o_max,2.009466397988892
o_max,-6.793473957199463
o_max,4.820544456800537
o_max,7.369335651091308
o_max,-0.2382079516682127
o_max,3.540223575749512
o_max,5.261455313654785
o_max,18.60092894983154
o_max,-3.475441626058593
o_max,11.80418839874878
o_max,12.93874216523071
o_max,6.193513251062011
o_max,4.495241711066896
o_max,0.0707329968969734
o_max,0.8231071211669923
o_max,-0.2095364869379885
o_max,-9.088533567168458
o_max,0.640930388092773
o_max,-14.15853365417822
o_max,7.922581731091309
o_max,3.296716496800537
o_max,8.364866991652832
o_max,-1.886783257074951
o_max,-10.96905914419946
o_max,-0.3092426927692875
o_max,10.09141464942627
o_max,-3.146278385107422
o_max,13.43699595480469
o_max,7.167511955991211
o_max,8.608032125407714
o_max,5.785531058026123
o_max,8.861023119974366
o_max,9.533257720651855
o_max,6.0795326265625
o_max,-0.6905851443481446
o_max,-8.589377853386718
o_max,-10.32493197568164
o_max,3.303030355912353
o_max,-2.882811121868164
o_max,7.463303251047364
o_max,4.637417861796875
o_max,11.07996720259155
o_max,-1.875962226810058
o_max,-1.24408206122876
o_max,9.001183305825196
o_max,-0.328251791637451
o_max,9.043802793847656
o_max,8.053393991318359
o_max,0.8091290108476565
o_max,20.3234928981128
o_max,7.46478430945491
o_max,-0.2568403591083985
o_max,6.532370205831299
o_max,6.537623549166259
o_max,-3.502315441679688
o_max,9.282287597929688
o_max,-6.047622914637451
o_max,4.15512745687036
o_max,6.603183242158202
o_max,-0.4852701679409179
o_max,5.181891713295897
o_max,9.02672971562622
o_max,5.967239462685546
o_max,5.235771573891602
o_max,7.129373804250976
o_max,-0.3150481563602294
o_max,1.918134218135009
o_max,11.66463174657471
o_max,1.456505613482422
o_max,-0.3688280421767578
o_max,0.7758393715802612
o_max,17.19319690985352
o_max,-1.504646019874878
o_max,6.629147201015625
o_max,5.503601701171876
o_max,3.994613874088135
o_max,2.894007795023499
o_max,-4.93338855233378
o_max,3.512225859543701
o_max,2.284454720785889
o_max,14.23704874734741
o_max,-2.52558470933378
o_max,-2.463815714456299
o_max,4.068982878329591
o_max,10.69172688942749
o_max,8.118429066785888
o_max,9.132454457734376
o_max,2.22814099223462
o_max,4.299930988294678
o_max,7.517044093662108
o_max,-2.264666091752197
o_max,-0.9112419389780272
o_max,-9.34229358539038
o_max,4.357000837785888
o_max,7.697535927163086
o_max,-8.507138034390382
o_max,-10.36826419325638
o_max,7.38814271397937
o_max,5.70898467366211
o_max,10.31999645783203
o_max,0.2245797052346194
o_max,6.841483957202149
o_max,-3.455171470028077
o_max,15.2026125851416
o_max,6.960463030587158
o_max,6.31870645942749
o_max,11.69781909369873
o_max,-4.125616246497558
o_max,12.4985417244104
o_max,1.429255002332275
o_max,7.11445092075592
o_max,11.10895646170166
o_max,5.966319017202148
o_max,4.031040430306641
o_max,12.164878924021
o_max,4.184608285167236
o_max,-3.778535541515991
o_max,5.828637599659302
o_max,14.2544886499231
o_max,12.08967392784302
o_max,9.160816699923096
o_max,-6.942015869324463
o_max,2.778284600484008
o_max,0.7902218000163574
o_max,0.9736329939094236
o_max,-4.655161534755127
o_max,8.47464305852295
o_max,-11.97519819351831
o_max,4.064482393435059
o_max,8.135287080909423
o_max,7.456775737843017
o_max,-4.265874889515136
o_max,7.868377585675049
o_max,1.557251821584671
o_max,-2.090309373202636
o_max,-0.7015304776608886
o_max,6.863253306722411
o_max,9.905320074020995
o_max,3.87256165859375
o_max,6.411579474619324
o_max,7.913592369543457
o_max,1.146530982352783
o_max,-8.70161035156653
o_max,1.954678964266601
o_max,-5.368469936559326
o_max,10.3198252165564
o_max,-0.3141177623476561
o_max,0.9824731539924318
o_max,5.609858305654297
o_max,-3.154023170707398
o_max,10.92007867504639
o_max,6.069572586236573
o_max,-10.51448253232092
o_max,5.207046879470214
o_max,2.700393183992432
o_max,11.96085312504639
o_max,6.460223469760254
o_max,10.20384785566406
o_max,11.35356192543457
o_max,-5.130230429016968
o_max,-10.95652265134094
o_max,11.34744198020264
o_max,13.89090757106201
o_max,7.314248615912353
o_max,1.975457620599609
o_max,8.149828232752197
o_max,4.955528871062011
o_max,5.011638793166993
o_max,15.99360092782471
o_max,-9.175258420011108
o_max,-7.392662535893555
o_max,-2.21363833835913
o_max,-0.3152843531884212
o_max,-0.762294741463867
o_max,1.766560289674194
o_max,-0.2368278587149657
o_max,1.304694453752197
o_max,4.981506983998108
o_max,3.472632494938233
o_max,-0.4307141556257328
o_max,-0.0957605899283446
o_max,2.90044837822821
o_max,3.482875528368897
o_max,-0.7823492627080082
o_max,1.382303869536133
o_max,0.515270595439941
o_max,-1.055007069961426
o_max,-2.048490846117554
o_max,-6.577955946984924
o_max,-0.500592195956787
o_max,3.003941746052612
o_max,3.146901587364746
o_max,0.7862657080224613
o_max,-0.3645211744936523
o_max,4.558620173506347
o_max,0.6422962220465087
o_max,5.193627330802246
o_max,-5.818520626883301
o_max,0.9788703048393556
o_max,2.184989379071655
o_max,-6.743977814350159
o_max,-2.9318791095849
o_max,-2.037382315160523
o_max,5.563283992678223
o_max,-0.3650679454387209
o_max,3.213202937367676
o_max,0.2747364140895998
o_max,1.332990056225952
o_max,-3.405734877010254
o_max,-1.620246702685974
o_max,-0.7113448086418455
o_max,-0.4626936344121093
o_max,3.366284899089599
o_max,3.24834362656128
o_max,-1.505142001365723
o_max,3.037405989494019
o_max,3.773204439056885
o_max,-3.953858215307617
o_max,0.896269482225952
o_max,-0.7080048806456909
o_max,-3.18031611264569
o_max,-0.2252568483614503
o_max,2.456680203719849
o_max,-0.8873455959230956
o_max,-0.5839537220444333
o_max,1.341902187361328
o_max,-4.101588311953491
o_max,-0.3603018390347898
o_max,17.63990515796875
o_max,0.9961059742850342
o_max,-4.424162240986572
o_max,-4.269580914884765
o_max,2.405396166285034
o_max,3.584307121982422
o_max,1.047541069721436
o_max,3.60269854173645
o_max,3.997201446216797
o_max,-0.8393437012635498
o_max,-6.366657110947266
o_max,-1.436451219783203
o_max,1.756382079829834
o_max,3.743847820881713
o_max,3.333775399605103
o_max,5.593167146758301
o_max,2.823861181749451
o_max,1.05516345350769
o_max,6.977639897328125
o_max,3.383428632240356
o_max,3.978601019867675
o_max,2.312374396198792
o_max,0.4356768640180668
o_max,2.897338335440918
o_max,4.129794445375611
o_max,13.45043124730224
o_max,3.15378551096521
o_max,0.3614165417325439
o_max,-8.300011211820312
o_max,-0.4737581712505493
o_max,-5.220260988091797
o_max,-8.358535890568604
o_max,-1.367409836679443
o_max,-5.194657950345459
o_max,3.957528482874512
o_max,-0.1058548405839845
o_max,-3.828809786646568
o_max,3.277157554332764
o_max,3.627257780551834
o_max,4.785380138335937
o_max,-1.493835260131348
o_max,2.600376739692383
o_max,4.895597884372558
o_max,10.41901825181885
o_max,11.27806972917969
o_max,6.669799931339112
o_max,16.7691756729834
o_max,1.72587841090802
o_max,-2.685278727805664
o_max,-2.422807125612304
o_max,-0.4037651926977545
o_max,0.329229004339111
o_max,4.762024264748535
o_max,6.711450004005126
o_max,-3.009661580307617
o_max,-11.03522680694726
o_max,10.63916774917969
o_max,-5.548330406160645
o_max,12.62176740700928
o_max,-0.268500566286499
o_max,-8.221118714805664
o_max,7.408782274160156
o_max,10.23167397727539
o_max,4.654919207050904
o_max,10.54588996917969
o_max,5.456271183415527
o_max,-4.959920152446291
o_max,4.830377083415527
o_max,8.606929551062013
o_max,5.119229172050904
o_max,7.192667883787841
o_max,-0.842505671937988
o_max,13.09871103917969
o_max,2.74798451437561
o_max,1.119378086640503
o_max,-4.971781787693359
o_max,-9.549618568192994
o_max,5.97329267606079
o_max,-5.976571455939209
o_max,2.34672143606079
o_max,-2.196341866624389
o_max,-0.8128682572864991
o_max,-1.427111335939209
o_max,1.222736346842773
o_max,-2.287065045016602
o_max,9.91838244510205
o_max,3.003341309179687
o_max,-3.41860235508252
o_max,15.8628608629834
o_max,-0.2808227547465822
o_max,-4.570659192947265
o_max,-4.933650759345459
o_max,3.191970179194336
o_max,-0.5578112987465822
o_max,1.581815076807007
o_max,1.963835529640502
o_max,8.581579808433593
o_max,-1.982144489128906
o_max,15.60016424917969
o_max,-4.38606096108252
o_max,1.963203677654541
o_max,0.7984142292753909
o_max,-14.07285292380566
o_max,-14.19680001993921
o_max,-4.420476939169067
o_max,1.781519841062012
o_max,-13.40081714016907
o_max,4.76374893965454
o_max,-2.492810146584473
o_max,-4.816880857291443
o_max,-1.240505897291443
o_max,3.937258877302247
o_max,1.605702646052734
o_max,4.099890999179687
o_max,1.144331828052734
o_max,-4.302593965157227
o_max,2.795962840711914
o_max,4.671684882204712
o_max,11.2476063729834
o_max,-7.042117686359497
o_max,-14.03645189694727
o_max,4.637370431339111
o_max,4.02101930727539
o_max,-12.53680463669775
o_max,0.9079040735819092
o_max,-3.660931072679382
o_max,8.866912839882811
o_max,0.3487915354904785
o_max,-3.250531060919678
o_max,-1.732178568939209
o_max,14.6155687997583
o_max,-13.70160163307312
o_max,-6.300851535291443
o_max,-6.772600543345459
o_max,10.47364275181885
o_max,-5.436305978117188
o_max,13.21898762474854
o_max,-3.441561477679382
o_max,6.276744103119629
o_max,-1.273082843763428
o_max,-0.0299985486557616
o_max,5.298077198387695
o_max,-1.488169126861572
o_max,-2.548324973160645
o_max,2.452894943766601
o_max,4.545193737433594
o_max,4.588001714306641
o_max,-1.416944777845703
o_max,1.832317205058594
o_max,7.244942518771729
o_max,4.540960525797363
o_max,1.191818370387695
o_max,4.017806469928223
o_max,5.984463161090424
o_max,2.360467301466553
o_max,-2.623724512503662
o_max,3.485240472963623
o_max,-4.134863102999878
o_max,0.6210602719636231
o_max,7.276191965129151
o_max,6.849488493797363
o_max,-0.1154845632026368
o_max,3.881441671553711
o_max,2.556849495766602
o_max,4.171411994928223
o_max,1.563930144466552
o_max,2.54025487701416
o_max,1.12296103912915
o_max,7.636681373433594
o_max,9.2249707036084
o_max,-0.108137069588623
o_max,3.93128709877066
o_max,-0.1833235211567994
o_max,5.721380904102051
o_max,4.620853981742676
o_max,1.003502150630371
o_max,5.030779615058594
o_max,-2.757300281369629
o_max,-0.7938351483696291
o_max,-3.383421171369628
o_max,-1.22419794136963
o_max,-2.622276641369629
o_max,2.754838233630371
o_max,0.187936258630371
o_max,-2.505185271369628
o_max,-0.6963137773696282
o_max,-0.197635265131348
o_max,-6.621683801369629
o_max,1.104703311630371
o_max,2.165627515630371
o_max,0.0909372006303712
o_max,0.6544642266303713
o_max,3.003255562630371
o_max,3.551724780630371
o_max,-1.26218956636963
o_max,2.324875752630371
o_max,1.263901921630371
o_max,-4.408833436550781
o_max,-0.626658185369628
o_max,6.201653390630371
o_max,2.180752720630371
o_max,-5.254267281369629
o_max,-2.771017579641113
o_max,0.2323790903588865
o_max,-0.5176636536411134
o_max,-0.9266452906411136
o_max,1.870380806358887
o_max,-5.887161279641113
o_max,-2.346503540412353
o_max,-5.064229129641113
o_max,4.354889522358887
o_max,-3.863609419641113
o_max,-2.53261495674292
o_max,5.59961800925708
o_max,1.07991804325708
o_max,-0.1847033437429202
o_max,-9.122795297742918
o_max,-0.650901979034912
o_max,0.4129584249650877
o_max,8.246342304433593
o_max,1.995126359965088
o_max,-0.387135684034912
o_max,-5.540442352034912
o_max,-1.294381919034912
o_max,0.5868169779650882
o_max,-1.095688973034912
o_max,-0.0512422900349118
o_max,-5.023465912034911
o_max,2.381007568965088
o_max,0.6553232349650875
o_max,0.0242265628686526
o_max,0.3807011949650878
o_max,-1.903524369034912
o_max,-0.1935767250349123
o_max,0.5958466289650879
o_max,0.5505365189650879
o_max,6.704046023965088
o_max,2.139711589965088
o_max,3.104091883965088
o_max,0.1814177569650876
o_max,-6.187863522034911
o_max,4.971491750912353
o_max,-2.087183226034911
o_max,3.834997909965088
o_max,-5.299036912034913
o_max,4.679165905965088
o_max,-0.7329391933361817
o_max,1.330962378663818
o_max,3.518469240663818
o_max,-0.2959707973361816
o_max,-0.6690656003361815
o_max,-1.741754762336182
o_max,0.1840197265876466
o_max,-0.6218820453361813
o_max,-5.213227688336181
o_max,1.480313226663818
o_max,2.188910995663818
o_max,-4.823330448336181
o_max,0.702054335663818
o_max,3.017631656663818
o_max,-7.322309578336181
o_max,1.605020577663819
o_max,-5.541816818336182
o_max,-8.103901058118897
o_max,-3.71603721279004
o_max,0.7891440372099607
o_max,-3.456678378790039
o_max,-1.339935403790039
o_max,-4.88967565479004
o_max,-8.33687706479004
o_max,1.158508264209961
o_max,1.257335973209961
o_max,-6.02270585479004
o_max,-2.132178051958496
o_max,-2.605295944957458
o_max,-5.578756079958495
o_max,-3.382018537958496
o_max,3.232823253041504
o_max,5.493184146041504
o_max,-4.084807031958496
o_max,-2.949843720030762
o_max,-1.244885031030762
o_max,-8.330493239030762
o_max,-7.551038459030762
o_max,-4.800595147030762
o_max,1.358292367587647
o_max,2.398733451969238
o_max,1.441926878969238
o_max,-5.337465559030761
o_max,-0.8823284030307619
o_max,2.096469034969238
o_max,3.649167014969239
o_max,1.048440087969238
o_max,2.227722377969238
o_max,-1.806580489236572
o_max,-1.293259306236572
o_max,11.49428700898438
o_max,-8.578716031236572
o_max,3.143923619763428
o_max,0.3575051387634276
o_max,0.4236738947634277
o_max,-0.3216575862365722
o_max,-0.1439945152365727
o_max,0.5699805517634275
o_max,-0.5500762462365723
o_max,-0.3750126202365722
o_max,1.308514199763428
o_max,1.98597582712915
o_max,1.522160719763428
o_max,3.876287382129151
o_max,-4.063255197870849
o_max,-7.59183826387085
o_max,-0.6817303188708497
o_max,-2.346447536870849
o_max,-0.8624780948708493
o_max,-4.220851113870849
o_max,-2.458566752870849
o_max,-2.68431287787085
o_max,3.627687143034668
o_max,-5.68890544387085
o_max,-4.96388133087085
o_max,-0.7851746998708498
o_max,-12.62181184289978
o_max,1.34428206310022
o_max,-4.23607672689978
o_max,0.0799290691002196
o_max,3.67520952210022
o_max,-4.053271627899781
o_max,-1.84440124989978
o_max,2.334551386742676
o_max,-2.362593917984985
o_max,0.1517743710150148
o_max,-0.2530815929849854
o_max,-1.757708089984986
o_max,-3.743888812984985
o_max,-3.874817712984985
o_max,1.041309309015015
o_max,-6.509848420984985
o_max,1.983588169015014
o_max,-5.101491854984985
o_max,4.485683022797364
o_max,-4.821392955205322
o_max,-3.740886902205323
o_max,0.3351767617946777
o_max,-3.190366495205322
o_max,-4.295771404205322
o_max,1.602444357794678
o_max,-2.131035915205322
o_max,-4.883477888205323
o_max,-2.067250011205322
o_max,-1.387791698205322
o_max,0.0657759618393556
o_max,-7.049184306205323
o_max,-2.632666599205322
o_max,0.8442351708784179
o_max,-5.009131077121582
o_max,2.081168341878418
o_max,-4.766965559121582
o_max,1.623142496878418
o_max,-0.953975578121582
o_max,1.969374123878418
o_max,-1.304992468121582
o_max,6.178202629401367
o_max,-6.988153860121582
o_max,-3.501666528121582
o_max,-7.345865541121581
o_max,-9.436536635394592
o_max,-1.201919100394592
o_max,0.6967979786054077
o_max,-2.043807072394592
o_max,-1.727641297394592
o_max,-8.224675295394592
o_max,-4.256643222394592
o_max,-0.2737150591313479
o_max,-0.5153405623945924
o_max,3.829545959605408
o_max,-2.794096747394592
o_max,-7.336505591394593
o_max,-6.653942754394592
o_max,-0.9901148403945924
o_max,-1.655272102394592
o_max,0.2510725346054077
o_max,-5.442144685394593
o_max,-1.699379312394592
o_max,6.169322617138428
o_max,-3.209551101394593
o_max,-1.070833850394592
o_max,-0.6059725685722657
o_max,4.835090937427735
o_max,-4.424916630572266
o_max,-0.5906887225722657
o_max,-3.681273310572266
o_max,-7.067141546572266
o_max,-3.630948299572266
o_max,-4.129722143572265
o_max,1.64825627252536
o_max,-7.95214216047464
o_max,0.7114328295253601
o_max,-1.06721922247464
o_max,-3.97668573747464
o_max,1.16822501652536
o_max,-3.01884859947464
o_max,-1.37783484047464
o_max,-9.28204662147464
o_max,-6.62022532647464
o_max,2.627365587387695
o_max,-5.687778775748718
o_max,-5.952524103748718
o_max,-12.77433056274872
o_max,-1.259256114748718
o_max,-3.279082034748718
o_max,-3.787580118748718
o_max,-10.48851692574872
o_max,-7.376681579748718
o_max,-2.286300896748718
o_max,-5.167266071748719
o_max,1.677001317080322
o_max,-5.758440036748718
o_max,-5.714651464748719
o_max,-10.12197019774872
o_max,-4.122696082748719
o_max,-1.855368552748718
o_max,-4.331963512748718
o_max,-2.641984742748718
o_max,-1.491517518748718
o_max,-4.969460132748719
o_max,-2.736213927748718
o_max,4.829689642868653
o_max,-2.391580334748718
o_max,-9.923365363416991
o_max,-7.002616612416992
o_max,-10.06886032441699
o_max,-4.689525895167114
o_max,-3.104009928167114
o_max,-8.267710624167115
o_max,-6.751238618167115
o_max,-0.7491426341671144
o_max,-6.602631190167115
o_max,-0.2887520386123046
o_max,-8.522972511167115
o_max,-11.74955070216712
o_max,-12.39453518816712
o_max,-4.502279071167115
o_max,0.4649642138328858
o_max,-6.203617496167114
o_max,-6.719662213167115
o_max,-4.875218726167114
o_max,-10.42936144016711
o_max,1.767921657832885
o_max,-1.697914744987549
o_max,-5.073141917167114
o_max,-1.746305876167114
o_max,-2.768999719167114
o_max,-6.844682384167114
o_max,-6.570609412167114
o_max,0.0881627278328855
o_max,-0.7626442141671144
o_max,0.8633347108328859
o_max,-9.642172730167117
o_max,-1.800529633167114
o_max,-5.568450834795288
o_max,-1.658610013167114
o_max,-1.961647206167114
o_max,-7.728241333167114
o_max,1.739937228832885
o_max,-5.577362734167114
o_max,2.505024612832885
o_max,3.064633335832886
o_max,-0.7442965851671142
o_max,-6.072702283167114
o_max,-1.063803727795288
o_max,4.125690201232666
o_max,-5.380175046167114
o_max,-8.385799163167114
o_max,0.6341356788328856
o_max,-4.614721636167115
o_max,0.7764109058328859
o_max,2.503747084832885
o_max,-0.4890499661671141
o_max,-6.434008169167114
o_max,-1.108813983167114
o_max,-6.842562000167114
o_max,6.232146522617554
o_max,-9.84482286538379
o_max,-9.458372545383789
o_max,-2.677220998383789
o_max,-1.240436013383789
o_max,-6.591170355383789
o_max,-2.149581742383789
o_max,-3.248771231383789
o_max,-4.168760295383789
o_max,-4.936625685383789
o_max,0.0828443386162107
o_max,-10.08155230138379
o_max,-2.481069111383789
o_max,-1.745495167383789
o_max,-5.85452077038379
o_max,-5.363904318383788
o_max,-3.293491107383789
o_max,-1.208042742383789
o_max,-3.245486291383789
o_max,-1.946710745383789
o_max,-7.211069064383789
o_max,12.45008526163184
o_max,-11.21833762238379
o_max,-4.326736036383789
o_max,-0.707010621383789
o_max,-2.147531066383789
o_max,5.252121200616211
o_max,2.426929707616212
o_max,2.481383946616212
o_max,-5.38999600738379
o_max,-1.697660356383789
o_max,-6.496310305383789
o_max,5.719502258940918
o_max,-8.405660577383788
o_max,-12.08648308638379
o_max,-6.446221238383789
o_max,-2.583680704383789
o_max,-6.218142225383789
o_max,-1.190781128383789
o_max,-2.427922134383789
o_max,-1.641671997383789
o_max,-1.357296505383789
o_max,-3.664240931383789
o_max,6.052867071717529
o_max,-7.674689384383789
o_max,-7.858967438383789
o_max,-3.771755360383789
o_max,-1.754764694383789
o_max,-2.858741793383789
o_max,-3.273115854383789
o_max,-1.743666606383789
o_max,-2.701230823383789
o_max,0.6847064596162111
o_max,-3.119361885383789
o_max,7.261944476840821
o_max,-3.909399604383789
o_max,-1.261822267383789
o_max,-2.794388431383789
o_max,-5.605098410383789
o_max,-0.0891263553837888
o_max,1.084220616616211
o_max,0.854507268616211
o_max,-3.166255347383789
o_max,-0.0641578113837888
o_max,0.0773460526162108
o_max,0.2743244736162111
o_max,2.59650205861621
o_max,-2.084857135383789
o_max,0.2514009166162108
o_max,-5.686465502383789
o_max,1.832871395616211
o_max,-9.50617909938379
o_max,-7.610720569383789
o_max,-6.543844273383789
o_max,-5.136771941383789
o_max,2.277026477842529
o_max,-2.181864232383789
o_max,1.013679913616211
o_max,-7.039851007383789
o_max,-2.264907948383789
o_max,-5.362553311383789
o_max,-1.986058383383789
o_max,5.261754171616211
o_max,-1.625854993383789
o_max,-0.4661569843837891
o_max,-5.177155059383789
o_max,2.105870747617187
o_max,-2.996670344383789
o_max,-5.960829115383789
o_max,-2.144899005383789
o_max,2.334364525616211
o_max,0.7957739366162109
o_max,-0.8996639933837891
o_max,2.139389186616211
o_max,-11.34455242238379
o_max,-4.785431091383789
o_max,2.18544558836084
o_max,-5.53869979620166
o_max,-4.241094112383789
o_max,2.15346313061621
o_max,-8.04921591038379
o_max,3.68299224861621
o_max,1.373104813616211
o_max,3.121248377616211
o_max,-2.054355957383789
o_max,2.517793940616211
o_max,-0.1519639283837892
o_max,-3.996441316383789
o_max,-4.477217472282471
o_max,0.2894821436162109
o_max,-3.096167073383789
o_max,6.365052688616212
o_max,-2.836364885383789
o_max,-5.591832875383789
o_max,-1.022414242565918
o_max,2.107013781434082
o_max,2.000961796434082
o_max,-1.142591061565918
o_max,-1.018606043565918
o_max,6.456315579102051
o_max,1.340871761434082
o_max,1.192390635434082
o_max,-0.805327189565918
o_max,1.287990693434082
o_max,-0.3793508945659178
o_max,-2.091171626565918
o_max,-3.123637227966919
o_max,-1.369724494966919
o_max,-0.1081549229669187
o_max,6.922972887797363
o_max,0.5590997980330812
o_max,1.628048755033081
o_max,-5.565662627966919
o_max,-5.981996333966919
o_max,5.057964000033081
o_max,0.2082568590330811
o_max,-0.983684626966919
o_max,-3.450018973966919
o_max,-4.828986463966919
o_max,0.7260613550330812
o_max,-6.853916307503662
o_max,0.576487029033081
o_max,-0.4585755259669191
o_max,-1.975693989966919
o_max,-2.914514030966919
o_max,5.979118131033081
o_max,1.407220777033081
o_max,-0.415662589966919
o_max,-2.147770625966919
o_max,-3.103394410966919
o_max,0.4523376440330811
o_max,-0.4935081537109756
o_max,-1.876424795922119
o_max,-1.251631640922119
o_max,-1.195158974922119
o_max,-1.298325384922119
o_max,0.2544891780778808
o_max,-4.058633236922119
o_max,-6.561942938922119
o_max,-2.47850163892212
o_max,-1.289548529922119
o_max,6.773854006077881
o_max,-0.0210590361313478
o_max,0.4295847870778813
o_max,6.492043576077881
o_max,1.14188623807788
o_max,-0.6567433049221192
o_max,0.3918527110778806
o_max,-2.267677395922119
o_max,-5.096087616922119
o_max,-5.151926860922119
o_max,0.5616111210778811
o_max,0.5555352820778809
o_max,0.0550364737426765
o_max,6.90925810607788
o_max,9.77518023607788
o_max,5.796518312306641
o_max,3.598245757839356
o_max,6.010253722797364
o_max,5.650074330742676
o_max,11.16175746761719
o_max,8.41742452636435
o_max,-0.5552416002333986
o_max,2.801546935466553
o_max,-0.7813167552514653
o_max,2.661358726748535
o_max,-0.3293240652514644
o_max,9.243654429748537
o_max,-0.0634227841186518
o_max,1.337453884881347
o_max,-2.315814784118652
o_max,1.513554918881347
o_max,0.5587336908393556
o_max,-0.222290004118653
o_max,-5.755488294118653
o_max,-0.4792341641186528
o_max,-4.209663104118652
o_max,0.7096086228813476
o_max,0.3985997948813473
o_max,-1.909586714118653
o_max,-2.050703114118653
o_max,0.4091317648813479
o_max,-9.448639105999876
o_max,-6.24347400810791
o_max,3.60393242389209
o_max,10.47869249289209
o_max,-0.3228344781079109
o_max,-2.190187872293457
o_max,-0.4726505052934566
o_max,2.714730524706543
o_max,4.863478769839356
o_max,-1.135599644293457
o_max,2.383490459706543
o_max,-4.112403633293457
o_max,-0.501029486293457
o_max,-1.211212084293457
o_max,2.194761696706543
o_max,-0.5247815222934573
o_max,-0.7443244122934569
o_max,5.795789047839356
o_max,-4.619069353293456
o_max,-9.481586553293456
o_max,2.044001176706544
o_max,1.437276729391602
o_max,-1.084449074608399
o_max,0.6762358933916017
o_max,2.746209611391602
o_max,-3.784232333608399
o_max,3.904624717391601
o_max,3.697849286662597
o_max,-2.857788142328125
o_max,0.3632549546718753
o_max,-1.565730234328125
o_max,0.4881932486718749
o_max,-1.858915200328125
o_max,-7.539086576328126
o_max,2.789031489671875
o_max,3.154963979750824
o_max,1.876943203343994
o_max,1.565773721671875
o_max,-0.2050378763281246
o_max,-1.317182523328125
o_max,-0.7008363363281251
o_max,-2.610238196805907
o_max,-4.652062869805908
o_max,0.2739604841940917
o_max,-1.746633888805908
o_max,3.279942269194092
o_max,-5.829048940612305
o_max,3.208500908616577
o_max,1.384361689720215
o_max,0.5780189187202147
o_max,2.372641822409668
o_max,-0.735949856309082
o_max,4.908088716605469
o_max,2.34431206427002
o_max,6.90958284327002
o_max,4.22945630127002
o_max,-0.3496274228708498
o_max,4.750281081270019
o_max,6.741489685631348
o_max,1.632657989631348
o_max,3.439336019631348
o_max,0.9979190862749024
o_max,3.760873137274902
o_max,0.4674168022749025
o_max,5.823156768274902
o_max,3.388534896274902
o_max,-0.9158030447250968
o_max,0.8089095133066406
o_max,3.502072138274902
o_max,-4.150790627647705
o_max,-0.2505097217250975
o_max,1.326614228274902
o_max,3.132168568274902
o_max,-1.171478326725097
o_max,3.663629493274903
o_max,5.839638872274902
o_max,3.704312202274902
o_max,-0.0016641467250977
o_max,6.442115541931152
o_max,5.446579120274903
o_max,2.492463656721192
o_max,3.130241805721192
o_max,-2.275919501278809
o_max,0.5641980257211916
o_max,2.362295956721192
o_max,5.187292909721192
o_max,-3.306852834329101
o_max,4.344280805670898
o_max,-2.281246697329101
o_max,4.412143693401367
o_max,5.759276650748291
o_max,2.731639554193848
o_max,-6.013968758806152
o_max,-4.510759831806153
o_max,0.4288436763701173
o_max,1.288511880370117
o_max,-3.038408690509765
o_max,-3.448023453509766
o_max,9.235218254490237
o_max,5.838902821567627
o_max,6.828722100715332
o_max,4.470599410490235
o_max,-1.148685079509765
o_max,-3.060811991509766
o_max,2.281620211490234
o_max,1.186410876567627
o_max,-0.491493834303955
o_max,4.578530692696045
o_max,-4.642737432303955
o_max,0.5180101897734377
o_max,-3.021705922226563
o_max,3.592155651831421
o_max,2.007341940467041
o_max,-2.577257764532959
o_max,1.600573664467041
o_max,-7.30827763253296
o_max,-1.890444633286377
o_max,-4.496806051450409
o_max,2.851224368549591
o_max,0.6636353915495911
o_max,-3.413908648575958
o_max,-4.968228804843048
o_max,-1.674926219843048
o_max,-1.951416039843048
o_max,4.339916928156952
o_max,-2.133855927843048
o_max,-1.718397660843048
o_max,-5.712620282843048
o_max,1.876765435156952
o_max,-10.02643169584305
o_max,-0.599356488843048
o_max,-0.5556082905079346
o_max,7.89237915136084
o_max,-1.952466092507934
o_max,-2.600166230507935
o_max,-1.716916293507935
o_max,-10.73412699750793
o_max,-2.926070596507935
o_max,3.636074702492065
o_max,-5.732490016507935
o_max,-6.515438885507934
o_max,1.30592950679036
o_max,-5.57908845620964
o_max,2.140839832466553
o_max,-4.764380430635559
o_max,-4.591050763635559
o_max,-12.07344728363556
o_max,-7.581755293635559
o_max,-2.153017012635559
o_max,-2.422451143635559
o_max,-6.844040634635559
o_max,1.797411705364441
o_max,-2.567178281635559
o_max,-0.8063589926355591
o_max,-4.056036416533448
o_max,-3.496454935635559
o_max,-0.747550453635559
o_max,-0.1991685461332397
o_max,-11.21317195313324
o_max,-2.55558808613324
o_max,-8.499043369635558
o_max,-4.425307983635559
o_max,-2.774888028635559
o_max,-0.9132532616355592
o_max,-3.420573719635559
o_max,-2.657408462612305
o_max,-0.956284901635559
o_max,-2.081866350635559
o_max,-1.418372121635559
o_max,-6.250904935930298
o_max,-1.672700914930298
o_max,2.87791891986676
o_max,4.86724161786676
o_max,-11.5757164404697
o_max,1.129969208530296
o_max,-2.746710563469704
o_max,1.273402631306641
o_max,-1.932334354469704
o_max,1.331491436530296
o_max,-5.256280442469704
o_max,-2.853876302469704
o_max,-4.050790545665588
o_max,4.297104777334412
o_max,1.699412197334412
o_max,0.8864232213344114
o_max,0.6784149183344117
o_max,-6.463969478665589
o_max,-0.1507505115334471
o_max,3.054721906334412
o_max,-0.6843522616655884
o_max,-8.887703342665588
o_max,-8.695900216665589
o_max,-0.4183483361696167
o_max,-1.595827273169617
o_max,-2.925519508000427
o_max,-2.636299543000427
o_max,-5.034380651000427
o_max,0.4163451989995728
o_max,6.990999892433594
o_max,-3.80508001622644
o_max,-12.57172056066559
o_max,-9.337514619665589
o_max,-7.655848110665588
o_max,-0.2577295076655883
o_max,-1.738962706665588
o_max,1.619017969334412
o_max,-7.231612627665588
o_max,-10.57415507400043
o_max,6.06890217130664
o_max,-1.36059732122644
o_max,-8.37769746822644
o_max,-1.53563411122644
o_max,-6.069838288432312
o_max,-2.619521587432312
o_max,-3.442966192432312
o_max,-11.14959608443231
o_max,-9.403957889432313
o_max,-8.164869996432312
o_max,-6.509869565432312
o_max,0.1989650925230102
o_max,-7.039479887432312
o_max,6.152691092567688
o_max,-8.305588840432312
o_max,-4.224739771432311
o_max,-5.356482245432312
o_max,-7.982805984432312
o_max,-6.556656875936341
o_max,-6.42987639993634
o_max,-4.05847890193634
o_max,2.39893448281427
o_max,6.059281669387696
o_max,2.19086408781427
o_max,2.396307109250961
o_max,-2.194157076967834
o_max,-5.120057572967834
o_max,-2.728412326967834
o_max,0.0230962500321654
o_max,-7.741192423967835
o_max,-3.032014582967834
o_max,2.490461429032165
o_max,-7.740137886967834
o_max,0.3946122661291504
o_max,-5.918995862967835
o_max,-5.261536333967834
o_max,4.560446802032166
o_max,-2.519647513967834
o_max,-5.431739923967834
o_max,-3.016646401471863
o_max,-2.084705824791198
o_max,2.185182174564209
o_max,-1.395068662435791
o_max,-3.617759381967834
o_max,3.762269686102051
o_max,2.464018875343994
o_max,-1.555138532967834
o_max,-7.154972259967835
o_max,-5.234274673967835
o_max,-1.489996533967834
o_max,3.507330901564209
o_max,-4.785504897967835
o_max,-3.984657593967833
o_max,2.405976924032165
o_max,1.268791257032166
o_max,3.602714980032165
o_max,-1.700619071764679
o_max,-0.8927547139678345
o_max,-4.218005877791199
o_max,-4.421939015791199
o_max,0.0651033392088011
o_max,-0.6438095117911988
o_max,-5.131825263435791
o_max,0.5639432660321657
o_max,-3.083496146967835
o_max,-6.964833453967834
o_max,-3.136954021967834
o_max,-4.127796744465209
o_max,0.1090709135281371
o_max,-4.363428189791199
o_max,0.2292590562088012
o_max,-4.583919410791198
o_max,-4.915012035435791
o_max,-2.036195225435791
o_max,-8.169653096967835
o_max,-2.648955617967834
o_max,-0.7608743789678345
o_max,-5.952193537967834
o_max,2.482394064395508
o_max,-4.146328531791198
o_max,-2.191779389719116
o_max,-4.143495719719116
o_max,-0.9107572387191164
o_max,-1.824306504719116
o_max,1.040006830280884
o_max,-6.673670493719116
o_max,3.534944154776856
o_max,2.084250161192871
o_max,-1.254721197807129
o_max,-0.3760901822026365
o_max,-4.919759393807129
o_max,-4.578021186807129
o_max,0.3863326521928711
o_max,-4.244250754807129
o_max,-0.242144226807129
o_max,-3.649980102560547
o_max,-7.323688005807129
o_max,-7.416059546807129
o_max,3.682310919192871
o_max,-11.15456617480713
o_max,6.578801386433594
o_max,1.101777566192871
o_max,-5.109989858807129
o_max,0.1759920581928709
o_max,-5.712617688729736
o_max,-6.184682320560547
o_max,-7.643267007560547
o_max,-2.63439937040625
o_max,-0.44171354040625
o_max,-1.22192464940625
o_max,-3.49221954340625
o_max,-2.673891738693359
o_max,0.6498803575937502
o_max,-8.22780891940625
o_max,-6.132618767328857
o_max,2.010725564840332
o_max,-1.790946551159668
o_max,-5.498530203604492
o_max,-0.5208738376044921
o_max,-1.680295697604492
o_max,-6.097798092604492
o_max,2.402260029395507
o_max,-0.3309791561606445
o_max,-4.251101207604492
o_max,-2.5354928345271
o_max,-0.0247121961435548
o_max,-8.086733597143555
o_max,0.2144935028564454
o_max,-0.9560127071435548
o_max,-0.0482600148969725
o_max,2.447400094923462
o_max,-9.212492337559082
o_max,-2.444029564559082
o_max,0.1862969023876952
o_max,0.1793548734409178
o_max,-3.137492948559082
o_max,5.262669092440918
o_max,-4.723878898559082
o_max,-1.203978891559082
o_max,0.6760266114409181
o_max,-2.0877839363125
o_max,-7.0849727973125
o_max,-4.946112508347168
o_max,-4.300864184347168
o_max,3.73113963736084
o_max,1.828675664652832
o_max,0.3922368926528321
o_max,-8.952813328269777
o_max,-2.910885630263428
o_max,-2.570907591263428
o_max,2.985188510138427
o_max,0.5844129981384278
o_max,3.186796117683349
o_max,-0.7698977803166502
o_max,1.68906162168335
o_max,1.579004968839356
o_max,2.153011492641601
o_max,-4.67515576631665
o_max,-0.7394547250700683
o_max,0.2312387829299318
o_max,-1.129903416070069
o_max,3.356694466168945
o_max,-0.3313929198310545
o_max,-6.211134996631592
o_max,-0.0591187236315917
o_max,-8.620304776631592
o_max,9.700793276348875
o_max,0.5794978143066407
o_max,-0.2814087776511229
o_max,-2.502568505651123
o_max,2.506009871758301
o_max,-3.319630364241699
o_max,1.297863929974366
o_max,-3.31178627729187
o_max,-0.6986948592918703
o_max,-2.154705216291871
o_max,-2.04738031229187
o_max,-0.8889149662918703
o_max,5.832313014034668
o_max,-0.92294775929187
o_max,2.97345713970813
o_max,-4.173670589157837
o_max,-0.9173731770936282
o_max,2.450829454906372
o_max,-3.240961181995239
o_max,-3.178700961971436
o_max,-1.126400563971436
o_max,0.3505804206334229
o_max,0.1952708129123537
o_max,-1.81375843821936
o_max,3.61860829978064
o_max,0.5265116248962097
o_max,-0.3402549282293396
o_max,4.933825602770661
o_max,2.817603865770661
o_max,4.21291712077066
o_max,-2.89434818722934
o_max,4.40333624077066
o_max,4.117591345401367
o_max,3.512380664770661
o_max,-2.171592825194672
o_max,0.0600974270761108
o_max,1.01662968070758
o_max,-3.446262224768676
o_max,0.0499859852313231
o_max,-1.107842928768677
o_max,2.758248604231324
o_max,13.19946219897949
o_max,4.181686479231323
o_max,7.372722671401368
o_max,12.57184374898437
o_max,3.201551686306641
o_max,2.222880073154877
o_max,4.254574233387695
o_max,2.424127191750824
o_max,2.451850827881104
o_max,11.80527691917969
o_max,8.261569284597169
o_max,13.81667693730225
o_max,0.4306810461796875
o_max,4.004448065708557
o_max,13.2653226229834
o_max,7.443954841062011
o_max,6.064398010641602
o_max,4.32187582727539
o_max,-0.0626161301572265
o_max,5.262251764052735
o_max,1.768735031062011
o_max,8.632389869179688
o_max,4.565688094797364
o_max,-2.787469465202637
o_max,7.361268572158202
o_max,2.933847291839355
o_max,5.90969314530664
o_max,3.132122273387695
o_max,-6.913372208249176
o_max,4.938655333608399
o_max,9.763460152042542
o_max,2.57083879230664
o_max,-5.099068908160644
o_max,-4.317004794284668
o_max,8.203432344052734
o_max,8.896466079194337
o_max,5.456815971478028
o_max,1.993026767404785
o_max,0.8059067054047855
o_max,0.1554052527709952
o_max,3.164886246515136
o_max,6.504379981687988
o_max,1.453305431439698
o_max,5.358705630822509
o_max,-5.565614468192139
o_max,-2.523057737374756
o_max,0.8972349941055908
o_max,3.651067932258057
o_max,-5.981769560303954
o_max,1.93560301772876
o_max,5.007087089696045
o_max,0.7704610976960451
o_max,-5.605972540303956
o_max,-3.169550518058106
o_max,2.411352979954102
o_max,-2.081375470260254
o_max,-0.5574862909968266
o_max,-1.629566460861572
o_max,5.637942897886407
o_max,-5.446261076572753
o_max,-5.02016091449353
o_max,4.713907913101075
o_max,1.797848551202515
o_max,6.457705222191772
o_max,-3.879406080788452
o_max,-2.777341930012573
o_max,-0.5484636800124512
o_max,0.7031976604157715
o_max,3.448645748987427
o_max,-4.946064359275635
o_max,2.573787221362915
o_max,0.903899050586914
o_max,2.11827359638269
o_max,-2.245219494413086
o_max,3.852948691832886
o_max,-2.830422337167114
o_max,-2.59375003361731
o_max,1.448063488460937
o_max,-0.9360944277020264
o_max,3.609424673490478
o_max,-2.183887588477905
o_max,-2.995970241539062
o_max,-4.607214683273682
o_max,-3.264757604404785
o_max,-5.008647826678528
o_max,-8.394351995427856
o_max,0.7366263115721436
o_max,-2.476298143427856
o_max,-2.016391953198791
o_max,2.694154359112061
o_max,4.380534699274293
o_max,-5.01122782132721
o_max,1.840281735677856
o_max,-0.3676518059183351
o_max,-3.902027825782288
o_max,-3.420815491350525
o_max,4.630010844062989
o_max,-5.020697012350525
o_max,1.398371929600769
o_max,-4.843744396367661
o_max,-3.130029964113593
o_max,-4.070298434571884
o_max,-1.8917528115326
o_max,-2.465075552571884
o_max,-0.283349899077076
o_max,-8.977394965635941
o_max,1.951711370753483
o_max,-9.443242795335816
o_max,-4.051431230940613
o_max,1.261135913105591
o_max,-4.226520091144836
o_max,-6.712327046772828
o_max,0.3231848302271727
o_max,-6.48254148518634
o_max,-2.288254191907226
o_max,-6.382698276811524
o_max,-0.336934005897461
o_max,-4.224678611907226
o_max,-3.420981279940613
o_max,-8.808539535940612
o_max,4.179027715058594
o_max,-8.273731357811524
o_max,-2.82703047618634
o_max,-7.700566363940613
o_max,-8.170354070296998
o_max,-1.64245771842633
o_max,-11.89775555904443
o_max,-3.699609033431397
o_max,0.1238231995352174
o_max,-10.02213587504443
o_max,6.225764495433594
o_max,-9.87306973042633
o_max,-4.946649099426331
o_max,1.638292673535217
o_max,-4.201095316121338
o_max,-9.726357974464785
o_max,-5.124343226426331
o_max,-0.3554120434605714
o_max,-6.713342814480347
o_max,-1.154123774480347
o_max,-6.026120991460571
o_max,6.712368055058594
o_max,-12.38691378385742
o_max,-2.044873006460571
o_max,-6.059476168355591
o_max,-2.981601495304199
o_max,-4.646336327849854
o_max,0.6358767378374024
o_max,-0.6756428281625977
o_max,-5.230236837101318
o_max,-6.473360859366821
o_max,-1.183897095265381
o_max,5.798748554742676
o_max,-2.152146439366821
o_max,-8.366703774999024
o_max,-8.324736099270508
o_max,-4.870737783937866
o_max,-1.126409609919068
o_max,2.785046102000977
o_max,-2.440407797937866
o_max,-3.185180258937866
o_max,2.128934930466553
o_max,-1.291698435131348
o_max,-8.920628844817628
o_max,-8.32064626002185
o_max,-6.38931735702185
o_max,-7.755132081474732
o_max,-1.739673306919067
o_max,1.361649997080932
o_max,-6.431774400474732
o_max,-2.483903792983765
o_max,-1.586622080581055
o_max,4.343414491433593
o_max,-4.075980463025391
o_max,-8.937256255581055
o_max,0.8552093669746093
o_max,-6.238836366025391
o_max,-6.146411351581055
o_max,-4.803639762983886
o_max,-1.682211045983887
o_max,2.063186089974609
o_max,-5.966083133229614
o_max,4.044735136839355
o_max,1.14137932597461
o_max,-8.192747270983766
o_max,-6.476029158581055
o_max,-12.84520954958106
o_max,-5.619416899085572
o_max,-6.231677179289795
o_max,-8.10979512902539
o_max,-6.15481769518811
o_max,-9.99610594508557
o_max,-0.2230639419838866
o_max,5.763250696433594
o_max,-3.608378039983887
o_max,0.805246776710205
o_max,-9.82238679408557
o_max,-1.014589352983887
o_max,-0.1558181602897947
o_max,1.49853941797461
o_max,-4.317416992289795
o_max,-1.42588477118811
o_max,-8.678933292566406
o_max,-4.019196943693603
o_max,-8.035321842844239
o_max,-6.372220038342164
o_max,-2.211854617342163
o_max,-5.16989789613794
o_max,2.502129659102173
o_max,-11.9565965067096
o_max,-2.447398340137817
o_max,1.328937665862183
o_max,-3.362081381723022
o_max,3.110434283496338
o_max,1.984242767542358
o_max,0.9639135551140136
o_max,-4.844789156723023
o_max,1.678867435481323
o_max,4.286351464338135
o_max,-0.2815371925187988
o_max,0.1543776046855467
o_max,-7.697246652314453
o_max,2.640097056034668
o_max,-0.8497488915187987
o_max,-2.106348677661865
o_max,-0.3153485798859865
o_max,-4.955079834518677
o_max,-1.117193000314453
o_max,-3.702706558661865
o_max,-6.214015763661865
o_max,-3.343055569314453
o_max,-5.921498679314453
o_max,-2.446012684314453
o_max,-5.743202150533447
o_max,-6.297301413215454
o_max,-7.493884257011231
o_max,-2.999498050950073
o_max,-5.005114341950073
o_max,-0.9091431908068848
o_max,1.362858058193115
o_max,-6.233376594806884
o_max,-1.620668485806885
o_max,0.124262449193115
o_max,0.2027842993876953
o_max,-4.002537216806885
o_max,-4.40542018101123
o_max,-6.419946940154297
o_max,-3.145974427256958
o_max,5.936443517988769
o_max,-5.318697250445557
o_max,6.131689028947266
o_max,0.1612862391132812
o_max,0.6245983275476075
o_max,0.4904250168703612
o_max,-3.051292776085205
o_max,2.990768696914796
o_max,1.100019030547608
o_max,-2.825072371656616
o_max,-0.6168690776566161
o_max,-3.846629304090942
o_max,-2.878560493656616
o_max,1.126432730547608
o_max,-7.576469346391235
o_max,4.916904735404541
o_max,4.491608954742675
o_max,-3.367862245129639
o_max,5.543861170547608
o_max,2.890588330817138
o_max,-3.144614403448364
o_max,-6.374597242876954
o_max,-3.516780874081177
o_max,5.58949074075586
o_max,-7.284018270148437
o_max,1.85593601875586
o_max,-4.033058299160644
o_max,2.767819464001709
o_max,-1.405809962978638
o_max,0.4893401867558595
o_max,-10.55606211297864
o_max,-0.9335910622025144
o_max,4.681880968521973
o_max,-7.200948030673584
o_max,3.240637527739502
o_max,-5.009664074260498
o_max,-2.403312526233398
o_max,-4.589262042260498
o_max,-5.757325172260498
o_max,-7.178161624043457
o_max,-3.451876258260498
o_max,-6.457549987263672
o_max,2.381370190889404
o_max,-10.86335866856201
o_max,1.268703151437988
o_max,1.415686898170898
o_max,-1.858242879829102
o_max,-4.900201755562012
o_max,-5.453646052513916
o_max,1.909254326476319
o_max,3.374147988476318
o_max,-0.7543802274821774
o_max,-2.31886865959082
o_max,-3.590944201482178
o_max,-9.629161230267822
o_max,-10.09776368629956
o_max,-7.382735808513916
o_max,-1.360845883861573
o_max,-0.2972763465236818
o_max,-10.16097167637647
o_max,-8.087080802376464
o_max,-6.30274343159082
o_max,0.1907822216906742
o_max,-1.211290731267822
o_max,3.368592557690674
o_max,2.820073356476319
o_max,2.721801492396485
o_max,-1.033074639523682
o_max,-3.76645787763916
o_max,-1.817543719309326
o_max,-13.42669559959082
o_max,-9.55091498038916
o_max,-4.791831382513916
o_max,-2.682931501603516
o_max,-3.905161071523682
o_max,-0.2987034486035158
o_max,-2.819170391376465
o_max,2.40581534036084
o_max,-6.13991546559082
o_max,0.3782936037321773
o_max,-2.190346301523681
o_max,0.7868522806906739
o_max,-5.548707273523681
o_max,4.747522406486084
o_max,-1.414508337138672
o_max,-10.60329234595703
o_max,0.1074613560429691
o_max,-1.568817039215576
o_max,5.987315930433594
o_max,-7.119008160892578
o_max,-3.422254548106934
o_max,0.5039315338613282
o_max,-0.2742418461713871
o_max,-3.455472686925537
o_max,-4.011765876924317
o_max,-4.782009343957031
o_max,-7.392971480215576
o_max,3.684437716766602
o_max,7.55956320999878
o_max,-4.188851858215576
o_max,-4.046461299001221
o_max,1.850412167893066
o_max,4.959552275074463
o_max,-2.789312639711182
o_max,1.527516786784424
o_max,2.296933698288818
o_max,1.937700106089112
o_max,2.314051344479248
o_max,-10.69021972698355
o_max,-5.057626849306397
o_max,-10.60614233252075
o_max,-0.5898449666638186
o_max,-3.988324221013672
o_max,-3.119863500013672
o_max,-12.37628151355786
o_max,4.961506579442139
o_max,-4.397379524123535
o_max,0.0701559463295895
o_max,0.0443384859936522
o_max,-9.24504996890918
o_max,2.295798181733398
o_max,-0.3263771746249997
o_max,2.09670241609082
o_max,-1.652378619625
o_max,-7.387518938123535
o_max,8.209564586733398
o_max,-8.172459742839354
o_max,-3.675772304267822
o_max,-7.202051828267822
o_max,-3.624935996817962
o_max,-4.312985913480957
o_max,1.258975191946533
o_max,0.1197675286564941
o_max,6.8497681435
o_max,-0.9060541302177736
o_max,-0.2602977902177734
o_max,5.72499292029126
o_max,-5.807470512718506
o_max,4.951398528591553
o_max,-4.407264285408447
o_max,-0.3066089628615724
o_max,-3.899437884565186
o_max,-3.405732956565185
o_max,-1.377187335565186
o_max,2.164086657903564
o_max,-5.135491426939698
o_max,0.3215490310603028
o_max,-2.451655645096436
o_max,3.672646895903565
o_max,-0.8772785250964352
o_max,2.261162953838135
o_max,2.80717667512915
o_max,-8.684878782161865
o_max,1.838662986132324
o_max,0.8789519981323242
o_max,-3.895001706867676
o_max,0.330094679132324
o_max,-5.328779651867675
o_max,-2.362431273867676
o_max,4.024700599132324
o_max,-5.380046522956787
o_max,-7.532054466956787
o_max,0.2585267030432128
o_max,-1.229689573956788
o_max,0.4248769020432128
o_max,0.808174422043213
o_max,4.160470054096436
o_max,3.727256806102539
o_max,-7.306842035897461
o_max,-5.303363970897461
o_max,-5.300680831897461
o_max,-5.624269810897461
o_max,-11.39431045989746
o_max,-2.477516799897461
o_max,-3.306677485505493
o_max,-6.279015572505493
o_max,0.2381809594945068
o_max,-9.001932807505494
o_max,-5.936894383499389
o_max,1.78775214250061
o_max,-2.00440415249939
o_max,2.05524398950061
o_max,-9.75956584749939
o_max,-8.72516300749939
o_max,0.2373753895006103
o_max,-1.939235303356445
o_max,0.6809893590682373
o_max,-3.637483541931763
o_max,-3.954571146931761
o_max,-3.362521869931762
o_max,-0.4033440792778329
o_max,-8.282679940931763
o_max,-8.103757576931763
o_max,-3.920575480391174
o_max,-1.444086951088554
o_max,-0.6209396240885544
o_max,-7.046692949088555
o_max,-4.861850817088555
o_max,-2.148499010088555
o_max,-2.895986891088554
o_max,-4.850715428088554
o_max,3.067229484608826
o_max,-8.154051182391175
o_max,-7.855743977088554
o_max,-2.169392980088555
o_max,-5.096625805088554
o_max,-4.004763258088555
o_max,-4.791632183088554
o_max,-1.535493876088554
o_max,1.004435842911445
o_max,-6.172374985088554
o_max,-0.4352868760885544
o_max,2.098708173911445
o_max,0.8275518859114456
o_max,-2.658134259746452
o_max,-6.939818957746453
o_max,-5.197956291746452
o_max,-1.38640438457167
o_max,1.422559338428329
o_max,-6.502932236565567
o_max,-3.470364086624451
o_max,-0.2468508551782227
o_max,-7.477190908258422
o_max,-3.941304582258423
o_max,-4.081160425258423
o_max,-2.422471712258423
o_max,2.444514784741577
o_max,4.766546532741577
o_max,0.6624489280651245
o_max,-3.928149804934876
o_max,-5.981576483743286
o_max,-6.390193375180176
o_max,-3.091829760920654
o_max,-4.381882378272339
o_max,-2.228524184845123
o_max,-8.958031398919678
o_max,-2.846257926494141
o_max,0.868635624433594
o_max,5.426972358699219
o_max,-4.22033235387085
o_max,1.514628121868652
o_max,1.349399064820801
o_max,4.314318503034668
o_max,-4.251721096129639
o_max,-2.057835961233398
o_max,2.084100029433595
o_max,-6.675568872446288
o_max,2.806122904727661
o_max,-2.846464463272339
o_max,-0.9977727565334468
o_max,-1.467258401817963
o_max,-7.611448242180176
o_max,3.592453251102051
o_max,3.36126074836084
o_max,-3.208516026153748
o_max,1.955407483387696
o_max,-6.325445499693359
o_max,-1.307486888300781
o_max,-2.993585700360351
o_max,1.125042616819824
o_max,-7.147245231635651
o_max,-0.940719749249176
o_max,-6.620423070071106
o_max,-0.568731102180176
o_max,1.078584734820801
o_max,-1.171955099639161
o_max,3.818358733154877
o_max,-5.478320814940064
o_max,4.701505071699219
o_max,-6.606086423612304
o_max,-1.892119600180176
o_max,3.415834902641602
o_max,-8.758215273486268
o_max,-1.035594021249176
o_max,-4.392995230533447
o_max,-6.812889298300782
o_max,-1.538006001420898
o_max,-0.0332360248451233
o_max,2.5041334808208
o_max,-8.135188454559815
o_max,-0.7166121328708495
o_max,-5.877031294233399
o_max,-3.301942010984009
o_max,-5.708505894775147
o_max,1.10714887636084
o_max,-0.0713139928615724
o_max,-1.18783301783136
o_max,-2.95043691083136
o_max,-1.977417581639161
o_max,-1.734764930272339
o_max,-2.552116988817962
o_max,-11.93281081176468
o_max,-2.776134968300781
o_max,-3.158282446272339
o_max,-6.640209477358399
o_max,1.482889588750824
o_max,-2.558474529612305
o_max,-6.518014354249176
o_max,0.7009736258208008
o_max,-7.239438479550781
o_max,2.09279390612915
o_max,-7.073011902179199
o_max,-2.648257075179199
o_max,-5.103849977606536
o_max,0.4989690316992181
o_max,1.476530648579102
o_max,7.808678505868652
o_max,-4.242932482861573
o_max,-1.769805855764679
o_max,0.608123869466553
o_max,3.021817298204102
o_max,-5.847997558817963
o_max,-7.702037800180176
o_max,1.350002638579102
o_max,4.629219357928894
o_max,-9.715909283180176
o_max,-0.6616601154862671
o_max,6.738788248433594
o_max,1.162711292797363
o_max,-0.474796234249176
o_max,-6.996744002764679
o_max,1.1157877838208
o_max,-4.36655658887085
o_max,-2.99205428283136
o_max,0.1051911760346673
o_max,-1.891764396965332
o_max,-7.34815159231372
o_max,-0.610055520249176
o_max,-9.3527634081792
o_max,-3.419289934861572
o_max,-4.422250290919678
o_max,-1.009367794612304
o_max,1.693334253727661
o_max,10.42354633410205
o_max,-1.460064897717834
o_max,1.676374687579102
o_max,-0.9665665978708496
o_max,-4.76196125583136
o_max,-1.580656667160644
o_max,-6.493944070984009
o_max,-1.876695680795898
o_max,3.30709128516864
o_max,-7.790581333870849
o_max,-5.683994488612305
o_max,-0.3044665881606443
o_max,-3.175987778764679
o_max,-8.875385789179198
o_max,-4.360416759071105
o_max,-3.18855016487085
o_max,3.649378752034668
o_max,4.067316895868652
o_max,-7.964376036764679
o_max,1.310940538079346
o_max,-9.72553294776468
o_max,-1.32394712587085
o_max,5.915750990742676
o_max,1.031534852235321
o_max,-10.6879789961792
o_max,-2.442756148300781
o_max,-4.451450073817963
o_max,-0.5778022414208976
o_max,-5.48718408383136
o_max,-2.139794273845123
o_max,-3.029392587180176
o_max,5.794678032750824
o_max,-2.013702192160644
o_max,-9.030807903084472
o_max,0.5884495891686403
o_max,-6.149849917639161
o_max,-6.44345717087085
o_max,2.511234540742675
o_max,-2.4498384941792
o_max,-0.9011044249414066
o_max,1.1163110828208
o_max,-5.875603555153748
o_max,-8.77056447912964
o_max,-5.220402246272339
o_max,-5.547903515919677
o_max,-3.695540990272339
o_max,-7.123503694233399
o_max,9.2047253635791
o_max,-7.459917185179199
o_max,-1.970882769919678
o_max,-2.333291200845123
o_max,6.327554202727661
o_max,4.899003735433594
o_max,-2.128602314870849
o_max,-2.624554400272339
o_max,3.571905824079345
o_max,-4.25147967387085
o_max,-2.241832036984009
o_max,-2.87907984789795
o_max,0.9634634838881836
o_max,1.356830552138428
o_max,-0.053732012249176
o_max,1.432628636432861
o_max,-3.201158203844238
o_max,-6.344882379817963
o_max,2.889422776750824
o_max,-0.2367234981791992
o_max,-3.64632561263565
o_max,-4.531346070612305
o_max,-6.619124941313721
o_max,-4.818753909764679
o_max,-1.24522275463565
o_max,2.958914835433594
o_max,6.34177661545813
o_max,-6.897286083786255
o_max,7.125744067433594
o_max,3.526775628102051
o_max,-6.106416446984008
o_max,-6.597566914987548
o_max,-4.367594295272339
o_max,-7.699932383180176
o_max,-4.530930285984009
o_max,0.3899174832353209
o_max,-9.448533339180177
o_max,-1.477970939153748
o_max,2.815173904235321
o_max,-0.7738372122333983
o_max,-2.096881235919678
o_max,-1.47681869830078
o_max,-1.50316723883136
o_max,3.904360309204102
o_max,2.510493197579102
o_max,2.000089138699218
o_max,2.00802476610205
o_max,-5.176272595071106
o_max,-7.260234083818359
o_max,1.671164658235321
o_max,-1.354122039920654
o_max,2.728101276870361
o_max,-2.440058258249176
o_max,-5.814382487984009
o_max,3.21065206016864
o_max,-6.884694886272339
o_max,-4.870890804249176
o_max,-3.150490530179199
o_max,-1.85761316463565
o_max,-7.295084513795288
o_max,-8.081921908180176
o_max,-5.060630121420898
o_max,-1.484966931179199
o_max,-6.827849448764679
o_max,-2.640939254941406
o_max,-0.4232510191791991
o_max,3.600571170820801
o_max,4.7978258348208
o_max,-8.66246082387085
o_max,-6.548310177358399
o_max,-4.238619453612305
o_max,-3.399891284731446
o_max,-0.6092864121118158
o_max,-3.486839199180176
o_max,-0.6179880177862549
o_max,-5.566235158160644
o_max,-2.221356196693359
o_max,-0.9820109501606442
o_max,-2.95573052169336
o_max,-2.242679957160645
o_max,-6.682652097131347
o_max,-3.17644900887085
o_max,-1.164971818764679
o_max,6.522008581282165
o_max,-11.90789410387085
o_max,1.435249309015991
o_max,3.348005944888184
o_max,-5.932111727249176
o_max,-12.22750101171783
o_max,-1.60048944069336
o_max,-0.934706603752442
o_max,2.138192990433593
o_max,-0.0785420848708495
o_max,-0.7790982812723388
o_max,-2.73992704487085
o_max,-1.931074578300782
o_max,-2.810173045693359
o_max,-5.056012739272338
o_max,0.5431984816992195
o_max,-2.298772883249176
o_max,-3.782705376984009
o_max,-3.731753138861572
o_max,-2.335898264984009
o_max,-6.359669826870849
o_max,-10.19257786683136
o_max,2.461029808387696
o_max,-9.34192131998401
o_max,-7.084647277795288
o_max,-2.219275395984009
o_max,-5.675725512845124
o_max,-3.044060992179199
o_max,-1.606768365179199
o_max,-6.967467592160645
o_max,2.643882297819824
o_max,0.8845474958393553
o_max,-3.307348578717834
o_max,1.906782071870361
o_max,-5.718343888272339
o_max,4.950927831727661
o_max,0.1386080188208009
o_max,-1.674309651180176
o_max,-6.630169284635651
o_max,-0.6571558109840088
o_max,-6.867368524717834
o_max,-2.967900475566406
o_max,0.9494304675537109
o_max,-3.8859773761792
o_max,-3.103473438920654
o_max,-0.91319167783136
o_max,-6.581454760533447
o_max,3.366513307820801
o_max,-6.142679160795897
o_max,0.4066581828198243
o_max,0.9964267835585936
o_max,0.6250993722353211
o_max,-5.759159190635651
o_max,-6.728484580533447
o_max,0.5572702598208004
o_max,9.319497945204102
o_max,0.6522107430346686
o_max,0.5519791647508239
o_max,-8.143673690249177
o_max,5.019516725058594
o_max,-3.667057479861573
o_max,-4.328772964233398
o_max,-4.336421079920655
o_max,-3.73909287687085
o_max,0.1585967868208007
o_max,-5.97377539383136
o_max,-1.379457018984009
o_max,-5.475574075313721
o_max,-5.48319748383136
o_max,2.082711975820801
o_max,-2.238537878272339
o_max,-2.861916184635651
o_max,-0.2578915078615722
o_max,-4.232920862180176
o_max,-2.726422939180176
o_max,-4.174178216764679
o_max,-3.509982094071106
o_max,-6.588537129129639
o_max,3.342933327819824
o_max,-9.040839656179198
o_max,-2.915422903179199
o_max,-7.013874611071106
o_max,-8.629198106084473
o_max,-4.917531257897949
o_max,-5.515806306249176
o_max,0.9147343818393554
o_max,-1.314962151087891
o_max,-7.41086511683136
o_max,1.588842055235321
o_max,-0.619569342179199
o_max,-12.30574249025574
o_max,-3.481852792180176
o_max,-9.34379201627234
o_max,1.07614500312915
o_max,0.6284414006416021
o_max,-0.6609881049414064
o_max,3.180913452433594
o_max,2.39170157636084
o_max,1.282199782235321
o_max,-8.621772856764679
o_max,-2.863479343861572
o_max,-3.842450537533448
o_max,-3.359829067160645
o_max,-0.7766892862573247
o_max,-6.704184948272339
o_max,-10.72766791171783
o_max,6.137126807579102
o_max,-2.964633804612305
o_max,-7.273456669717834
o_max,-5.244432983272339
o_max,-0.3407208754862671
o_max,1.851901166716431
o_max,3.399591963058594
o_max,1.368495526742675
o_max,-1.511672677272339
o_max,0.0097765706416019
o_max,-1.376283828180176
o_max,4.901916406235321
o_max,-8.082048850817962
o_max,-7.449875629249176
o_max,-0.0775597949653317
o_max,-2.202573500233399
o_max,1.85087009616864
o_max,-4.761609189861572
o_max,2.635443833034668
o_max,-2.948230340272339
o_max,-4.618922280984009
o_max,-6.674824299984008
o_max,-10.54409580263565
o_max,-1.405468516233398
o_max,1.108939437868652
o_max,-5.760147740533448
o_max,3.498359678820801
o_max,0.8498094548686526
o_max,4.945183610129151
o_max,-5.959552511612305
o_max,-6.771842827249176
o_max,-4.820995293817963
o_max,1.571813611699218
o_max,-6.214419410249176
o_max,-1.653223761179199
o_max,-13.92545400718018
o_max,5.003945127433593
o_max,-4.694932866313721
o_max,5.65143369236084
o_max,-1.70488323487085
o_max,-4.047065961179199
o_max,-1.241927310233398
o_max,-0.6746016871801759
o_max,-4.457825752717834
o_max,-1.649491531420898
o_max,0.5180497112685547
o_max,-10.51571237627234
o_max,3.314202194579101
o_max,-1.86055531087085
o_max,-4.645295137129638
o_max,4.544752531204102
o_max,-7.088854086179199
o_max,-5.065038284087647
o_max,1.547633065154877
o_max,-5.02882787183136
o_max,-6.983232448845123
o_max,-2.337022003775147
o_max,-2.647092571131348
o_max,-5.049422667272339
o_max,2.367955449579101
o_max,-1.537108890160645
o_max,-2.284320166180176
o_max,-6.28271860963565
o_max,-3.064453214180176
o_max,-4.09242880583136
o_max,-12.03429588176468
o_max,-1.796041492179199
o_max,-5.512795009249176
o_max,-6.371241175612305
o_max,-2.322863457717834
o_max,-7.073453599180176
o_max,-4.418400787845124
o_max,-6.610155941960236
o_max,6.0255271808208
o_max,2.712762413306641
o_max,1.114683223742675
o_max,-3.843351488708252
o_max,-2.367395231179199
o_max,4.445259075433594
o_max,-7.195689640845123
o_max,-1.332514912179199
o_max,-11.39327106727234
o_max,-1.409350021420899
o_max,-3.325884493870849
o_max,-2.488069245764679
o_max,-4.831849625533447
o_max,-4.6200153901792
o_max,-3.848696521420898
o_max,-1.349517136984009
o_max,-3.344816690533447
o_max,-1.88423542483136
o_max,2.604483869154877
o_max,3.104949291699219
o_max,-6.075416683764679
o_max,-5.088952428180176
o_max,8.323310550079345
o_max,1.699432631797364
o_max,-1.460594112111817
o_max,0.3120151624665528
o_max,-3.35646792687085
o_max,-3.941211051180176
o_max,1.865450441819824
o_max,1.506964025204102
o_max,8.820215740320435
o_max,-1.135735181272339
o_max,-10.25185085424918
o_max,-1.621949318919678
o_max,-0.1441207849840089
o_max,-0.5752832122723389
o_max,3.49840760536435
o_max,-3.346339475071106
o_max,-5.032688163486267
o_max,0.0720868590346679
o_max,-0.8254307455664058
o_max,-11.94239140367956
o_max,-5.492392108272339
o_max,1.992607566727661
o_max,-0.8097076502723388
o_max,1.952516276579102
o_max,-10.18029850527234
o_max,-2.77682755787085
o_max,-7.238242549845124
o_max,3.211570905433594
o_max,-0.6975616300711059
o_max,-0.574656567533447
o_max,-4.665372565023682
o_max,0.2812815118198242
o_max,-1.157129228179199
o_max,1.183547192433593
o_max,-5.471508750160645
o_max,-3.832586697845123
o_max,1.310111207888184
o_max,-4.472596529179199
o_max,-0.0926588749414065
o_max,-5.116835189179199
o_max,-3.966877629249176
o_max,3.489824713320434
o_max,1.431954435820801
o_max,0.317187305058594
o_max,2.560998424579101
o_max,-1.926905657160645
o_max,-1.711772751420899
o_max,1.003059661182037
o_max,-3.728790515533447
o_max,-1.959730529180176
o_max,1.013632303870361
o_max,5.669791089204102
o_max,-15.23119334967956
o_max,-6.499407972160645
o_max,-4.839215445272339
o_max,-4.97246642887085
o_max,-4.328403423920655
o_max,-3.581594910817963
o_max,-5.13572211830078
o_max,-0.0373533018451233
o_max,-3.469485727844238
o_max,-2.40677464987085
o_max,-7.889540764023682
o_max,-6.256346229984009
o_max,11.12833928988818
o_max,-4.163023669272339
o_max,-2.633593291180176
o_max,-1.091592395533447
o_max,0.9842380981686404
o_max,1.370592048928894
o_max,-2.708860618300781
o_max,-4.088391895566407
o_max,2.700948197320435
o_max,0.2309415508686525
o_max,-2.310101401180176
o_max,-4.919694328612304
o_max,5.631772110034668
o_max,-6.20314868087085
o_max,-7.12892092683136
o_max,-4.836846654160645
o_max,-1.476429015233398
o_max,-3.686895496764679
o_max,22.62361500025452
o_max,-3.920418659870849
o_max,2.161171390102052
o_max,7.420299943820801
o_max,-0.1680688006123047
o_max,-5.914146161179199
o_max,-3.503127010180176
o_max,-5.506024085533447
o_max,-0.8487492892026367
o_max,-2.260997002111816
o_max,-3.905184085179199
o_max,-7.806957142023681
o_max,1.401859030820801
o_max,-4.723356843845123
o_max,0.0188679092041024
o_max,3.001051617797363
o_max,0.7613124464492187
o_max,4.03006093112915
o_max,2.532608699466553
o_max,-6.679999861870849
o_max,-5.55050455483136
o_max,3.541682736641602
o_max,-16.78605262908447
o_max,4.056177719058594
o_max,-6.504837566257326
o_max,7.509716531204102
o_max,-1.683051061131348
o_max,-8.104670977764679
o_max,1.243813241015991
o_max,-9.049916631960237
o_max,-8.917938050179199
o_max,-7.105506599249176
o_max,25.31101208025452
o_max,-3.977475947984009
o_max,-2.585532815566406
o_max,-3.611724212861573
o_max,0.835966563235321
o_max,4.7324263078208
o_max,-0.5923994267646789
o_max,-3.992075366249176
o_max,-5.909975190984008
o_max,-2.644109174941406
o_max,-7.919991752160644
o_max,-3.621883553179199
o_max,-1.202448139131347
o_max,-7.671034278919677
o_max,-2.025854361795288
o_max,-6.548550042179199
o_max,-6.26836698069336
o_max,-3.076797214764679
o_max,2.45125526112915
o_max,-0.0709468662573247
o_max,15.98593281032044
o_max,1.280686592750824
o_max,-5.388619647179199
o_max,-3.136033483919678
o_max,-5.306184193347046
o_max,1.02499334216864
o_max,-7.687343797179199
o_max,-9.241765417358398
o_max,5.242838788699219
o_max,-3.601909124764679
o_max,14.10313640032043
o_max,-4.21685808244629
o_max,-4.930701159160645
o_max,-0.103640847249176
o_max,-1.628763947358399
o_max,-9.27214165483136
o_max,-12.06737185219751
o_max,4.781408524839355
o_max,-3.931078881420897
o_max,-2.455732271272339
o_max,-7.057866698984009
o_max,5.047173723320435
o_max,-2.881667957233399
o_max,-7.922667023870849
o_max,-1.633472670920654
o_max,-6.622024710845123
o_max,-0.740411435566406
o_max,-9.57381651727234
o_max,-6.26856744649414
o_max,0.1191860302821654
o_max,-7.021132963679565
o_max,-2.471598456071106
o_max,-7.114925480180176
o_max,2.860556900235321
o_max,0.1338033717276612
o_max,1.687157470282166
o_max,-9.195666406845124
o_max,-1.232452223861572
o_max,-4.402703057272339
o_max,-0.4967037369653315
o_max,-4.917930363493653
o_max,10.06892796032044
o_max,-1.906837801272339
o_max,-8.50603784398755
o_max,-0.8888711879840088
o_max,2.53338566516864
o_max,0.525440585235321
o_max,-2.389269897486267
o_max,-7.633695498845123
o_max,-8.787574448071105
o_max,-2.282357378764679
o_max,-6.377353470764679
o_max,-7.416962014679566
o_max,0.0239977220793456
o_max,0.5810301151384278
o_max,-2.795024126347046
o_max,-3.664920850129638
o_max,-8.377694364179199
o_max,-2.843956636861572
o_max,-8.313614774249176
o_max,-4.09320771619751
o_max,-5.808233781272339
o_max,-3.924010351071106
o_max,-2.251483409089599
o_max,6.647219565102051
o_max,4.925861032034668
o_max,-1.828164548764679
o_max,-3.401835156965332
o_max,-2.47722579583136
o_max,1.872649236364349
o_max,-2.950328851179199
o_max,4.262928294742676
o_max,-5.295945762160645
o_max,3.923494964387695
o_max,-8.8152811420896
o_max,-1.337558633861573
o_max,-11.63200056908447
o_max,-0.6227857407958979
o_max,3.334180021839356
o_max,1.584668452306641
o_max,-3.05975682383136
o_max,-8.181393062160645
o_max,4.715743638433594
o_max,-3.061690316272339
o_max,-6.605875485202636
o_max,9.782724800320434
o_max,-3.646040322446289
o_max,-11.19094238318018
o_max,-13.04294617263565
o_max,-5.547699970180176
o_max,-2.941167705179199
o_max,5.922951037204101
o_max,-3.862607680272339
o_max,-2.237812901742798
o_max,0.5263124461124269
o_max,-3.817076885679565
o_max,1.100497104751099
o_max,-0.3073984472489015
o_max,-1.094208594248901
o_max,-2.761400784423218
o_max,-5.481133039887573
o_max,2.830443517751099
o_max,-2.028003367248901
o_max,-0.5115519192489013
o_max,-15.05524329302368
o_max,0.7571975601070555
o_max,2.683639516320435
o_max,-1.743794380887573
o_max,2.417864469641602
o_max,1.379568021138428
o_max,6.798273583320434
o_max,0.9878973056219637
o_max,-8.7283347420896
o_max,1.459013526112427
o_max,-8.317212231023682
o_max,-6.208821100887573
o_max,-1.140395164742798
o_max,-3.649379800023682
o_max,-4.002245466423218
o_max,-7.068075370023681
o_max,0.6621680666219636
o_max,-6.132080384679565
o_max,-1.886925900887573
o_max,-2.182040895679565
o_max,13.35275899032044
o_max,4.598626028751099
o_max,-1.325621479378036
o_max,-2.550590161248901
o_max,-4.231250296887573
o_max,-1.211825166248902
o_max,-0.0717506828875733
o_max,-1.776027887892944
o_max,-3.502563022423218
o_max,-2.844888166423218
o_max,20.36469155025452
o_max,-0.0732651372489012
o_max,1.287252720751098
o_max,0.3177796941124269
o_max,-0.4814858303780365
o_max,1.467233386107055
o_max,-9.147605522887574
o_max,-4.005034797887573
o_max,-2.441027619742798
o_max,-4.716484607742798
o_max,-1.094831013742798
o_max,4.421143649766602
o_max,17.75372337032043
o_max,-2.625732698423218
o_max,-4.356460213423218
o_max,2.673634031080444
o_max,-6.389467228887574
o_max,-6.776546570887573
o_max,-0.3673975452489015
o_max,-2.232671245423218
o_max,3.648157534257201
o_max,4.703340028112427
o_max,3.022197175112427
o_max,0.8694281193204345
o_max,3.051460282751099
o_max,-1.239053831248901
o_max,-2.255145294248901
o_max,-3.927418049742798
o_max,-12.3087977742489
o_max,0.0035597782572021
o_max,-4.876954038887574
o_max,-2.286873946248901
o_max,0.0501157721070555
o_max,-2.274146673248901
o_max,-4.617439359887573
o_max,-5.103410499423218
o_max,-3.429882026892944
o_max,2.463225536257202
o_max,-1.508974238378036
o_max,-6.165287417742798
o_max,-0.3722908372489013
o_max,-1.520668378742798
o_max,-3.799682020742798
o_max,-0.9772328882489014
o_max,-4.050630639023682
o_max,-4.934671663248901
o_max,-5.237883451887573
o_max,-0.3509260408143615
o_max,-1.010810250887573
o_max,0.308627496257202
o_max,-3.527348036248902
o_max,-5.291637562423218
o_max,-1.903537023742798
o_max,1.930808793751098
o_max,5.480863605112427
o_max,-1.317251607679566
o_max,-1.366100203556519
o_max,31.72830806025452
o_max,4.1568963319104
o_max,4.4866397469104
o_max,5.045224868910401
o_max,8.4517723569104
o_max,1.920784953910401
o_max,0.7223247309104002
o_max,6.522950117910401
o_max,2.1120391759104
o_max,-2.8935375040896
o_max,-1.8991474250896
o_max,9.933107110320435
o_max,-2.476091877089599
o_max,0.5525817449104005
o_max,-4.6779274600896
o_max,-2.2287510890896
o_max,-1.6763253710896
o_max,7.440057739320434
o_max,-7.9683573120896
o_max,-9.31496819002368
o_max,-7.202054858023682
o_max,1.919286874910401
o_max,-2.305867675089599
o_max,4.895099559910401
o_max,6.438777845910401
o_max,5.2672131369104
o_max,3.960718945910401
o_max,14.53361349025452
o_max,1.877751969910401
o_max,0.6073111309104005
o_max,5.7327267189104
o_max,-6.966357027089599
o_max,0.7308597439104005
o_max,1.1723973199104
o_max,0.1075112039104002
o_max,-1.2611909910896
o_max,17.63231674032043
o_max,-4.717302058089599
o_max,4.257645427910401
o_max,2.5162192059104
o_max,1.1737321809104
o_max,3.3770650519104
o_max,-1.4596135600896
o_max,-1.3942322070896
o_max,0.5630639719104003
o_max,-0.8906782780895997
o_max,0.4593258719104005
o_max,1.0648124289104
o_max,-5.169712550089599
o_max,5.344973779910401
o_max,-2.979640603089599
o_max,3.7629651949104
o_max,1.3918219109104
o_max,1.1867684029104
o_max,3.1210534729104
o_max,-1.3445426000896
o_max,-7.562971335023682
o_max,0.4531213139104002
o_max,1.8959469809104
o_max,3.8217716419104
o_max,1.4142415439104
o_max,0.9405358599104005
o_max,3.8623548969104
o_max,-0.1730191430895997
o_max,0.7483459159104004
o_max,1.5984422089104
o_max,3.8514913249104
o_max,12.79616999032043
o_max,-1.7544716040896
o_max,-1.1653461110896
o_max,4.8053596609104
o_max,-0.2840848310895996
o_max,0.0100404199104002
o_max,4.023967924910401
o_max,0.9821941559104004
o_max,2.6841737649104
o_max,10.94291187032044
o_max,-2.771179732023682
o_max,-11.19897198602368
o_max,-3.840086747023681
o_max,-3.474373857023682
o_max,-2.758509116655853
o_max,1.760136375727295
o_max,-4.756748137671463
o_max,1.858776292344147
o_max,-5.481014091007813
o_max,-2.027850583633423
o_max,-3.545786155655853
o_max,-5.681325556120727
o_max,-6.320596150671463
o_max,-3.1276665540896
o_max,-0.7786732097583313
o_max,-3.016159561272705
o_max,0.1171330843665772
o_max,0.6538057972416687
o_max,-1.877101867633423
o_max,-6.045941043120727
o_max,-4.683162801272705
o_max,-5.403560254633423
o_max,0.0232019057272947
o_max,-4.154654210150207
o_max,0.6552305451374512
o_max,4.9305375979104
o_max,-3.025227631758331
o_max,-1.328896351655853
o_max,-7.671510611007813
o_max,-3.711117389120728
o_max,-3.364373673053894
o_max,-6.151934422150208
o_max,-5.285546442007813
o_max,-3.714228203007813
o_max,-0.9202423580078124
o_max,-1.015065354272705
o_max,4.729391620739747
o_max,-0.1504709666334227
o_max,-1.793328905272705
o_max,-3.877452539150208
o_max,-4.155388893272705
o_max,-1.334786623150208
o_max,-6.061391172929991
o_max,-7.864335952007813
o_max,-3.535082351655853
o_max,0.1365322087272948
o_max,-0.863930212671463
o_max,-4.789139783655854
o_max,-2.364994170990356
o_max,-5.502544909120728
o_max,-5.294807623655854
o_max,-4.42691020192999
o_max,-0.8528786719299908
o_max,-3.136968590633423
o_max,-2.484124753929991
o_max,-4.112252861150208
o_max,-3.191326863007812
o_max,4.957879176320191
o_max,-4.128739881007812
o_max,-3.067948863633423
o_max,-2.090839836098533
o_max,0.0215824957272947
o_max,-3.978789365633423
o_max,-3.604034535655853
o_max,-6.162257974655853
o_max,-1.628195314272705
o_max,-1.766669145655853
o_max,-2.153804671633423
o_max,3.198771215575379
o_max,-8.51302559892999
o_max,-6.158498334655853
o_max,-3.876492804655853
o_max,-1.917753039671463
o_max,-2.835221461655853
o_max,-4.675134704053894
o_max,-1.924601509655853
o_max,-1.764747186098534
o_max,-4.189491284007813
o_max,-3.281310092929991
o_max,0.9279695222097016
o_max,-6.789122666272705
o_max,-4.516253240671463
o_max,-4.450645541272705
o_max,-6.038885268758332
o_max,-4.287560594053894
o_max,-4.313221993655853
o_max,-0.5294962542727051
o_max,-3.408750958929991
o_max,-2.759958534053894
o_max,-0.8275262056558532
o_max,6.885618711888428
o_max,-6.933710234272705
o_max,-3.272363165053894
o_max,-2.572263946655853
o_max,-6.637337442053894
o_max,-3.762372916655853
o_max,-4.006157918098534
o_max,4.318651817348755
o_max,5.785409252729004
o_max,2.316776128201416
o_max,1.190859222205536
o_max,0.5833822292882691
o_max,2.156123742779632
o_max,-5.563524537557374
o_max,3.865028530668945
o_max,1.483743672790772
o_max,-1.400194734320526
o_max,2.596901248421875
o_max,0.1554535592014163
o_max,3.097926044679474
o_max,-2.106965101292237
o_max,2.765227888201416
o_max,-5.099573171963226
o_max,-6.783915507557372
o_max,7.398310315205536
o_max,2.387877920779633
o_max,0.674483060993164
o_max,0.2824004695214309
o_max,2.053091936521432
o_max,-0.0472702157944641
o_max,1.084964234623779
o_max,-13.28897369700485
o_max,-12.33538165700485
o_max,-8.489482492004852
o_max,-15.31605375700485
o_max,-13.73997671700485
o_max,-6.581464772004852
o_max,-13.16331004700485
o_max,-14.10431550296501
o_max,-6.849548109802002
o_max,-18.820805400802
o_max,-6.798773157802002
o_max,-8.086894049802002
o_max,13.782271236969
o_max,-10.393395800802
o_max,-7.832210670802002
o_max,-10.767850210802
o_max,-18.575959830802
o_max,-10.680995320802
o_max,-10.644420570802
o_max,-1.478318954802002
o_max,-6.140373825802002
o_max,-4.917758190802002
o_max,-5.029801161802002
o_max,0.8225679778884274
o_max,-8.559354744053437
o_max,-11.27492908805344
o_max,-9.05642939728232
o_max,-11.27535364828232
o_max,-11.24437658828232
o_max,-3.126849556282318
o_max,-10.92048929828232
o_max,-6.12679177107251
o_max,-8.63839345007251
o_max,-7.285920317072509
o_max,5.858555057558593
o_max,-19.68797789807251
o_max,-8.82120094407251
o_max,-6.654677938870606
o_max,-5.257278415870605
o_max,-11.70223937287061
o_max,-4.805415182870606
o_max,-16.19734981987061
o_max,-10.5191507828706
o_max,-4.687853113870606
o_max,-5.250451552870605
o_max,6.305331631888428
o_max,-13.5223245298706
o_max,-7.685075530870606
o_max,-9.115234815870606
o_max,-12.80329674987061
o_max,-15.2404980398706
o_max,-11.50842746987061
o_max,-3.719369607870606
o_max,-11.9188456508706
o_max,-9.687564035870604
o_max,-5.331473869870606
o_max,-7.448331772012085
o_max,-5.971490170870606
o_max,-13.93445226987061
o_max,-2.094179418870605
o_max,-11.6607035438706
o_max,-14.04498130987061
o_max,-7.622510968870605
o_max,-0.4745010478706053
o_max,-7.940144109870605
o_max,-3.775087843870605
o_max,-11.18512035887061
o_max,2.864686436234314
o_max,-9.739015403870606
o_max,-6.935437012870605
o_max,-2.641404865034913
o_max,-3.744716378336182
o_max,-1.442485980336182
o_max,-5.32951563479004
o_max,15.66370954127197
o_max,2.002014977041504
o_max,-1.169406799236572
o_max,0.2031387121002197
o_max,-2.299467105984985
o_max,-0.5063742837656862
o_max,-2.232195496205322
o_max,-3.593151766205322
o_max,0.0200594557946778
o_max,0.833850674878418
o_max,-3.720032295121582
o_max,-0.0820783033945922
o_max,0.150159561014282
o_max,-2.777631108572265
o_max,0.92427848252536
o_max,-8.29911900647464
o_max,-0.6589297357487183
o_max,-8.207373587416992
o_max,-1.768467790167114
o_max,-4.447619207167114
o_max,3.475060206616212
o_max,-0.3788643933837892
o_max,-0.5312879593837891
o_max,1.37202106757666
o_max,2.424616207616211
o_max,3.846355626616211
o_max,8.345234202033081
o_max,4.260187048033081
o_max,8.98102979607788
o_max,5.078994786320191
o_max,3.586225480945496
o_max,3.63747062032019
o_max,2.844607451575379
o_max,4.157513885105713
o_max,0.6900450271057128
o_max,-2.49523800524121
o_max,-4.712915571074097
o_max,-13.23772771932312
o_max,4.878465968676879
o_max,-5.39652676432312
o_max,2.46910901767688
o_max,-8.42053230932312
o_max,1.138717108945495
o_max,-6.731955668323121
o_max,-2.591771145076263
o_max,-7.953206660076264
o_max,8.204920979923736
o_max,-8.45439142801323
o_max,-13.67301547301323
o_max,-3.976068992013229
o_max,-2.029623231013229
o_max,-18.21977700301323
o_max,5.574321552663482
o_max,5.322384964161621
o_max,1.615757400663483
o_max,-0.0562835403365172
o_max,-11.36631269668854
o_max,3.293857423311462
o_max,5.594016202311463
o_max,-4.623892064688538
o_max,-15.64147236668854
o_max,7.82120477841681
o_max,9.861368779416807
o_max,-6.967876407113891
o_max,2.311514789288269
o_max,1.121928314416809
o_max,-7.329916728583191
o_max,-2.116139490583191
o_max,-4.422642060583192
o_max,-13.76744761058319
o_max,0.6775976924168092
o_max,3.076608766416809
o_max,-3.819514506583191
o_max,-8.499688945583191
o_max,-3.058775896583191
o_max,7.011084304437011
o_max,7.812779120437012
o_max,8.77490558043701
o_max,-8.815960089562989
o_max,-2.543074777562988
o_max,-0.6533990185629883
o_max,10.49404088043701
o_max,0.3627415234370117
o_max,4.72829273653418
o_max,-11.62659428789526
o_max,0.8381125899689943
o_max,10.27004454110474
o_max,7.393850406104736
o_max,5.858029882104736
o_max,8.332547611104737
o_max,16.83509069253052
o_max,-24.75207833109253
o_max,-7.498307808092529
o_max,-4.309670066469483
o_max,12.12676805466797
o_max,3.650472445667969
o_max,0.5616714233107913
o_max,3.406038827667969
o_max,14.97393439712158
o_max,4.965454318121582
o_max,5.168384497121583
o_max,9.853122927121582
o_max,10.11531104688232
o_max,9.689131386882323
o_max,-3.032824550985108
o_max,-6.271043377985108
o_max,1.103885652397217
o_max,10.02886952874268
o_max,-0.6429932836027836
o_max,-3.849312215539551
o_max,14.4222460104834
o_max,9.81622665565918
o_max,17.22993072565918
o_max,-6.108373206947754
o_max,14.35989884722656
o_max,-1.373502491252442
o_max,4.229697348069337
o_max,-1.687195370478516
o_max,18.030974306969
o_max,-0.9853387504785154
o_max,1.673656031371094
o_max,3.101142829371094
o_max,4.240675544371094
o_max,6.553961282899414
o_max,3.77268575192627
o_max,-5.691103383073731
o_max,2.065269695926269
o_max,3.756399700830078
o_max,1.559907610927978
o_max,0.080799298310791
o_max,-2.306126843266602
o_max,-1.676270381904541
o_max,-4.395001900904541
o_max,-2.682361271768311
o_max,1.267995173227783
o_max,1.306326790364258
o_max,4.217352873693604
o_max,1.080749575689697
o_max,-3.451307603310303
o_max,-0.1552889793103027
o_max,-3.688898241139281
o_max,-2.963376908211425
o_max,3.775448267788574
o_max,-2.624653524211426
o_max,7.111949164170655
o_max,-1.681627945545166
o_max,-4.200315242589721
o_max,-1.506968390589722
o_max,1.782879679260376
o_max,-5.101791189739624
o_max,0.0896520712603758
o_max,-0.8171165113793335
o_max,1.883593311682861
o_max,-1.721148329739624
o_max,-1.806086118739624
o_max,-0.7011144316749269
o_max,-7.004846364100402
o_max,2.252845965125
o_max,-4.747381319776611
o_max,-3.141630653100403
o_max,-0.9960106201004026
o_max,1.728136732616699
o_max,-1.837902015424621
o_max,1.987743947616699
o_max,6.55692901826361
o_max,-2.993344853107578
o_max,-12.35659858610758
o_max,-4.819019291107578
o_max,-1.091053803440003
o_max,0.155853898678338
o_max,-0.6815793212730712
o_max,3.437300186726929
o_max,-13.49651172110779
o_max,5.112874262043213
o_max,-1.610442577803711
o_max,-2.405757455089783
o_max,-3.53488027974231
o_max,-8.92960887183252
o_max,-0.1124183607357176
o_max,-5.464891368735717
o_max,-2.36072570883252
o_max,-2.153267860735718
o_max,-0.8293008648325197
o_max,-1.829736793732056
o_max,1.945088691310792
o_max,2.042956345808716
o_max,0.0080501398087156
o_max,2.051348343808716
o_max,-0.8645731188629151
o_max,-2.649543817859009
o_max,-0.7159982638590088
o_max,3.781442621916137
o_max,4.553664888473145
o_max,1.600944472560303
o_max,3.828958495978026
o_max,-0.8026761480545044
o_max,5.631803079942626
o_max,-5.589198383973145
o_max,2.236253750534424
o_max,-4.617094346072509
o_max,-4.697231561965012
o_max,2.600234199129394
o_max,-4.579044181802002
o_max,-5.659041770965011
o_max,-4.692918099004852
o_max,-3.773157930802002
o_max,-9.252133311571534
o_max,-4.494704550802002
o_max,-5.426881389870605
o_max,-5.948200788870606
o_max,3.376996358129395
o_max,-4.507074267802002
o_max,-1.136630438802002
o_max,0.326130297197998
o_max,-2.108037759802002
o_max,-1.094432334004852
o_max,-4.928922423004853
o_max,1.376974318036774
o_max,-3.238608643870605
o_max,-5.450322959282318
o_max,-1.78956434707251
o_max,-0.4905300888020019
o_max,0.6171491211293945
o_max,3.885262114129395
o_max,-1.748291344870605
o_max,-7.836789102870606
o_max,-4.929971580965011
o_max,-3.362331108282318
o_max,19.9021648706836
o_max,-7.748155840802002
o_max,0.0366876161293947
o_max,-9.300028749802
o_max,3.731170435129394
o_max,4.277060576129394
o_max,1.068234884129394
o_max,-1.429463286870605
o_max,-5.33428649607251
o_max,1.035113072129394
o_max,-8.251710615004852
o_max,-4.025332365802003
o_max,-1.439829003870605
o_max,-7.434872020802002
o_max,0.3528440471293943
o_max,-3.521791492802002
o_max,-10.386653750802
o_max,-0.3669002848706055
o_max,-5.335111696004852
o_max,-3.539528915053436
o_max,5.125285509129395
o_max,6.117499272310791
o_max,-8.318588863870605
o_max,0.036911778197998
o_max,3.291763539129395
o_max,-21.33179533700485
o_max,-6.290645852870606
o_max,-10.09659400387061
o_max,-3.376302464282318
o_max,-2.602444673870605
o_max,-5.062155299965012
o_max,-5.853023915870605
o_max,-5.29678505507251
o_max,-1.114488925870605
o_max,-8.024686391870606
o_max,-5.354639071870606
o_max,-0.3190466038706057
o_max,-3.167372412802002
o_max,-1.548528744870606
o_max,-4.99090917607251
o_max,2.701767825129394
o_max,2.850383356129394
o_max,-0.930287087711731
o_max,2.765234122197998
o_max,-10.894628360802
o_max,-6.812961805004853
o_max,-5.834026069965011
o_max,-5.137910488870606
o_max,-2.406854750870605
o_max,-14.18686173700485
o_max,3.32372725192749
o_max,-11.54389140700485
o_max,-0.8721851358706054
o_max,1.047227430036865
o_max,-0.4500501168706052
o_max,-9.670412835965012
o_max,-8.659894613870605
o_max,-5.543347101870605
o_max,-3.540208981802002
o_max,-9.067552077802002
o_max,-6.416731124802002
o_max,0.1232440961293943
o_max,-7.049733024802002
o_max,3.847129541129394
o_max,2.307735670558594
o_max,-7.410539063870606
o_max,-17.54088700700485
o_max,-12.57212480700485
o_max,0.580147213197998
o_max,-14.69605699700485
o_max,0.429477413197998
o_max,-3.449012234004852
o_max,-0.800497179802002
o_max,-7.683585721802002
o_max,-10.11741657700485
o_max,-8.06730800256015
o_max,-9.075339318965012
o_max,-0.8029453078020019
o_max,-1.883667372282318
o_max,9.792942096968993
o_max,-4.089483550441407
o_max,-4.229440084139283
o_max,-0.9869537963793336
o_max,-3.925490158012085
o_max,-2.245800394689209
o_max,18.28954693303711
o_max,2.216397332855102
o_max,10.87349945731201
o_max,1.123211971312012
o_max,8.857846942295227
o_max,2.856260996295227
o_max,12.13063386731201
o_max,-9.454786271704773
o_max,1.031313359295227
o_max,1.681760555860718
o_max,6.102651616312011
o_max,-6.365565661704773
o_max,4.059216825312012
o_max,14.13082368731201
o_max,7.659754447312011
o_max,2.289969619295227
o_max,-9.587220638687988
o_max,7.488697067312012
o_max,6.483520919553711
o_max,0.25150281157666
o_max,10.30260907887451
o_max,-8.817509593704774
o_max,1.583864257295227
o_max,5.461175712312011
o_max,3.00446307234668
o_max,-14.65731255770477
o_max,2.791755664295227
o_max,-3.339772146704773
o_max,3.253524844295227
o_max,8.514454202295227
o_max,-0.1095880599632262
o_max,12.51465750731201
o_max,-11.63364584570477
o_max,-3.307017437687988
o_max,18.68256545731201
o_max,-12.26692509770477
o_max,-7.672903804125489
o_max,11.99732467731201
o_max,8.520564877312012
o_max,-6.059372289704773
o_max,-4.084353188704773
o_max,-7.908639180704773
o_max,2.517052785312011
o_max,-13.25053226770477
o_max,10.48406009229523
o_max,11.81651204229523
o_max,0.757443416295227
o_max,-10.16263874670477
o_max,-5.394892193704774
o_max,-26.51052175465332
o_max,8.16357815864563
o_max,24.08381326213623
o_max,-4.773057972704773
o_max,1.137157955295227
o_max,6.393697529295228
o_max,-22.81354764770477
o_max,4.702827641312012
o_max,-19.88334153770477
o_max,-8.724031989704773
o_max,-19.26573327770477
o_max,5.822969741346681
o_max,-6.353872231687989
o_max,5.119194748014282
o_max,-4.35530467435437
o_max,11.09497644731201
o_max,-8.514276473704772
o_max,11.89595729731201
o_max,2.434232775312012
o_max,-8.088643521704773
o_max,2.707345471312012
o_max,2.908420433312012
o_max,-11.69526942970477
o_max,12.99932105229523
o_max,11.63593150231079
o_max,6.462249093295228
o_max,11.31263364887451
o_max,2.11110081034668
o_max,13.39423971534668
o_max,4.387320518312012
o_max,0.6161431352952271
o_max,-13.04457791770477
o_max,-3.390278840704773
o_max,8.314339292295227
o_max,-13.60521091770477
o_max,-1.397542271423339
o_max,12.02593978731201
o_max,11.50174559229523
o_max,-4.688604843687989
o_max,11.62370157731201
o_max,-10.20136063670477
o_max,6.716799822312012
o_max,15.88576281887451
o_max,-2.522760263704773
o_max,4.947961766312012
o_max,-24.62123952770477
o_max,-1.209710343139282
o_max,-23.63605489770477
o_max,-2.726294450687988
o_max,5.747538525295227
o_max,16.19686357731201
o_max,4.832003085312012
o_max,-26.07744950770477
o_max,5.053723478312012
o_max,-5.294724357704773
o_max,-1.452694291704773
o_max,2.524164997312011
o_max,-3.700632212314331
o_max,-17.71931153770477
o_max,17.58168063864563
o_max,0.7641297742952271
o_max,-2.033807007802002
o_max,-1.624408431870605
o_max,-0.3384970948020019
o_max,-0.0623555558020019
o_max,-1.31178669507251
o_max,-1.724408877053436
o_max,-3.483741979802002
o_max,12.49289412272705
o_max,-6.807785978004852
o_max,0.3643799551293947
o_max,-15.59331134700485
o_max,3.709423446197998
o_max,-6.377031988802002
o_max,-0.3541596748706053
o_max,-7.627286649004851
o_max,-2.733807318004852
o_max,-1.268303480870606
o_max,-7.202275175802002
