condition,objective,rung_id,candidate_id,order,r2,shannon_h,n_domains,dominant_domain
Pooled,o_min,xgb_tree_d3,m070525_o_min_ord26_rk00011,26,0.47906894550828594,2.8536700092563416,9,Democracy
Pooled,o_min,xgb_tree_d3,m070530_o_min_ord26_rk00016,26,0.47599080275426653,2.8536700092563416,9,Democracy
Pooled,o_min,xgb_tree_d3,m070529_o_min_ord26_rk00015,26,0.47399802218251863,2.8536700092563416,9,Democracy
Pooled,o_min,xgb_tree_d3,m070519_o_min_ord26_rk00005,26,0.46820371902562774,2.8536700092563416,9,Democracy
Pooled,o_min,xgb_tree_d3,m049528_o_min_ord5_rk00014,5,0.46762988264523697,1.5219280948873621,3,Precipitation/droughts
Pooled,o_min,xgb_tree_d3,m051533_o_min_ord7_rk00019,7,0.46653715688393727,1.8423709931771086,4,Democracy
Pooled,o_min,xgb_tree_d3,m070523_o_min_ord26_rk00009,26,0.4660085917643919,2.8252517372886508,9,Democracy
Pooled,o_min,xgb_tree_d3,m070527_o_min_ord26_rk00013,26,0.4654703677754852,2.8536700092563416,9,Democracy
Pooled,o_min,xgb_tree_d3,m070517_o_min_ord26_rk00003,26,0.46527111983378533,2.8536700092563416,9,Democracy
Pooled,o_min,xgb_tree_d3,m069525_o_min_ord25_rk00011,25,0.4650145908120664,2.8676013115120567,9,Democracy
Pooled,o_min,xgb_tree_d3,m047521_o_min_ord3_rk00007,3,0.4643457454344351,0.9182958340544896,2,Democracy
Pooled,o_min,xgb_tree_d3,m070521_o_min_ord26_rk00007,26,0.4634519489302974,2.8252517372886508,9,Democracy
Pooled,o_min,xgb_tree_d3,m070515_o_min_ord26_rk00001,26,0.46325708591438675,2.8536700092563416,9,Democracy
Pooled,o_min,xgb_tree_d3,m070534_o_min_ord26_rk00020,26,0.4629946305274978,2.8536700092563416,9,Democracy
Pooled,o_min,xgb_tree_d3,m070516_o_min_ord26_rk00002,26,0.46243390490364544,2.8536700092563416,9,Democracy
Pooled,o_min,xgb_tree_d3,m069527_o_min_ord25_rk00013,25,0.46239524148296196,2.8676013115120567,9,Democracy
Pooled,o_min,xgb_tree_d3,m065526_o_min_ord21_rk00012,21,0.46205840544844423,2.7179717342678,8,Democracy
Pooled,o_min,xgb_tree_d3,m069523_o_min_ord25_rk00009,25,0.46193594576110697,2.8676013115120567,9,Democracy
Pooled,o_min,xgb_tree_d3,m070520_o_min_ord26_rk00006,26,0.4618961247402884,2.8252517372886508,9,Democracy
Pooled,o_min,xgb_tree_d3,m069516_o_min_ord25_rk00002,25,0.46168678772938276,2.8676013115120567,9,Democracy
Pooled,o_min,xgb_tree_d3,m069521_o_min_ord25_rk00007,25,0.46147268358585813,2.8888840705376357,9,Democracy
Pooled,o_min,xgb_tree_d3,m071526_o_min_ord27_rk00012,27,0.4611099403578116,2.815460540067162,9,Democracy
Pooled,o_min,xgb_tree_d3,m066521_o_min_ord22_rk00007,22,0.4608604800365944,2.9317206879810787,9,Democracy
Pooled,o_min,xgb_tree_d3,m067533_o_min_ord23_rk00019,23,0.4603448020540062,2.9424955222917832,9,Democracy
Pooled,o_min,xgb_tree_d3,m071524_o_min_ord27_rk00010,27,0.46027127508581356,2.815460540067162,9,Democracy
Pooled,o_min,xgb_tree_d3,m051515_o_min_ord7_rk00001,7,0.4602074769231608,2.2359263506290326,5,Precipitation/droughts
Pooled,o_min,xgb_tree_d3,m067527_o_min_ord23_rk00013,23,0.4600779278869028,2.7837353286220776,9,Democracy
Pooled,o_min,xgb_tree_d3,m065531_o_min_ord21_rk00017,21,0.46005207790571,2.9463875191311275,9,Democracy
Pooled,o_min,xgb_tree_d3,m069526_o_min_ord25_rk00012,25,0.4599953425615677,2.8676013115120567,9,Democracy
Pooled,o_min,xgb_tree_d3,m070526_o_min_ord26_rk00012,26,0.45960365506561507,2.8536700092563416,9,Democracy
Pooled,o_min,xgb_tree_d3,m070518_o_min_ord26_rk00004,26,0.45944710986315207,2.811231430496332,9,Democracy
Pooled,o_min,xgb_tree_d3,m068534_o_min_ord24_rk00020,24,0.45937976905051614,2.907268229617389,9,Democracy
Pooled,o_min,xgb_tree_d3,m062525_o_min_ord18_rk00011,18,0.4593360826370988,2.591793226077496,8,Democracy
Pooled,o_min,xgb_tree_d3,m068532_o_min_ord24_rk00018,24,0.4591941137543101,2.83429531609601,9,Democracy
Pooled,o_min,xgb_tree_d3,m068530_o_min_ord24_rk00016,24,0.4590728962066539,2.8699100232740657,9,Democracy
Pooled,o_min,xgb_tree_d3,m047516_o_min_ord3_rk00002,3,0.45897667222817584,0.9182958340544896,2,Democracy
Pooled,o_min,xgb_tree_d3,m065515_o_min_ord21_rk00001,21,0.4588480501435718,2.9463875191311275,9,Democracy
Pooled,o_min,xgb_tree_d3,m068529_o_min_ord24_rk00015,24,0.45881439530073154,2.907268229617389,9,Democracy
Pooled,o_min,xgb_tree_d3,m059525_o_min_ord15_rk00011,15,0.4586925011914188,2.5492553971685,7,Democracy
Pooled,o_min,xgb_tree_d3,m049523_o_min_ord5_rk00009,5,0.4584363105509327,1.5219280948873621,3,Precipitation/droughts
Pooled,o_min,xgb_tree_d3,m063530_o_min_ord19_rk00016,19,0.45841454139808147,2.9000516989995426,9,Democracy
Pooled,o_min,xgb_tree_d3,m067516_o_min_ord23_rk00002,23,0.45838391551493873,2.9140163035068443,9,Democracy
Pooled,o_min,xgb_tree_d3,m052527_o_min_ord8_rk00013,8,0.4580563323969967,2.25,5,Precipitation/droughts
Pooled,o_min,xgb_tree_d3,m067523_o_min_ord23_rk00009,23,0.4580463960328872,2.9140163035068443,9,Democracy
Pooled,o_min,xgb_tree_d3,m073517_o_min_ord29_rk00003,29,0.45797341463272845,2.8271584782454653,9,Democracy
Pooled,o_min,xgb_tree_d3,m064518_o_min_ord20_rk00004,20,0.45796150386235246,2.739353872167201,9,Democracy
Pooled,o_min,xgb_tree_d3,m067524_o_min_ord23_rk00010,23,0.45792827700433203,2.8768531307993075,9,Democracy
Pooled,o_min,xgb_tree_d3,m065525_o_min_ord21_rk00011,21,0.45786993318441627,2.7606668272315975,8,Democracy
Pooled,o_min,xgb_tree_d3,m068518_o_min_ord24_rk00004,24,0.4578050805332914,2.8699100232740657,9,Democracy
Pooled,o_min,xgb_tree_d3,m067519_o_min_ord23_rk00005,23,0.4576964344993508,2.859880977513952,9,Democracy
Pooled,o_min,xgb_tree_d3,m066526_o_min_ord22_rk00012,22,0.4575467681004828,2.7136874387933565,8,Democracy
Pooled,o_min,xgb_tree_d3,m067528_o_min_ord23_rk00014,23,0.45747440223377767,2.8927021732601896,9,Democracy
Pooled,o_min,xgb_tree_d3,m068526_o_min_ord24_rk00012,24,0.4574039869892209,2.840199876515855,9,Democracy
Pooled,o_min,xgb_tree_d3,m061528_o_min_ord17_rk00014,17,0.45738672321584417,2.6601297526332566,7,Democracy
Pooled,o_min,xgb_tree_d3,m068533_o_min_ord24_rk00019,24,0.45715219291108256,2.8699100232740657,9,Democracy
Pooled,o_min,xgb_tree_d3,m067526_o_min_ord23_rk00012,23,0.45705874511760525,2.8440319350530703,9,Democracy
Pooled,o_min,xgb_tree_d3,m056524_o_min_ord12_rk00010,12,0.4570050621214249,2.6258145836939115,7,Temperature
Pooled,o_min,xgb_tree_d3,m066534_o_min_ord22_rk00020,22,0.45698290750372983,2.737872392231515,8,Democracy
Pooled,o_min,xgb_tree_d3,m067522_o_min_ord23_rk00008,23,0.4568677556997224,2.9140163035068443,9,Democracy
Pooled,o_min,xgb_tree_d3,m070524_o_min_ord26_rk00010,26,0.4567992364858692,2.8252517372886508,9,Democracy
Pooled,o_min,xgb_tree_d3,m068515_o_min_ord24_rk00001,24,0.45677463046050726,2.8699100232740657,9,Democracy
Pooled,o_min,xgb_tree_d3,m063517_o_min_ord19_rk00003,19,0.45674015027460657,2.8000446184790095,9,Democracy
Pooled,o_min,xgb_tree_d3,m069529_o_min_ord25_rk00015,25,0.4565685305966357,2.8888840705376357,9,Democracy
Pooled,o_min,xgb_tree_d3,m067518_o_min_ord23_rk00004,23,0.45656658620854207,2.9140163035068443,9,Democracy
Pooled,o_min,xgb_tree_d3,m068517_o_min_ord24_rk00003,24,0.4564789715873825,2.907268229617389,9,Democracy
Pooled,o_min,xgb_tree_d3,m056530_o_min_ord12_rk00016,12,0.4564324077547439,2.688721875540867,7,Temperature
Pooled,o_min,xgb_tree_d3,m063526_o_min_ord19_rk00012,19,0.45639382181258914,2.694781460584273,7,Precipitation/droughts
Pooled,o_min,xgb_tree_d3,m047527_o_min_ord3_rk00013,3,0.45632240333965945,0.9182958340544896,2,Democracy
Pooled,o_min,xgb_tree_d3,m065519_o_min_ord21_rk00005,21,0.45625478745401693,2.7199643047423914,8,Democracy
Pooled,o_min,xgb_tree_d3,m068516_o_min_ord24_rk00002,24,0.4562103660898805,2.907268229617389,9,Democracy
Pooled,o_min,xgb_tree_d3,m068527_o_min_ord24_rk00013,24,0.4561761531614793,2.907268229617389,9,Democracy
Pooled,o_min,xgb_tree_d3,m066515_o_min_ord22_rk00001,22,0.45616053004615276,2.9540036423298544,9,Democracy
Pooled,o_min,xgb_tree_d3,m067521_o_min_ord23_rk00007,23,0.4561577192874525,2.8927021732601896,9,Democracy
Pooled,o_min,xgb_tree_d3,m058531_o_min_ord14_rk00017,14,0.4560618306284563,2.6455933144511468,7,Temperature
Pooled,o_min,xgb_tree_d3,m055519_o_min_ord11_rk00005,11,0.4559372496857338,2.663532754804255,7,Air Pollution
Pooled,o_min,xgb_tree_d3,m053519_o_min_ord9_rk00005,9,0.45589642064919,2.2810361125534238,5,Air Pollution
Pooled,o_min,xgb_tree_d3,m067515_o_min_ord23_rk00001,23,0.4558865629569133,2.9140163035068443,9,Democracy
Pooled,o_min,xgb_tree_d3,m067520_o_min_ord23_rk00006,23,0.45566354749249804,2.9424955222917832,9,Democracy
Pooled,o_min,xgb_tree_d3,m071527_o_min_ord27_rk00013,27,0.4555490021030665,2.9024425973114867,9,Democracy
Pooled,o_min,xgb_tree_d3,m073528_o_min_ord29_rk00014,29,0.45551669877777,2.8271584782454653,9,Democracy
Pooled,o_min,xgb_tree_d3,m062519_o_min_ord18_rk00005,18,0.45551079751263013,2.683542362433231,7,Temperature
Pooled,o_min,xgb_tree_d3,m069520_o_min_ord25_rk00006,25,0.45535281585314136,2.8676013115120567,9,Democracy
Pooled,o_min,xgb_tree_d3,m068519_o_min_ord24_rk00005,24,0.45529621823072797,2.907268229617389,9,Democracy
Pooled,o_min,xgb_tree_d3,m070533_o_min_ord26_rk00019,26,0.455233941784567,2.8536700092563416,9,Democracy
Pooled,o_min,xgb_tree_d3,m073521_o_min_ord29_rk00007,29,0.45519056195683427,2.8271584782454653,9,Democracy
Pooled,o_min,xgb_tree_d3,m067530_o_min_ord23_rk00016,23,0.4551678427301792,2.7837353286220776,9,Democracy
Pooled,o_min,xgb_tree_d3,m060534_o_min_ord16_rk00020,16,0.45514540940150605,2.4834585933443494,7,Democracy
Pooled,o_min,xgb_tree_d3,m069515_o_min_ord25_rk00001,25,0.4551383898730552,2.8676013115120567,9,Democracy
Pooled,o_min,xgb_tree_d3,m050521_o_min_ord6_rk00007,6,0.45494931261124827,1.9182958340544893,4,Precipitation/droughts
Pooled,o_min,xgb_tree_d3,m069532_o_min_ord25_rk00018,25,0.4549000372287034,2.8888840705376357,9,Democracy
Pooled,o_min,xgb_tree_d3,m047518_o_min_ord3_rk00004,3,0.4548956189666845,0.9182958340544896,2,Democracy
Pooled,o_min,xgb_tree_d3,m063534_o_min_ord19_rk00020,19,0.4548662761069038,2.984769618706743,9,Temperature
Pooled,o_min,xgb_tree_d3,m049531_o_min_ord5_rk00017,5,0.454847758004409,1.9219280948873623,4,Precipitation/droughts
Pooled,o_min,xgb_tree_d3,m058533_o_min_ord14_rk00019,14,0.4546957527307519,2.610577243331642,7,Temperature
Pooled,o_min,xgb_tree_d3,m069533_o_min_ord25_rk00019,25,0.4546507113123863,2.8676013115120567,9,Democracy
Pooled,o_min,xgb_tree_d3,m065529_o_min_ord21_rk00015,21,0.4546400764120283,2.9463875191311275,9,Temperature
Pooled,o_min,xgb_tree_d3,m067531_o_min_ord23_rk00017,23,0.4544697082102004,2.8208985013296144,9,Democracy
Pooled,o_min,xgb_tree_d3,m063532_o_min_ord19_rk00018,19,0.45444461850502993,2.8000446184790095,9,Democracy
Pooled,o_min,xgb_tree_d3,m073516_o_min_ord29_rk00002,29,0.45433397248245844,2.900915908846073,9,Democracy
Pooled,o_min,xgb_tree_d3,m073518_o_min_ord29_rk00004,29,0.4543013936683855,2.8271584782454653,9,Democracy
Pooled,o_min,xgb_tree_d3,m056531_o_min_ord12_rk00017,12,0.45423104169969064,2.4591479170272446,6,Temperature
Pooled,o_min,xgb_tree_d3,m065528_o_min_ord21_rk00014,21,0.4542270955851243,2.9463875191311275,9,Democracy
Pooled,o_min,xgb_tree_d3,m069524_o_min_ord25_rk00010,25,0.45420886087489387,2.8888840705376357,9,Democracy
Pooled,o_min,xgb_tree_d3,m064532_o_min_ord20_rk00018,20,0.4541540845703028,2.9414460711655215,9,Democracy
Pooled,o_min,xgb_tree_d3,m059518_o_min_ord15_rk00004,15,0.4540947204436889,2.739572261986723,7,Air Pollution
Pooled,o_min,xgb_tree_d3,m065532_o_min_ord21_rk00018,21,0.45403041570079894,2.753918758180346,9,Democracy
Pooled,o_min,xgb_tree_d3,m074530_o_min_ord30_rk00016,30,0.4540035978846958,2.8770954959558153,9,Democracy
Pooled,o_min,xgb_tree_d3,m069531_o_min_ord25_rk00017,25,0.45393765424846666,2.8888840705376357,9,Democracy
Pooled,o_min,xgb_tree_d3,m056515_o_min_ord12_rk00001,12,0.45385660021628527,2.688721875540867,7,Temperature
Pooled,o_min,xgb_tree_d3,m048531_o_min_ord4_rk00017,4,0.4538098684211683,1.5,3,Air Pollution
Pooled,o_min,xgb_tree_d3,m072519_o_min_ord28_rk00005,28,0.45379361563661547,2.704003029572565,8,Democracy
Pooled,o_min,xgb_tree_d3,m052524_o_min_ord8_rk00010,8,0.4537267623275263,1.561278124459133,3,Precipitation/droughts
Pooled,o_min,xgb_tree_d3,m073519_o_min_ord29_rk00005,29,0.45371162592109926,2.8271584782454653,9,Democracy
Pooled,o_min,xgb_tree_d3,m070532_o_min_ord26_rk00018,26,0.4536999337391915,2.8536700092563416,9,Democracy
Pooled,o_min,xgb_tree_d3,m064521_o_min_ord20_rk00007,20,0.4536674065351707,2.739353872167201,9,Democracy
Pooled,o_min,xgb_tree_d3,m073534_o_min_ord29_rk00020,29,0.45364437189499884,2.983342099382735,10,Democracy
Pooled,o_min,xgb_tree_d3,m071528_o_min_ord27_rk00014,27,0.4536409909458442,2.815460540067162,9,Democracy
Pooled,o_min,xgb_tree_d3,m061515_o_min_ord17_rk00001,17,0.45363450468627764,2.7333716642706998,7,Air Pollution
Pooled,o_min,xgb_tree_d3,m051522_o_min_ord7_rk00008,7,0.45346156634180756,2.2359263506290326,5,Precipitation/droughts
Pooled,o_min,xgb_tree_d3,m069519_o_min_ord25_rk00005,25,0.45343494776934945,2.823465189601647,9,Democracy
Pooled,o_min,xgb_tree_d3,m072532_o_min_ord28_rk00018,28,0.45343148800189226,3.0210687638074782,10,Democracy
Pooled,o_min,xgb_tree_d3,m071519_o_min_ord27_rk00005,27,0.4533139081376113,2.815460540067162,9,Democracy
Pooled,o_min,xgb_tree_d3,m053524_o_min_ord9_rk00010,9,0.45330477514913725,2.197159723424149,5,Socioeconomic
Pooled,o_min,xgb_tree_d3,m068528_o_min_ord24_rk00014,24,0.4532991511427137,2.907268229617389,9,Democracy
Pooled,o_min,xgb_tree_d3,m062529_o_min_ord18_rk00015,18,0.45329861262498783,2.858278308418045,9,Democracy
Pooled,o_min,xgb_tree_d3,m070531_o_min_ord26_rk00017,26,0.4532756218080092,2.8536700092563416,9,Democracy
Pooled,o_min,xgb_tree_d3,m056525_o_min_ord12_rk00011,12,0.45326823035420905,2.688721875540867,7,Temperature
Pooled,o_min,xgb_tree_d3,m060517_o_min_ord16_rk00003,16,0.4532388261795567,2.452819531114783,6,Temperature
Pooled,o_min,xgb_tree_d3,m060515_o_min_ord16_rk00001,16,0.4532201843807512,2.7334585933443494,7,Air Pollution
Pooled,o_min,xgb_tree_d3,m063524_o_min_ord19_rk00010,19,0.45314603848408996,2.694781460584273,7,Temperature
Pooled,o_min,xgb_tree_d3,m073522_o_min_ord29_rk00008,29,0.452917148888506,2.900915908846073,9,Democracy
Pooled,o_min,xgb_tree_d3,m073526_o_min_ord29_rk00012,29,0.4527316647734676,2.8566327186686844,9,Democracy
Pooled,o_min,xgb_tree_d3,m061518_o_min_ord17_rk00004,17,0.45272161421382906,2.6312929881819,7,Temperature
Pooled,o_min,xgb_tree_d3,m051516_o_min_ord7_rk00002,7,0.4526739386430104,1.3787834934861753,3,Democracy
Pooled,o_min,xgb_tree_d3,m060521_o_min_ord16_rk00007,16,0.4526490364024205,2.6556390622295662,7,Temperature
Pooled,o_min,xgb_tree_d3,m052516_o_min_ord8_rk00002,8,0.452580294683692,2.25,5,Temperature
Pooled,o_min,xgb_tree_d3,m065534_o_min_ord21_rk00020,21,0.4525312953368896,2.7606668272315975,8,Democracy
Pooled,o_min,xgb_tree_d3,m048526_o_min_ord4_rk00012,4,0.45251100249891163,1.5,3,Air Pollution
Pooled,o_min,xgb_tree_d3,m065520_o_min_ord21_rk00006,21,0.4525079957929803,2.9463875191311275,9,Democracy
Pooled,o_min,xgb_tree_d3,m072515_o_min_ord28_rk00001,28,0.4524564646704965,2.780394654123194,8,Democracy
Pooled,o_min,xgb_tree_d3,m062518_o_min_ord18_rk00004,18,0.45239965397285564,2.4885548621928453,7,Democracy
Pooled,o_min,xgb_tree_d3,m066531_o_min_ord22_rk00017,22,0.45239179742365243,2.9540036423298544,9,Democracy
Pooled,o_min,xgb_tree_d3,m052526_o_min_ord8_rk00012,8,0.452344593461221,2.25,5,Precipitation/droughts
Pooled,o_min,xgb_tree_d3,m067517_o_min_ord23_rk00003,23,0.4522707169290401,2.9424955222917832,9,Democracy
Pooled,o_min,xgb_tree_d3,m058530_o_min_ord14_rk00016,14,0.45213686483060855,2.6455933144511468,7,Temperature
Pooled,o_min,xgb_tree_d3,m066529_o_min_ord22_rk00015,22,0.4521041153084524,2.9019469592513696,9,Democracy
Pooled,o_min,xgb_tree_d3,m071530_o_min_ord27_rk00016,27,0.4520193170574893,2.976516671385561,10,Democracy
Pooled,o_min,xgb_tree_d3,m052517_o_min_ord8_rk00003,8,0.45195993693487035,2.1556390622295662,5,Socioeconomic
Pooled,o_min,xgb_tree_d3,m058528_o_min_ord14_rk00014,14,0.45194879741621086,2.699513850319966,7,Air Pollution
Pooled,o_min,xgb_tree_d3,m068521_o_min_ord24_rk00007,24,0.45192129809293413,2.907268229617389,9,Democracy
Pooled,o_min,xgb_tree_d3,m058520_o_min_ord14_rk00006,14,0.451897379115062,2.8423709931771084,8,Temperature
Pooled,o_min,xgb_tree_d3,m056522_o_min_ord12_rk00008,12,0.4518925093967623,2.688721875540867,7,Temperature
Pooled,o_min,xgb_tree_d3,m069528_o_min_ord25_rk00014,25,0.45187919730488846,2.8676013115120567,9,Democracy
Pooled,o_min,xgb_tree_d3,m066528_o_min_ord22_rk00014,22,0.4518480058404788,2.6405219626825924,8,Democracy
Pooled,o_min,xgb_tree_d3,m073533_o_min_ord29_rk00019,29,0.4518429187728844,2.8271584782454653,9,Democracy
Pooled,o_min,xgb_tree_d3,m051523_o_min_ord7_rk00009,7,0.45175001058454456,1.9502120649147465,4,Precipitation/droughts
Pooled,o_min,xgb_tree_d3,m049520_o_min_ord5_rk00006,5,0.451583463074521,1.9219280948873623,4,Air Pollution
Pooled,o_min,xgb_tree_d3,m073525_o_min_ord29_rk00011,29,0.45149607711304507,2.900915908846073,9,Democracy
Pooled,o_min,xgb_tree_d3,m065527_o_min_ord21_rk00013,21,0.451446913613342,2.6606732334168424,7,Democracy
Pooled,o_min,xgb_tree_d3,m068524_o_min_ord24_rk00010,24,0.4512727523311135,2.907268229617389,9,Democracy
Pooled,o_min,xgb_tree_d3,m055516_o_min_ord11_rk00002,11,0.451207609750785,2.663532754804255,7,Temperature
Pooled,o_min,xgb_tree_d3,m054526_o_min_ord10_rk00012,10,0.451110840217987,2.4464393446710155,6,Air Pollution
Pooled,o_min,xgb_tree_d3,m068523_o_min_ord24_rk00009,24,0.45092704914135406,2.7509619827626763,9,Democracy
Pooled,o_min,xgb_tree_d3,m058525_o_min_ord14_rk00011,14,0.4508974673952255,2.8423709931771084,8,Temperature
Pooled,o_min,xgb_tree_d3,m051519_o_min_ord7_rk00005,7,0.4508753994373027,1.3787834934861753,3,Democracy
Pooled,o_min,xgb_tree_d3,m067534_o_min_ord23_rk00020,23,0.4508460645197836,2.8598809775139515,9,Democracy
Pooled,o_min,xgb_tree_d3,m066532_o_min_ord22_rk00018,22,0.45084175386515446,2.7155894378827394,7,Democracy
Pooled,o_min,xgb_tree_d3,m066519_o_min_ord22_rk00005,22,0.45074337336055703,2.9151512344992474,9,Temperature
Pooled,o_min,xgb_tree_d3,m058529_o_min_ord14_rk00015,14,0.45073161120031313,2.610577243331642,7,Temperature
Pooled,o_min,xgb_tree_d3,m064516_o_min_ord20_rk00002,20,0.4506834716807663,2.746439344671016,8,Democracy
Pooled,o_min,xgb_tree_d3,m057518_o_min_ord13_rk00004,13,0.45067938571128974,2.873140679513133,8,Temperature
Pooled,o_min,xgb_tree_d3,m065516_o_min_ord21_rk00002,21,0.4505896295501086,2.915195993795242,9,Democracy
Pooled,o_min,xgb_tree_d3,m071520_o_min_ord27_rk00006,27,0.450585414146643,2.815460540067162,9,Democracy
Pooled,o_min,xgb_tree_d3,m051534_o_min_ord7_rk00020,7,0.45055144403026903,2.5216406363433186,6,Precipitation/droughts
Pooled,o_min,xgb_tree_d3,m055522_o_min_ord11_rk00008,11,0.4504246471425921,2.481714572986073,6,Temperature
Pooled,o_min,xgb_tree_d3,m073529_o_min_ord29_rk00015,29,0.4503807486512633,2.900915908846073,9,Democracy
Pooled,o_min,xgb_tree_d3,m063519_o_min_ord19_rk00005,19,0.45025225850522865,2.7603136973125117,7,Precipitation/droughts
Pooled,o_min,xgb_tree_d3,m052534_o_min_ord8_rk00020,8,0.4502369072041086,2.25,5,Air Pollution
Pooled,o_min,xgb_tree_d3,m066525_o_min_ord22_rk00011,22,0.45022496244271426,2.9019469592513696,9,Democracy
Pooled,o_min,xgb_tree_d3,m069534_o_min_ord25_rk00020,25,0.45019321500572607,2.833411192621123,9,Democracy
Pooled,o_min,xgb_tree_d3,m056533_o_min_ord12_rk00019,12,0.45015444792186754,2.292481250360578,5,Temperature
Pooled,o_min,xgb_tree_d3,m067532_o_min_ord23_rk00018,23,0.4501407800510243,2.766763175336722,9,Democracy
Pooled,o_min,xgb_tree_d3,m062516_o_min_ord18_rk00002,18,0.45013175747633194,2.7107770844150676,7,Precipitation/droughts
Pooled,o_min,xgb_tree_d3,m055525_o_min_ord11_rk00011,11,0.45012663889894733,2.2998963911678914,5,Socioeconomic
Pooled,o_min,xgb_tree_d3,m052515_o_min_ord8_rk00001,8,0.45010383665353726,2.25,5,Air Pollution
Pooled,o_min,xgb_tree_d3,m051521_o_min_ord7_rk00007,7,0.4500981985508793,2.2359263506290326,5,Precipitation/droughts
Pooled,o_min,xgb_tree_d3,m065523_o_min_ord21_rk00009,21,0.45000552926935344,2.6606732334168424,7,Democracy
Pooled,o_min,xgb_tree_d3,m068522_o_min_ord24_rk00008,24,0.4499594449929647,2.8699100232740657,9,Democracy
Pooled,o_min,xgb_tree_d3,m056518_o_min_ord12_rk00004,12,0.44995786545386274,2.584962500721156,7,Temperature
Pooled,o_min,xgb_tree_d3,m072534_o_min_ord28_rk00020,28,0.4498807615213587,2.937193208607594,10,Democracy
Pooled,o_min,xgb_tree_d3,m073527_o_min_ord29_rk00013,29,0.4498465958936152,2.8961239954868447,10,Democracy
Pooled,o_min,xgb_tree_d3,m054530_o_min_ord10_rk00016,10,0.4498181953994298,2.4464393446710155,6,Temperature
Pooled,o_min,xgb_tree_d3,m068525_o_min_ord24_rk00011,24,0.44980865099940415,2.892079563925711,9,Democracy
Pooled,o_min,xgb_tree_d3,m073515_o_min_ord29_rk00001,29,0.449786668826352,2.8271584782454653,9,Democracy
Pooled,o_min,xgb_tree_d3,m064523_o_min_ord20_rk00009,20,0.4496614007284462,2.739353872167201,9,Democracy
Pooled,o_min,xgb_tree_d3,m072522_o_min_ord28_rk00008,28,0.4496230780795686,2.780394654123194,8,Democracy
Pooled,o_min,xgb_tree_d3,m070522_o_min_ord26_rk00008,26,0.4496183048628113,2.8536700092563416,9,Democracy
Pooled,o_min,xgb_tree_d3,m071517_o_min_ord27_rk00003,27,0.4495935178844308,2.815460540067162,9,Democracy
Pooled,o_min,xgb_tree_d3,m056529_o_min_ord12_rk00015,12,0.4495394649469292,2.688721875540867,7,Air Pollution
Pooled,o_min,xgb_tree_d3,m050526_o_min_ord6_rk00012,6,0.4495104734176246,1.9182958340544896,4,Precipitation/droughts
Pooled,o_min,xgb_tree_d3,m074527_o_min_ord30_rk00013,30,0.44946742967670383,2.7874302980927217,9,Democracy
Pooled,o_min,xgb_tree_d3,m073520_o_min_ord29_rk00006,29,0.4494660516060547,2.7447322877088034,8,Democracy
Pooled,o_min,xgb_tree_d3,m065518_o_min_ord21_rk00004,21,0.4492600729155416,2.753918758180346,9,Democracy
Pooled,o_min,xgb_tree_d3,m073531_o_min_ord29_rk00017,29,0.44921060193436757,2.983342099382735,10,Democracy
Pooled,o_min,xgb_tree_d3,m053515_o_min_ord9_rk00001,9,0.44908943635354537,2.197159723424149,5,Socioeconomic
Pooled,o_min,xgb_tree_d3,m061529_o_min_ord17_rk00015,17,0.44908838022854114,2.380430487800112,6,Democracy
Pooled,o_min,xgb_tree_d3,m074533_o_min_ord30_rk00019,30,0.44904022568923185,2.7874302980927217,9,Democracy
Pooled,o_min,xgb_tree_d3,m071516_o_min_ord27_rk00002,27,0.4489935253479498,2.815460540067162,9,Democracy
Pooled,o_min,xgb_tree_d3,m063525_o_min_ord19_rk00011,19,0.4489889552848838,2.694781460584273,8,Democracy
Pooled,o_min,xgb_tree_d3,m061525_o_min_ord17_rk00011,17,0.4489593006399327,2.6601297526332566,8,Democracy
Pooled,o_min,xgb_tree_d3,m067529_o_min_ord23_rk00015,23,0.4488781526445147,2.6967788068829472,8,Democracy
Pooled,o_min,xgb_tree_d3,m063516_o_min_ord19_rk00002,19,0.4488738087273656,2.8000446184790095,9,Democracy
Pooled,o_min,xgb_tree_d3,m071531_o_min_ord27_rk00017,27,0.448820339965163,2.815460540067162,9,Democracy
Pooled,o_min,xgb_tree_d3,m065521_o_min_ord21_rk00007,21,0.4487633659048086,2.851149423893032,8,Democracy
Pooled,o_min,xgb_tree_d3,m062528_o_min_ord18_rk00014,18,0.44874834109270956,2.4387439204017474,7,Democracy
Pooled,o_min,xgb_tree_d3,m050515_o_min_ord6_rk00001,6,0.4486877160906123,1.4591479170272448,3,Democracy
Pooled,o_min,xgb_tree_d3,m058532_o_min_ord14_rk00018,14,0.4486587792420973,2.270942421748537,5,Temperature
Pooled,o_min,xgb_tree_d3,m073524_o_min_ord29_rk00010,29,0.44865814280702676,2.983342099382735,10,Democracy
Pooled,o_min,xgb_tree_d3,m057515_o_min_ord13_rk00001,13,0.4486080295733007,2.6612262562697895,7,Temperature
Pooled,o_min,xgb_tree_d3,m057531_o_min_ord13_rk00017,13,0.44856860236031115,2.2954656791802917,5,Air Pollution
Pooled,o_min,xgb_tree_d3,m069517_o_min_ord25_rk00003,25,0.44850274640557475,2.8530201924480454,9,Democracy
Pooled,o_min,xgb_tree_d3,m068531_o_min_ord24_rk00017,24,0.4484921294213443,2.8699100232740657,9,Democracy
Pooled,o_min,xgb_tree_d3,m058522_o_min_ord14_rk00008,14,0.4484588941353257,2.6455933144511468,7,Temperature
Pooled,o_min,xgb_tree_d3,m057525_o_min_ord13_rk00011,13,0.4484120754156624,2.7192945256669794,7,Air Pollution
Pooled,o_min,xgb_tree_d3,m061523_o_min_ord17_rk00009,17,0.4483852365483937,2.7333716642706998,7,Air Pollution
Pooled,o_min,xgb_tree_d3,m071532_o_min_ord27_rk00018,27,0.44821285474050987,2.861575817764811,9,Democracy
Pooled,o_min,xgb_tree_d3,m072517_o_min_ord28_rk00003,28,0.44819949521516844,2.7754316010011366,9,Democracy
Pooled,o_min,xgb_tree_d3,m066533_o_min_ord22_rk00019,22,0.44810328809295485,2.8045965297024473,9,Democracy
Pooled,o_min,xgb_tree_d3,m071515_o_min_ord27_rk00001,27,0.4480657235734282,2.815460540067162,9,Democracy
Pooled,o_min,xgb_tree_d3,m071525_o_min_ord27_rk00011,27,0.44804355826347164,2.815460540067162,9,Democracy
Pooled,o_min,xgb_tree_d3,m062532_o_min_ord18_rk00018,18,0.4480193818494863,2.858278308418045,9,Democracy
Pooled,o_min,xgb_tree_d3,m069522_o_min_ord25_rk00008,25,0.44801234482006425,2.8676013115120567,9,Democracy
Pooled,o_min,xgb_tree_d3,m053526_o_min_ord9_rk00012,9,0.44793396699095966,2.197159723424149,5,Temperature
Pooled,o_min,xgb_tree_d3,m071518_o_min_ord27_rk00004,27,0.4479016055152506,2.815460540067162,9,Democracy
Pooled,o_min,xgb_tree_d3,m071534_o_min_ord27_rk00020,27,0.44782492411764063,2.9024425973114867,9,Democracy
Pooled,o_min,xgb_tree_d3,m072521_o_min_ord28_rk00007,28,0.4477696974211236,2.7754316010011366,9,Democracy
Pooled,o_min,xgb_tree_d3,m056517_o_min_ord12_rk00003,12,0.44776149981688806,2.688721875540867,7,Temperature
Pooled,o_min,xgb_tree_d3,m062515_o_min_ord18_rk00001,18,0.4476702387783362,2.858278308418045,9,Democracy
Pooled,o_min,xgb_tree_d3,m067525_o_min_ord23_rk00011,23,0.4475163550499185,2.7029400873210467,8,Democracy
Pooled,o_min,xgb_tree_d3,m052522_o_min_ord8_rk00008,8,0.44747314225952406,2.25,5,Temperature
Pooled,o_min,xgb_tree_d3,m073523_o_min_ord29_rk00009,29,0.44742460828239405,2.8271584782454653,9,Democracy
Pooled,o_min,xgb_tree_d3,m066517_o_min_ord22_rk00003,22,0.44739273519032385,2.9540036423298544,9,Democracy
Pooled,o_min,xgb_tree_d3,m058524_o_min_ord14_rk00010,14,0.44732092545174107,2.8423709931771084,8,Temperature
Pooled,o_min,xgb_tree_d3,m064515_o_min_ord20_rk00001,20,0.44729343234804964,2.6841837197791887,7,Temperature
Pooled,o_min,xgb_tree_d3,m071523_o_min_ord27_rk00009,27,0.4471775477892401,2.741386465993088,8,Democracy
Pooled,o_min,xgb_tree_d3,m071522_o_min_ord27_rk00008,27,0.44693870783603373,2.815460540067162,9,Democracy
Pooled,o_min,xgb_tree_d3,m053533_o_min_ord9_rk00019,9,0.44689299040989516,2.1971597234241496,5,Socioeconomic
Pooled,o_min,xgb_tree_d3,m061524_o_min_ord17_rk00010,17,0.4468838203815185,2.498077546623641,7,Democracy
Pooled,o_min,xgb_tree_d3,m063531_o_min_ord19_rk00017,19,0.44685615055903916,2.5820599105802575,8,Democracy
Pooled,o_min,xgb_tree_d3,m074520_o_min_ord30_rk00006,30,0.4467775654008075,2.9437621626224817,10,Democracy
Pooled,o_min,xgb_tree_d3,m057521_o_min_ord13_rk00007,13,0.4467228538984618,2.6612262562697895,7,Temperature
Pooled,o_min,xgb_tree_d3,m047525_o_min_ord3_rk00011,3,0.44669708811473563,0.9182958340544896,2,Temperature
Pooled,o_min,xgb_tree_d3,m065517_o_min_ord21_rk00003,21,0.44669567798849386,2.7373227798185953,7,Temperature
Pooled,o_min,xgb_tree_d3,m066522_o_min_ord22_rk00008,22,0.4466537854096839,2.9019469592513696,9,Democracy
Pooled,o_min,xgb_tree_d3,m066518_o_min_ord22_rk00004,22,0.4466231298085124,2.731431053591683,9,Democracy
Pooled,o_min,xgb_tree_d3,m058519_o_min_ord14_rk00005,14,0.446611987956008,2.8423709931771084,8,Temperature
Pooled,o_min,xgb_tree_d3,m047524_o_min_ord3_rk00010,3,0.44654103836445747,0.9182958340544896,2,Democracy
Pooled,o_min,xgb_tree_d3,m055515_o_min_ord11_rk00001,11,0.4465233099707385,2.7321588913645702,7,Air Pollution
Pooled,o_min,xgb_tree_d3,m071521_o_min_ord27_rk00007,27,0.4464425511792004,2.8139107630313687,8,Democracy
Pooled,o_min,xgb_tree_d3,m050523_o_min_ord6_rk00009,6,0.4464070208008425,1.9182958340544896,4,Precipitation/droughts
Pooled,o_min,xgb_tree_d3,m063528_o_min_ord19_rk00014,19,0.44638391099334607,2.6100635408770723,7,Democracy
Pooled,o_min,xgb_tree_d3,m056532_o_min_ord12_rk00018,12,0.44627488552239203,2.292481250360578,5,Temperature
Pooled,o_min,xgb_tree_d3,m060518_o_min_ord16_rk00004,16,0.44626161150891486,2.452819531114783,6,Temperature
Pooled,o_min,xgb_tree_d3,m065524_o_min_ord21_rk00010,21,0.4462331369644137,2.6606732334168424,7,Democracy
Pooled,o_min,xgb_tree_d3,m073530_o_min_ord29_rk00016,29,0.4462291521386208,2.8566327186686844,9,Democracy
Pooled,o_min,xgb_tree_d3,m060519_o_min_ord16_rk00005,16,0.4462006053038764,2.7334585933443494,7,Air Pollution
Pooled,o_min,xgb_tree_d3,m066523_o_min_ord22_rk00009,22,0.44614278238829774,2.8045965297024473,9,Democracy
Pooled,o_min,xgb_tree_d3,m061516_o_min_ord17_rk00002,17,0.446111272673123,2.498077546623641,7,Democracy
Pooled,o_min,xgb_tree_d3,m051531_o_min_ord7_rk00017,7,0.44605122889428217,1.5566567074628228,3,Democracy
Pooled,o_min,xgb_tree_d3,m069518_o_min_ord25_rk00004,25,0.44604385454550943,2.8676013115120567,9,Democracy
Pooled,o_min,xgb_tree_d3,m054515_o_min_ord10_rk00001,10,0.4460153574397594,2.7219280948873625,7,Air Pollution
Pooled,o_min,xgb_tree_d3,m049534_o_min_ord5_rk00020,5,0.44600395892328537,1.9219280948873623,4,Precipitation/droughts
Pooled,o_min,xgb_tree_d3,m048524_o_min_ord4_rk00010,4,0.44599724537555174,1.5,3,Air Pollution
Pooled,o_min,xgb_tree_d3,m055530_o_min_ord11_rk00016,11,0.4459871810869859,2.481714572986073,6,Temperature
Pooled,o_min,xgb_tree_d3,m074522_o_min_ord30_rk00008,30,0.44595866827522057,2.9437621626224817,10,Democracy
Pooled,o_min,xgb_tree_d3,m057532_o_min_ord13_rk00018,13,0.4459201906829826,2.7773627950641693,8,Temperature
Pooled,o_min,xgb_tree_d3,m072525_o_min_ord28_rk00011,28,0.44570541541244313,2.7754316010011366,9,Democracy
Pooled,o_min,xgb_tree_d3,m072524_o_min_ord28_rk00010,28,0.4456863957173949,2.865764637179023,9,Democracy
Pooled,o_min,xgb_tree_d3,m052520_o_min_ord8_rk00006,8,0.4456714129825199,2.25,5,Temperature
Pooled,o_min,xgb_tree_d3,m059531_o_min_ord15_rk00017,15,0.445341084726393,2.8225797618424915,8,Temperature
Pooled,o_min,xgb_tree_d3,m059522_o_min_ord15_rk00008,15,0.44533253945116447,2.4729055953200563,6,Democracy
Pooled,o_min,xgb_tree_d3,m065522_o_min_ord21_rk00008,21,0.4453319832862379,2.7199643047423914,7,Democracy
Pooled,o_min,xgb_tree_d3,m064522_o_min_ord20_rk00008,20,0.4452827672705594,2.865957320949175,8,Democracy
Pooled,o_min,xgb_tree_d3,m060531_o_min_ord16_rk00017,16,0.4451590945972479,2.625,7,Temperature
Pooled,o_min,xgb_tree_d3,m050534_o_min_ord6_rk00020,6,0.44515519377806323,2.2516291673878226,5,Precipitation/droughts
Pooled,o_min,xgb_tree_d3,m069530_o_min_ord25_rk00016,25,0.44515444964901185,2.84307418942857,8,Democracy
Pooled,o_min,xgb_tree_d3,m071533_o_min_ord27_rk00019,27,0.4450814237845425,2.815460540067162,9,Democracy
Pooled,o_min,xgb_tree_d3,m057528_o_min_ord13_rk00014,13,0.44503783094347094,2.6612262562697895,7,Temperature
Pooled,o_min,xgb_tree_d3,m054519_o_min_ord10_rk00005,10,0.4448367727227682,2.2464393446710154,5,Democracy
Pooled,o_min,xgb_tree_d3,m063529_o_min_ord19_rk00015,19,0.4448317653600188,2.4370658315190226,7,Democracy
Pooled,o_min,xgb_tree_d3,m064517_o_min_ord20_rk00003,20,0.4447360414480699,2.6841837197791887,7,Temperature
Pooled,o_min,xgb_tree_d3,m062533_o_min_ord18_rk00019,18,0.4445751376036001,2.6688388898504303,8,Democracy
Pooled,o_min,xgb_tree_d3,m066527_o_min_ord22_rk00013,22,0.44456534829650607,2.9019469592513696,9,Democracy
Pooled,o_min,xgb_tree_d3,m066524_o_min_ord22_rk00010,22,0.4444760995622562,2.9019469592513696,9,Democracy
Pooled,o_min,xgb_tree_d3,m055532_o_min_ord11_rk00018,11,0.4444588514446246,2.663532754804255,7,Temperature
Pooled,o_min,xgb_tree_d3,m050524_o_min_ord6_rk00010,6,0.4443868585805951,2.2516291673878226,5,Precipitation/droughts
Pooled,o_min,xgb_tree_d3,m062520_o_min_ord18_rk00006,18,0.4443286464949052,2.752715278979705,7,Democracy
Pooled,o_min,xgb_tree_d3,m065530_o_min_ord21_rk00016,21,0.4442792402747038,2.851149423893032,8,Democracy
Pooled,o_min,xgb_tree_d3,m064525_o_min_ord20_rk00011,20,0.4442130238394745,2.6037016960573482,7,Democracy
Pooled,o_min,xgb_tree_d3,m068520_o_min_ord24_rk00006,24,0.44419969778105506,2.8699100232740657,9,Democracy
Pooled,o_min,xgb_tree_d3,m066516_o_min_ord22_rk00002,22,0.44417346486152776,2.9019469592513696,9,Democracy
Pooled,o_min,xgb_tree_d3,m056526_o_min_ord12_rk00012,12,0.4441068381231861,2.8553885422075336,8,Precipitation/droughts
Pooled,o_min,xgb_tree_d3,m064526_o_min_ord20_rk00012,20,0.44408312824551555,2.739353872167201,9,Democracy
Pooled,o_min,xgb_tree_d3,m074519_o_min_ord30_rk00005,30,0.4440035662929336,2.8640835117703762,9,Democracy
Pooled,o_min,xgb_tree_d3,m056520_o_min_ord12_rk00006,12,0.44391322233213004,2.6258145836939115,7,Temperature
Pooled,o_min,xgb_tree_d3,m056523_o_min_ord12_rk00009,12,0.44389145387882045,2.688721875540867,7,Temperature
Pooled,o_min,xgb_tree_d3,m052525_o_min_ord8_rk00011,8,0.44389115197035867,1.75,4,Democracy
Pooled,o_min,xgb_tree_d3,m059520_o_min_ord15_rk00006,15,0.4436985185572958,2.8225797618424915,8,Temperature
Pooled,o_min,xgb_tree_d3,m074518_o_min_ord30_rk00004,30,0.4436720152310466,2.7874302980927217,9,Democracy
Pooled,o_min,xgb_tree_d3,m058526_o_min_ord14_rk00012,14,0.44364191509584905,2.5027361715940035,6,Air Pollution
Pooled,o_min,xgb_tree_d3,m074531_o_min_ord30_rk00017,30,0.44363971657053514,2.9437621626224817,10,Democracy
Pooled,o_min,xgb_tree_d3,m053527_o_min_ord9_rk00013,9,0.44360110051894375,2.197159723424149,5,Socioeconomic
Pooled,o_min,xgb_tree_d3,m047522_o_min_ord3_rk00008,3,0.44350142403734305,0.9182958340544896,2,Democracy
Pooled,o_min,xgb_tree_d3,m066530_o_min_ord22_rk00016,22,0.44349125478209694,2.867633890971212,9,Democracy
Pooled,o_min,xgb_tree_d3,m053528_o_min_ord9_rk00014,9,0.4434828981022957,2.5032583347756456,6,Temperature
Pooled,o_min,xgb_tree_d3,m062530_o_min_ord18_rk00016,18,0.44320342854714023,2.6688388898504303,8,Democracy
Pooled,o_min,xgb_tree_d3,m072530_o_min_ord28_rk00016,28,0.44317351847990294,2.935698780751651,9,Democracy
Pooled,o_min,xgb_tree_d3,m054528_o_min_ord10_rk00014,10,0.4431214036713155,2.2464393446710154,5,Temperature
Pooled,o_min,xgb_tree_d3,m060516_o_min_ord16_rk00002,16,0.44307355205799104,2.5306390622295662,6,Temperature
Pooled,o_min,xgb_tree_d3,m054516_o_min_ord10_rk00002,10,0.4429915965420418,2.2464393446710154,5,Socioeconomic
Pooled,o_min,xgb_tree_d3,m064529_o_min_ord20_rk00015,20,0.44297280731363253,2.6841837197791887,7,Temperature
Pooled,o_min,xgb_tree_d3,m060527_o_min_ord16_rk00013,16,0.4429414928752674,2.6556390622295662,7,Temperature
Pooled,o_min,xgb_tree_d3,m049515_o_min_ord5_rk00001,5,0.44284952414408263,1.5219280948873621,3,Precipitation/droughts
Pooled,o_min,xgb_tree_d3,m071529_o_min_ord27_rk00015,27,0.4428182226348767,2.9341001148030923,9,Democracy
Pooled,o_min,xgb_tree_d3,m059517_o_min_ord15_rk00003,15,0.4426935078541563,2.8225797618424915,8,Temperature
Pooled,o_min,xgb_tree_d3,m057517_o_min_ord13_rk00003,13,0.44268108037827514,2.6612262562697895,7,Temperature
Pooled,o_min,xgb_tree_d3,m063521_o_min_ord19_rk00007,19,0.4425942407661687,2.6292492238560348,7,Temperature
Pooled,o_min,xgb_tree_d3,m053518_o_min_ord9_rk00004,9,0.442586857586015,2.197159723424149,5,Temperature
Pooled,o_min,xgb_tree_d3,m057522_o_min_ord13_rk00008,13,0.4425508771964868,2.6612262562697895,7,Temperature
Pooled,o_min,xgb_tree_d3,m048533_o_min_ord4_rk00019,4,0.4425496405651397,1.5,3,Air Pollution
Pooled,o_min,xgb_tree_d3,m072527_o_min_ord28_rk00013,28,0.4424851641558005,2.935698780751651,9,Democracy
Pooled,o_min,xgb_tree_d3,m061526_o_min_ord17_rk00012,17,0.44244462455862,2.7045348998193433,7,Temperature
Pooled,o_min,xgb_tree_d3,m053517_o_min_ord9_rk00003,9,0.44240243730419404,2.1971597234241496,5,Socioeconomic
Pooled,o_min,xgb_tree_d3,m051532_o_min_ord7_rk00018,7,0.442375676184514,1.8423709931771086,4,Democracy
Pooled,o_min,xgb_tree_d3,m050525_o_min_ord6_rk00011,6,0.4422556189074337,1.4591479170272448,3,Democracy
Pooled,o_min,xgb_tree_d3,m061533_o_min_ord17_rk00019,17,0.44223867351850454,2.9109922530150456,9,Temperature
Pooled,o_min,xgb_tree_d3,m059516_o_min_ord15_rk00002,15,0.44223110250628583,2.4729055953200563,6,Temperature
Pooled,o_min,xgb_tree_d3,m057530_o_min_ord13_rk00016,13,0.44215652998760513,2.7192945256669794,7,Temperature
Pooled,o_min,xgb_tree_d3,m060530_o_min_ord16_rk00016,16,0.44203926689536455,2.686278124459133,7,Air Pollution
Pooled,o_min,xgb_tree_d3,m064534_o_min_ord20_rk00020,20,0.4418285475312568,2.6841837197791887,7,Temperature
Pooled,o_min,xgb_tree_d3,m065533_o_min_ord21_rk00019,21,0.441767195248543,2.7199643047423914,7,Democracy
Pooled,o_min,xgb_tree_d3,m053520_o_min_ord9_rk00006,9,0.4417542889724847,2.2810361125534238,5,Air Pollution
Pooled,o_min,xgb_tree_d3,m051526_o_min_ord7_rk00012,7,0.4417464104175818,1.8423709931771086,4,Democracy
Pooled,o_min,xgb_tree_d3,m062522_o_min_ord18_rk00008,18,0.4417417934658844,2.905764584655453,8,Democracy
Pooled,o_min,xgb_tree_d3,m074524_o_min_ord30_rk00010,30,0.4417348424244226,2.9437621626224817,10,Democracy
Pooled,o_min,xgb_tree_d3,m057516_o_min_ord13_rk00002,13,0.44164622357527683,2.6235166412180155,7,Temperature
Pooled,o_min,xgb_tree_d3,m063523_o_min_ord19_rk00009,19,0.4416347340277911,2.6292492238560348,7,Temperature
Pooled,o_min,xgb_tree_d3,m056519_o_min_ord12_rk00005,12,0.441603248444808,2.6258145836939115,7,Temperature
Pooled,o_min,xgb_tree_d3,m053531_o_min_ord9_rk00017,9,0.4415515528594419,2.197159723424149,5,Air Pollution
Pooled,o_min,xgb_tree_d3,m063533_o_min_ord19_rk00019,19,0.44147147211460835,2.694781460584273,7,Temperature
Pooled,o_min,xgb_tree_d3,m056516_o_min_ord12_rk00002,12,0.4413201482553215,2.4591479170272446,6,Temperature
Pooled,o_min,xgb_tree_d3,m060523_o_min_ord16_rk00009,16,0.4412492582279043,2.7806390622295662,8,Democracy
Pooled,o_min,xgb_tree_d3,m060524_o_min_ord16_rk00010,16,0.4412075321719835,2.6556390622295662,7,Temperature
Pooled,o_min,xgb_tree_d3,m072533_o_min_ord28_rk00019,28,0.44117054980154846,2.7754316010011366,9,Democracy
Pooled,o_min,xgb_tree_d3,m062531_o_min_ord18_rk00017,18,0.4410678273347405,2.9057645846554525,9,Temperature
Pooled,o_min,xgb_tree_d3,m074532_o_min_ord30_rk00018,30,0.4409573523478234,2.9437621626224817,10,Democracy
Pooled,o_min,xgb_tree_d3,m072518_o_min_ord28_rk00004,28,0.4407433163439133,2.865764637179023,9,Democracy
Pooled,o_min,xgb_tree_d3,m070528_o_min_ord26_rk00014,26,0.44060528934493226,2.8252517372886508,9,Democracy
Pooled,o_min,xgb_tree_d3,m062523_o_min_ord18_rk00009,18,0.44057604105133064,2.4613201402110088,6,Temperature
Pooled,o_min,xgb_tree_d3,m058516_o_min_ord14_rk00002,14,0.4405460736375064,2.8423709931771084,8,Temperature
Pooled,o_min,xgb_tree_d3,m053529_o_min_ord9_rk00015,9,0.44051620452912477,2.197159723424149,5,Socioeconomic
Pooled,o_min,xgb_tree_d3,m064528_o_min_ord20_rk00014,20,0.44031186570695047,2.7709505944546686,8,Democracy
Pooled,o_min,xgb_tree_d3,m061530_o_min_ord17_rk00016,17,0.4403110649945736,2.6312929881819,7,Temperature
Pooled,o_min,xgb_tree_d3,m062534_o_min_ord18_rk00020,18,0.4399633159541462,2.6416041678685938,7,Precipitation/droughts
Pooled,o_min,xgb_tree_d3,m053521_o_min_ord9_rk00007,9,0.43994670576308104,2.5032583347756456,6,Air Pollution
Pooled,o_min,xgb_tree_d3,m054531_o_min_ord10_rk00017,10,0.4399390204373079,2.2464393446710154,5,Socioeconomic
Pooled,o_min,xgb_tree_d3,m060525_o_min_ord16_rk00011,16,0.43993015554277526,2.452819531114783,6,Temperature
Pooled,o_min,xgb_tree_d3,m059529_o_min_ord15_rk00015,15,0.43991991400567676,2.656564762130954,7,Temperature
Pooled,o_min,xgb_tree_d3,m057519_o_min_ord13_rk00005,13,0.43991139639552346,2.6612262562697895,7,Temperature
Pooled,o_min,xgb_tree_d3,m059528_o_min_ord15_rk00014,15,0.43989175927653634,2.689246428509158,7,Air Pollution
Pooled,o_min,xgb_tree_d3,m048534_o_min_ord4_rk00020,4,0.4398784085473255,1.5,3,Air Pollution
Pooled,o_min,xgb_tree_d3,m050533_o_min_ord6_rk00019,6,0.4397429954784231,1.9182958340544896,4,Precipitation/droughts
Pooled,o_min,xgb_tree_d3,m062521_o_min_ord18_rk00007,18,0.43963773714978616,2.7107770844150676,7,Precipitation/droughts
Pooled,o_min,xgb_tree_d3,m063522_o_min_ord19_rk00008,19,0.4395142030736602,2.7153266987718094,7,Democracy
Pooled,o_min,xgb_tree_d3,m072531_o_min_ord28_rk00017,28,0.43950308737599475,2.7754316010011366,9,Democracy
Pooled,o_min,xgb_tree_d3,m057523_o_min_ord13_rk00009,13,0.43948680475938295,2.873140679513133,8,Precipitation/droughts
Pooled,o_min,xgb_tree_d3,m051529_o_min_ord7_rk00015,7,0.43948401845806007,1.8423709931771086,4,Democracy
Pooled,o_min,xgb_tree_d3,m072528_o_min_ord28_rk00014,28,0.4394357237358639,2.8962915290459277,9,Democracy
Pooled,o_min,xgb_tree_d3,m053532_o_min_ord9_rk00018,9,0.43943023128134207,2.0588138903312014,5,Democracy
Pooled,o_min,xgb_tree_d3,m057520_o_min_ord13_rk00006,13,0.43929900040358016,2.873140679513133,8,Precipitation/droughts
Pooled,o_min,xgb_tree_d3,m059527_o_min_ord15_rk00013,15,0.4392820494560351,2.8225797618424915,8,Temperature
Pooled,o_min,xgb_tree_d3,m054525_o_min_ord10_rk00011,10,0.43910198836598613,2.2464393446710154,5,Socioeconomic
Pooled,o_min,xgb_tree_d3,m074516_o_min_ord30_rk00002,30,0.4390871850542808,2.7874302980927217,9,Democracy
Pooled,o_min,xgb_tree_d3,m054527_o_min_ord10_rk00013,10,0.438991028704505,2.2464393446710154,5,Socioeconomic
Pooled,o_min,xgb_tree_d3,m064520_o_min_ord20_rk00006,20,0.4387481104140313,2.884183719779189,8,Precipitation/droughts
Pooled,o_min,xgb_tree_d3,m074515_o_min_ord30_rk00001,30,0.438695430185271,2.8640835117703762,9,Democracy
Pooled,o_min,xgb_tree_d3,m059530_o_min_ord15_rk00016,15,0.438677005003664,2.256564762130954,5,Temperature
Pooled,o_min,xgb_tree_d3,m053522_o_min_ord9_rk00008,9,0.4385805073259298,2.5032583347756456,6,Temperature
Pooled,o_min,xgb_tree_d3,m074526_o_min_ord30_rk00012,30,0.4385291060952542,2.7874302980927217,9,Democracy
Pooled,o_min,xgb_tree_d3,m064531_o_min_ord20_rk00017,20,0.4384729191273632,2.865957320949175,8,Democracy
Pooled,o_min,xgb_tree_d3,m072516_o_min_ord28_rk00002,28,0.43847270624469015,2.865764637179023,9,Democracy
Pooled,o_min,xgb_tree_d3,m062524_o_min_ord18_rk00010,18,0.4383897745971417,2.6416041678685938,7,Temperature
Pooled,o_min,xgb_tree_d3,m055534_o_min_ord11_rk00020,11,0.43837584226237303,2.2998963911678914,6,Temperature
Pooled,o_min,xgb_tree_d3,m058534_o_min_ord14_rk00020,14,0.43835361241939197,2.5027361715940035,6,Air Pollution
Pooled,o_min,xgb_tree_d3,m063515_o_min_ord19_rk00001,19,0.4379520173872664,2.6947814605842733,7,Temperature
Pooled,o_min,xgb_tree_d3,m054534_o_min_ord10_rk00020,10,0.4379503586072384,2.721928094887362,7,Air Pollution
Pooled,o_min,xgb_tree_d3,m072523_o_min_ord28_rk00009,28,0.4378062185505234,2.865764637179023,9,Democracy
Pooled,o_min,xgb_tree_d3,m055529_o_min_ord11_rk00015,11,0.4376772777804394,2.663532754804255,7,Temperature
Pooled,o_min,xgb_tree_d3,m052528_o_min_ord8_rk00014,8,0.4374215125068365,2.25,5,Precipitation/droughts
Pooled,o_min,xgb_tree_d3,m064519_o_min_ord20_rk00005,20,0.43741042098323935,2.7464393446710154,7,Precipitation/droughts
Pooled,o_min,xgb_tree_d3,m054522_o_min_ord10_rk00008,10,0.4373906121755131,2.7219280948873625,7,Temperature
Pooled,o_min,xgb_tree_d3,m073532_o_min_ord29_rk00018,29,0.43734254041349807,2.8271584782454653,9,Democracy
Pooled,o_min,xgb_tree_d3,m064530_o_min_ord20_rk00016,20,0.43725002604002494,2.6841837197791887,7,Temperature
Pooled,o_min,xgb_tree_d3,m058527_o_min_ord14_rk00013,14,0.4371899418573718,2.5027361715940035,6,Air Pollution
Pooled,o_min,xgb_tree_d3,m061527_o_min_ord17_rk00013,17,0.4370912954686622,2.7045348998193433,7,Temperature
Pooled,o_min,xgb_tree_d3,m059532_o_min_ord15_rk00018,15,0.43708065865275325,2.689246428509158,7,Air Pollution
Pooled,o_min,xgb_tree_d3,m072520_o_min_ord28_rk00006,28,0.43707232076386604,2.937193208607594,10,Democracy
Pooled,o_min,xgb_tree_d3,m062526_o_min_ord18_rk00012,18,0.43698663412548444,2.4830067805200744,6,Democracy
Pooled,o_min,xgb_tree_d3,m063520_o_min_ord19_rk00006,19,0.4369552835903189,2.6947814605842733,7,Temperature
Pooled,o_min,xgb_tree_d3,m074517_o_min_ord30_rk00003,30,0.4369062758626734,2.8640835117703762,9,Democracy
Pooled,o_min,xgb_tree_d3,m057527_o_min_ord13_rk00013,13,0.4368893664481587,2.6031579868726,7,Temperature
Pooled,o_min,xgb_tree_d3,m055518_o_min_ord11_rk00004,11,0.4365824091226095,2.663532754804255,7,Temperature
Pooled,o_min,xgb_tree_d3,m061522_o_min_ord17_rk00008,17,0.4365249008494234,2.513645929358371,6,Temperature
Pooled,o_min,xgb_tree_d3,m060532_o_min_ord16_rk00018,16,0.43648951186129414,2.8584585933443494,8,Temperature
Pooled,o_min,xgb_tree_d3,m063518_o_min_ord19_rk00004,19,0.43640287061081173,2.9053077763737467,8,Democracy
Pooled,o_min,xgb_tree_d3,m058521_o_min_ord14_rk00007,14,0.43640069365807754,2.5027361715940035,6,Air Pollution
Pooled,o_min,xgb_tree_d3,m062527_o_min_ord18_rk00013,18,0.4363519759928127,2.683542362433231,7,Temperature
Pooled,o_min,xgb_tree_d3,m059521_o_min_ord15_rk00007,15,0.4363246867646867,2.689246428509158,7,Air Pollution
Pooled,o_min,xgb_tree_d3,m058523_o_min_ord14_rk00009,14,0.4362245703852077,2.2359263506290326,5,Temperature
Pooled,o_min,xgb_tree_d3,m052521_o_min_ord8_rk00007,8,0.43613128024547454,1.9056390622295665,4,Socioeconomic
Pooled,o_min,xgb_tree_d3,m074529_o_min_ord30_rk00015,30,0.4361053480185172,2.8640835117703762,9,Democracy
Pooled,o_min,xgb_tree_d3,m056528_o_min_ord12_rk00014,12,0.436091026047813,2.292481250360578,5,Temperature
Pooled,o_min,xgb_tree_d3,m059524_o_min_ord15_rk00010,15,0.4357788404032542,2.8225797618424915,8,Temperature
Pooled,o_min,xgb_tree_d3,m064533_o_min_ord20_rk00019,20,0.43573363782419505,2.7282129458410016,7,Democracy
Pooled,o_min,xgb_tree_d3,m063527_o_min_ord19_rk00013,19,0.4356566114659346,2.6292492238560348,7,Temperature
Pooled,o_min,xgb_tree_d3,m060526_o_min_ord16_rk00012,16,0.4355787109670678,2.7806390622295662,8,Temperature
Pooled,o_min,xgb_tree_d3,m074525_o_min_ord30_rk00011,30,0.4355552722631618,2.8640835117703762,9,Democracy
Pooled,o_min,xgb_tree_d3,m048522_o_min_ord4_rk00008,4,0.4354528117824581,1.5,3,Air Pollution
Pooled,o_min,xgb_tree_d3,m059523_o_min_ord15_rk00009,15,0.4353914318542569,2.256564762130954,5,Temperature
Pooled,o_min,xgb_tree_d3,m050529_o_min_ord6_rk00015,6,0.4353064480996366,1.9182958340544893,4,Air Pollution
Pooled,o_min,xgb_tree_d3,m055517_o_min_ord11_rk00003,11,0.4352600271931266,2.663532754804255,7,Temperature
Pooled,o_min,xgb_tree_d3,m052518_o_min_ord8_rk00004,8,0.4349995474668319,2.25,5,Temperature
Pooled,o_min,xgb_tree_d3,m057534_o_min_ord13_rk00020,13,0.434374472294107,2.4116022179746714,6,Temperature
Pooled,o_min,xgb_tree_d3,m057533_o_min_ord13_rk00019,13,0.4343660498991446,2.6612262562697895,7,Temperature
Pooled,o_min,xgb_tree_d3,m072526_o_min_ord28_rk00012,28,0.4343643927649604,2.865764637179023,9,Democracy
Pooled,o_min,xgb_tree_d3,m060522_o_min_ord16_rk00008,16,0.43434005750132265,2.6556390622295662,7,Temperature
Pooled,o_min,xgb_tree_d3,m061520_o_min_ord17_rk00006,17,0.4342042512252309,2.939829017466402,9,Democracy
Pooled,o_min,xgb_tree_d3,m072529_o_min_ord28_rk00015,28,0.4341498324236628,2.865764637179023,9,Democracy
Pooled,o_min,xgb_tree_d3,m074534_o_min_ord30_rk00020,30,0.43414463269394665,2.7874302980927217,9,Democracy
Pooled,o_min,xgb_tree_d3,m053525_o_min_ord9_rk00011,9,0.4339119463799508,2.725480556997868,7,Air Pollution
Pooled,o_min,xgb_tree_d3,m059519_o_min_ord15_rk00005,15,0.4339004083469091,2.8225797618424915,8,Temperature
Pooled,o_min,xgb_tree_d3,m055528_o_min_ord11_rk00014,11,0.4338633205510113,2.663532754804255,7,Temperature
Pooled,o_min,xgb_tree_d3,m061517_o_min_ord17_rk00003,17,0.43385519625503743,2.7045348998193433,7,Temperature
Pooled,o_min,xgb_tree_d3,m053534_o_min_ord9_rk00020,9,0.4335670955641888,2.197159723424149,5,Air Pollution
Pooled,o_min,xgb_tree_d3,m061531_o_min_ord17_rk00017,17,0.43350028917438044,2.6312929881819,7,Temperature
Pooled,o_min,xgb_tree_d3,m051517_o_min_ord7_rk00003,7,0.43315786262130906,2.2359263506290326,5,Precipitation/droughts
Pooled,o_min,xgb_tree_d3,m061519_o_min_ord17_rk00005,17,0.43305652258798855,2.6312929881819,7,Temperature
Pooled,o_min,xgb_tree_d3,m064524_o_min_ord20_rk00010,20,0.4330269881895138,2.6841837197791887,7,Temperature
Pooled,o_min,xgb_tree_d3,m056534_o_min_ord12_rk00020,12,0.4329735716185059,2.8553885422075336,8,Temperature
Pooled,o_min,xgb_tree_d3,m053516_o_min_ord9_rk00002,9,0.43291819378225305,2.725480556997868,7,Precipitation/droughts
Pooled,o_min,xgb_tree_d3,m054532_o_min_ord10_rk00018,10,0.43271471426566777,2.4464393446710155,6,Temperature
Pooled,o_min,xgb_tree_d3,m048532_o_min_ord4_rk00018,4,0.43251330584142955,1.5,3,Temperature
Pooled,o_min,xgb_tree_d3,m055523_o_min_ord11_rk00009,11,0.4324721312794091,2.299896391167891,5,Temperature
Pooled,o_min,xgb_tree_d3,m057526_o_min_ord13_rk00012,13,0.4324542670845545,2.449311833026446,6,Temperature
Pooled,o_min,xgb_tree_d3,m062517_o_min_ord18_rk00003,18,0.43221899177176626,2.7107770844150676,7,Temperature
Pooled,o_min,xgb_tree_d3,m055533_o_min_ord11_rk00019,11,0.4320933610889135,2.299896391167891,5,Temperature
Pooled,o_min,xgb_tree_d3,m064527_o_min_ord20_rk00013,20,0.4320040119953674,2.6841837197791887,7,Temperature
Pooled,o_min,xgb_tree_d3,m066520_o_min_ord22_rk00006,22,0.43195298766321844,2.737872392231515,8,Democracy
Pooled,o_min,xgb_tree_d3,m054517_o_min_ord10_rk00003,10,0.4317088609383447,2.170950594454669,5,Air Pollution
Pooled,o_min,xgb_tree_d3,m060529_o_min_ord16_rk00015,16,0.4316765477308401,2.5550365325772653,7,Democracy
Pooled,o_min,xgb_tree_d3,m050522_o_min_ord6_rk00008,6,0.4315951983466906,1.9182958340544893,4,Air Pollution
Pooled,o_min,xgb_tree_d3,m054518_o_min_ord10_rk00004,10,0.43158605938506467,2.4464393446710155,6,Temperature
Pooled,o_min,xgb_tree_d3,m048530_o_min_ord4_rk00016,4,0.43128594684341515,2.0,4,Air Pollution
Pooled,o_min,xgb_tree_d3,m061534_o_min_ord17_rk00020,17,0.4311556199485189,2.7045348998193433,7,Temperature
Pooled,o_min,xgb_tree_d3,m052532_o_min_ord8_rk00018,8,0.4309556044885027,2.0,4,Air Pollution
Pooled,o_min,xgb_tree_d3,m058518_o_min_ord14_rk00004,14,0.4303827159476319,2.610577243331642,7,Temperature
Pooled,o_min,xgb_tree_d3,m074528_o_min_ord30_rk00014,30,0.4302231595480681,2.9437621626224817,10,Democracy
Pooled,o_min,xgb_tree_d3,m053530_o_min_ord9_rk00016,9,0.4301896174024653,2.197159723424149,5,Democracy
Pooled,o_min,xgb_tree_d3,m059533_o_min_ord15_rk00019,15,0.4301784302931405,2.8225797618424915,8,Temperature
Pooled,o_min,xgb_tree_d3,m061532_o_min_ord17_rk00018,17,0.43014865332324603,2.4692407821722844,6,Temperature
Pooled,o_min,xgb_tree_d3,m052533_o_min_ord8_rk00019,8,0.43007173305873225,2.5,6,Air Pollution
Pooled,o_min,xgb_tree_d3,m056527_o_min_ord12_rk00013,12,0.43006631067630463,2.688721875540867,7,Air Pollution
Pooled,o_min,xgb_tree_d3,m047534_o_min_ord3_rk00020,3,0.4300313967161914,1.584962500721156,3,Air Pollution
Pooled,o_min,xgb_tree_d3,m055531_o_min_ord11_rk00017,11,0.43002996649933134,2.663532754804255,7,Precipitation/droughts
Pooled,o_min,xgb_tree_d3,m057524_o_min_ord13_rk00010,13,0.42996173345608646,2.2577560641285177,5,Temperature
Pooled,o_min,xgb_tree_d3,m055524_o_min_ord11_rk00010,11,0.42974922990015163,2.413088436425758,6,Temperature
Pooled,o_min,xgb_tree_d3,m055521_o_min_ord11_rk00007,11,0.429636574460058,2.299896391167891,5,Temperature
Pooled,o_min,xgb_tree_d3,m051530_o_min_ord7_rk00016,7,0.4294100274392182,1.9502120649147465,4,Air Pollution
Pooled,o_min,xgb_tree_d3,m058515_o_min_ord14_rk00001,14,0.4293897182939611,2.8962915290459277,8,Temperature
Pooled,o_min,xgb_tree_d3,m047517_o_min_ord3_rk00003,3,0.42928121179947765,1.584962500721156,3,Air Pollution
Pooled,o_min,xgb_tree_d3,m061521_o_min_ord17_rk00007,17,0.4292295514199731,2.41896119556797,6,Democracy
Pooled,o_min,xgb_tree_d3,m048518_o_min_ord4_rk00004,4,0.4290407743201704,1.5,3,Air Pollution
Pooled,o_min,xgb_tree_d3,m074521_o_min_ord30_rk00007,30,0.4287633119445773,2.7874302980927217,9,Democracy
Pooled,o_min,xgb_tree_d3,m051518_o_min_ord7_rk00004,7,0.4286378358741747,1.9502120649147465,4,Air Pollution
Pooled,o_min,xgb_tree_d3,m052523_o_min_ord8_rk00009,8,0.42826814306886085,2.5,6,Precipitation/droughts
Pooled,o_min,xgb_tree_d3,m051524_o_min_ord7_rk00010,7,0.4281850754931945,1.8423709931771088,4,Air Pollution
Pooled,o_min,xgb_tree_d3,m060533_o_min_ord16_rk00019,16,0.42805777044207205,2.8584585933443494,8,Temperature
Pooled,o_min,xgb_tree_d3,m058517_o_min_ord14_rk00003,14,0.42784981010855117,2.8423709931771084,8,Temperature
Pooled,o_min,xgb_tree_d3,m056521_o_min_ord12_rk00007,12,0.42770230444858626,2.8553885422075336,8,Precipitation/droughts
Pooled,o_min,xgb_tree_d3,m048527_o_min_ord4_rk00013,4,0.42729830777030486,2.0,4,Air Pollution
Pooled,o_min,xgb_tree_d3,m054533_o_min_ord10_rk00019,10,0.4271394710000387,2.4464393446710155,6,Temperature
Pooled,o_min,xgb_tree_d3,m049530_o_min_ord5_rk00016,5,0.4263908020386933,1.5219280948873621,3,Air Pollution
Pooled,o_min,xgb_tree_d3,m048519_o_min_ord4_rk00005,4,0.42620551248078575,1.5,3,Socioeconomic
Pooled,o_min,xgb_tree_d3,m050531_o_min_ord6_rk00017,6,0.4261180472441807,1.584962500721156,3,Air Pollution
Pooled,o_min,xgb_tree_d3,m050516_o_min_ord6_rk00002,6,0.4259402878119878,1.9182958340544896,4,Air Pollution
Pooled,o_min,xgb_tree_d3,m050519_o_min_ord6_rk00005,6,0.42587692603572036,1.9182958340544893,4,Air Pollution
Pooled,o_min,xgb_tree_d3,m050520_o_min_ord6_rk00006,6,0.42586047640571145,1.9182958340544893,4,Air Pollution
Pooled,o_min,xgb_tree_d3,m054524_o_min_ord10_rk00010,10,0.42561629743217866,2.2464393446710154,5,Temperature
Pooled,o_min,xgb_tree_d3,m051527_o_min_ord7_rk00013,7,0.4254870052036521,1.8423709931771088,4,Air Pollution
Pooled,o_min,xgb_tree_d3,m054529_o_min_ord10_rk00015,10,0.42476512105490527,2.4464393446710155,6,Air Pollution
Pooled,o_min,xgb_tree_d3,m074523_o_min_ord30_rk00009,30,0.4246216736315154,2.9437621626224817,10,Democracy
Pooled,o_min,xgb_tree_d3,m053523_o_min_ord9_rk00009,9,0.42402825888214835,2.2810361125534238,5,Temperature
Pooled,o_min,xgb_tree_d3,m055520_o_min_ord11_rk00006,11,0.4235890283482816,2.481714572986073,6,Democracy
Pooled,o_min,xgb_tree_d3,m055526_o_min_ord11_rk00012,11,0.42314832258165114,2.481714572986073,6,Air Pollution
Pooled,o_min,xgb_tree_d3,m052519_o_min_ord8_rk00005,8,0.423037503253172,2.5,6,Air Pollution
Pooled,o_min,xgb_tree_d3,m059515_o_min_ord15_rk00001,15,0.42298389220352317,2.872905595320056,8,Temperature
Pooled,o_min,xgb_tree_d3,m047530_o_min_ord3_rk00016,3,0.4229227201170761,0.9182958340544896,2,Democracy
Pooled,o_min,xgb_tree_d3,m060520_o_min_ord16_rk00006,16,0.42274679901055956,2.8584585933443494,8,Temperature
Pooled,o_min,xgb_tree_d3,m059526_o_min_ord15_rk00012,15,0.4227123379661336,2.4729055953200563,6,Temperature
Pooled,o_min,xgb_tree_d3,m048516_o_min_ord4_rk00002,4,0.4222705811178269,1.5,3,Air Pollution
Pooled,o_min,xgb_tree_d3,m050527_o_min_ord6_rk00013,6,0.4220102327064803,1.9182958340544893,4,Air Pollution
Pooled,o_min,xgb_tree_d3,m048517_o_min_ord4_rk00003,4,0.4218089689470431,1.5,3,Air Pollution
Pooled,o_min,xgb_tree_d3,m048528_o_min_ord4_rk00014,4,0.42176894643908824,1.5,3,Air Pollution
Pooled,o_min,xgb_tree_d3,m048529_o_min_ord4_rk00015,4,0.4215353709385584,1.5,3,Air Pollution
Pooled,o_min,xgb_tree_d3,m051525_o_min_ord7_rk00011,7,0.4214814311678272,1.950212064914747,4,Air Pollution
Pooled,o_min,xgb_tree_d3,m047533_o_min_ord3_rk00019,3,0.420808074658533,0.9182958340544896,2,Socioeconomic
Pooled,o_min,xgb_tree_d3,m055527_o_min_ord11_rk00013,11,0.4206478680804058,2.1180782093497093,5,Temperature
Pooled,o_min,xgb_tree_d3,m049521_o_min_ord5_rk00007,5,0.4198142003788099,1.9219280948873623,4,Air Pollution
Pooled,o_min,xgb_tree_d3,m049519_o_min_ord5_rk00005,5,0.419798744726686,1.5219280948873621,3,Air Pollution
Pooled,o_min,xgb_tree_d3,m048521_o_min_ord4_rk00007,4,0.419650314029102,1.5,3,Air Pollution
Pooled,o_min,xgb_tree_d3,m049532_o_min_ord5_rk00018,5,0.41964561656746924,1.5219280948873621,3,Air Pollution
Pooled,o_min,xgb_tree_d3,m054523_o_min_ord10_rk00009,10,0.4194788460714569,2.4464393446710155,6,Temperature
Pooled,o_min,xgb_tree_d3,m050528_o_min_ord6_rk00014,6,0.4191593173311894,1.4591479170272448,3,Socioeconomic
Pooled,o_min,xgb_tree_d3,m051528_o_min_ord7_rk00014,7,0.41883107896647753,1.8423709931771088,4,Air Pollution
Pooled,o_min,xgb_tree_d3,m049517_o_min_ord5_rk00003,5,0.4179020581331385,1.9219280948873623,4,Air Pollution
Pooled,o_min,xgb_tree_d3,m048523_o_min_ord4_rk00009,4,0.41786379000513807,1.5,3,Air Pollution
Pooled,o_min,xgb_tree_d3,m050532_o_min_ord6_rk00018,6,0.4176609739325309,1.7924812503605778,4,Air Pollution
Pooled,o_min,xgb_tree_d3,m059534_o_min_ord15_rk00020,15,0.41720273090568527,2.689246428509158,7,Air Pollution
Pooled,o_min,xgb_tree_d3,m052530_o_min_ord8_rk00016,8,0.41705734281331086,2.1556390622295662,5,Air Pollution
Pooled,o_min,xgb_tree_d3,m051520_o_min_ord7_rk00006,7,0.4168208071062153,2.1280852788913944,5,Air Pollution
Pooled,o_min,xgb_tree_d3,m050518_o_min_ord6_rk00004,6,0.41651170097122814,1.9182958340544896,4,Air Pollution
Pooled,o_min,xgb_tree_d3,m049527_o_min_ord5_rk00013,5,0.4163489574053256,1.9219280948873623,4,Air Pollution
Pooled,o_min,xgb_tree_d3,m049524_o_min_ord5_rk00010,5,0.4156734745899521,1.9219280948873623,4,Air Pollution
Pooled,o_min,xgb_tree_d3,m047532_o_min_ord3_rk00018,3,0.4143245799171824,1.584962500721156,3,Air Pollution
Pooled,o_min,xgb_tree_d3,m054520_o_min_ord10_rk00006,10,0.41418996058322877,2.4464393446710155,6,Temperature
Pooled,o_min,xgb_tree_d3,m054521_o_min_ord10_rk00007,10,0.41411378825593637,2.4464393446710155,6,Temperature
Pooled,o_min,xgb_tree_d3,m050530_o_min_ord6_rk00016,6,0.41402213962115486,1.9182958340544896,4,Air Pollution
Pooled,o_min,xgb_tree_d3,m052531_o_min_ord8_rk00017,8,0.41401438464716045,2.1556390622295662,5,Air Pollution
Pooled,o_min,xgb_tree_d3,m052529_o_min_ord8_rk00015,8,0.4137276074188002,2.1556390622295662,5,Air Pollution
Pooled,o_min,xgb_tree_d3,m049533_o_min_ord5_rk00019,5,0.41212818103021187,1.5219280948873621,3,Air Pollution
Pooled,o_min,xgb_tree_d3,m049525_o_min_ord5_rk00011,5,0.41188779201167636,1.5219280948873621,3,Air Pollution
Pooled,o_min,xgb_tree_d3,m060528_o_min_ord16_rk00014,16,0.41132051156621696,2.8584585933443494,8,Temperature
Pooled,o_min,xgb_tree_d3,m050517_o_min_ord6_rk00003,6,0.4112462714411458,1.7924812503605778,4,Air Pollution
Pooled,o_min,xgb_tree_d3,m049526_o_min_ord5_rk00012,5,0.41045808280132845,1.5219280948873621,3,Air Pollution
Pooled,o_min,xgb_tree_d3,m049529_o_min_ord5_rk00015,5,0.40980016571159417,1.3709505944546687,3,Air Pollution
Pooled,o_min,xgb_tree_d3,m049522_o_min_ord5_rk00008,5,0.40954485607164837,1.5219280948873621,3,Air Pollution
Pooled,o_min,xgb_tree_d3,m057529_o_min_ord13_rk00015,13,0.4094141355954275,2.6031579868726,7,Temperature
Pooled,o_min,xgb_tree_d3,m047520_o_min_ord3_rk00006,3,0.4071445423534187,-0.0,1,Air Pollution
Pooled,o_min,xgb_tree_d3,m047523_o_min_ord3_rk00009,3,0.40712870213437435,1.584962500721156,3,Air Pollution
Pooled,o_min,xgb_tree_d3,m047519_o_min_ord3_rk00005,3,0.40667048809204376,0.9182958340544896,2,Air Pollution
Pooled,o_min,xgb_tree_d3,m047528_o_min_ord3_rk00014,3,0.4062253603050292,0.9182958340544896,2,Air Pollution
Pooled,o_min,xgb_tree_d3,m049518_o_min_ord5_rk00004,5,0.405831588648796,1.5219280948873621,3,Air Pollution
Pooled,o_min,xgb_tree_d3,m048520_o_min_ord4_rk00006,4,0.40560188999838775,1.5,3,Air Pollution
Pooled,o_min,xgb_tree_d3,m048515_o_min_ord4_rk00001,4,0.4047065444664306,1.0,2,Air Pollution
Pooled,o_min,xgb_tree_d3,m049516_o_min_ord5_rk00002,5,0.40453013515220404,1.5219280948873621,3,Air Pollution
Pooled,o_min,xgb_tree_d3,m048525_o_min_ord4_rk00011,4,0.39781006232727856,1.5,3,Air Pollution
Pooled,o_min,xgb_tree_d3,m047526_o_min_ord3_rk00012,3,0.3927534250705884,0.9182958340544896,2,Air Pollution
Pooled,o_min,xgb_tree_d3,m047529_o_min_ord3_rk00015,3,0.39190904342211463,1.584962500721156,3,Air Pollution
Pooled,o_min,xgb_tree_d3,m047515_o_min_ord3_rk00001,3,0.374690776265992,0.9182958340544896,2,Air Pollution
Pooled,o_min,xgb_tree_d3,m047531_o_min_ord3_rk00017,3,0.36304013556293313,0.9182958340544896,2,Air Pollution
Pooled,o_max,xgb_tree_d3,m023016_o_max_ord26_rk00017,26,0.46835437280591896,0.969918434275037,4,Democracy
Pooled,o_max,xgb_tree_d3,m023011_o_max_ord26_rk00012,26,0.465622613461008,0.969918434275037,4,Democracy
Pooled,o_max,xgb_tree_d3,m024011_o_max_ord27_rk00012,27,0.46319929872946575,0.824980257347893,3,Democracy
Pooled,o_max,xgb_tree_d3,m003016_o_max_ord6_rk00017,6,0.46298852444653327,-0.0,1,Democracy
Pooled,o_max,xgb_tree_d3,m024017_o_max_ord27_rk00018,27,0.46190738442924717,1.042344321483692,4,Democracy
Pooled,o_max,xgb_tree_d3,m003009_o_max_ord6_rk00010,6,0.4605807529391929,-0.0,1,Democracy
Pooled,o_max,xgb_tree_d3,m003013_o_max_ord6_rk00014,6,0.46056029859704384,-0.0,1,Democracy
Pooled,o_max,xgb_tree_d3,m004014_o_max_ord7_rk00015,7,0.4600010660233138,-0.0,1,Democracy
Pooled,o_max,xgb_tree_d3,m022015_o_max_ord25_rk00016,25,0.45934137061822766,0.996118213778296,4,Democracy
Pooled,o_max,xgb_tree_d3,m002011_o_max_ord5_rk00012,5,0.45855821097279303,-0.0,1,Democracy
Pooled,o_max,xgb_tree_d3,m003018_o_max_ord6_rk00019,6,0.45854830584348616,-0.0,1,Democracy
Pooled,o_max,xgb_tree_d3,m002000_o_max_ord5_rk00001,5,0.45827034747003315,-0.0,1,Democracy
Pooled,o_max,xgb_tree_d3,m003011_o_max_ord6_rk00012,6,0.45824140963153703,-0.0,1,Democracy
Pooled,o_max,xgb_tree_d3,m002001_o_max_ord5_rk00002,5,0.4581174671192708,-0.0,1,Democracy
Pooled,o_max,xgb_tree_d3,m027000_o_max_ord30_rk00001,30,0.45802411510018926,1.2486092328524885,4,Democracy
Pooled,o_max,xgb_tree_d3,m000008_o_max_ord3_rk00009,3,0.4578654937783011,-0.0,1,Democracy
Pooled,o_max,xgb_tree_d3,m002013_o_max_ord5_rk00014,5,0.45768562381649636,-0.0,1,Democracy
Pooled,o_max,xgb_tree_d3,m002005_o_max_ord5_rk00006,5,0.45707588072923366,-0.0,1,Democracy
Pooled,o_max,xgb_tree_d3,m002002_o_max_ord5_rk00003,5,0.45669508218617616,-0.0,1,Democracy
Pooled,o_max,xgb_tree_d3,m003001_o_max_ord6_rk00002,6,0.4566786516416549,-0.0,1,Democracy
Pooled,o_max,xgb_tree_d3,m017013_o_max_ord20_rk00014,20,0.4566458416091126,0.2863969571159562,2,Democracy
Pooled,o_max,xgb_tree_d3,m022011_o_max_ord25_rk00012,25,0.4563348946272251,0.7641140545540274,3,Democracy
Pooled,o_max,xgb_tree_d3,m005004_o_max_ord8_rk00005,8,0.4562422619962967,-0.0,1,Democracy
Pooled,o_max,xgb_tree_d3,m022006_o_max_ord25_rk00007,25,0.45616502309923956,0.8663137138648347,3,Democracy
Pooled,o_max,xgb_tree_d3,m022018_o_max_ord25_rk00019,25,0.45610266250790465,0.6395563653739031,3,Democracy
Pooled,o_max,xgb_tree_d3,m000019_o_max_ord3_rk00020,3,0.45585223680209286,-0.0,1,Democracy
Pooled,o_max,xgb_tree_d3,m000013_o_max_ord3_rk00014,3,0.4550232681528672,-0.0,1,Democracy
Pooled,o_max,xgb_tree_d3,m002016_o_max_ord5_rk00017,5,0.4548307408415193,-0.0,1,Democracy
Pooled,o_max,xgb_tree_d3,m026013_o_max_ord29_rk00014,29,0.4544947862237755,1.1991018361613466,5,Democracy
Pooled,o_max,xgb_tree_d3,m023004_o_max_ord26_rk00005,26,0.4544433510357011,0.969918434275037,4,Democracy
Pooled,o_max,xgb_tree_d3,m001006_o_max_ord4_rk00007,4,0.4543866243813308,-0.0,1,Democracy
Pooled,o_max,xgb_tree_d3,m023017_o_max_ord26_rk00018,26,0.45436479117467543,0.7441942138263227,3,Democracy
Pooled,o_max,xgb_tree_d3,m024010_o_max_ord27_rk00011,27,0.45424671780554293,0.9451696091196164,4,Democracy
Pooled,o_max,xgb_tree_d3,m025004_o_max_ord28_rk00005,28,0.4536078567051193,1.2274025692592483,5,Democracy
Pooled,o_max,xgb_tree_d3,m003000_o_max_ord6_rk00001,6,0.45356487610863394,-0.0,1,Democracy
Pooled,o_max,xgb_tree_d3,m000003_o_max_ord3_rk00004,3,0.45351522167535807,-0.0,1,Democracy
Pooled,o_max,xgb_tree_d3,m000009_o_max_ord3_rk00010,3,0.4534455172951418,-0.0,1,Democracy
Pooled,o_max,xgb_tree_d3,m027015_o_max_ord30_rk00016,30,0.4534328070767395,1.1721597626314755,5,Democracy
Pooled,o_max,xgb_tree_d3,m004009_o_max_ord7_rk00010,7,0.4534126951405374,-0.0,1,Democracy
Pooled,o_max,xgb_tree_d3,m004008_o_max_ord7_rk00009,7,0.45277995249265945,-0.0,1,Democracy
Pooled,o_max,xgb_tree_d3,m000015_o_max_ord3_rk00016,3,0.45276054685049183,-0.0,1,Democracy
Pooled,o_max,xgb_tree_d3,m003010_o_max_ord6_rk00011,6,0.45265791975677927,-0.0,1,Democracy
Pooled,o_max,xgb_tree_d3,m001002_o_max_ord4_rk00003,4,0.4526243891201931,-0.0,1,Democracy
Pooled,o_max,xgb_tree_d3,m024018_o_max_ord27_rk00019,27,0.45243572012530664,1.257162987432089,5,Democracy
Pooled,o_max,xgb_tree_d3,m006016_o_max_ord9_rk00017,9,0.45241747996773074,-0.0,1,Democracy
Pooled,o_max,xgb_tree_d3,m000007_o_max_ord3_rk00008,3,0.4523761004658726,-0.0,1,Democracy
Pooled,o_max,xgb_tree_d3,m002008_o_max_ord5_rk00009,5,0.4523127739852868,-0.0,1,Democracy
Pooled,o_max,xgb_tree_d3,m002003_o_max_ord5_rk00004,5,0.45225582602202397,-0.0,1,Democracy
Pooled,o_max,xgb_tree_d3,m003012_o_max_ord6_rk00013,6,0.4521531078110185,-0.0,1,Democracy
Pooled,o_max,xgb_tree_d3,m001004_o_max_ord4_rk00005,4,0.4521379851921399,-0.0,1,Democracy
Pooled,o_max,xgb_tree_d3,m001016_o_max_ord4_rk00017,4,0.45209743888603005,-0.0,1,Democracy
Pooled,o_max,xgb_tree_d3,m000011_o_max_ord3_rk00012,3,0.4517979098159567,-0.0,1,Democracy
Pooled,o_max,xgb_tree_d3,m001014_o_max_ord4_rk00015,4,0.45137961297926854,-0.0,1,Democracy
Pooled,o_max,xgb_tree_d3,m004000_o_max_ord7_rk00001,7,0.45131795031908284,-0.0,1,Democracy
Pooled,o_max,xgb_tree_d3,m004006_o_max_ord7_rk00007,7,0.451305099718723,-0.0,1,Democracy
Pooled,o_max,xgb_tree_d3,m024019_o_max_ord27_rk00020,27,0.451200598136415,0.908653933541588,3,Democracy
Pooled,o_max,xgb_tree_d3,m026015_o_max_ord29_rk00016,29,0.45111197762044675,1.2770049139968558,5,Democracy
Pooled,o_max,xgb_tree_d3,m001010_o_max_ord4_rk00011,4,0.45084122926939596,-0.0,1,Democracy
Pooled,o_max,xgb_tree_d3,m000014_o_max_ord3_rk00015,3,0.4507163492294388,-0.0,1,Democracy
Pooled,o_max,xgb_tree_d3,m002004_o_max_ord5_rk00005,5,0.45071321662351105,-0.0,1,Democracy
Pooled,o_max,xgb_tree_d3,m002014_o_max_ord5_rk00015,5,0.4506543344489137,-0.0,1,Democracy
Pooled,o_max,xgb_tree_d3,m005016_o_max_ord8_rk00017,8,0.4505285881153075,-0.0,1,Democracy
Pooled,o_max,xgb_tree_d3,m003002_o_max_ord6_rk00003,6,0.4504937082698275,-0.0,1,Democracy
Pooled,o_max,xgb_tree_d3,m021018_o_max_ord24_rk00019,24,0.45048856116065983,1.0238995733215066,4,Democracy
Pooled,o_max,xgb_tree_d3,m026008_o_max_ord29_rk00009,29,0.4501701344428859,1.1991018361613466,5,Democracy
Pooled,o_max,xgb_tree_d3,m005011_o_max_ord8_rk00012,8,0.45011857818332524,-0.0,1,Democracy
Pooled,o_max,xgb_tree_d3,m026017_o_max_ord29_rk00018,29,0.4493666111787672,1.1425175164144374,4,Democracy
Pooled,o_max,xgb_tree_d3,m004002_o_max_ord7_rk00003,7,0.44936356354641216,-0.0,1,Democracy
Pooled,o_max,xgb_tree_d3,m024014_o_max_ord27_rk00015,27,0.44913702262502087,1.257162987432089,5,Democracy
Pooled,o_max,xgb_tree_d3,m003003_o_max_ord6_rk00004,6,0.44909607517083183,-0.0,1,Democracy
Pooled,o_max,xgb_tree_d3,m001001_o_max_ord4_rk00002,4,0.4490633478728726,-0.0,1,Democracy
Pooled,o_max,xgb_tree_d3,m006005_o_max_ord9_rk00006,9,0.4490184192186415,-0.0,1,Democracy
Pooled,o_max,xgb_tree_d3,m005012_o_max_ord8_rk00013,8,0.4489870441347942,-0.0,1,Democracy
Pooled,o_max,xgb_tree_d3,m000002_o_max_ord3_rk00003,3,0.4489653873971998,-0.0,1,Democracy
Pooled,o_max,xgb_tree_d3,m004005_o_max_ord7_rk00006,7,0.4486055250242982,-0.0,1,Democracy
Pooled,o_max,xgb_tree_d3,m004012_o_max_ord7_rk00013,7,0.4485828199350934,-0.0,1,Democracy
Pooled,o_max,xgb_tree_d3,m003006_o_max_ord6_rk00007,6,0.44847486102426437,-0.0,1,Democracy
Pooled,o_max,xgb_tree_d3,m021006_o_max_ord24_rk00007,24,0.4483672632174479,0.8886865525783176,3,Democracy
Pooled,o_max,xgb_tree_d3,m004017_o_max_ord7_rk00018,7,0.4483625676450891,-0.0,1,Democracy
Pooled,o_max,xgb_tree_d3,m000004_o_max_ord3_rk00005,3,0.44836087215883513,-0.0,1,Democracy
Pooled,o_max,xgb_tree_d3,m005003_o_max_ord8_rk00004,8,0.4483528577301349,-0.0,1,Democracy
Pooled,o_max,xgb_tree_d3,m007012_o_max_ord10_rk00013,10,0.44822474281268576,-0.0,1,Democracy
Pooled,o_max,xgb_tree_d3,m005001_o_max_ord8_rk00002,8,0.4481595966666555,-0.0,1,Democracy
Pooled,o_max,xgb_tree_d3,m027013_o_max_ord30_rk00014,30,0.44802142207271034,1.3699740752745007,6,Democracy
Pooled,o_max,xgb_tree_d3,m000010_o_max_ord3_rk00011,3,0.4478925212036491,-0.0,1,Democracy
Pooled,o_max,xgb_tree_d3,m006012_o_max_ord9_rk00013,9,0.4476590502921174,-0.0,1,Democracy
Pooled,o_max,xgb_tree_d3,m000017_o_max_ord3_rk00018,3,0.4471448157575101,-0.0,1,Democracy
Pooled,o_max,xgb_tree_d3,m002007_o_max_ord5_rk00008,5,0.4470623777794205,-0.0,1,Democracy
Pooled,o_max,xgb_tree_d3,m005017_o_max_ord8_rk00018,8,0.44687828539984764,-0.0,1,Democracy
Pooled,o_max,xgb_tree_d3,m005014_o_max_ord8_rk00015,8,0.44669220568033485,-0.0,1,Democracy
Pooled,o_max,xgb_tree_d3,m002017_o_max_ord5_rk00018,5,0.44645015124938203,-0.0,1,Democracy
Pooled,o_max,xgb_tree_d3,m024008_o_max_ord27_rk00009,27,0.44576595311037825,1.042344321483692,4,Democracy
Pooled,o_max,xgb_tree_d3,m000006_o_max_ord3_rk00007,3,0.4457399735802172,-0.0,1,Democracy
Pooled,o_max,xgb_tree_d3,m000000_o_max_ord3_rk00001,3,0.4457255839995865,-0.0,1,Democracy
Pooled,o_max,xgb_tree_d3,m024003_o_max_ord27_rk00004,27,0.44557863243205587,1.257162987432089,5,Democracy
Pooled,o_max,xgb_tree_d3,m021019_o_max_ord24_rk00020,24,0.445554493186465,1.2720552088742005,4,Democracy
Pooled,o_max,xgb_tree_d3,m002015_o_max_ord5_rk00016,5,0.44530832466085357,-0.0,1,Democracy
Pooled,o_max,xgb_tree_d3,m004018_o_max_ord7_rk00019,7,0.44529299564697655,-0.0,1,Democracy
Pooled,o_max,xgb_tree_d3,m001000_o_max_ord4_rk00001,4,0.44527111097903893,-0.0,1,Democracy
Pooled,o_max,xgb_tree_d3,m002018_o_max_ord5_rk00019,5,0.4452548951697888,-0.0,1,Democracy
Pooled,o_max,xgb_tree_d3,m001003_o_max_ord4_rk00004,4,0.4451973399372017,-0.0,1,Democracy
Pooled,o_max,xgb_tree_d3,m001008_o_max_ord4_rk00009,4,0.4450647103397445,-0.0,1,Democracy
Pooled,o_max,xgb_tree_d3,m026019_o_max_ord29_rk00020,29,0.444989947359703,1.3110022671212271,6,Democracy
Pooled,o_max,xgb_tree_d3,m002006_o_max_ord5_rk00007,5,0.44495202852209237,-0.0,1,Democracy
Pooled,o_max,xgb_tree_d3,m024009_o_max_ord27_rk00010,27,0.4447869402771093,1.042344321483692,4,Democracy
Pooled,o_max,xgb_tree_d3,m006009_o_max_ord9_rk00010,9,0.4447372994380352,-0.0,1,Democracy
Pooled,o_max,xgb_tree_d3,m006011_o_max_ord9_rk00012,9,0.44455685893382346,-0.0,1,Democracy
Pooled,o_max,xgb_tree_d3,m007019_o_max_ord10_rk00020,10,0.44452244671300434,-0.0,1,Democracy
Pooled,o_max,xgb_tree_d3,m025003_o_max_ord28_rk00004,28,0.4445156233762694,1.2274025692592483,5,Democracy
Pooled,o_max,xgb_tree_d3,m000018_o_max_ord3_rk00019,3,0.44449465282499045,-0.0,1,Democracy
Pooled,o_max,xgb_tree_d3,m004010_o_max_ord7_rk00011,7,0.44448047462717444,-0.0,1,Democracy
Pooled,o_max,xgb_tree_d3,m026001_o_max_ord29_rk00002,29,0.4442558627744281,1.1425175164144374,4,Democracy
Pooled,o_max,xgb_tree_d3,m006008_o_max_ord9_rk00009,9,0.44422942860828396,-0.0,1,Democracy
Pooled,o_max,xgb_tree_d3,m021016_o_max_ord24_rk00017,24,0.44422470123398194,0.6583514224564075,3,Democracy
Pooled,o_max,xgb_tree_d3,m027003_o_max_ord30_rk00004,30,0.444177079714303,1.1721597626314755,5,Democracy
Pooled,o_max,xgb_tree_d3,m009015_o_max_ord12_rk00016,12,0.44396964446840015,-0.0,1,Democracy
Pooled,o_max,xgb_tree_d3,m005000_o_max_ord8_rk00001,8,0.4434914479101377,-0.0,1,Democracy
Pooled,o_max,xgb_tree_d3,m027018_o_max_ord30_rk00019,30,0.44342413228278343,1.5656017329967198,7,Democracy
Pooled,o_max,xgb_tree_d3,m003014_o_max_ord6_rk00015,6,0.44311106941757217,-0.0,1,Democracy
Pooled,o_max,xgb_tree_d3,m007018_o_max_ord10_rk00019,10,0.44292761702671013,-0.0,1,Democracy
Pooled,o_max,xgb_tree_d3,m021011_o_max_ord24_rk00012,24,0.44279639323101183,0.7416847557897409,4,Democracy
Pooled,o_max,xgb_tree_d3,m021013_o_max_ord24_rk00014,24,0.4427058200961902,0.785235442391543,3,Democracy
Pooled,o_max,xgb_tree_d3,m020014_o_max_ord23_rk00015,23,0.44253259515237886,0.8076702057269436,3,Democracy
Pooled,o_max,xgb_tree_d3,m003005_o_max_ord6_rk00006,6,0.442441178073939,-0.0,1,Democracy
Pooled,o_max,xgb_tree_d3,m001012_o_max_ord4_rk00013,4,0.44234181590837296,-0.0,1,Democracy
Pooled,o_max,xgb_tree_d3,m027004_o_max_ord30_rk00005,30,0.4419073463197002,1.1721597626314755,5,Democracy
Pooled,o_max,xgb_tree_d3,m015016_o_max_ord18_rk00017,18,0.44174806341882045,0.3095434291503252,2,Democracy
Pooled,o_max,xgb_tree_d3,m006010_o_max_ord9_rk00011,9,0.44173444436458,-0.0,1,Democracy
Pooled,o_max,xgb_tree_d3,m001009_o_max_ord4_rk00010,4,0.4416041543160665,-0.0,1,Democracy
Pooled,o_max,xgb_tree_d3,m020018_o_max_ord23_rk00019,23,0.44141544393898646,0.8076702057269436,3,Democracy
Pooled,o_max,xgb_tree_d3,m003008_o_max_ord6_rk00009,6,0.4413106581687465,-0.0,1,Democracy
Pooled,o_max,xgb_tree_d3,m004001_o_max_ord7_rk00002,7,0.44120817474225094,-0.0,1,Democracy
Pooled,o_max,xgb_tree_d3,m005015_o_max_ord8_rk00016,8,0.44112639101150475,-0.0,1,Democracy
Pooled,o_max,xgb_tree_d3,m019004_o_max_ord22_rk00005,22,0.4410385733895651,1.090652803252992,3,Democracy
Pooled,o_max,xgb_tree_d3,m019001_o_max_ord22_rk00002,22,0.44094380151681123,1.090652803252992,3,Democracy
Pooled,o_max,xgb_tree_d3,m003015_o_max_ord6_rk00016,6,0.44077772332173426,-0.0,1,Democracy
Pooled,o_max,xgb_tree_d3,m006007_o_max_ord9_rk00008,9,0.44035467541712126,-0.0,1,Democracy
Pooled,o_max,xgb_tree_d3,m026002_o_max_ord29_rk00003,29,0.4400321775253355,1.1991018361613466,5,Democracy
Pooled,o_max,xgb_tree_d3,m009007_o_max_ord12_rk00008,12,0.4398184814861139,-0.0,1,Democracy
Pooled,o_max,xgb_tree_d3,m025009_o_max_ord28_rk00010,28,0.43972800971575554,1.0178015074140134,4,Democracy
Pooled,o_max,xgb_tree_d3,m009008_o_max_ord12_rk00009,12,0.4396397798820927,-0.0,1,Democracy
Pooled,o_max,xgb_tree_d3,m006002_o_max_ord9_rk00003,9,0.43962376910954304,-0.0,1,Democracy
Pooled,o_max,xgb_tree_d3,m023006_o_max_ord26_rk00007,26,0.4396018707475885,1.1929993566060646,5,Democracy
Pooled,o_max,xgb_tree_d3,m023007_o_max_ord26_rk00008,26,0.4395801198113083,0.969918434275037,4,Democracy
Pooled,o_max,xgb_tree_d3,m019014_o_max_ord22_rk00015,22,0.4395781046243341,1.3315796225857794,4,Democracy
Pooled,o_max,xgb_tree_d3,m009011_o_max_ord12_rk00012,12,0.4394420967759961,-0.0,1,Democracy
Pooled,o_max,xgb_tree_d3,m019000_o_max_ord22_rk00001,22,0.43940233391052486,0.8453509366224364,2,Democracy
Pooled,o_max,xgb_tree_d3,m021002_o_max_ord24_rk00003,24,0.439358738729523,1.1241854163060885,4,Democracy
Pooled,o_max,xgb_tree_d3,m007009_o_max_ord10_rk00010,10,0.4392515177338492,-0.0,1,Democracy
Pooled,o_max,xgb_tree_d3,m022017_o_max_ord25_rk00018,25,0.4392496135397016,0.996118213778296,4,Democracy
Pooled,o_max,xgb_tree_d3,m020000_o_max_ord23_rk00001,23,0.4392416818223004,0.828055725379504,2,Democracy
Pooled,o_max,xgb_tree_d3,m023001_o_max_ord26_rk00002,26,0.4391683715390412,0.969918434275037,4,Democracy
Pooled,o_max,xgb_tree_d3,m024012_o_max_ord27_rk00013,27,0.4389041366903781,1.1625336732554155,5,Democracy
Pooled,o_max,xgb_tree_d3,m022001_o_max_ord25_rk00002,25,0.43870664600669795,0.996118213778296,4,Democracy
Pooled,o_max,xgb_tree_d3,m017010_o_max_ord20_rk00011,20,0.43853364226091807,-0.0,1,Democracy
Pooled,o_max,xgb_tree_d3,m000016_o_max_ord3_rk00017,3,0.4383508090735986,-0.0,1,Democracy
Pooled,o_max,xgb_tree_d3,m023002_o_max_ord26_rk00003,26,0.4383158647510559,1.0681873374585056,4,Democracy
Pooled,o_max,xgb_tree_d3,m014010_o_max_ord17_rk00011,17,0.4380644616737873,-0.0,1,Democracy
Pooled,o_max,xgb_tree_d3,m021005_o_max_ord24_rk00006,24,0.437987960546527,0.6583514224564075,3,Democracy
Pooled,o_max,xgb_tree_d3,m018008_o_max_ord21_rk00009,21,0.43797728667318214,0.2761954276479391,2,Democracy
Pooled,o_max,xgb_tree_d3,m001018_o_max_ord4_rk00019,4,0.4378627804826949,-0.0,1,Democracy
Pooled,o_max,xgb_tree_d3,m009009_o_max_ord12_rk00010,12,0.43783841216580455,-0.0,1,Democracy
Pooled,o_max,xgb_tree_d3,m007016_o_max_ord10_rk00017,10,0.4378190672828105,-0.0,1,Democracy
Pooled,o_max,xgb_tree_d3,m001015_o_max_ord4_rk00016,4,0.43764415333548157,-0.0,1,Democracy
Pooled,o_max,xgb_tree_d3,m011005_o_max_ord14_rk00006,14,0.43757633087980874,-0.0,1,Democracy
Pooled,o_max,xgb_tree_d3,m019019_o_max_ord22_rk00020,22,0.4375721285510187,0.266764987803026,2,Democracy
Pooled,o_max,xgb_tree_d3,m002009_o_max_ord5_rk00010,5,0.43753836821425085,-0.0,1,Democracy
Pooled,o_max,xgb_tree_d3,m006004_o_max_ord9_rk00005,9,0.43748129916857537,-0.0,1,Democracy
Pooled,o_max,xgb_tree_d3,m005009_o_max_ord8_rk00010,8,0.4372935189461097,-0.0,1,Democracy
Pooled,o_max,xgb_tree_d3,m009012_o_max_ord12_rk00013,12,0.43723142116366,-0.0,1,Democracy
Pooled,o_max,xgb_tree_d3,m023008_o_max_ord26_rk00009,26,0.437038736639081,1.2884926890861643,5,Democracy
Pooled,o_max,xgb_tree_d3,m021001_o_max_ord24_rk00002,24,0.43702406865779264,0.8886865525783176,3,Democracy
Pooled,o_max,xgb_tree_d3,m010005_o_max_ord13_rk00006,13,0.43693010617332906,-0.0,1,Democracy
Pooled,o_max,xgb_tree_d3,m003004_o_max_ord6_rk00005,6,0.436857393066867,-0.0,1,Democracy
Pooled,o_max,xgb_tree_d3,m006013_o_max_ord9_rk00014,9,0.436736743408657,-0.0,1,Democracy
Pooled,o_max,xgb_tree_d3,m016017_o_max_ord19_rk00018,19,0.4363238521524372,0.2974722489192896,2,Democracy
Pooled,o_max,xgb_tree_d3,m013016_o_max_ord16_rk00017,16,0.43604906755902406,-0.0,1,Democracy
Pooled,o_max,xgb_tree_d3,m014019_o_max_ord17_rk00020,17,0.4360202877245505,0.3227569588973982,2,Democracy
Pooled,o_max,xgb_tree_d3,m005006_o_max_ord8_rk00007,8,0.43600858384816976,-0.0,1,Democracy
Pooled,o_max,xgb_tree_d3,m013014_o_max_ord16_rk00015,16,0.4359306946713286,0.3372900666170139,2,Democracy
Pooled,o_max,xgb_tree_d3,m009019_o_max_ord12_rk00020,12,0.4358999429831699,-0.0,1,Democracy
Pooled,o_max,xgb_tree_d3,m009013_o_max_ord12_rk00014,12,0.4358674689579426,-0.0,1,Democracy
Pooled,o_max,xgb_tree_d3,m027009_o_max_ord30_rk00010,30,0.4358148053465404,1.2496527261266068,5,Democracy
Pooled,o_max,xgb_tree_d3,m015007_o_max_ord18_rk00008,18,0.4357935438996271,-0.0,1,Democracy
Pooled,o_max,xgb_tree_d3,m004004_o_max_ord7_rk00005,7,0.4356804089362295,-0.0,1,Democracy
Pooled,o_max,xgb_tree_d3,m019003_o_max_ord22_rk00004,22,0.43555124266480305,0.266764987803026,2,Democracy
Pooled,o_max,xgb_tree_d3,m007008_o_max_ord10_rk00009,10,0.4354711036482777,-0.0,1,Democracy
Pooled,o_max,xgb_tree_d3,m004016_o_max_ord7_rk00017,7,0.43541638290935125,-0.0,1,Democracy
Pooled,o_max,xgb_tree_d3,m026004_o_max_ord29_rk00005,29,0.4353035733788767,1.2770049139968558,5,Democracy
Pooled,o_max,xgb_tree_d3,m009006_o_max_ord12_rk00007,12,0.43527861515797894,-0.0,1,Democracy
Pooled,o_max,xgb_tree_d3,m020011_o_max_ord23_rk00012,23,0.4352309843447636,0.6784070909375675,3,Democracy
Pooled,o_max,xgb_tree_d3,m017014_o_max_ord20_rk00015,20,0.4351446866440063,-0.0,1,Democracy
Pooled,o_max,xgb_tree_d3,m024007_o_max_ord27_rk00008,27,0.4350687354656404,1.257162987432089,5,Democracy
Pooled,o_max,xgb_tree_d3,m027019_o_max_ord30_rk00020,30,0.43506167407639473,1.080424344959478,5,Democracy
Pooled,o_max,xgb_tree_d3,m022007_o_max_ord25_rk00008,25,0.43506057639310025,0.8743095546405661,4,Democracy
Pooled,o_max,xgb_tree_d3,m019011_o_max_ord22_rk00012,22,0.435005347910031,0.266764987803026,2,Democracy
Pooled,o_max,xgb_tree_d3,m021000_o_max_ord24_rk00001,24,0.4349951604499811,0.8112781244591328,2,Democracy
Pooled,o_max,xgb_tree_d3,m005019_o_max_ord8_rk00020,8,0.4349233825046743,-0.0,1,Democracy
Pooled,o_max,xgb_tree_d3,m015001_o_max_ord18_rk00002,18,0.4348609646828634,-0.0,1,Democracy
Pooled,o_max,xgb_tree_d3,m004011_o_max_ord7_rk00012,7,0.43482434148060944,-0.0,1,Democracy
Pooled,o_max,xgb_tree_d3,m009010_o_max_ord12_rk00011,12,0.4347343842666801,-0.0,1,Democracy
Pooled,o_max,xgb_tree_d3,m026014_o_max_ord29_rk00015,29,0.434634642384222,0.9944663403237343,4,Democracy
Pooled,o_max,xgb_tree_d3,m026018_o_max_ord29_rk00019,29,0.4346095405501018,1.1425175164144374,4,Democracy
Pooled,o_max,xgb_tree_d3,m009003_o_max_ord12_rk00004,12,0.43457817532552456,-0.0,1,Democracy
Pooled,o_max,xgb_tree_d3,m020006_o_max_ord23_rk00007,23,0.43448688960054127,0.5131851787372753,3,Democracy
Pooled,o_max,xgb_tree_d3,m008018_o_max_ord11_rk00019,11,0.43430963555507207,-0.0,1,Democracy
Pooled,o_max,xgb_tree_d3,m006001_o_max_ord9_rk00002,9,0.4342015929206572,-0.0,1,Democracy
Pooled,o_max,xgb_tree_d3,m025000_o_max_ord28_rk00001,28,0.43406731354027495,0.9591963191047147,3,Democracy
Pooled,o_max,xgb_tree_d3,m023009_o_max_ord26_rk00010,26,0.4340445020903626,1.075875645896709,5,Democracy
Pooled,o_max,xgb_tree_d3,m024001_o_max_ord27_rk00002,27,0.4338564856350371,1.1625336732554155,5,Democracy
Pooled,o_max,xgb_tree_d3,m008017_o_max_ord11_rk00018,11,0.4338211823731213,0.4394969869215134,2,Democracy
Pooled,o_max,xgb_tree_d3,m020007_o_max_ord23_rk00008,23,0.43370697108606104,1.0666152167384504,3,Democracy
Pooled,o_max,xgb_tree_d3,m022000_o_max_ord25_rk00001,25,0.4336667615433315,1.0954312795575998,4,Democracy
Pooled,o_max,xgb_tree_d3,m013003_o_max_ord16_rk00004,16,0.43355383985716844,0.9544340029249649,2,Democracy
Pooled,o_max,xgb_tree_d3,m023015_o_max_ord26_rk00016,26,0.43346253031885984,0.8501514254479945,4,Democracy
Pooled,o_max,xgb_tree_d3,m025018_o_max_ord28_rk00019,28,0.4334386339140681,0.9591963191047147,3,Democracy
Pooled,o_max,xgb_tree_d3,m005010_o_max_ord8_rk00011,8,0.4333953480399799,-0.0,1,Democracy
Pooled,o_max,xgb_tree_d3,m020008_o_max_ord23_rk00009,23,0.4333444028683744,1.3012517848198515,4,Democracy
Pooled,o_max,xgb_tree_d3,m002019_o_max_ord5_rk00020,5,0.4330824933441617,-0.0,1,Democracy
Pooled,o_max,xgb_tree_d3,m007004_o_max_ord10_rk00005,10,0.43300151240363305,-0.0,1,Democracy
Pooled,o_max,xgb_tree_d3,m021010_o_max_ord24_rk00011,24,0.43295161013257477,1.0434356963218767,3,Democracy
Pooled,o_max,xgb_tree_d3,m020002_o_max_ord23_rk00003,23,0.432950575086701,1.0666152167384504,3,Democracy
Pooled,o_max,xgb_tree_d3,m007015_o_max_ord10_rk00016,10,0.43285921163719154,-0.0,1,Democracy
Pooled,o_max,xgb_tree_d3,m010014_o_max_ord13_rk00015,13,0.43262431152652014,-0.0,1,Democracy
Pooled,o_max,xgb_tree_d3,m026009_o_max_ord29_rk00010,29,0.43252881946830957,1.401475275184332,6,Democracy
Pooled,o_max,xgb_tree_d3,m023005_o_max_ord26_rk00006,26,0.43246137723604006,1.0681873374585056,4,Democracy
Pooled,o_max,xgb_tree_d3,m004003_o_max_ord7_rk00004,7,0.43239190969306374,-0.0,1,Democracy
Pooled,o_max,xgb_tree_d3,m008013_o_max_ord11_rk00014,11,0.4322703037546941,-0.0,1,Democracy
Pooled,o_max,xgb_tree_d3,m021004_o_max_ord24_rk00005,24,0.43225198580464774,0.8886865525783176,3,Democracy
Pooled,o_max,xgb_tree_d3,m024016_o_max_ord27_rk00017,27,0.4321946160606338,1.1625336732554155,5,Democracy
Pooled,o_max,xgb_tree_d3,m026012_o_max_ord29_rk00013,29,0.43211931274025983,1.1991018361613466,5,Democracy
Pooled,o_max,xgb_tree_d3,m025007_o_max_ord28_rk00008,28,0.43206368530308825,1.1336983823367468,5,Democracy
Pooled,o_max,xgb_tree_d3,m026016_o_max_ord29_rk00017,29,0.431868811319964,0.9944663403237343,4,Democracy
Pooled,o_max,xgb_tree_d3,m016011_o_max_ord19_rk00012,19,0.4317532633006166,0.2974722489192896,2,Democracy
Pooled,o_max,xgb_tree_d3,m017007_o_max_ord20_rk00008,20,0.4317254289640988,0.2863969571159562,2,Democracy
Pooled,o_max,xgb_tree_d3,m020004_o_max_ord23_rk00005,23,0.43172503650874017,1.0666152167384504,3,Democracy
Pooled,o_max,xgb_tree_d3,m007013_o_max_ord10_rk00014,10,0.43172009352746876,-0.0,1,Democracy
Pooled,o_max,xgb_tree_d3,m020010_o_max_ord23_rk00011,23,0.43167514336467117,0.5131851787372753,3,Democracy
Pooled,o_max,xgb_tree_d3,m025014_o_max_ord28_rk00015,28,0.43149019980534553,1.3056334087653163,5,Democracy
Pooled,o_max,xgb_tree_d3,m018012_o_max_ord21_rk00013,21,0.4314084231303277,1.115520093581932,3,Democracy
Pooled,o_max,xgb_tree_d3,m025016_o_max_ord28_rk00017,28,0.43138423340005017,0.9217544759335055,4,Democracy
Pooled,o_max,xgb_tree_d3,m001005_o_max_ord4_rk00006,4,0.43119201042282373,-0.0,1,Democracy
Pooled,o_max,xgb_tree_d3,m024006_o_max_ord27_rk00007,27,0.43117175103241956,0.9451696091196164,4,Democracy
Pooled,o_max,xgb_tree_d3,m025002_o_max_ord28_rk00003,28,0.4309056916819304,1.1336983823367468,5,Democracy
Pooled,o_max,xgb_tree_d3,m008001_o_max_ord11_rk00002,11,0.43085658472564226,-0.0,1,Democracy
Pooled,o_max,xgb_tree_d3,m014006_o_max_ord17_rk00007,17,0.43058862003882614,-0.0,1,Democracy
Pooled,o_max,xgb_tree_d3,m023000_o_max_ord26_rk00001,26,0.4303287192991735,0.7793498372920851,2,Democracy
Pooled,o_max,xgb_tree_d3,m022013_o_max_ord25_rk00014,25,0.4302954325521181,0.996118213778296,4,Democracy
Pooled,o_max,xgb_tree_d3,m007003_o_max_ord10_rk00004,10,0.4302900997872704,-0.0,1,Democracy
Pooled,o_max,xgb_tree_d3,m024000_o_max_ord27_rk00001,27,0.430044157534458,0.7642045065086203,2,Democracy
Pooled,o_max,xgb_tree_d3,m015005_o_max_ord18_rk00006,18,0.4297867113248509,-0.0,1,Democracy
Pooled,o_max,xgb_tree_d3,m014004_o_max_ord17_rk00005,17,0.42975386364771406,-0.0,1,Democracy
Pooled,o_max,xgb_tree_d3,m023018_o_max_ord26_rk00019,26,0.42972872373288384,0.7441942138263227,3,Democracy
Pooled,o_max,xgb_tree_d3,m022019_o_max_ord25_rk00020,25,0.4296617711901748,1.2252357794710609,5,Democracy
Pooled,o_max,xgb_tree_d3,m019016_o_max_ord22_rk00017,22,0.42966144406425966,0.266764987803026,2,Democracy
Pooled,o_max,xgb_tree_d3,m016018_o_max_ord19_rk00019,19,0.4296148754199486,0.2974722489192896,2,Democracy
Pooled,o_max,xgb_tree_d3,m018015_o_max_ord21_rk00016,21,0.4296082771825023,1.115520093581932,3,Democracy
Pooled,o_max,xgb_tree_d3,m025005_o_max_ord28_rk00006,28,0.4295622040128029,1.2274025692592483,5,Democracy
Pooled,o_max,xgb_tree_d3,m013013_o_max_ord16_rk00014,16,0.42945563759702154,-0.0,1,Democracy
Pooled,o_max,xgb_tree_d3,m013012_o_max_ord16_rk00013,16,0.4294400157994217,-0.0,1,Democracy
Pooled,o_max,xgb_tree_d3,m008019_o_max_ord11_rk00020,11,0.42940046568057766,-0.0,1,Democracy
Pooled,o_max,xgb_tree_d3,m020012_o_max_ord23_rk00013,23,0.4293051312774945,0.5131851787372753,3,Democracy
Pooled,o_max,xgb_tree_d3,m007010_o_max_ord10_rk00011,10,0.4292526275766515,-0.0,1,Democracy
Pooled,o_max,xgb_tree_d3,m005007_o_max_ord8_rk00008,8,0.4292418984894898,-0.0,1,Democracy
Pooled,o_max,xgb_tree_d3,m026006_o_max_ord29_rk00007,29,0.4292253253878935,1.3110022671212271,6,Democracy
Pooled,o_max,xgb_tree_d3,m001011_o_max_ord4_rk00012,4,0.42920650253309567,-0.0,1,Democracy
Pooled,o_max,xgb_tree_d3,m021009_o_max_ord24_rk00010,24,0.4290651248894569,1.0238995733215066,4,Democracy
Pooled,o_max,xgb_tree_d3,m016000_o_max_ord19_rk00001,19,0.4290439833409807,0.8997437586982626,2,Democracy
Pooled,o_max,xgb_tree_d3,m007006_o_max_ord10_rk00007,10,0.42901938763391834,-0.0,1,Democracy
Pooled,o_max,xgb_tree_d3,m007000_o_max_ord10_rk00001,10,0.42897644114037903,-0.0,1,Democracy
Pooled,o_max,xgb_tree_d3,m013017_o_max_ord16_rk00018,16,0.42863580576727744,0.3372900666170139,2,Democracy
Pooled,o_max,xgb_tree_d3,m007014_o_max_ord10_rk00015,10,0.4285658081786995,0.4689955935892812,2,Democracy
Pooled,o_max,xgb_tree_d3,m024004_o_max_ord27_rk00005,27,0.4284733676987489,1.042344321483692,4,Democracy
Pooled,o_max,xgb_tree_d3,m007005_o_max_ord10_rk00006,10,0.42841309933926686,-0.0,1,Democracy
Pooled,o_max,xgb_tree_d3,m010010_o_max_ord13_rk00011,13,0.4282407118340764,-0.0,1,Democracy
Pooled,o_max,xgb_tree_d3,m019013_o_max_ord22_rk00014,22,0.4282302574594332,-0.0,1,Democracy
Pooled,o_max,xgb_tree_d3,m008009_o_max_ord11_rk00010,11,0.4281066304815363,-0.0,1,Democracy
Pooled,o_max,xgb_tree_d3,m023012_o_max_ord26_rk00013,26,0.4280799024475904,1.1929993566060646,5,Democracy
Pooled,o_max,xgb_tree_d3,m018004_o_max_ord21_rk00005,21,0.4280399662066805,1.115520093581932,3,Democracy
Pooled,o_max,xgb_tree_d3,m014009_o_max_ord17_rk00010,17,0.42801589927309736,-0.0,1,Democracy
Pooled,o_max,xgb_tree_d3,m027017_o_max_ord30_rk00018,30,0.427862118517617,0.972253928364927,4,Democracy
Pooled,o_max,xgb_tree_d3,m017002_o_max_ord20_rk00003,20,0.427646060036426,-0.0,1,Democracy
Pooled,o_max,xgb_tree_d3,m007002_o_max_ord10_rk00003,10,0.42752512023085676,-0.0,1,Democracy
Pooled,o_max,xgb_tree_d3,m015004_o_max_ord18_rk00005,18,0.42747717627940107,0.3095434291503252,2,Democracy
Pooled,o_max,xgb_tree_d3,m015003_o_max_ord18_rk00004,18,0.4272324485328297,-0.0,1,Democracy
Pooled,o_max,xgb_tree_d3,m021008_o_max_ord24_rk00009,24,0.4271475169835227,0.6583514224564075,3,Democracy
Pooled,o_max,xgb_tree_d3,m023013_o_max_ord26_rk00014,26,0.42709258401741557,1.1929993566060646,5,Democracy
Pooled,o_max,xgb_tree_d3,m007011_o_max_ord10_rk00012,10,0.4270719848732286,0.4689955935892812,2,Democracy
Pooled,o_max,xgb_tree_d3,m016006_o_max_ord19_rk00007,19,0.42696779981228694,-0.0,1,Democracy
Pooled,o_max,xgb_tree_d3,m016012_o_max_ord19_rk00013,19,0.4268505873300288,0.2974722489192896,2,Democracy
Pooled,o_max,xgb_tree_d3,m016002_o_max_ord19_rk00003,19,0.4267909340368038,-0.0,1,Democracy
Pooled,o_max,xgb_tree_d3,m020001_o_max_ord23_rk00002,23,0.42664706602254454,0.9123163027543336,3,Democracy
Pooled,o_max,xgb_tree_d3,m013018_o_max_ord16_rk00019,16,0.42656207041901983,-0.0,1,Democracy
Pooled,o_max,xgb_tree_d3,m023010_o_max_ord26_rk00011,26,0.4265476240951015,0.8451064151274781,3,Democracy
Pooled,o_max,xgb_tree_d3,m021007_o_max_ord24_rk00008,24,0.4265153823384794,0.6583514224564075,3,Democracy
Pooled,o_max,xgb_tree_d3,m017000_o_max_ord20_rk00001,20,0.42635598367606764,0.8812908992306927,2,Democracy
Pooled,o_max,xgb_tree_d3,m024015_o_max_ord27_rk00016,27,0.4262049060375068,0.824980257347893,3,Democracy
Pooled,o_max,xgb_tree_d3,m020019_o_max_ord23_rk00020,23,0.42616725653044873,0.4262286569981449,2,Democracy
Pooled,o_max,xgb_tree_d3,m010016_o_max_ord13_rk00017,13,0.42616026268898377,-0.0,1,Democracy
Pooled,o_max,xgb_tree_d3,m013006_o_max_ord16_rk00007,16,0.42605139350248533,-0.0,1,Democracy
Pooled,o_max,xgb_tree_d3,m011003_o_max_ord14_rk00004,14,0.4260324729357029,-0.0,1,Democracy
Pooled,o_max,xgb_tree_d3,m018000_o_max_ord21_rk00001,21,0.42596422079628526,0.863120568566631,2,Democracy
Pooled,o_max,xgb_tree_d3,m010009_o_max_ord13_rk00010,13,0.4259586221792431,-0.0,1,Democracy
Pooled,o_max,xgb_tree_d3,m025017_o_max_ord28_rk00018,28,0.4258992103125496,1.2274025692592483,5,Democracy
Pooled,o_max,xgb_tree_d3,m008012_o_max_ord11_rk00013,11,0.4258190109853801,-0.0,1,Democracy
Pooled,o_max,xgb_tree_d3,m019002_o_max_ord22_rk00003,22,0.42573935072791247,0.266764987803026,2,Democracy
Pooled,o_max,xgb_tree_d3,m010015_o_max_ord13_rk00016,13,0.42572734797411893,-0.0,1,Democracy
Pooled,o_max,xgb_tree_d3,m024013_o_max_ord27_rk00014,27,0.42559451478528865,1.1625336732554155,5,Democracy
Pooled,o_max,xgb_tree_d3,m006000_o_max_ord9_rk00001,9,0.425509977550518,-0.0,1,Democracy
Pooled,o_max,xgb_tree_d3,m003019_o_max_ord6_rk00020,6,0.42540142759218325,-0.0,1,Democracy
Pooled,o_max,xgb_tree_d3,m027002_o_max_ord30_rk00003,30,0.42538547157457096,1.2496527261266068,5,Democracy
Pooled,o_max,xgb_tree_d3,m027006_o_max_ord30_rk00007,30,0.4253659464023801,1.3699740752745007,6,Democracy
Pooled,o_max,xgb_tree_d3,m022002_o_max_ord25_rk00003,25,0.42524046132138993,0.7950402793845223,2,Democracy
Pooled,o_max,xgb_tree_d3,m015011_o_max_ord18_rk00012,18,0.4251947124287665,0.3095434291503252,2,Democracy
Pooled,o_max,xgb_tree_d3,m016014_o_max_ord19_rk00015,19,0.4250812446529817,0.2974722489192896,2,Democracy
Pooled,o_max,xgb_tree_d3,m023019_o_max_ord26_rk00020,26,0.4249756840652037,1.2884926890861643,5,Democracy
Pooled,o_max,xgb_tree_d3,m011016_o_max_ord14_rk00017,14,0.42497538085521636,-0.0,1,Democracy
Pooled,o_max,xgb_tree_d3,m018006_o_max_ord21_rk00007,21,0.4249073263350909,1.115520093581932,3,Democracy
Pooled,o_max,xgb_tree_d3,m014005_o_max_ord17_rk00006,17,0.4247728614954225,0.3227569588973982,2,Democracy
Pooled,o_max,xgb_tree_d3,m002010_o_max_ord5_rk00011,5,0.4246280682980976,-0.0,1,Democracy
Pooled,o_max,xgb_tree_d3,m011007_o_max_ord14_rk00008,14,0.4246126317388297,-0.0,1,Democracy
Pooled,o_max,xgb_tree_d3,m000005_o_max_ord3_rk00006,3,0.4245926740846516,-0.0,1,Democracy
Pooled,o_max,xgb_tree_d3,m010017_o_max_ord13_rk00018,13,0.424582442858902,-0.0,1,Democracy
Pooled,o_max,xgb_tree_d3,m026003_o_max_ord29_rk00004,29,0.42457455127510835,1.1991018361613466,5,Democracy
Pooled,o_max,xgb_tree_d3,m009014_o_max_ord12_rk00015,12,0.4244988963809275,-0.0,1,Democracy
Pooled,o_max,xgb_tree_d3,m018011_o_max_ord21_rk00012,21,0.4244502890026616,0.2761954276479391,2,Democracy
Pooled,o_max,xgb_tree_d3,m010019_o_max_ord13_rk00020,13,0.4244232832308956,-0.0,1,Democracy
Pooled,o_max,xgb_tree_d3,m017017_o_max_ord20_rk00018,20,0.42416228615624607,0.2863969571159562,2,Democracy
Pooled,o_max,xgb_tree_d3,m008004_o_max_ord11_rk00005,11,0.4241090494952279,-0.0,1,Democracy
Pooled,o_max,xgb_tree_d3,m015019_o_max_ord18_rk00020,18,0.42410505820533695,-0.0,1,Democracy
Pooled,o_max,xgb_tree_d3,m025006_o_max_ord28_rk00007,28,0.4240504986581404,1.0178015074140134,4,Democracy
Pooled,o_max,xgb_tree_d3,m015012_o_max_ord18_rk00013,18,0.4238912202050751,-0.0,1,Democracy
Pooled,o_max,xgb_tree_d3,m025010_o_max_ord28_rk00011,28,0.4237420483242269,1.0178015074140134,4,Democracy
Pooled,o_max,xgb_tree_d3,m017011_o_max_ord20_rk00012,20,0.4237398925671001,1.1411535278793057,3,Democracy
Pooled,o_max,xgb_tree_d3,m011004_o_max_ord14_rk00005,14,0.42372249068707624,-0.0,1,Democracy
Pooled,o_max,xgb_tree_d3,m002012_o_max_ord5_rk00013,5,0.4236298743578023,-0.0,1,Democracy
Pooled,o_max,xgb_tree_d3,m026007_o_max_ord29_rk00008,29,0.4236168686987125,1.1991018361613466,5,Democracy
Pooled,o_max,xgb_tree_d3,m008016_o_max_ord11_rk00017,11,0.4236023975755585,-0.0,1,Democracy
Pooled,o_max,xgb_tree_d3,m019017_o_max_ord22_rk00018,22,0.42357313563825894,0.9373012413074895,3,Democracy
Pooled,o_max,xgb_tree_d3,m004019_o_max_ord7_rk00020,7,0.4234610504779466,-0.0,1,Democracy
Pooled,o_max,xgb_tree_d3,m000012_o_max_ord3_rk00013,3,0.4233760317923777,-0.0,1,Democracy
Pooled,o_max,xgb_tree_d3,m015015_o_max_ord18_rk00016,18,0.4233757216905184,-0.0,1,Democracy
Pooled,o_max,xgb_tree_d3,m014017_o_max_ord17_rk00018,17,0.4233721527425449,0.3227569588973982,2,Democracy
Pooled,o_max,xgb_tree_d3,m015014_o_max_ord18_rk00015,18,0.42331147813656445,0.3095434291503252,2,Democracy
Pooled,o_max,xgb_tree_d3,m024002_o_max_ord27_rk00003,27,0.42319379495267817,1.042344321483692,4,Democracy
Pooled,o_max,xgb_tree_d3,m017015_o_max_ord20_rk00016,20,0.42315548364185895,0.5689955935892812,3,Democracy
Pooled,o_max,xgb_tree_d3,m015013_o_max_ord18_rk00014,18,0.4230534290506571,0.3095434291503252,2,Democracy
Pooled,o_max,xgb_tree_d3,m015008_o_max_ord18_rk00009,18,0.4228977294779305,-0.0,1,Democracy
Pooled,o_max,xgb_tree_d3,m009002_o_max_ord12_rk00003,12,0.4228788530798048,-0.0,1,Democracy
Pooled,o_max,xgb_tree_d3,m008014_o_max_ord11_rk00015,11,0.42247523212788296,-0.0,1,Democracy
Pooled,o_max,xgb_tree_d3,m022003_o_max_ord25_rk00004,25,0.42227292382871007,0.8743095546405661,4,Democracy
Pooled,o_max,xgb_tree_d3,m014014_o_max_ord17_rk00015,17,0.42223331086184535,0.3227569588973982,2,Democracy
Pooled,o_max,xgb_tree_d3,m013005_o_max_ord16_rk00006,16,0.42219231353642506,-0.0,1,Democracy
Pooled,o_max,xgb_tree_d3,m008002_o_max_ord11_rk00003,11,0.4221862321397707,-0.0,1,Democracy
Pooled,o_max,xgb_tree_d3,m014002_o_max_ord17_rk00003,17,0.4221590107866704,-0.0,1,Democracy
Pooled,o_max,xgb_tree_d3,m023003_o_max_ord26_rk00004,26,0.4220334044734104,0.8451064151274781,3,Democracy
Pooled,o_max,xgb_tree_d3,m019007_o_max_ord22_rk00008,22,0.4218789242063208,0.266764987803026,2,Democracy
Pooled,o_max,xgb_tree_d3,m013000_o_max_ord16_rk00001,16,0.421809859372435,-0.0,1,Democracy
Pooled,o_max,xgb_tree_d3,m013004_o_max_ord16_rk00005,16,0.4212677049069097,-0.0,1,Democracy
Pooled,o_max,xgb_tree_d3,m017016_o_max_ord20_rk00017,20,0.42126656997099676,0.2863969571159562,2,Democracy
Pooled,o_max,xgb_tree_d3,m008006_o_max_ord11_rk00007,11,0.42115774392857463,-0.0,1,Democracy
Pooled,o_max,xgb_tree_d3,m022010_o_max_ord25_rk00011,25,0.421004138578736,1.2252357794710609,5,Democracy
Pooled,o_max,xgb_tree_d3,m005008_o_max_ord8_rk00009,8,0.4209642573138491,-0.0,1,Democracy
Pooled,o_max,xgb_tree_d3,m008003_o_max_ord11_rk00004,11,0.4209484171494201,-0.0,1,Democracy
Pooled,o_max,xgb_tree_d3,m013002_o_max_ord16_rk00003,16,0.42085692946250397,-0.0,1,Democracy
Pooled,o_max,xgb_tree_d3,m018013_o_max_ord21_rk00014,21,0.42085481407663805,0.2761954276479391,2,Democracy
Pooled,o_max,xgb_tree_d3,m021003_o_max_ord24_rk00004,24,0.4207124801972494,1.0238995733215066,4,Democracy
Pooled,o_max,xgb_tree_d3,m019009_o_max_ord22_rk00010,22,0.4206259209906732,0.5304060778306042,3,Democracy
Pooled,o_max,xgb_tree_d3,m009000_o_max_ord12_rk00001,12,0.4205975377645774,-0.0,1,Democracy
Pooled,o_max,xgb_tree_d3,m013007_o_max_ord16_rk00008,16,0.4204849341125141,0.3372900666170139,2,Democracy
Pooled,o_max,xgb_tree_d3,m027008_o_max_ord30_rk00009,30,0.42047809352095156,1.1721597626314755,5,Democracy
Pooled,o_max,xgb_tree_d3,m025013_o_max_ord28_rk00014,28,0.4204710351852361,1.2274025692592483,5,Democracy
Pooled,o_max,xgb_tree_d3,m010012_o_max_ord13_rk00013,13,0.4204692153250381,-0.0,1,Democracy
Pooled,o_max,xgb_tree_d3,m022014_o_max_ord25_rk00015,25,0.42046040508977034,1.106313713864835,5,Democracy
Pooled,o_max,xgb_tree_d3,m012015_o_max_ord15_rk00016,15,0.4204040274133989,-0.0,1,Democracy
Pooled,o_max,xgb_tree_d3,m022012_o_max_ord25_rk00013,25,0.4202954237490979,1.32151018873626,5,Democracy
Pooled,o_max,xgb_tree_d3,m020015_o_max_ord23_rk00016,23,0.42018426546973753,1.0534081504863568,4,Democracy
Pooled,o_max,xgb_tree_d3,m015006_o_max_ord18_rk00007,18,0.42014158273959434,-0.0,1,Democracy
Pooled,o_max,xgb_tree_d3,m009001_o_max_ord12_rk00002,12,0.41996882399102076,-0.0,1,Democracy
Pooled,o_max,xgb_tree_d3,m016015_o_max_ord19_rk00016,19,0.41991153139447235,-0.0,1,Democracy
Pooled,o_max,xgb_tree_d3,m013001_o_max_ord16_rk00002,16,0.4198902071405415,-0.0,1,Democracy
Pooled,o_max,xgb_tree_d3,m018005_o_max_ord21_rk00006,21,0.41986089979291386,-0.0,1,Democracy
Pooled,o_max,xgb_tree_d3,m011011_o_max_ord14_rk00012,14,0.4194475796853364,-0.0,1,Democracy
Pooled,o_max,xgb_tree_d3,m020013_o_max_ord23_rk00014,23,0.4193935936337795,0.7653636126766978,4,Democracy
Pooled,o_max,xgb_tree_d3,m016019_o_max_ord19_rk00020,19,0.4193382939953203,0.2974722489192896,2,Democracy
Pooled,o_max,xgb_tree_d3,m008011_o_max_ord11_rk00012,11,0.4191606257988332,-0.0,1,Democracy
Pooled,o_max,xgb_tree_d3,m022008_o_max_ord25_rk00009,25,0.419006334469043,0.7641140545540274,3,Democracy
Pooled,o_max,xgb_tree_d3,m020003_o_max_ord23_rk00004,23,0.41874330320271314,0.9123163027543336,3,Democracy
Pooled,o_max,xgb_tree_d3,m018009_o_max_ord21_rk00010,21,0.4185595481710589,0.2761954276479391,2,Democracy
Pooled,o_max,xgb_tree_d3,m003017_o_max_ord6_rk00018,6,0.4185204836322379,-0.0,1,Democracy
Pooled,o_max,xgb_tree_d3,m011008_o_max_ord14_rk00009,14,0.4185023837773565,-0.0,1,Democracy
Pooled,o_max,xgb_tree_d3,m025001_o_max_ord28_rk00002,28,0.4184527135708913,1.2274025692592483,5,Democracy
Pooled,o_max,xgb_tree_d3,m017018_o_max_ord20_rk00019,20,0.4184468885070578,1.1411535278793057,3,Democracy
Pooled,o_max,xgb_tree_d3,m026000_o_max_ord29_rk00001,29,0.41813843761400493,1.1991018361613466,5,Democracy
Pooled,o_max,xgb_tree_d3,m017008_o_max_ord20_rk00009,20,0.41809550530201145,0.2863969571159562,2,Democracy
Pooled,o_max,xgb_tree_d3,m026005_o_max_ord29_rk00006,29,0.4180308976374968,1.1063667712836147,5,Democracy
Pooled,o_max,xgb_tree_d3,m020016_o_max_ord23_rk00017,23,0.41800216870445484,0.2580186686648155,2,Democracy
Pooled,o_max,xgb_tree_d3,m004013_o_max_ord7_rk00014,7,0.41784952020837396,-0.0,1,Democracy
Pooled,o_max,xgb_tree_d3,m018019_o_max_ord21_rk00020,21,0.41780486712022147,0.2761954276479391,2,Democracy
Pooled,o_max,xgb_tree_d3,m006018_o_max_ord9_rk00019,9,0.41771378704630424,-0.0,1,Democracy
Pooled,o_max,xgb_tree_d3,m027011_o_max_ord30_rk00012,30,0.4174394289514731,1.3699740752745007,6,Democracy
Pooled,o_max,xgb_tree_d3,m004007_o_max_ord7_rk00008,7,0.41740792314429587,-0.0,1,Democracy
Pooled,o_max,xgb_tree_d3,m011014_o_max_ord14_rk00015,14,0.41738113818686307,0.37123232664087563,2,Democracy
Pooled,o_max,xgb_tree_d3,m022004_o_max_ord25_rk00005,25,0.41726355710848007,0.8663137138648347,3,Democracy
Pooled,o_max,xgb_tree_d3,m019006_o_max_ord22_rk00007,22,0.41714747395111385,0.5304060778306042,3,Democracy
Pooled,o_max,xgb_tree_d3,m009017_o_max_ord12_rk00018,12,0.41712326064911753,-0.0,1,Democracy
Pooled,o_max,xgb_tree_d3,m011012_o_max_ord14_rk00013,14,0.41704462886813065,-0.0,1,Democracy
Pooled,o_max,xgb_tree_d3,m016004_o_max_ord19_rk00005,19,0.4169797674383571,0.2974722489192896,2,Democracy
Pooled,o_max,xgb_tree_d3,m015010_o_max_ord18_rk00011,18,0.4168896566095103,-0.0,1,Democracy
Pooled,o_max,xgb_tree_d3,m005002_o_max_ord8_rk00003,8,0.416834061996753,-0.0,1,Democracy
Pooled,o_max,xgb_tree_d3,m024005_o_max_ord27_rk00006,27,0.4166187253018626,0.9451696091196164,4,Democracy
Pooled,o_max,xgb_tree_d3,m015009_o_max_ord18_rk00010,18,0.4165600783032676,-0.0,1,Democracy
Pooled,o_max,xgb_tree_d3,m027016_o_max_ord30_rk00017,30,0.4164862685608849,1.3699740752745007,6,Democracy
Pooled,o_max,xgb_tree_d3,m006017_o_max_ord9_rk00018,9,0.41637532983452363,-0.0,1,Democracy
Pooled,o_max,xgb_tree_d3,m006019_o_max_ord9_rk00020,9,0.4159326040039112,-0.0,1,Democracy
Pooled,o_max,xgb_tree_d3,m025008_o_max_ord28_rk00009,28,0.41585205725717667,1.3432994441819814,6,Democracy
Pooled,o_max,xgb_tree_d3,m012012_o_max_ord15_rk00013,15,0.4157282746951999,-0.0,1,Democracy
Pooled,o_max,xgb_tree_d3,m027010_o_max_ord30_rk00011,30,0.4156767663937988,1.1721597626314755,5,Democracy
Pooled,o_max,xgb_tree_d3,m003007_o_max_ord6_rk00008,6,0.41565971209010644,-0.0,1,Democracy
Pooled,o_max,xgb_tree_d3,m012006_o_max_ord15_rk00007,15,0.4150562355463543,-0.0,1,Democracy
Pooled,o_max,xgb_tree_d3,m010001_o_max_ord13_rk00002,13,0.4148179076959596,-0.0,1,Democracy
Pooled,o_max,xgb_tree_d3,m006014_o_max_ord9_rk00015,9,0.41472396835494485,-0.0,1,Democracy
Pooled,o_max,xgb_tree_d3,m019005_o_max_ord22_rk00006,22,0.4144504035337989,-0.0,1,Democracy
Pooled,o_max,xgb_tree_d3,m005005_o_max_ord8_rk00006,8,0.4143612622378632,-0.0,1,Democracy
Pooled,o_max,xgb_tree_d3,m025015_o_max_ord28_rk00016,28,0.4143480929969958,1.0984868380293622,4,Democracy
Pooled,o_max,xgb_tree_d3,m014015_o_max_ord17_rk00016,17,0.41423855436420687,-0.0,1,Democracy
Pooled,o_max,xgb_tree_d3,m011002_o_max_ord14_rk00003,14,0.4142168252013282,-0.0,1,Democracy
Pooled,o_max,xgb_tree_d3,m009016_o_max_ord12_rk00017,12,0.4142136837286723,-0.0,1,Democracy
Pooled,o_max,xgb_tree_d3,m006015_o_max_ord9_rk00016,9,0.4138476696870812,-0.0,1,Democracy
Pooled,o_max,xgb_tree_d3,m014012_o_max_ord17_rk00013,17,0.4136691766217486,-0.0,1,Democracy
Pooled,o_max,xgb_tree_d3,m012011_o_max_ord15_rk00012,15,0.4133499747291176,-0.0,1,Democracy
Pooled,o_max,xgb_tree_d3,m013019_o_max_ord16_rk00020,16,0.4133427742511184,-0.0,1,Democracy
Pooled,o_max,xgb_tree_d3,m022009_o_max_ord25_rk00010,25,0.413054349917504,0.6343095546405662,2,Democracy
Pooled,o_max,xgb_tree_d3,m017003_o_max_ord20_rk00004,20,0.4129690106899534,0.2863969571159562,2,Democracy
Pooled,o_max,xgb_tree_d3,m019010_o_max_ord22_rk00011,22,0.4129009795509174,0.266764987803026,2,Democracy
Pooled,o_max,xgb_tree_d3,m022016_o_max_ord25_rk00017,25,0.41285364505939626,1.2252357794710609,5,Democracy
Pooled,o_max,xgb_tree_d3,m020009_o_max_ord23_rk00010,23,0.41269459008015186,0.4262286569981449,2,Democracy
Pooled,o_max,xgb_tree_d3,m011006_o_max_ord14_rk00007,14,0.4126526066887066,-0.0,1,Democracy
Pooled,o_max,xgb_tree_d3,m018016_o_max_ord21_rk00017,21,0.41263918685342293,0.5489544344250401,3,Democracy
Pooled,o_max,xgb_tree_d3,m025019_o_max_ord28_rk00020,28,0.41248048315980623,1.1336983823367468,5,Democracy
Pooled,o_max,xgb_tree_d3,m019008_o_max_ord22_rk00009,22,0.4124182792959874,0.5304060778306042,3,Democracy
Pooled,o_max,xgb_tree_d3,m015018_o_max_ord18_rk00019,18,0.4121476377342458,-0.0,1,Democracy
Pooled,o_max,xgb_tree_d3,m021017_o_max_ord24_rk00018,24,0.4120304702651736,1.3563429881688323,5,Democracy
Pooled,o_max,xgb_tree_d3,m027007_o_max_ord30_rk00008,30,0.41188413678762514,1.2496527261266068,5,Democracy
Pooled,o_max,xgb_tree_d3,m011001_o_max_ord14_rk00002,14,0.411832998074533,-0.0,1,Democracy
Pooled,o_max,xgb_tree_d3,m012003_o_max_ord15_rk00004,15,0.41175763478958927,-0.0,1,Democracy
Pooled,o_max,xgb_tree_d3,m009004_o_max_ord12_rk00005,12,0.4116406983920171,-0.0,1,Democracy
Pooled,o_max,xgb_tree_d3,m015017_o_max_ord18_rk00018,18,0.41163721088167504,-0.0,1,Democracy
Pooled,o_max,xgb_tree_d3,m027001_o_max_ord30_rk00002,30,0.4116088322987025,1.1721597626314755,5,Democracy
Pooled,o_max,xgb_tree_d3,m019012_o_max_ord22_rk00013,22,0.4115119422775897,0.266764987803026,2,Democracy
Pooled,o_max,xgb_tree_d3,m026011_o_max_ord29_rk00012,29,0.4115102671302362,1.3110022671212271,6,Democracy
Pooled,o_max,xgb_tree_d3,m011015_o_max_ord14_rk00016,14,0.411430408854891,-0.0,1,Democracy
Pooled,o_max,xgb_tree_d3,m018007_o_max_ord21_rk00008,21,0.4114149364241677,0.2761954276479391,2,Democracy
Pooled,o_max,xgb_tree_d3,m010011_o_max_ord13_rk00012,13,0.4113995866711877,-0.0,1,Democracy
Pooled,o_max,xgb_tree_d3,m019018_o_max_ord22_rk00019,22,0.4112994426043567,0.266764987803026,2,Democracy
Pooled,o_max,xgb_tree_d3,m016010_o_max_ord19_rk00011,19,0.41122370282617005,-0.0,1,Democracy
Pooled,o_max,xgb_tree_d3,m026010_o_max_ord29_rk00011,29,0.41115857506992726,0.9944663403237343,4,Democracy
Pooled,o_max,xgb_tree_d3,m007017_o_max_ord10_rk00018,10,0.41101766755931524,-0.0,1,Democracy
Pooled,o_max,xgb_tree_d3,m012005_o_max_ord15_rk00006,15,0.41090586975304677,0.35335933502142136,2,Democracy
Pooled,o_max,xgb_tree_d3,m011009_o_max_ord14_rk00010,14,0.41089266532858815,-0.0,1,Democracy
Pooled,o_max,xgb_tree_d3,m017004_o_max_ord20_rk00005,20,0.4104246151856803,-0.0,1,Democracy
Pooled,o_max,xgb_tree_d3,m027014_o_max_ord30_rk00015,30,0.4101260497572079,1.1721597626314755,5,Democracy
Pooled,o_max,xgb_tree_d3,m008015_o_max_ord11_rk00016,11,0.4100683462804069,-0.0,1,Democracy
Pooled,o_max,xgb_tree_d3,m021015_o_max_ord24_rk00016,24,0.41002349722832787,0.9833557549816875,5,Democracy
Pooled,o_max,xgb_tree_d3,m023014_o_max_ord26_rk00015,26,0.41002095730789934,1.1929993566060646,5,Democracy
Pooled,o_max,xgb_tree_d3,m008008_o_max_ord11_rk00009,11,0.40982829760433037,-0.0,1,Democracy
Pooled,o_max,xgb_tree_d3,m025012_o_max_ord28_rk00013,28,0.40955347189768043,1.2274025692592483,5,Democracy
Pooled,o_max,xgb_tree_d3,m011010_o_max_ord14_rk00011,14,0.4093520034103232,0.37123232664087563,2,Democracy
Pooled,o_max,xgb_tree_d3,m020017_o_max_ord23_rk00018,23,0.40926863728486096,0.5131851787372753,3,Democracy
Pooled,o_max,xgb_tree_d3,m012008_o_max_ord15_rk00009,15,0.4092089286547541,-0.0,1,Democracy
Pooled,o_max,xgb_tree_d3,m014007_o_max_ord17_rk00008,17,0.40915132024912104,-0.0,1,Democracy
Pooled,o_max,xgb_tree_d3,m015002_o_max_ord18_rk00003,18,0.40912365458026256,-0.0,1,Democracy
Pooled,o_max,xgb_tree_d3,m013015_o_max_ord16_rk00016,16,0.4090361353291474,-0.0,1,Democracy
Pooled,o_max,xgb_tree_d3,m019015_o_max_ord22_rk00016,22,0.408985814430864,0.266764987803026,2,Democracy
Pooled,o_max,xgb_tree_d3,m011017_o_max_ord14_rk00018,14,0.40894773597438516,-0.0,1,Democracy
Pooled,o_max,xgb_tree_d3,m014000_o_max_ord17_rk00001,17,0.40884777043107556,0.9366673818775624,2,Democracy
Pooled,o_max,xgb_tree_d3,m001017_o_max_ord4_rk00018,4,0.4087624378319171,-0.0,1,Democracy
Pooled,o_max,xgb_tree_d3,m017005_o_max_ord20_rk00006,20,0.4087149460395929,-0.0,1,Democracy
Pooled,o_max,xgb_tree_d3,m016013_o_max_ord19_rk00014,19,0.4086258139539174,-0.0,1,Democracy
Pooled,o_max,xgb_tree_d3,m013010_o_max_ord16_rk00011,16,0.40858275068098315,-0.0,1,Democracy
Pooled,o_max,xgb_tree_d3,m020005_o_max_ord23_rk00006,23,0.4085264836972873,1.1545676820893709,4,Democracy
Pooled,o_max,xgb_tree_d3,m016016_o_max_ord19_rk00017,19,0.4081872210490982,-0.0,1,Democracy
Pooled,o_max,xgb_tree_d3,m015000_o_max_ord18_rk00001,18,0.4081247898501579,0.9182958340544896,2,Democracy
Pooled,o_max,xgb_tree_d3,m012007_o_max_ord15_rk00008,15,0.4077367650018736,-0.0,1,Democracy
Pooled,o_max,xgb_tree_d3,m025011_o_max_ord28_rk00012,28,0.4076973643791545,1.2274025692592483,5,Democracy
Pooled,o_max,xgb_tree_d3,m013011_o_max_ord16_rk00012,16,0.40754941478725226,-0.0,1,Democracy
Pooled,o_max,xgb_tree_d3,m016009_o_max_ord19_rk00010,19,0.40735036166358995,-0.0,1,Democracy
Pooled,o_max,xgb_tree_d3,m022005_o_max_ord25_rk00006,25,0.40711385144412593,0.996118213778296,4,Democracy
Pooled,o_max,xgb_tree_d3,m018017_o_max_ord21_rk00018,21,0.4070672568360376,0.2761954276479391,2,Democracy
Pooled,o_max,xgb_tree_d3,m007007_o_max_ord10_rk00008,10,0.40688940294149034,-0.0,1,Democracy
Pooled,o_max,xgb_tree_d3,m014018_o_max_ord17_rk00019,17,0.4067731551270748,-0.0,1,Democracy
Pooled,o_max,xgb_tree_d3,m027012_o_max_ord30_rk00013,30,0.40667001843739814,1.4989350663300531,6,Democracy
Pooled,o_max,xgb_tree_d3,m009018_o_max_ord12_rk00019,12,0.4064790173983608,-0.0,1,Democracy
Pooled,o_max,xgb_tree_d3,m021014_o_max_ord24_rk00015,24,0.40610741590186616,1.2593984370492772,5,Democracy
Pooled,o_max,xgb_tree_d3,m012009_o_max_ord15_rk00010,15,0.4058895030625933,-0.0,1,Democracy
Pooled,o_max,xgb_tree_d3,m011018_o_max_ord14_rk00019,14,0.40568895348548295,0.37123232664087563,2,Democracy
Pooled,o_max,xgb_tree_d3,m011000_o_max_ord14_rk00001,14,0.4053870551210158,-0.0,1,Democracy
Pooled,o_max,xgb_tree_d3,m010003_o_max_ord13_rk00004,13,0.4051966947929766,-0.0,1,Democracy
Pooled,o_max,xgb_tree_d3,m010008_o_max_ord13_rk00009,13,0.4046713980247586,-0.0,1,Democracy
Pooled,o_max,xgb_tree_d3,m016007_o_max_ord19_rk00008,19,0.40464657312197005,-0.0,1,Democracy
Pooled,o_max,xgb_tree_d3,m017006_o_max_ord20_rk00007,20,0.40464083680802465,0.2863969571159562,2,Democracy
Pooled,o_max,xgb_tree_d3,m008005_o_max_ord11_rk00006,11,0.4045342127663799,-0.0,1,Democracy
Pooled,o_max,xgb_tree_d3,m017001_o_max_ord20_rk00002,20,0.40452466886803684,-0.0,1,Democracy
Pooled,o_max,xgb_tree_d3,m004015_o_max_ord7_rk00016,7,0.40451585334301243,-0.0,1,Democracy
Pooled,o_max,xgb_tree_d3,m016008_o_max_ord19_rk00009,19,0.40438130982111065,-0.0,1,Democracy
Pooled,o_max,xgb_tree_d3,m012013_o_max_ord15_rk00014,15,0.40430501221203385,0.35335933502142136,2,Democracy
Pooled,o_max,xgb_tree_d3,m008007_o_max_ord11_rk00008,11,0.40410172786602694,-0.0,1,Democracy
Pooled,o_max,xgb_tree_d3,m008010_o_max_ord11_rk00011,11,0.4039545070283953,-0.0,1,Democracy
Pooled,o_max,xgb_tree_d3,m006006_o_max_ord9_rk00007,9,0.4035624276852804,-0.0,1,Democracy
Pooled,o_max,xgb_tree_d3,m018001_o_max_ord21_rk00002,21,0.40335647560373056,-0.0,1,Democracy
Pooled,o_max,xgb_tree_d3,m000001_o_max_ord3_rk00002,3,0.40298209225524195,-0.0,1,Air Pollution
Pooled,o_max,xgb_tree_d3,m005013_o_max_ord8_rk00014,8,0.4028283689317068,-0.0,1,Democracy
Pooled,o_max,xgb_tree_d3,m008000_o_max_ord11_rk00001,11,0.40279328143381066,-0.0,1,Democracy
Pooled,o_max,xgb_tree_d3,m013008_o_max_ord16_rk00009,16,0.4027019309353611,-0.0,1,Democracy
Pooled,o_max,xgb_tree_d3,m027005_o_max_ord30_rk00006,30,0.4023727361569308,1.2803301792260264,6,Democracy
Pooled,o_max,xgb_tree_d3,m018002_o_max_ord21_rk00003,21,0.4022468235569956,0.2761954276479391,2,Democracy
Pooled,o_max,xgb_tree_d3,m012018_o_max_ord15_rk00019,15,0.4021751164753251,-0.0,1,Democracy
Pooled,o_max,xgb_tree_d3,m016001_o_max_ord19_rk00002,19,0.40209483098458054,-0.0,1,Democracy
Pooled,o_max,xgb_tree_d3,m012014_o_max_ord15_rk00015,15,0.4017845883589548,-0.0,1,Democracy
Pooled,o_max,xgb_tree_d3,m017009_o_max_ord20_rk00010,20,0.4016872877062676,0.2863969571159562,2,Democracy
Pooled,o_max,xgb_tree_d3,m017019_o_max_ord20_rk00020,20,0.4007507707017375,-0.0,1,Democracy
Pooled,o_max,xgb_tree_d3,m012017_o_max_ord15_rk00018,15,0.40067551796134315,-0.0,1,Democracy
Pooled,o_max,xgb_tree_d3,m021012_o_max_ord24_rk00013,24,0.4006425596372891,0.5435644431995964,2,Democracy
Pooled,o_max,xgb_tree_d3,m014011_o_max_ord17_rk00012,17,0.4002252967012687,-0.0,1,Democracy
Pooled,o_max,xgb_tree_d3,m010018_o_max_ord13_rk00019,13,0.400161252691022,-0.0,1,Democracy
Pooled,o_max,xgb_tree_d3,m016003_o_max_ord19_rk00004,19,0.40007658046631145,-0.0,1,Democracy
Pooled,o_max,xgb_tree_d3,m012010_o_max_ord15_rk00011,15,0.39956800048983476,-0.0,1,Democracy
Pooled,o_max,xgb_tree_d3,m009005_o_max_ord12_rk00006,12,0.399021239550269,-0.0,1,Democracy
Pooled,o_max,xgb_tree_d3,m011013_o_max_ord14_rk00014,14,0.3986412775705861,-0.0,1,Democracy
Pooled,o_max,xgb_tree_d3,m014013_o_max_ord17_rk00014,17,0.3983694710796951,-0.0,1,Democracy
Pooled,o_max,xgb_tree_d3,m018018_o_max_ord21_rk00019,21,0.39815960519170834,-0.0,1,Democracy
Pooled,o_max,xgb_tree_d3,m014016_o_max_ord17_rk00017,17,0.397987561062241,-0.0,1,Democracy
Pooled,o_max,xgb_tree_d3,m014003_o_max_ord17_rk00004,17,0.39771551983859077,-0.0,1,Democracy
Pooled,o_max,xgb_tree_d3,m010000_o_max_ord13_rk00001,13,0.3973958909009696,-0.0,1,Democracy
Pooled,o_max,xgb_tree_d3,m012000_o_max_ord15_rk00001,15,0.3971587427093286,-0.0,1,Democracy
Pooled,o_max,xgb_tree_d3,m006003_o_max_ord9_rk00004,9,0.3968519969722166,-0.0,1,Democracy
Pooled,o_max,xgb_tree_d3,m010013_o_max_ord13_rk00014,13,0.39613038740390427,-0.0,1,Democracy
Pooled,o_max,xgb_tree_d3,m013009_o_max_ord16_rk00010,16,0.39582870345097343,0.3372900666170139,2,Democracy
Pooled,o_max,xgb_tree_d3,m010006_o_max_ord13_rk00007,13,0.39562342411680484,-0.0,1,Democracy
Pooled,o_max,xgb_tree_d3,m005018_o_max_ord8_rk00019,8,0.3951935513815905,-0.0,1,Democracy
Pooled,o_max,xgb_tree_d3,m018014_o_max_ord21_rk00015,21,0.39506599839917245,-0.0,1,Democracy
Pooled,o_max,xgb_tree_d3,m018010_o_max_ord21_rk00011,21,0.3949521435413439,-0.0,1,Democracy
Pooled,o_max,xgb_tree_d3,m012019_o_max_ord15_rk00020,15,0.39491681135554635,0.35335933502142136,2,Democracy
Pooled,o_max,xgb_tree_d3,m010007_o_max_ord13_rk00008,13,0.394655429751227,-0.0,1,Democracy
Pooled,o_max,xgb_tree_d3,m017012_o_max_ord20_rk00013,20,0.3943249324144007,0.2863969571159562,2,Democracy
Pooled,o_max,xgb_tree_d3,m010004_o_max_ord13_rk00005,13,0.3939725794705633,-0.0,1,Democracy
Pooled,o_max,xgb_tree_d3,m007001_o_max_ord10_rk00002,10,0.3925426981628163,-0.0,1,Democracy
Pooled,o_max,xgb_tree_d3,m010002_o_max_ord13_rk00003,13,0.391459303235977,-0.0,1,Democracy
Pooled,o_max,xgb_tree_d3,m014008_o_max_ord17_rk00009,17,0.3913843962482514,-0.0,1,Democracy
Pooled,o_max,xgb_tree_d3,m011019_o_max_ord14_rk00020,14,0.39128601308592637,-0.0,1,Democracy
Pooled,o_max,xgb_tree_d3,m012002_o_max_ord15_rk00003,15,0.39054556708226806,-0.0,1,Democracy
Pooled,o_max,xgb_tree_d3,m012001_o_max_ord15_rk00002,15,0.390377743613322,-0.0,1,Democracy
Pooled,o_max,xgb_tree_d3,m012004_o_max_ord15_rk00005,15,0.3896830225920178,-0.0,1,Democracy
Pooled,o_max,xgb_tree_d3,m014001_o_max_ord17_rk00002,17,0.38752599487538786,-0.0,1,Democracy
Pooled,o_max,xgb_tree_d3,m016005_o_max_ord19_rk00006,19,0.38689209721000195,-0.0,1,Democracy
Pooled,o_max,xgb_tree_d3,m001019_o_max_ord4_rk00020,4,0.3866356463002618,-0.0,1,Air Pollution
Pooled,o_max,xgb_tree_d3,m001013_o_max_ord4_rk00014,4,0.384659480335825,-0.0,1,Democracy
Pooled,o_max,xgb_tree_d3,m018003_o_max_ord21_rk00004,21,0.3830295709093422,0.2761954276479391,2,Democracy
Pooled,o_max,xgb_tree_d3,m001007_o_max_ord4_rk00008,4,0.38225137444367097,-0.0,1,Air Pollution
Pooled,o_max,xgb_tree_d3,m012016_o_max_ord15_rk00017,15,0.38160560378029384,0.35335933502142136,2,Democracy
CN->CN,o_min,xgb_tree_d3,m071519_o_min_ord27_rk00005,27,0.4626141330480209,2.815460540067162,9,Democracy
CN->CN,o_min,xgb_tree_d3,m068529_o_min_ord24_rk00015,24,0.461661023842546,2.907268229617389,9,Democracy
CN->CN,o_min,xgb_tree_d3,m068533_o_min_ord24_rk00019,24,0.4600332612682383,2.8699100232740657,9,Democracy
CN->CN,o_min,xgb_tree_d3,m063532_o_min_ord19_rk00018,19,0.4594409619830157,2.8000446184790095,9,Democracy
CN->CN,o_min,xgb_tree_d3,m071516_o_min_ord27_rk00002,27,0.4594008706013227,2.815460540067162,9,Democracy
CN->CN,o_min,xgb_tree_d3,m071520_o_min_ord27_rk00006,27,0.4593595964079278,2.815460540067162,9,Democracy
CN->CN,o_min,xgb_tree_d3,m071528_o_min_ord27_rk00014,27,0.4591739839114508,2.815460540067162,9,Democracy
CN->CN,o_min,xgb_tree_d3,m068517_o_min_ord24_rk00003,24,0.4580266139443518,2.907268229617389,9,Democracy
CN->CN,o_min,xgb_tree_d3,m071533_o_min_ord27_rk00019,27,0.4572473265979924,2.815460540067162,9,Democracy
CN->CN,o_min,xgb_tree_d3,m071517_o_min_ord27_rk00003,27,0.456399255098289,2.815460540067162,9,Democracy
CN->CN,o_min,xgb_tree_d3,m068519_o_min_ord24_rk00005,24,0.4557770915449322,2.907268229617389,9,Democracy
CN->CN,o_min,xgb_tree_d3,m068528_o_min_ord24_rk00014,24,0.4552545924855069,2.907268229617389,9,Democracy
CN->CN,o_min,xgb_tree_d3,m071525_o_min_ord27_rk00011,27,0.4546260539639234,2.815460540067162,9,Democracy
CN->CN,o_min,xgb_tree_d3,m062532_o_min_ord18_rk00018,18,0.453614546208952,2.858278308418045,9,Democracy
CN->CN,o_min,xgb_tree_d3,m070521_o_min_ord26_rk00007,26,0.4531021036340089,2.8252517372886508,9,Democracy
CN->CN,o_min,xgb_tree_d3,m067530_o_min_ord23_rk00016,23,0.4528235433457203,2.7837353286220776,9,Democracy
CN->CN,o_min,xgb_tree_d3,m071531_o_min_ord27_rk00017,27,0.4526697376603503,2.815460540067162,9,Democracy
CN->CN,o_min,xgb_tree_d3,m068530_o_min_ord24_rk00016,24,0.4522858998882862,2.8699100232740657,9,Democracy
CN->CN,o_min,xgb_tree_d3,m068526_o_min_ord24_rk00012,24,0.4519605578029948,2.840199876515855,9,Democracy
CN->CN,o_min,xgb_tree_d3,m071522_o_min_ord27_rk00008,27,0.4515519451684872,2.815460540067162,9,Democracy
CN->CN,o_min,xgb_tree_d3,m068532_o_min_ord24_rk00018,24,0.4514345263182688,2.83429531609601,9,Democracy
CN->CN,o_min,xgb_tree_d3,m067531_o_min_ord23_rk00017,23,0.4510255548499928,2.8208985013296144,9,Democracy
CN->CN,o_min,xgb_tree_d3,m070532_o_min_ord26_rk00018,26,0.4509514562048471,2.8536700092563416,9,Democracy
CN->CN,o_min,xgb_tree_d3,m069524_o_min_ord25_rk00010,25,0.4508548238403999,2.8888840705376357,9,Democracy
CN->CN,o_min,xgb_tree_d3,m066528_o_min_ord22_rk00014,22,0.4507390248937765,2.6405219626825924,8,Democracy
CN->CN,o_min,xgb_tree_d3,m070519_o_min_ord26_rk00005,26,0.4505376109618735,2.8536700092563416,9,Democracy
CN->CN,o_min,xgb_tree_d3,m067519_o_min_ord23_rk00005,23,0.4501239619629134,2.859880977513952,9,Democracy
CN->CN,o_min,xgb_tree_d3,m067525_o_min_ord23_rk00011,23,0.4501237493909071,2.7029400873210467,8,Democracy
CN->CN,o_min,xgb_tree_d3,m071526_o_min_ord27_rk00012,27,0.4498735965510453,2.815460540067162,9,Democracy
CN->CN,o_min,xgb_tree_d3,m072521_o_min_ord28_rk00007,28,0.4496938470784979,2.7754316010011366,9,Democracy
CN->CN,o_min,xgb_tree_d3,m074524_o_min_ord30_rk00010,30,0.4496666005076937,2.9437621626224817,10,Democracy
CN->CN,o_min,xgb_tree_d3,m069532_o_min_ord25_rk00018,25,0.4496155701662313,2.8888840705376357,9,Democracy
CN->CN,o_min,xgb_tree_d3,m073515_o_min_ord29_rk00001,29,0.4495321154373319,2.8271584782454653,9,Democracy
CN->CN,o_min,xgb_tree_d3,m068516_o_min_ord24_rk00002,24,0.4494263959179287,2.907268229617389,9,Democracy
CN->CN,o_min,xgb_tree_d3,m069523_o_min_ord25_rk00009,25,0.4492867526049731,2.8676013115120567,9,Democracy
CN->CN,o_min,xgb_tree_d3,m071515_o_min_ord27_rk00001,27,0.4492846019187486,2.815460540067162,9,Democracy
CN->CN,o_min,xgb_tree_d3,m067532_o_min_ord23_rk00018,23,0.4492526346487949,2.766763175336722,9,Democracy
CN->CN,o_min,xgb_tree_d3,m047522_o_min_ord3_rk00008,3,0.4485655105312308,0.9182958340544896,2,Democracy
CN->CN,o_min,xgb_tree_d3,m069531_o_min_ord25_rk00017,25,0.448255521115843,2.8888840705376357,9,Democracy
CN->CN,o_min,xgb_tree_d3,m072517_o_min_ord28_rk00003,28,0.4482335853346882,2.7754316010011366,9,Democracy
CN->CN,o_min,xgb_tree_d3,m062529_o_min_ord18_rk00015,18,0.4481573374280985,2.858278308418045,9,Democracy
CN->CN,o_min,xgb_tree_d3,m070516_o_min_ord26_rk00002,26,0.4481252025238058,2.8536700092563416,9,Democracy
CN->CN,o_min,xgb_tree_d3,m069534_o_min_ord25_rk00020,25,0.4479199578343854,2.833411192621123,9,Democracy
CN->CN,o_min,xgb_tree_d3,m068527_o_min_ord24_rk00013,24,0.4478123932299819,2.907268229617389,9,Democracy
CN->CN,o_min,xgb_tree_d3,m068522_o_min_ord24_rk00008,24,0.4477401525067128,2.8699100232740657,9,Democracy
CN->CN,o_min,xgb_tree_d3,m070518_o_min_ord26_rk00004,26,0.4476604576637746,2.811231430496332,9,Democracy
CN->CN,o_min,xgb_tree_d3,m070517_o_min_ord26_rk00003,26,0.4476584608067023,2.8536700092563416,9,Democracy
CN->CN,o_min,xgb_tree_d3,m074522_o_min_ord30_rk00008,30,0.4473128193693364,2.9437621626224817,10,Democracy
CN->CN,o_min,xgb_tree_d3,m068521_o_min_ord24_rk00007,24,0.4472390663956496,2.907268229617389,9,Democracy
CN->CN,o_min,xgb_tree_d3,m067526_o_min_ord23_rk00012,23,0.446894340456091,2.8440319350530703,9,Democracy
CN->CN,o_min,xgb_tree_d3,m065521_o_min_ord21_rk00007,21,0.4466154873814236,2.851149423893032,8,Democracy
CN->CN,o_min,xgb_tree_d3,m070528_o_min_ord26_rk00014,26,0.4465524776030684,2.8252517372886508,9,Democracy
CN->CN,o_min,xgb_tree_d3,m065532_o_min_ord21_rk00018,21,0.4464829213140933,2.753918758180346,9,Democracy
CN->CN,o_min,xgb_tree_d3,m063527_o_min_ord19_rk00013,19,0.4464307904148761,2.6292492238560348,7,Temperature
CN->CN,o_min,xgb_tree_d3,m074527_o_min_ord30_rk00013,30,0.446317210347343,2.7874302980927217,9,Democracy
CN->CN,o_min,xgb_tree_d3,m070524_o_min_ord26_rk00010,26,0.4462088040749996,2.8252517372886508,9,Democracy
CN->CN,o_min,xgb_tree_d3,m070522_o_min_ord26_rk00008,26,0.44619191925079,2.8536700092563416,9,Democracy
CN->CN,o_min,xgb_tree_d3,m049523_o_min_ord5_rk00009,5,0.4459735462308004,1.5219280948873621,3,Precipitation/droughts
CN->CN,o_min,xgb_tree_d3,m071518_o_min_ord27_rk00004,27,0.4459351056018953,2.815460540067162,9,Democracy
CN->CN,o_min,xgb_tree_d3,m070529_o_min_ord26_rk00015,26,0.4458706959393468,2.8536700092563416,9,Democracy
CN->CN,o_min,xgb_tree_d3,m060534_o_min_ord16_rk00020,16,0.4458354368316565,2.4834585933443494,7,Democracy
CN->CN,o_min,xgb_tree_d3,m064526_o_min_ord20_rk00012,20,0.4458282875542881,2.739353872167201,9,Democracy
CN->CN,o_min,xgb_tree_d3,m066519_o_min_ord22_rk00005,22,0.4458055482189954,2.9151512344992474,9,Temperature
CN->CN,o_min,xgb_tree_d3,m067523_o_min_ord23_rk00009,23,0.4457808420114938,2.9140163035068443,9,Democracy
CN->CN,o_min,xgb_tree_d3,m067515_o_min_ord23_rk00001,23,0.4455609571640799,2.9140163035068443,9,Democracy
CN->CN,o_min,xgb_tree_d3,m067517_o_min_ord23_rk00003,23,0.4455307854919635,2.9424955222917832,9,Democracy
CN->CN,o_min,xgb_tree_d3,m068524_o_min_ord24_rk00010,24,0.4455258298595161,2.907268229617389,9,Democracy
CN->CN,o_min,xgb_tree_d3,m047516_o_min_ord3_rk00002,3,0.4454051151380407,0.9182958340544896,2,Democracy
CN->CN,o_min,xgb_tree_d3,m070525_o_min_ord26_rk00011,26,0.4453549297787549,2.8536700092563416,9,Democracy
CN->CN,o_min,xgb_tree_d3,m068534_o_min_ord24_rk00020,24,0.4453517614954481,2.907268229617389,9,Democracy
CN->CN,o_min,xgb_tree_d3,m067528_o_min_ord23_rk00014,23,0.4453177857762881,2.8927021732601896,9,Democracy
CN->CN,o_min,xgb_tree_d3,m069526_o_min_ord25_rk00012,25,0.4452183568378755,2.8676013115120567,9,Democracy
CN->CN,o_min,xgb_tree_d3,m073528_o_min_ord29_rk00014,29,0.4451966922927329,2.8271584782454653,9,Democracy
CN->CN,o_min,xgb_tree_d3,m069516_o_min_ord25_rk00002,25,0.4450471074410191,2.8676013115120567,9,Democracy
CN->CN,o_min,xgb_tree_d3,m063531_o_min_ord19_rk00017,19,0.4449113196347291,2.5820599105802575,8,Democracy
CN->CN,o_min,xgb_tree_d3,m062528_o_min_ord18_rk00014,18,0.4445754663981505,2.4387439204017474,7,Democracy
CN->CN,o_min,xgb_tree_d3,m067527_o_min_ord23_rk00013,23,0.4445019403012118,2.7837353286220776,9,Democracy
CN->CN,o_min,xgb_tree_d3,m074521_o_min_ord30_rk00007,30,0.4444417735730794,2.7874302980927217,9,Democracy
CN->CN,o_min,xgb_tree_d3,m066534_o_min_ord22_rk00020,22,0.4444292073602216,2.737872392231515,8,Democracy
CN->CN,o_min,xgb_tree_d3,m068515_o_min_ord24_rk00001,24,0.4443583954867489,2.8699100232740657,9,Democracy
CN->CN,o_min,xgb_tree_d3,m070531_o_min_ord26_rk00017,26,0.4441899880518205,2.8536700092563416,9,Democracy
CN->CN,o_min,xgb_tree_d3,m065530_o_min_ord21_rk00016,21,0.4440337525901668,2.851149423893032,8,Democracy
CN->CN,o_min,xgb_tree_d3,m067533_o_min_ord23_rk00019,23,0.443993004391162,2.9424955222917832,9,Democracy
CN->CN,o_min,xgb_tree_d3,m069533_o_min_ord25_rk00019,25,0.4438636572651916,2.8676013115120567,9,Democracy
CN->CN,o_min,xgb_tree_d3,m065518_o_min_ord21_rk00004,21,0.4438074201543356,2.753918758180346,9,Democracy
CN->CN,o_min,xgb_tree_d3,m063528_o_min_ord19_rk00014,19,0.4437806621767577,2.6100635408770723,7,Democracy
CN->CN,o_min,xgb_tree_d3,m066527_o_min_ord22_rk00013,22,0.4436740752627405,2.9019469592513696,9,Democracy
CN->CN,o_min,xgb_tree_d3,m072531_o_min_ord28_rk00017,28,0.4436643312856051,2.7754316010011366,9,Democracy
CN->CN,o_min,xgb_tree_d3,m068520_o_min_ord24_rk00006,24,0.4436464757252555,2.8699100232740657,9,Democracy
CN->CN,o_min,xgb_tree_d3,m068523_o_min_ord24_rk00009,24,0.4436280361188591,2.7509619827626763,9,Democracy
CN->CN,o_min,xgb_tree_d3,m070526_o_min_ord26_rk00012,26,0.4435471865466821,2.8536700092563416,9,Democracy
CN->CN,o_min,xgb_tree_d3,m074516_o_min_ord30_rk00002,30,0.443528257305411,2.7874302980927217,9,Democracy
CN->CN,o_min,xgb_tree_d3,m071524_o_min_ord27_rk00010,27,0.4434479427702915,2.815460540067162,9,Democracy
CN->CN,o_min,xgb_tree_d3,m066518_o_min_ord22_rk00004,22,0.4433944215618162,2.731431053591683,9,Democracy
CN->CN,o_min,xgb_tree_d3,m067518_o_min_ord23_rk00004,23,0.4430889266901477,2.9140163035068443,9,Democracy
CN->CN,o_min,xgb_tree_d3,m073518_o_min_ord29_rk00004,29,0.442959991228041,2.8271584782454653,9,Democracy
CN->CN,o_min,xgb_tree_d3,m070515_o_min_ord26_rk00001,26,0.4429359927440986,2.8536700092563416,9,Democracy
CN->CN,o_min,xgb_tree_d3,m066533_o_min_ord22_rk00019,22,0.4429250783722332,2.8045965297024473,9,Democracy
CN->CN,o_min,xgb_tree_d3,m074518_o_min_ord30_rk00004,30,0.4429232948969918,2.7874302980927217,9,Democracy
CN->CN,o_min,xgb_tree_d3,m069525_o_min_ord25_rk00011,25,0.4428714898372303,2.8676013115120567,9,Democracy
CN->CN,o_min,xgb_tree_d3,m070527_o_min_ord26_rk00013,26,0.4426849461891067,2.8536700092563416,9,Democracy
CN->CN,o_min,xgb_tree_d3,m074533_o_min_ord30_rk00019,30,0.4426780416946572,2.7874302980927217,9,Democracy
CN->CN,o_min,xgb_tree_d3,m071527_o_min_ord27_rk00013,27,0.442638844659131,2.9024425973114867,9,Democracy
CN->CN,o_min,xgb_tree_d3,m065534_o_min_ord21_rk00020,21,0.4425825948120552,2.7606668272315975,8,Democracy
CN->CN,o_min,xgb_tree_d3,m073526_o_min_ord29_rk00012,29,0.4425738133356388,2.8566327186686844,9,Democracy
CN->CN,o_min,xgb_tree_d3,m065528_o_min_ord21_rk00014,21,0.4424598576051228,2.9463875191311275,9,Democracy
CN->CN,o_min,xgb_tree_d3,m074532_o_min_ord30_rk00018,30,0.4423001088756632,2.9437621626224817,10,Democracy
CN->CN,o_min,xgb_tree_d3,m065523_o_min_ord21_rk00009,21,0.4422697961880093,2.6606732334168424,7,Democracy
CN->CN,o_min,xgb_tree_d3,m067522_o_min_ord23_rk00008,23,0.4422435455976339,2.9140163035068443,9,Democracy
CN->CN,o_min,xgb_tree_d3,m070534_o_min_ord26_rk00020,26,0.4421930384466078,2.8536700092563416,9,Democracy
CN->CN,o_min,xgb_tree_d3,m069527_o_min_ord25_rk00013,25,0.4421377273979848,2.8676013115120567,9,Democracy
CN->CN,o_min,xgb_tree_d3,m074534_o_min_ord30_rk00020,30,0.442073900589452,2.7874302980927217,9,Democracy
CN->CN,o_min,xgb_tree_d3,m050533_o_min_ord6_rk00019,6,0.4420421928545888,1.9182958340544896,4,Precipitation/droughts
CN->CN,o_min,xgb_tree_d3,m055520_o_min_ord11_rk00006,11,0.4420413047172854,2.481714572986073,6,Democracy
CN->CN,o_min,xgb_tree_d3,m065515_o_min_ord21_rk00001,21,0.4418671839142676,2.9463875191311275,9,Democracy
CN->CN,o_min,xgb_tree_d3,m067516_o_min_ord23_rk00002,23,0.4416478353466191,2.9140163035068443,9,Democracy
CN->CN,o_min,xgb_tree_d3,m061524_o_min_ord17_rk00010,17,0.441521118150562,2.498077546623641,7,Democracy
CN->CN,o_min,xgb_tree_d3,m074531_o_min_ord30_rk00017,30,0.4413541878468968,2.9437621626224817,10,Democracy
CN->CN,o_min,xgb_tree_d3,m072527_o_min_ord28_rk00013,28,0.4412929798322478,2.935698780751651,9,Democracy
CN->CN,o_min,xgb_tree_d3,m063517_o_min_ord19_rk00003,19,0.4412201901661046,2.8000446184790095,9,Democracy
CN->CN,o_min,xgb_tree_d3,m073523_o_min_ord29_rk00009,29,0.4412022418482707,2.8271584782454653,9,Democracy
CN->CN,o_min,xgb_tree_d3,m052516_o_min_ord8_rk00002,8,0.4411565110964397,2.25,5,Temperature
CN->CN,o_min,xgb_tree_d3,m067520_o_min_ord23_rk00006,23,0.4411512007934774,2.9424955222917832,9,Democracy
CN->CN,o_min,xgb_tree_d3,m063530_o_min_ord19_rk00016,19,0.4410239424376737,2.9000516989995426,9,Democracy
CN->CN,o_min,xgb_tree_d3,m054519_o_min_ord10_rk00005,10,0.4409853322767795,2.2464393446710154,5,Democracy
CN->CN,o_min,xgb_tree_d3,m063518_o_min_ord19_rk00004,19,0.4408635900616278,2.9053077763737467,8,Democracy
CN->CN,o_min,xgb_tree_d3,m074528_o_min_ord30_rk00014,30,0.4407565375665899,2.9437621626224817,10,Democracy
CN->CN,o_min,xgb_tree_d3,m063529_o_min_ord19_rk00015,19,0.4406783324673528,2.4370658315190226,7,Democracy
CN->CN,o_min,xgb_tree_d3,m062521_o_min_ord18_rk00007,18,0.4406663559260374,2.7107770844150676,7,Precipitation/droughts
CN->CN,o_min,xgb_tree_d3,m066521_o_min_ord22_rk00007,22,0.4405105423967926,2.9317206879810787,9,Democracy
CN->CN,o_min,xgb_tree_d3,m066526_o_min_ord22_rk00012,22,0.4403870178520144,2.7136874387933565,8,Democracy
CN->CN,o_min,xgb_tree_d3,m067534_o_min_ord23_rk00020,23,0.4403593063060225,2.8598809775139515,9,Democracy
CN->CN,o_min,xgb_tree_d3,m069521_o_min_ord25_rk00007,25,0.440356293853007,2.8888840705376357,9,Democracy
CN->CN,o_min,xgb_tree_d3,m066515_o_min_ord22_rk00001,22,0.4402516056804388,2.9540036423298544,9,Democracy
CN->CN,o_min,xgb_tree_d3,m058531_o_min_ord14_rk00017,14,0.4402045486875569,2.6455933144511468,7,Temperature
CN->CN,o_min,xgb_tree_d3,m062534_o_min_ord18_rk00020,18,0.4400553219643925,2.6416041678685938,7,Precipitation/droughts
CN->CN,o_min,xgb_tree_d3,m070530_o_min_ord26_rk00016,26,0.4400262382577884,2.8536700092563416,9,Democracy
CN->CN,o_min,xgb_tree_d3,m052527_o_min_ord8_rk00013,8,0.4399746968297647,2.25,5,Precipitation/droughts
CN->CN,o_min,xgb_tree_d3,m065516_o_min_ord21_rk00002,21,0.4399277071399734,2.915195993795242,9,Democracy
CN->CN,o_min,xgb_tree_d3,m058529_o_min_ord14_rk00015,14,0.439923236494204,2.610577243331642,7,Temperature
CN->CN,o_min,xgb_tree_d3,m049520_o_min_ord5_rk00006,5,0.4398671490378237,1.9219280948873623,4,Air Pollution
CN->CN,o_min,xgb_tree_d3,m071530_o_min_ord27_rk00016,27,0.4398556697198486,2.976516671385561,10,Democracy
CN->CN,o_min,xgb_tree_d3,m071523_o_min_ord27_rk00009,27,0.4398199884351009,2.741386465993088,8,Democracy
CN->CN,o_min,xgb_tree_d3,m068525_o_min_ord24_rk00011,24,0.4397801102325245,2.892079563925711,9,Democracy
CN->CN,o_min,xgb_tree_d3,m073521_o_min_ord29_rk00007,29,0.43957199572656,2.8271584782454653,9,Democracy
CN->CN,o_min,xgb_tree_d3,m068518_o_min_ord24_rk00004,24,0.4395679890139635,2.8699100232740657,9,Democracy
CN->CN,o_min,xgb_tree_d3,m074520_o_min_ord30_rk00006,30,0.4395364211316472,2.9437621626224817,10,Democracy
CN->CN,o_min,xgb_tree_d3,m048533_o_min_ord4_rk00019,4,0.4394087463978122,1.5,3,Air Pollution
CN->CN,o_min,xgb_tree_d3,m050523_o_min_ord6_rk00009,6,0.4391380311862687,1.9182958340544896,4,Precipitation/droughts
CN->CN,o_min,xgb_tree_d3,m074530_o_min_ord30_rk00016,30,0.4389712924619109,2.8770954959558153,9,Democracy
CN->CN,o_min,xgb_tree_d3,m054530_o_min_ord10_rk00016,10,0.4389569029672817,2.4464393446710155,6,Temperature
CN->CN,o_min,xgb_tree_d3,m070533_o_min_ord26_rk00019,26,0.4389158101346243,2.8536700092563416,9,Democracy
CN->CN,o_min,xgb_tree_d3,m071532_o_min_ord27_rk00018,27,0.4388959579735454,2.861575817764811,9,Democracy
CN->CN,o_min,xgb_tree_d3,m064530_o_min_ord20_rk00016,20,0.438873636942609,2.6841837197791887,7,Temperature
CN->CN,o_min,xgb_tree_d3,m064518_o_min_ord20_rk00004,20,0.4388575061969902,2.739353872167201,9,Democracy
CN->CN,o_min,xgb_tree_d3,m060521_o_min_ord16_rk00007,16,0.4385057418077331,2.6556390622295662,7,Temperature
CN->CN,o_min,xgb_tree_d3,m051531_o_min_ord7_rk00017,7,0.4384680911975549,1.5566567074628228,3,Democracy
CN->CN,o_min,xgb_tree_d3,m051533_o_min_ord7_rk00019,7,0.4383180483243729,1.8423709931771086,4,Democracy
CN->CN,o_min,xgb_tree_d3,m050526_o_min_ord6_rk00012,6,0.43820734906406,1.9182958340544896,4,Precipitation/droughts
CN->CN,o_min,xgb_tree_d3,m073527_o_min_ord29_rk00013,29,0.4381851497228503,2.8961239954868447,10,Democracy
CN->CN,o_min,xgb_tree_d3,m059527_o_min_ord15_rk00013,15,0.4381521740209814,2.8225797618424915,8,Temperature
CN->CN,o_min,xgb_tree_d3,m064528_o_min_ord20_rk00014,20,0.4380586970534842,2.7709505944546686,8,Democracy
CN->CN,o_min,xgb_tree_d3,m067521_o_min_ord23_rk00007,23,0.4380033424288037,2.8927021732601896,9,Democracy
CN->CN,o_min,xgb_tree_d3,m071534_o_min_ord27_rk00020,27,0.437999082305282,2.9024425973114867,9,Democracy
CN->CN,o_min,xgb_tree_d3,m059530_o_min_ord15_rk00016,15,0.4379878140395763,2.256564762130954,5,Temperature
CN->CN,o_min,xgb_tree_d3,m073530_o_min_ord29_rk00016,29,0.4379765297054998,2.8566327186686844,9,Democracy
CN->CN,o_min,xgb_tree_d3,m073532_o_min_ord29_rk00018,29,0.4378004172714486,2.8271584782454653,9,Democracy
CN->CN,o_min,xgb_tree_d3,m067524_o_min_ord23_rk00010,23,0.4377578688481204,2.8768531307993075,9,Democracy
CN->CN,o_min,xgb_tree_d3,m056516_o_min_ord12_rk00002,12,0.4377128187849883,2.4591479170272446,6,Temperature
CN->CN,o_min,xgb_tree_d3,m068531_o_min_ord24_rk00017,24,0.4376842211011938,2.8699100232740657,9,Democracy
CN->CN,o_min,xgb_tree_d3,m066525_o_min_ord22_rk00011,22,0.4376446205418081,2.9019469592513696,9,Democracy
CN->CN,o_min,xgb_tree_d3,m059533_o_min_ord15_rk00019,15,0.4375447502969612,2.8225797618424915,8,Temperature
CN->CN,o_min,xgb_tree_d3,m066523_o_min_ord22_rk00009,22,0.4374755200411316,2.8045965297024473,9,Democracy
CN->CN,o_min,xgb_tree_d3,m060533_o_min_ord16_rk00019,16,0.4370902547532701,2.8584585933443494,8,Temperature
CN->CN,o_min,xgb_tree_d3,m073520_o_min_ord29_rk00006,29,0.4370758487308106,2.7447322877088034,8,Democracy
CN->CN,o_min,xgb_tree_d3,m050515_o_min_ord6_rk00001,6,0.4369632723576153,1.4591479170272448,3,Democracy
CN->CN,o_min,xgb_tree_d3,m064524_o_min_ord20_rk00010,20,0.4369205267394483,2.6841837197791887,7,Temperature
CN->CN,o_min,xgb_tree_d3,m051529_o_min_ord7_rk00015,7,0.4368869507510308,1.8423709931771086,4,Democracy
CN->CN,o_min,xgb_tree_d3,m058520_o_min_ord14_rk00006,14,0.4368606264184581,2.8423709931771084,8,Temperature
CN->CN,o_min,xgb_tree_d3,m065517_o_min_ord21_rk00003,21,0.4368160598815783,2.7373227798185953,7,Temperature
CN->CN,o_min,xgb_tree_d3,m065533_o_min_ord21_rk00019,21,0.4368129411350425,2.7199643047423914,7,Democracy
CN->CN,o_min,xgb_tree_d3,m066530_o_min_ord22_rk00016,22,0.4367459521662441,2.867633890971212,9,Democracy
CN->CN,o_min,xgb_tree_d3,m067529_o_min_ord23_rk00015,23,0.4367169711464254,2.6967788068829472,8,Democracy
CN->CN,o_min,xgb_tree_d3,m066520_o_min_ord22_rk00006,22,0.43671250756712,2.737872392231515,8,Democracy
CN->CN,o_min,xgb_tree_d3,m072520_o_min_ord28_rk00006,28,0.4366969646447018,2.937193208607594,10,Democracy
CN->CN,o_min,xgb_tree_d3,m064515_o_min_ord20_rk00001,20,0.4366949619608259,2.6841837197791887,7,Temperature
CN->CN,o_min,xgb_tree_d3,m073519_o_min_ord29_rk00005,29,0.4366890409177341,2.8271584782454653,9,Democracy
CN->CN,o_min,xgb_tree_d3,m072530_o_min_ord28_rk00016,28,0.4366465220033125,2.935698780751651,9,Democracy
CN->CN,o_min,xgb_tree_d3,m065531_o_min_ord21_rk00017,21,0.4366110797153625,2.9463875191311275,9,Democracy
CN->CN,o_min,xgb_tree_d3,m066531_o_min_ord22_rk00017,22,0.4365540003803408,2.9540036423298544,9,Democracy
CN->CN,o_min,xgb_tree_d3,m065519_o_min_ord21_rk00005,21,0.4365284921975668,2.7199643047423914,8,Democracy
CN->CN,o_min,xgb_tree_d3,m050525_o_min_ord6_rk00011,6,0.4363930057248093,1.4591479170272448,3,Democracy
CN->CN,o_min,xgb_tree_d3,m059520_o_min_ord15_rk00006,15,0.4363851180358484,2.8225797618424915,8,Temperature
CN->CN,o_min,xgb_tree_d3,m059517_o_min_ord15_rk00003,15,0.4363152714068687,2.8225797618424915,8,Temperature
CN->CN,o_min,xgb_tree_d3,m060532_o_min_ord16_rk00018,16,0.4363145188501204,2.8584585933443494,8,Temperature
CN->CN,o_min,xgb_tree_d3,m051522_o_min_ord7_rk00008,7,0.4362950518939932,2.2359263506290326,5,Precipitation/droughts
CN->CN,o_min,xgb_tree_d3,m062525_o_min_ord18_rk00011,18,0.4362598634485428,2.591793226077496,8,Democracy
CN->CN,o_min,xgb_tree_d3,m058530_o_min_ord14_rk00016,14,0.4361198543844311,2.6455933144511468,7,Temperature
CN->CN,o_min,xgb_tree_d3,m072522_o_min_ord28_rk00008,28,0.4360935786826041,2.780394654123194,8,Democracy
CN->CN,o_min,xgb_tree_d3,m061516_o_min_ord17_rk00002,17,0.436087459466509,2.498077546623641,7,Democracy
CN->CN,o_min,xgb_tree_d3,m064519_o_min_ord20_rk00005,20,0.4360519533791871,2.7464393446710154,7,Precipitation/droughts
CN->CN,o_min,xgb_tree_d3,m063519_o_min_ord19_rk00005,19,0.4360223501095146,2.7603136973125117,7,Precipitation/droughts
CN->CN,o_min,xgb_tree_d3,m063533_o_min_ord19_rk00019,19,0.4359014076190134,2.694781460584273,7,Temperature
CN->CN,o_min,xgb_tree_d3,m059519_o_min_ord15_rk00005,15,0.4358689453713185,2.8225797618424915,8,Temperature
CN->CN,o_min,xgb_tree_d3,m065529_o_min_ord21_rk00015,21,0.4358112023888552,2.9463875191311275,9,Temperature
CN->CN,o_min,xgb_tree_d3,m071529_o_min_ord27_rk00015,27,0.4358063823988151,2.9341001148030923,9,Democracy
CN->CN,o_min,xgb_tree_d3,m073533_o_min_ord29_rk00019,29,0.4357516167566937,2.8271584782454653,9,Democracy
CN->CN,o_min,xgb_tree_d3,m051519_o_min_ord7_rk00005,7,0.4357153045707623,1.3787834934861753,3,Democracy
CN->CN,o_min,xgb_tree_d3,m063515_o_min_ord19_rk00001,19,0.4356967748755611,2.6947814605842733,7,Temperature
CN->CN,o_min,xgb_tree_d3,m048531_o_min_ord4_rk00017,4,0.4356632081880758,1.5,3,Air Pollution
CN->CN,o_min,xgb_tree_d3,m059522_o_min_ord15_rk00008,15,0.4355263435186696,2.4729055953200563,6,Democracy
CN->CN,o_min,xgb_tree_d3,m069515_o_min_ord25_rk00001,25,0.4353715532762289,2.8676013115120567,9,Democracy
CN->CN,o_min,xgb_tree_d3,m069519_o_min_ord25_rk00005,25,0.4353529429559902,2.823465189601647,9,Democracy
CN->CN,o_min,xgb_tree_d3,m063522_o_min_ord19_rk00008,19,0.4352934599933111,2.7153266987718094,7,Democracy
CN->CN,o_min,xgb_tree_d3,m052524_o_min_ord8_rk00010,8,0.4351546293906146,1.561278124459133,3,Precipitation/droughts
CN->CN,o_min,xgb_tree_d3,m048522_o_min_ord4_rk00008,4,0.4351441992581868,1.5,3,Air Pollution
CN->CN,o_min,xgb_tree_d3,m059532_o_min_ord15_rk00018,15,0.435129137465446,2.689246428509158,7,Air Pollution
CN->CN,o_min,xgb_tree_d3,m072524_o_min_ord28_rk00010,28,0.4351263467449697,2.865764637179023,9,Democracy
CN->CN,o_min,xgb_tree_d3,m069517_o_min_ord25_rk00003,25,0.4350529118103904,2.8530201924480454,9,Democracy
CN->CN,o_min,xgb_tree_d3,m063524_o_min_ord19_rk00010,19,0.4348989398187367,2.694781460584273,7,Temperature
CN->CN,o_min,xgb_tree_d3,m070520_o_min_ord26_rk00006,26,0.4348818482307038,2.8252517372886508,9,Democracy
CN->CN,o_min,xgb_tree_d3,m060530_o_min_ord16_rk00016,16,0.4348199091131584,2.686278124459133,7,Air Pollution
CN->CN,o_min,xgb_tree_d3,m063516_o_min_ord19_rk00002,19,0.4347532522711875,2.8000446184790095,9,Democracy
CN->CN,o_min,xgb_tree_d3,m056517_o_min_ord12_rk00003,12,0.4345377797696095,2.688721875540867,7,Temperature
CN->CN,o_min,xgb_tree_d3,m061518_o_min_ord17_rk00004,17,0.434509625144955,2.6312929881819,7,Temperature
CN->CN,o_min,xgb_tree_d3,m062522_o_min_ord18_rk00008,18,0.4344899637262202,2.905764584655453,8,Democracy
CN->CN,o_min,xgb_tree_d3,m063523_o_min_ord19_rk00009,19,0.4343518651552599,2.6292492238560348,7,Temperature
CN->CN,o_min,xgb_tree_d3,m059526_o_min_ord15_rk00012,15,0.4343313006420816,2.4729055953200563,6,Temperature
CN->CN,o_min,xgb_tree_d3,m065520_o_min_ord21_rk00006,21,0.4343002539382912,2.9463875191311275,9,Democracy
CN->CN,o_min,xgb_tree_d3,m071521_o_min_ord27_rk00007,27,0.4342938180655781,2.8139107630313687,8,Democracy
CN->CN,o_min,xgb_tree_d3,m065526_o_min_ord21_rk00012,21,0.4342412496694439,2.7179717342678,8,Democracy
CN->CN,o_min,xgb_tree_d3,m070523_o_min_ord26_rk00009,26,0.4341390325399722,2.8252517372886508,9,Democracy
CN->CN,o_min,xgb_tree_d3,m059523_o_min_ord15_rk00009,15,0.4340228228001556,2.256564762130954,5,Temperature
CN->CN,o_min,xgb_tree_d3,m065522_o_min_ord21_rk00008,21,0.4340222304000689,2.7199643047423914,7,Democracy
CN->CN,o_min,xgb_tree_d3,m051521_o_min_ord7_rk00007,7,0.4338757146585364,2.2359263506290326,5,Precipitation/droughts
CN->CN,o_min,xgb_tree_d3,m073516_o_min_ord29_rk00002,29,0.4338639969903998,2.900915908846073,9,Democracy
CN->CN,o_min,xgb_tree_d3,m072534_o_min_ord28_rk00020,28,0.4338459424720727,2.937193208607594,10,Democracy
CN->CN,o_min,xgb_tree_d3,m048524_o_min_ord4_rk00010,4,0.4337946057411638,1.5,3,Air Pollution
CN->CN,o_min,xgb_tree_d3,m069522_o_min_ord25_rk00008,25,0.4337009828511894,2.8676013115120567,9,Democracy
CN->CN,o_min,xgb_tree_d3,m065525_o_min_ord21_rk00011,21,0.4336752864663225,2.7606668272315975,8,Democracy
CN->CN,o_min,xgb_tree_d3,m054517_o_min_ord10_rk00003,10,0.4336531490780917,2.170950594454669,5,Air Pollution
CN->CN,o_min,xgb_tree_d3,m064532_o_min_ord20_rk00018,20,0.4336192240260152,2.9414460711655215,9,Democracy
CN->CN,o_min,xgb_tree_d3,m061533_o_min_ord17_rk00019,17,0.4335970642529398,2.9109922530150456,9,Temperature
CN->CN,o_min,xgb_tree_d3,m061522_o_min_ord17_rk00008,17,0.4335814288140772,2.513645929358371,6,Temperature
CN->CN,o_min,xgb_tree_d3,m062515_o_min_ord18_rk00001,18,0.4334391168953718,2.858278308418045,9,Democracy
CN->CN,o_min,xgb_tree_d3,m073534_o_min_ord29_rk00020,29,0.4334364390551413,2.983342099382735,10,Democracy
CN->CN,o_min,xgb_tree_d3,m060516_o_min_ord16_rk00002,16,0.4333780646244209,2.5306390622295662,6,Temperature
CN->CN,o_min,xgb_tree_d3,m060526_o_min_ord16_rk00012,16,0.433343799429097,2.7806390622295662,8,Temperature
CN->CN,o_min,xgb_tree_d3,m049515_o_min_ord5_rk00001,5,0.4332810108895824,1.5219280948873621,3,Precipitation/droughts
CN->CN,o_min,xgb_tree_d3,m061529_o_min_ord17_rk00015,17,0.4331413133161452,2.380430487800112,6,Democracy
CN->CN,o_min,xgb_tree_d3,m047518_o_min_ord3_rk00004,3,0.4330125604107155,0.9182958340544896,2,Democracy
CN->CN,o_min,xgb_tree_d3,m051532_o_min_ord7_rk00018,7,0.4329555402993824,1.8423709931771086,4,Democracy
CN->CN,o_min,xgb_tree_d3,m072518_o_min_ord28_rk00004,28,0.4329499614502302,2.865764637179023,9,Democracy
CN->CN,o_min,xgb_tree_d3,m052525_o_min_ord8_rk00011,8,0.4328999749526447,1.75,4,Democracy
CN->CN,o_min,xgb_tree_d3,m060517_o_min_ord16_rk00003,16,0.4327632743636728,2.452819531114783,6,Temperature
CN->CN,o_min,xgb_tree_d3,m065524_o_min_ord21_rk00010,21,0.4325392184981259,2.6606732334168424,7,Democracy
CN->CN,o_min,xgb_tree_d3,m063526_o_min_ord19_rk00012,19,0.4325338744608356,2.694781460584273,7,Precipitation/droughts
CN->CN,o_min,xgb_tree_d3,m060518_o_min_ord16_rk00004,16,0.4324276200337728,2.452819531114783,6,Temperature
CN->CN,o_min,xgb_tree_d3,m062524_o_min_ord18_rk00010,18,0.4324247514878299,2.6416041678685938,7,Temperature
CN->CN,o_min,xgb_tree_d3,m060524_o_min_ord16_rk00010,16,0.4323262313928347,2.6556390622295662,7,Temperature
CN->CN,o_min,xgb_tree_d3,m062516_o_min_ord18_rk00002,18,0.4322630941029542,2.7107770844150676,7,Precipitation/droughts
CN->CN,o_min,xgb_tree_d3,m072525_o_min_ord28_rk00011,28,0.432134976215538,2.7754316010011366,9,Democracy
CN->CN,o_min,xgb_tree_d3,m069530_o_min_ord25_rk00016,25,0.4321342953249399,2.84307418942857,8,Democracy
CN->CN,o_min,xgb_tree_d3,m061528_o_min_ord17_rk00014,17,0.4321081515677951,2.6601297526332566,7,Democracy
CN->CN,o_min,xgb_tree_d3,m060523_o_min_ord16_rk00009,16,0.4321058713527339,2.7806390622295662,8,Democracy
CN->CN,o_min,xgb_tree_d3,m069520_o_min_ord25_rk00006,25,0.4320751685315859,2.8676013115120567,9,Democracy
CN->CN,o_min,xgb_tree_d3,m056527_o_min_ord12_rk00013,12,0.4319251647577616,2.688721875540867,7,Air Pollution
CN->CN,o_min,xgb_tree_d3,m064517_o_min_ord20_rk00003,20,0.431903877271875,2.6841837197791887,7,Temperature
CN->CN,o_min,xgb_tree_d3,m054531_o_min_ord10_rk00017,10,0.4318778750851071,2.2464393446710154,5,Socioeconomic
CN->CN,o_min,xgb_tree_d3,m062526_o_min_ord18_rk00012,18,0.4318605838706547,2.4830067805200744,6,Democracy
CN->CN,o_min,xgb_tree_d3,m057525_o_min_ord13_rk00011,13,0.431771846848865,2.7192945256669794,7,Air Pollution
CN->CN,o_min,xgb_tree_d3,m060528_o_min_ord16_rk00014,16,0.4317417279297144,2.8584585933443494,8,Temperature
CN->CN,o_min,xgb_tree_d3,m055530_o_min_ord11_rk00016,11,0.4317388003914228,2.481714572986073,6,Temperature
CN->CN,o_min,xgb_tree_d3,m059534_o_min_ord15_rk00020,15,0.4317238049237851,2.689246428509158,7,Air Pollution
CN->CN,o_min,xgb_tree_d3,m064534_o_min_ord20_rk00020,20,0.431629826802994,2.6841837197791887,7,Temperature
CN->CN,o_min,xgb_tree_d3,m061519_o_min_ord17_rk00005,17,0.431546755778895,2.6312929881819,7,Temperature
CN->CN,o_min,xgb_tree_d3,m054516_o_min_ord10_rk00002,10,0.4312251873024654,2.2464393446710154,5,Socioeconomic
CN->CN,o_min,xgb_tree_d3,m061517_o_min_ord17_rk00003,17,0.4310693388805822,2.7045348998193433,7,Temperature
CN->CN,o_min,xgb_tree_d3,m061527_o_min_ord17_rk00013,17,0.4310597979552839,2.7045348998193433,7,Temperature
CN->CN,o_min,xgb_tree_d3,m064525_o_min_ord20_rk00011,20,0.4309501383918044,2.6037016960573482,7,Democracy
CN->CN,o_min,xgb_tree_d3,m073522_o_min_ord29_rk00008,29,0.430896229183903,2.900915908846073,9,Democracy
CN->CN,o_min,xgb_tree_d3,m058534_o_min_ord14_rk00020,14,0.4308611428416334,2.5027361715940035,6,Air Pollution
CN->CN,o_min,xgb_tree_d3,m053515_o_min_ord9_rk00001,9,0.4308201183594261,2.197159723424149,5,Socioeconomic
CN->CN,o_min,xgb_tree_d3,m055516_o_min_ord11_rk00002,11,0.4307229310783493,2.663532754804255,7,Temperature
CN->CN,o_min,xgb_tree_d3,m059521_o_min_ord15_rk00007,15,0.4307208709076717,2.689246428509158,7,Air Pollution
CN->CN,o_min,xgb_tree_d3,m062527_o_min_ord18_rk00013,18,0.4306927041987705,2.683542362433231,7,Temperature
CN->CN,o_min,xgb_tree_d3,m049528_o_min_ord5_rk00014,5,0.4304410368099527,1.5219280948873621,3,Precipitation/droughts
CN->CN,o_min,xgb_tree_d3,m061523_o_min_ord17_rk00009,17,0.4303840366601043,2.7333716642706998,7,Air Pollution
CN->CN,o_min,xgb_tree_d3,m059528_o_min_ord15_rk00014,15,0.430374847758657,2.689246428509158,7,Air Pollution
CN->CN,o_min,xgb_tree_d3,m056533_o_min_ord12_rk00019,12,0.4303396066039252,2.292481250360578,5,Temperature
CN->CN,o_min,xgb_tree_d3,m051515_o_min_ord7_rk00001,7,0.4303259808305117,2.2359263506290326,5,Precipitation/droughts
CN->CN,o_min,xgb_tree_d3,m069528_o_min_ord25_rk00014,25,0.4303131644489206,2.8676013115120567,9,Democracy
CN->CN,o_min,xgb_tree_d3,m058523_o_min_ord14_rk00009,14,0.4302605697030112,2.2359263506290326,5,Temperature
CN->CN,o_min,xgb_tree_d3,m062517_o_min_ord18_rk00003,18,0.4302227582371947,2.7107770844150676,7,Temperature
CN->CN,o_min,xgb_tree_d3,m048526_o_min_ord4_rk00012,4,0.4301571521957347,1.5,3,Air Pollution
CN->CN,o_min,xgb_tree_d3,m069518_o_min_ord25_rk00004,25,0.4300755369539787,2.8676013115120567,9,Democracy
CN->CN,o_min,xgb_tree_d3,m056522_o_min_ord12_rk00008,12,0.4299218477943658,2.688721875540867,7,Temperature
CN->CN,o_min,xgb_tree_d3,m061525_o_min_ord17_rk00011,17,0.4298669772357033,2.6601297526332566,8,Democracy
CN->CN,o_min,xgb_tree_d3,m064522_o_min_ord20_rk00008,20,0.4297891054892092,2.865957320949175,8,Democracy
CN->CN,o_min,xgb_tree_d3,m061526_o_min_ord17_rk00012,17,0.4297237889278676,2.7045348998193433,7,Temperature
CN->CN,o_min,xgb_tree_d3,m066529_o_min_ord22_rk00015,22,0.429698814427039,2.9019469592513696,9,Democracy
CN->CN,o_min,xgb_tree_d3,m061531_o_min_ord17_rk00017,17,0.4294846002513347,2.6312929881819,7,Temperature
CN->CN,o_min,xgb_tree_d3,m062518_o_min_ord18_rk00004,18,0.4293218744496297,2.4885548621928453,7,Democracy
CN->CN,o_min,xgb_tree_d3,m056528_o_min_ord12_rk00014,12,0.4292501946187782,2.292481250360578,5,Temperature
CN->CN,o_min,xgb_tree_d3,m063520_o_min_ord19_rk00006,19,0.4292238740224876,2.6947814605842733,7,Temperature
CN->CN,o_min,xgb_tree_d3,m057527_o_min_ord13_rk00013,13,0.4289893835045268,2.6031579868726,7,Temperature
CN->CN,o_min,xgb_tree_d3,m073531_o_min_ord29_rk00017,29,0.428968594695844,2.983342099382735,10,Democracy
CN->CN,o_min,xgb_tree_d3,m047527_o_min_ord3_rk00013,3,0.4289393730218863,0.9182958340544896,2,Democracy
CN->CN,o_min,xgb_tree_d3,m072533_o_min_ord28_rk00019,28,0.4289144518363873,2.7754316010011366,9,Democracy
CN->CN,o_min,xgb_tree_d3,m056520_o_min_ord12_rk00006,12,0.4288867687004744,2.6258145836939115,7,Temperature
CN->CN,o_min,xgb_tree_d3,m062530_o_min_ord18_rk00016,18,0.4287915904333951,2.6688388898504303,8,Democracy
CN->CN,o_min,xgb_tree_d3,m061521_o_min_ord17_rk00007,17,0.428778115395333,2.41896119556797,6,Democracy
CN->CN,o_min,xgb_tree_d3,m051534_o_min_ord7_rk00020,7,0.4287304901304704,2.5216406363433186,6,Precipitation/droughts
CN->CN,o_min,xgb_tree_d3,m069529_o_min_ord25_rk00015,25,0.4287099556754127,2.8888840705376357,9,Democracy
CN->CN,o_min,xgb_tree_d3,m056529_o_min_ord12_rk00015,12,0.4286400923128377,2.688721875540867,7,Air Pollution
CN->CN,o_min,xgb_tree_d3,m060525_o_min_ord16_rk00011,16,0.4284626414205261,2.452819531114783,6,Temperature
CN->CN,o_min,xgb_tree_d3,m057533_o_min_ord13_rk00019,13,0.4284138944791937,2.6612262562697895,7,Temperature
CN->CN,o_min,xgb_tree_d3,m061532_o_min_ord17_rk00018,17,0.4284101856487116,2.4692407821722844,6,Temperature
CN->CN,o_min,xgb_tree_d3,m057531_o_min_ord13_rk00017,13,0.4283678400280601,2.2954656791802917,5,Air Pollution
CN->CN,o_min,xgb_tree_d3,m061530_o_min_ord17_rk00016,17,0.4283227487229458,2.6312929881819,7,Temperature
CN->CN,o_min,xgb_tree_d3,m062519_o_min_ord18_rk00005,18,0.4283142067481115,2.683542362433231,7,Temperature
CN->CN,o_min,xgb_tree_d3,m061534_o_min_ord17_rk00020,17,0.4281315463873528,2.7045348998193433,7,Temperature
CN->CN,o_min,xgb_tree_d3,m049534_o_min_ord5_rk00020,5,0.428007354550697,1.9219280948873623,4,Precipitation/droughts
CN->CN,o_min,xgb_tree_d3,m061515_o_min_ord17_rk00001,17,0.4279357074097576,2.7333716642706998,7,Air Pollution
CN->CN,o_min,xgb_tree_d3,m060519_o_min_ord16_rk00005,16,0.4278971077369609,2.7334585933443494,7,Air Pollution
CN->CN,o_min,xgb_tree_d3,m059525_o_min_ord15_rk00011,15,0.4278210129983267,2.5492553971685,7,Democracy
CN->CN,o_min,xgb_tree_d3,m065527_o_min_ord21_rk00013,21,0.4277382333644515,2.6606732334168424,7,Democracy
CN->CN,o_min,xgb_tree_d3,m057516_o_min_ord13_rk00002,13,0.4277049205331267,2.6235166412180155,7,Temperature
CN->CN,o_min,xgb_tree_d3,m072526_o_min_ord28_rk00012,28,0.4276959725798288,2.865764637179023,9,Democracy
CN->CN,o_min,xgb_tree_d3,m057517_o_min_ord13_rk00003,13,0.4276617594597142,2.6612262562697895,7,Temperature
CN->CN,o_min,xgb_tree_d3,m047521_o_min_ord3_rk00007,3,0.4275506953495025,0.9182958340544896,2,Democracy
CN->CN,o_min,xgb_tree_d3,m073529_o_min_ord29_rk00015,29,0.4274375481152515,2.900915908846073,9,Democracy
CN->CN,o_min,xgb_tree_d3,m057522_o_min_ord13_rk00008,13,0.4273671166835922,2.6612262562697895,7,Temperature
CN->CN,o_min,xgb_tree_d3,m064520_o_min_ord20_rk00006,20,0.4272030299383158,2.884183719779189,8,Precipitation/droughts
CN->CN,o_min,xgb_tree_d3,m060522_o_min_ord16_rk00008,16,0.4271162315981446,2.6556390622295662,7,Temperature
CN->CN,o_min,xgb_tree_d3,m060520_o_min_ord16_rk00006,16,0.4271026752089166,2.8584585933443494,8,Temperature
CN->CN,o_min,xgb_tree_d3,m055519_o_min_ord11_rk00005,11,0.4270286883332687,2.663532754804255,7,Air Pollution
CN->CN,o_min,xgb_tree_d3,m073524_o_min_ord29_rk00010,29,0.4270146651088264,2.983342099382735,10,Democracy
CN->CN,o_min,xgb_tree_d3,m059529_o_min_ord15_rk00015,15,0.4270047327341598,2.656564762130954,7,Temperature
CN->CN,o_min,xgb_tree_d3,m073525_o_min_ord29_rk00011,29,0.426935096293658,2.900915908846073,9,Democracy
CN->CN,o_min,xgb_tree_d3,m074525_o_min_ord30_rk00011,30,0.4267644680274706,2.8640835117703762,9,Democracy
CN->CN,o_min,xgb_tree_d3,m072515_o_min_ord28_rk00001,28,0.4266996183193344,2.780394654123194,8,Democracy
CN->CN,o_min,xgb_tree_d3,m058525_o_min_ord14_rk00011,14,0.4265913090338274,2.8423709931771084,8,Temperature
CN->CN,o_min,xgb_tree_d3,m056515_o_min_ord12_rk00001,12,0.4265893055843758,2.688721875540867,7,Temperature
CN->CN,o_min,xgb_tree_d3,m053520_o_min_ord9_rk00006,9,0.4264539802454489,2.2810361125534238,5,Air Pollution
CN->CN,o_min,xgb_tree_d3,m055534_o_min_ord11_rk00020,11,0.4264321613767456,2.2998963911678914,6,Temperature
CN->CN,o_min,xgb_tree_d3,m072528_o_min_ord28_rk00014,28,0.4262811266880685,2.8962915290459277,9,Democracy
CN->CN,o_min,xgb_tree_d3,m062520_o_min_ord18_rk00006,18,0.4262626714562153,2.752715278979705,7,Democracy
CN->CN,o_min,xgb_tree_d3,m074523_o_min_ord30_rk00009,30,0.4261929767827771,2.9437621626224817,10,Democracy
CN->CN,o_min,xgb_tree_d3,m056523_o_min_ord12_rk00009,12,0.4261638319475136,2.688721875540867,7,Temperature
CN->CN,o_min,xgb_tree_d3,m073517_o_min_ord29_rk00003,29,0.4261498956536417,2.8271584782454653,9,Democracy
CN->CN,o_min,xgb_tree_d3,m074517_o_min_ord30_rk00003,30,0.4260170600937313,2.8640835117703762,9,Democracy
CN->CN,o_min,xgb_tree_d3,m054526_o_min_ord10_rk00012,10,0.4259899593535897,2.4464393446710155,6,Air Pollution
CN->CN,o_min,xgb_tree_d3,m064531_o_min_ord20_rk00017,20,0.4259194995222268,2.865957320949175,8,Democracy
CN->CN,o_min,xgb_tree_d3,m061520_o_min_ord17_rk00006,17,0.4257203066093943,2.939829017466402,9,Democracy
CN->CN,o_min,xgb_tree_d3,m072532_o_min_ord28_rk00018,28,0.4256951298679872,3.0210687638074782,10,Democracy
CN->CN,o_min,xgb_tree_d3,m055531_o_min_ord11_rk00017,11,0.4256686718679571,2.663532754804255,7,Precipitation/droughts
CN->CN,o_min,xgb_tree_d3,m052515_o_min_ord8_rk00001,8,0.4256232551141031,2.25,5,Air Pollution
CN->CN,o_min,xgb_tree_d3,m057529_o_min_ord13_rk00015,13,0.4255360335219006,2.6031579868726,7,Temperature
CN->CN,o_min,xgb_tree_d3,m047524_o_min_ord3_rk00010,3,0.4253460194941993,0.9182958340544896,2,Democracy
CN->CN,o_min,xgb_tree_d3,m055521_o_min_ord11_rk00007,11,0.4252963876267995,2.299896391167891,5,Temperature
CN->CN,o_min,xgb_tree_d3,m064529_o_min_ord20_rk00015,20,0.4252326997547037,2.6841837197791887,7,Temperature
CN->CN,o_min,xgb_tree_d3,m052534_o_min_ord8_rk00020,8,0.42520047366543,2.25,5,Air Pollution
CN->CN,o_min,xgb_tree_d3,m058516_o_min_ord14_rk00002,14,0.4250505929428622,2.8423709931771084,8,Temperature
CN->CN,o_min,xgb_tree_d3,m058521_o_min_ord14_rk00007,14,0.424991616398138,2.5027361715940035,6,Air Pollution
CN->CN,o_min,xgb_tree_d3,m058527_o_min_ord14_rk00013,14,0.4249112311215541,2.5027361715940035,6,Air Pollution
CN->CN,o_min,xgb_tree_d3,m048517_o_min_ord4_rk00003,4,0.4248277815365081,1.5,3,Air Pollution
CN->CN,o_min,xgb_tree_d3,m055525_o_min_ord11_rk00011,11,0.4247594587246858,2.2998963911678914,5,Socioeconomic
CN->CN,o_min,xgb_tree_d3,m055515_o_min_ord11_rk00001,11,0.424668010555948,2.7321588913645702,7,Air Pollution
CN->CN,o_min,xgb_tree_d3,m048534_o_min_ord4_rk00020,4,0.4245946874120774,1.5,3,Air Pollution
CN->CN,o_min,xgb_tree_d3,m074519_o_min_ord30_rk00005,30,0.4245881132823113,2.8640835117703762,9,Democracy
CN->CN,o_min,xgb_tree_d3,m054534_o_min_ord10_rk00020,10,0.4244916153024931,2.721928094887362,7,Air Pollution
CN->CN,o_min,xgb_tree_d3,m059518_o_min_ord15_rk00004,15,0.4243516695842753,2.739572261986723,7,Air Pollution
CN->CN,o_min,xgb_tree_d3,m056521_o_min_ord12_rk00007,12,0.4242953046640615,2.8553885422075336,8,Precipitation/droughts
CN->CN,o_min,xgb_tree_d3,m057515_o_min_ord13_rk00001,13,0.4242592664572263,2.6612262562697895,7,Temperature
CN->CN,o_min,xgb_tree_d3,m050527_o_min_ord6_rk00013,6,0.4241101927637587,1.9182958340544893,4,Air Pollution
CN->CN,o_min,xgb_tree_d3,m058522_o_min_ord14_rk00008,14,0.4238909176212804,2.6455933144511468,7,Temperature
CN->CN,o_min,xgb_tree_d3,m051526_o_min_ord7_rk00012,7,0.4238818356214834,1.8423709931771086,4,Democracy
CN->CN,o_min,xgb_tree_d3,m053524_o_min_ord9_rk00010,9,0.4238106709184912,2.197159723424149,5,Socioeconomic
CN->CN,o_min,xgb_tree_d3,m060531_o_min_ord16_rk00017,16,0.4236934370090919,2.625,7,Temperature
CN->CN,o_min,xgb_tree_d3,m063521_o_min_ord19_rk00007,19,0.4235346727323563,2.6292492238560348,7,Temperature
CN->CN,o_min,xgb_tree_d3,m053533_o_min_ord9_rk00019,9,0.4234918096883467,2.1971597234241496,5,Socioeconomic
CN->CN,o_min,xgb_tree_d3,m055526_o_min_ord11_rk00012,11,0.4234560365806165,2.481714572986073,6,Air Pollution
CN->CN,o_min,xgb_tree_d3,m055528_o_min_ord11_rk00014,11,0.4234524123719638,2.663532754804255,7,Temperature
CN->CN,o_min,xgb_tree_d3,m058524_o_min_ord14_rk00010,14,0.4233878546531587,2.8423709931771084,8,Temperature
CN->CN,o_min,xgb_tree_d3,m053534_o_min_ord9_rk00020,9,0.4233251906888573,2.197159723424149,5,Air Pollution
CN->CN,o_min,xgb_tree_d3,m053526_o_min_ord9_rk00012,9,0.4230924239279461,2.197159723424149,5,Temperature
CN->CN,o_min,xgb_tree_d3,m059531_o_min_ord15_rk00017,15,0.4230826438102789,2.8225797618424915,8,Temperature
CN->CN,o_min,xgb_tree_d3,m072519_o_min_ord28_rk00005,28,0.4229624130206173,2.704003029572565,8,Democracy
CN->CN,o_min,xgb_tree_d3,m060529_o_min_ord16_rk00015,16,0.4229486599668182,2.5550365325772653,7,Democracy
CN->CN,o_min,xgb_tree_d3,m063525_o_min_ord19_rk00011,19,0.4229232910101355,2.694781460584273,8,Democracy
CN->CN,o_min,xgb_tree_d3,m064523_o_min_ord20_rk00009,20,0.4229028051157574,2.739353872167201,9,Democracy
CN->CN,o_min,xgb_tree_d3,m072523_o_min_ord28_rk00009,28,0.4228940180099505,2.865764637179023,9,Democracy
CN->CN,o_min,xgb_tree_d3,m058528_o_min_ord14_rk00014,14,0.422796311306381,2.699513850319966,7,Air Pollution
CN->CN,o_min,xgb_tree_d3,m048530_o_min_ord4_rk00016,4,0.4226288685092537,2.0,4,Air Pollution
CN->CN,o_min,xgb_tree_d3,m056532_o_min_ord12_rk00018,12,0.4225830566152275,2.292481250360578,5,Temperature
CN->CN,o_min,xgb_tree_d3,m056534_o_min_ord12_rk00020,12,0.4224103177944791,2.8553885422075336,8,Temperature
CN->CN,o_min,xgb_tree_d3,m051516_o_min_ord7_rk00002,7,0.4222732057756121,1.3787834934861753,3,Democracy
CN->CN,o_min,xgb_tree_d3,m066532_o_min_ord22_rk00018,22,0.4222471321791077,2.7155894378827394,7,Democracy
CN->CN,o_min,xgb_tree_d3,m058519_o_min_ord14_rk00005,14,0.422125297098372,2.8423709931771084,8,Temperature
CN->CN,o_min,xgb_tree_d3,m052526_o_min_ord8_rk00012,8,0.4220583483469671,2.25,5,Precipitation/droughts
CN->CN,o_min,xgb_tree_d3,m066517_o_min_ord22_rk00003,22,0.4220081510745717,2.9540036423298544,9,Democracy
CN->CN,o_min,xgb_tree_d3,m058526_o_min_ord14_rk00012,14,0.4218903337014419,2.5027361715940035,6,Air Pollution
CN->CN,o_min,xgb_tree_d3,m055533_o_min_ord11_rk00019,11,0.4216688241357326,2.299896391167891,5,Temperature
CN->CN,o_min,xgb_tree_d3,m050524_o_min_ord6_rk00010,6,0.4216485273562066,2.2516291673878226,5,Precipitation/droughts
CN->CN,o_min,xgb_tree_d3,m056526_o_min_ord12_rk00012,12,0.4214583225444122,2.8553885422075336,8,Precipitation/droughts
CN->CN,o_min,xgb_tree_d3,m057528_o_min_ord13_rk00014,13,0.4213801546723437,2.6612262562697895,7,Temperature
CN->CN,o_min,xgb_tree_d3,m074526_o_min_ord30_rk00012,30,0.4213750815654179,2.7874302980927217,9,Democracy
CN->CN,o_min,xgb_tree_d3,m054521_o_min_ord10_rk00007,10,0.4213712327579776,2.4464393446710155,6,Temperature
CN->CN,o_min,xgb_tree_d3,m074515_o_min_ord30_rk00001,30,0.4213219179603762,2.8640835117703762,9,Democracy
CN->CN,o_min,xgb_tree_d3,m062533_o_min_ord18_rk00019,18,0.4210652404563065,2.6688388898504303,8,Democracy
CN->CN,o_min,xgb_tree_d3,m066516_o_min_ord22_rk00002,22,0.4210115691130787,2.9019469592513696,9,Democracy
CN->CN,o_min,xgb_tree_d3,m047532_o_min_ord3_rk00018,3,0.4209609370372453,1.584962500721156,3,Air Pollution
CN->CN,o_min,xgb_tree_d3,m074529_o_min_ord30_rk00015,30,0.4209574096790275,2.8640835117703762,9,Democracy
CN->CN,o_min,xgb_tree_d3,m057526_o_min_ord13_rk00012,13,0.4207966637498146,2.449311833026446,6,Temperature
CN->CN,o_min,xgb_tree_d3,m050528_o_min_ord6_rk00014,6,0.4207397292146468,1.4591479170272448,3,Socioeconomic
CN->CN,o_min,xgb_tree_d3,m056518_o_min_ord12_rk00004,12,0.4206062229695069,2.584962500721156,7,Temperature
CN->CN,o_min,xgb_tree_d3,m056524_o_min_ord12_rk00010,12,0.4206004795552954,2.6258145836939115,7,Temperature
CN->CN,o_min,xgb_tree_d3,m064527_o_min_ord20_rk00013,20,0.4205907613200915,2.6841837197791887,7,Temperature
CN->CN,o_min,xgb_tree_d3,m066522_o_min_ord22_rk00008,22,0.4204842635535847,2.9019469592513696,9,Democracy
CN->CN,o_min,xgb_tree_d3,m060515_o_min_ord16_rk00001,16,0.4204766184853081,2.7334585933443494,7,Air Pollution
CN->CN,o_min,xgb_tree_d3,m053532_o_min_ord9_rk00018,9,0.4203164917064519,2.0588138903312014,5,Democracy
CN->CN,o_min,xgb_tree_d3,m055523_o_min_ord11_rk00009,11,0.4198393898210105,2.299896391167891,5,Temperature
CN->CN,o_min,xgb_tree_d3,m059524_o_min_ord15_rk00010,15,0.4196115672001645,2.8225797618424915,8,Temperature
CN->CN,o_min,xgb_tree_d3,m049517_o_min_ord5_rk00003,5,0.4189252761208326,1.9219280948873623,4,Air Pollution
CN->CN,o_min,xgb_tree_d3,m054523_o_min_ord10_rk00009,10,0.4188054179497861,2.4464393446710155,6,Temperature
CN->CN,o_min,xgb_tree_d3,m060527_o_min_ord16_rk00013,16,0.41859704441492,2.6556390622295662,7,Temperature
CN->CN,o_min,xgb_tree_d3,m059516_o_min_ord15_rk00002,15,0.418573242263511,2.4729055953200563,6,Temperature
CN->CN,o_min,xgb_tree_d3,m063534_o_min_ord19_rk00020,19,0.4185235754036207,2.984769618706743,9,Temperature
CN->CN,o_min,xgb_tree_d3,m055517_o_min_ord11_rk00003,11,0.418407486757218,2.663532754804255,7,Temperature
CN->CN,o_min,xgb_tree_d3,m057521_o_min_ord13_rk00007,13,0.4183365566558855,2.6612262562697895,7,Temperature
CN->CN,o_min,xgb_tree_d3,m052517_o_min_ord8_rk00003,8,0.4182726226889575,2.1556390622295662,5,Socioeconomic
CN->CN,o_min,xgb_tree_d3,m048523_o_min_ord4_rk00009,4,0.4178641433233427,1.5,3,Air Pollution
CN->CN,o_min,xgb_tree_d3,m064516_o_min_ord20_rk00002,20,0.4177647214232367,2.746439344671016,8,Democracy
CN->CN,o_min,xgb_tree_d3,m049527_o_min_ord5_rk00013,5,0.417735538606909,1.9219280948873623,4,Air Pollution
CN->CN,o_min,xgb_tree_d3,m057519_o_min_ord13_rk00005,13,0.417612592283178,2.6612262562697895,7,Temperature
CN->CN,o_min,xgb_tree_d3,m062531_o_min_ord18_rk00017,18,0.4175564522836305,2.9057645846554525,9,Temperature
CN->CN,o_min,xgb_tree_d3,m052523_o_min_ord8_rk00009,8,0.4174601973903726,2.5,6,Precipitation/droughts
CN->CN,o_min,xgb_tree_d3,m058532_o_min_ord14_rk00018,14,0.4173900965872522,2.270942421748537,5,Temperature
CN->CN,o_min,xgb_tree_d3,m050531_o_min_ord6_rk00017,6,0.4171617810674949,1.584962500721156,3,Air Pollution
CN->CN,o_min,xgb_tree_d3,m064533_o_min_ord20_rk00019,20,0.4170376293007133,2.7282129458410016,7,Democracy
CN->CN,o_min,xgb_tree_d3,m048528_o_min_ord4_rk00014,4,0.4167892722408914,1.5,3,Air Pollution
CN->CN,o_min,xgb_tree_d3,m057534_o_min_ord13_rk00020,13,0.4164118399241154,2.4116022179746714,6,Temperature
CN->CN,o_min,xgb_tree_d3,m062523_o_min_ord18_rk00009,18,0.4157246781640589,2.4613201402110088,6,Temperature
CN->CN,o_min,xgb_tree_d3,m053531_o_min_ord9_rk00017,9,0.4154937673796489,2.197159723424149,5,Air Pollution
CN->CN,o_min,xgb_tree_d3,m054529_o_min_ord10_rk00015,10,0.4152609816677538,2.4464393446710155,6,Air Pollution
CN->CN,o_min,xgb_tree_d3,m053527_o_min_ord9_rk00013,9,0.415043533391275,2.197159723424149,5,Socioeconomic
CN->CN,o_min,xgb_tree_d3,m048527_o_min_ord4_rk00013,4,0.4149163261348803,2.0,4,Air Pollution
CN->CN,o_min,xgb_tree_d3,m052522_o_min_ord8_rk00008,8,0.414901325542322,2.25,5,Temperature
CN->CN,o_min,xgb_tree_d3,m055527_o_min_ord11_rk00013,11,0.4148060295450951,2.1180782093497093,5,Temperature
CN->CN,o_min,xgb_tree_d3,m057520_o_min_ord13_rk00006,13,0.4147460970926692,2.873140679513133,8,Precipitation/droughts
CN->CN,o_min,xgb_tree_d3,m054522_o_min_ord10_rk00008,10,0.4146474417551955,2.7219280948873625,7,Temperature
CN->CN,o_min,xgb_tree_d3,m058533_o_min_ord14_rk00019,14,0.4145962020446478,2.610577243331642,7,Temperature
CN->CN,o_min,xgb_tree_d3,m053516_o_min_ord9_rk00002,9,0.4142199510489853,2.725480556997868,7,Precipitation/droughts
CN->CN,o_min,xgb_tree_d3,m052520_o_min_ord8_rk00006,8,0.4139979687496912,2.25,5,Temperature
CN->CN,o_min,xgb_tree_d3,m049531_o_min_ord5_rk00017,5,0.4139670364759685,1.9219280948873623,4,Precipitation/droughts
CN->CN,o_min,xgb_tree_d3,m053530_o_min_ord9_rk00016,9,0.4135919675353028,2.197159723424149,5,Democracy
CN->CN,o_min,xgb_tree_d3,m050530_o_min_ord6_rk00016,6,0.4135473628985059,1.9182958340544896,4,Air Pollution
CN->CN,o_min,xgb_tree_d3,m066524_o_min_ord22_rk00010,22,0.413380022098761,2.9019469592513696,9,Democracy
CN->CN,o_min,xgb_tree_d3,m055532_o_min_ord11_rk00018,11,0.4132437476341499,2.663532754804255,7,Temperature
CN->CN,o_min,xgb_tree_d3,m050532_o_min_ord6_rk00018,6,0.4132272583689709,1.7924812503605778,4,Air Pollution
CN->CN,o_min,xgb_tree_d3,m050522_o_min_ord6_rk00008,6,0.4130054952567159,1.9182958340544893,4,Air Pollution
CN->CN,o_min,xgb_tree_d3,m054527_o_min_ord10_rk00013,10,0.4129746536806509,2.2464393446710154,5,Socioeconomic
CN->CN,o_min,xgb_tree_d3,m048529_o_min_ord4_rk00015,4,0.4121074891107421,1.5,3,Air Pollution
CN->CN,o_min,xgb_tree_d3,m052528_o_min_ord8_rk00014,8,0.4118989765187024,2.25,5,Precipitation/droughts
CN->CN,o_min,xgb_tree_d3,m047530_o_min_ord3_rk00016,3,0.4118493796861698,0.9182958340544896,2,Democracy
CN->CN,o_min,xgb_tree_d3,m057523_o_min_ord13_rk00009,13,0.4117869587772162,2.873140679513133,8,Precipitation/droughts
CN->CN,o_min,xgb_tree_d3,m056530_o_min_ord12_rk00016,12,0.4117798431316177,2.688721875540867,7,Temperature
CN->CN,o_min,xgb_tree_d3,m050517_o_min_ord6_rk00003,6,0.4117509725002678,1.7924812503605778,4,Air Pollution
CN->CN,o_min,xgb_tree_d3,m049530_o_min_ord5_rk00016,5,0.4114744207320464,1.5219280948873621,3,Air Pollution
CN->CN,o_min,xgb_tree_d3,m054515_o_min_ord10_rk00001,10,0.4112774719389682,2.7219280948873625,7,Air Pollution
CN->CN,o_min,xgb_tree_d3,m054533_o_min_ord10_rk00019,10,0.411166061568094,2.4464393446710155,6,Temperature
CN->CN,o_min,xgb_tree_d3,m049521_o_min_ord5_rk00007,5,0.4106339280177614,1.9219280948873623,4,Air Pollution
CN->CN,o_min,xgb_tree_d3,m050521_o_min_ord6_rk00007,6,0.4104727085726144,1.9182958340544893,4,Precipitation/droughts
CN->CN,o_min,xgb_tree_d3,m058518_o_min_ord14_rk00004,14,0.41032935594805,2.610577243331642,7,Temperature
CN->CN,o_min,xgb_tree_d3,m047523_o_min_ord3_rk00009,3,0.4100329562108846,1.584962500721156,3,Air Pollution
CN->CN,o_min,xgb_tree_d3,m050518_o_min_ord6_rk00004,6,0.4099047553782383,1.9182958340544896,4,Air Pollution
CN->CN,o_min,xgb_tree_d3,m056519_o_min_ord12_rk00005,12,0.4098407766951365,2.6258145836939115,7,Temperature
CN->CN,o_min,xgb_tree_d3,m055522_o_min_ord11_rk00008,11,0.4098232787414516,2.481714572986073,6,Temperature
CN->CN,o_min,xgb_tree_d3,m053529_o_min_ord9_rk00015,9,0.4097136137912555,2.197159723424149,5,Socioeconomic
CN->CN,o_min,xgb_tree_d3,m056525_o_min_ord12_rk00011,12,0.4095431756611264,2.688721875540867,7,Temperature
CN->CN,o_min,xgb_tree_d3,m052532_o_min_ord8_rk00018,8,0.4093874700775647,2.0,4,Air Pollution
CN->CN,o_min,xgb_tree_d3,m064521_o_min_ord20_rk00007,20,0.4093444713975577,2.739353872167201,9,Democracy
CN->CN,o_min,xgb_tree_d3,m050520_o_min_ord6_rk00006,6,0.4091762411006248,1.9182958340544893,4,Air Pollution
CN->CN,o_min,xgb_tree_d3,m049524_o_min_ord5_rk00010,5,0.4090534643889953,1.9219280948873623,4,Air Pollution
CN->CN,o_min,xgb_tree_d3,m051523_o_min_ord7_rk00009,7,0.4089512145717029,1.9502120649147465,4,Precipitation/droughts
CN->CN,o_min,xgb_tree_d3,m052521_o_min_ord8_rk00007,8,0.4088652084113797,1.9056390622295665,4,Socioeconomic
CN->CN,o_min,xgb_tree_d3,m051517_o_min_ord7_rk00003,7,0.4088312865692292,2.2359263506290326,5,Precipitation/droughts
CN->CN,o_min,xgb_tree_d3,m049529_o_min_ord5_rk00015,5,0.4085728205636413,1.3709505944546687,3,Air Pollution
CN->CN,o_min,xgb_tree_d3,m072529_o_min_ord28_rk00015,28,0.4083542532715487,2.865764637179023,9,Democracy
CN->CN,o_min,xgb_tree_d3,m048520_o_min_ord4_rk00006,4,0.407270759034928,1.5,3,Air Pollution
CN->CN,o_min,xgb_tree_d3,m047528_o_min_ord3_rk00014,3,0.4072384157101029,0.9182958340544896,2,Air Pollution
CN->CN,o_min,xgb_tree_d3,m057518_o_min_ord13_rk00004,13,0.4071045877683154,2.873140679513133,8,Temperature
CN->CN,o_min,xgb_tree_d3,m049525_o_min_ord5_rk00011,5,0.4059359647636249,1.5219280948873621,3,Air Pollution
CN->CN,o_min,xgb_tree_d3,m050516_o_min_ord6_rk00002,6,0.4056865333823224,1.9182958340544896,4,Air Pollution
CN->CN,o_min,xgb_tree_d3,m051518_o_min_ord7_rk00004,7,0.4055336722308655,1.9502120649147465,4,Air Pollution
CN->CN,o_min,xgb_tree_d3,m048518_o_min_ord4_rk00004,4,0.4054677878875318,1.5,3,Air Pollution
CN->CN,o_min,xgb_tree_d3,m049532_o_min_ord5_rk00018,5,0.4052974109668658,1.5219280948873621,3,Air Pollution
CN->CN,o_min,xgb_tree_d3,m054525_o_min_ord10_rk00011,10,0.4047453151991518,2.2464393446710154,5,Socioeconomic
CN->CN,o_min,xgb_tree_d3,m057524_o_min_ord13_rk00010,13,0.4046825201373758,2.2577560641285177,5,Temperature
CN->CN,o_min,xgb_tree_d3,m052529_o_min_ord8_rk00015,8,0.4046705347900122,2.1556390622295662,5,Air Pollution
CN->CN,o_min,xgb_tree_d3,m049522_o_min_ord5_rk00008,5,0.4042811860711509,1.5219280948873621,3,Air Pollution
CN->CN,o_min,xgb_tree_d3,m057530_o_min_ord13_rk00016,13,0.4041799434190728,2.7192945256669794,7,Temperature
CN->CN,o_min,xgb_tree_d3,m056531_o_min_ord12_rk00017,12,0.4040901735910145,2.4591479170272446,6,Temperature
CN->CN,o_min,xgb_tree_d3,m052531_o_min_ord8_rk00017,8,0.4039988028640423,2.1556390622295662,5,Air Pollution
CN->CN,o_min,xgb_tree_d3,m053521_o_min_ord9_rk00007,9,0.4038133529693964,2.5032583347756456,6,Air Pollution
CN->CN,o_min,xgb_tree_d3,m052518_o_min_ord8_rk00004,8,0.4034578866803952,2.25,5,Temperature
CN->CN,o_min,xgb_tree_d3,m055518_o_min_ord11_rk00004,11,0.4033477101778164,2.663532754804255,7,Temperature
CN->CN,o_min,xgb_tree_d3,m053519_o_min_ord9_rk00005,9,0.4031849264403172,2.2810361125534238,5,Air Pollution
CN->CN,o_min,xgb_tree_d3,m048532_o_min_ord4_rk00018,4,0.4031375911175509,1.5,3,Temperature
CN->CN,o_min,xgb_tree_d3,m055529_o_min_ord11_rk00015,11,0.4031076348710785,2.663532754804255,7,Temperature
CN->CN,o_min,xgb_tree_d3,m057532_o_min_ord13_rk00018,13,0.4028914036902438,2.7773627950641693,8,Temperature
CN->CN,o_min,xgb_tree_d3,m052519_o_min_ord8_rk00005,8,0.4021582636178556,2.5,6,Air Pollution
CN->CN,o_min,xgb_tree_d3,m050529_o_min_ord6_rk00015,6,0.4019478792043788,1.9182958340544893,4,Air Pollution
CN->CN,o_min,xgb_tree_d3,m053528_o_min_ord9_rk00014,9,0.4015344050533216,2.5032583347756456,6,Temperature
CN->CN,o_min,xgb_tree_d3,m049516_o_min_ord5_rk00002,5,0.4013225222272676,1.5219280948873621,3,Air Pollution
CN->CN,o_min,xgb_tree_d3,m047534_o_min_ord3_rk00020,3,0.4011522700781477,1.584962500721156,3,Air Pollution
CN->CN,o_min,xgb_tree_d3,m052530_o_min_ord8_rk00016,8,0.4011125667444701,2.1556390622295662,5,Air Pollution
CN->CN,o_min,xgb_tree_d3,m055524_o_min_ord11_rk00010,11,0.4009595837619798,2.413088436425758,6,Temperature
CN->CN,o_min,xgb_tree_d3,m072516_o_min_ord28_rk00002,28,0.4005836504115678,2.865764637179023,9,Democracy
CN->CN,o_min,xgb_tree_d3,m059515_o_min_ord15_rk00001,15,0.4003829888242756,2.872905595320056,8,Temperature
CN->CN,o_min,xgb_tree_d3,m053517_o_min_ord9_rk00003,9,0.4003341995591033,2.1971597234241496,5,Socioeconomic
CN->CN,o_min,xgb_tree_d3,m051525_o_min_ord7_rk00011,7,0.3997625771630337,1.950212064914747,4,Air Pollution
CN->CN,o_min,xgb_tree_d3,m051520_o_min_ord7_rk00006,7,0.3995215065233458,2.1280852788913944,5,Air Pollution
CN->CN,o_min,xgb_tree_d3,m052533_o_min_ord8_rk00019,8,0.3990817627729504,2.5,6,Air Pollution
CN->CN,o_min,xgb_tree_d3,m054524_o_min_ord10_rk00010,10,0.398273168483307,2.2464393446710154,5,Temperature
CN->CN,o_min,xgb_tree_d3,m049518_o_min_ord5_rk00004,5,0.3979735366811696,1.5219280948873621,3,Air Pollution
CN->CN,o_min,xgb_tree_d3,m058517_o_min_ord14_rk00003,14,0.3969150713346818,2.8423709931771084,8,Temperature
CN->CN,o_min,xgb_tree_d3,m051528_o_min_ord7_rk00014,7,0.3966957308661527,1.8423709931771088,4,Air Pollution
CN->CN,o_min,xgb_tree_d3,m050519_o_min_ord6_rk00005,6,0.3961878983487632,1.9182958340544893,4,Air Pollution
CN->CN,o_min,xgb_tree_d3,m048516_o_min_ord4_rk00002,4,0.3945239276547903,1.5,3,Air Pollution
CN->CN,o_min,xgb_tree_d3,m054532_o_min_ord10_rk00018,10,0.3940209036176537,2.4464393446710155,6,Temperature
CN->CN,o_min,xgb_tree_d3,m058515_o_min_ord14_rk00001,14,0.3937890139878551,2.8962915290459277,8,Temperature
CN->CN,o_min,xgb_tree_d3,m054528_o_min_ord10_rk00014,10,0.3936761683478044,2.2464393446710154,5,Temperature
CN->CN,o_min,xgb_tree_d3,m051530_o_min_ord7_rk00016,7,0.3928508041778287,1.9502120649147465,4,Air Pollution
CN->CN,o_min,xgb_tree_d3,m053525_o_min_ord9_rk00011,9,0.3923141212202267,2.725480556997868,7,Air Pollution
CN->CN,o_min,xgb_tree_d3,m049526_o_min_ord5_rk00012,5,0.3920797740957813,1.5219280948873621,3,Air Pollution
CN->CN,o_min,xgb_tree_d3,m048525_o_min_ord4_rk00011,4,0.3918157874395531,1.5,3,Air Pollution
CN->CN,o_min,xgb_tree_d3,m053518_o_min_ord9_rk00004,9,0.3907772827352813,2.197159723424149,5,Temperature
CN->CN,o_min,xgb_tree_d3,m047533_o_min_ord3_rk00019,3,0.3890677109127622,0.9182958340544896,2,Socioeconomic
CN->CN,o_min,xgb_tree_d3,m048521_o_min_ord4_rk00007,4,0.387937884398128,1.5,3,Air Pollution
CN->CN,o_min,xgb_tree_d3,m047520_o_min_ord3_rk00006,3,0.3874642175652587,-0.0,1,Air Pollution
CN->CN,o_min,xgb_tree_d3,m051524_o_min_ord7_rk00010,7,0.3870656234135256,1.8423709931771088,4,Air Pollution
CN->CN,o_min,xgb_tree_d3,m054520_o_min_ord10_rk00006,10,0.3867315056275483,2.4464393446710155,6,Temperature
CN->CN,o_min,xgb_tree_d3,m047526_o_min_ord3_rk00012,3,0.3866419735088993,0.9182958340544896,2,Air Pollution
CN->CN,o_min,xgb_tree_d3,m047525_o_min_ord3_rk00011,3,0.3865239041433114,0.9182958340544896,2,Temperature
CN->CN,o_min,xgb_tree_d3,m050534_o_min_ord6_rk00020,6,0.3857243582467283,2.2516291673878226,5,Precipitation/droughts
CN->CN,o_min,xgb_tree_d3,m051527_o_min_ord7_rk00013,7,0.3846393208716622,1.8423709931771088,4,Air Pollution
CN->CN,o_min,xgb_tree_d3,m053523_o_min_ord9_rk00009,9,0.3845072551039825,2.2810361125534238,5,Temperature
CN->CN,o_min,xgb_tree_d3,m053522_o_min_ord9_rk00008,9,0.3843025923994592,2.5032583347756456,6,Temperature
CN->CN,o_min,xgb_tree_d3,m049533_o_min_ord5_rk00019,5,0.3836739165544821,1.5219280948873621,3,Air Pollution
CN->CN,o_min,xgb_tree_d3,m054518_o_min_ord10_rk00004,10,0.3834393151919572,2.4464393446710155,6,Temperature
CN->CN,o_min,xgb_tree_d3,m048519_o_min_ord4_rk00005,4,0.3798531760315218,1.5,3,Socioeconomic
CN->CN,o_min,xgb_tree_d3,m049519_o_min_ord5_rk00005,5,0.3790124496176267,1.5219280948873621,3,Air Pollution
CN->CN,o_min,xgb_tree_d3,m047531_o_min_ord3_rk00017,3,0.3696211369466002,0.9182958340544896,2,Air Pollution
CN->CN,o_min,xgb_tree_d3,m047515_o_min_ord3_rk00001,3,0.3660365705171738,0.9182958340544896,2,Air Pollution
CN->CN,o_min,xgb_tree_d3,m047519_o_min_ord3_rk00005,3,0.3627094656124383,0.9182958340544896,2,Air Pollution
CN->CN,o_min,xgb_tree_d3,m047517_o_min_ord3_rk00003,3,0.3616419653788009,1.584962500721156,3,Air Pollution
CN->CN,o_min,xgb_tree_d3,m047529_o_min_ord3_rk00015,3,0.3562089281498377,1.584962500721156,3,Air Pollution
CN->CN,o_min,xgb_tree_d3,m048515_o_min_ord4_rk00001,4,0.3492709501565815,1.0,2,Air Pollution
CN->CN,o_max,ols,m008018_o_max_ord11_rk00019,11,0.4526358328569676,-0.0,1,Democracy
CN->CN,o_max,ols,m005005_o_max_ord8_rk00006,8,0.451726505543,-0.0,1,Democracy
CN->CN,o_max,ols,m005016_o_max_ord8_rk00017,8,0.4511396703598757,-0.0,1,Democracy
CN->CN,o_max,ols,m007017_o_max_ord10_rk00018,10,0.4479909346862656,-0.0,1,Democracy
CN->CN,o_max,ols,m013013_o_max_ord16_rk00014,16,0.4461826889638456,-0.0,1,Democracy
CN->CN,o_max,ols,m006012_o_max_ord9_rk00013,9,0.4458299532326444,-0.0,1,Democracy
CN->CN,o_max,ols,m006006_o_max_ord9_rk00007,9,0.4443987481321412,-0.0,1,Democracy
CN->CN,o_max,ols,m003013_o_max_ord6_rk00014,6,0.4427818812565767,-0.0,1,Democracy
CN->CN,o_max,ols,m005008_o_max_ord8_rk00009,8,0.4412951724672211,-0.0,1,Democracy
CN->CN,o_max,ols,m008016_o_max_ord11_rk00017,11,0.4402423007664976,-0.0,1,Democracy
CN->CN,o_max,ols,m008014_o_max_ord11_rk00015,11,0.4398118361221532,-0.0,1,Democracy
CN->CN,o_max,ols,m000000_o_max_ord3_rk00001,3,0.4396123484900923,-0.0,1,Democracy
CN->CN,o_max,ols,m000011_o_max_ord3_rk00012,3,0.4392219309933197,-0.0,1,Democracy
CN->CN,o_max,ols,m000019_o_max_ord3_rk00020,3,0.4389263066844882,-0.0,1,Democracy
CN->CN,o_max,ols,m013016_o_max_ord16_rk00017,16,0.4383556936599565,-0.0,1,Democracy
CN->CN,o_max,ols,m001002_o_max_ord4_rk00003,4,0.4378556139872661,-0.0,1,Democracy
CN->CN,o_max,ols,m005001_o_max_ord8_rk00002,8,0.4376860828983234,-0.0,1,Democracy
CN->CN,o_max,ols,m007019_o_max_ord10_rk00020,10,0.4370586649584238,-0.0,1,Democracy
CN->CN,o_max,ols,m008005_o_max_ord11_rk00006,11,0.4368044693147025,-0.0,1,Democracy
CN->CN,o_max,ols,m009016_o_max_ord12_rk00017,12,0.4362612535891333,-0.0,1,Democracy
CN->CN,o_max,ols,m001015_o_max_ord4_rk00016,4,0.4360292888101621,-0.0,1,Democracy
CN->CN,o_max,ols,m006004_o_max_ord9_rk00005,9,0.4360253786966469,-0.0,1,Democracy
CN->CN,o_max,ols,m001001_o_max_ord4_rk00002,4,0.4356133051579633,-0.0,1,Democracy
CN->CN,o_max,ols,m004000_o_max_ord7_rk00001,7,0.4355397662146191,-0.0,1,Democracy
CN->CN,o_max,ols,m001004_o_max_ord4_rk00005,4,0.4353248392643911,-0.0,1,Democracy
CN->CN,o_max,ols,m004019_o_max_ord7_rk00020,7,0.4351850906721334,-0.0,1,Democracy
CN->CN,o_max,ols,m008007_o_max_ord11_rk00008,11,0.4350214925137899,-0.0,1,Democracy
CN->CN,o_max,ols,m002003_o_max_ord5_rk00004,5,0.4347549965262254,-0.0,1,Democracy
CN->CN,o_max,ols,m007007_o_max_ord10_rk00008,10,0.4344789499175184,-0.0,1,Democracy
CN->CN,o_max,ols,m002005_o_max_ord5_rk00006,5,0.4341898753219569,-0.0,1,Democracy
CN->CN,o_max,ols,m001009_o_max_ord4_rk00010,4,0.4340604699313276,-0.0,1,Democracy
CN->CN,o_max,ols,m000002_o_max_ord3_rk00003,3,0.4338250732277506,-0.0,1,Democracy
CN->CN,o_max,ols,m001006_o_max_ord4_rk00007,4,0.4333763635629452,-0.0,1,Democracy
CN->CN,o_max,ols,m000017_o_max_ord3_rk00018,3,0.4333117789595215,-0.0,1,Democracy
CN->CN,o_max,ols,m002016_o_max_ord5_rk00017,5,0.4330776283985258,-0.0,1,Democracy
CN->CN,o_max,ols,m006011_o_max_ord9_rk00012,9,0.4328283718910908,-0.0,1,Democracy
CN->CN,o_max,ols,m008008_o_max_ord11_rk00009,11,0.4324267589055868,-0.0,1,Democracy
CN->CN,o_max,ols,m001008_o_max_ord4_rk00009,4,0.4324140206390542,-0.0,1,Democracy
CN->CN,o_max,ols,m008009_o_max_ord11_rk00010,11,0.4323890248859277,-0.0,1,Democracy
CN->CN,o_max,ols,m007010_o_max_ord10_rk00011,10,0.432255430953738,-0.0,1,Democracy
CN->CN,o_max,ols,m008011_o_max_ord11_rk00012,11,0.4320851599455849,-0.0,1,Democracy
CN->CN,o_max,ols,m001013_o_max_ord4_rk00014,4,0.4320339222483327,-0.0,1,Democracy
CN->CN,o_max,ols,m001003_o_max_ord4_rk00004,4,0.4318467524030909,-0.0,1,Democracy
CN->CN,o_max,ols,m001014_o_max_ord4_rk00015,4,0.4317616537511632,-0.0,1,Democracy
CN->CN,o_max,ols,m000006_o_max_ord3_rk00007,3,0.4311747180633587,-0.0,1,Democracy
CN->CN,o_max,ols,m007005_o_max_ord10_rk00006,10,0.4311259893405679,-0.0,1,Democracy
CN->CN,o_max,ols,m007002_o_max_ord10_rk00003,10,0.4308926653901448,-0.0,1,Democracy
CN->CN,o_max,ols,m002015_o_max_ord5_rk00016,5,0.4302467867108046,-0.0,1,Democracy
CN->CN,o_max,ols,m001011_o_max_ord4_rk00012,4,0.4301876092914228,-0.0,1,Democracy
CN->CN,o_max,ols,m000015_o_max_ord3_rk00016,3,0.4301769272945528,-0.0,1,Democracy
CN->CN,o_max,ols,m006010_o_max_ord9_rk00011,9,0.4296399747332646,-0.0,1,Democracy
CN->CN,o_max,ols,m009017_o_max_ord12_rk00018,12,0.4294422637888786,-0.0,1,Democracy
CN->CN,o_max,ols,m008015_o_max_ord11_rk00016,11,0.4293438822037012,-0.0,1,Democracy
CN->CN,o_max,ols,m008006_o_max_ord11_rk00007,11,0.4291726905703374,-0.0,1,Democracy
CN->CN,o_max,ols,m011014_o_max_ord14_rk00015,14,0.429111677043912,0.37123232664087563,2,Democracy
CN->CN,o_max,ols,m007014_o_max_ord10_rk00015,10,0.4286307705429523,0.4689955935892812,2,Democracy
CN->CN,o_max,ols,m005011_o_max_ord8_rk00012,8,0.4285476689646589,-0.0,1,Democracy
CN->CN,o_max,ols,m012013_o_max_ord15_rk00014,15,0.428459762821493,0.35335933502142136,2,Democracy
CN->CN,o_max,ols,m004015_o_max_ord7_rk00016,7,0.4277498096450068,-0.0,1,Democracy
CN->CN,o_max,ols,m000007_o_max_ord3_rk00008,3,0.4276434077091608,-0.0,1,Democracy
CN->CN,o_max,ols,m008017_o_max_ord11_rk00018,11,0.4276276775512253,0.4394969869215134,2,Democracy
CN->CN,o_max,ols,m006000_o_max_ord9_rk00001,9,0.427449675891368,-0.0,1,Democracy
CN->CN,o_max,ols,m009018_o_max_ord12_rk00019,12,0.4271691278554306,-0.0,1,Democracy
CN->CN,o_max,ols,m003001_o_max_ord6_rk00002,6,0.4271610771541899,-0.0,1,Democracy
CN->CN,o_max,ols,m006001_o_max_ord9_rk00002,9,0.4265757688986984,-0.0,1,Democracy
CN->CN,o_max,ols,m001000_o_max_ord4_rk00001,4,0.426532791131837,-0.0,1,Democracy
CN->CN,o_max,ols,m003015_o_max_ord6_rk00016,6,0.4264305926931756,-0.0,1,Democracy
CN->CN,o_max,ols,m008019_o_max_ord11_rk00020,11,0.4262825963198532,-0.0,1,Democracy
CN->CN,o_max,ols,m013007_o_max_ord16_rk00008,16,0.4260740218823892,0.3372900666170139,2,Democracy
CN->CN,o_max,ols,m004017_o_max_ord7_rk00018,7,0.4260458377938776,-0.0,1,Democracy
CN->CN,o_max,ols,m004011_o_max_ord7_rk00012,7,0.4260084174877594,-0.0,1,Democracy
CN->CN,o_max,ols,m000001_o_max_ord3_rk00002,3,0.4259189286873326,-0.0,1,Air Pollution
CN->CN,o_max,ols,m005017_o_max_ord8_rk00018,8,0.4253862110897125,-0.0,1,Democracy
CN->CN,o_max,ols,m002001_o_max_ord5_rk00002,5,0.4252125728785624,-0.0,1,Democracy
CN->CN,o_max,ols,m006003_o_max_ord9_rk00004,9,0.4252047983332557,-0.0,1,Democracy
CN->CN,o_max,ols,m005019_o_max_ord8_rk00020,8,0.4251155651285281,-0.0,1,Democracy
CN->CN,o_max,ols,m008000_o_max_ord11_rk00001,11,0.4250917786107587,-0.0,1,Democracy
CN->CN,o_max,ols,m003000_o_max_ord6_rk00001,6,0.4250535096368293,-0.0,1,Democracy
CN->CN,o_max,ols,m006008_o_max_ord9_rk00009,9,0.4247663639885494,-0.0,1,Democracy
CN->CN,o_max,ols,m002000_o_max_ord5_rk00001,5,0.424714302046294,-0.0,1,Democracy
CN->CN,o_max,ols,m002002_o_max_ord5_rk00003,5,0.4245935208683657,-0.0,1,Democracy
CN->CN,o_max,ols,m002006_o_max_ord5_rk00007,5,0.4245188362527966,-0.0,1,Democracy
CN->CN,o_max,ols,m009004_o_max_ord12_rk00005,12,0.424461457784942,-0.0,1,Democracy
CN->CN,o_max,ols,m006009_o_max_ord9_rk00010,9,0.4242975023656443,-0.0,1,Democracy
CN->CN,o_max,ols,m000016_o_max_ord3_rk00017,3,0.424202972574114,-0.0,1,Democracy
CN->CN,o_max,ols,m002008_o_max_ord5_rk00009,5,0.4240336174804204,-0.0,1,Democracy
CN->CN,o_max,ols,m000014_o_max_ord3_rk00015,3,0.4236292179408574,-0.0,1,Democracy
CN->CN,o_max,ols,m004010_o_max_ord7_rk00011,7,0.4235491776066243,-0.0,1,Democracy
CN->CN,o_max,ols,m007016_o_max_ord10_rk00017,10,0.4234627192794848,-0.0,1,Democracy
CN->CN,o_max,ols,m012018_o_max_ord15_rk00019,15,0.4231241641762681,-0.0,1,Democracy
CN->CN,o_max,ols,m014003_o_max_ord17_rk00004,17,0.4230493396604847,-0.0,1,Democracy
CN->CN,o_max,ols,m007009_o_max_ord10_rk00010,10,0.4228886024146095,-0.0,1,Democracy
CN->CN,o_max,ols,m007000_o_max_ord10_rk00001,10,0.4228378975791057,-0.0,1,Democracy
CN->CN,o_max,ols,m014009_o_max_ord17_rk00010,17,0.4228215524683485,-0.0,1,Democracy
CN->CN,o_max,ols,m003004_o_max_ord6_rk00005,6,0.4222042086787276,-0.0,1,Democracy
CN->CN,o_max,ols,m003008_o_max_ord6_rk00009,6,0.4221417924342705,-0.0,1,Democracy
CN->CN,o_max,ols,m000013_o_max_ord3_rk00014,3,0.4218451525495355,-0.0,1,Democracy
CN->CN,o_max,ols,m001016_o_max_ord4_rk00017,4,0.4214972075965723,-0.0,1,Democracy
CN->CN,o_max,ols,m008003_o_max_ord11_rk00004,11,0.4213334351508948,-0.0,1,Democracy
CN->CN,o_max,ols,m009012_o_max_ord12_rk00013,12,0.4212231022529655,-0.0,1,Democracy
CN->CN,o_max,ols,m015012_o_max_ord18_rk00013,18,0.4211753863268351,-0.0,1,Democracy
CN->CN,o_max,ols,m000009_o_max_ord3_rk00010,3,0.4203784059395997,-0.0,1,Democracy
CN->CN,o_max,ols,m008001_o_max_ord11_rk00002,11,0.420328490592456,-0.0,1,Democracy
CN->CN,o_max,ols,m014002_o_max_ord17_rk00003,17,0.420225102844964,-0.0,1,Democracy
CN->CN,o_max,ols,m004004_o_max_ord7_rk00005,7,0.4201043421940428,-0.0,1,Democracy
CN->CN,o_max,ols,m009013_o_max_ord12_rk00014,12,0.4198876950210125,-0.0,1,Democracy
CN->CN,o_max,ols,m000012_o_max_ord3_rk00013,3,0.4194948853658874,-0.0,1,Democracy
CN->CN,o_max,ols,m003006_o_max_ord6_rk00007,6,0.4194423384984652,-0.0,1,Democracy
CN->CN,o_max,ols,m004001_o_max_ord7_rk00002,7,0.4191826956047061,-0.0,1,Democracy
CN->CN,o_max,ols,m003005_o_max_ord6_rk00006,6,0.4188570504872495,-0.0,1,Democracy
CN->CN,o_max,ols,m009007_o_max_ord12_rk00008,12,0.4188563558525484,-0.0,1,Democracy
CN->CN,o_max,ols,m007003_o_max_ord10_rk00004,10,0.418747599203802,-0.0,1,Democracy
CN->CN,o_max,ols,m004002_o_max_ord7_rk00003,7,0.4186665486021829,-0.0,1,Democracy
CN->CN,o_max,ols,m002017_o_max_ord5_rk00018,5,0.4185677841087363,-0.0,1,Democracy
CN->CN,o_max,ols,m008002_o_max_ord11_rk00003,11,0.4181780402405735,-0.0,1,Democracy
CN->CN,o_max,ols,m003017_o_max_ord6_rk00018,6,0.4180688209423066,-0.0,1,Democracy
CN->CN,o_max,ols,m007008_o_max_ord10_rk00009,10,0.4180484108585057,-0.0,1,Democracy
CN->CN,o_max,ols,m014016_o_max_ord17_rk00017,17,0.4177512084141488,-0.0,1,Democracy
CN->CN,o_max,ols,m002004_o_max_ord5_rk00005,5,0.4177053290099265,-0.0,1,Democracy
CN->CN,o_max,ols,m014004_o_max_ord17_rk00005,17,0.4176252457688358,-0.0,1,Democracy
CN->CN,o_max,ols,m012005_o_max_ord15_rk00006,15,0.417298278706073,0.35335933502142136,2,Democracy
CN->CN,o_max,ols,m005012_o_max_ord8_rk00013,8,0.4170859650437842,-0.0,1,Democracy
CN->CN,o_max,ols,m013008_o_max_ord16_rk00009,16,0.4168942935742431,-0.0,1,Democracy
CN->CN,o_max,ols,m009003_o_max_ord12_rk00004,12,0.4168823042439979,-0.0,1,Democracy
CN->CN,o_max,ols,m001010_o_max_ord4_rk00011,4,0.4168678173720224,-0.0,1,Democracy
CN->CN,o_max,ols,m007018_o_max_ord10_rk00019,10,0.4168665789407265,-0.0,1,Democracy
CN->CN,o_max,ols,m002010_o_max_ord5_rk00011,5,0.4166243393185798,-0.0,1,Democracy
CN->CN,o_max,ols,m002007_o_max_ord5_rk00008,5,0.4164520656863331,-0.0,1,Democracy
CN->CN,o_max,ols,m007011_o_max_ord10_rk00012,10,0.416437056284122,0.4689955935892812,2,Democracy
CN->CN,o_max,ols,m000004_o_max_ord3_rk00005,3,0.4163935512364114,-0.0,1,Democracy
CN->CN,o_max,ols,m009001_o_max_ord12_rk00002,12,0.4161791174508189,-0.0,1,Democracy
CN->CN,o_max,ols,m002019_o_max_ord5_rk00020,5,0.4159288334578979,-0.0,1,Democracy
CN->CN,o_max,ols,m005007_o_max_ord8_rk00008,8,0.4158858778824198,-0.0,1,Democracy
CN->CN,o_max,ols,m000008_o_max_ord3_rk00009,3,0.4157094101375123,-0.0,1,Democracy
CN->CN,o_max,ols,m000010_o_max_ord3_rk00011,3,0.4156259568228529,-0.0,1,Democracy
CN->CN,o_max,ols,m014008_o_max_ord17_rk00009,17,0.415562545775381,-0.0,1,Democracy
CN->CN,o_max,ols,m010006_o_max_ord13_rk00007,13,0.4153460077073646,-0.0,1,Democracy
CN->CN,o_max,ols,m003012_o_max_ord6_rk00013,6,0.4151030961928427,-0.0,1,Democracy
CN->CN,o_max,ols,m007004_o_max_ord10_rk00005,10,0.4150947007388225,-0.0,1,Democracy
CN->CN,o_max,ols,m008010_o_max_ord11_rk00011,11,0.4150452452728798,-0.0,1,Democracy
CN->CN,o_max,ols,m009000_o_max_ord12_rk00001,12,0.4150080839604296,-0.0,1,Democracy
CN->CN,o_max,ols,m010016_o_max_ord13_rk00017,13,0.4148836601844241,-0.0,1,Democracy
CN->CN,o_max,ols,m007006_o_max_ord10_rk00007,10,0.414519546170966,-0.0,1,Democracy
CN->CN,o_max,ols,m008013_o_max_ord11_rk00014,11,0.4143531561384174,-0.0,1,Democracy
CN->CN,o_max,ols,m009005_o_max_ord12_rk00006,12,0.4139153256824056,-0.0,1,Democracy
CN->CN,o_max,ols,m015008_o_max_ord18_rk00009,18,0.4139009400513597,-0.0,1,Democracy
CN->CN,o_max,ols,m000003_o_max_ord3_rk00004,3,0.413885397237938,-0.0,1,Democracy
CN->CN,o_max,ols,m007001_o_max_ord10_rk00002,10,0.4138389577270345,-0.0,1,Democracy
CN->CN,o_max,ols,m010003_o_max_ord13_rk00004,13,0.4138385681492896,-0.0,1,Democracy
CN->CN,o_max,ols,m000018_o_max_ord3_rk00019,3,0.413729750289557,-0.0,1,Democracy
CN->CN,o_max,ols,m005000_o_max_ord8_rk00001,8,0.4135778462824857,-0.0,1,Democracy
CN->CN,o_max,ols,m003010_o_max_ord6_rk00011,6,0.4132859107096812,-0.0,1,Democracy
CN->CN,o_max,ols,m006014_o_max_ord9_rk00015,9,0.4132586592314912,-0.0,1,Democracy
CN->CN,o_max,ols,m010008_o_max_ord13_rk00009,13,0.4127709155236946,-0.0,1,Democracy
CN->CN,o_max,ols,m011010_o_max_ord14_rk00011,14,0.4123094672128498,0.37123232664087563,2,Democracy
CN->CN,o_max,ols,m003019_o_max_ord6_rk00020,6,0.411710096587886,-0.0,1,Democracy
CN->CN,o_max,ols,m009019_o_max_ord12_rk00020,12,0.4110873607677999,-0.0,1,Democracy
CN->CN,o_max,ols,m006013_o_max_ord9_rk00014,9,0.411062211939907,-0.0,1,Democracy
CN->CN,o_max,ols,m001018_o_max_ord4_rk00019,4,0.4109551011008647,-0.0,1,Democracy
CN->CN,o_max,ols,m014014_o_max_ord17_rk00015,17,0.4107083656135258,0.3227569588973982,2,Democracy
CN->CN,o_max,ols,m002013_o_max_ord5_rk00014,5,0.4106165058756152,-0.0,1,Democracy
CN->CN,o_max,ols,m008012_o_max_ord11_rk00013,11,0.4102415572020772,-0.0,1,Democracy
CN->CN,o_max,ols,m008004_o_max_ord11_rk00005,11,0.4101419736851783,-0.0,1,Democracy
CN->CN,o_max,ols,m013010_o_max_ord16_rk00011,16,0.4099839765900652,-0.0,1,Democracy
CN->CN,o_max,ols,m005018_o_max_ord8_rk00019,8,0.4094277247814549,-0.0,1,Democracy
CN->CN,o_max,ols,m004009_o_max_ord7_rk00010,7,0.4090825084492124,-0.0,1,Democracy
CN->CN,o_max,ols,m013001_o_max_ord16_rk00002,16,0.4090715263357145,-0.0,1,Democracy
CN->CN,o_max,ols,m004006_o_max_ord7_rk00007,7,0.408997939856313,-0.0,1,Democracy
CN->CN,o_max,ols,m010012_o_max_ord13_rk00013,13,0.4089376669449287,-0.0,1,Democracy
CN->CN,o_max,ols,m004012_o_max_ord7_rk00013,7,0.4086897872821202,-0.0,1,Democracy
CN->CN,o_max,ols,m004003_o_max_ord7_rk00004,7,0.4086685141641182,-0.0,1,Democracy
CN->CN,o_max,ols,m011018_o_max_ord14_rk00019,14,0.4086634772040437,0.37123232664087563,2,Democracy
CN->CN,o_max,ols,m009006_o_max_ord12_rk00007,12,0.4085112314110353,-0.0,1,Democracy
CN->CN,o_max,ols,m010004_o_max_ord13_rk00005,13,0.4083456450218751,-0.0,1,Democracy
CN->CN,o_max,ols,m009015_o_max_ord12_rk00016,12,0.4080104252245535,-0.0,1,Democracy
CN->CN,o_max,ols,m009011_o_max_ord12_rk00012,12,0.4075374535432451,-0.0,1,Democracy
CN->CN,o_max,ols,m006015_o_max_ord9_rk00016,9,0.4075347587508043,-0.0,1,Democracy
CN->CN,o_max,ols,m011006_o_max_ord14_rk00007,14,0.4069373539433351,-0.0,1,Democracy
CN->CN,o_max,ols,m004007_o_max_ord7_rk00008,7,0.4066359750728541,-0.0,1,Democracy
CN->CN,o_max,ols,m003011_o_max_ord6_rk00012,6,0.406599905601216,-0.0,1,Democracy
CN->CN,o_max,ols,m009014_o_max_ord12_rk00015,12,0.4063234867007874,-0.0,1,Democracy
CN->CN,o_max,ols,m004014_o_max_ord7_rk00015,7,0.4060568401037959,-0.0,1,Democracy
CN->CN,o_max,ols,m015016_o_max_ord18_rk00017,18,0.4054594662096139,0.3095434291503252,2,Democracy
CN->CN,o_max,ols,m003002_o_max_ord6_rk00003,6,0.4053945559028687,-0.0,1,Democracy
CN->CN,o_max,ols,m012019_o_max_ord15_rk00020,15,0.4053168808487658,0.35335933502142136,2,Democracy
CN->CN,o_max,ols,m014006_o_max_ord17_rk00007,17,0.4049161101641033,-0.0,1,Democracy
CN->CN,o_max,ols,m006007_o_max_ord9_rk00008,9,0.4043031385445906,-0.0,1,Democracy
CN->CN,o_max,ols,m009010_o_max_ord12_rk00011,12,0.404244999557635,-0.0,1,Democracy
CN->CN,o_max,ols,m013017_o_max_ord16_rk00018,16,0.4039280083160452,0.3372900666170139,2,Democracy
CN->CN,o_max,ols,m014001_o_max_ord17_rk00002,17,0.4036841266856203,-0.0,1,Democracy
CN->CN,o_max,ols,m015010_o_max_ord18_rk00011,18,0.4036779736808895,-0.0,1,Democracy
CN->CN,o_max,ols,m009009_o_max_ord12_rk00010,12,0.4035722355487287,-0.0,1,Democracy
CN->CN,o_max,ols,m004013_o_max_ord7_rk00014,7,0.4034040784007683,-0.0,1,Democracy
CN->CN,o_max,ols,m006016_o_max_ord9_rk00017,9,0.4033492870176267,-0.0,1,Democracy
CN->CN,o_max,ols,m003007_o_max_ord6_rk00008,6,0.4031611824950808,-0.0,1,Democracy
CN->CN,o_max,ols,m010013_o_max_ord13_rk00014,13,0.4030120196606119,-0.0,1,Democracy
CN->CN,o_max,ols,m007013_o_max_ord10_rk00014,10,0.4028008615283996,-0.0,1,Democracy
CN->CN,o_max,ols,m002011_o_max_ord5_rk00012,5,0.4026672682144621,-0.0,1,Democracy
CN->CN,o_max,ols,m015003_o_max_ord18_rk00004,18,0.4021038661158167,-0.0,1,Democracy
CN->CN,o_max,ols,m010005_o_max_ord13_rk00006,13,0.4021032458326152,-0.0,1,Democracy
CN->CN,o_max,ols,m009008_o_max_ord12_rk00009,12,0.4020793769662432,-0.0,1,Democracy
CN->CN,o_max,ols,m009002_o_max_ord12_rk00003,12,0.4015500096550706,-0.0,1,Democracy
CN->CN,o_max,ols,m003018_o_max_ord6_rk00019,6,0.4014663739732288,-0.0,1,Democracy
CN->CN,o_max,ols,m014005_o_max_ord17_rk00006,17,0.4007116003053205,0.3227569588973982,2,Democracy
CN->CN,o_max,ols,m010011_o_max_ord13_rk00012,13,0.4005757991066235,-0.0,1,Democracy
CN->CN,o_max,ols,m010019_o_max_ord13_rk00020,13,0.4003934969290629,-0.0,1,Democracy
CN->CN,o_max,ols,m005006_o_max_ord8_rk00007,8,0.4001619052800653,-0.0,1,Democracy
CN->CN,o_max,ols,m014010_o_max_ord17_rk00011,17,0.4000771334061783,-0.0,1,Democracy
CN->CN,o_max,ols,m015013_o_max_ord18_rk00014,18,0.3990867867442921,0.3095434291503252,2,Democracy
CN->CN,o_max,ols,m005014_o_max_ord8_rk00015,8,0.3986171567746239,-0.0,1,Democracy
CN->CN,o_max,ols,m013014_o_max_ord16_rk00015,16,0.3979646741611947,0.3372900666170139,2,Democracy
CN->CN,o_max,ols,m003003_o_max_ord6_rk00004,6,0.3975445649788643,-0.0,1,Democracy
CN->CN,o_max,ols,m016017_o_max_ord19_rk00018,19,0.3973171310038148,0.2974722489192896,2,Democracy
CN->CN,o_max,ols,m014017_o_max_ord17_rk00018,17,0.3972169022292212,0.3227569588973982,2,Democracy
CN->CN,o_max,ols,m015005_o_max_ord18_rk00006,18,0.3972016370282308,-0.0,1,Democracy
CN->CN,o_max,ols,m005010_o_max_ord8_rk00011,8,0.3971327133841106,-0.0,1,Democracy
CN->CN,o_max,ols,m015004_o_max_ord18_rk00005,18,0.3965135122320976,0.3095434291503252,2,Democracy
CN->CN,o_max,ols,m010010_o_max_ord13_rk00011,13,0.3964004495066375,-0.0,1,Democracy
CN->CN,o_max,ols,m010018_o_max_ord13_rk00019,13,0.3963405565398882,-0.0,1,Democracy
CN->CN,o_max,ols,m011016_o_max_ord14_rk00017,14,0.3959955251168835,-0.0,1,Democracy
CN->CN,o_max,ols,m011017_o_max_ord14_rk00018,14,0.3959217243923087,-0.0,1,Democracy
CN->CN,o_max,ols,m010017_o_max_ord13_rk00018,13,0.3958336908977115,-0.0,1,Democracy
CN->CN,o_max,ols,m016014_o_max_ord19_rk00015,19,0.3957186263989368,0.2974722489192896,2,Democracy
CN->CN,o_max,ols,m005009_o_max_ord8_rk00010,8,0.3956298457573912,-0.0,1,Democracy
CN->CN,o_max,ols,m013005_o_max_ord16_rk00006,16,0.3951271699194744,-0.0,1,Democracy
CN->CN,o_max,ols,m003016_o_max_ord6_rk00017,6,0.3948016365114087,-0.0,1,Democracy
CN->CN,o_max,ols,m006018_o_max_ord9_rk00019,9,0.394629977412686,-0.0,1,Democracy
CN->CN,o_max,ols,m010002_o_max_ord13_rk00003,13,0.394561937392622,-0.0,1,Democracy
CN->CN,o_max,ols,m014012_o_max_ord17_rk00013,17,0.3943641781850407,-0.0,1,Democracy
CN->CN,o_max,ols,m004016_o_max_ord7_rk00017,7,0.3936262487038813,-0.0,1,Democracy
CN->CN,o_max,ols,m011007_o_max_ord14_rk00008,14,0.3931634316747074,-0.0,1,Democracy
CN->CN,o_max,ols,m001017_o_max_ord4_rk00018,4,0.3931129301301048,-0.0,1,Democracy
CN->CN,o_max,ols,m005013_o_max_ord8_rk00014,8,0.3922625091778511,-0.0,1,Democracy
CN->CN,o_max,ols,m010009_o_max_ord13_rk00010,13,0.3916338707262679,-0.0,1,Democracy
CN->CN,o_max,ols,m005004_o_max_ord8_rk00005,8,0.3911577037150231,-0.0,1,Democracy
CN->CN,o_max,ols,m000005_o_max_ord3_rk00006,3,0.3901445510997542,-0.0,1,Democracy
CN->CN,o_max,ols,m010015_o_max_ord13_rk00016,13,0.3901035711888612,-0.0,1,Democracy
CN->CN,o_max,ols,m016018_o_max_ord19_rk00019,19,0.3900930505086408,0.2974722489192896,2,Democracy
CN->CN,o_max,ols,m010001_o_max_ord13_rk00002,13,0.3896122120207625,-0.0,1,Democracy
CN->CN,o_max,ols,m005002_o_max_ord8_rk00003,8,0.3893162170869985,-0.0,1,Democracy
CN->CN,o_max,ols,m005003_o_max_ord8_rk00004,8,0.3889472373152626,-0.0,1,Democracy
CN->CN,o_max,ols,m011009_o_max_ord14_rk00010,14,0.3888824526172508,-0.0,1,Democracy
CN->CN,o_max,ols,m011003_o_max_ord14_rk00004,14,0.3881506627717773,-0.0,1,Democracy
CN->CN,o_max,ols,m016010_o_max_ord19_rk00011,19,0.3879358210919345,-0.0,1,Democracy
CN->CN,o_max,ols,m012009_o_max_ord15_rk00010,15,0.3875835144824541,-0.0,1,Democracy
CN->CN,o_max,ols,m003009_o_max_ord6_rk00010,6,0.3868663776018098,-0.0,1,Democracy
CN->CN,o_max,ols,m011015_o_max_ord14_rk00016,14,0.386843237877953,-0.0,1,Democracy
CN->CN,o_max,ols,m010000_o_max_ord13_rk00001,13,0.3866415001579482,-0.0,1,Democracy
CN->CN,o_max,ols,m016012_o_max_ord19_rk00013,19,0.3865978639788129,0.2974722489192896,2,Democracy
CN->CN,o_max,ols,m011001_o_max_ord14_rk00002,14,0.3851158284216669,-0.0,1,Democracy
CN->CN,o_max,ols,m002009_o_max_ord5_rk00010,5,0.3847146152286438,-0.0,1,Democracy
CN->CN,o_max,ols,m016005_o_max_ord19_rk00006,19,0.384491773431485,-0.0,1,Democracy
CN->CN,o_max,ols,m002014_o_max_ord5_rk00015,5,0.3839675511148428,-0.0,1,Democracy
CN->CN,o_max,ols,m001012_o_max_ord4_rk00013,4,0.3837137925398102,-0.0,1,Democracy
CN->CN,o_max,ols,m006002_o_max_ord9_rk00003,9,0.3834659535423222,-0.0,1,Democracy
CN->CN,o_max,ols,m007012_o_max_ord10_rk00013,10,0.3834592365980694,-0.0,1,Democracy
CN->CN,o_max,ols,m015009_o_max_ord18_rk00010,18,0.3832682672220961,-0.0,1,Democracy
CN->CN,o_max,ols,m006005_o_max_ord9_rk00006,9,0.3827447120424594,-0.0,1,Democracy
CN->CN,o_max,ols,m001005_o_max_ord4_rk00006,4,0.381587849885321,-0.0,1,Democracy
CN->CN,o_max,ols,m011002_o_max_ord14_rk00003,14,0.3808600195246512,-0.0,1,Democracy
CN->CN,o_max,ols,m016009_o_max_ord19_rk00010,19,0.3807522262942995,-0.0,1,Democracy
CN->CN,o_max,ols,m010014_o_max_ord13_rk00015,13,0.3804224252137557,-0.0,1,Democracy
CN->CN,o_max,ols,m012002_o_max_ord15_rk00003,15,0.3789897607221711,-0.0,1,Democracy
CN->CN,o_max,ols,m002012_o_max_ord5_rk00013,5,0.3788426850188379,-0.0,1,Democracy
CN->CN,o_max,ols,m002018_o_max_ord5_rk00019,5,0.3785411262094945,-0.0,1,Democracy
CN->CN,o_max,ols,m011013_o_max_ord14_rk00014,14,0.3779153929013022,-0.0,1,Democracy
CN->CN,o_max,ols,m012014_o_max_ord15_rk00015,15,0.376009921769022,-0.0,1,Democracy
CN->CN,o_max,ols,m014019_o_max_ord17_rk00020,17,0.3734039097527321,0.3227569588973982,2,Democracy
CN->CN,o_max,ols,m011008_o_max_ord14_rk00009,14,0.372083276347403,-0.0,1,Democracy
CN->CN,o_max,ols,m012011_o_max_ord15_rk00012,15,0.3714932200549752,-0.0,1,Democracy
CN->CN,o_max,ols,m003014_o_max_ord6_rk00015,6,0.3709517450615734,-0.0,1,Democracy
CN->CN,o_max,ols,m015006_o_max_ord18_rk00007,18,0.3680319840784496,-0.0,1,Democracy
CN->CN,o_max,ols,m011004_o_max_ord14_rk00005,14,0.3677883711182464,-0.0,1,Democracy
CN->CN,o_max,ols,m004005_o_max_ord7_rk00006,7,0.3663415514553567,-0.0,1,Democracy
CN->CN,o_max,ols,m011000_o_max_ord14_rk00001,14,0.3663343484011983,-0.0,1,Democracy
CN->CN,o_max,ols,m010007_o_max_ord13_rk00008,13,0.3661888550164482,-0.0,1,Democracy
CN->CN,o_max,ols,m015019_o_max_ord18_rk00020,18,0.366145269226235,-0.0,1,Democracy
CN->CN,o_max,ols,m011005_o_max_ord14_rk00006,14,0.3656042407302634,-0.0,1,Democracy
CN->CN,o_max,ols,m016003_o_max_ord19_rk00004,19,0.3651812517517562,-0.0,1,Democracy
CN->CN,o_max,ols,m012000_o_max_ord15_rk00001,15,0.3649049169270714,-0.0,1,Democracy
CN->CN,o_max,ols,m015011_o_max_ord18_rk00012,18,0.3631321476369153,0.3095434291503252,2,Democracy
CN->CN,o_max,ols,m017005_o_max_ord20_rk00006,20,0.3619836414221912,-0.0,1,Democracy
CN->CN,o_max,ols,m012006_o_max_ord15_rk00007,15,0.361432628022914,-0.0,1,Democracy
CN->CN,o_max,ols,m016013_o_max_ord19_rk00014,19,0.3609153974571113,-0.0,1,Democracy
CN->CN,o_max,ols,m013006_o_max_ord16_rk00007,16,0.3603942394798048,-0.0,1,Democracy
CN->CN,o_max,ols,m004008_o_max_ord7_rk00009,7,0.3576356825753543,-0.0,1,Democracy
CN->CN,o_max,ols,m020018_o_max_ord23_rk00019,23,0.357416484110916,0.8076702057269436,3,Democracy
CN->CN,o_max,ols,m013019_o_max_ord16_rk00020,16,0.3572609113356743,-0.0,1,Democracy
CN->CN,o_max,ols,m015007_o_max_ord18_rk00008,18,0.3528189000483992,-0.0,1,Democracy
CN->CN,o_max,ols,m015014_o_max_ord18_rk00015,18,0.3524524302327628,0.3095434291503252,2,Democracy
CN->CN,o_max,ols,m006019_o_max_ord9_rk00020,9,0.3519139725110883,-0.0,1,Democracy
CN->CN,o_max,ols,m011011_o_max_ord14_rk00012,14,0.3513384546868581,-0.0,1,Democracy
CN->CN,o_max,ols,m012012_o_max_ord15_rk00013,15,0.3509760352336556,-0.0,1,Democracy
CN->CN,o_max,ols,m015001_o_max_ord18_rk00002,18,0.3509693342582489,-0.0,1,Democracy
CN->CN,o_max,ols,m012004_o_max_ord15_rk00005,15,0.3496907957880164,-0.0,1,Democracy
CN->CN,o_max,ols,m021014_o_max_ord24_rk00015,24,0.3467884400797827,1.2593984370492772,5,Democracy
CN->CN,o_max,ols,m012010_o_max_ord15_rk00011,15,0.346309694003834,-0.0,1,Democracy
CN->CN,o_max,ols,m018009_o_max_ord21_rk00010,21,0.3462813188420337,0.2761954276479391,2,Democracy
CN->CN,o_max,ols,m013004_o_max_ord16_rk00005,16,0.3455137501235429,-0.0,1,Democracy
CN->CN,o_max,ols,m012003_o_max_ord15_rk00004,15,0.3453091942925522,-0.0,1,Democracy
CN->CN,o_max,ols,m012001_o_max_ord15_rk00002,15,0.345231796069083,-0.0,1,Democracy
CN->CN,o_max,ols,m017006_o_max_ord20_rk00007,20,0.3449534036045898,0.2863969571159562,2,Democracy
CN->CN,o_max,ols,m013012_o_max_ord16_rk00013,16,0.3448334572523414,-0.0,1,Democracy
CN->CN,o_max,ols,m013000_o_max_ord16_rk00001,16,0.3429964596694353,-0.0,1,Democracy
CN->CN,o_max,ols,m022016_o_max_ord25_rk00017,25,0.3423791387522629,1.2252357794710609,5,Democracy
CN->CN,o_max,ols,m018017_o_max_ord21_rk00018,21,0.3420745852227681,0.2761954276479391,2,Democracy
CN->CN,o_max,ols,m016002_o_max_ord19_rk00003,19,0.3420133295692142,-0.0,1,Democracy
CN->CN,o_max,ols,m014011_o_max_ord17_rk00012,17,0.3408115409182373,-0.0,1,Democracy
CN->CN,o_max,ols,m016006_o_max_ord19_rk00007,19,0.3406772817079034,-0.0,1,Democracy
CN->CN,o_max,ols,m014018_o_max_ord17_rk00019,17,0.3403141044176296,-0.0,1,Democracy
CN->CN,o_max,ols,m018013_o_max_ord21_rk00014,21,0.3395610549101965,0.2761954276479391,2,Democracy
CN->CN,o_max,ols,m018002_o_max_ord21_rk00003,21,0.3395593454609412,0.2761954276479391,2,Democracy
CN->CN,o_max,ols,m016004_o_max_ord19_rk00005,19,0.3388116860331199,0.2974722489192896,2,Democracy
CN->CN,o_max,ols,m004018_o_max_ord7_rk00019,7,0.338055563342134,-0.0,1,Democracy
CN->CN,o_max,ols,m012016_o_max_ord15_rk00017,15,0.3378827208657673,0.35335933502142136,2,Democracy
CN->CN,o_max,ols,m001007_o_max_ord4_rk00008,4,0.3374752120100283,-0.0,1,Air Pollution
CN->CN,o_max,ols,m017003_o_max_ord20_rk00004,20,0.3366123560219572,0.2863969571159562,2,Democracy
CN->CN,o_max,ols,m023018_o_max_ord26_rk00019,26,0.3361789289882158,0.7441942138263227,3,Democracy
CN->CN,o_max,ols,m022018_o_max_ord25_rk00019,25,0.3356188581196946,0.6395563653739031,3,Democracy
CN->CN,o_max,ols,m007015_o_max_ord10_rk00016,10,0.333632621094441,-0.0,1,Democracy
CN->CN,o_max,ols,m017016_o_max_ord20_rk00017,20,0.3335642403960523,0.2863969571159562,2,Democracy
CN->CN,o_max,ols,m021017_o_max_ord24_rk00018,24,0.3334499449393321,1.3563429881688323,5,Democracy
CN->CN,o_max,ols,m019002_o_max_ord22_rk00003,22,0.3334319822367296,0.266764987803026,2,Democracy
CN->CN,o_max,ols,m015002_o_max_ord18_rk00003,18,0.331029876904226,-0.0,1,Democracy
CN->CN,o_max,ols,m018011_o_max_ord21_rk00012,21,0.3308012745120826,0.2761954276479391,2,Democracy
CN->CN,o_max,ols,m006017_o_max_ord9_rk00018,9,0.3305098461453807,-0.0,1,Democracy
CN->CN,o_max,ols,m016007_o_max_ord19_rk00008,19,0.3304458891618574,-0.0,1,Democracy
CN->CN,o_max,ols,m017002_o_max_ord20_rk00003,20,0.3300798202935557,-0.0,1,Democracy
CN->CN,o_max,ols,m016001_o_max_ord19_rk00002,19,0.3280209460853867,-0.0,1,Democracy
CN->CN,o_max,ols,m021012_o_max_ord24_rk00013,24,0.3264105875454355,0.5435644431995964,2,Democracy
CN->CN,o_max,ols,m017004_o_max_ord20_rk00005,20,0.3260708464614984,-0.0,1,Democracy
CN->CN,o_max,ols,m017009_o_max_ord20_rk00010,20,0.3260301178428516,0.2863969571159562,2,Democracy
CN->CN,o_max,ols,m018007_o_max_ord21_rk00008,21,0.3214130869978207,0.2761954276479391,2,Democracy
CN->CN,o_max,ols,m016008_o_max_ord19_rk00009,19,0.3210638545079673,-0.0,1,Democracy
CN->CN,o_max,ols,m022012_o_max_ord25_rk00013,25,0.3184197183962532,1.32151018873626,5,Democracy
CN->CN,o_max,ols,m021013_o_max_ord24_rk00014,24,0.3170509153415002,0.785235442391543,3,Democracy
CN->CN,o_max,ols,m017015_o_max_ord20_rk00016,20,0.3166510871377131,0.5689955935892812,3,Democracy
CN->CN,o_max,ols,m019006_o_max_ord22_rk00007,22,0.3161357170635984,0.5304060778306042,3,Democracy
CN->CN,o_max,ols,m013011_o_max_ord16_rk00012,16,0.3156239917474963,-0.0,1,Democracy
CN->CN,o_max,ols,m005015_o_max_ord8_rk00016,8,0.314695650983529,-0.0,1,Democracy
CN->CN,o_max,ols,m017001_o_max_ord20_rk00002,20,0.3143944816645897,-0.0,1,Democracy
CN->CN,o_max,ols,m019010_o_max_ord22_rk00011,22,0.3141796047104456,0.266764987803026,2,Democracy
CN->CN,o_max,ols,m018016_o_max_ord21_rk00017,21,0.3141373786736946,0.5489544344250401,3,Democracy
CN->CN,o_max,ols,m014015_o_max_ord17_rk00016,17,0.313704014613925,-0.0,1,Democracy
CN->CN,o_max,ols,m016011_o_max_ord19_rk00012,19,0.3133392932516065,0.2974722489192896,2,Democracy
CN->CN,o_max,ols,m014007_o_max_ord17_rk00008,17,0.3122463901461201,-0.0,1,Democracy
CN->CN,o_max,ols,m018001_o_max_ord21_rk00002,21,0.3118599574314158,-0.0,1,Democracy
CN->CN,o_max,ols,m020017_o_max_ord23_rk00018,23,0.3117224145453099,0.5131851787372753,3,Democracy
CN->CN,o_max,ols,m015018_o_max_ord18_rk00019,18,0.3109123392462699,-0.0,1,Democracy
CN->CN,o_max,ols,m015017_o_max_ord18_rk00018,18,0.3067356400384393,-0.0,1,Democracy
CN->CN,o_max,ols,m017013_o_max_ord20_rk00014,20,0.3064647680060228,0.2863969571159562,2,Democracy
CN->CN,o_max,ols,m017019_o_max_ord20_rk00020,20,0.3050630489670135,-0.0,1,Democracy
CN->CN,o_max,ols,m019007_o_max_ord22_rk00008,22,0.3037568466222096,0.266764987803026,2,Democracy
CN->CN,o_max,ols,m020009_o_max_ord23_rk00010,23,0.3014204928915208,0.4262286569981449,2,Democracy
CN->CN,o_max,ols,m017007_o_max_ord20_rk00008,20,0.2987885967406217,0.2863969571159562,2,Democracy
CN->CN,o_max,ols,m023017_o_max_ord26_rk00018,26,0.2871587690474332,0.7441942138263227,3,Democracy
CN->CN,o_max,ols,m024018_o_max_ord27_rk00019,27,0.2866039944159094,1.257162987432089,5,Democracy
CN->CN,o_max,ols,m021001_o_max_ord24_rk00002,24,0.2781595057011444,0.8886865525783176,3,Democracy
CN->CN,o_max,ols,m017012_o_max_ord20_rk00013,20,0.2772248422524483,0.2863969571159562,2,Democracy
CN->CN,o_max,ols,m022011_o_max_ord25_rk00012,25,0.2768786179773393,0.7641140545540274,3,Democracy
CN->CN,o_max,ols,m024011_o_max_ord27_rk00012,27,0.2765593836945785,0.824980257347893,3,Democracy
CN->CN,o_max,ols,m018008_o_max_ord21_rk00009,21,0.2740761253151291,0.2761954276479391,2,Democracy
CN->CN,o_max,ols,m023010_o_max_ord26_rk00011,26,0.2723045533849968,0.8451064151274781,3,Democracy
CN->CN,o_max,ols,m018003_o_max_ord21_rk00004,21,0.2711483488275474,0.2761954276479391,2,Democracy
CN->CN,o_max,ols,m023012_o_max_ord26_rk00013,26,0.2705364537487434,1.1929993566060646,5,Democracy
CN->CN,o_max,ols,m019012_o_max_ord22_rk00013,22,0.2702032538768141,0.266764987803026,2,Democracy
CN->CN,o_max,ols,m020014_o_max_ord23_rk00015,23,0.2678474594279334,0.8076702057269436,3,Democracy
CN->CN,o_max,ols,m019003_o_max_ord22_rk00004,22,0.264836705692305,0.266764987803026,2,Democracy
CN->CN,o_max,ols,m020001_o_max_ord23_rk00002,23,0.2617659528128905,0.9123163027543336,3,Democracy
CN->CN,o_max,ols,m019008_o_max_ord22_rk00009,22,0.2607051049643492,0.5304060778306042,3,Democracy
CN->CN,o_max,ols,m021009_o_max_ord24_rk00010,24,0.2603154544440507,1.0238995733215066,4,Democracy
CN->CN,o_max,ols,m020006_o_max_ord23_rk00007,23,0.2568511810390742,0.5131851787372753,3,Democracy
CN->CN,o_max,ols,m022009_o_max_ord25_rk00010,25,0.2553082637938505,0.6343095546405662,2,Democracy
CN->CN,o_max,ols,m019017_o_max_ord22_rk00018,22,0.2523508893283941,0.9373012413074895,3,Democracy
CN->CN,o_max,ols,m017017_o_max_ord20_rk00018,20,0.2508680715556637,0.2863969571159562,2,Democracy
CN->CN,o_max,ols,m020012_o_max_ord23_rk00013,23,0.2499705181611454,0.5131851787372753,3,Democracy
CN->CN,o_max,ols,m023008_o_max_ord26_rk00009,26,0.2476401019952646,1.2884926890861643,5,Democracy
CN->CN,o_max,ols,m016019_o_max_ord19_rk00020,19,0.2471854165246187,0.2974722489192896,2,Democracy
CN->CN,o_max,ols,m019013_o_max_ord22_rk00014,22,0.2454811889480004,-0.0,1,Democracy
CN->CN,o_max,ols,m021006_o_max_ord24_rk00007,24,0.244853459677791,0.8886865525783176,3,Democracy
CN->CN,o_max,ols,m017008_o_max_ord20_rk00009,20,0.2447072266534314,0.2863969571159562,2,Democracy
CN->CN,o_max,ols,m023013_o_max_ord26_rk00014,26,0.2422179979912527,1.1929993566060646,5,Democracy
CN->CN,o_max,ols,m018014_o_max_ord21_rk00015,21,0.2389807174035069,-0.0,1,Democracy
CN->CN,o_max,ols,m019015_o_max_ord22_rk00016,22,0.2370597483337841,0.266764987803026,2,Democracy
CN->CN,o_max,ols,m024008_o_max_ord27_rk00009,27,0.2363354480296905,1.042344321483692,4,Democracy
CN->CN,o_max,ols,m022004_o_max_ord25_rk00005,25,0.2343930059504857,0.8663137138648347,3,Democracy
CN->CN,o_max,ols,m023019_o_max_ord26_rk00020,26,0.2302127091671111,1.2884926890861643,5,Democracy
CN->CN,o_max,ols,m021008_o_max_ord24_rk00009,24,0.2293857827387302,0.6583514224564075,3,Democracy
CN->CN,o_max,ols,m024007_o_max_ord27_rk00008,27,0.2288652591864449,1.257162987432089,5,Democracy
CN->CN,o_max,ols,m022006_o_max_ord25_rk00007,25,0.2275804090691018,0.8663137138648347,3,Democracy
CN->CN,o_max,ols,m013009_o_max_ord16_rk00010,16,0.226951177025002,0.3372900666170139,2,Democracy
CN->CN,o_max,ols,m023003_o_max_ord26_rk00004,26,0.2256957966092778,0.8451064151274781,3,Democracy
CN->CN,o_max,ols,m022017_o_max_ord25_rk00018,25,0.2179240800565632,0.996118213778296,4,Democracy
CN->CN,o_max,ols,m020010_o_max_ord23_rk00011,23,0.2167516071103408,0.5131851787372753,3,Democracy
CN->CN,o_max,ols,m020005_o_max_ord23_rk00006,23,0.2148120805596844,1.1545676820893709,4,Democracy
CN->CN,o_max,ols,m020015_o_max_ord23_rk00016,23,0.210546874854554,1.0534081504863568,4,Democracy
CN->CN,o_max,ols,m022005_o_max_ord25_rk00006,25,0.2033811866274224,0.996118213778296,4,Democracy
CN->CN,o_max,ols,m001019_o_max_ord4_rk00020,4,0.1979048134027714,-0.0,1,Air Pollution
CN->CN,o_max,ols,m020019_o_max_ord23_rk00020,23,0.1976842307640826,0.4262286569981449,2,Democracy
CN->CN,o_max,ols,m019011_o_max_ord22_rk00012,22,0.1958121352356251,0.266764987803026,2,Democracy
CN->CN,o_max,ols,m022010_o_max_ord25_rk00011,25,0.1912730462516489,1.2252357794710609,5,Democracy
CN->CN,o_max,ols,m020003_o_max_ord23_rk00004,23,0.1899235116509062,0.9123163027543336,3,Democracy
CN->CN,o_max,ols,m021011_o_max_ord24_rk00012,24,0.188826903932319,0.7416847557897409,4,Democracy
CN->CN,o_max,ols,m021004_o_max_ord24_rk00005,24,0.1888174738442363,0.8886865525783176,3,Democracy
CN->CN,o_max,ols,m019009_o_max_ord22_rk00010,22,0.181537431680466,0.5304060778306042,3,Democracy
CN->CN,o_max,ols,m018019_o_max_ord21_rk00020,21,0.1811552226055555,0.2761954276479391,2,Democracy
CN->CN,o_max,ols,m021003_o_max_ord24_rk00004,24,0.1776715084248016,1.0238995733215066,4,Democracy
CN->CN,o_max,ols,m021007_o_max_ord24_rk00008,24,0.1768544777218389,0.6583514224564075,3,Democracy
CN->CN,o_max,ols,m024010_o_max_ord27_rk00011,27,0.1750046673626138,0.9451696091196164,4,Democracy
CN->CN,o_max,ols,m021005_o_max_ord24_rk00006,24,0.1718887600398859,0.6583514224564075,3,Democracy
CN->CN,o_max,ols,m023011_o_max_ord26_rk00012,26,0.1708552227867839,0.969918434275037,4,Democracy
CN->CN,o_max,ols,m021018_o_max_ord24_rk00019,24,0.1694897139386282,1.0238995733215066,4,Democracy
CN->CN,o_max,ols,m020013_o_max_ord23_rk00014,23,0.1675813431048799,0.7653636126766978,4,Democracy
CN->CN,o_max,ols,m020011_o_max_ord23_rk00012,23,0.1670515690172003,0.6784070909375675,3,Democracy
CN->CN,o_max,ols,m024016_o_max_ord27_rk00017,27,0.1669213054193771,1.1625336732554155,5,Democracy
CN->CN,o_max,ols,m019018_o_max_ord22_rk00019,22,0.166343873920251,0.266764987803026,2,Democracy
CN->CN,o_max,ols,m022000_o_max_ord25_rk00001,25,0.1658159023790485,1.0954312795575998,4,Democracy
CN->CN,o_max,ols,m025009_o_max_ord28_rk00010,28,0.159228261184095,1.0178015074140134,4,Democracy
CN->CN,o_max,ols,m024017_o_max_ord27_rk00018,27,0.1579224579261501,1.042344321483692,4,Democracy
CN->CN,o_max,ols,m024019_o_max_ord27_rk00020,27,0.1450790572345226,0.908653933541588,3,Democracy
CN->CN,o_max,ols,m021002_o_max_ord24_rk00003,24,0.144990964878403,1.1241854163060885,4,Democracy
CN->CN,o_max,ols,m023006_o_max_ord26_rk00007,26,0.1437467394242245,1.1929993566060646,5,Democracy
CN->CN,o_max,ols,m022001_o_max_ord25_rk00002,25,0.1361323584300895,0.996118213778296,4,Democracy
CN->CN,o_max,ols,m023005_o_max_ord26_rk00006,26,0.1312552186316046,1.0681873374585056,4,Democracy
CN->CN,o_max,ols,m022015_o_max_ord25_rk00016,25,0.1289738485192039,0.996118213778296,4,Democracy
CN->CN,o_max,ols,m023001_o_max_ord26_rk00002,26,0.1284514189197697,0.969918434275037,4,Democracy
CN->CN,o_max,ols,m024014_o_max_ord27_rk00015,27,0.126090918056023,1.257162987432089,5,Democracy
CN->CN,o_max,ols,m022008_o_max_ord25_rk00009,25,0.1203982639899349,0.7641140545540274,3,Democracy
CN->CN,o_max,ols,m023002_o_max_ord26_rk00003,26,0.1185709067298176,1.0681873374585056,4,Democracy
CN->CN,o_max,ols,m025004_o_max_ord28_rk00005,28,0.1086813754272815,1.2274025692592483,5,Democracy
AD->AD,o_min,ols,m048528_o_min_ord4_rk00014,4,0.4684023461934062,1.5,3,Air Pollution
AD->AD,o_min,ols,m048533_o_min_ord4_rk00019,4,0.4655818958199822,1.5,3,Air Pollution
AD->AD,o_min,ols,m048517_o_min_ord4_rk00003,4,0.4641965957503822,1.5,3,Air Pollution
AD->AD,o_min,ols,m048525_o_min_ord4_rk00011,4,0.462071786332706,1.5,3,Air Pollution
AD->AD,o_min,ols,m047528_o_min_ord3_rk00014,3,0.4611296020431609,0.9182958340544896,2,Air Pollution
AD->AD,o_min,ols,m048518_o_min_ord4_rk00004,4,0.4608303295316507,1.5,3,Air Pollution
AD->AD,o_min,ols,m048520_o_min_ord4_rk00006,4,0.4591281793052192,1.5,3,Air Pollution
AD->AD,o_min,ols,m047531_o_min_ord3_rk00017,3,0.4579699337958574,0.9182958340544896,2,Air Pollution
AD->AD,o_min,ols,m048519_o_min_ord4_rk00005,4,0.4570198667266488,1.5,3,Socioeconomic
AD->AD,o_min,ols,m048526_o_min_ord4_rk00012,4,0.4559339979977768,1.5,3,Air Pollution
AD->AD,o_min,ols,m048523_o_min_ord4_rk00009,4,0.454851946435263,1.5,3,Air Pollution
AD->AD,o_min,ols,m047515_o_min_ord3_rk00001,3,0.4535708225486058,0.9182958340544896,2,Air Pollution
AD->AD,o_min,ols,m051526_o_min_ord7_rk00012,7,0.4532671469376702,1.8423709931771086,4,Democracy
AD->AD,o_min,ols,m047533_o_min_ord3_rk00019,3,0.4524477345692311,0.9182958340544896,2,Socioeconomic
AD->AD,o_min,ols,m048532_o_min_ord4_rk00018,4,0.446935914107745,1.5,3,Temperature
AD->AD,o_min,ols,m048527_o_min_ord4_rk00013,4,0.4434689048016442,2.0,4,Air Pollution
AD->AD,o_min,ols,m048531_o_min_ord4_rk00017,4,0.4428272718092789,1.5,3,Air Pollution
AD->AD,o_min,ols,m048530_o_min_ord4_rk00016,4,0.4410161606459895,2.0,4,Air Pollution
AD->AD,o_min,ols,m047527_o_min_ord3_rk00013,3,0.4335252476265092,0.9182958340544896,2,Democracy
AD->AD,o_min,ols,m048522_o_min_ord4_rk00008,4,0.4318305658128951,1.5,3,Air Pollution
AD->AD,o_min,ols,m048529_o_min_ord4_rk00015,4,0.4313411932820453,1.5,3,Air Pollution
AD->AD,o_min,ols,m048521_o_min_ord4_rk00007,4,0.4308586686771993,1.5,3,Air Pollution
AD->AD,o_min,ols,m047521_o_min_ord3_rk00007,3,0.4308235333790366,0.9182958340544896,2,Democracy
AD->AD,o_min,ols,m047517_o_min_ord3_rk00003,3,0.4296578265362671,1.584962500721156,3,Air Pollution
AD->AD,o_min,ols,m048534_o_min_ord4_rk00020,4,0.4259763103727825,1.5,3,Air Pollution
AD->AD,o_min,ols,m048516_o_min_ord4_rk00002,4,0.4257219560470119,1.5,3,Air Pollution
AD->AD,o_min,ols,m048524_o_min_ord4_rk00010,4,0.4248965022139886,1.5,3,Air Pollution
AD->AD,o_min,ols,m050515_o_min_ord6_rk00001,6,0.4226467869479765,1.4591479170272448,3,Democracy
AD->AD,o_min,ols,m047524_o_min_ord3_rk00010,3,0.4186669457214296,0.9182958340544896,2,Democracy
AD->AD,o_min,ols,m047532_o_min_ord3_rk00018,3,0.4183852375297852,1.584962500721156,3,Air Pollution
AD->AD,o_min,ols,m047534_o_min_ord3_rk00020,3,0.4142762133581109,1.584962500721156,3,Air Pollution
AD->AD,o_min,ols,m052525_o_min_ord8_rk00011,8,0.4053550823147079,1.75,4,Democracy
AD->AD,o_min,ols,m047522_o_min_ord3_rk00008,3,0.4044046823927808,0.9182958340544896,2,Democracy
AD->AD,o_min,ols,m047518_o_min_ord3_rk00004,3,0.4039836760088598,0.9182958340544896,2,Democracy
AD->AD,o_min,ols,m047516_o_min_ord3_rk00002,3,0.4034092981633285,0.9182958340544896,2,Democracy
AD->AD,o_min,ols,m049530_o_min_ord5_rk00016,5,0.3937273968351507,1.5219280948873621,3,Air Pollution
AD->AD,o_min,ols,m049521_o_min_ord5_rk00007,5,0.3802455635380638,1.9219280948873623,4,Air Pollution
AD->AD,o_min,ols,m051532_o_min_ord7_rk00018,7,0.37436552008814,1.8423709931771086,4,Democracy
AD->AD,o_min,ols,m051519_o_min_ord7_rk00005,7,0.3698834676566287,1.3787834934861753,3,Democracy
AD->AD,o_min,ols,m047530_o_min_ord3_rk00016,3,0.3644499896169479,0.9182958340544896,2,Democracy
AD->AD,o_min,ols,m049527_o_min_ord5_rk00013,5,0.3571478488245937,1.9219280948873623,4,Air Pollution
AD->AD,o_min,ols,m051516_o_min_ord7_rk00002,7,0.3530822524406096,1.3787834934861753,3,Democracy
AD->AD,o_min,ols,m049520_o_min_ord5_rk00006,5,0.3522615467966931,1.9219280948873623,4,Air Pollution
AD->AD,o_min,ols,m049517_o_min_ord5_rk00003,5,0.3437438380559461,1.9219280948873623,4,Air Pollution
AD->AD,o_min,ols,m047525_o_min_ord3_rk00011,3,0.3419223688771124,0.9182958340544896,2,Temperature
AD->AD,o_min,ols,m047523_o_min_ord3_rk00009,3,0.3379607706241253,1.584962500721156,3,Air Pollution
AD->AD,o_min,ols,m049522_o_min_ord5_rk00008,5,0.3362807292976507,1.5219280948873621,3,Air Pollution
AD->AD,o_min,ols,m047529_o_min_ord3_rk00015,3,0.3336689491403272,1.584962500721156,3,Air Pollution
AD->AD,o_min,ols,m049529_o_min_ord5_rk00015,5,0.3288122082378304,1.3709505944546687,3,Air Pollution
AD->AD,o_min,ols,m051529_o_min_ord7_rk00015,7,0.3255177610538945,1.8423709931771086,4,Democracy
AD->AD,o_min,ols,m048515_o_min_ord4_rk00001,4,0.3181557157901281,1.0,2,Air Pollution
AD->AD,o_min,ols,m053530_o_min_ord9_rk00016,9,0.2902848713197926,2.197159723424149,5,Democracy
AD->AD,o_min,ols,m049523_o_min_ord5_rk00009,5,0.2898701251476386,1.5219280948873621,3,Precipitation/droughts
AD->AD,o_min,ols,m053520_o_min_ord9_rk00006,9,0.2895856193800943,2.2810361125534238,5,Air Pollution
AD->AD,o_min,ols,m049528_o_min_ord5_rk00014,5,0.2853601754245461,1.5219280948873621,3,Precipitation/droughts
AD->AD,o_min,ols,m049518_o_min_ord5_rk00004,5,0.2816095901152867,1.5219280948873621,3,Air Pollution
AD->AD,o_min,ols,m053519_o_min_ord9_rk00005,9,0.2769034125505205,2.2810361125534238,5,Air Pollution
AD->AD,o_min,ols,m054525_o_min_ord10_rk00011,10,0.2731619000516705,2.2464393446710154,5,Socioeconomic
AD->AD,o_min,ols,m049519_o_min_ord5_rk00005,5,0.266984730755753,1.5219280948873621,3,Air Pollution
AD->AD,o_min,ols,m050534_o_min_ord6_rk00020,6,0.2639777514653966,2.2516291673878226,5,Precipitation/droughts
AD->AD,o_min,ols,m057529_o_min_ord13_rk00015,13,0.2617096417511065,2.6031579868726,7,Temperature
AD->AD,o_min,ols,m049515_o_min_ord5_rk00001,5,0.2569068881753958,1.5219280948873621,3,Precipitation/droughts
AD->AD,o_min,ols,m053517_o_min_ord9_rk00003,9,0.2537314630168437,2.1971597234241496,5,Socioeconomic
AD->AD,o_min,ols,m050524_o_min_ord6_rk00010,6,0.2528375000122497,2.2516291673878226,5,Precipitation/droughts
AD->AD,o_min,ols,m050526_o_min_ord6_rk00012,6,0.2514273009023112,1.9182958340544896,4,Precipitation/droughts
AD->AD,o_min,ols,m050523_o_min_ord6_rk00009,6,0.2491291803828057,1.9182958340544896,4,Precipitation/droughts
AD->AD,o_min,ols,m050533_o_min_ord6_rk00019,6,0.2474888454747845,1.9182958340544896,4,Precipitation/droughts
AD->AD,o_min,ols,m054527_o_min_ord10_rk00013,10,0.245826254134893,2.2464393446710154,5,Socioeconomic
AD->AD,o_min,ols,m047526_o_min_ord3_rk00012,3,0.2328694519253299,0.9182958340544896,2,Air Pollution
AD->AD,o_min,ols,m047519_o_min_ord3_rk00005,3,0.2230098505541665,0.9182958340544896,2,Air Pollution
AD->AD,o_min,ols,m052515_o_min_ord8_rk00001,8,0.222940789301288,2.25,5,Air Pollution
AD->AD,o_min,ols,m049525_o_min_ord5_rk00011,5,0.2099577849064829,1.5219280948873621,3,Air Pollution
AD->AD,o_min,ols,m060525_o_min_ord16_rk00011,16,0.2097761907281945,2.452819531114783,6,Temperature
AD->AD,o_min,ols,m052519_o_min_ord8_rk00005,8,0.2003286724198237,2.5,6,Air Pollution
AD->AD,o_min,ols,m049534_o_min_ord5_rk00020,5,0.1987813664027983,1.9219280948873623,4,Precipitation/droughts
AD->AD,o_min,ols,m050529_o_min_ord6_rk00015,6,0.1927133342280911,1.9182958340544893,4,Air Pollution
AD->AD,o_min,ols,m051533_o_min_ord7_rk00019,7,0.163678953653018,1.8423709931771086,4,Democracy
AD->AD,o_min,ols,m054520_o_min_ord10_rk00006,10,0.151665883817619,2.4464393446710155,6,Temperature
AD->AD,o_min,ols,m050520_o_min_ord6_rk00006,6,0.1508340031327246,1.9182958340544893,4,Air Pollution
AD->AD,o_min,ols,m051525_o_min_ord7_rk00011,7,0.1494572425303392,1.950212064914747,4,Air Pollution
AD->AD,o_min,ols,m050525_o_min_ord6_rk00011,6,0.1439767658053131,1.4591479170272448,3,Democracy
AD->AD,o_min,ols,m050522_o_min_ord6_rk00008,6,0.1397166813050867,1.9182958340544893,4,Air Pollution
AD->AD,o_min,ols,m050519_o_min_ord6_rk00005,6,0.1375982060792931,1.9182958340544893,4,Air Pollution
AD->AD,o_min,ols,m061521_o_min_ord17_rk00007,17,0.136295136650787,2.41896119556797,6,Democracy
AD->AD,o_min,ols,m056519_o_min_ord12_rk00005,12,0.134289087547304,2.6258145836939115,7,Temperature
AD->AD,o_min,ols,m049526_o_min_ord5_rk00012,5,0.1299606936608486,1.5219280948873621,3,Air Pollution
AD->AD,o_min,ols,m054532_o_min_ord10_rk00018,10,0.1253806871447369,2.4464393446710155,6,Temperature
AD->AD,o_min,ols,m051530_o_min_ord7_rk00016,7,0.1249118235723941,1.9502120649147465,4,Air Pollution
AD->AD,o_min,ols,m050516_o_min_ord6_rk00002,6,0.1246072023199331,1.9182958340544896,4,Air Pollution
AD->AD,o_min,ols,m054518_o_min_ord10_rk00004,10,0.1209357723906152,2.4464393446710155,6,Temperature
AD->AD,o_min,ols,m050518_o_min_ord6_rk00004,6,0.1188994477425815,1.9182958340544896,4,Air Pollution
AD->AD,o_min,ols,m051534_o_min_ord7_rk00020,7,0.1110340762587359,2.5216406363433186,6,Precipitation/droughts
AD->AD,o_min,ols,m054522_o_min_ord10_rk00008,10,0.1109487275042755,2.7219280948873625,7,Temperature
AD->AD,o_min,ols,m053518_o_min_ord9_rk00004,9,0.1102440182322067,2.197159723424149,5,Temperature
AD->AD,o_min,ols,m049524_o_min_ord5_rk00010,5,0.1089796671645469,1.9219280948873623,4,Air Pollution
AD->AD,o_min,ols,m049532_o_min_ord5_rk00018,5,0.1068784633399344,1.5219280948873621,3,Air Pollution
AD->AD,o_min,ols,m053522_o_min_ord9_rk00008,9,0.1061520643208711,2.5032583347756456,6,Temperature
AD->AD,o_min,ols,m051518_o_min_ord7_rk00004,7,0.1037000876544033,1.9502120649147465,4,Air Pollution
AD->AD,o_min,ols,m050531_o_min_ord6_rk00017,6,0.1008610888414353,1.584962500721156,3,Air Pollution
AD->AD,o_max,ols,m000002_o_max_ord3_rk00003,3,0.4788020484470705,-0.0,1,Democracy
AD->AD,o_max,ols,m000003_o_max_ord3_rk00004,3,0.4785206166486941,-0.0,1,Democracy
AD->AD,o_max,ols,m001013_o_max_ord4_rk00014,4,0.4779075271468794,-0.0,1,Democracy
AD->AD,o_max,ols,m000019_o_max_ord3_rk00020,3,0.4775250688035494,-0.0,1,Democracy
AD->AD,o_max,ols,m000014_o_max_ord3_rk00015,3,0.4775007993392127,-0.0,1,Democracy
AD->AD,o_max,ols,m000017_o_max_ord3_rk00018,3,0.4773579946882421,-0.0,1,Democracy
AD->AD,o_max,ols,m001008_o_max_ord4_rk00009,4,0.4772853450452177,-0.0,1,Democracy
AD->AD,o_max,ols,m000000_o_max_ord3_rk00001,3,0.476956875732869,-0.0,1,Democracy
AD->AD,o_max,ols,m000010_o_max_ord3_rk00011,3,0.4755677262238409,-0.0,1,Democracy
AD->AD,o_max,ols,m000011_o_max_ord3_rk00012,3,0.4750008229834975,-0.0,1,Democracy
AD->AD,o_max,ols,m001016_o_max_ord4_rk00017,4,0.4749598696354287,-0.0,1,Democracy
AD->AD,o_max,ols,m000004_o_max_ord3_rk00005,3,0.4748768419426549,-0.0,1,Democracy
AD->AD,o_max,ols,m000018_o_max_ord3_rk00019,3,0.4747070372333161,-0.0,1,Democracy
AD->AD,o_max,ols,m000006_o_max_ord3_rk00007,3,0.4746938285621143,-0.0,1,Democracy
AD->AD,o_max,ols,m002010_o_max_ord5_rk00011,5,0.4744955718681976,-0.0,1,Democracy
AD->AD,o_max,ols,m002004_o_max_ord5_rk00005,5,0.4740718804238726,-0.0,1,Democracy
AD->AD,o_max,ols,m000009_o_max_ord3_rk00010,3,0.4737248811528983,-0.0,1,Democracy
AD->AD,o_max,ols,m000008_o_max_ord3_rk00009,3,0.4736247351578146,-0.0,1,Democracy
AD->AD,o_max,ols,m001005_o_max_ord4_rk00006,4,0.473137567276734,-0.0,1,Democracy
AD->AD,o_max,ols,m002018_o_max_ord5_rk00019,5,0.4727052823650655,-0.0,1,Democracy
AD->AD,o_max,ols,m001000_o_max_ord4_rk00001,4,0.4722125367293884,-0.0,1,Democracy
AD->AD,o_max,ols,m000007_o_max_ord3_rk00008,3,0.4710591603551639,-0.0,1,Democracy
AD->AD,o_max,ols,m001009_o_max_ord4_rk00010,4,0.4710176889819292,-0.0,1,Democracy
AD->AD,o_max,ols,m000015_o_max_ord3_rk00016,3,0.470268149696079,-0.0,1,Democracy
AD->AD,o_max,ols,m001006_o_max_ord4_rk00007,4,0.4699078632419303,-0.0,1,Democracy
AD->AD,o_max,ols,m001015_o_max_ord4_rk00016,4,0.4697181885643077,-0.0,1,Democracy
AD->AD,o_max,ols,m001003_o_max_ord4_rk00004,4,0.469289502607036,-0.0,1,Democracy
AD->AD,o_max,ols,m000005_o_max_ord3_rk00006,3,0.4683740076574142,-0.0,1,Democracy
AD->AD,o_max,ols,m001014_o_max_ord4_rk00015,4,0.4679345997080097,-0.0,1,Democracy
AD->AD,o_max,ols,m001002_o_max_ord4_rk00003,4,0.4679027257774123,-0.0,1,Democracy
AD->AD,o_max,ols,m000013_o_max_ord3_rk00014,3,0.4667595567938915,-0.0,1,Democracy
AD->AD,o_max,ols,m001010_o_max_ord4_rk00011,4,0.4667224749145335,-0.0,1,Democracy
AD->AD,o_max,ols,m002016_o_max_ord5_rk00017,5,0.4662526506285843,-0.0,1,Democracy
AD->AD,o_max,ols,m002008_o_max_ord5_rk00009,5,0.4652311391460051,-0.0,1,Democracy
AD->AD,o_max,ols,m002014_o_max_ord5_rk00015,5,0.4639679552391931,-0.0,1,Democracy
AD->AD,o_max,ols,m002009_o_max_ord5_rk00010,5,0.4635823433548793,-0.0,1,Democracy
AD->AD,o_max,ols,m003006_o_max_ord6_rk00007,6,0.462561191864132,-0.0,1,Democracy
AD->AD,o_max,ols,m003017_o_max_ord6_rk00018,6,0.4613205072384574,-0.0,1,Democracy
AD->AD,o_max,ols,m000016_o_max_ord3_rk00017,3,0.4607343967338717,-0.0,1,Democracy
AD->AD,o_max,ols,m002001_o_max_ord5_rk00002,5,0.4582330536963069,-0.0,1,Democracy
AD->AD,o_max,ols,m001018_o_max_ord4_rk00019,4,0.4576188272852566,-0.0,1,Democracy
AD->AD,o_max,ols,m001004_o_max_ord4_rk00005,4,0.4571338446365366,-0.0,1,Democracy
AD->AD,o_max,ols,m002011_o_max_ord5_rk00012,5,0.4562039305808463,-0.0,1,Democracy
AD->AD,o_max,ols,m001001_o_max_ord4_rk00002,4,0.4556187112086081,-0.0,1,Democracy
AD->AD,o_max,ols,m001012_o_max_ord4_rk00013,4,0.4549734577188553,-0.0,1,Democracy
AD->AD,o_max,ols,m003014_o_max_ord6_rk00015,6,0.453773577582351,-0.0,1,Democracy
AD->AD,o_max,ols,m002005_o_max_ord5_rk00006,5,0.4530666715506568,-0.0,1,Democracy
AD->AD,o_max,ols,m004015_o_max_ord7_rk00016,7,0.4524547973104629,-0.0,1,Democracy
AD->AD,o_max,ols,m003001_o_max_ord6_rk00002,6,0.4520776494607695,-0.0,1,Democracy
AD->AD,o_max,ols,m002012_o_max_ord5_rk00013,5,0.4520711097074227,-0.0,1,Democracy
AD->AD,o_max,ols,m003011_o_max_ord6_rk00012,6,0.4508790855781788,-0.0,1,Democracy
AD->AD,o_max,ols,m002002_o_max_ord5_rk00003,5,0.4505797102220353,-0.0,1,Democracy
AD->AD,o_max,ols,m003007_o_max_ord6_rk00008,6,0.4503087552289139,-0.0,1,Democracy
AD->AD,o_max,ols,m002000_o_max_ord5_rk00001,5,0.4497533690598068,-0.0,1,Democracy
AD->AD,o_max,ols,m003013_o_max_ord6_rk00014,6,0.4487836165410057,-0.0,1,Democracy
AD->AD,o_max,ols,m003002_o_max_ord6_rk00003,6,0.4483135086550117,-0.0,1,Democracy
AD->AD,o_max,ols,m004003_o_max_ord7_rk00004,7,0.44728412380728,-0.0,1,Democracy
AD->AD,o_max,ols,m002015_o_max_ord5_rk00016,5,0.4449234596287855,-0.0,1,Democracy
AD->AD,o_max,ols,m000012_o_max_ord3_rk00013,3,0.4447464742867446,-0.0,1,Democracy
AD->AD,o_max,ols,m002017_o_max_ord5_rk00018,5,0.4445958528193883,-0.0,1,Democracy
AD->AD,o_max,ols,m000001_o_max_ord3_rk00002,3,0.4429872838265885,-0.0,1,Air Pollution
AD->AD,o_max,ols,m003005_o_max_ord6_rk00006,6,0.4416089524821545,-0.0,1,Democracy
AD->AD,o_max,ols,m001011_o_max_ord4_rk00012,4,0.4401908020325492,-0.0,1,Democracy
AD->AD,o_max,ols,m004011_o_max_ord7_rk00012,7,0.4392396393628285,-0.0,1,Democracy
AD->AD,o_max,ols,m005018_o_max_ord8_rk00019,8,0.4390851658539791,-0.0,1,Democracy
AD->AD,o_max,ols,m001017_o_max_ord4_rk00018,4,0.4374695335931295,-0.0,1,Democracy
AD->AD,o_max,ols,m002006_o_max_ord5_rk00007,5,0.4361434094138323,-0.0,1,Democracy
AD->AD,o_max,ols,m002007_o_max_ord5_rk00008,5,0.4357945113805364,-0.0,1,Democracy
AD->AD,o_max,ols,m004002_o_max_ord7_rk00003,7,0.4357319080273502,-0.0,1,Democracy
AD->AD,o_max,ols,m003016_o_max_ord6_rk00017,6,0.4323605440197176,-0.0,1,Democracy
AD->AD,o_max,ols,m003004_o_max_ord6_rk00005,6,0.4285063618310725,-0.0,1,Democracy
AD->AD,o_max,ols,m004012_o_max_ord7_rk00013,7,0.4233003771232836,-0.0,1,Democracy
AD->AD,o_max,ols,m005002_o_max_ord8_rk00003,8,0.422099065964158,-0.0,1,Democracy
AD->AD,o_max,ols,m001019_o_max_ord4_rk00020,4,0.4199558877542008,-0.0,1,Air Pollution
AD->AD,o_max,ols,m002003_o_max_ord5_rk00004,5,0.4195701042035542,-0.0,1,Democracy
AD->AD,o_max,ols,m004006_o_max_ord7_rk00007,7,0.4114806488052874,-0.0,1,Democracy
AD->AD,o_max,ols,m003010_o_max_ord6_rk00011,6,0.4108527558776026,-0.0,1,Democracy
AD->AD,o_max,ols,m005016_o_max_ord8_rk00017,8,0.4095452858451395,-0.0,1,Democracy
AD->AD,o_max,ols,m006009_o_max_ord9_rk00010,9,0.4089657676500043,-0.0,1,Democracy
AD->AD,o_max,ols,m004007_o_max_ord7_rk00008,7,0.4041830809165795,-0.0,1,Democracy
AD->AD,o_max,ols,m004017_o_max_ord7_rk00018,7,0.4036509148484375,-0.0,1,Democracy
AD->AD,o_max,ols,m004014_o_max_ord7_rk00015,7,0.4036048771604046,-0.0,1,Democracy
AD->AD,o_max,ols,m003009_o_max_ord6_rk00010,6,0.4027864740079497,-0.0,1,Democracy
AD->AD,o_max,ols,m003000_o_max_ord6_rk00001,6,0.4008301896699189,-0.0,1,Democracy
AD->AD,o_max,ols,m005009_o_max_ord8_rk00010,8,0.4006744049931767,-0.0,1,Democracy
AD->AD,o_max,ols,m004019_o_max_ord7_rk00020,7,0.3988385948431849,-0.0,1,Democracy
AD->AD,o_max,ols,m004000_o_max_ord7_rk00001,7,0.3984260989152963,-0.0,1,Democracy
AD->AD,o_max,ols,m005005_o_max_ord8_rk00006,8,0.3983151916584316,-0.0,1,Democracy
AD->AD,o_max,ols,m005012_o_max_ord8_rk00013,8,0.3978530111052172,-0.0,1,Democracy
AD->AD,o_max,ols,m003019_o_max_ord6_rk00020,6,0.3943523723177254,-0.0,1,Democracy
AD->AD,o_max,ols,m006003_o_max_ord9_rk00004,9,0.3940598747070591,-0.0,1,Democracy
AD->AD,o_max,ols,m005000_o_max_ord8_rk00001,8,0.39308172683665,-0.0,1,Democracy
AD->AD,o_max,ols,m005013_o_max_ord8_rk00014,8,0.3923360135038759,-0.0,1,Democracy
AD->AD,o_max,ols,m006008_o_max_ord9_rk00009,9,0.3897432284235859,-0.0,1,Democracy
AD->AD,o_max,ols,m005019_o_max_ord8_rk00020,8,0.3893798521774044,-0.0,1,Democracy
AD->AD,o_max,ols,m004001_o_max_ord7_rk00002,7,0.389344533574924,-0.0,1,Democracy
AD->AD,o_max,ols,m008010_o_max_ord11_rk00011,11,0.3866230503107865,-0.0,1,Democracy
AD->AD,o_max,ols,m005014_o_max_ord8_rk00015,8,0.385027824584938,-0.0,1,Democracy
AD->AD,o_max,ols,m004013_o_max_ord7_rk00014,7,0.3826543500453854,-0.0,1,Democracy
AD->AD,o_max,ols,m006012_o_max_ord9_rk00013,9,0.3806568529033981,-0.0,1,Democracy
AD->AD,o_max,ols,m004018_o_max_ord7_rk00019,7,0.3803994720041296,-0.0,1,Democracy
AD->AD,o_max,ols,m003008_o_max_ord6_rk00009,6,0.3764111658791885,-0.0,1,Democracy
AD->AD,o_max,ols,m003018_o_max_ord6_rk00019,6,0.3752787374110709,-0.0,1,Democracy
AD->AD,o_max,ols,m006014_o_max_ord9_rk00015,9,0.3719781903156227,-0.0,1,Democracy
AD->AD,o_max,ols,m003003_o_max_ord6_rk00004,6,0.3663184561255291,-0.0,1,Democracy
AD->AD,o_max,ols,m005008_o_max_ord8_rk00009,8,0.3649086359293658,-0.0,1,Democracy
AD->AD,o_max,ols,m004009_o_max_ord7_rk00010,7,0.3645282543430268,-0.0,1,Democracy
AD->AD,o_max,ols,m005010_o_max_ord8_rk00011,8,0.3605439386300789,-0.0,1,Democracy
AD->AD,o_max,ols,m005001_o_max_ord8_rk00002,8,0.360208803521471,-0.0,1,Democracy
AD->AD,o_max,ols,m003015_o_max_ord6_rk00016,6,0.359522167494294,-0.0,1,Democracy
AD->AD,o_max,ols,m005007_o_max_ord8_rk00008,8,0.3588840863402971,-0.0,1,Democracy
AD->AD,o_max,ols,m005006_o_max_ord8_rk00007,8,0.358200236822881,-0.0,1,Democracy
AD->AD,o_max,ols,m004016_o_max_ord7_rk00017,7,0.3533356012677223,-0.0,1,Democracy
AD->AD,o_max,ols,m007010_o_max_ord10_rk00011,10,0.3469541309355496,-0.0,1,Democracy
AD->AD,o_max,ols,m007004_o_max_ord10_rk00005,10,0.3467281629832646,-0.0,1,Democracy
AD->AD,o_max,ols,m007011_o_max_ord10_rk00012,10,0.3454966066651187,0.4689955935892812,2,Democracy
AD->AD,o_max,ols,m004004_o_max_ord7_rk00005,7,0.3438220628052083,-0.0,1,Democracy
AD->AD,o_max,ols,m002019_o_max_ord5_rk00020,5,0.3438205142258438,-0.0,1,Democracy
AD->AD,o_max,ols,m007005_o_max_ord10_rk00006,10,0.3383198477670154,-0.0,1,Democracy
AD->AD,o_max,ols,m006019_o_max_ord9_rk00020,9,0.3356806357612624,-0.0,1,Democracy
AD->AD,o_max,ols,m005015_o_max_ord8_rk00016,8,0.3355463008446268,-0.0,1,Democracy
AD->AD,o_max,ols,m006000_o_max_ord9_rk00001,9,0.3347681492412701,-0.0,1,Democracy
AD->AD,o_max,ols,m007015_o_max_ord10_rk00016,10,0.3327473881051151,-0.0,1,Democracy
AD->AD,o_max,ols,m007019_o_max_ord10_rk00020,10,0.3304014124545581,-0.0,1,Democracy
AD->AD,o_max,ols,m006016_o_max_ord9_rk00017,9,0.3282390495673019,-0.0,1,Democracy
AD->AD,o_max,ols,m002013_o_max_ord5_rk00014,5,0.3277676947074707,-0.0,1,Democracy
AD->AD,o_max,ols,m004008_o_max_ord7_rk00009,7,0.3254947837955246,-0.0,1,Democracy
AD->AD,o_max,ols,m006015_o_max_ord9_rk00016,9,0.324422792757459,-0.0,1,Democracy
AD->AD,o_max,ols,m005004_o_max_ord8_rk00005,8,0.3200702651652878,-0.0,1,Democracy
AD->AD,o_max,ols,m006006_o_max_ord9_rk00007,9,0.3197189518670462,-0.0,1,Democracy
AD->AD,o_max,ols,m009016_o_max_ord12_rk00017,12,0.3175871307306739,-0.0,1,Democracy
AD->AD,o_max,ols,m007013_o_max_ord10_rk00014,10,0.3174372357157869,-0.0,1,Democracy
AD->AD,o_max,ols,m007017_o_max_ord10_rk00018,10,0.3132477505615596,-0.0,1,Democracy
AD->AD,o_max,ols,m003012_o_max_ord6_rk00013,6,0.308717594749106,-0.0,1,Democracy
AD->AD,o_max,ols,m006018_o_max_ord9_rk00019,9,0.3052220891270472,-0.0,1,Democracy
AD->AD,o_max,ols,m009004_o_max_ord12_rk00005,12,0.3051872114627663,-0.0,1,Democracy
AD->AD,o_max,ols,m007014_o_max_ord10_rk00015,10,0.2998012910336022,0.4689955935892812,2,Democracy
AD->AD,o_max,ols,m007007_o_max_ord10_rk00008,10,0.2996220989222437,-0.0,1,Democracy
AD->AD,o_max,ols,m006004_o_max_ord9_rk00005,9,0.2976976927431142,-0.0,1,Democracy
AD->AD,o_max,ols,m004005_o_max_ord7_rk00006,7,0.2969229861210428,-0.0,1,Democracy
AD->AD,o_max,ols,m005017_o_max_ord8_rk00018,8,0.2917589381082067,-0.0,1,Democracy
AD->AD,o_max,ols,m005003_o_max_ord8_rk00004,8,0.2903783964387364,-0.0,1,Democracy
AD->AD,o_max,ols,m010003_o_max_ord13_rk00004,13,0.2895703097092721,-0.0,1,Democracy
AD->AD,o_max,ols,m006010_o_max_ord9_rk00011,9,0.2879998809164921,-0.0,1,Democracy
AD->AD,o_max,ols,m008014_o_max_ord11_rk00015,11,0.2870691424846693,-0.0,1,Democracy
AD->AD,o_max,ols,m008006_o_max_ord11_rk00007,11,0.2838307697219647,-0.0,1,Democracy
AD->AD,o_max,ols,m006001_o_max_ord9_rk00002,9,0.2819665621640466,-0.0,1,Democracy
AD->AD,o_max,ols,m006013_o_max_ord9_rk00014,9,0.2807032013300974,-0.0,1,Democracy
AD->AD,o_max,ols,m006005_o_max_ord9_rk00006,9,0.2797438247002795,-0.0,1,Democracy
AD->AD,o_max,ols,m007009_o_max_ord10_rk00010,10,0.276623726031559,-0.0,1,Democracy
AD->AD,o_max,ols,m008015_o_max_ord11_rk00016,11,0.275619647927376,-0.0,1,Democracy
AD->AD,o_max,ols,m007001_o_max_ord10_rk00002,10,0.2746541215122899,-0.0,1,Democracy
AD->AD,o_max,ols,m006002_o_max_ord9_rk00003,9,0.2741019580443878,-0.0,1,Democracy
AD->AD,o_max,ols,m004010_o_max_ord7_rk00011,7,0.2736209387868192,-0.0,1,Democracy
AD->AD,o_max,ols,m007002_o_max_ord10_rk00003,10,0.264031345443804,-0.0,1,Democracy
AD->AD,o_max,ols,m009007_o_max_ord12_rk00008,12,0.2633480931803226,-0.0,1,Democracy
AD->AD,o_max,ols,m007000_o_max_ord10_rk00001,10,0.2595639485372507,-0.0,1,Democracy
AD->AD,o_max,ols,m007003_o_max_ord10_rk00004,10,0.2570224750748183,-0.0,1,Democracy
AD->AD,o_max,ols,m007008_o_max_ord10_rk00009,10,0.2555343177648747,-0.0,1,Democracy
AD->AD,o_max,ols,m010008_o_max_ord13_rk00009,13,0.2554910790410274,-0.0,1,Democracy
AD->AD,o_max,ols,m005011_o_max_ord8_rk00012,8,0.2546817363046993,-0.0,1,Democracy
AD->AD,o_max,ols,m008019_o_max_ord11_rk00020,11,0.2541153878010668,-0.0,1,Democracy
AD->AD,o_max,ols,m009013_o_max_ord12_rk00014,12,0.2539474013490941,-0.0,1,Democracy
AD->AD,o_max,ols,m006011_o_max_ord9_rk00012,9,0.2532967984205224,-0.0,1,Democracy
AD->AD,o_max,ols,m008001_o_max_ord11_rk00002,11,0.2500033682378794,-0.0,1,Democracy
AD->AD,o_max,ols,m008013_o_max_ord11_rk00014,11,0.2494430031709482,-0.0,1,Democracy
AD->AD,o_max,ols,m010006_o_max_ord13_rk00007,13,0.2457161834221328,-0.0,1,Democracy
AD->AD,o_max,ols,m008018_o_max_ord11_rk00019,11,0.2390023162964802,-0.0,1,Democracy
AD->AD,o_max,ols,m006007_o_max_ord9_rk00008,9,0.2353668236692917,-0.0,1,Democracy
AD->AD,o_max,ols,m006017_o_max_ord9_rk00018,9,0.2344731693602127,-0.0,1,Democracy
AD->AD,o_max,ols,m007018_o_max_ord10_rk00019,10,0.2228350054884299,-0.0,1,Democracy
AD->AD,o_max,ols,m010012_o_max_ord13_rk00013,13,0.2213574630448407,-0.0,1,Democracy
AD->AD,o_max,ols,m007006_o_max_ord10_rk00007,10,0.2198162659372926,-0.0,1,Democracy
AD->AD,o_max,ols,m008004_o_max_ord11_rk00005,11,0.2186942914551773,-0.0,1,Democracy
AD->AD,o_max,ols,m008017_o_max_ord11_rk00018,11,0.2153933693719851,0.4394969869215134,2,Democracy
AD->AD,o_max,ols,m008000_o_max_ord11_rk00001,11,0.21469786455394,-0.0,1,Democracy
AD->AD,o_max,ols,m008005_o_max_ord11_rk00006,11,0.2146396118698034,-0.0,1,Democracy
AD->AD,o_max,ols,m007012_o_max_ord10_rk00013,10,0.2145118505384297,-0.0,1,Democracy
AD->AD,o_max,ols,m009012_o_max_ord12_rk00013,12,0.2020454217779783,-0.0,1,Democracy
AD->AD,o_max,ols,m009006_o_max_ord12_rk00007,12,0.2019176531395514,-0.0,1,Democracy
AD->AD,o_max,ols,m009018_o_max_ord12_rk00019,12,0.2012609953480493,-0.0,1,Democracy
AD->AD,o_max,ols,m008009_o_max_ord11_rk00010,11,0.1903226076211757,-0.0,1,Democracy
AD->AD,o_max,ols,m009000_o_max_ord12_rk00001,12,0.1891909332118148,-0.0,1,Democracy
AD->AD,o_max,ols,m008002_o_max_ord11_rk00003,11,0.1868489455079359,-0.0,1,Democracy
AD->AD,o_max,ols,m008016_o_max_ord11_rk00017,11,0.1854942629817376,-0.0,1,Democracy
AD->AD,o_max,ols,m011006_o_max_ord14_rk00007,14,0.1796763970366869,-0.0,1,Democracy
AD->AD,o_max,ols,m008003_o_max_ord11_rk00004,11,0.1771123398935478,-0.0,1,Democracy
AD->AD,o_max,ols,m009005_o_max_ord12_rk00006,12,0.1744048327065083,-0.0,1,Democracy
AD->AD,o_max,ols,m011016_o_max_ord14_rk00017,14,0.1666555865333614,-0.0,1,Democracy
AD->AD,o_max,ols,m009003_o_max_ord12_rk00004,12,0.1661225073621888,-0.0,1,Democracy
AD->AD,o_max,ols,m008011_o_max_ord11_rk00012,11,0.1636186375325036,-0.0,1,Democracy
AD->AD,o_max,ols,m010016_o_max_ord13_rk00017,13,0.159609916577558,-0.0,1,Democracy
AD->AD,o_max,ols,m008008_o_max_ord11_rk00009,11,0.1528617533987317,-0.0,1,Democracy
AD->AD,o_max,ols,m008012_o_max_ord11_rk00013,11,0.1448218318781396,-0.0,1,Democracy
AD->AD,o_max,ols,m009010_o_max_ord12_rk00011,12,0.1427768273830857,-0.0,1,Democracy
AD->AD,o_max,ols,m009011_o_max_ord12_rk00012,12,0.1390370887060055,-0.0,1,Democracy
AD->AD,o_max,ols,m009015_o_max_ord12_rk00016,12,0.1378653328559146,-0.0,1,Democracy
AD->AD,o_max,ols,m010013_o_max_ord13_rk00014,13,0.1372876167834837,-0.0,1,Democracy
AD->AD,o_max,ols,m009001_o_max_ord12_rk00002,12,0.1258486112997771,-0.0,1,Democracy
AD->AD,o_max,ols,m010011_o_max_ord13_rk00012,13,0.1249525512663763,-0.0,1,Democracy
AD->AD,o_max,ols,m010005_o_max_ord13_rk00006,13,0.1205602293848123,-0.0,1,Democracy
AD->AD,o_max,ols,m009009_o_max_ord12_rk00010,12,0.1169376566265529,-0.0,1,Democracy
AD->AD,o_max,ols,m007016_o_max_ord10_rk00017,10,0.1154627358963487,-0.0,1,Democracy
AD->AD,o_max,ols,m009019_o_max_ord12_rk00020,12,0.1076024556093516,-0.0,1,Democracy
AD->AD,o_max,ols,m012008_o_max_ord15_rk00009,15,0.1042298659498992,-0.0,1,Democracy
AD->FTD,o_min,xgb_tree_d3,m049518_o_min_ord5_rk00004,5,0.3531074269490378,1.5219280948873621,3,Air Pollution
AD->FTD,o_min,xgb_tree_d3,m058525_o_min_ord14_rk00011,14,0.3523102658531581,2.8423709931771084,8,Temperature
AD->FTD,o_min,xgb_tree_d3,m058533_o_min_ord14_rk00019,14,0.3519220404120216,2.610577243331642,7,Temperature
AD->FTD,o_min,xgb_tree_d3,m056526_o_min_ord12_rk00012,12,0.351877577884063,2.8553885422075336,8,Precipitation/droughts
AD->FTD,o_min,xgb_tree_d3,m056521_o_min_ord12_rk00007,12,0.3483629656971426,2.8553885422075336,8,Precipitation/droughts
AD->FTD,o_min,xgb_tree_d3,m059524_o_min_ord15_rk00010,15,0.3477439640067354,2.8225797618424915,8,Temperature
AD->FTD,o_min,xgb_tree_d3,m058524_o_min_ord14_rk00010,14,0.3465229137364197,2.8423709931771084,8,Temperature
AD->FTD,o_min,xgb_tree_d3,m055528_o_min_ord11_rk00014,11,0.34637540467534,2.663532754804255,7,Temperature
AD->FTD,o_min,xgb_tree_d3,m058522_o_min_ord14_rk00008,14,0.346312428387193,2.6455933144511468,7,Temperature
AD->FTD,o_min,xgb_tree_d3,m058519_o_min_ord14_rk00005,14,0.3459800418384565,2.8423709931771084,8,Temperature
AD->FTD,o_min,xgb_tree_d3,m058531_o_min_ord14_rk00017,14,0.3458955208885833,2.6455933144511468,7,Temperature
AD->FTD,o_min,xgb_tree_d3,m059527_o_min_ord15_rk00013,15,0.3454100600555001,2.8225797618424915,8,Temperature
AD->FTD,o_min,xgb_tree_d3,m049522_o_min_ord5_rk00008,5,0.3452257043726203,1.5219280948873621,3,Air Pollution
AD->FTD,o_min,xgb_tree_d3,m061520_o_min_ord17_rk00006,17,0.3452174262880412,2.939829017466402,9,Democracy
AD->FTD,o_min,xgb_tree_d3,m054522_o_min_ord10_rk00008,10,0.3433811196627594,2.7219280948873625,7,Temperature
AD->FTD,o_min,xgb_tree_d3,m062531_o_min_ord18_rk00017,18,0.3423890019241382,2.9057645846554525,9,Temperature
AD->FTD,o_min,xgb_tree_d3,m057523_o_min_ord13_rk00009,13,0.3416190228082416,2.873140679513133,8,Precipitation/droughts
AD->FTD,o_min,xgb_tree_d3,m058530_o_min_ord14_rk00016,14,0.341507614649792,2.6455933144511468,7,Temperature
AD->FTD,o_min,xgb_tree_d3,m063521_o_min_ord19_rk00007,19,0.3412182064019627,2.6292492238560348,7,Temperature
AD->FTD,o_min,xgb_tree_d3,m057527_o_min_ord13_rk00013,13,0.3407961519839445,2.6031579868726,7,Temperature
AD->FTD,o_min,xgb_tree_d3,m064527_o_min_ord20_rk00013,20,0.3398723104962055,2.6841837197791887,7,Temperature
AD->FTD,o_min,xgb_tree_d3,m060523_o_min_ord16_rk00009,16,0.3398611332684887,2.7806390622295662,8,Democracy
AD->FTD,o_min,xgb_tree_d3,m061533_o_min_ord17_rk00019,17,0.3390773919096426,2.9109922530150456,9,Temperature
AD->FTD,o_min,xgb_tree_d3,m058516_o_min_ord14_rk00002,14,0.3389336486920081,2.8423709931771084,8,Temperature
AD->FTD,o_min,xgb_tree_d3,m063533_o_min_ord19_rk00019,19,0.3383613987566777,2.694781460584273,7,Temperature
AD->FTD,o_min,xgb_tree_d3,m058517_o_min_ord14_rk00003,14,0.3383121176110152,2.8423709931771084,8,Temperature
AD->FTD,o_min,xgb_tree_d3,m063519_o_min_ord19_rk00005,19,0.3381158683577472,2.7603136973125117,7,Precipitation/droughts
AD->FTD,o_min,xgb_tree_d3,m057521_o_min_ord13_rk00007,13,0.3373650086710499,2.6612262562697895,7,Temperature
AD->FTD,o_min,xgb_tree_d3,m065524_o_min_ord21_rk00010,21,0.3363669720452438,2.6606732334168424,7,Democracy
AD->FTD,o_min,xgb_tree_d3,m057528_o_min_ord13_rk00014,13,0.3359882693486102,2.6612262562697895,7,Temperature
AD->FTD,o_min,xgb_tree_d3,m065517_o_min_ord21_rk00003,21,0.3353906763185315,2.7373227798185953,7,Temperature
AD->FTD,o_min,xgb_tree_d3,m064524_o_min_ord20_rk00010,20,0.335086015755637,2.6841837197791887,7,Temperature
AD->FTD,o_min,xgb_tree_d3,m055531_o_min_ord11_rk00017,11,0.334756082873199,2.663532754804255,7,Precipitation/droughts
AD->FTD,o_min,xgb_tree_d3,m057519_o_min_ord13_rk00005,13,0.3344294288570839,2.6612262562697895,7,Temperature
AD->FTD,o_min,xgb_tree_d3,m064515_o_min_ord20_rk00001,20,0.3339482146323644,2.6841837197791887,7,Temperature
AD->FTD,o_min,xgb_tree_d3,m060532_o_min_ord16_rk00018,16,0.3336223406682231,2.8584585933443494,8,Temperature
AD->FTD,o_min,xgb_tree_d3,m060526_o_min_ord16_rk00012,16,0.3334065482964697,2.7806390622295662,8,Temperature
AD->FTD,o_min,xgb_tree_d3,m062534_o_min_ord18_rk00020,18,0.3332759375632161,2.6416041678685938,7,Precipitation/droughts
AD->FTD,o_min,xgb_tree_d3,m059519_o_min_ord15_rk00005,15,0.3332180690029375,2.8225797618424915,8,Temperature
AD->FTD,o_min,xgb_tree_d3,m054519_o_min_ord10_rk00005,10,0.3332102847235981,2.2464393446710154,5,Democracy
AD->FTD,o_min,xgb_tree_d3,m049516_o_min_ord5_rk00002,5,0.3321526271994743,1.5219280948873621,3,Air Pollution
AD->FTD,o_min,xgb_tree_d3,m063523_o_min_ord19_rk00009,19,0.3317131073317394,2.6292492238560348,7,Temperature
AD->FTD,o_min,xgb_tree_d3,m054515_o_min_ord10_rk00001,10,0.3312905849079053,2.7219280948873625,7,Air Pollution
AD->FTD,o_min,xgb_tree_d3,m061534_o_min_ord17_rk00020,17,0.3303374230103012,2.7045348998193433,7,Temperature
AD->FTD,o_min,xgb_tree_d3,m057520_o_min_ord13_rk00006,13,0.3287489305059865,2.873140679513133,8,Precipitation/droughts
AD->FTD,o_min,xgb_tree_d3,m059521_o_min_ord15_rk00007,15,0.3284806970182672,2.689246428509158,7,Air Pollution
AD->FTD,o_min,xgb_tree_d3,m049519_o_min_ord5_rk00005,5,0.3277911398768407,1.5219280948873621,3,Air Pollution
AD->FTD,o_min,xgb_tree_d3,m060533_o_min_ord16_rk00019,16,0.3276635707404449,2.8584585933443494,8,Temperature
AD->FTD,o_min,xgb_tree_d3,m062523_o_min_ord18_rk00009,18,0.3275048011789717,2.4613201402110088,6,Temperature
AD->FTD,o_min,xgb_tree_d3,m061532_o_min_ord17_rk00018,17,0.327339491621864,2.4692407821722844,6,Temperature
AD->FTD,o_min,xgb_tree_d3,m048534_o_min_ord4_rk00020,4,0.3270626388543792,1.5,3,Air Pollution
AD->FTD,o_min,xgb_tree_d3,m051525_o_min_ord7_rk00011,7,0.3270539268257421,1.950212064914747,4,Air Pollution
AD->FTD,o_min,xgb_tree_d3,m063515_o_min_ord19_rk00001,19,0.3261077175458823,2.6947814605842733,7,Temperature
AD->FTD,o_min,xgb_tree_d3,m066532_o_min_ord22_rk00018,22,0.3260708761615257,2.7155894378827394,7,Democracy
AD->FTD,o_min,xgb_tree_d3,m049532_o_min_ord5_rk00018,5,0.3258227789840157,1.5219280948873621,3,Air Pollution
AD->FTD,o_min,xgb_tree_d3,m058529_o_min_ord14_rk00015,14,0.3255458198057191,2.610577243331642,7,Temperature
AD->FTD,o_min,xgb_tree_d3,m052523_o_min_ord8_rk00009,8,0.3246487144751441,2.5,6,Precipitation/droughts
AD->FTD,o_min,xgb_tree_d3,m055515_o_min_ord11_rk00001,11,0.3246004208404239,2.7321588913645702,7,Air Pollution
AD->FTD,o_min,xgb_tree_d3,m057517_o_min_ord13_rk00003,13,0.3242143729782364,2.6612262562697895,7,Temperature
AD->FTD,o_min,xgb_tree_d3,m056524_o_min_ord12_rk00010,12,0.3233499843260141,2.6258145836939115,7,Temperature
AD->FTD,o_min,xgb_tree_d3,m059533_o_min_ord15_rk00019,15,0.3231423553842899,2.8225797618424915,8,Temperature
AD->FTD,o_min,xgb_tree_d3,m056518_o_min_ord12_rk00004,12,0.3228138282010547,2.584962500721156,7,Temperature
AD->FTD,o_min,xgb_tree_d3,m054521_o_min_ord10_rk00007,10,0.3224442012554529,2.4464393446710155,6,Temperature
AD->FTD,o_min,xgb_tree_d3,m062517_o_min_ord18_rk00003,18,0.3218981842368253,2.7107770844150676,7,Temperature
AD->FTD,o_min,xgb_tree_d3,m059531_o_min_ord15_rk00017,15,0.3206685344872977,2.8225797618424915,8,Temperature
AD->FTD,o_min,xgb_tree_d3,m059520_o_min_ord15_rk00006,15,0.3202453875047679,2.8225797618424915,8,Temperature
AD->FTD,o_min,xgb_tree_d3,m054525_o_min_ord10_rk00011,10,0.3198615243841501,2.2464393446710154,5,Socioeconomic
AD->FTD,o_min,xgb_tree_d3,m062524_o_min_ord18_rk00010,18,0.3193770213862948,2.6416041678685938,7,Temperature
AD->FTD,o_min,xgb_tree_d3,m058515_o_min_ord14_rk00001,14,0.318748161827012,2.8962915290459277,8,Temperature
AD->FTD,o_min,xgb_tree_d3,m057532_o_min_ord13_rk00018,13,0.3187422862092571,2.7773627950641693,8,Temperature
AD->FTD,o_min,xgb_tree_d3,m060528_o_min_ord16_rk00014,16,0.3185044837697467,2.8584585933443494,8,Temperature
AD->FTD,o_min,xgb_tree_d3,m056520_o_min_ord12_rk00006,12,0.3183757386714961,2.6258145836939115,7,Temperature
AD->FTD,o_min,xgb_tree_d3,m060524_o_min_ord16_rk00010,16,0.318181620536747,2.6556390622295662,7,Temperature
AD->FTD,o_min,xgb_tree_d3,m050517_o_min_ord6_rk00003,6,0.3177693938121638,1.7924812503605778,4,Air Pollution
AD->FTD,o_min,xgb_tree_d3,m051530_o_min_ord7_rk00016,7,0.3175397397789182,1.9502120649147465,4,Air Pollution
AD->FTD,o_min,xgb_tree_d3,m053530_o_min_ord9_rk00016,9,0.3171882415673944,2.197159723424149,5,Democracy
AD->FTD,o_min,xgb_tree_d3,m055516_o_min_ord11_rk00002,11,0.3171464812235056,2.663532754804255,7,Temperature
AD->FTD,o_min,xgb_tree_d3,m048522_o_min_ord4_rk00008,4,0.3168384943343152,1.5,3,Air Pollution
AD->FTD,o_min,xgb_tree_d3,m059517_o_min_ord15_rk00003,15,0.3167554635628425,2.8225797618424915,8,Temperature
AD->FTD,o_min,xgb_tree_d3,m050516_o_min_ord6_rk00002,6,0.3164103401160817,1.9182958340544896,4,Air Pollution
AD->FTD,o_min,xgb_tree_d3,m062516_o_min_ord18_rk00002,18,0.3162182313971355,2.7107770844150676,7,Precipitation/droughts
AD->FTD,o_min,xgb_tree_d3,m060530_o_min_ord16_rk00016,16,0.3154891153659507,2.686278124459133,7,Air Pollution
AD->FTD,o_min,xgb_tree_d3,m056517_o_min_ord12_rk00003,12,0.3151342640954973,2.688721875540867,7,Temperature
AD->FTD,o_min,xgb_tree_d3,m048528_o_min_ord4_rk00014,4,0.3149571271841647,1.5,3,Air Pollution
AD->FTD,o_min,xgb_tree_d3,m057530_o_min_ord13_rk00016,13,0.3146225433368455,2.7192945256669794,7,Temperature
AD->FTD,o_min,xgb_tree_d3,m054530_o_min_ord10_rk00016,10,0.3145230119656041,2.4464393446710155,6,Temperature
AD->FTD,o_min,xgb_tree_d3,m054524_o_min_ord10_rk00010,10,0.3144610959267531,2.2464393446710154,5,Temperature
AD->FTD,o_min,xgb_tree_d3,m048527_o_min_ord4_rk00013,4,0.3144395662667061,2.0,4,Air Pollution
AD->FTD,o_min,xgb_tree_d3,m061519_o_min_ord17_rk00005,17,0.314354087850878,2.6312929881819,7,Temperature
AD->FTD,o_min,xgb_tree_d3,m063524_o_min_ord19_rk00010,19,0.3142753589801832,2.694781460584273,7,Temperature
AD->FTD,o_min,xgb_tree_d3,m056515_o_min_ord12_rk00001,12,0.31379429509972,2.688721875540867,7,Temperature
AD->FTD,o_min,xgb_tree_d3,m057515_o_min_ord13_rk00001,13,0.3134213114357407,2.6612262562697895,7,Temperature
AD->FTD,o_min,xgb_tree_d3,m057526_o_min_ord13_rk00012,13,0.3132792790380022,2.449311833026446,6,Temperature
AD->FTD,o_min,xgb_tree_d3,m049529_o_min_ord5_rk00015,5,0.3129792256820685,1.3709505944546687,3,Air Pollution
AD->FTD,o_min,xgb_tree_d3,m050524_o_min_ord6_rk00010,6,0.3127068776581383,2.2516291673878226,5,Precipitation/droughts
AD->FTD,o_min,xgb_tree_d3,m064534_o_min_ord20_rk00020,20,0.3123838953901758,2.6841837197791887,7,Temperature
AD->FTD,o_min,xgb_tree_d3,m057516_o_min_ord13_rk00002,13,0.3121777109874259,2.6235166412180155,7,Temperature
AD->FTD,o_min,xgb_tree_d3,m049525_o_min_ord5_rk00011,5,0.3120921396048703,1.5219280948873621,3,Air Pollution
AD->FTD,o_min,xgb_tree_d3,m055533_o_min_ord11_rk00019,11,0.3119980748691561,2.299896391167891,5,Temperature
AD->FTD,o_min,xgb_tree_d3,m051528_o_min_ord7_rk00014,7,0.3119109782574493,1.8423709931771088,4,Air Pollution
AD->FTD,o_min,xgb_tree_d3,m061531_o_min_ord17_rk00017,17,0.3110180753669634,2.6312929881819,7,Temperature
AD->FTD,o_min,xgb_tree_d3,m049534_o_min_ord5_rk00020,5,0.3094119457732706,1.9219280948873623,4,Precipitation/droughts
AD->FTD,o_min,xgb_tree_d3,m050530_o_min_ord6_rk00016,6,0.308958328492481,1.9182958340544896,4,Air Pollution
AD->FTD,o_min,xgb_tree_d3,m049517_o_min_ord5_rk00003,5,0.3088766018067768,1.9219280948873623,4,Air Pollution
AD->FTD,o_min,xgb_tree_d3,m063520_o_min_ord19_rk00006,19,0.3083302183033752,2.6947814605842733,7,Temperature
AD->FTD,o_min,xgb_tree_d3,m053533_o_min_ord9_rk00019,9,0.3077025765156689,2.1971597234241496,5,Socioeconomic
AD->FTD,o_min,xgb_tree_d3,m054527_o_min_ord10_rk00013,10,0.3075478315292554,2.2464393446710154,5,Socioeconomic
AD->FTD,o_min,xgb_tree_d3,m053516_o_min_ord9_rk00002,9,0.3075170161981606,2.725480556997868,7,Precipitation/droughts
AD->FTD,o_min,xgb_tree_d3,m051527_o_min_ord7_rk00013,7,0.3073994740030877,1.8423709931771088,4,Air Pollution
AD->FTD,o_min,xgb_tree_d3,m057533_o_min_ord13_rk00019,13,0.3073735991678071,2.6612262562697895,7,Temperature
AD->FTD,o_min,xgb_tree_d3,m055517_o_min_ord11_rk00003,11,0.3072109253253766,2.663532754804255,7,Temperature
AD->FTD,o_min,xgb_tree_d3,m066531_o_min_ord22_rk00017,22,0.3071785294863183,2.9540036423298544,9,Democracy
AD->FTD,o_min,xgb_tree_d3,m054526_o_min_ord10_rk00012,10,0.3070960827076167,2.4464393446710155,6,Air Pollution
AD->FTD,o_min,xgb_tree_d3,m054533_o_min_ord10_rk00019,10,0.3066142178148263,2.4464393446710155,6,Temperature
AD->FTD,o_min,xgb_tree_d3,m055518_o_min_ord11_rk00004,11,0.306048312943934,2.663532754804255,7,Temperature
AD->FTD,o_min,xgb_tree_d3,m051524_o_min_ord7_rk00010,7,0.3058300335707531,1.8423709931771088,4,Air Pollution
AD->FTD,o_min,xgb_tree_d3,m051534_o_min_ord7_rk00020,7,0.3047881395449234,2.5216406363433186,6,Precipitation/droughts
AD->FTD,o_min,xgb_tree_d3,m059532_o_min_ord15_rk00018,15,0.3044164454777397,2.689246428509158,7,Air Pollution
AD->FTD,o_min,xgb_tree_d3,m062521_o_min_ord18_rk00007,18,0.3041695439539625,2.7107770844150676,7,Precipitation/droughts
AD->FTD,o_min,xgb_tree_d3,m061515_o_min_ord17_rk00001,17,0.3040097497272314,2.7333716642706998,7,Air Pollution
AD->FTD,o_min,xgb_tree_d3,m061523_o_min_ord17_rk00009,17,0.3030279376304816,2.7333716642706998,7,Air Pollution
AD->FTD,o_min,xgb_tree_d3,m054528_o_min_ord10_rk00014,10,0.3028164862528029,2.2464393446710154,5,Temperature
AD->FTD,o_min,xgb_tree_d3,m055523_o_min_ord11_rk00009,11,0.3025208277159155,2.299896391167891,5,Temperature
AD->FTD,o_min,xgb_tree_d3,m051515_o_min_ord7_rk00001,7,0.3021979141802708,2.2359263506290326,5,Precipitation/droughts
AD->FTD,o_min,xgb_tree_d3,m050518_o_min_ord6_rk00004,6,0.3021113653311202,1.9182958340544896,4,Air Pollution
AD->FTD,o_min,xgb_tree_d3,m070523_o_min_ord26_rk00009,26,0.3017086029883904,2.8252517372886508,9,Democracy
AD->FTD,o_min,xgb_tree_d3,m059523_o_min_ord15_rk00009,15,0.3016667298149427,2.256564762130954,5,Temperature
AD->FTD,o_min,xgb_tree_d3,m056529_o_min_ord12_rk00015,12,0.3010582299283934,2.688721875540867,7,Air Pollution
AD->FTD,o_min,xgb_tree_d3,m056528_o_min_ord12_rk00014,12,0.3003795953887545,2.292481250360578,5,Temperature
AD->FTD,o_min,xgb_tree_d3,m048524_o_min_ord4_rk00010,4,0.3003633655253663,1.5,3,Air Pollution
AD->FTD,o_min,xgb_tree_d3,m060517_o_min_ord16_rk00003,16,0.2998729559790597,2.452819531114783,6,Temperature
AD->FTD,o_min,xgb_tree_d3,m064519_o_min_ord20_rk00005,20,0.2997287662665044,2.7464393446710154,7,Precipitation/droughts
AD->FTD,o_min,xgb_tree_d3,m054523_o_min_ord10_rk00009,10,0.2995987749295978,2.4464393446710155,6,Temperature
AD->FTD,o_min,xgb_tree_d3,m055520_o_min_ord11_rk00006,11,0.2993692306052065,2.481714572986073,6,Democracy
AD->FTD,o_min,xgb_tree_d3,m065533_o_min_ord21_rk00019,21,0.2993522356352771,2.7199643047423914,7,Democracy
AD->FTD,o_min,xgb_tree_d3,m053528_o_min_ord9_rk00014,9,0.2986553171749437,2.5032583347756456,6,Temperature
AD->FTD,o_min,xgb_tree_d3,m070522_o_min_ord26_rk00008,26,0.2981083355616631,2.8536700092563416,9,Democracy
AD->FTD,o_min,xgb_tree_d3,m059528_o_min_ord15_rk00014,15,0.2978964861649694,2.689246428509158,7,Air Pollution
AD->FTD,o_min,xgb_tree_d3,m050522_o_min_ord6_rk00008,6,0.2977129462568731,1.9182958340544893,4,Air Pollution
AD->FTD,o_min,xgb_tree_d3,m052515_o_min_ord8_rk00001,8,0.2975019775844005,2.25,5,Air Pollution
AD->FTD,o_min,xgb_tree_d3,m056522_o_min_ord12_rk00008,12,0.2974884282606373,2.688721875540867,7,Temperature
AD->FTD,o_min,xgb_tree_d3,m061517_o_min_ord17_rk00003,17,0.297446776774847,2.7045348998193433,7,Temperature
AD->FTD,o_min,xgb_tree_d3,m063526_o_min_ord19_rk00012,19,0.2973480397800716,2.694781460584273,7,Precipitation/droughts
AD->FTD,o_min,xgb_tree_d3,m055521_o_min_ord11_rk00007,11,0.2971851463491813,2.299896391167891,5,Temperature
AD->FTD,o_min,xgb_tree_d3,m049533_o_min_ord5_rk00019,5,0.2971612045281281,1.5219280948873621,3,Air Pollution
AD->FTD,o_min,xgb_tree_d3,m048530_o_min_ord4_rk00016,4,0.2967475976762065,2.0,4,Air Pollution
AD->FTD,o_min,xgb_tree_d3,m060520_o_min_ord16_rk00006,16,0.2967215097590717,2.8584585933443494,8,Temperature
AD->FTD,o_min,xgb_tree_d3,m048520_o_min_ord4_rk00006,4,0.2960677916754173,1.5,3,Air Pollution
AD->FTD,o_min,xgb_tree_d3,m056533_o_min_ord12_rk00019,12,0.2955225388733049,2.292481250360578,5,Temperature
AD->FTD,o_min,xgb_tree_d3,m049526_o_min_ord5_rk00012,5,0.2953449488524422,1.5219280948873621,3,Air Pollution
AD->FTD,o_min,xgb_tree_d3,m050520_o_min_ord6_rk00006,6,0.2951881974522748,1.9182958340544893,4,Air Pollution
AD->FTD,o_min,xgb_tree_d3,m052516_o_min_ord8_rk00002,8,0.2949945163432473,2.25,5,Temperature
AD->FTD,o_min,xgb_tree_d3,m074528_o_min_ord30_rk00014,30,0.2945919914016709,2.9437621626224817,10,Democracy
AD->FTD,o_min,xgb_tree_d3,m056531_o_min_ord12_rk00017,12,0.2942770253540986,2.4591479170272446,6,Temperature
AD->FTD,o_min,xgb_tree_d3,m060518_o_min_ord16_rk00004,16,0.2939668802259892,2.452819531114783,6,Temperature
AD->FTD,o_min,xgb_tree_d3,m051520_o_min_ord7_rk00006,7,0.2939600381793057,2.1280852788913944,5,Air Pollution
AD->FTD,o_min,xgb_tree_d3,m058520_o_min_ord14_rk00006,14,0.2937165881880701,2.8423709931771084,8,Temperature
AD->FTD,o_min,xgb_tree_d3,m056534_o_min_ord12_rk00020,12,0.2932671518397679,2.8553885422075336,8,Temperature
AD->FTD,o_min,xgb_tree_d3,m053527_o_min_ord9_rk00013,9,0.2930477543169971,2.197159723424149,5,Socioeconomic
AD->FTD,o_min,xgb_tree_d3,m055530_o_min_ord11_rk00016,11,0.2927552798439794,2.481714572986073,6,Temperature
AD->FTD,o_min,xgb_tree_d3,m057525_o_min_ord13_rk00011,13,0.2926897551021463,2.7192945256669794,7,Air Pollution
AD->FTD,o_min,xgb_tree_d3,m061526_o_min_ord17_rk00012,17,0.2926323027147416,2.7045348998193433,7,Temperature
AD->FTD,o_min,xgb_tree_d3,m056523_o_min_ord12_rk00009,12,0.2925089722295477,2.688721875540867,7,Temperature
AD->FTD,o_min,xgb_tree_d3,m053520_o_min_ord9_rk00006,9,0.2923234535632387,2.2810361125534238,5,Air Pollution
AD->FTD,o_min,xgb_tree_d3,m047526_o_min_ord3_rk00012,3,0.2918290973846665,0.9182958340544896,2,Air Pollution
AD->FTD,o_min,xgb_tree_d3,m052522_o_min_ord8_rk00008,8,0.2913732119499469,2.25,5,Temperature
AD->FTD,o_min,xgb_tree_d3,m070534_o_min_ord26_rk00020,26,0.2912275710866039,2.8536700092563416,9,Democracy
AD->FTD,o_min,xgb_tree_d3,m066522_o_min_ord22_rk00008,22,0.2910519771724424,2.9019469592513696,9,Democracy
AD->FTD,o_min,xgb_tree_d3,m048515_o_min_ord4_rk00001,4,0.2910389024989248,1.0,2,Air Pollution
AD->FTD,o_min,xgb_tree_d3,m048531_o_min_ord4_rk00017,4,0.2909866682249873,1.5,3,Air Pollution
AD->FTD,o_min,xgb_tree_d3,m055522_o_min_ord11_rk00008,11,0.2902748071366907,2.481714572986073,6,Temperature
AD->FTD,o_min,xgb_tree_d3,m051517_o_min_ord7_rk00003,7,0.2895165686649125,2.2359263506290326,5,Precipitation/droughts
AD->FTD,o_min,xgb_tree_d3,m050534_o_min_ord6_rk00020,6,0.2890429138545202,2.2516291673878226,5,Precipitation/droughts
AD->FTD,o_min,xgb_tree_d3,m069518_o_min_ord25_rk00004,25,0.2886681432175838,2.8676013115120567,9,Democracy
AD->FTD,o_min,xgb_tree_d3,m059516_o_min_ord15_rk00002,15,0.2886240337431894,2.4729055953200563,6,Temperature
AD->FTD,o_min,xgb_tree_d3,m066524_o_min_ord22_rk00010,22,0.2882368589845708,2.9019469592513696,9,Democracy
AD->FTD,o_min,xgb_tree_d3,m047530_o_min_ord3_rk00016,3,0.2878637691802799,0.9182958340544896,2,Democracy
AD->FTD,o_min,xgb_tree_d3,m052531_o_min_ord8_rk00017,8,0.2874928237519492,2.1556390622295662,5,Air Pollution
AD->FTD,o_min,xgb_tree_d3,m054517_o_min_ord10_rk00003,10,0.287475905470032,2.170950594454669,5,Air Pollution
AD->FTD,o_min,xgb_tree_d3,m053526_o_min_ord9_rk00012,9,0.2868060959345445,2.197159723424149,5,Temperature
AD->FTD,o_min,xgb_tree_d3,m050532_o_min_ord6_rk00018,6,0.2863781146799937,1.7924812503605778,4,Air Pollution
AD->FTD,o_min,xgb_tree_d3,m060525_o_min_ord16_rk00011,16,0.2860496242109261,2.452819531114783,6,Temperature
AD->FTD,o_min,xgb_tree_d3,m049524_o_min_ord5_rk00010,5,0.2858236245812655,1.9219280948873623,4,Air Pollution
AD->FTD,o_min,xgb_tree_d3,m053523_o_min_ord9_rk00009,9,0.2857537615079747,2.2810361125534238,5,Temperature
AD->FTD,o_min,xgb_tree_d3,m052517_o_min_ord8_rk00003,8,0.2853057451128531,2.1556390622295662,5,Socioeconomic
AD->FTD,o_min,xgb_tree_d3,m049520_o_min_ord5_rk00006,5,0.2848062449174088,1.9219280948873623,4,Air Pollution
AD->FTD,o_min,xgb_tree_d3,m070533_o_min_ord26_rk00019,26,0.2847330588583936,2.8536700092563416,9,Democracy
AD->FTD,o_min,xgb_tree_d3,m055519_o_min_ord11_rk00005,11,0.284597399662827,2.663532754804255,7,Air Pollution
AD->FTD,o_min,xgb_tree_d3,m051521_o_min_ord7_rk00007,7,0.2843382558981567,2.2359263506290326,5,Precipitation/droughts
AD->FTD,o_min,xgb_tree_d3,m052520_o_min_ord8_rk00006,8,0.2842143707923287,2.25,5,Temperature
AD->FTD,o_min,xgb_tree_d3,m062527_o_min_ord18_rk00013,18,0.2836402454230134,2.683542362433231,7,Temperature
AD->FTD,o_min,xgb_tree_d3,m053515_o_min_ord9_rk00001,9,0.2829346673839267,2.197159723424149,5,Socioeconomic
AD->FTD,o_min,xgb_tree_d3,m060516_o_min_ord16_rk00002,16,0.2822714033567988,2.5306390622295662,6,Temperature
AD->FTD,o_min,xgb_tree_d3,m049527_o_min_ord5_rk00013,5,0.2821379197458903,1.9219280948873623,4,Air Pollution
AD->FTD,o_min,xgb_tree_d3,m049531_o_min_ord5_rk00017,5,0.2820557936885738,1.9219280948873623,4,Precipitation/droughts
AD->FTD,o_min,xgb_tree_d3,m066517_o_min_ord22_rk00003,22,0.2820181814806536,2.9540036423298544,9,Democracy
AD->FTD,o_min,xgb_tree_d3,m059534_o_min_ord15_rk00020,15,0.2817824011258848,2.689246428509158,7,Air Pollution
AD->FTD,o_min,xgb_tree_d3,m061522_o_min_ord17_rk00008,17,0.2816702669298057,2.513645929358371,6,Temperature
AD->FTD,o_min,xgb_tree_d3,m059515_o_min_ord15_rk00001,15,0.2814481033886666,2.872905595320056,8,Temperature
AD->FTD,o_min,xgb_tree_d3,m054516_o_min_ord10_rk00002,10,0.2814110199332127,2.2464393446710154,5,Socioeconomic
AD->FTD,o_min,xgb_tree_d3,m061528_o_min_ord17_rk00014,17,0.2813847372748546,2.6601297526332566,7,Democracy
AD->FTD,o_min,xgb_tree_d3,m050519_o_min_ord6_rk00005,6,0.2813786020367221,1.9182958340544893,4,Air Pollution
AD->FTD,o_min,xgb_tree_d3,m056532_o_min_ord12_rk00018,12,0.2811235737316273,2.292481250360578,5,Temperature
AD->FTD,o_min,xgb_tree_d3,m074526_o_min_ord30_rk00012,30,0.2799399339911483,2.7874302980927217,9,Democracy
AD->FTD,o_min,xgb_tree_d3,m050527_o_min_ord6_rk00013,6,0.2795888398385238,1.9182958340544893,4,Air Pollution
AD->FTD,o_min,xgb_tree_d3,m055526_o_min_ord11_rk00012,11,0.2784774720268383,2.481714572986073,6,Air Pollution
AD->FTD,o_min,xgb_tree_d3,m064517_o_min_ord20_rk00003,20,0.2783319870657539,2.6841837197791887,7,Temperature
AD->FTD,o_min,xgb_tree_d3,m069522_o_min_ord25_rk00008,25,0.2781844357068594,2.8676013115120567,9,Democracy
AD->FTD,o_min,xgb_tree_d3,m048519_o_min_ord4_rk00005,4,0.277701623685246,1.5,3,Socioeconomic
AD->FTD,o_min,xgb_tree_d3,m061518_o_min_ord17_rk00004,17,0.276470926772421,2.6312929881819,7,Temperature
AD->FTD,o_min,xgb_tree_d3,m047515_o_min_ord3_rk00001,3,0.2762245062485701,0.9182958340544896,2,Air Pollution
AD->FTD,o_min,xgb_tree_d3,m055527_o_min_ord11_rk00013,11,0.2757388278411157,2.1180782093497093,5,Temperature
AD->FTD,o_min,xgb_tree_d3,m062526_o_min_ord18_rk00012,18,0.2756999926712136,2.4830067805200744,6,Democracy
AD->FTD,o_min,xgb_tree_d3,m059530_o_min_ord15_rk00016,15,0.2756960845273358,2.256564762130954,5,Temperature
AD->FTD,o_min,xgb_tree_d3,m050528_o_min_ord6_rk00014,6,0.2754193735280993,1.4591479170272448,3,Socioeconomic
AD->FTD,o_min,xgb_tree_d3,m064525_o_min_ord20_rk00011,20,0.2747701201090108,2.6037016960573482,7,Democracy
AD->FTD,o_min,xgb_tree_d3,m060515_o_min_ord16_rk00001,16,0.2742933921806795,2.7334585933443494,7,Air Pollution
AD->FTD,o_min,xgb_tree_d3,m059522_o_min_ord15_rk00008,15,0.2737241578076794,2.4729055953200563,6,Democracy
AD->FTD,o_min,xgb_tree_d3,m066515_o_min_ord22_rk00001,22,0.2732832300187187,2.9540036423298544,9,Democracy
AD->FTD,o_min,xgb_tree_d3,m054532_o_min_ord10_rk00018,10,0.2725581261421947,2.4464393446710155,6,Temperature
AD->FTD,o_min,xgb_tree_d3,m070520_o_min_ord26_rk00006,26,0.2723524778685405,2.8252517372886508,9,Democracy
AD->FTD,o_min,xgb_tree_d3,m053529_o_min_ord9_rk00015,9,0.2719869308788316,2.197159723424149,5,Socioeconomic
AD->FTD,o_min,xgb_tree_d3,m049523_o_min_ord5_rk00009,5,0.2712755026728911,1.5219280948873621,3,Precipitation/droughts
AD->FTD,o_min,xgb_tree_d3,m057518_o_min_ord13_rk00004,13,0.2709184376633713,2.873140679513133,8,Temperature
AD->FTD,o_min,xgb_tree_d3,m069520_o_min_ord25_rk00006,25,0.2707794065563139,2.8676013115120567,9,Democracy
AD->FTD,o_min,xgb_tree_d3,m053517_o_min_ord9_rk00003,9,0.2705182461506944,2.1971597234241496,5,Socioeconomic
AD->FTD,o_min,xgb_tree_d3,m060522_o_min_ord16_rk00008,16,0.2698240993574382,2.6556390622295662,7,Temperature
AD->FTD,o_min,xgb_tree_d3,m060521_o_min_ord16_rk00007,16,0.2690954194912951,2.6556390622295662,7,Temperature
AD->FTD,o_min,xgb_tree_d3,m052532_o_min_ord8_rk00018,8,0.2690722235386943,2.0,4,Air Pollution
AD->FTD,o_min,xgb_tree_d3,m057522_o_min_ord13_rk00008,13,0.2690130826867277,2.6612262562697895,7,Temperature
AD->FTD,o_min,xgb_tree_d3,m057534_o_min_ord13_rk00020,13,0.268932888160211,2.4116022179746714,6,Temperature
AD->FTD,o_min,xgb_tree_d3,m072524_o_min_ord28_rk00010,28,0.2684801469529405,2.865764637179023,9,Democracy
AD->FTD,o_min,xgb_tree_d3,m055525_o_min_ord11_rk00011,11,0.268339955023086,2.2998963911678914,5,Socioeconomic
AD->FTD,o_min,xgb_tree_d3,m052530_o_min_ord8_rk00016,8,0.2683243366001919,2.1556390622295662,5,Air Pollution
AD->FTD,o_min,xgb_tree_d3,m056516_o_min_ord12_rk00002,12,0.2679849435960874,2.4591479170272446,6,Temperature
AD->FTD,o_min,xgb_tree_d3,m074534_o_min_ord30_rk00020,30,0.2678685941067212,2.7874302980927217,9,Democracy
AD->FTD,o_min,xgb_tree_d3,m047529_o_min_ord3_rk00015,3,0.2678415033462059,1.584962500721156,3,Air Pollution
AD->FTD,o_min,xgb_tree_d3,m068524_o_min_ord24_rk00010,24,0.267496032128429,2.907268229617389,9,Democracy
AD->FTD,o_min,xgb_tree_d3,m074524_o_min_ord30_rk00010,30,0.2672353612121843,2.9437621626224817,10,Democracy
AD->FTD,o_min,xgb_tree_d3,m074516_o_min_ord30_rk00002,30,0.2665898186739198,2.7874302980927217,9,Democracy
AD->FTD,o_min,xgb_tree_d3,m049515_o_min_ord5_rk00001,5,0.2665049756658431,1.5219280948873621,3,Precipitation/droughts
AD->FTD,o_min,xgb_tree_d3,m054531_o_min_ord10_rk00017,10,0.266462582296061,2.2464393446710154,5,Socioeconomic
AD->FTD,o_min,xgb_tree_d3,m051522_o_min_ord7_rk00008,7,0.2664564742036501,2.2359263506290326,5,Precipitation/droughts
AD->FTD,o_min,xgb_tree_d3,m069519_o_min_ord25_rk00005,25,0.2662760344866784,2.823465189601647,9,Democracy
AD->FTD,o_min,xgb_tree_d3,m066516_o_min_ord22_rk00002,22,0.2662031638539696,2.9019469592513696,9,Democracy
AD->FTD,o_min,xgb_tree_d3,m069515_o_min_ord25_rk00001,25,0.266051899307406,2.8676013115120567,9,Democracy
AD->FTD,o_min,xgb_tree_d3,m054529_o_min_ord10_rk00015,10,0.2657504893713727,2.4464393446710155,6,Air Pollution
AD->FTD,o_min,xgb_tree_d3,m048517_o_min_ord4_rk00003,4,0.2655502071644048,1.5,3,Air Pollution
AD->FTD,o_min,xgb_tree_d3,m047533_o_min_ord3_rk00019,3,0.2652693819371172,0.9182958340544896,2,Socioeconomic
AD->FTD,o_min,xgb_tree_d3,m052526_o_min_ord8_rk00012,8,0.2652509429919576,2.25,5,Precipitation/droughts
AD->FTD,o_min,xgb_tree_d3,m070515_o_min_ord26_rk00001,26,0.2652186179271892,2.8536700092563416,9,Democracy
AD->FTD,o_min,xgb_tree_d3,m047519_o_min_ord3_rk00005,3,0.2651202106398449,0.9182958340544896,2,Air Pollution
AD->FTD,o_min,xgb_tree_d3,m052533_o_min_ord8_rk00019,8,0.2649930419007512,2.5,6,Air Pollution
AD->FTD,o_min,xgb_tree_d3,m064529_o_min_ord20_rk00015,20,0.2642820344104831,2.6841837197791887,7,Temperature
AD->FTD,o_min,xgb_tree_d3,m065515_o_min_ord21_rk00001,21,0.2640949345529557,2.9463875191311275,9,Democracy
AD->FTD,o_min,xgb_tree_d3,m061527_o_min_ord17_rk00013,17,0.2640122571469588,2.7045348998193433,7,Temperature
AD->FTD,o_min,xgb_tree_d3,m069517_o_min_ord25_rk00003,25,0.2639905547755637,2.8530201924480454,9,Democracy
AD->FTD,o_min,xgb_tree_d3,m056527_o_min_ord12_rk00013,12,0.2638419570245337,2.688721875540867,7,Air Pollution
AD->FTD,o_min,xgb_tree_d3,m063527_o_min_ord19_rk00013,19,0.2637605640232219,2.6292492238560348,7,Temperature
AD->FTD,o_min,xgb_tree_d3,m072526_o_min_ord28_rk00012,28,0.2637107433506964,2.865764637179023,9,Democracy
AD->FTD,o_min,xgb_tree_d3,m063528_o_min_ord19_rk00014,19,0.2626793199126253,2.6100635408770723,7,Democracy
AD->FTD,o_min,xgb_tree_d3,m066521_o_min_ord22_rk00007,22,0.2626237214693657,2.9317206879810787,9,Democracy
AD->FTD,o_min,xgb_tree_d3,m052529_o_min_ord8_rk00015,8,0.2625099594460122,2.1556390622295662,5,Air Pollution
AD->FTD,o_min,xgb_tree_d3,m057524_o_min_ord13_rk00010,13,0.2622305541034962,2.2577560641285177,5,Temperature
AD->FTD,o_min,xgb_tree_d3,m057529_o_min_ord13_rk00015,13,0.2620875723314491,2.6031579868726,7,Temperature
AD->FTD,o_min,xgb_tree_d3,m070531_o_min_ord26_rk00017,26,0.2620559335645067,2.8536700092563416,9,Democracy
AD->FTD,o_min,xgb_tree_d3,m047523_o_min_ord3_rk00009,3,0.2617636064528289,1.584962500721156,3,Air Pollution
AD->FTD,o_min,xgb_tree_d3,m069533_o_min_ord25_rk00019,25,0.26150814399965,2.8676013115120567,9,Democracy
AD->FTD,o_min,xgb_tree_d3,m066529_o_min_ord22_rk00015,22,0.2614098729227095,2.9019469592513696,9,Democracy
AD->FTD,o_min,xgb_tree_d3,m064533_o_min_ord20_rk00019,20,0.2613811166181442,2.7282129458410016,7,Democracy
AD->FTD,o_min,xgb_tree_d3,m050525_o_min_ord6_rk00011,6,0.261218152804297,1.4591479170272448,3,Democracy
AD->FTD,o_min,xgb_tree_d3,m061521_o_min_ord17_rk00007,17,0.2607164750592838,2.41896119556797,6,Democracy
AD->FTD,o_min,xgb_tree_d3,m072520_o_min_ord28_rk00006,28,0.2604388555739236,2.937193208607594,10,Democracy
AD->FTD,o_min,xgb_tree_d3,m073524_o_min_ord29_rk00010,29,0.2602974057912175,2.983342099382735,10,Democracy
AD->FTD,o_min,xgb_tree_d3,m047522_o_min_ord3_rk00008,3,0.2602533562750595,0.9182958340544896,2,Democracy
AD->FTD,o_min,xgb_tree_d3,m051532_o_min_ord7_rk00018,7,0.2592738472451691,1.8423709931771086,4,Democracy
AD->FTD,o_min,xgb_tree_d3,m073533_o_min_ord29_rk00019,29,0.2591883647372988,2.8271584782454653,9,Democracy
AD->FTD,o_min,xgb_tree_d3,m074521_o_min_ord30_rk00007,30,0.2574442921134652,2.7874302980927217,9,Democracy
AD->FTD,o_min,xgb_tree_d3,m070516_o_min_ord26_rk00002,26,0.2571714580400462,2.8536700092563416,9,Democracy
AD->FTD,o_min,xgb_tree_d3,m063522_o_min_ord19_rk00008,19,0.2569060857001154,2.7153266987718094,7,Democracy
AD->FTD,o_min,xgb_tree_d3,m061530_o_min_ord17_rk00016,17,0.256716826430981,2.6312929881819,7,Temperature
AD->FTD,o_min,xgb_tree_d3,m067518_o_min_ord23_rk00004,23,0.2564872292677098,2.9140163035068443,9,Democracy
AD->FTD,o_min,xgb_tree_d3,m047531_o_min_ord3_rk00017,3,0.25590498022412,0.9182958340544896,2,Air Pollution
AD->FTD,o_min,xgb_tree_d3,m063534_o_min_ord19_rk00020,19,0.2559043466893321,2.984769618706743,9,Temperature
AD->FTD,o_min,xgb_tree_d3,m068520_o_min_ord24_rk00006,24,0.2556630901099589,2.8699100232740657,9,Democracy
AD->FTD,o_min,xgb_tree_d3,m053532_o_min_ord9_rk00018,9,0.2551691846398852,2.0588138903312014,5,Democracy
AD->FTD,o_min,xgb_tree_d3,m069528_o_min_ord25_rk00014,25,0.2548445904643434,2.8676013115120567,9,Democracy
AD->FTD,o_min,xgb_tree_d3,m051523_o_min_ord7_rk00009,7,0.2547189559606214,1.9502120649147465,4,Precipitation/droughts
AD->FTD,o_min,xgb_tree_d3,m047520_o_min_ord3_rk00006,3,0.2540698327292301,-0.0,1,Air Pollution
AD->FTD,o_min,xgb_tree_d3,m059526_o_min_ord15_rk00012,15,0.2538518099480745,2.4729055953200563,6,Temperature
AD->FTD,o_min,xgb_tree_d3,m048523_o_min_ord4_rk00009,4,0.2534308036585666,1.5,3,Air Pollution
AD->FTD,o_min,xgb_tree_d3,m071518_o_min_ord27_rk00004,27,0.2533067717394403,2.815460540067162,9,Democracy
AD->FTD,o_min,xgb_tree_d3,m065522_o_min_ord21_rk00008,21,0.2532338995522049,2.7199643047423914,7,Democracy
AD->FTD,o_min,xgb_tree_d3,m060527_o_min_ord16_rk00013,16,0.2530827043707201,2.6556390622295662,7,Temperature
AD->FTD,o_min,xgb_tree_d3,m058526_o_min_ord14_rk00012,14,0.2529761467891657,2.5027361715940035,6,Air Pollution
AD->FTD,o_min,xgb_tree_d3,m060529_o_min_ord16_rk00015,16,0.2519306001843422,2.5550365325772653,7,Democracy
AD->FTD,o_min,xgb_tree_d3,m073532_o_min_ord29_rk00018,29,0.2516226114021811,2.8271584782454653,9,Democracy
AD->FTD,o_min,xgb_tree_d3,m053525_o_min_ord9_rk00011,9,0.2514562450690152,2.725480556997868,7,Air Pollution
AD->FTD,o_min,xgb_tree_d3,m058523_o_min_ord14_rk00009,14,0.2514044667379688,2.2359263506290326,5,Temperature
AD->FTD,o_min,xgb_tree_d3,m050533_o_min_ord6_rk00019,6,0.2509568855625296,1.9182958340544896,4,Precipitation/droughts
AD->FTD,o_min,xgb_tree_d3,m052534_o_min_ord8_rk00020,8,0.2508226600955436,2.25,5,Air Pollution
AD->FTD,o_min,xgb_tree_d3,m062520_o_min_ord18_rk00006,18,0.2506184951357416,2.752715278979705,7,Democracy
AD->FTD,o_min,xgb_tree_d3,m052521_o_min_ord8_rk00007,8,0.2504904648567458,1.9056390622295665,4,Socioeconomic
AD->FTD,o_min,xgb_tree_d3,m071532_o_min_ord27_rk00018,27,0.2503069551568246,2.861575817764811,9,Democracy
AD->FTD,o_min,xgb_tree_d3,m059518_o_min_ord15_rk00004,15,0.2499088850633398,2.739572261986723,7,Air Pollution
AD->FTD,o_min,xgb_tree_d3,m053521_o_min_ord9_rk00007,9,0.2499081698882952,2.5032583347756456,6,Air Pollution
AD->FTD,o_min,xgb_tree_d3,m072534_o_min_ord28_rk00020,28,0.2494709584624633,2.937193208607594,10,Democracy
AD->FTD,o_min,xgb_tree_d3,m070528_o_min_ord26_rk00014,26,0.2491517373455544,2.8252517372886508,9,Democracy
AD->FTD,o_min,xgb_tree_d3,m065523_o_min_ord21_rk00009,21,0.2487715884946523,2.6606732334168424,7,Democracy
AD->FTD,o_min,xgb_tree_d3,m062519_o_min_ord18_rk00005,18,0.2484674998606004,2.683542362433231,7,Temperature
AD->FTD,o_min,xgb_tree_d3,m074532_o_min_ord30_rk00018,30,0.2482346720621757,2.9437621626224817,10,Democracy
AD->FTD,o_min,xgb_tree_d3,m050531_o_min_ord6_rk00017,6,0.2480663118903789,1.584962500721156,3,Air Pollution
AD->FTD,o_min,xgb_tree_d3,m049528_o_min_ord5_rk00014,5,0.2477746820104273,1.5219280948873621,3,Precipitation/droughts
AD->FTD,o_min,xgb_tree_d3,m052528_o_min_ord8_rk00014,8,0.2476363558757902,2.25,5,Precipitation/droughts
AD->FTD,o_min,xgb_tree_d3,m053534_o_min_ord9_rk00020,9,0.2463557166794956,2.197159723424149,5,Air Pollution
AD->FTD,o_min,xgb_tree_d3,m053531_o_min_ord9_rk00017,9,0.2460460495468375,2.197159723424149,5,Air Pollution
AD->FTD,o_min,xgb_tree_d3,m053519_o_min_ord9_rk00005,9,0.245982949679707,2.2810361125534238,5,Air Pollution
AD->FTD,o_min,xgb_tree_d3,m068515_o_min_ord24_rk00001,24,0.2457731018006187,2.8699100232740657,9,Democracy
AD->FTD,o_min,xgb_tree_d3,m071523_o_min_ord27_rk00009,27,0.2456841455921603,2.741386465993088,8,Democracy
AD->FTD,o_min,xgb_tree_d3,m070518_o_min_ord26_rk00004,26,0.2456480270323758,2.811231430496332,9,Democracy
AD->FTD,o_min,xgb_tree_d3,m065532_o_min_ord21_rk00018,21,0.24526280916289,2.753918758180346,9,Democracy
AD->FTD,o_min,xgb_tree_d3,m067515_o_min_ord23_rk00001,23,0.2451980851221731,2.9140163035068443,9,Democracy
AD->FTD,o_min,xgb_tree_d3,m047524_o_min_ord3_rk00010,3,0.2446809251671698,0.9182958340544896,2,Democracy
AD->FTD,o_min,xgb_tree_d3,m074518_o_min_ord30_rk00004,30,0.2444600868205442,2.7874302980927217,9,Democracy
AD->FTD,o_min,xgb_tree_d3,m061525_o_min_ord17_rk00011,17,0.2442102727061162,2.6601297526332566,8,Democracy
AD->FTD,o_min,xgb_tree_d3,m072516_o_min_ord28_rk00002,28,0.2442040764135115,2.865764637179023,9,Democracy
AD->FTD,o_min,xgb_tree_d3,m067520_o_min_ord23_rk00006,23,0.2440507648802079,2.9424955222917832,9,Democracy
AD->FTD,o_min,xgb_tree_d3,m050529_o_min_ord6_rk00015,6,0.2438324491801924,1.9182958340544893,4,Air Pollution
AD->FTD,o_min,xgb_tree_d3,m048533_o_min_ord4_rk00019,4,0.2437896422385729,1.5,3,Air Pollution
AD->FTD,o_min,xgb_tree_d3,m067532_o_min_ord23_rk00018,23,0.243381314105552,2.766763175336722,9,Democracy
AD->FTD,o_min,xgb_tree_d3,m062518_o_min_ord18_rk00004,18,0.2432247346473979,2.4885548621928453,7,Democracy
AD->FTD,o_min,xgb_tree_d3,m047532_o_min_ord3_rk00018,3,0.2426248756756573,1.584962500721156,3,Air Pollution
AD->FTD,o_min,xgb_tree_d3,m066530_o_min_ord22_rk00016,22,0.2424711112473458,2.867633890971212,9,Democracy
AD->FTD,o_min,xgb_tree_d3,m058518_o_min_ord14_rk00004,14,0.2420318817308638,2.610577243331642,7,Temperature
AD->FTD,o_min,xgb_tree_d3,m074531_o_min_ord30_rk00017,30,0.2416765668157815,2.9437621626224817,10,Democracy
AD->FTD,o_min,xgb_tree_d3,m071515_o_min_ord27_rk00001,27,0.2416412454074606,2.815460540067162,9,Democracy
AD->FTD,o_min,xgb_tree_d3,m065518_o_min_ord21_rk00004,21,0.2415381601348135,2.753918758180346,9,Democracy
AD->FTD,o_min,xgb_tree_d3,m053524_o_min_ord9_rk00010,9,0.2411846853717574,2.197159723424149,5,Socioeconomic
AD->FTD,o_min,xgb_tree_d3,m058521_o_min_ord14_rk00007,14,0.2410575623040136,2.5027361715940035,6,Air Pollution
AD->FTD,o_min,xgb_tree_d3,m060519_o_min_ord16_rk00005,16,0.2409161035858197,2.7334585933443494,7,Air Pollution
AD->FTD,o_min,xgb_tree_d3,m064530_o_min_ord20_rk00016,20,0.2408893497353559,2.6841837197791887,7,Temperature
AD->FTD,o_min,xgb_tree_d3,m065520_o_min_ord21_rk00006,21,0.2403969982571774,2.9463875191311275,9,Democracy
AD->FTD,o_min,xgb_tree_d3,m070521_o_min_ord26_rk00007,26,0.2401047479726425,2.8252517372886508,9,Democracy
AD->FTD,o_min,xgb_tree_d3,m060534_o_min_ord16_rk00020,16,0.239713780797401,2.4834585933443494,7,Democracy
AD->FTD,o_min,xgb_tree_d3,m067521_o_min_ord23_rk00007,23,0.2391866222410735,2.8927021732601896,9,Democracy
AD->FTD,o_min,xgb_tree_d3,m065529_o_min_ord21_rk00015,21,0.2386730099245332,2.9463875191311275,9,Temperature
AD->FTD,o_min,xgb_tree_d3,m071534_o_min_ord27_rk00020,27,0.2378857448073276,2.9024425973114867,9,Democracy
AD->FTD,o_min,xgb_tree_d3,m071530_o_min_ord27_rk00016,27,0.2376471652433655,2.976516671385561,10,Democracy
AD->FTD,o_min,xgb_tree_d3,m059525_o_min_ord15_rk00011,15,0.2375104466032781,2.5492553971685,7,Democracy
AD->FTD,o_min,xgb_tree_d3,m058534_o_min_ord14_rk00020,14,0.2374805879348991,2.5027361715940035,6,Air Pollution
AD->FTD,o_min,xgb_tree_d3,m067531_o_min_ord23_rk00017,23,0.2374329126896087,2.8208985013296144,9,Democracy
AD->FTD,o_min,xgb_tree_d3,m074533_o_min_ord30_rk00019,30,0.2363270548503778,2.7874302980927217,9,Democracy
AD->FTD,o_min,xgb_tree_d3,m065527_o_min_ord21_rk00013,21,0.2353817632380721,2.6606732334168424,7,Democracy
AD->FTD,o_min,xgb_tree_d3,m055524_o_min_ord11_rk00010,11,0.2353757705103503,2.413088436425758,6,Temperature
AD->FTD,o_min,xgb_tree_d3,m062515_o_min_ord18_rk00001,18,0.2349085338135238,2.858278308418045,9,Democracy
AD->FTD,o_min,xgb_tree_d3,m060531_o_min_ord16_rk00017,16,0.234800903868167,2.625,7,Temperature
AD->FTD,o_min,xgb_tree_d3,m066518_o_min_ord22_rk00004,22,0.2346935729148849,2.731431053591683,9,Democracy
AD->FTD,o_min,xgb_tree_d3,m071527_o_min_ord27_rk00013,27,0.2344162105123408,2.9024425973114867,9,Democracy
AD->FTD,o_min,xgb_tree_d3,m056519_o_min_ord12_rk00005,12,0.2344108736301086,2.6258145836939115,7,Temperature
AD->FTD,o_min,xgb_tree_d3,m068521_o_min_ord24_rk00007,24,0.2343536642393126,2.907268229617389,9,Democracy
AD->FTD,o_min,xgb_tree_d3,m073520_o_min_ord29_rk00006,29,0.2339608170240306,2.7447322877088034,8,Democracy
AD->FTD,o_min,xgb_tree_d3,m073518_o_min_ord29_rk00004,29,0.2332222004689499,2.8271584782454653,9,Democracy
AD->FTD,o_min,xgb_tree_d3,m048532_o_min_ord4_rk00018,4,0.2328264506821793,1.5,3,Temperature
AD->FTD,o_min,xgb_tree_d3,m074522_o_min_ord30_rk00008,30,0.2324942809827591,2.9437621626224817,10,Democracy
AD->FTD,o_min,xgb_tree_d3,m065530_o_min_ord21_rk00016,21,0.2319036362231871,2.851149423893032,8,Democracy
AD->FTD,o_min,xgb_tree_d3,m070527_o_min_ord26_rk00013,26,0.2313523082066524,2.8536700092563416,9,Democracy
AD->FTD,o_min,xgb_tree_d3,m069525_o_min_ord25_rk00011,25,0.231024080452375,2.8676013115120567,9,Democracy
AD->FTD,o_min,xgb_tree_d3,m074527_o_min_ord30_rk00013,30,0.2302630410581485,2.7874302980927217,9,Democracy
AD->FTD,o_min,xgb_tree_d3,m068534_o_min_ord24_rk00020,24,0.2293737214203296,2.907268229617389,9,Democracy
AD->FTD,o_min,xgb_tree_d3,m047525_o_min_ord3_rk00011,3,0.2290836986189993,0.9182958340544896,2,Temperature
AD->FTD,o_min,xgb_tree_d3,m067516_o_min_ord23_rk00002,23,0.2285926801146607,2.9140163035068443,9,Democracy
AD->FTD,o_min,xgb_tree_d3,m052519_o_min_ord8_rk00005,8,0.2280010510931085,2.5,6,Air Pollution
AD->FTD,o_min,xgb_tree_d3,m057531_o_min_ord13_rk00017,13,0.2276097332093913,2.2954656791802917,5,Air Pollution
AD->FTD,o_min,xgb_tree_d3,m065516_o_min_ord21_rk00002,21,0.2270602335400248,2.915195993795242,9,Democracy
AD->FTD,o_min,xgb_tree_d3,m067517_o_min_ord23_rk00003,23,0.22688069519074,2.9424955222917832,9,Democracy
AD->FTD,o_min,xgb_tree_d3,m067530_o_min_ord23_rk00016,23,0.2262874237192377,2.7837353286220776,9,Democracy
AD->FTD,o_min,xgb_tree_d3,m058528_o_min_ord14_rk00014,14,0.2247460522408666,2.699513850319966,7,Air Pollution
AD->FTD,o_min,xgb_tree_d3,m058527_o_min_ord14_rk00013,14,0.2241859958717588,2.5027361715940035,6,Air Pollution
AD->FTD,o_min,xgb_tree_d3,m070517_o_min_ord26_rk00003,26,0.2241723740205206,2.8536700092563416,9,Democracy
AD->FTD,o_min,xgb_tree_d3,m055532_o_min_ord11_rk00018,11,0.2238833978071225,2.663532754804255,7,Temperature
AD->FTD,o_min,xgb_tree_d3,m061529_o_min_ord17_rk00015,17,0.2237802988209674,2.380430487800112,6,Democracy
AD->FTD,o_min,xgb_tree_d3,m052525_o_min_ord8_rk00011,8,0.2236328551022717,1.75,4,Democracy
AD->FTD,o_min,xgb_tree_d3,m054520_o_min_ord10_rk00006,10,0.2234638580970179,2.4464393446710155,6,Temperature
AD->FTD,o_min,xgb_tree_d3,m069526_o_min_ord25_rk00012,25,0.223463740581308,2.8676013115120567,9,Democracy
AD->FTD,o_min,xgb_tree_d3,m048529_o_min_ord4_rk00015,4,0.223456781817012,1.5,3,Air Pollution
AD->FTD,o_min,xgb_tree_d3,m069529_o_min_ord25_rk00015,25,0.2234401259288485,2.8888840705376357,9,Democracy
AD->FTD,o_min,xgb_tree_d3,m064522_o_min_ord20_rk00008,20,0.2233590785149407,2.865957320949175,8,Democracy
AD->FTD,o_min,xgb_tree_d3,m050521_o_min_ord6_rk00007,6,0.2231337631116641,1.9182958340544893,4,Precipitation/droughts
AD->FTD,o_min,xgb_tree_d3,m069531_o_min_ord25_rk00017,25,0.2227992435986266,2.8888840705376357,9,Democracy
AD->FTD,o_min,xgb_tree_d3,m061516_o_min_ord17_rk00002,17,0.2222451708687129,2.498077546623641,7,Democracy
AD->FTD,o_min,xgb_tree_d3,m069516_o_min_ord25_rk00002,25,0.2221955668353931,2.8676013115120567,9,Democracy
AD->FTD,o_min,xgb_tree_d3,m066527_o_min_ord22_rk00013,22,0.2214092489149652,2.9019469592513696,9,Democracy
AD->FTD,o_min,xgb_tree_d3,m059529_o_min_ord15_rk00015,15,0.2209709715329376,2.656564762130954,7,Temperature
AD->FTD,o_min,xgb_tree_d3,m063529_o_min_ord19_rk00015,19,0.2205132927592877,2.4370658315190226,7,Democracy
AD->FTD,o_min,xgb_tree_d3,m068522_o_min_ord24_rk00008,24,0.2200667843277644,2.8699100232740657,9,Democracy
AD->FTD,o_min,xgb_tree_d3,m066534_o_min_ord22_rk00020,22,0.2194392689442276,2.737872392231515,8,Democracy
AD->FTD,o_min,xgb_tree_d3,m074525_o_min_ord30_rk00011,30,0.2187784294721602,2.8640835117703762,9,Democracy
AD->FTD,o_min,xgb_tree_d3,m055529_o_min_ord11_rk00015,11,0.2185673490371362,2.663532754804255,7,Temperature
AD->FTD,o_min,xgb_tree_d3,m064531_o_min_ord20_rk00017,20,0.2181877784340559,2.865957320949175,8,Democracy
AD->FTD,o_min,xgb_tree_d3,m074520_o_min_ord30_rk00006,30,0.2175669423934264,2.9437621626224817,10,Democracy
AD->FTD,o_min,xgb_tree_d3,m051518_o_min_ord7_rk00004,7,0.2168661742543646,1.9502120649147465,4,Air Pollution
AD->FTD,o_min,xgb_tree_d3,m074530_o_min_ord30_rk00016,30,0.2166711772188946,2.8770954959558153,9,Democracy
AD->FTD,o_min,xgb_tree_d3,m063516_o_min_ord19_rk00002,19,0.2163690275154028,2.8000446184790095,9,Democracy
AD->FTD,o_min,xgb_tree_d3,m056530_o_min_ord12_rk00016,12,0.216364121568485,2.688721875540867,7,Temperature
AD->FTD,o_min,xgb_tree_d3,m067525_o_min_ord23_rk00011,23,0.2156931533386336,2.7029400873210467,8,Democracy
AD->FTD,o_min,xgb_tree_d3,m071520_o_min_ord27_rk00006,27,0.2152502212560516,2.815460540067162,9,Democracy
AD->FTD,o_min,xgb_tree_d3,m072518_o_min_ord28_rk00004,28,0.2152186881274721,2.865764637179023,9,Democracy
AD->FTD,o_min,xgb_tree_d3,m063517_o_min_ord19_rk00003,19,0.214454084666953,2.8000446184790095,9,Democracy
AD->FTD,o_min,xgb_tree_d3,m070524_o_min_ord26_rk00010,26,0.2143241156020207,2.8252517372886508,9,Democracy
AD->FTD,o_min,xgb_tree_d3,m065521_o_min_ord21_rk00007,21,0.213818159240913,2.851149423893032,8,Democracy
AD->FTD,o_min,xgb_tree_d3,m067526_o_min_ord23_rk00012,23,0.213805074561424,2.8440319350530703,9,Democracy
AD->FTD,o_min,xgb_tree_d3,m048516_o_min_ord4_rk00002,4,0.213780238669848,1.5,3,Air Pollution
AD->FTD,o_min,xgb_tree_d3,m054534_o_min_ord10_rk00020,10,0.2137220981212193,2.721928094887362,7,Air Pollution
AD->FTD,o_min,xgb_tree_d3,m048526_o_min_ord4_rk00012,4,0.2135049023493024,1.5,3,Air Pollution
AD->FTD,o_min,xgb_tree_d3,m061524_o_min_ord17_rk00010,17,0.2133654055599336,2.498077546623641,7,Democracy
AD->FTD,o_min,xgb_tree_d3,m062532_o_min_ord18_rk00018,18,0.2127319545085609,2.858278308418045,9,Democracy
AD->FTD,o_min,xgb_tree_d3,m063532_o_min_ord19_rk00018,19,0.2125723222052592,2.8000446184790095,9,Democracy
AD->FTD,o_min,xgb_tree_d3,m070530_o_min_ord26_rk00016,26,0.2122655821602193,2.8536700092563416,9,Democracy
AD->FTD,o_min,xgb_tree_d3,m068516_o_min_ord24_rk00002,24,0.2120759035855147,2.907268229617389,9,Democracy
AD->FTD,o_min,xgb_tree_d3,m058532_o_min_ord14_rk00018,14,0.2111195253658769,2.270942421748537,5,Temperature
AD->FTD,o_min,xgb_tree_d3,m056525_o_min_ord12_rk00011,12,0.2102951765652909,2.688721875540867,7,Temperature
AD->FTD,o_min,xgb_tree_d3,m066519_o_min_ord22_rk00005,22,0.2102570803846026,2.9151512344992474,9,Temperature
AD->FTD,o_min,xgb_tree_d3,m050523_o_min_ord6_rk00009,6,0.2099741814226847,1.9182958340544896,4,Precipitation/droughts
AD->FTD,o_min,xgb_tree_d3,m064518_o_min_ord20_rk00004,20,0.2094412933136994,2.739353872167201,9,Democracy
AD->FTD,o_min,xgb_tree_d3,m066520_o_min_ord22_rk00006,22,0.2092457538260402,2.737872392231515,8,Democracy
AD->FTD,o_min,xgb_tree_d3,m070532_o_min_ord26_rk00018,26,0.2085912257024824,2.8536700092563416,9,Democracy
AD->FTD,o_min,xgb_tree_d3,m072531_o_min_ord28_rk00017,28,0.2084072384749677,2.7754316010011366,9,Democracy
AD->FTD,o_min,xgb_tree_d3,m074523_o_min_ord30_rk00009,30,0.2083668289793809,2.9437621626224817,10,Democracy
AD->FTD,o_min,xgb_tree_d3,m069523_o_min_ord25_rk00009,25,0.2080256413407564,2.8676013115120567,9,Democracy
AD->FTD,o_min,xgb_tree_d3,m050526_o_min_ord6_rk00012,6,0.2077423189368128,1.9182958340544896,4,Precipitation/droughts
AD->FTD,o_min,xgb_tree_d3,m070525_o_min_ord26_rk00011,26,0.2076596342317943,2.8536700092563416,9,Democracy
AD->FTD,o_min,xgb_tree_d3,m068519_o_min_ord24_rk00005,24,0.2069052717067629,2.907268229617389,9,Democracy
AD->FTD,o_min,xgb_tree_d3,m064523_o_min_ord20_rk00009,20,0.2067771260469793,2.739353872167201,9,Democracy
AD->FTD,o_min,xgb_tree_d3,m071528_o_min_ord27_rk00014,27,0.2067397325359702,2.815460540067162,9,Democracy
AD->FTD,o_min,xgb_tree_d3,m072532_o_min_ord28_rk00018,28,0.2067035882250091,3.0210687638074782,10,Democracy
AD->FTD,o_min,xgb_tree_d3,m047534_o_min_ord3_rk00020,3,0.2064669834675246,1.584962500721156,3,Air Pollution
AD->FTD,o_min,xgb_tree_d3,m063531_o_min_ord19_rk00017,19,0.2064515919249595,2.5820599105802575,8,Democracy
AD->FTD,o_min,xgb_tree_d3,m063518_o_min_ord19_rk00004,19,0.2063012527024598,2.9053077763737467,8,Democracy
AD->FTD,o_min,xgb_tree_d3,m073521_o_min_ord29_rk00007,29,0.205185092121851,2.8271584782454653,9,Democracy
AD->FTD,o_min,xgb_tree_d3,m062522_o_min_ord18_rk00008,18,0.2049468029048972,2.905764584655453,8,Democracy
AD->FTD,o_min,xgb_tree_d3,m069524_o_min_ord25_rk00010,25,0.2044058845235223,2.8888840705376357,9,Democracy
AD->FTD,o_min,xgb_tree_d3,m073530_o_min_ord29_rk00016,29,0.2040345508067429,2.8566327186686844,9,Democracy
AD->FTD,o_min,xgb_tree_d3,m066525_o_min_ord22_rk00011,22,0.2038485332310694,2.9019469592513696,9,Democracy
AD->FTD,o_min,xgb_tree_d3,m073519_o_min_ord29_rk00005,29,0.203585737749768,2.8271584782454653,9,Democracy
AD->FTD,o_min,xgb_tree_d3,m051529_o_min_ord7_rk00015,7,0.2034001865532033,1.8423709931771086,4,Democracy
AD->FTD,o_min,xgb_tree_d3,m069532_o_min_ord25_rk00018,25,0.2023819477365047,2.8888840705376357,9,Democracy
AD->FTD,o_min,xgb_tree_d3,m072523_o_min_ord28_rk00009,28,0.2015029488230383,2.865764637179023,9,Democracy
AD->FTD,o_min,xgb_tree_d3,m074515_o_min_ord30_rk00001,30,0.201497434807923,2.8640835117703762,9,Democracy
AD->FTD,o_min,xgb_tree_d3,m069534_o_min_ord25_rk00020,25,0.2008344122471728,2.833411192621123,9,Democracy
AD->FTD,o_min,xgb_tree_d3,m071522_o_min_ord27_rk00008,27,0.2005301092871373,2.815460540067162,9,Democracy
AD->FTD,o_min,xgb_tree_d3,m071521_o_min_ord27_rk00007,27,0.2004230846373137,2.8139107630313687,8,Democracy
AD->FTD,o_min,xgb_tree_d3,m051531_o_min_ord7_rk00017,7,0.1993337791963058,1.5566567074628228,3,Democracy
AD->FTD,o_min,xgb_tree_d3,m047528_o_min_ord3_rk00014,3,0.1988847841923545,0.9182958340544896,2,Air Pollution
AD->FTD,o_min,xgb_tree_d3,m071524_o_min_ord27_rk00010,27,0.1987301621318337,2.815460540067162,9,Democracy
AD->FTD,o_min,xgb_tree_d3,m065534_o_min_ord21_rk00020,21,0.1985115900467899,2.7606668272315975,8,Democracy
AD->FTD,o_min,xgb_tree_d3,m070519_o_min_ord26_rk00005,26,0.1977353819460588,2.8536700092563416,9,Democracy
AD->FTD,o_min,xgb_tree_d3,m068531_o_min_ord24_rk00017,24,0.1975956115255999,2.8699100232740657,9,Democracy
AD->FTD,o_min,xgb_tree_d3,m064521_o_min_ord20_rk00007,20,0.1956834785856295,2.739353872167201,9,Democracy
AD->FTD,o_min,xgb_tree_d3,m068533_o_min_ord24_rk00019,24,0.194979186904265,2.8699100232740657,9,Democracy
AD->FTD,o_min,xgb_tree_d3,m070526_o_min_ord26_rk00012,26,0.1948078414507288,2.8536700092563416,9,Democracy
AD->FTD,o_min,xgb_tree_d3,m051519_o_min_ord7_rk00005,7,0.1946430906820538,1.3787834934861753,3,Democracy
AD->FTD,o_min,xgb_tree_d3,m049521_o_min_ord5_rk00007,5,0.1939528702485229,1.9219280948873623,4,Air Pollution
AD->FTD,o_min,xgb_tree_d3,m055534_o_min_ord11_rk00020,11,0.1938484726395706,2.2998963911678914,6,Temperature
AD->FTD,o_min,xgb_tree_d3,m052527_o_min_ord8_rk00013,8,0.193830145050432,2.25,5,Precipitation/droughts
AD->FTD,o_min,xgb_tree_d3,m072519_o_min_ord28_rk00005,28,0.193738828980582,2.704003029572565,8,Democracy
AD->FTD,o_min,xgb_tree_d3,m073527_o_min_ord29_rk00013,29,0.1937094398087114,2.8961239954868447,10,Democracy
AD->FTD,o_min,xgb_tree_d3,m067528_o_min_ord23_rk00014,23,0.1930852921664887,2.8927021732601896,9,Democracy
AD->FTD,o_min,xgb_tree_d3,m073517_o_min_ord29_rk00003,29,0.1927514063304412,2.8271584782454653,9,Democracy
AD->FTD,o_min,xgb_tree_d3,m068525_o_min_ord24_rk00011,24,0.1913994133853701,2.892079563925711,9,Democracy
AD->FTD,o_min,xgb_tree_d3,m062533_o_min_ord18_rk00019,18,0.1913124520344614,2.6688388898504303,8,Democracy
AD->FTD,o_min,xgb_tree_d3,m065525_o_min_ord21_rk00011,21,0.1912199239097847,2.7606668272315975,8,Democracy
AD->FTD,o_min,xgb_tree_d3,m073531_o_min_ord29_rk00017,29,0.190935350173677,2.983342099382735,10,Democracy
AD->FTD,o_min,xgb_tree_d3,m062529_o_min_ord18_rk00015,18,0.1903290996047043,2.858278308418045,9,Democracy
AD->FTD,o_min,xgb_tree_d3,m054518_o_min_ord10_rk00004,10,0.1899326947468154,2.4464393446710155,6,Temperature
AD->FTD,o_min,xgb_tree_d3,m064520_o_min_ord20_rk00006,20,0.1896517054652927,2.884183719779189,8,Precipitation/droughts
AD->FTD,o_min,xgb_tree_d3,m062525_o_min_ord18_rk00011,18,0.1893511398072808,2.591793226077496,8,Democracy
AD->FTD,o_min,xgb_tree_d3,m069527_o_min_ord25_rk00013,25,0.1888740595150382,2.8676013115120567,9,Democracy
AD->FTD,o_min,xgb_tree_d3,m068518_o_min_ord24_rk00004,24,0.1877937482515641,2.8699100232740657,9,Democracy
AD->FTD,o_min,xgb_tree_d3,m066526_o_min_ord22_rk00012,22,0.1874034089033952,2.7136874387933565,8,Democracy
AD->FTD,o_min,xgb_tree_d3,m065528_o_min_ord21_rk00014,21,0.1872595433644631,2.9463875191311275,9,Democracy
AD->FTD,o_min,xgb_tree_d3,m066528_o_min_ord22_rk00014,22,0.1872285509456571,2.6405219626825924,8,Democracy
AD->FTD,o_min,xgb_tree_d3,m071526_o_min_ord27_rk00012,27,0.1871304204249709,2.815460540067162,9,Democracy
AD->FTD,o_min,xgb_tree_d3,m062528_o_min_ord18_rk00014,18,0.1863410321911932,2.4387439204017474,7,Democracy
AD->FTD,o_min,xgb_tree_d3,m065531_o_min_ord21_rk00017,21,0.1862518027435031,2.9463875191311275,9,Democracy
AD->FTD,o_min,xgb_tree_d3,m073515_o_min_ord29_rk00001,29,0.1851863119633894,2.8271584782454653,9,Democracy
AD->FTD,o_min,xgb_tree_d3,m073516_o_min_ord29_rk00002,29,0.1845798870732655,2.900915908846073,9,Democracy
AD->FTD,o_min,xgb_tree_d3,m052524_o_min_ord8_rk00010,8,0.1845021938015824,1.561278124459133,3,Precipitation/droughts
AD->FTD,o_min,xgb_tree_d3,m064528_o_min_ord20_rk00014,20,0.184167457978729,2.7709505944546686,8,Democracy
AD->FTD,o_min,xgb_tree_d3,m074529_o_min_ord30_rk00015,30,0.183202573332762,2.8640835117703762,9,Democracy
AD->FTD,o_min,xgb_tree_d3,m067534_o_min_ord23_rk00020,23,0.1831939147091974,2.8598809775139515,9,Democracy
AD->FTD,o_min,xgb_tree_d3,m073522_o_min_ord29_rk00008,29,0.1820496433490328,2.900915908846073,9,Democracy
AD->FTD,o_min,xgb_tree_d3,m072521_o_min_ord28_rk00007,28,0.1812431305839709,2.7754316010011366,9,Democracy
AD->FTD,o_min,xgb_tree_d3,m071516_o_min_ord27_rk00002,27,0.1807423162004527,2.815460540067162,9,Democracy
AD->FTD,o_min,xgb_tree_d3,m072530_o_min_ord28_rk00016,28,0.1798544142523715,2.935698780751651,9,Democracy
AD->FTD,o_min,xgb_tree_d3,m073529_o_min_ord29_rk00015,29,0.1795084974956869,2.900915908846073,9,Democracy
AD->FTD,o_min,xgb_tree_d3,m065526_o_min_ord21_rk00012,21,0.1787174443931188,2.7179717342678,8,Democracy
AD->FTD,o_min,xgb_tree_d3,m053522_o_min_ord9_rk00008,9,0.1777377460601039,2.5032583347756456,6,Temperature
AD->FTD,o_min,xgb_tree_d3,m071533_o_min_ord27_rk00019,27,0.1771755298570753,2.815460540067162,9,Democracy
AD->FTD,o_min,xgb_tree_d3,m068523_o_min_ord24_rk00009,24,0.1771627783066488,2.7509619827626763,9,Democracy
AD->FTD,o_min,xgb_tree_d3,m051526_o_min_ord7_rk00012,7,0.1749865300246433,1.8423709931771086,4,Democracy
AD->FTD,o_min,xgb_tree_d3,m073534_o_min_ord29_rk00020,29,0.1737082599116975,2.983342099382735,10,Democracy
AD->FTD,o_min,xgb_tree_d3,m067529_o_min_ord23_rk00015,23,0.173011045946672,2.6967788068829472,8,Democracy
AD->FTD,o_min,xgb_tree_d3,m070529_o_min_ord26_rk00015,26,0.172841352113713,2.8536700092563416,9,Democracy
AD->FTD,o_min,xgb_tree_d3,m062530_o_min_ord18_rk00016,18,0.1726286548874707,2.6688388898504303,8,Democracy
AD->FTD,o_min,xgb_tree_d3,m071517_o_min_ord27_rk00003,27,0.1716665536945955,2.815460540067162,9,Democracy
AD->FTD,o_min,xgb_tree_d3,m065519_o_min_ord21_rk00005,21,0.1714227299581556,2.7199643047423914,8,Democracy
AD->FTD,o_min,xgb_tree_d3,m050515_o_min_ord6_rk00001,6,0.1712871414942098,1.4591479170272448,3,Democracy
AD->FTD,o_min,xgb_tree_d3,m068530_o_min_ord24_rk00016,24,0.1704594843330599,2.8699100232740657,9,Democracy
AD->FTD,o_min,xgb_tree_d3,m051516_o_min_ord7_rk00002,7,0.1704535807854413,1.3787834934861753,3,Democracy
AD->FTD,o_min,xgb_tree_d3,m053518_o_min_ord9_rk00004,9,0.1696765015581649,2.197159723424149,5,Temperature
AD->FTD,o_min,xgb_tree_d3,m069521_o_min_ord25_rk00007,25,0.1689760746839386,2.8888840705376357,9,Democracy
AD->FTD,o_min,xgb_tree_d3,m049530_o_min_ord5_rk00016,5,0.1685465326320454,1.5219280948873621,3,Air Pollution
AD->FTD,o_min,xgb_tree_d3,m067523_o_min_ord23_rk00009,23,0.1684749635032807,2.9140163035068443,9,Democracy
AD->FTD,o_min,xgb_tree_d3,m073525_o_min_ord29_rk00011,29,0.1678488322997626,2.900915908846073,9,Democracy
AD->FTD,o_min,xgb_tree_d3,m071519_o_min_ord27_rk00005,27,0.1676500977175236,2.815460540067162,9,Democracy
AD->FTD,o_min,xgb_tree_d3,m067533_o_min_ord23_rk00019,23,0.1672815819187684,2.9424955222917832,9,Democracy
AD->FTD,o_min,xgb_tree_d3,m072527_o_min_ord28_rk00013,28,0.1672134063486953,2.935698780751651,9,Democracy
AD->FTD,o_min,xgb_tree_d3,m052518_o_min_ord8_rk00004,8,0.1667383194624428,2.25,5,Temperature
AD->FTD,o_min,xgb_tree_d3,m051533_o_min_ord7_rk00019,7,0.1642745539197201,1.8423709931771086,4,Democracy
AD->FTD,o_min,xgb_tree_d3,m071525_o_min_ord27_rk00011,27,0.1636219931933094,2.815460540067162,9,Democracy
AD->FTD,o_min,xgb_tree_d3,m073528_o_min_ord29_rk00014,29,0.1629408666638782,2.8271584782454653,9,Democracy
AD->FTD,o_min,xgb_tree_d3,m067524_o_min_ord23_rk00010,23,0.1628117017339071,2.8768531307993075,9,Democracy
AD->FTD,o_min,xgb_tree_d3,m072517_o_min_ord28_rk00003,28,0.1625690694401156,2.7754316010011366,9,Democracy
AD->FTD,o_min,xgb_tree_d3,m069530_o_min_ord25_rk00016,25,0.1625217961688182,2.84307418942857,8,Democracy
AD->FTD,o_min,xgb_tree_d3,m067522_o_min_ord23_rk00008,23,0.1622689635480944,2.9140163035068443,9,Democracy
AD->FTD,o_min,xgb_tree_d3,m068529_o_min_ord24_rk00015,24,0.1622501917075934,2.907268229617389,9,Democracy
AD->FTD,o_min,xgb_tree_d3,m074517_o_min_ord30_rk00003,30,0.1622374261317938,2.8640835117703762,9,Democracy
AD->FTD,o_min,xgb_tree_d3,m064516_o_min_ord20_rk00002,20,0.1621665057719999,2.746439344671016,8,Democracy
AD->FTD,o_min,xgb_tree_d3,m066533_o_min_ord22_rk00019,22,0.1614534384240331,2.8045965297024473,9,Democracy
AD->FTD,o_min,xgb_tree_d3,m048521_o_min_ord4_rk00007,4,0.1609334443217273,1.5,3,Air Pollution
AD->FTD,o_min,xgb_tree_d3,m074519_o_min_ord30_rk00005,30,0.1598624989255819,2.8640835117703762,9,Democracy
AD->FTD,o_min,xgb_tree_d3,m064532_o_min_ord20_rk00018,20,0.1596254168001826,2.9414460711655215,9,Democracy
AD->FTD,o_min,xgb_tree_d3,m073526_o_min_ord29_rk00012,29,0.1580113195575606,2.8566327186686844,9,Democracy
AD->FTD,o_min,xgb_tree_d3,m073523_o_min_ord29_rk00009,29,0.1569366840497654,2.8271584782454653,9,Democracy
AD->FTD,o_min,xgb_tree_d3,m063525_o_min_ord19_rk00011,19,0.156211543466166,2.694781460584273,8,Democracy
AD->FTD,o_min,xgb_tree_d3,m068532_o_min_ord24_rk00018,24,0.1558938696776672,2.83429531609601,9,Democracy
AD->FTD,o_min,xgb_tree_d3,m072525_o_min_ord28_rk00011,28,0.1534052655296924,2.7754316010011366,9,Democracy
AD->FTD,o_min,xgb_tree_d3,m072529_o_min_ord28_rk00015,28,0.1505569243535672,2.865764637179023,9,Democracy
AD->FTD,o_min,xgb_tree_d3,m071531_o_min_ord27_rk00017,27,0.1497186841674249,2.815460540067162,9,Democracy
AD->FTD,o_min,xgb_tree_d3,m048525_o_min_ord4_rk00011,4,0.1494172427834128,1.5,3,Air Pollution
AD->FTD,o_min,xgb_tree_d3,m072533_o_min_ord28_rk00019,28,0.149212668675678,2.7754316010011366,9,Democracy
AD->FTD,o_min,xgb_tree_d3,m064526_o_min_ord20_rk00012,20,0.1491134034468877,2.739353872167201,9,Democracy
AD->FTD,o_min,xgb_tree_d3,m047518_o_min_ord3_rk00004,3,0.1434544265896199,0.9182958340544896,2,Democracy
AD->FTD,o_min,xgb_tree_d3,m072522_o_min_ord28_rk00008,28,0.141179349643686,2.780394654123194,8,Democracy
AD->FTD,o_min,xgb_tree_d3,m068528_o_min_ord24_rk00014,24,0.1410413456034821,2.907268229617389,9,Democracy
AD->FTD,o_min,xgb_tree_d3,m048518_o_min_ord4_rk00004,4,0.1403839577030321,1.5,3,Air Pollution
AD->FTD,o_min,xgb_tree_d3,m068527_o_min_ord24_rk00013,24,0.136395148807948,2.907268229617389,9,Democracy
AD->FTD,o_min,xgb_tree_d3,m047527_o_min_ord3_rk00013,3,0.1359012522965224,0.9182958340544896,2,Democracy
AD->FTD,o_min,xgb_tree_d3,m066523_o_min_ord22_rk00009,22,0.1357961589488118,2.8045965297024473,9,Democracy
AD->FTD,o_min,xgb_tree_d3,m072528_o_min_ord28_rk00014,28,0.1342499393142147,2.8962915290459277,9,Democracy
AD->FTD,o_min,xgb_tree_d3,m071529_o_min_ord27_rk00015,27,0.1300170512407643,2.9341001148030923,9,Democracy
AD->FTD,o_min,xgb_tree_d3,m072515_o_min_ord28_rk00001,28,0.1244331583197557,2.780394654123194,8,Democracy
AD->FTD,o_min,xgb_tree_d3,m068517_o_min_ord24_rk00003,24,0.1221997980374361,2.907268229617389,9,Democracy
AD->FTD,o_min,xgb_tree_d3,m047521_o_min_ord3_rk00007,3,0.1221529014128869,0.9182958340544896,2,Democracy
AD->FTD,o_min,xgb_tree_d3,m067527_o_min_ord23_rk00013,23,0.1208250727978144,2.7837353286220776,9,Democracy
AD->FTD,o_min,xgb_tree_d3,m068526_o_min_ord24_rk00012,24,0.1175069158242645,2.840199876515855,9,Democracy
AD->FTD,o_min,xgb_tree_d3,m047516_o_min_ord3_rk00002,3,0.1075997920343835,0.9182958340544896,2,Democracy
AD->FTD,o_max,xgb_tree_d3,m023000_o_max_ord26_rk00001,26,0.3561393355312852,0.7793498372920851,2,Democracy
AD->FTD,o_max,xgb_tree_d3,m025018_o_max_ord28_rk00019,28,0.3477965747513691,0.9591963191047147,3,Democracy
AD->FTD,o_max,xgb_tree_d3,m016000_o_max_ord19_rk00001,19,0.3406714295523194,0.8997437586982626,2,Democracy
AD->FTD,o_max,xgb_tree_d3,m021000_o_max_ord24_rk00001,24,0.3326470265113284,0.8112781244591328,2,Democracy
AD->FTD,o_max,xgb_tree_d3,m018000_o_max_ord21_rk00001,21,0.3267868068608418,0.863120568566631,2,Democracy
AD->FTD,o_max,xgb_tree_d3,m022002_o_max_ord25_rk00003,25,0.32597876600759,0.7950402793845223,2,Democracy
AD->FTD,o_max,xgb_tree_d3,m017018_o_max_ord20_rk00019,20,0.3247350739913958,1.1411535278793057,3,Democracy
AD->FTD,o_max,xgb_tree_d3,m017011_o_max_ord20_rk00012,20,0.3242375197820749,1.1411535278793057,3,Democracy
AD->FTD,o_max,xgb_tree_d3,m020004_o_max_ord23_rk00005,23,0.3225858432046842,1.0666152167384504,3,Democracy
AD->FTD,o_max,xgb_tree_d3,m018012_o_max_ord21_rk00013,21,0.3215731714384752,1.115520093581932,3,Democracy
AD->FTD,o_max,xgb_tree_d3,m025000_o_max_ord28_rk00001,28,0.321429906159788,0.9591963191047147,3,Democracy
AD->FTD,o_max,xgb_tree_d3,m026017_o_max_ord29_rk00018,29,0.3210989858912217,1.1425175164144374,4,Democracy
AD->FTD,o_max,xgb_tree_d3,m018004_o_max_ord21_rk00005,21,0.3210040392886054,1.115520093581932,3,Democracy
AD->FTD,o_max,xgb_tree_d3,m021010_o_max_ord24_rk00011,24,0.3208300449405357,1.0434356963218767,3,Democracy
AD->FTD,o_max,xgb_tree_d3,m018015_o_max_ord21_rk00016,21,0.320505500545686,1.115520093581932,3,Democracy
AD->FTD,o_max,xgb_tree_d3,m024000_o_max_ord27_rk00001,27,0.3200232104811917,0.7642045065086203,2,Democracy
AD->FTD,o_max,xgb_tree_d3,m021019_o_max_ord24_rk00020,24,0.3194517930092961,1.2720552088742005,4,Democracy
AD->FTD,o_max,xgb_tree_d3,m019014_o_max_ord22_rk00015,22,0.3193899677359433,1.3315796225857794,4,Democracy
AD->FTD,o_max,xgb_tree_d3,m015000_o_max_ord18_rk00001,18,0.3153028305608986,0.9182958340544896,2,Democracy
AD->FTD,o_max,xgb_tree_d3,m020000_o_max_ord23_rk00001,23,0.3148314831568288,0.828055725379504,2,Democracy
AD->FTD,o_max,xgb_tree_d3,m020007_o_max_ord23_rk00008,23,0.3144928548364193,1.0666152167384504,3,Democracy
AD->FTD,o_max,xgb_tree_d3,m020002_o_max_ord23_rk00003,23,0.313744337791963,1.0666152167384504,3,Democracy
AD->FTD,o_max,xgb_tree_d3,m012018_o_max_ord15_rk00019,15,0.3131820870929395,-0.0,1,Democracy
AD->FTD,o_max,xgb_tree_d3,m018006_o_max_ord21_rk00007,21,0.3117775110143026,1.115520093581932,3,Democracy
AD->FTD,o_max,xgb_tree_d3,m026018_o_max_ord29_rk00019,29,0.3106126364178562,1.1425175164144374,4,Democracy
AD->FTD,o_max,xgb_tree_d3,m017000_o_max_ord20_rk00001,20,0.3094703495141442,0.8812908992306927,2,Democracy
AD->FTD,o_max,xgb_tree_d3,m014000_o_max_ord17_rk00001,17,0.3066847066826519,0.9366673818775624,2,Democracy
AD->FTD,o_max,xgb_tree_d3,m016005_o_max_ord19_rk00006,19,0.3061282073352982,-0.0,1,Democracy
AD->FTD,o_max,xgb_tree_d3,m024018_o_max_ord27_rk00019,27,0.3050356028289371,1.257162987432089,5,Democracy
AD->FTD,o_max,xgb_tree_d3,m010000_o_max_ord13_rk00001,13,0.3049098391905577,-0.0,1,Democracy
AD->FTD,o_max,xgb_tree_d3,m013008_o_max_ord16_rk00009,16,0.3043645971574866,-0.0,1,Democracy
AD->FTD,o_max,xgb_tree_d3,m013003_o_max_ord16_rk00004,16,0.3025503590957901,0.9544340029249649,2,Democracy
AD->FTD,o_max,xgb_tree_d3,m013013_o_max_ord16_rk00014,16,0.3011219728224483,-0.0,1,Democracy
AD->FTD,o_max,xgb_tree_d3,m013004_o_max_ord16_rk00005,16,0.3001629803969164,-0.0,1,Democracy
AD->FTD,o_max,xgb_tree_d3,m018007_o_max_ord21_rk00008,21,0.2994176714152835,0.2761954276479391,2,Democracy
AD->FTD,o_max,xgb_tree_d3,m014003_o_max_ord17_rk00004,17,0.2984941653726811,-0.0,1,Democracy
AD->FTD,o_max,xgb_tree_d3,m026001_o_max_ord29_rk00002,29,0.2978362166868755,1.1425175164144374,4,Democracy
AD->FTD,o_max,xgb_tree_d3,m024006_o_max_ord27_rk00007,27,0.2977398094161628,0.9451696091196164,4,Democracy
AD->FTD,o_max,xgb_tree_d3,m012011_o_max_ord15_rk00012,15,0.2977334090948969,-0.0,1,Democracy
AD->FTD,o_max,xgb_tree_d3,m019000_o_max_ord22_rk00001,22,0.2976131412184373,0.8453509366224364,2,Democracy
AD->FTD,o_max,xgb_tree_d3,m012014_o_max_ord15_rk00015,15,0.2948339383727638,-0.0,1,Democracy
AD->FTD,o_max,xgb_tree_d3,m012010_o_max_ord15_rk00011,15,0.2946471700200365,-0.0,1,Democracy
AD->FTD,o_max,xgb_tree_d3,m018014_o_max_ord21_rk00015,21,0.2937693073665152,-0.0,1,Democracy
AD->FTD,o_max,xgb_tree_d3,m016003_o_max_ord19_rk00004,19,0.293412146187,-0.0,1,Democracy
AD->FTD,o_max,xgb_tree_d3,m022018_o_max_ord25_rk00019,25,0.2931065609476976,0.6395563653739031,3,Democracy
AD->FTD,o_max,xgb_tree_d3,m013012_o_max_ord16_rk00013,16,0.292870457645852,-0.0,1,Democracy
AD->FTD,o_max,xgb_tree_d3,m018018_o_max_ord21_rk00019,21,0.2926251950429261,-0.0,1,Democracy
AD->FTD,o_max,xgb_tree_d3,m007008_o_max_ord10_rk00009,10,0.2925638248849653,-0.0,1,Democracy
AD->FTD,o_max,xgb_tree_d3,m024005_o_max_ord27_rk00006,27,0.2923714383915442,0.9451696091196164,4,Democracy
AD->FTD,o_max,xgb_tree_d3,m002019_o_max_ord5_rk00020,5,0.292348516707639,-0.0,1,Democracy
AD->FTD,o_max,xgb_tree_d3,m000012_o_max_ord3_rk00013,3,0.2918968593117111,-0.0,1,Democracy
AD->FTD,o_max,xgb_tree_d3,m013001_o_max_ord16_rk00002,16,0.2906927079014095,-0.0,1,Democracy
AD->FTD,o_max,xgb_tree_d3,m023019_o_max_ord26_rk00020,26,0.2904714778598234,1.2884926890861643,5,Democracy
AD->FTD,o_max,xgb_tree_d3,m009016_o_max_ord12_rk00017,12,0.2904115232997276,-0.0,1,Democracy
AD->FTD,o_max,xgb_tree_d3,m015010_o_max_ord18_rk00011,18,0.2901161313566792,-0.0,1,Democracy
AD->FTD,o_max,xgb_tree_d3,m023007_o_max_ord26_rk00008,26,0.2901036566975364,0.969918434275037,4,Democracy
AD->FTD,o_max,xgb_tree_d3,m018017_o_max_ord21_rk00018,21,0.2897469654588188,0.2761954276479391,2,Democracy
AD->FTD,o_max,xgb_tree_d3,m018013_o_max_ord21_rk00014,21,0.289471699548506,0.2761954276479391,2,Democracy
AD->FTD,o_max,xgb_tree_d3,m016001_o_max_ord19_rk00002,19,0.2891413257247044,-0.0,1,Democracy
AD->FTD,o_max,xgb_tree_d3,m009012_o_max_ord12_rk00013,12,0.28913921311334,-0.0,1,Democracy
AD->FTD,o_max,xgb_tree_d3,m018010_o_max_ord21_rk00011,21,0.289071639599162,-0.0,1,Democracy
AD->FTD,o_max,xgb_tree_d3,m013005_o_max_ord16_rk00006,16,0.2889387125299963,-0.0,1,Democracy
AD->FTD,o_max,xgb_tree_d3,m022005_o_max_ord25_rk00006,25,0.2887845206930817,0.996118213778296,4,Democracy
AD->FTD,o_max,xgb_tree_d3,m001017_o_max_ord4_rk00018,4,0.2887817124078993,-0.0,1,Democracy
AD->FTD,o_max,xgb_tree_d3,m023004_o_max_ord26_rk00005,26,0.2879650214891662,0.969918434275037,4,Democracy
AD->FTD,o_max,xgb_tree_d3,m007006_o_max_ord10_rk00007,10,0.2864937207069055,-0.0,1,Democracy
AD->FTD,o_max,xgb_tree_d3,m027000_o_max_ord30_rk00001,30,0.2864663201080918,1.2486092328524885,4,Democracy
AD->FTD,o_max,xgb_tree_d3,m013000_o_max_ord16_rk00001,16,0.2862357421829972,-0.0,1,Democracy
AD->FTD,o_max,xgb_tree_d3,m015008_o_max_ord18_rk00009,18,0.2859682343366261,-0.0,1,Democracy
AD->FTD,o_max,xgb_tree_d3,m022004_o_max_ord25_rk00005,25,0.2858691973086867,0.8663137138648347,3,Democracy
AD->FTD,o_max,xgb_tree_d3,m025015_o_max_ord28_rk00016,28,0.2853949306069797,1.0984868380293622,4,Democracy
AD->FTD,o_max,xgb_tree_d3,m009000_o_max_ord12_rk00001,12,0.2850864942948484,-0.0,1,Democracy
AD->FTD,o_max,xgb_tree_d3,m021004_o_max_ord24_rk00005,24,0.2848756633471687,0.8886865525783176,3,Democracy
AD->FTD,o_max,xgb_tree_d3,m012001_o_max_ord15_rk00002,15,0.2844444307309005,-0.0,1,Democracy
AD->FTD,o_max,xgb_tree_d3,m019001_o_max_ord22_rk00002,22,0.2843773564465178,1.090652803252992,3,Democracy
AD->FTD,o_max,xgb_tree_d3,m020008_o_max_ord23_rk00009,23,0.2841360540276789,1.3012517848198515,4,Democracy
AD->FTD,o_max,xgb_tree_d3,m019004_o_max_ord22_rk00005,22,0.2833234626686919,1.090652803252992,3,Democracy
AD->FTD,o_max,xgb_tree_d3,m007014_o_max_ord10_rk00015,10,0.2832223628926493,0.4689955935892812,2,Democracy
AD->FTD,o_max,xgb_tree_d3,m018005_o_max_ord21_rk00006,21,0.2827154754181239,-0.0,1,Democracy
AD->FTD,o_max,xgb_tree_d3,m019005_o_max_ord22_rk00006,22,0.282261269442599,-0.0,1,Democracy
AD->FTD,o_max,xgb_tree_d3,m008005_o_max_ord11_rk00006,11,0.2820895669486034,-0.0,1,Democracy
AD->FTD,o_max,xgb_tree_d3,m021005_o_max_ord24_rk00006,24,0.2820582039911342,0.6583514224564075,3,Democracy
AD->FTD,o_max,xgb_tree_d3,m009018_o_max_ord12_rk00019,12,0.2818966993757984,-0.0,1,Democracy
AD->FTD,o_max,xgb_tree_d3,m007001_o_max_ord10_rk00002,10,0.2818345203548884,-0.0,1,Democracy
AD->FTD,o_max,xgb_tree_d3,m022009_o_max_ord25_rk00010,25,0.2818071445373921,0.6343095546405662,2,Democracy
AD->FTD,o_max,xgb_tree_d3,m012003_o_max_ord15_rk00004,15,0.2817872635913169,-0.0,1,Democracy
AD->FTD,o_max,xgb_tree_d3,m011013_o_max_ord14_rk00014,14,0.2816829266234929,-0.0,1,Democracy
AD->FTD,o_max,xgb_tree_d3,m012009_o_max_ord15_rk00010,15,0.2816069607698166,-0.0,1,Democracy
AD->FTD,o_max,xgb_tree_d3,m023017_o_max_ord26_rk00018,26,0.2813362586885958,0.7441942138263227,3,Democracy
AD->FTD,o_max,xgb_tree_d3,m011001_o_max_ord14_rk00002,14,0.2811323389186276,-0.0,1,Democracy
AD->FTD,o_max,xgb_tree_d3,m020016_o_max_ord23_rk00017,23,0.2809046371346362,0.2580186686648155,2,Democracy
AD->FTD,o_max,xgb_tree_d3,m012004_o_max_ord15_rk00005,15,0.2807596673960641,-0.0,1,Democracy
AD->FTD,o_max,xgb_tree_d3,m019010_o_max_ord22_rk00011,22,0.2805488010604119,0.266764987803026,2,Democracy
AD->FTD,o_max,xgb_tree_d3,m007004_o_max_ord10_rk00005,10,0.2804962254470653,-0.0,1,Democracy
AD->FTD,o_max,xgb_tree_d3,m020019_o_max_ord23_rk00020,23,0.2802660708272922,0.4262286569981449,2,Democracy
AD->FTD,o_max,xgb_tree_d3,m007005_o_max_ord10_rk00006,10,0.2802059132994262,-0.0,1,Democracy
AD->FTD,o_max,xgb_tree_d3,m012016_o_max_ord15_rk00017,15,0.2798509531472732,0.35335933502142136,2,Democracy
AD->FTD,o_max,xgb_tree_d3,m014008_o_max_ord17_rk00009,17,0.2792363960803381,-0.0,1,Democracy
AD->FTD,o_max,xgb_tree_d3,m023012_o_max_ord26_rk00013,26,0.2792222346017292,1.1929993566060646,5,Democracy
AD->FTD,o_max,xgb_tree_d3,m024017_o_max_ord27_rk00018,27,0.2790251277086379,1.042344321483692,4,Democracy
AD->FTD,o_max,xgb_tree_d3,m019003_o_max_ord22_rk00004,22,0.278994254739772,0.266764987803026,2,Democracy
AD->FTD,o_max,xgb_tree_d3,m012012_o_max_ord15_rk00013,15,0.2787117471126589,-0.0,1,Democracy
AD->FTD,o_max,xgb_tree_d3,m017010_o_max_ord20_rk00011,20,0.2786601926851572,-0.0,1,Democracy
AD->FTD,o_max,xgb_tree_d3,m009004_o_max_ord12_rk00005,12,0.2783943984701658,-0.0,1,Democracy
AD->FTD,o_max,xgb_tree_d3,m008000_o_max_ord11_rk00001,11,0.2781782212574831,-0.0,1,Democracy
AD->FTD,o_max,xgb_tree_d3,m011008_o_max_ord14_rk00009,14,0.2780245880167316,-0.0,1,Democracy
AD->FTD,o_max,xgb_tree_d3,m007011_o_max_ord10_rk00012,10,0.2779277875006564,0.4689955935892812,2,Democracy
AD->FTD,o_max,xgb_tree_d3,m024007_o_max_ord27_rk00008,27,0.2776333430357773,1.257162987432089,5,Democracy
AD->FTD,o_max,xgb_tree_d3,m014007_o_max_ord17_rk00008,17,0.2771966614991856,-0.0,1,Democracy
AD->FTD,o_max,xgb_tree_d3,m018011_o_max_ord21_rk00012,21,0.2769253132181889,0.2761954276479391,2,Democracy
AD->FTD,o_max,xgb_tree_d3,m022010_o_max_ord25_rk00011,25,0.2769060073826394,1.2252357794710609,5,Democracy
AD->FTD,o_max,xgb_tree_d3,m014002_o_max_ord17_rk00003,17,0.2767668564671974,-0.0,1,Democracy
AD->FTD,o_max,xgb_tree_d3,m007002_o_max_ord10_rk00003,10,0.2765784523782316,-0.0,1,Democracy
AD->FTD,o_max,xgb_tree_d3,m021015_o_max_ord24_rk00016,24,0.2764122887444512,0.9833557549816875,5,Democracy
AD->FTD,o_max,xgb_tree_d3,m019015_o_max_ord22_rk00016,22,0.2763023275184286,0.266764987803026,2,Democracy
AD->FTD,o_max,xgb_tree_d3,m018001_o_max_ord21_rk00002,21,0.2760848904745782,-0.0,1,Democracy
AD->FTD,o_max,xgb_tree_d3,m018002_o_max_ord21_rk00003,21,0.2760427203829482,0.2761954276479391,2,Democracy
AD->FTD,o_max,xgb_tree_d3,m015017_o_max_ord18_rk00018,18,0.2759632923145635,-0.0,1,Democracy
AD->FTD,o_max,xgb_tree_d3,m013006_o_max_ord16_rk00007,16,0.2758858306555625,-0.0,1,Democracy
AD->FTD,o_max,xgb_tree_d3,m025013_o_max_ord28_rk00014,28,0.2757983505303697,1.2274025692592483,5,Democracy
AD->FTD,o_max,xgb_tree_d3,m015006_o_max_ord18_rk00007,18,0.2755562508684472,-0.0,1,Democracy
AD->FTD,o_max,xgb_tree_d3,m016008_o_max_ord19_rk00009,19,0.2753265747265671,-0.0,1,Democracy
AD->FTD,o_max,xgb_tree_d3,m016009_o_max_ord19_rk00010,19,0.2751369835420096,-0.0,1,Democracy
AD->FTD,o_max,xgb_tree_d3,m014016_o_max_ord17_rk00017,17,0.2750599181012131,-0.0,1,Democracy
AD->FTD,o_max,xgb_tree_d3,m017019_o_max_ord20_rk00020,20,0.2749378728442448,-0.0,1,Democracy
AD->FTD,o_max,xgb_tree_d3,m020006_o_max_ord23_rk00007,23,0.2749094016457997,0.5131851787372753,3,Democracy
AD->FTD,o_max,xgb_tree_d3,m011006_o_max_ord14_rk00007,14,0.2747025272552246,-0.0,1,Democracy
AD->FTD,o_max,xgb_tree_d3,m009005_o_max_ord12_rk00006,12,0.2745309347788209,-0.0,1,Democracy
AD->FTD,o_max,xgb_tree_d3,m009017_o_max_ord12_rk00018,12,0.2743987370849434,-0.0,1,Democracy
AD->FTD,o_max,xgb_tree_d3,m013011_o_max_ord16_rk00012,16,0.2741867303438998,-0.0,1,Democracy
AD->FTD,o_max,xgb_tree_d3,m016007_o_max_ord19_rk00008,19,0.2741016168729222,-0.0,1,Democracy
AD->FTD,o_max,xgb_tree_d3,m015012_o_max_ord18_rk00013,18,0.2740952526142548,-0.0,1,Democracy
AD->FTD,o_max,xgb_tree_d3,m023013_o_max_ord26_rk00014,26,0.273877356225901,1.1929993566060646,5,Democracy
AD->FTD,o_max,xgb_tree_d3,m008010_o_max_ord11_rk00011,11,0.2736801373625994,-0.0,1,Democracy
AD->FTD,o_max,xgb_tree_d3,m016010_o_max_ord19_rk00011,19,0.2734601844367978,-0.0,1,Democracy
AD->FTD,o_max,xgb_tree_d3,m017013_o_max_ord20_rk00014,20,0.2731943303786324,0.2863969571159562,2,Democracy
AD->FTD,o_max,xgb_tree_d3,m009001_o_max_ord12_rk00002,12,0.272960300427703,-0.0,1,Democracy
AD->FTD,o_max,xgb_tree_d3,m024013_o_max_ord27_rk00014,27,0.2729385121687945,1.1625336732554155,5,Democracy
AD->FTD,o_max,xgb_tree_d3,m023002_o_max_ord26_rk00003,26,0.2726814128707485,1.0681873374585056,4,Democracy
AD->FTD,o_max,xgb_tree_d3,m022003_o_max_ord25_rk00004,25,0.2726724771680117,0.8743095546405661,4,Democracy
AD->FTD,o_max,xgb_tree_d3,m009007_o_max_ord12_rk00008,12,0.2726524409428834,-0.0,1,Democracy
AD->FTD,o_max,xgb_tree_d3,m019017_o_max_ord22_rk00018,22,0.2724541632750183,0.9373012413074895,3,Democracy
AD->FTD,o_max,xgb_tree_d3,m019007_o_max_ord22_rk00008,22,0.2721731909383008,0.266764987803026,2,Democracy
AD->FTD,o_max,xgb_tree_d3,m012005_o_max_ord15_rk00006,15,0.2717050812673763,0.35335933502142136,2,Democracy
AD->FTD,o_max,xgb_tree_d3,m019002_o_max_ord22_rk00003,22,0.2716918125766884,0.266764987803026,2,Democracy
AD->FTD,o_max,xgb_tree_d3,m014012_o_max_ord17_rk00013,17,0.2716738878368113,-0.0,1,Democracy
AD->FTD,o_max,xgb_tree_d3,m011012_o_max_ord14_rk00013,14,0.2715945275067397,-0.0,1,Democracy
AD->FTD,o_max,xgb_tree_d3,m019009_o_max_ord22_rk00010,22,0.2715589611930274,0.5304060778306042,3,Democracy
AD->FTD,o_max,xgb_tree_d3,m003019_o_max_ord6_rk00020,6,0.2714763827528644,-0.0,1,Democracy
AD->FTD,o_max,xgb_tree_d3,m024001_o_max_ord27_rk00002,27,0.271384692225371,1.1625336732554155,5,Democracy
AD->FTD,o_max,xgb_tree_d3,m009014_o_max_ord12_rk00015,12,0.2713350105599792,-0.0,1,Democracy
AD->FTD,o_max,xgb_tree_d3,m015018_o_max_ord18_rk00019,18,0.2711820604465955,-0.0,1,Democracy
AD->FTD,o_max,xgb_tree_d3,m013015_o_max_ord16_rk00016,16,0.2711070025274654,-0.0,1,Democracy
AD->FTD,o_max,xgb_tree_d3,m020013_o_max_ord23_rk00014,23,0.2708796100526359,0.7653636126766978,4,Democracy
AD->FTD,o_max,xgb_tree_d3,m009013_o_max_ord12_rk00014,12,0.2707764836696331,-0.0,1,Democracy
AD->FTD,o_max,xgb_tree_d3,m014018_o_max_ord17_rk00019,17,0.2706517261081016,-0.0,1,Democracy
AD->FTD,o_max,xgb_tree_d3,m022017_o_max_ord25_rk00018,25,0.2706358296228766,0.996118213778296,4,Democracy
AD->FTD,o_max,xgb_tree_d3,m023011_o_max_ord26_rk00012,26,0.2705733544702651,0.969918434275037,4,Democracy
AD->FTD,o_max,xgb_tree_d3,m024014_o_max_ord27_rk00015,27,0.2704359829215241,1.257162987432089,5,Democracy
AD->FTD,o_max,xgb_tree_d3,m022016_o_max_ord25_rk00017,25,0.2703832692627693,1.2252357794710609,5,Democracy
AD->FTD,o_max,xgb_tree_d3,m018019_o_max_ord21_rk00020,21,0.2702001794480047,0.2761954276479391,2,Democracy
AD->FTD,o_max,xgb_tree_d3,m015001_o_max_ord18_rk00002,18,0.2697059702686908,-0.0,1,Democracy
AD->FTD,o_max,xgb_tree_d3,m016013_o_max_ord19_rk00014,19,0.2695780591484848,-0.0,1,Democracy
AD->FTD,o_max,xgb_tree_d3,m018009_o_max_ord21_rk00010,21,0.269188626855414,0.2761954276479391,2,Democracy
AD->FTD,o_max,xgb_tree_d3,m014015_o_max_ord17_rk00016,17,0.269068083077175,-0.0,1,Democracy
AD->FTD,o_max,xgb_tree_d3,m016016_o_max_ord19_rk00017,19,0.2689642862105097,-0.0,1,Democracy
AD->FTD,o_max,xgb_tree_d3,m026010_o_max_ord29_rk00011,29,0.2688056840125161,0.9944663403237343,4,Democracy
AD->FTD,o_max,xgb_tree_d3,m016015_o_max_ord19_rk00016,19,0.2684214955765672,-0.0,1,Democracy
AD->FTD,o_max,xgb_tree_d3,m015003_o_max_ord18_rk00004,18,0.2682802737334286,-0.0,1,Democracy
AD->FTD,o_max,xgb_tree_d3,m012008_o_max_ord15_rk00009,15,0.2682414731072396,-0.0,1,Democracy
AD->FTD,o_max,xgb_tree_d3,m008008_o_max_ord11_rk00009,11,0.2681581645875391,-0.0,1,Democracy
AD->FTD,o_max,xgb_tree_d3,m019016_o_max_ord22_rk00017,22,0.2681431567600428,0.266764987803026,2,Democracy
AD->FTD,o_max,xgb_tree_d3,m023003_o_max_ord26_rk00004,26,0.2680153331011837,0.8451064151274781,3,Democracy
AD->FTD,o_max,xgb_tree_d3,m022006_o_max_ord25_rk00007,25,0.2679370952789747,0.8663137138648347,3,Democracy
AD->FTD,o_max,xgb_tree_d3,m019008_o_max_ord22_rk00009,22,0.2677701011481388,0.5304060778306042,3,Democracy
AD->FTD,o_max,xgb_tree_d3,m010006_o_max_ord13_rk00007,13,0.2676168094185617,-0.0,1,Democracy
AD->FTD,o_max,xgb_tree_d3,m023006_o_max_ord26_rk00007,26,0.2675066268785154,1.1929993566060646,5,Democracy
AD->FTD,o_max,xgb_tree_d3,m023001_o_max_ord26_rk00002,26,0.2674641965935119,0.969918434275037,4,Democracy
AD->FTD,o_max,xgb_tree_d3,m008014_o_max_ord11_rk00015,11,0.2674414065750794,-0.0,1,Democracy
AD->FTD,o_max,xgb_tree_d3,m021012_o_max_ord24_rk00013,24,0.2674158389219778,0.5435644431995964,2,Democracy
AD->FTD,o_max,xgb_tree_d3,m007000_o_max_ord10_rk00001,10,0.2672416048130197,-0.0,1,Democracy
AD->FTD,o_max,xgb_tree_d3,m022001_o_max_ord25_rk00002,25,0.2671579730950078,0.996118213778296,4,Democracy
AD->FTD,o_max,xgb_tree_d3,m014013_o_max_ord17_rk00014,17,0.2671136146908222,-0.0,1,Democracy
AD->FTD,o_max,xgb_tree_d3,m026014_o_max_ord29_rk00015,29,0.2668950758300724,0.9944663403237343,4,Democracy
AD->FTD,o_max,xgb_tree_d3,m026005_o_max_ord29_rk00006,29,0.2666646043784909,1.1063667712836147,5,Democracy
AD->FTD,o_max,xgb_tree_d3,m016019_o_max_ord19_rk00020,19,0.2666435171263747,0.2974722489192896,2,Democracy
AD->FTD,o_max,xgb_tree_d3,m010004_o_max_ord13_rk00005,13,0.2665653787257922,-0.0,1,Democracy
AD->FTD,o_max,xgb_tree_d3,m010018_o_max_ord13_rk00019,13,0.2665425033715931,-0.0,1,Democracy
AD->FTD,o_max,xgb_tree_d3,m013002_o_max_ord16_rk00003,16,0.2664499926274505,-0.0,1,Democracy
AD->FTD,o_max,xgb_tree_d3,m017001_o_max_ord20_rk00002,20,0.2663743305336006,-0.0,1,Democracy
AD->FTD,o_max,xgb_tree_d3,m018003_o_max_ord21_rk00004,21,0.2663006151928181,0.2761954276479391,2,Democracy
AD->FTD,o_max,xgb_tree_d3,m023014_o_max_ord26_rk00015,26,0.2659023712155226,1.1929993566060646,5,Democracy
AD->FTD,o_max,xgb_tree_d3,m023009_o_max_ord26_rk00010,26,0.2658675551464644,1.075875645896709,5,Democracy
AD->FTD,o_max,xgb_tree_d3,m022013_o_max_ord25_rk00014,25,0.2657593131898165,0.996118213778296,4,Democracy
AD->FTD,o_max,xgb_tree_d3,m020009_o_max_ord23_rk00010,23,0.2650016317087345,0.4262286569981449,2,Democracy
AD->FTD,o_max,xgb_tree_d3,m025005_o_max_ord28_rk00006,28,0.2648725727124799,1.2274025692592483,5,Democracy
AD->FTD,o_max,xgb_tree_d3,m012000_o_max_ord15_rk00001,15,0.2645172927290664,-0.0,1,Democracy
AD->FTD,o_max,xgb_tree_d3,m025007_o_max_ord28_rk00008,28,0.2643809642303085,1.1336983823367468,5,Democracy
AD->FTD,o_max,xgb_tree_d3,m015011_o_max_ord18_rk00012,18,0.2642350417403467,0.3095434291503252,2,Democracy
AD->FTD,o_max,xgb_tree_d3,m013014_o_max_ord16_rk00015,16,0.2642043529073925,0.3372900666170139,2,Democracy
AD->FTD,o_max,xgb_tree_d3,m012019_o_max_ord15_rk00020,15,0.2641911444196256,0.35335933502142136,2,Democracy
AD->FTD,o_max,xgb_tree_d3,m024012_o_max_ord27_rk00013,27,0.2640949738400263,1.1625336732554155,5,Democracy
AD->FTD,o_max,xgb_tree_d3,m024008_o_max_ord27_rk00009,27,0.2640681081650663,1.042344321483692,4,Democracy
AD->FTD,o_max,xgb_tree_d3,m014017_o_max_ord17_rk00018,17,0.2640314550253129,0.3227569588973982,2,Democracy
AD->FTD,o_max,xgb_tree_d3,m017009_o_max_ord20_rk00010,20,0.2638625664896624,0.2863969571159562,2,Democracy
AD->FTD,o_max,xgb_tree_d3,m015015_o_max_ord18_rk00016,18,0.2635737205909109,-0.0,1,Democracy
AD->FTD,o_max,xgb_tree_d3,m009019_o_max_ord12_rk00020,12,0.2633619048847901,-0.0,1,Democracy
AD->FTD,o_max,xgb_tree_d3,m022015_o_max_ord25_rk00016,25,0.2632716576002365,0.996118213778296,4,Democracy
AD->FTD,o_max,xgb_tree_d3,m017014_o_max_ord20_rk00015,20,0.262960212787848,-0.0,1,Democracy
AD->FTD,o_max,xgb_tree_d3,m018016_o_max_ord21_rk00017,21,0.2629581599908211,0.5489544344250401,3,Democracy
AD->FTD,o_max,xgb_tree_d3,m015002_o_max_ord18_rk00003,18,0.262919543090644,-0.0,1,Democracy
AD->FTD,o_max,xgb_tree_d3,m010003_o_max_ord13_rk00004,13,0.2629182308711848,-0.0,1,Democracy
AD->FTD,o_max,xgb_tree_d3,m019013_o_max_ord22_rk00014,22,0.2628709920285821,-0.0,1,Democracy
AD->FTD,o_max,xgb_tree_d3,m012007_o_max_ord15_rk00008,15,0.2628682788557016,-0.0,1,Democracy
AD->FTD,o_max,xgb_tree_d3,m025017_o_max_ord28_rk00018,28,0.2625338000962361,1.2274025692592483,5,Democracy
AD->FTD,o_max,xgb_tree_d3,m017004_o_max_ord20_rk00005,20,0.2624094286740587,-0.0,1,Democracy
AD->FTD,o_max,xgb_tree_d3,m014010_o_max_ord17_rk00011,17,0.2623274708570102,-0.0,1,Democracy
AD->FTD,o_max,xgb_tree_d3,m025011_o_max_ord28_rk00012,28,0.2621078599392247,1.2274025692592483,5,Democracy
AD->FTD,o_max,xgb_tree_d3,m010017_o_max_ord13_rk00018,13,0.2618621983421176,-0.0,1,Democracy
AD->FTD,o_max,xgb_tree_d3,m021007_o_max_ord24_rk00008,24,0.26180644683483,0.6583514224564075,3,Democracy
AD->FTD,o_max,xgb_tree_d3,m017016_o_max_ord20_rk00017,20,0.261794747758701,0.2863969571159562,2,Democracy
AD->FTD,o_max,xgb_tree_d3,m014005_o_max_ord17_rk00006,17,0.2617347443084322,0.3227569588973982,2,Democracy
AD->FTD,o_max,xgb_tree_d3,m013009_o_max_ord16_rk00010,16,0.2616598467043619,0.3372900666170139,2,Democracy
AD->FTD,o_max,xgb_tree_d3,m026000_o_max_ord29_rk00001,29,0.2615906057175413,1.1991018361613466,5,Democracy
AD->FTD,o_max,xgb_tree_d3,m016017_o_max_ord19_rk00018,19,0.2615703376006256,0.2974722489192896,2,Democracy
AD->FTD,o_max,xgb_tree_d3,m018008_o_max_ord21_rk00009,21,0.2615248082428942,0.2761954276479391,2,Democracy
AD->FTD,o_max,xgb_tree_d3,m007013_o_max_ord10_rk00014,10,0.2615104868148649,-0.0,1,Democracy
AD->FTD,o_max,xgb_tree_d3,m022007_o_max_ord25_rk00008,25,0.2614740987201154,0.8743095546405661,4,Democracy
AD->FTD,o_max,xgb_tree_d3,m010009_o_max_ord13_rk00010,13,0.261355573260819,-0.0,1,Democracy
AD->FTD,o_max,xgb_tree_d3,m006016_o_max_ord9_rk00017,9,0.2610379948341076,-0.0,1,Democracy
AD->FTD,o_max,xgb_tree_d3,m009002_o_max_ord12_rk00003,12,0.2610273894529988,-0.0,1,Democracy
AD->FTD,o_max,xgb_tree_d3,m010013_o_max_ord13_rk00014,13,0.260981990532706,-0.0,1,Democracy
AD->FTD,o_max,xgb_tree_d3,m024003_o_max_ord27_rk00004,27,0.2609647771444114,1.257162987432089,5,Democracy
AD->FTD,o_max,xgb_tree_d3,m021003_o_max_ord24_rk00004,24,0.2609288974886198,1.0238995733215066,4,Democracy
AD->FTD,o_max,xgb_tree_d3,m024002_o_max_ord27_rk00003,27,0.2609028020864122,1.042344321483692,4,Democracy
AD->FTD,o_max,xgb_tree_d3,m016012_o_max_ord19_rk00013,19,0.2607581433853827,0.2974722489192896,2,Democracy
AD->FTD,o_max,xgb_tree_d3,m023016_o_max_ord26_rk00017,26,0.2606995488054269,0.969918434275037,4,Democracy
AD->FTD,o_max,xgb_tree_d3,m016014_o_max_ord19_rk00015,19,0.2606320533772728,0.2974722489192896,2,Democracy
AD->FTD,o_max,xgb_tree_d3,m022000_o_max_ord25_rk00001,25,0.2604252232947374,1.0954312795575998,4,Democracy
AD->FTD,o_max,xgb_tree_d3,m012002_o_max_ord15_rk00003,15,0.2600211443892274,-0.0,1,Democracy
AD->FTD,o_max,xgb_tree_d3,m023018_o_max_ord26_rk00019,26,0.2598520020557209,0.7441942138263227,3,Democracy
AD->FTD,o_max,xgb_tree_d3,m020012_o_max_ord23_rk00013,23,0.259848932078621,0.5131851787372753,3,Democracy
AD->FTD,o_max,xgb_tree_d3,m011009_o_max_ord14_rk00010,14,0.259724191095522,-0.0,1,Democracy
AD->FTD,o_max,xgb_tree_d3,m017015_o_max_ord20_rk00016,20,0.2596106975828481,0.5689955935892812,3,Democracy
AD->FTD,o_max,xgb_tree_d3,m016002_o_max_ord19_rk00003,19,0.2595481666059284,-0.0,1,Democracy
AD->FTD,o_max,xgb_tree_d3,m008012_o_max_ord11_rk00013,11,0.2595046919084707,-0.0,1,Democracy
AD->FTD,o_max,xgb_tree_d3,m015019_o_max_ord18_rk00020,18,0.2593753834170975,-0.0,1,Democracy
AD->FTD,o_max,xgb_tree_d3,m022014_o_max_ord25_rk00015,25,0.2593309964416623,1.106313713864835,5,Democracy
AD->FTD,o_max,xgb_tree_d3,m012006_o_max_ord15_rk00007,15,0.2593179733198283,-0.0,1,Democracy
AD->FTD,o_max,xgb_tree_d3,m024010_o_max_ord27_rk00011,27,0.2587077042636491,0.9451696091196164,4,Democracy
AD->FTD,o_max,xgb_tree_d3,m010008_o_max_ord13_rk00009,13,0.258676848942183,-0.0,1,Democracy
AD->FTD,o_max,xgb_tree_d3,m027016_o_max_ord30_rk00017,30,0.25859336245176,1.3699740752745007,6,Democracy
AD->FTD,o_max,xgb_tree_d3,m007015_o_max_ord10_rk00016,10,0.2585655164841486,-0.0,1,Democracy
AD->FTD,o_max,xgb_tree_d3,m024011_o_max_ord27_rk00012,27,0.258418046315588,0.824980257347893,3,Democracy
AD->FTD,o_max,xgb_tree_d3,m025016_o_max_ord28_rk00017,28,0.2580758314288472,0.9217544759335055,4,Democracy
AD->FTD,o_max,xgb_tree_d3,m025012_o_max_ord28_rk00013,28,0.2572916753988759,1.2274025692592483,5,Democracy
AD->FTD,o_max,xgb_tree_d3,m008013_o_max_ord11_rk00014,11,0.2572693543246386,-0.0,1,Democracy
AD->FTD,o_max,xgb_tree_d3,m012013_o_max_ord15_rk00014,15,0.2572603633777737,0.35335933502142136,2,Democracy
AD->FTD,o_max,xgb_tree_d3,m019018_o_max_ord22_rk00019,22,0.2571407583358944,0.266764987803026,2,Democracy
AD->FTD,o_max,xgb_tree_d3,m013007_o_max_ord16_rk00008,16,0.2570828621308225,0.3372900666170139,2,Democracy
AD->FTD,o_max,xgb_tree_d3,m011016_o_max_ord14_rk00017,14,0.2567104363868974,-0.0,1,Democracy
AD->FTD,o_max,xgb_tree_d3,m025006_o_max_ord28_rk00007,28,0.2566500522240172,1.0178015074140134,4,Democracy
AD->FTD,o_max,xgb_tree_d3,m005018_o_max_ord8_rk00019,8,0.256398452312897,-0.0,1,Democracy
AD->FTD,o_max,xgb_tree_d3,m023015_o_max_ord26_rk00016,26,0.2563527866358346,0.8501514254479945,4,Democracy
AD->FTD,o_max,xgb_tree_d3,m016006_o_max_ord19_rk00007,19,0.2558828281035288,-0.0,1,Democracy
AD->FTD,o_max,xgb_tree_d3,m024004_o_max_ord27_rk00005,27,0.2556926846967352,1.042344321483692,4,Democracy
AD->FTD,o_max,xgb_tree_d3,m015009_o_max_ord18_rk00010,18,0.255480789248065,-0.0,1,Democracy
AD->FTD,o_max,xgb_tree_d3,m026003_o_max_ord29_rk00004,29,0.2553496137873488,1.1991018361613466,5,Democracy
AD->FTD,o_max,xgb_tree_d3,m024009_o_max_ord27_rk00010,27,0.2551658160273234,1.042344321483692,4,Democracy
AD->FTD,o_max,xgb_tree_d3,m008018_o_max_ord11_rk00019,11,0.2546233285225607,-0.0,1,Democracy
AD->FTD,o_max,xgb_tree_d3,m009009_o_max_ord12_rk00010,12,0.25445035444843,-0.0,1,Democracy
AD->FTD,o_max,xgb_tree_d3,m009015_o_max_ord12_rk00016,12,0.2543011862468002,-0.0,1,Democracy
AD->FTD,o_max,xgb_tree_d3,m016004_o_max_ord19_rk00005,19,0.2541912798378264,0.2974722489192896,2,Democracy
AD->FTD,o_max,xgb_tree_d3,m027010_o_max_ord30_rk00011,30,0.2541434996472349,1.1721597626314755,5,Democracy
AD->FTD,o_max,xgb_tree_d3,m016018_o_max_ord19_rk00019,19,0.2540941388280283,0.2974722489192896,2,Democracy
AD->FTD,o_max,xgb_tree_d3,m019006_o_max_ord22_rk00007,22,0.2540171313487764,0.5304060778306042,3,Democracy
AD->FTD,o_max,xgb_tree_d3,m025002_o_max_ord28_rk00003,28,0.2538509355975042,1.1336983823367468,5,Democracy
AD->FTD,o_max,xgb_tree_d3,m015004_o_max_ord18_rk00005,18,0.2538451519147376,0.3095434291503252,2,Democracy
AD->FTD,o_max,xgb_tree_d3,m011018_o_max_ord14_rk00019,14,0.253751632888776,0.37123232664087563,2,Democracy
AD->FTD,o_max,xgb_tree_d3,m025004_o_max_ord28_rk00005,28,0.2536246986835786,1.2274025692592483,5,Democracy
AD->FTD,o_max,xgb_tree_d3,m013019_o_max_ord16_rk00020,16,0.253347832860854,-0.0,1,Democracy
AD->FTD,o_max,xgb_tree_d3,m017003_o_max_ord20_rk00004,20,0.2533212470086834,0.2863969571159562,2,Democracy
AD->FTD,o_max,xgb_tree_d3,m017012_o_max_ord20_rk00013,20,0.2531457301566733,0.2863969571159562,2,Democracy
AD->FTD,o_max,xgb_tree_d3,m023010_o_max_ord26_rk00011,26,0.2530019398236757,0.8451064151274781,3,Democracy
AD->FTD,o_max,xgb_tree_d3,m021009_o_max_ord24_rk00010,24,0.2527956931948067,1.0238995733215066,4,Democracy
AD->FTD,o_max,xgb_tree_d3,m007003_o_max_ord10_rk00004,10,0.2526927755413705,-0.0,1,Democracy
AD->FTD,o_max,xgb_tree_d3,m022008_o_max_ord25_rk00009,25,0.2524172861595942,0.7641140545540274,3,Democracy
AD->FTD,o_max,xgb_tree_d3,m008006_o_max_ord11_rk00007,11,0.2519936510655383,-0.0,1,Democracy
AD->FTD,o_max,xgb_tree_d3,m024015_o_max_ord27_rk00016,27,0.2518916102322731,0.824980257347893,3,Democracy
AD->FTD,o_max,xgb_tree_d3,m021008_o_max_ord24_rk00009,24,0.2518059812633478,0.6583514224564075,3,Democracy
AD->FTD,o_max,xgb_tree_d3,m009006_o_max_ord12_rk00007,12,0.2514123877746154,-0.0,1,Democracy
AD->FTD,o_max,xgb_tree_d3,m017005_o_max_ord20_rk00006,20,0.2512382585954488,-0.0,1,Democracy
AD->FTD,o_max,xgb_tree_d3,m022019_o_max_ord25_rk00020,25,0.2510822316163061,1.2252357794710609,5,Democracy
AD->FTD,o_max,xgb_tree_d3,m025003_o_max_ord28_rk00004,28,0.2508011807058532,1.2274025692592483,5,Democracy
AD->FTD,o_max,xgb_tree_d3,m008004_o_max_ord11_rk00005,11,0.2504741515897921,-0.0,1,Democracy
AD->FTD,o_max,xgb_tree_d3,m019011_o_max_ord22_rk00012,22,0.2499769862774683,0.266764987803026,2,Democracy
AD->FTD,o_max,xgb_tree_d3,m017006_o_max_ord20_rk00007,20,0.2499282594296427,0.2863969571159562,2,Democracy
AD->FTD,o_max,xgb_tree_d3,m023008_o_max_ord26_rk00009,26,0.2497872577769492,1.2884926890861643,5,Democracy
AD->FTD,o_max,xgb_tree_d3,m007012_o_max_ord10_rk00013,10,0.2494994871933054,-0.0,1,Democracy
AD->FTD,o_max,xgb_tree_d3,m026012_o_max_ord29_rk00013,29,0.2492879740292907,1.1991018361613466,5,Democracy
AD->FTD,o_max,xgb_tree_d3,m025019_o_max_ord28_rk00020,28,0.2486535065069678,1.1336983823367468,5,Democracy
AD->FTD,o_max,xgb_tree_d3,m020017_o_max_ord23_rk00018,23,0.2485261233755482,0.5131851787372753,3,Democracy
AD->FTD,o_max,xgb_tree_d3,m014001_o_max_ord17_rk00002,17,0.2483541146985982,-0.0,1,Democracy
AD->FTD,o_max,xgb_tree_d3,m008016_o_max_ord11_rk00017,11,0.2483157581443953,-0.0,1,Democracy
AD->FTD,o_max,xgb_tree_d3,m006000_o_max_ord9_rk00001,9,0.248175401194702,-0.0,1,Democracy
AD->FTD,o_max,xgb_tree_d3,m011002_o_max_ord14_rk00003,14,0.2481465667879723,-0.0,1,Democracy
AD->FTD,o_max,xgb_tree_d3,m015016_o_max_ord18_rk00017,18,0.2480666455741479,0.3095434291503252,2,Democracy
AD->FTD,o_max,xgb_tree_d3,m002012_o_max_ord5_rk00013,5,0.2478572225772901,-0.0,1,Democracy
AD->FTD,o_max,xgb_tree_d3,m001018_o_max_ord4_rk00019,4,0.2478418511920409,-0.0,1,Democracy
AD->FTD,o_max,xgb_tree_d3,m017017_o_max_ord20_rk00018,20,0.2476967193067893,0.2863969571159562,2,Democracy
AD->FTD,o_max,xgb_tree_d3,m010001_o_max_ord13_rk00002,13,0.2475327166093235,-0.0,1,Democracy
AD->FTD,o_max,xgb_tree_d3,m012017_o_max_ord15_rk00018,15,0.247393224366251,-0.0,1,Democracy
AD->FTD,o_max,xgb_tree_d3,m014014_o_max_ord17_rk00015,17,0.2471179792128213,0.3227569588973982,2,Democracy
AD->FTD,o_max,xgb_tree_d3,m001011_o_max_ord4_rk00012,4,0.2469645813058333,-0.0,1,Democracy
AD->FTD,o_max,xgb_tree_d3,m026016_o_max_ord29_rk00017,29,0.2469632651132062,0.9944663403237343,4,Democracy
AD->FTD,o_max,xgb_tree_d3,m013017_o_max_ord16_rk00018,16,0.2469362983023781,0.3372900666170139,2,Democracy
AD->FTD,o_max,xgb_tree_d3,m006006_o_max_ord9_rk00007,9,0.2464572148549179,-0.0,1,Democracy
AD->FTD,o_max,xgb_tree_d3,m009010_o_max_ord12_rk00011,12,0.2462893992520903,-0.0,1,Democracy
AD->FTD,o_max,xgb_tree_d3,m008011_o_max_ord11_rk00012,11,0.2462216898070853,-0.0,1,Democracy
AD->FTD,o_max,xgb_tree_d3,m023005_o_max_ord26_rk00006,26,0.2462163696833995,1.0681873374585056,4,Democracy
AD->FTD,o_max,xgb_tree_d3,m015014_o_max_ord18_rk00015,18,0.2458666317809461,0.3095434291503252,2,Democracy
AD->FTD,o_max,xgb_tree_d3,m021002_o_max_ord24_rk00003,24,0.2457652624760358,1.1241854163060885,4,Democracy
AD->FTD,o_max,xgb_tree_d3,m006014_o_max_ord9_rk00015,9,0.2457200084512676,-0.0,1,Democracy
AD->FTD,o_max,xgb_tree_d3,m025008_o_max_ord28_rk00009,28,0.2452616435734703,1.3432994441819814,6,Democracy
AD->FTD,o_max,xgb_tree_d3,m012015_o_max_ord15_rk00016,15,0.2451706981560433,-0.0,1,Democracy
AD->FTD,o_max,xgb_tree_d3,m015005_o_max_ord18_rk00006,18,0.2447827173255606,-0.0,1,Democracy
AD->FTD,o_max,xgb_tree_d3,m008015_o_max_ord11_rk00016,11,0.2447805476171454,-0.0,1,Democracy
AD->FTD,o_max,xgb_tree_d3,m020018_o_max_ord23_rk00019,23,0.2447419833071115,0.8076702057269436,3,Democracy
AD->FTD,o_max,xgb_tree_d3,m024016_o_max_ord27_rk00017,27,0.244590805492042,1.1625336732554155,5,Democracy
AD->FTD,o_max,xgb_tree_d3,m014011_o_max_ord17_rk00012,17,0.2441537451259178,-0.0,1,Democracy
AD->FTD,o_max,xgb_tree_d3,m020014_o_max_ord23_rk00015,23,0.2435469906552482,0.8076702057269436,3,Democracy
AD->FTD,o_max,xgb_tree_d3,m027012_o_max_ord30_rk00013,30,0.2433433824551619,1.4989350663300531,6,Democracy
AD->FTD,o_max,xgb_tree_d3,m021006_o_max_ord24_rk00007,24,0.2419612059474494,0.8886865525783176,3,Democracy
AD->FTD,o_max,xgb_tree_d3,m019019_o_max_ord22_rk00020,22,0.2418267536740667,0.266764987803026,2,Democracy
AD->FTD,o_max,xgb_tree_d3,m020010_o_max_ord23_rk00011,23,0.2416921145738553,0.5131851787372753,3,Democracy
AD->FTD,o_max,xgb_tree_d3,m026008_o_max_ord29_rk00009,29,0.2415827178765807,1.1991018361613466,5,Democracy
AD->FTD,o_max,xgb_tree_d3,m015007_o_max_ord18_rk00008,18,0.241489612967766,-0.0,1,Democracy
AD->FTD,o_max,xgb_tree_d3,m026004_o_max_ord29_rk00005,29,0.2413931333744676,1.2770049139968558,5,Democracy
AD->FTD,o_max,xgb_tree_d3,m011000_o_max_ord14_rk00001,14,0.2411463014844969,-0.0,1,Democracy
AD->FTD,o_max,xgb_tree_d3,m013010_o_max_ord16_rk00011,16,0.2410499701067538,-0.0,1,Democracy
AD->FTD,o_max,xgb_tree_d3,m005008_o_max_ord8_rk00009,8,0.2407835796044952,-0.0,1,Democracy
AD->FTD,o_max,xgb_tree_d3,m017002_o_max_ord20_rk00003,20,0.2407640130472426,-0.0,1,Democracy
AD->FTD,o_max,xgb_tree_d3,m010015_o_max_ord13_rk00016,13,0.2407069231620926,-0.0,1,Democracy
AD->FTD,o_max,xgb_tree_d3,m015013_o_max_ord18_rk00014,18,0.2399871055651032,0.3095434291503252,2,Democracy
AD->FTD,o_max,xgb_tree_d3,m026019_o_max_ord29_rk00020,29,0.2397601620530677,1.3110022671212271,6,Democracy
AD->FTD,o_max,xgb_tree_d3,m021011_o_max_ord24_rk00012,24,0.2393000172122315,0.7416847557897409,4,Democracy
AD->FTD,o_max,xgb_tree_d3,m006015_o_max_ord9_rk00016,9,0.2391144921361235,-0.0,1,Democracy
AD->FTD,o_max,xgb_tree_d3,m009008_o_max_ord12_rk00009,12,0.2390631443245955,-0.0,1,Democracy
AD->FTD,o_max,xgb_tree_d3,m016011_o_max_ord19_rk00012,19,0.2387378637609785,0.2974722489192896,2,Democracy
AD->FTD,o_max,xgb_tree_d3,m021016_o_max_ord24_rk00017,24,0.2387241336400101,0.6583514224564075,3,Democracy
AD->FTD,o_max,xgb_tree_d3,m020015_o_max_ord23_rk00016,23,0.2376068635680308,1.0534081504863568,4,Democracy
AD->FTD,o_max,xgb_tree_d3,m008002_o_max_ord11_rk00003,11,0.237098217528987,-0.0,1,Democracy
AD->FTD,o_max,xgb_tree_d3,m010016_o_max_ord13_rk00017,13,0.2369892733867137,-0.0,1,Democracy
AD->FTD,o_max,xgb_tree_d3,m027004_o_max_ord30_rk00005,30,0.2365408767375977,1.1721597626314755,5,Democracy
AD->FTD,o_max,xgb_tree_d3,m024019_o_max_ord27_rk00020,27,0.2364206951009716,0.908653933541588,3,Democracy
AD->FTD,o_max,xgb_tree_d3,m025001_o_max_ord28_rk00002,28,0.2361463736224653,1.2274025692592483,5,Democracy
AD->FTD,o_max,xgb_tree_d3,m014019_o_max_ord17_rk00020,17,0.2360884141584506,0.3227569588973982,2,Democracy
AD->FTD,o_max,xgb_tree_d3,m008001_o_max_ord11_rk00002,11,0.235555368011054,-0.0,1,Democracy
AD->FTD,o_max,xgb_tree_d3,m010002_o_max_ord13_rk00003,13,0.235525488369077,-0.0,1,Democracy
AD->FTD,o_max,xgb_tree_d3,m004019_o_max_ord7_rk00020,7,0.235433838473647,-0.0,1,Democracy
AD->FTD,o_max,xgb_tree_d3,m013016_o_max_ord16_rk00017,16,0.2354185087336605,-0.0,1,Democracy
AD->FTD,o_max,xgb_tree_d3,m022011_o_max_ord25_rk00012,25,0.2353446280698566,0.7641140545540274,3,Democracy
AD->FTD,o_max,xgb_tree_d3,m017008_o_max_ord20_rk00009,20,0.2351943314175032,0.2863969571159562,2,Democracy
AD->FTD,o_max,xgb_tree_d3,m011011_o_max_ord14_rk00012,14,0.2345441678113118,-0.0,1,Democracy
AD->FTD,o_max,xgb_tree_d3,m025010_o_max_ord28_rk00011,28,0.2344521291082829,1.0178015074140134,4,Democracy
AD->FTD,o_max,xgb_tree_d3,m007010_o_max_ord10_rk00011,10,0.2344032036082407,-0.0,1,Democracy
AD->FTD,o_max,xgb_tree_d3,m004013_o_max_ord7_rk00014,7,0.2341962186647319,-0.0,1,Democracy
AD->FTD,o_max,xgb_tree_d3,m010007_o_max_ord13_rk00008,13,0.2337443999809791,-0.0,1,Democracy
AD->FTD,o_max,xgb_tree_d3,m022012_o_max_ord25_rk00013,25,0.2334178538941019,1.32151018873626,5,Democracy
AD->FTD,o_max,xgb_tree_d3,m014009_o_max_ord17_rk00010,17,0.2332675822005792,-0.0,1,Democracy
AD->FTD,o_max,xgb_tree_d3,m014004_o_max_ord17_rk00005,17,0.2332673740777407,-0.0,1,Democracy
AD->FTD,o_max,xgb_tree_d3,m003008_o_max_ord6_rk00009,6,0.2332494757225032,-0.0,1,Democracy
AD->FTD,o_max,xgb_tree_d3,m002006_o_max_ord5_rk00007,5,0.2323306230772338,-0.0,1,Democracy
AD->FTD,o_max,xgb_tree_d3,m019012_o_max_ord22_rk00013,22,0.2318757633863987,0.266764987803026,2,Democracy
AD->FTD,o_max,xgb_tree_d3,m026007_o_max_ord29_rk00008,29,0.2317647203573593,1.1991018361613466,5,Democracy
AD->FTD,o_max,xgb_tree_d3,m026015_o_max_ord29_rk00016,29,0.2314415879095098,1.2770049139968558,5,Democracy
AD->FTD,o_max,xgb_tree_d3,m010011_o_max_ord13_rk00012,13,0.2304980740887484,-0.0,1,Democracy
AD->FTD,o_max,xgb_tree_d3,m003015_o_max_ord6_rk00016,6,0.2303654094089691,-0.0,1,Democracy
AD->FTD,o_max,xgb_tree_d3,m017007_o_max_ord20_rk00008,20,0.2297623897699616,0.2863969571159562,2,Democracy
AD->FTD,o_max,xgb_tree_d3,m011010_o_max_ord14_rk00011,14,0.2293316631420888,0.37123232664087563,2,Democracy
AD->FTD,o_max,xgb_tree_d3,m006012_o_max_ord9_rk00013,9,0.2287759385001808,-0.0,1,Democracy
AD->FTD,o_max,xgb_tree_d3,m011014_o_max_ord14_rk00015,14,0.228708773255311,0.37123232664087563,2,Democracy
AD->FTD,o_max,xgb_tree_d3,m013018_o_max_ord16_rk00019,16,0.2284031423395446,-0.0,1,Democracy
AD->FTD,o_max,xgb_tree_d3,m025014_o_max_ord28_rk00015,28,0.2280989711795212,1.3056334087653163,5,Democracy
AD->FTD,o_max,xgb_tree_d3,m021014_o_max_ord24_rk00015,24,0.2274163598914808,1.2593984370492772,5,Democracy
AD->FTD,o_max,xgb_tree_d3,m020003_o_max_ord23_rk00004,23,0.2272749987432836,0.9123163027543336,3,Democracy
AD->FTD,o_max,xgb_tree_d3,m026013_o_max_ord29_rk00014,29,0.2264888937473462,1.1991018361613466,5,Democracy
AD->FTD,o_max,xgb_tree_d3,m005010_o_max_ord8_rk00011,8,0.2253146994615662,-0.0,1,Democracy
AD->FTD,o_max,xgb_tree_d3,m026002_o_max_ord29_rk00003,29,0.2243237746046457,1.1991018361613466,5,Democracy
AD->FTD,o_max,xgb_tree_d3,m021013_o_max_ord24_rk00014,24,0.2236943245006415,0.785235442391543,3,Democracy
AD->FTD,o_max,xgb_tree_d3,m027001_o_max_ord30_rk00002,30,0.2235943744577684,1.1721597626314755,5,Democracy
AD->FTD,o_max,xgb_tree_d3,m009011_o_max_ord12_rk00012,12,0.2234020888324237,-0.0,1,Democracy
AD->FTD,o_max,xgb_tree_d3,m021018_o_max_ord24_rk00019,24,0.223327097352516,1.0238995733215066,4,Democracy
AD->FTD,o_max,xgb_tree_d3,m005006_o_max_ord8_rk00007,8,0.2230041758951244,-0.0,1,Democracy
AD->FTD,o_max,xgb_tree_d3,m006005_o_max_ord9_rk00006,9,0.22297377120548,-0.0,1,Democracy
AD->FTD,o_max,xgb_tree_d3,m025009_o_max_ord28_rk00010,28,0.2224248973167857,1.0178015074140134,4,Democracy
AD->FTD,o_max,xgb_tree_d3,m020011_o_max_ord23_rk00012,23,0.2223579443468334,0.6784070909375675,3,Democracy
AD->FTD,o_max,xgb_tree_d3,m010012_o_max_ord13_rk00013,13,0.2221822063785912,-0.0,1,Democracy
AD->FTD,o_max,xgb_tree_d3,m003004_o_max_ord6_rk00005,6,0.2219348788044387,-0.0,1,Democracy
AD->FTD,o_max,xgb_tree_d3,m014006_o_max_ord17_rk00007,17,0.2219187860077358,-0.0,1,Democracy
AD->FTD,o_max,xgb_tree_d3,m027019_o_max_ord30_rk00020,30,0.2217355610952712,1.080424344959478,5,Democracy
AD->FTD,o_max,xgb_tree_d3,m021001_o_max_ord24_rk00002,24,0.2211911816483869,0.8886865525783176,3,Democracy
AD->FTD,o_max,xgb_tree_d3,m027007_o_max_ord30_rk00008,30,0.2208818618148359,1.2496527261266068,5,Democracy
AD->FTD,o_max,xgb_tree_d3,m006019_o_max_ord9_rk00020,9,0.2198970896678052,-0.0,1,Democracy
AD->FTD,o_max,xgb_tree_d3,m027015_o_max_ord30_rk00016,30,0.2177195280754925,1.1721597626314755,5,Democracy
AD->FTD,o_max,xgb_tree_d3,m027017_o_max_ord30_rk00018,30,0.217553599915549,0.972253928364927,4,Democracy
AD->FTD,o_max,xgb_tree_d3,m010019_o_max_ord13_rk00020,13,0.2171006750116768,-0.0,1,Democracy
AD->FTD,o_max,xgb_tree_d3,m005013_o_max_ord8_rk00014,8,0.2157939261717639,-0.0,1,Democracy
AD->FTD,o_max,xgb_tree_d3,m021017_o_max_ord24_rk00018,24,0.214927746051331,1.3563429881688323,5,Democracy
AD->FTD,o_max,xgb_tree_d3,m026006_o_max_ord29_rk00007,29,0.21408910889583,1.3110022671212271,6,Democracy
AD->FTD,o_max,xgb_tree_d3,m004016_o_max_ord7_rk00017,7,0.2139679162727191,-0.0,1,Democracy
AD->FTD,o_max,xgb_tree_d3,m020005_o_max_ord23_rk00006,23,0.2134526167929479,1.1545676820893709,4,Democracy
AD->FTD,o_max,xgb_tree_d3,m027005_o_max_ord30_rk00006,30,0.2129774715819495,1.2803301792260264,6,Democracy
AD->FTD,o_max,xgb_tree_d3,m008017_o_max_ord11_rk00018,11,0.2122744034049717,0.4394969869215134,2,Democracy
AD->FTD,o_max,xgb_tree_d3,m027003_o_max_ord30_rk00004,30,0.2122061258307227,1.1721597626314755,5,Democracy
AD->FTD,o_max,xgb_tree_d3,m010010_o_max_ord13_rk00011,13,0.2109174379319436,-0.0,1,Democracy
AD->FTD,o_max,xgb_tree_d3,m005014_o_max_ord8_rk00015,8,0.2107617538819455,-0.0,1,Democracy
AD->FTD,o_max,xgb_tree_d3,m010005_o_max_ord13_rk00006,13,0.2103381842579289,-0.0,1,Democracy
AD->FTD,o_max,xgb_tree_d3,m027006_o_max_ord30_rk00007,30,0.2099646419825217,1.3699740752745007,6,Democracy
AD->FTD,o_max,xgb_tree_d3,m026011_o_max_ord29_rk00012,29,0.2095423788321117,1.3110022671212271,6,Democracy
AD->FTD,o_max,xgb_tree_d3,m011003_o_max_ord14_rk00004,14,0.2089534777462784,-0.0,1,Democracy
AD->FTD,o_max,xgb_tree_d3,m009003_o_max_ord12_rk00004,12,0.2079096184521348,-0.0,1,Democracy
AD->FTD,o_max,xgb_tree_d3,m005005_o_max_ord8_rk00006,8,0.2075587008425615,-0.0,1,Democracy
AD->FTD,o_max,xgb_tree_d3,m011017_o_max_ord14_rk00018,14,0.2074872609099218,-0.0,1,Democracy
AD->FTD,o_max,xgb_tree_d3,m005009_o_max_ord8_rk00010,8,0.2067058800459569,-0.0,1,Democracy
AD->FTD,o_max,xgb_tree_d3,m004012_o_max_ord7_rk00013,7,0.2054363787096018,-0.0,1,Democracy
AD->FTD,o_max,xgb_tree_d3,m027008_o_max_ord30_rk00009,30,0.2042101752795719,1.1721597626314755,5,Democracy
AD->FTD,o_max,xgb_tree_d3,m006011_o_max_ord9_rk00012,9,0.2032846753298466,-0.0,1,Democracy
AD->FTD,o_max,xgb_tree_d3,m011019_o_max_ord14_rk00020,14,0.2027447390435357,-0.0,1,Democracy
AD->FTD,o_max,xgb_tree_d3,m001008_o_max_ord4_rk00009,4,0.2026520960036197,-0.0,1,Democracy
AD->FTD,o_max,xgb_tree_d3,m005001_o_max_ord8_rk00002,8,0.202217143831481,-0.0,1,Democracy
AD->FTD,o_max,xgb_tree_d3,m008007_o_max_ord11_rk00008,11,0.2020757353490968,-0.0,1,Democracy
AD->FTD,o_max,xgb_tree_d3,m010014_o_max_ord13_rk00015,13,0.2005440220932479,-0.0,1,Democracy
AD->FTD,o_max,xgb_tree_d3,m011015_o_max_ord14_rk00016,14,0.1985849668714804,-0.0,1,Democracy
AD->FTD,o_max,xgb_tree_d3,m005002_o_max_ord8_rk00003,8,0.1976024086934612,-0.0,1,Democracy
AD->FTD,o_max,xgb_tree_d3,m004002_o_max_ord7_rk00003,7,0.1974553085127892,-0.0,1,Democracy
AD->FTD,o_max,xgb_tree_d3,m027013_o_max_ord30_rk00014,30,0.1966121481454329,1.3699740752745007,6,Democracy
AD->FTD,o_max,xgb_tree_d3,m020001_o_max_ord23_rk00002,23,0.1964009845016469,0.9123163027543336,3,Democracy
AD->FTD,o_max,xgb_tree_d3,m026009_o_max_ord29_rk00010,29,0.1961633254619887,1.401475275184332,6,Democracy
AD->FTD,o_max,xgb_tree_d3,m002004_o_max_ord5_rk00005,5,0.1960071893383527,-0.0,1,Democracy
AD->FTD,o_max,xgb_tree_d3,m000005_o_max_ord3_rk00006,3,0.1954875317704251,-0.0,1,Democracy
AD->FTD,o_max,xgb_tree_d3,m011007_o_max_ord14_rk00008,14,0.1939522171321539,-0.0,1,Democracy
AD->FTD,o_max,xgb_tree_d3,m027014_o_max_ord30_rk00015,30,0.1935657384808818,1.1721597626314755,5,Democracy
AD->FTD,o_max,xgb_tree_d3,m006002_o_max_ord9_rk00003,9,0.1923250657745657,-0.0,1,Democracy
AD->FTD,o_max,xgb_tree_d3,m008019_o_max_ord11_rk00020,11,0.1908355960854555,-0.0,1,Democracy
AD->FTD,o_max,xgb_tree_d3,m003006_o_max_ord6_rk00007,6,0.1906495856114464,-0.0,1,Democracy
AD->FTD,o_max,xgb_tree_d3,m006009_o_max_ord9_rk00010,9,0.1902735175817399,-0.0,1,Democracy
AD->FTD,o_max,xgb_tree_d3,m007007_o_max_ord10_rk00008,10,0.1900597275951846,-0.0,1,Democracy
AD->FTD,o_max,xgb_tree_d3,m004004_o_max_ord7_rk00005,7,0.1891613653120509,-0.0,1,Democracy
AD->FTD,o_max,xgb_tree_d3,m006017_o_max_ord9_rk00018,9,0.1889990396651276,-0.0,1,Democracy
AD->FTD,o_max,xgb_tree_d3,m027018_o_max_ord30_rk00019,30,0.1883398793456616,1.5656017329967198,7,Democracy
AD->FTD,o_max,xgb_tree_d3,m011004_o_max_ord14_rk00005,14,0.1874449252581799,-0.0,1,Democracy
AD->FTD,o_max,xgb_tree_d3,m027002_o_max_ord30_rk00003,30,0.1864954635152714,1.2496527261266068,5,Democracy
AD->FTD,o_max,xgb_tree_d3,m005016_o_max_ord8_rk00017,8,0.18631582320494,-0.0,1,Democracy
AD->FTD,o_max,xgb_tree_d3,m008003_o_max_ord11_rk00004,11,0.1855172081255934,-0.0,1,Democracy
AD->FTD,o_max,xgb_tree_d3,m000010_o_max_ord3_rk00011,3,0.1843954467025266,-0.0,1,Democracy
AD->FTD,o_max,xgb_tree_d3,m004015_o_max_ord7_rk00016,7,0.1842110458856272,-0.0,1,Democracy
AD->FTD,o_max,xgb_tree_d3,m004018_o_max_ord7_rk00019,7,0.1832962669049141,-0.0,1,Democracy
AD->FTD,o_max,xgb_tree_d3,m006003_o_max_ord9_rk00004,9,0.1820598135855846,-0.0,1,Democracy
AD->FTD,o_max,xgb_tree_d3,m004011_o_max_ord7_rk00012,7,0.1797361398711454,-0.0,1,Democracy
AD->FTD,o_max,xgb_tree_d3,m027009_o_max_ord30_rk00010,30,0.179529501215275,1.2496527261266068,5,Democracy
AD->FTD,o_max,xgb_tree_d3,m005017_o_max_ord8_rk00018,8,0.1780354956905462,-0.0,1,Democracy
AD->FTD,o_max,xgb_tree_d3,m008009_o_max_ord11_rk00010,11,0.1774732998959961,-0.0,1,Democracy
AD->FTD,o_max,xgb_tree_d3,m002014_o_max_ord5_rk00015,5,0.1770582219346238,-0.0,1,Democracy
AD->FTD,o_max,xgb_tree_d3,m027011_o_max_ord30_rk00012,30,0.176760140536639,1.3699740752745007,6,Democracy
AD->FTD,o_max,xgb_tree_d3,m006018_o_max_ord9_rk00019,9,0.1767069475614114,-0.0,1,Democracy
AD->FTD,o_max,xgb_tree_d3,m004007_o_max_ord7_rk00008,7,0.1753277465948144,-0.0,1,Democracy
AD->FTD,o_max,xgb_tree_d3,m007019_o_max_ord10_rk00020,10,0.1752640567176423,-0.0,1,Democracy
AD->FTD,o_max,xgb_tree_d3,m000016_o_max_ord3_rk00017,3,0.1744828308054219,-0.0,1,Democracy
AD->FTD,o_max,xgb_tree_d3,m000002_o_max_ord3_rk00003,3,0.1743943977935153,-0.0,1,Democracy
AD->FTD,o_max,xgb_tree_d3,m004006_o_max_ord7_rk00007,7,0.1742172113264841,-0.0,1,Democracy
AD->FTD,o_max,xgb_tree_d3,m000009_o_max_ord3_rk00010,3,0.1738966523214662,-0.0,1,Democracy
AD->FTD,o_max,xgb_tree_d3,m006010_o_max_ord9_rk00011,9,0.1722890722536247,-0.0,1,Democracy
AD->FTD,o_max,xgb_tree_d3,m001007_o_max_ord4_rk00008,4,0.1716324778921037,-0.0,1,Air Pollution
AD->FTD,o_max,xgb_tree_d3,m005000_o_max_ord8_rk00001,8,0.171408771749786,-0.0,1,Democracy
AD->FTD,o_max,xgb_tree_d3,m005015_o_max_ord8_rk00016,8,0.1695334975356333,-0.0,1,Democracy
AD->FTD,o_max,xgb_tree_d3,m003014_o_max_ord6_rk00015,6,0.1684478956072103,-0.0,1,Democracy
AD->FTD,o_max,xgb_tree_d3,m000018_o_max_ord3_rk00019,3,0.1656337111475204,-0.0,1,Democracy
AD->FTD,o_max,xgb_tree_d3,m001019_o_max_ord4_rk00020,4,0.1644592980024667,-0.0,1,Air Pollution
AD->FTD,o_max,xgb_tree_d3,m004003_o_max_ord7_rk00004,7,0.1594118890816145,-0.0,1,Democracy
AD->FTD,o_max,xgb_tree_d3,m000011_o_max_ord3_rk00012,3,0.1577660828206943,-0.0,1,Democracy
AD->FTD,o_max,xgb_tree_d3,m000001_o_max_ord3_rk00002,3,0.1573439725566214,-0.0,1,Air Pollution
AD->FTD,o_max,xgb_tree_d3,m005007_o_max_ord8_rk00008,8,0.1568841224958066,-0.0,1,Democracy
AD->FTD,o_max,xgb_tree_d3,m000004_o_max_ord3_rk00005,3,0.1553945604616884,-0.0,1,Democracy
AD->FTD,o_max,xgb_tree_d3,m002017_o_max_ord5_rk00018,5,0.1543343377907838,-0.0,1,Democracy
AD->FTD,o_max,xgb_tree_d3,m006013_o_max_ord9_rk00014,9,0.1528118081366031,-0.0,1,Democracy
AD->FTD,o_max,xgb_tree_d3,m000008_o_max_ord3_rk00009,3,0.1520670229488171,-0.0,1,Democracy
AD->FTD,o_max,xgb_tree_d3,m001006_o_max_ord4_rk00007,4,0.1516712541151386,-0.0,1,Democracy
AD->FTD,o_max,xgb_tree_d3,m007017_o_max_ord10_rk00018,10,0.1494705227153773,-0.0,1,Democracy
AD->FTD,o_max,xgb_tree_d3,m004000_o_max_ord7_rk00001,7,0.1482410081986717,-0.0,1,Democracy
AD->FTD,o_max,xgb_tree_d3,m002015_o_max_ord5_rk00016,5,0.148035020843805,-0.0,1,Democracy
AD->FTD,o_max,xgb_tree_d3,m011005_o_max_ord14_rk00006,14,0.1468472699112352,-0.0,1,Democracy
AD->FTD,o_max,xgb_tree_d3,m003002_o_max_ord6_rk00003,6,0.1466203263917862,-0.0,1,Democracy
AD->FTD,o_max,xgb_tree_d3,m004017_o_max_ord7_rk00018,7,0.1461824070336348,-0.0,1,Democracy
AD->FTD,o_max,xgb_tree_d3,m004009_o_max_ord7_rk00010,7,0.145559998775279,-0.0,1,Democracy
AD->FTD,o_max,xgb_tree_d3,m001009_o_max_ord4_rk00010,4,0.1443970535691482,-0.0,1,Democracy
AD->FTD,o_max,xgb_tree_d3,m004001_o_max_ord7_rk00002,7,0.1441707716288401,-0.0,1,Democracy
AD->FTD,o_max,xgb_tree_d3,m005019_o_max_ord8_rk00020,8,0.1439169853703907,-0.0,1,Democracy
AD->FTD,o_max,xgb_tree_d3,m000006_o_max_ord3_rk00007,3,0.1412226884159297,-0.0,1,Democracy
AD->FTD,o_max,xgb_tree_d3,m000017_o_max_ord3_rk00018,3,0.1404998010091218,-0.0,1,Democracy
AD->FTD,o_max,xgb_tree_d3,m000014_o_max_ord3_rk00015,3,0.1392374094939167,-0.0,1,Democracy
AD->FTD,o_max,xgb_tree_d3,m004014_o_max_ord7_rk00015,7,0.13885060874509,-0.0,1,Democracy
AD->FTD,o_max,xgb_tree_d3,m000007_o_max_ord3_rk00008,3,0.13815783092291,-0.0,1,Democracy
AD->FTD,o_max,xgb_tree_d3,m003017_o_max_ord6_rk00018,6,0.1377687589379389,-0.0,1,Democracy
AD->FTD,o_max,xgb_tree_d3,m003011_o_max_ord6_rk00012,6,0.1350930611601806,-0.0,1,Democracy
AD->FTD,o_max,xgb_tree_d3,m006008_o_max_ord9_rk00009,9,0.1346971586577978,-0.0,1,Democracy
AD->FTD,o_max,xgb_tree_d3,m002003_o_max_ord5_rk00004,5,0.1335909521825443,-0.0,1,Democracy
AD->FTD,o_max,xgb_tree_d3,m006001_o_max_ord9_rk00002,9,0.1317869558982296,-0.0,1,Democracy
AD->FTD,o_max,xgb_tree_d3,m001005_o_max_ord4_rk00006,4,0.1294040632201557,-0.0,1,Democracy
AD->FTD,o_max,xgb_tree_d3,m001000_o_max_ord4_rk00001,4,0.1283958921435791,-0.0,1,Democracy
AD->FTD,o_max,xgb_tree_d3,m000019_o_max_ord3_rk00020,3,0.1282822873335892,-0.0,1,Democracy
AD->FTD,o_max,xgb_tree_d3,m003010_o_max_ord6_rk00011,6,0.128236972756398,-0.0,1,Democracy
AD->FTD,o_max,xgb_tree_d3,m003003_o_max_ord6_rk00004,6,0.1273202913290462,-0.0,1,Democracy
AD->FTD,o_max,xgb_tree_d3,m000000_o_max_ord3_rk00001,3,0.1271372457403442,-0.0,1,Democracy
AD->FTD,o_max,xgb_tree_d3,m003013_o_max_ord6_rk00014,6,0.1268246400314222,-0.0,1,Democracy
AD->FTD,o_max,xgb_tree_d3,m001002_o_max_ord4_rk00003,4,0.12637906303035,-0.0,1,Democracy
AD->FTD,o_max,xgb_tree_d3,m005003_o_max_ord8_rk00004,8,0.1256847053588703,-0.0,1,Democracy
AD->FTD,o_max,xgb_tree_d3,m002001_o_max_ord5_rk00002,5,0.124077477871507,-0.0,1,Democracy
AD->FTD,o_max,xgb_tree_d3,m002010_o_max_ord5_rk00011,5,0.1225749147980707,-0.0,1,Democracy
AD->FTD,o_max,xgb_tree_d3,m004008_o_max_ord7_rk00009,7,0.1221309510729578,-0.0,1,Democracy
AD->FTD,o_max,xgb_tree_d3,m002007_o_max_ord5_rk00008,5,0.1217938761047712,-0.0,1,Democracy
AD->FTD,o_max,xgb_tree_d3,m001014_o_max_ord4_rk00015,4,0.1209423775964445,-0.0,1,Democracy
AD->FTD,o_max,xgb_tree_d3,m003016_o_max_ord6_rk00017,6,0.1197506304904602,-0.0,1,Democracy
AD->FTD,o_max,xgb_tree_d3,m002002_o_max_ord5_rk00003,5,0.119423235775486,-0.0,1,Democracy
AD->FTD,o_max,xgb_tree_d3,m004005_o_max_ord7_rk00006,7,0.1185351354111743,-0.0,1,Democracy
AD->FTD,o_max,xgb_tree_d3,m005004_o_max_ord8_rk00005,8,0.1183920169457759,-0.0,1,Democracy
AD->FTD,o_max,xgb_tree_d3,m001003_o_max_ord4_rk00004,4,0.1181962905429393,-0.0,1,Democracy
AD->FTD,o_max,xgb_tree_d3,m002000_o_max_ord5_rk00001,5,0.1173559795102864,-0.0,1,Democracy
AD->FTD,o_max,xgb_tree_d3,m005012_o_max_ord8_rk00013,8,0.1171459915188438,-0.0,1,Democracy
AD->FTD,o_max,xgb_tree_d3,m003007_o_max_ord6_rk00008,6,0.1167808072709578,-0.0,1,Democracy
AD->FTD,o_max,xgb_tree_d3,m001012_o_max_ord4_rk00013,4,0.1161448801833744,-0.0,1,Democracy
AD->FTD,o_max,xgb_tree_d3,m001004_o_max_ord4_rk00005,4,0.1154576291142613,-0.0,1,Democracy
AD->FTD,o_max,xgb_tree_d3,m001015_o_max_ord4_rk00016,4,0.1140711099186196,-0.0,1,Democracy
AD->FTD,o_max,xgb_tree_d3,m003009_o_max_ord6_rk00010,6,0.1139233946971923,-0.0,1,Democracy
AD->FTD,o_max,xgb_tree_d3,m001001_o_max_ord4_rk00002,4,0.1131508278142899,-0.0,1,Democracy
AD->FTD,o_max,xgb_tree_d3,m007018_o_max_ord10_rk00019,10,0.1104388192585036,-0.0,1,Democracy
AD->FTD,o_max,xgb_tree_d3,m002009_o_max_ord5_rk00010,5,0.1102686716916604,-0.0,1,Democracy
AD->FTD,o_max,xgb_tree_d3,m003005_o_max_ord6_rk00006,6,0.1094055165872595,-0.0,1,Democracy
AD->FTD,o_max,xgb_tree_d3,m006004_o_max_ord9_rk00005,9,0.1072494038255785,-0.0,1,Democracy
AD->FTD,o_max,xgb_tree_d3,m007016_o_max_ord10_rk00017,10,0.1067016187575691,-0.0,1,Democracy
AD->FTD,o_max,xgb_tree_d3,m001013_o_max_ord4_rk00014,4,0.1057917566992358,-0.0,1,Democracy
AD->FTD,o_max,xgb_tree_d3,m003018_o_max_ord6_rk00019,6,0.104926995697996,-0.0,1,Democracy
AD->FTD,o_max,xgb_tree_d3,m002018_o_max_ord5_rk00019,5,0.1037129750218676,-0.0,1,Democracy
AD->FTD,o_max,xgb_tree_d3,m007009_o_max_ord10_rk00010,10,0.1024250625271835,-0.0,1,Democracy
AD->FTD,o_max,xgb_tree_d3,m002008_o_max_ord5_rk00009,5,0.1017946190893267,-0.0,1,Democracy
AD->FTD,o_max,xgb_tree_d3,m000015_o_max_ord3_rk00016,3,0.1000126764372038,-0.0,1,Democracy
FTD->FTD,o_min,ols,m047524_o_min_ord3_rk00010,3,0.4642640077921476,0.9182958340544896,2,Democracy
FTD->FTD,o_min,ols,m047522_o_min_ord3_rk00008,3,0.4587494355806478,0.9182958340544896,2,Democracy
FTD->FTD,o_min,ols,m047530_o_min_ord3_rk00016,3,0.4486158934670795,0.9182958340544896,2,Democracy
FTD->FTD,o_min,ols,m048529_o_min_ord4_rk00015,4,0.4258961708021916,1.5,3,Air Pollution
FTD->FTD,o_min,ols,m051526_o_min_ord7_rk00012,7,0.42411945682725,1.8423709931771086,4,Democracy
FTD->FTD,o_min,ols,m051529_o_min_ord7_rk00015,7,0.4200399495487702,1.8423709931771086,4,Democracy
FTD->FTD,o_min,ols,m050533_o_min_ord6_rk00019,6,0.4178587222278922,1.9182958340544896,4,Precipitation/droughts
FTD->FTD,o_min,ols,m053526_o_min_ord9_rk00012,9,0.4178164135976833,2.197159723424149,5,Temperature
FTD->FTD,o_min,ols,m052516_o_min_ord8_rk00002,8,0.4167329842495313,2.25,5,Temperature
FTD->FTD,o_min,ols,m051515_o_min_ord7_rk00001,7,0.4154670703755231,2.2359263506290326,5,Precipitation/droughts
FTD->FTD,o_min,ols,m051521_o_min_ord7_rk00007,7,0.4136076454895686,2.2359263506290326,5,Precipitation/droughts
FTD->FTD,o_min,ols,m047525_o_min_ord3_rk00011,3,0.4121228714054538,0.9182958340544896,2,Temperature
FTD->FTD,o_min,ols,m047518_o_min_ord3_rk00004,3,0.4095501085445031,0.9182958340544896,2,Democracy
FTD->FTD,o_min,ols,m051518_o_min_ord7_rk00004,7,0.408050636931122,1.9502120649147465,4,Air Pollution
FTD->FTD,o_min,ols,m047516_o_min_ord3_rk00002,3,0.4075252431731869,0.9182958340544896,2,Democracy
FTD->FTD,o_min,ols,m051532_o_min_ord7_rk00018,7,0.3973047100198298,1.8423709931771086,4,Democracy
FTD->FTD,o_min,ols,m047527_o_min_ord3_rk00013,3,0.394948361809899,0.9182958340544896,2,Democracy
FTD->FTD,o_min,ols,m050525_o_min_ord6_rk00011,6,0.3948346145699315,1.4591479170272448,3,Democracy
FTD->FTD,o_min,ols,m051516_o_min_ord7_rk00002,7,0.3944556888528644,1.3787834934861753,3,Democracy
FTD->FTD,o_min,ols,m047521_o_min_ord3_rk00007,3,0.3920771895672551,0.9182958340544896,2,Democracy
FTD->FTD,o_min,ols,m051519_o_min_ord7_rk00005,7,0.3908407186967561,1.3787834934861753,3,Democracy
FTD->FTD,o_min,ols,m050515_o_min_ord6_rk00001,6,0.3908063911315073,1.4591479170272448,3,Democracy
FTD->FTD,o_min,ols,m048519_o_min_ord4_rk00005,4,0.387319895923744,1.5,3,Socioeconomic
FTD->FTD,o_min,ols,m051522_o_min_ord7_rk00008,7,0.3864650029991969,2.2359263506290326,5,Precipitation/droughts
FTD->FTD,o_min,ols,m051530_o_min_ord7_rk00016,7,0.3856699107254692,1.9502120649147465,4,Air Pollution
FTD->FTD,o_min,ols,m049528_o_min_ord5_rk00014,5,0.3822906444221733,1.5219280948873621,3,Precipitation/droughts
FTD->FTD,o_min,ols,m049515_o_min_ord5_rk00001,5,0.3791718620309546,1.5219280948873621,3,Precipitation/droughts
FTD->FTD,o_min,ols,m049532_o_min_ord5_rk00018,5,0.3784372086800824,1.5219280948873621,3,Air Pollution
FTD->FTD,o_min,ols,m049523_o_min_ord5_rk00009,5,0.3776156496815716,1.5219280948873621,3,Precipitation/droughts
FTD->FTD,o_min,ols,m050531_o_min_ord6_rk00017,6,0.3662364581718434,1.584962500721156,3,Air Pollution
FTD->FTD,o_min,ols,m052518_o_min_ord8_rk00004,8,0.3607410086578826,2.25,5,Temperature
FTD->FTD,o_min,ols,m048532_o_min_ord4_rk00018,4,0.3605717892893828,1.5,3,Temperature
FTD->FTD,o_min,ols,m052525_o_min_ord8_rk00011,8,0.3471657962501776,1.75,4,Democracy
FTD->FTD,o_min,ols,m048516_o_min_ord4_rk00002,4,0.3444039907928191,1.5,3,Air Pollution
FTD->FTD,o_min,ols,m047517_o_min_ord3_rk00003,3,0.3431689751683423,1.584962500721156,3,Air Pollution
FTD->FTD,o_min,ols,m052532_o_min_ord8_rk00018,8,0.3359902138040511,2.0,4,Air Pollution
FTD->FTD,o_min,ols,m050523_o_min_ord6_rk00009,6,0.3103296008305342,1.9182958340544896,4,Precipitation/droughts
FTD->FTD,o_min,ols,m048521_o_min_ord4_rk00007,4,0.3100329240674487,1.5,3,Air Pollution
FTD->FTD,o_min,ols,m049534_o_min_ord5_rk00020,5,0.3042496206296124,1.9219280948873623,4,Precipitation/droughts
FTD->FTD,o_min,ols,m053523_o_min_ord9_rk00009,9,0.3025859253841285,2.2810361125534238,5,Temperature
FTD->FTD,o_min,ols,m052521_o_min_ord8_rk00007,8,0.3017027182795698,1.9056390622295665,4,Socioeconomic
FTD->FTD,o_min,ols,m054517_o_min_ord10_rk00003,10,0.3005499128671918,2.170950594454669,5,Air Pollution
FTD->FTD,o_min,ols,m054522_o_min_ord10_rk00008,10,0.2979369555759189,2.7219280948873625,7,Temperature
FTD->FTD,o_min,ols,m050526_o_min_ord6_rk00012,6,0.2953513345477572,1.9182958340544896,4,Precipitation/droughts
FTD->FTD,o_min,ols,m052528_o_min_ord8_rk00014,8,0.2893746100818745,2.25,5,Precipitation/droughts
FTD->FTD,o_min,ols,m047523_o_min_ord3_rk00009,3,0.2819909954668032,1.584962500721156,3,Air Pollution
FTD->FTD,o_min,ols,m051533_o_min_ord7_rk00019,7,0.2767884889706881,1.8423709931771086,4,Democracy
FTD->FTD,o_min,ols,m047529_o_min_ord3_rk00015,3,0.2760914268358665,1.584962500721156,3,Air Pollution
FTD->FTD,o_min,ols,m050524_o_min_ord6_rk00010,6,0.2737926901867052,2.2516291673878226,5,Precipitation/droughts
FTD->FTD,o_min,ols,m051517_o_min_ord7_rk00003,7,0.2694233195061909,2.2359263506290326,5,Precipitation/droughts
FTD->FTD,o_min,ols,m053528_o_min_ord9_rk00014,9,0.2676015561422357,2.5032583347756456,6,Temperature
FTD->FTD,o_min,ols,m048531_o_min_ord4_rk00017,4,0.2653756910226523,1.5,3,Air Pollution
FTD->FTD,o_min,ols,m056529_o_min_ord12_rk00015,12,0.2647657464184704,2.688721875540867,7,Air Pollution
FTD->FTD,o_min,ols,m051534_o_min_ord7_rk00020,7,0.2618878414109519,2.5216406363433186,6,Precipitation/droughts
FTD->FTD,o_min,ols,m053524_o_min_ord9_rk00010,9,0.2600000279920219,2.197159723424149,5,Socioeconomic
FTD->FTD,o_min,ols,m052520_o_min_ord8_rk00006,8,0.259463785571848,2.25,5,Temperature
FTD->FTD,o_min,ols,m050516_o_min_ord6_rk00002,6,0.2567722864701103,1.9182958340544896,4,Air Pollution
FTD->FTD,o_min,ols,m055519_o_min_ord11_rk00005,11,0.2526717564057271,2.663532754804255,7,Air Pollution
FTD->FTD,o_min,ols,m050534_o_min_ord6_rk00020,6,0.2522647739536133,2.2516291673878226,5,Precipitation/droughts
FTD->FTD,o_min,ols,m052522_o_min_ord8_rk00008,8,0.246613658876251,2.25,5,Temperature
FTD->FTD,o_min,ols,m054526_o_min_ord10_rk00012,10,0.2439819152225205,2.4464393446710155,6,Air Pollution
FTD->FTD,o_min,ols,m055527_o_min_ord11_rk00013,11,0.2425710424707616,2.1180782093497093,5,Temperature
FTD->FTD,o_min,ols,m053534_o_min_ord9_rk00020,9,0.2397231917933908,2.197159723424149,5,Air Pollution
FTD->FTD,o_min,ols,m051531_o_min_ord7_rk00017,7,0.2371715350519116,1.5566567074628228,3,Democracy
FTD->FTD,o_min,ols,m055524_o_min_ord11_rk00010,11,0.2209153172438542,2.413088436425758,6,Temperature
FTD->FTD,o_min,ols,m050529_o_min_ord6_rk00015,6,0.219830390916721,1.9182958340544893,4,Air Pollution
FTD->FTD,o_min,ols,m048522_o_min_ord4_rk00008,4,0.2192504844714382,1.5,3,Air Pollution
FTD->FTD,o_min,ols,m055534_o_min_ord11_rk00020,11,0.2165027373686365,2.2998963911678914,6,Temperature
FTD->FTD,o_min,ols,m054523_o_min_ord10_rk00009,10,0.2029425838205332,2.4464393446710155,6,Temperature
FTD->FTD,o_min,ols,m050532_o_min_ord6_rk00018,6,0.2011612008219456,1.7924812503605778,4,Air Pollution
FTD->FTD,o_min,ols,m054531_o_min_ord10_rk00017,10,0.2011573464436634,2.2464393446710154,5,Socioeconomic
FTD->FTD,o_min,ols,m048534_o_min_ord4_rk00020,4,0.2011395602793665,1.5,3,Air Pollution
FTD->FTD,o_min,ols,m048530_o_min_ord4_rk00016,4,0.1976775031788082,2.0,4,Air Pollution
FTD->FTD,o_min,ols,m052517_o_min_ord8_rk00003,8,0.1822025283650917,2.1556390622295662,5,Socioeconomic
FTD->FTD,o_min,ols,m053533_o_min_ord9_rk00019,9,0.1764408476308856,2.1971597234241496,5,Socioeconomic
FTD->FTD,o_min,ols,m055518_o_min_ord11_rk00004,11,0.1763978324578595,2.663532754804255,7,Temperature
FTD->FTD,o_min,ols,m049531_o_min_ord5_rk00017,5,0.1762827689177858,1.9219280948873623,4,Precipitation/droughts
FTD->FTD,o_min,ols,m053522_o_min_ord9_rk00008,9,0.1685345853279729,2.5032583347756456,6,Temperature
FTD->FTD,o_min,ols,m053529_o_min_ord9_rk00015,9,0.1657707913314671,2.197159723424149,5,Socioeconomic
FTD->FTD,o_min,ols,m053527_o_min_ord9_rk00013,9,0.1618702864101048,2.197159723424149,5,Socioeconomic
FTD->FTD,o_min,ols,m049521_o_min_ord5_rk00007,5,0.1429712276174148,1.9219280948873623,4,Air Pollution
FTD->FTD,o_min,ols,m048518_o_min_ord4_rk00004,4,0.1331777992188212,1.5,3,Air Pollution
FTD->FTD,o_min,ols,m054515_o_min_ord10_rk00001,10,0.1239110347820897,2.7219280948873625,7,Air Pollution
FTD->FTD,o_min,ols,m048517_o_min_ord4_rk00003,4,0.1189599043889195,1.5,3,Air Pollution
FTD->FTD,o_min,ols,m053531_o_min_ord9_rk00017,9,0.1086736723030342,2.197159723424149,5,Air Pollution
FTD->FTD,o_min,ols,m054524_o_min_ord10_rk00010,10,0.1005040139612585,2.2464393446710154,5,Temperature
FTD->FTD,o_max,ols,m001011_o_max_ord4_rk00012,4,0.4583678047632427,-0.0,1,Democracy
FTD->FTD,o_max,ols,m003015_o_max_ord6_rk00016,6,0.4508826691877823,-0.0,1,Democracy
FTD->FTD,o_max,ols,m001015_o_max_ord4_rk00016,4,0.4446848689263007,-0.0,1,Democracy
FTD->FTD,o_max,ols,m000012_o_max_ord3_rk00013,3,0.443964467104315,-0.0,1,Democracy
FTD->FTD,o_max,ols,m000000_o_max_ord3_rk00001,3,0.4431999285867202,-0.0,1,Democracy
FTD->FTD,o_max,ols,m001009_o_max_ord4_rk00010,4,0.443158152162482,-0.0,1,Democracy
FTD->FTD,o_max,ols,m005010_o_max_ord8_rk00011,8,0.4430210608216897,-0.0,1,Democracy
FTD->FTD,o_max,ols,m001002_o_max_ord4_rk00003,4,0.4406870090778543,-0.0,1,Democracy
FTD->FTD,o_max,ols,m001018_o_max_ord4_rk00019,4,0.4361226011884338,-0.0,1,Democracy
FTD->FTD,o_max,ols,m002017_o_max_ord5_rk00018,5,0.4332807335498009,-0.0,1,Democracy
FTD->FTD,o_max,ols,m000017_o_max_ord3_rk00018,3,0.43210214594962,-0.0,1,Democracy
FTD->FTD,o_max,ols,m001001_o_max_ord4_rk00002,4,0.4292575954963062,-0.0,1,Democracy
FTD->FTD,o_max,ols,m002006_o_max_ord5_rk00007,5,0.428484298560379,-0.0,1,Democracy
FTD->FTD,o_max,ols,m003009_o_max_ord6_rk00010,6,0.428444383599983,-0.0,1,Democracy
FTD->FTD,o_max,ols,m001017_o_max_ord4_rk00018,4,0.4273477225836949,-0.0,1,Democracy
FTD->FTD,o_max,ols,m002015_o_max_ord5_rk00016,5,0.4263835858783081,-0.0,1,Democracy
FTD->FTD,o_max,ols,m002003_o_max_ord5_rk00004,5,0.4253527349143987,-0.0,1,Democracy
FTD->FTD,o_max,ols,m001004_o_max_ord4_rk00005,4,0.4252065485083407,-0.0,1,Democracy
FTD->FTD,o_max,ols,m004014_o_max_ord7_rk00015,7,0.424131792148343,-0.0,1,Democracy
FTD->FTD,o_max,ols,m003004_o_max_ord6_rk00005,6,0.4237351683385966,-0.0,1,Democracy
FTD->FTD,o_max,ols,m001013_o_max_ord4_rk00014,4,0.4237213762632192,-0.0,1,Democracy
FTD->FTD,o_max,ols,m003008_o_max_ord6_rk00009,6,0.4234124511840487,-0.0,1,Democracy
FTD->FTD,o_max,ols,m002012_o_max_ord5_rk00013,5,0.4227048453421725,-0.0,1,Democracy
FTD->FTD,o_max,ols,m004008_o_max_ord7_rk00009,7,0.4219446192543299,-0.0,1,Democracy
FTD->FTD,o_max,ols,m002011_o_max_ord5_rk00012,5,0.4212542206122187,-0.0,1,Democracy
FTD->FTD,o_max,ols,m001008_o_max_ord4_rk00009,4,0.4201331562562939,-0.0,1,Democracy
FTD->FTD,o_max,ols,m000006_o_max_ord3_rk00007,3,0.4194509738317029,-0.0,1,Democracy
FTD->FTD,o_max,ols,m004004_o_max_ord7_rk00005,7,0.4194339889535898,-0.0,1,Democracy
FTD->FTD,o_max,ols,m002019_o_max_ord5_rk00020,5,0.4193339803229315,-0.0,1,Democracy
FTD->FTD,o_max,ols,m000018_o_max_ord3_rk00019,3,0.4192255408131777,-0.0,1,Democracy
FTD->FTD,o_max,ols,m002000_o_max_ord5_rk00001,5,0.4180728465255765,-0.0,1,Democracy
FTD->FTD,o_max,ols,m000009_o_max_ord3_rk00010,3,0.4178559854459883,-0.0,1,Democracy
FTD->FTD,o_max,ols,m006012_o_max_ord9_rk00013,9,0.4168879580776311,-0.0,1,Democracy
FTD->FTD,o_max,ols,m000004_o_max_ord3_rk00005,3,0.4164212864244632,-0.0,1,Democracy
FTD->FTD,o_max,ols,m005004_o_max_ord8_rk00005,8,0.4159857039650096,-0.0,1,Democracy
FTD->FTD,o_max,ols,m003016_o_max_ord6_rk00017,6,0.4153826709386939,-0.0,1,Democracy
FTD->FTD,o_max,ols,m003001_o_max_ord6_rk00002,6,0.4152074166970477,-0.0,1,Democracy
FTD->FTD,o_max,ols,m000008_o_max_ord3_rk00009,3,0.4144285869375489,-0.0,1,Democracy
FTD->FTD,o_max,ols,m007008_o_max_ord10_rk00009,10,0.414354899129006,-0.0,1,Democracy
FTD->FTD,o_max,ols,m001000_o_max_ord4_rk00001,4,0.41395682341267,-0.0,1,Democracy
FTD->FTD,o_max,ols,m000011_o_max_ord3_rk00012,3,0.4137498775051644,-0.0,1,Democracy
FTD->FTD,o_max,ols,m003007_o_max_ord6_rk00008,6,0.4137032528134112,-0.0,1,Democracy
FTD->FTD,o_max,ols,m002013_o_max_ord5_rk00014,5,0.4127468530991722,-0.0,1,Democracy
FTD->FTD,o_max,ols,m003019_o_max_ord6_rk00020,6,0.4123239589727747,-0.0,1,Democracy
FTD->FTD,o_max,ols,m003000_o_max_ord6_rk00001,6,0.410392325741848,-0.0,1,Democracy
FTD->FTD,o_max,ols,m002002_o_max_ord5_rk00003,5,0.410133637607631,-0.0,1,Democracy
FTD->FTD,o_max,ols,m002008_o_max_ord5_rk00009,5,0.4099665294256823,-0.0,1,Democracy
FTD->FTD,o_max,ols,m001010_o_max_ord4_rk00011,4,0.4095957992934603,-0.0,1,Democracy
FTD->FTD,o_max,ols,m005014_o_max_ord8_rk00015,8,0.4082615399416521,-0.0,1,Democracy
FTD->FTD,o_max,ols,m004016_o_max_ord7_rk00017,7,0.4082411500906134,-0.0,1,Democracy
FTD->FTD,o_max,ols,m000014_o_max_ord3_rk00015,3,0.4079560005976482,-0.0,1,Democracy
FTD->FTD,o_max,ols,m003012_o_max_ord6_rk00013,6,0.4075984375997419,-0.0,1,Democracy
FTD->FTD,o_max,ols,m002001_o_max_ord5_rk00002,5,0.4074538415324475,-0.0,1,Democracy
FTD->FTD,o_max,ols,m000007_o_max_ord3_rk00008,3,0.4072364036636824,-0.0,1,Democracy
FTD->FTD,o_max,ols,m003002_o_max_ord6_rk00003,6,0.4060182703268206,-0.0,1,Democracy
FTD->FTD,o_max,ols,m006005_o_max_ord9_rk00006,9,0.405508580028929,-0.0,1,Democracy
FTD->FTD,o_max,ols,m004000_o_max_ord7_rk00001,7,0.4053409921224422,-0.0,1,Democracy
FTD->FTD,o_max,ols,m004007_o_max_ord7_rk00008,7,0.4050585683187446,-0.0,1,Democracy
FTD->FTD,o_max,ols,m004017_o_max_ord7_rk00018,7,0.404684841764679,-0.0,1,Democracy
FTD->FTD,o_max,ols,m007004_o_max_ord10_rk00005,10,0.4040799468649886,-0.0,1,Democracy
FTD->FTD,o_max,ols,m004010_o_max_ord7_rk00011,7,0.4038642251136455,-0.0,1,Democracy
FTD->FTD,o_max,ols,m000015_o_max_ord3_rk00016,3,0.4037053477299406,-0.0,1,Democracy
FTD->FTD,o_max,ols,m000019_o_max_ord3_rk00020,3,0.4026649080355408,-0.0,1,Democracy
FTD->FTD,o_max,ols,m003005_o_max_ord6_rk00006,6,0.4019522937251806,-0.0,1,Democracy
FTD->FTD,o_max,ols,m003003_o_max_ord6_rk00004,6,0.4019260107387223,-0.0,1,Democracy
FTD->FTD,o_max,ols,m004006_o_max_ord7_rk00007,7,0.4003746715727546,-0.0,1,Democracy
FTD->FTD,o_max,ols,m004009_o_max_ord7_rk00010,7,0.4002736582536118,-0.0,1,Democracy
FTD->FTD,o_max,ols,m009019_o_max_ord12_rk00020,12,0.3998783863715281,-0.0,1,Democracy
FTD->FTD,o_max,ols,m004001_o_max_ord7_rk00002,7,0.3987724928707056,-0.0,1,Democracy
FTD->FTD,o_max,ols,m005018_o_max_ord8_rk00019,8,0.3987573867853123,-0.0,1,Democracy
FTD->FTD,o_max,ols,m004002_o_max_ord7_rk00003,7,0.3980789443201155,-0.0,1,Democracy
FTD->FTD,o_max,ols,m002007_o_max_ord5_rk00008,5,0.3979848604440493,-0.0,1,Democracy
FTD->FTD,o_max,ols,m002010_o_max_ord5_rk00011,5,0.3962329631680902,-0.0,1,Democracy
FTD->FTD,o_max,ols,m004013_o_max_ord7_rk00014,7,0.3946515076193625,-0.0,1,Democracy
FTD->FTD,o_max,ols,m004019_o_max_ord7_rk00020,7,0.39394557388039,-0.0,1,Democracy
FTD->FTD,o_max,ols,m012016_o_max_ord15_rk00017,15,0.3938607440875574,0.35335933502142136,2,Democracy
FTD->FTD,o_max,ols,m005001_o_max_ord8_rk00002,8,0.3930715794934485,-0.0,1,Democracy
FTD->FTD,o_max,ols,m003011_o_max_ord6_rk00012,6,0.3925369491198617,-0.0,1,Democracy
FTD->FTD,o_max,ols,m004005_o_max_ord7_rk00006,7,0.3923858109772034,-0.0,1,Democracy
FTD->FTD,o_max,ols,m003018_o_max_ord6_rk00019,6,0.3909277175960578,-0.0,1,Democracy
FTD->FTD,o_max,ols,m003010_o_max_ord6_rk00011,6,0.3904384725783913,-0.0,1,Democracy
FTD->FTD,o_max,ols,m008014_o_max_ord11_rk00015,11,0.3900640277526098,-0.0,1,Democracy
FTD->FTD,o_max,ols,m000010_o_max_ord3_rk00011,3,0.3892637881410429,-0.0,1,Democracy
FTD->FTD,o_max,ols,m004012_o_max_ord7_rk00013,7,0.388886050360545,-0.0,1,Democracy
FTD->FTD,o_max,ols,m003017_o_max_ord6_rk00018,6,0.3883899939516259,-0.0,1,Democracy
FTD->FTD,o_max,ols,m005003_o_max_ord8_rk00004,8,0.3882162118605522,-0.0,1,Democracy
FTD->FTD,o_max,ols,m009007_o_max_ord12_rk00008,12,0.3872130351010435,-0.0,1,Democracy
FTD->FTD,o_max,ols,m005016_o_max_ord8_rk00017,8,0.3862572649368744,-0.0,1,Democracy
FTD->FTD,o_max,ols,m005012_o_max_ord8_rk00013,8,0.3861605812659495,-0.0,1,Democracy
FTD->FTD,o_max,ols,m002004_o_max_ord5_rk00005,5,0.3860472135305,-0.0,1,Democracy
FTD->FTD,o_max,ols,m005006_o_max_ord8_rk00007,8,0.3850089428608189,-0.0,1,Democracy
FTD->FTD,o_max,ols,m006006_o_max_ord9_rk00007,9,0.3826822032103342,-0.0,1,Democracy
FTD->FTD,o_max,ols,m003006_o_max_ord6_rk00007,6,0.3813210626160918,-0.0,1,Democracy
FTD->FTD,o_max,ols,m000003_o_max_ord3_rk00004,3,0.3798920575430732,-0.0,1,Democracy
FTD->FTD,o_max,ols,m004003_o_max_ord7_rk00004,7,0.3798862303522607,-0.0,1,Democracy
FTD->FTD,o_max,ols,m006002_o_max_ord9_rk00003,9,0.3794479483202571,-0.0,1,Democracy
FTD->FTD,o_max,ols,m005019_o_max_ord8_rk00020,8,0.3779392055593285,-0.0,1,Democracy
FTD->FTD,o_max,ols,m008010_o_max_ord11_rk00011,11,0.3776843326019697,-0.0,1,Democracy
FTD->FTD,o_max,ols,m000013_o_max_ord3_rk00014,3,0.3776695035323565,-0.0,1,Democracy
FTD->FTD,o_max,ols,m004015_o_max_ord7_rk00016,7,0.3775177521656857,-0.0,1,Democracy
FTD->FTD,o_max,ols,m004018_o_max_ord7_rk00019,7,0.3769526113409529,-0.0,1,Democracy
FTD->FTD,o_max,ols,m005013_o_max_ord8_rk00014,8,0.3751365263659643,-0.0,1,Democracy
FTD->FTD,o_max,ols,m007013_o_max_ord10_rk00014,10,0.3748173708410419,-0.0,1,Democracy
FTD->FTD,o_max,ols,m005009_o_max_ord8_rk00010,8,0.3744958169220501,-0.0,1,Democracy
FTD->FTD,o_max,ols,m008007_o_max_ord11_rk00008,11,0.3740342851934072,-0.0,1,Democracy
FTD->FTD,o_max,ols,m000002_o_max_ord3_rk00003,3,0.3732143597225483,-0.0,1,Democracy
FTD->FTD,o_max,ols,m008006_o_max_ord11_rk00007,11,0.372981409689584,-0.0,1,Democracy
FTD->FTD,o_max,ols,m000016_o_max_ord3_rk00017,3,0.3727172629275035,-0.0,1,Democracy
FTD->FTD,o_max,ols,m010012_o_max_ord13_rk00013,13,0.3724362629374841,-0.0,1,Democracy
FTD->FTD,o_max,ols,m000005_o_max_ord3_rk00006,3,0.3723241276290637,-0.0,1,Democracy
FTD->FTD,o_max,ols,m005015_o_max_ord8_rk00016,8,0.372056041641029,-0.0,1,Democracy
FTD->FTD,o_max,ols,m001016_o_max_ord4_rk00017,4,0.3719823310968638,-0.0,1,Democracy
FTD->FTD,o_max,ols,m010018_o_max_ord13_rk00019,13,0.3702468055864143,-0.0,1,Democracy
FTD->FTD,o_max,ols,m001006_o_max_ord4_rk00007,4,0.3696791972908771,-0.0,1,Democracy
FTD->FTD,o_max,ols,m001005_o_max_ord4_rk00006,4,0.3695103014865143,-0.0,1,Democracy
FTD->FTD,o_max,ols,m002014_o_max_ord5_rk00015,5,0.3693680004978955,-0.0,1,Democracy
FTD->FTD,o_max,ols,m006004_o_max_ord9_rk00005,9,0.3673381816022263,-0.0,1,Democracy
FTD->FTD,o_max,ols,m005002_o_max_ord8_rk00003,8,0.3666916216606858,-0.0,1,Democracy
FTD->FTD,o_max,ols,m006015_o_max_ord9_rk00016,9,0.3665218894572356,-0.0,1,Democracy
FTD->FTD,o_max,ols,m005000_o_max_ord8_rk00001,8,0.3656890587708385,-0.0,1,Democracy
FTD->FTD,o_max,ols,m005011_o_max_ord8_rk00012,8,0.3650069904188989,-0.0,1,Democracy
FTD->FTD,o_max,ols,m006007_o_max_ord9_rk00008,9,0.3638371522694235,-0.0,1,Democracy
FTD->FTD,o_max,ols,m007001_o_max_ord10_rk00002,10,0.3622195729224333,-0.0,1,Democracy
FTD->FTD,o_max,ols,m006000_o_max_ord9_rk00001,9,0.3616968086567474,-0.0,1,Democracy
FTD->FTD,o_max,ols,m002018_o_max_ord5_rk00019,5,0.3613495066975154,-0.0,1,Democracy
FTD->FTD,o_max,ols,m008018_o_max_ord11_rk00019,11,0.3612798019351847,-0.0,1,Democracy
FTD->FTD,o_max,ols,m006017_o_max_ord9_rk00018,9,0.3607147190977413,-0.0,1,Democracy
FTD->FTD,o_max,ols,m006014_o_max_ord9_rk00015,9,0.3606937168393624,-0.0,1,Democracy
FTD->FTD,o_max,ols,m006009_o_max_ord9_rk00010,9,0.3603884227401654,-0.0,1,Democracy
FTD->FTD,o_max,ols,m008015_o_max_ord11_rk00016,11,0.3601341370821073,-0.0,1,Democracy
FTD->FTD,o_max,ols,m001012_o_max_ord4_rk00013,4,0.3599823959934449,-0.0,1,Democracy
FTD->FTD,o_max,ols,m008001_o_max_ord11_rk00002,11,0.3591818446794191,-0.0,1,Democracy
FTD->FTD,o_max,ols,m009013_o_max_ord12_rk00014,12,0.357882810585353,-0.0,1,Democracy
FTD->FTD,o_max,ols,m007002_o_max_ord10_rk00003,10,0.3572824244658006,-0.0,1,Democracy
FTD->FTD,o_max,ols,m003014_o_max_ord6_rk00015,6,0.3569348911912527,-0.0,1,Democracy
FTD->FTD,o_max,ols,m001003_o_max_ord4_rk00004,4,0.3569015846912262,-0.0,1,Democracy
FTD->FTD,o_max,ols,m001014_o_max_ord4_rk00015,4,0.3568125835854759,-0.0,1,Democracy
FTD->FTD,o_max,ols,m009006_o_max_ord12_rk00007,12,0.3550366420526747,-0.0,1,Democracy
FTD->FTD,o_max,ols,m006011_o_max_ord9_rk00012,9,0.354924625483503,-0.0,1,Democracy
FTD->FTD,o_max,ols,m005017_o_max_ord8_rk00018,8,0.3536541952469142,-0.0,1,Democracy
FTD->FTD,o_max,ols,m002005_o_max_ord5_rk00006,5,0.3528834548428773,-0.0,1,Democracy
FTD->FTD,o_max,ols,m007005_o_max_ord10_rk00006,10,0.3510203143728685,-0.0,1,Democracy
FTD->FTD,o_max,ols,m002009_o_max_ord5_rk00010,5,0.3507456460225087,-0.0,1,Democracy
FTD->FTD,o_max,ols,m009016_o_max_ord12_rk00017,12,0.3500249386690289,-0.0,1,Democracy
FTD->FTD,o_max,ols,m008013_o_max_ord11_rk00014,11,0.3496480980944941,-0.0,1,Democracy
FTD->FTD,o_max,ols,m008005_o_max_ord11_rk00006,11,0.3492158365299892,-0.0,1,Democracy
FTD->FTD,o_max,ols,m007003_o_max_ord10_rk00004,10,0.3477102066770622,-0.0,1,Democracy
FTD->FTD,o_max,ols,m006010_o_max_ord9_rk00011,9,0.3477031194299876,-0.0,1,Democracy
FTD->FTD,o_max,ols,m006008_o_max_ord9_rk00009,9,0.3464024460876291,-0.0,1,Democracy
FTD->FTD,o_max,ols,m005005_o_max_ord8_rk00006,8,0.34597218353485,-0.0,1,Democracy
FTD->FTD,o_max,ols,m010003_o_max_ord13_rk00004,13,0.3459200366300845,-0.0,1,Democracy
FTD->FTD,o_max,ols,m002016_o_max_ord5_rk00017,5,0.3452571174571429,-0.0,1,Democracy
FTD->FTD,o_max,ols,m007009_o_max_ord10_rk00010,10,0.3445397809103143,-0.0,1,Democracy
FTD->FTD,o_max,ols,m003013_o_max_ord6_rk00014,6,0.3429112562362435,-0.0,1,Democracy
FTD->FTD,o_max,ols,m009018_o_max_ord12_rk00019,12,0.3425816586150955,-0.0,1,Democracy
FTD->FTD,o_max,ols,m009000_o_max_ord12_rk00001,12,0.3425418195007276,-0.0,1,Democracy
FTD->FTD,o_max,ols,m011008_o_max_ord14_rk00009,14,0.3410097802907162,-0.0,1,Democracy
FTD->FTD,o_max,ols,m009015_o_max_ord12_rk00016,12,0.340525436389534,-0.0,1,Democracy
FTD->FTD,o_max,ols,m008012_o_max_ord11_rk00013,11,0.3397767686643198,-0.0,1,Democracy
FTD->FTD,o_max,ols,m007012_o_max_ord10_rk00013,10,0.3396462699605331,-0.0,1,Democracy
FTD->FTD,o_max,ols,m005007_o_max_ord8_rk00008,8,0.3373123337010409,-0.0,1,Democracy
FTD->FTD,o_max,ols,m010013_o_max_ord13_rk00014,13,0.3332809739288789,-0.0,1,Democracy
FTD->FTD,o_max,ols,m006019_o_max_ord9_rk00020,9,0.331589875928972,-0.0,1,Democracy
FTD->FTD,o_max,ols,m005008_o_max_ord8_rk00009,8,0.3305604155805115,-0.0,1,Democracy
FTD->FTD,o_max,ols,m009004_o_max_ord12_rk00005,12,0.3294310848062943,-0.0,1,Democracy
FTD->FTD,o_max,ols,m008009_o_max_ord11_rk00010,11,0.3291936751798735,-0.0,1,Democracy
FTD->FTD,o_max,ols,m008019_o_max_ord11_rk00020,11,0.3280180937684128,-0.0,1,Democracy
FTD->FTD,o_max,ols,m012012_o_max_ord15_rk00013,15,0.327189012607219,-0.0,1,Democracy
FTD->FTD,o_max,ols,m009014_o_max_ord12_rk00015,12,0.3269950186677055,-0.0,1,Democracy
FTD->FTD,o_max,ols,m006001_o_max_ord9_rk00002,9,0.3253618325187493,-0.0,1,Democracy
FTD->FTD,o_max,ols,m008000_o_max_ord11_rk00001,11,0.3232110977896343,-0.0,1,Democracy
FTD->FTD,o_max,ols,m009012_o_max_ord12_rk00013,12,0.3222341255344135,-0.0,1,Democracy
FTD->FTD,o_max,ols,m010010_o_max_ord13_rk00011,13,0.3210471777384543,-0.0,1,Democracy
FTD->FTD,o_max,ols,m008008_o_max_ord11_rk00009,11,0.3207997000793505,-0.0,1,Democracy
FTD->FTD,o_max,ols,m010008_o_max_ord13_rk00009,13,0.317576223402337,-0.0,1,Democracy
FTD->FTD,o_max,ols,m008011_o_max_ord11_rk00012,11,0.3173309415440103,-0.0,1,Democracy
FTD->FTD,o_max,ols,m007000_o_max_ord10_rk00001,10,0.3169316406445098,-0.0,1,Democracy
FTD->FTD,o_max,ols,m011013_o_max_ord14_rk00014,14,0.3152044944656937,-0.0,1,Democracy
FTD->FTD,o_max,ols,m007010_o_max_ord10_rk00011,10,0.3149238131495763,-0.0,1,Democracy
FTD->FTD,o_max,ols,m010017_o_max_ord13_rk00018,13,0.3134032696385354,-0.0,1,Democracy
FTD->FTD,o_max,ols,m009005_o_max_ord12_rk00006,12,0.3129447039590144,-0.0,1,Democracy
FTD->FTD,o_max,ols,m012010_o_max_ord15_rk00011,15,0.3110181684132904,-0.0,1,Democracy
FTD->FTD,o_max,ols,m006003_o_max_ord9_rk00004,9,0.3101058282286084,-0.0,1,Democracy
FTD->FTD,o_max,ols,m006018_o_max_ord9_rk00019,9,0.3082714655434065,-0.0,1,Democracy
FTD->FTD,o_max,ols,m013012_o_max_ord16_rk00013,16,0.3075793758018408,-0.0,1,Democracy
FTD->FTD,o_max,ols,m007019_o_max_ord10_rk00020,10,0.3071596263239309,-0.0,1,Democracy
FTD->FTD,o_max,ols,m007006_o_max_ord10_rk00007,10,0.3069592452165134,-0.0,1,Democracy
FTD->FTD,o_max,ols,m008004_o_max_ord11_rk00005,11,0.3059957205480506,-0.0,1,Democracy
FTD->FTD,o_max,ols,m011016_o_max_ord14_rk00017,14,0.3043291793222374,-0.0,1,Democracy
FTD->FTD,o_max,ols,m009002_o_max_ord12_rk00003,12,0.3033796611325651,-0.0,1,Democracy
FTD->FTD,o_max,ols,m007018_o_max_ord10_rk00019,10,0.3021586457244876,-0.0,1,Democracy
FTD->FTD,o_max,ols,m012014_o_max_ord15_rk00015,15,0.2990546697543059,-0.0,1,Democracy
FTD->FTD,o_max,ols,m010011_o_max_ord13_rk00012,13,0.2990108040280103,-0.0,1,Democracy
FTD->FTD,o_max,ols,m006013_o_max_ord9_rk00014,9,0.2955833719407773,-0.0,1,Democracy
FTD->FTD,o_max,ols,m010016_o_max_ord13_rk00017,13,0.2948705687466559,-0.0,1,Democracy
FTD->FTD,o_max,ols,m014012_o_max_ord17_rk00013,17,0.2939135246350718,-0.0,1,Democracy
FTD->FTD,o_max,ols,m010007_o_max_ord13_rk00008,13,0.2888873651134764,-0.0,1,Democracy
FTD->FTD,o_max,ols,m004011_o_max_ord7_rk00012,7,0.2880006379554845,-0.0,1,Democracy
FTD->FTD,o_max,ols,m007017_o_max_ord10_rk00018,10,0.2867407277430532,-0.0,1,Democracy
FTD->FTD,o_max,ols,m011005_o_max_ord14_rk00006,14,0.2859048548319448,-0.0,1,Democracy
FTD->FTD,o_max,ols,m007015_o_max_ord10_rk00016,10,0.2858759028134982,-0.0,1,Democracy
FTD->FTD,o_max,ols,m011001_o_max_ord14_rk00002,14,0.2838807885437117,-0.0,1,Democracy
FTD->FTD,o_max,ols,m009001_o_max_ord12_rk00002,12,0.2822689727635149,-0.0,1,Democracy
FTD->FTD,o_max,ols,m010006_o_max_ord13_rk00007,13,0.2820864760538295,-0.0,1,Democracy
FTD->FTD,o_max,ols,m010000_o_max_ord13_rk00001,13,0.2811096345792309,-0.0,1,Democracy
FTD->FTD,o_max,ols,m011003_o_max_ord14_rk00004,14,0.2786779090068069,-0.0,1,Democracy
FTD->FTD,o_max,ols,m000001_o_max_ord3_rk00002,3,0.2775838167459661,-0.0,1,Air Pollution
FTD->FTD,o_max,ols,m007014_o_max_ord10_rk00015,10,0.2756909501086542,0.4689955935892812,2,Democracy
FTD->FTD,o_max,ols,m010001_o_max_ord13_rk00002,13,0.2728126404525099,-0.0,1,Democracy
FTD->FTD,o_max,ols,m006016_o_max_ord9_rk00017,9,0.270115663194111,-0.0,1,Democracy
FTD->FTD,o_max,ols,m012018_o_max_ord15_rk00019,15,0.2687832862377595,-0.0,1,Democracy
FTD->FTD,o_max,ols,m013001_o_max_ord16_rk00002,16,0.2687074929948537,-0.0,1,Democracy
FTD->FTD,o_max,ols,m008002_o_max_ord11_rk00003,11,0.268167185882187,-0.0,1,Democracy
FTD->FTD,o_max,ols,m009008_o_max_ord12_rk00009,12,0.2673037198081841,-0.0,1,Democracy
FTD->FTD,o_max,ols,m007016_o_max_ord10_rk00017,10,0.2645571316805466,-0.0,1,Democracy
FTD->FTD,o_max,ols,m011006_o_max_ord14_rk00007,14,0.2592497827997637,-0.0,1,Democracy
FTD->FTD,o_max,ols,m010004_o_max_ord13_rk00005,13,0.2553323959695642,-0.0,1,Democracy
FTD->FTD,o_max,ols,m013005_o_max_ord16_rk00006,16,0.2530798087517112,-0.0,1,Democracy
FTD->FTD,o_max,ols,m012004_o_max_ord15_rk00005,15,0.2530774063064125,-0.0,1,Democracy
FTD->FTD,o_max,ols,m013008_o_max_ord16_rk00009,16,0.2524873713979892,-0.0,1,Democracy
FTD->FTD,o_max,ols,m009010_o_max_ord12_rk00011,12,0.2516289343179995,-0.0,1,Democracy
FTD->FTD,o_max,ols,m011018_o_max_ord14_rk00019,14,0.2472631061600753,0.37123232664087563,2,Democracy
FTD->FTD,o_max,ols,m012002_o_max_ord15_rk00003,15,0.2428109392917088,-0.0,1,Democracy
FTD->FTD,o_max,ols,m008003_o_max_ord11_rk00004,11,0.2422197507047137,-0.0,1,Democracy
FTD->FTD,o_max,ols,m007007_o_max_ord10_rk00008,10,0.2421056516683595,-0.0,1,Democracy
FTD->FTD,o_max,ols,m013013_o_max_ord16_rk00014,16,0.240475098998773,-0.0,1,Democracy
FTD->FTD,o_max,ols,m009003_o_max_ord12_rk00004,12,0.2377455740696592,-0.0,1,Democracy
FTD->FTD,o_max,ols,m011002_o_max_ord14_rk00003,14,0.2355149704214035,-0.0,1,Democracy
FTD->FTD,o_max,ols,m010015_o_max_ord13_rk00016,13,0.23492662294531,-0.0,1,Democracy
FTD->FTD,o_max,ols,m010019_o_max_ord13_rk00020,13,0.2284850604655118,-0.0,1,Democracy
FTD->FTD,o_max,ols,m009011_o_max_ord12_rk00012,12,0.2233526304699797,-0.0,1,Democracy
FTD->FTD,o_max,ols,m011012_o_max_ord14_rk00013,14,0.2232388343322657,-0.0,1,Democracy
FTD->FTD,o_max,ols,m010005_o_max_ord13_rk00006,13,0.2226083281153592,-0.0,1,Democracy
FTD->FTD,o_max,ols,m012011_o_max_ord15_rk00012,15,0.2212427030405868,-0.0,1,Democracy
FTD->FTD,o_max,ols,m013004_o_max_ord16_rk00005,16,0.2123039880255097,-0.0,1,Democracy
FTD->FTD,o_max,ols,m012008_o_max_ord15_rk00009,15,0.2074999312333318,-0.0,1,Democracy
FTD->FTD,o_max,ols,m008016_o_max_ord11_rk00017,11,0.2060316595906379,-0.0,1,Democracy
FTD->FTD,o_max,ols,m010002_o_max_ord13_rk00003,13,0.2059405836993126,-0.0,1,Democracy
FTD->FTD,o_max,ols,m009017_o_max_ord12_rk00018,12,0.2006052078862814,-0.0,1,Democracy
FTD->FTD,o_max,ols,m014003_o_max_ord17_rk00004,17,0.1973458161200294,-0.0,1,Democracy
FTD->FTD,o_max,ols,m015009_o_max_ord18_rk00010,18,0.1971176340113258,-0.0,1,Democracy
FTD->FTD,o_max,ols,m007011_o_max_ord10_rk00012,10,0.1915569392205904,0.4689955935892812,2,Democracy
FTD->FTD,o_max,ols,m011011_o_max_ord14_rk00012,14,0.1870373853234531,-0.0,1,Democracy
FTD->FTD,o_max,ols,m011007_o_max_ord14_rk00008,14,0.1864637698545587,-0.0,1,Democracy
FTD->FTD,o_max,ols,m015019_o_max_ord18_rk00020,18,0.1717770266247978,-0.0,1,Democracy
FTD->FTD,o_max,ols,m015003_o_max_ord18_rk00004,18,0.1691892512655233,-0.0,1,Democracy
FTD->FTD,o_max,ols,m013015_o_max_ord16_rk00016,16,0.1513977024912477,-0.0,1,Democracy
FTD->FTD,o_max,ols,m016009_o_max_ord19_rk00010,19,0.1447853419257545,-0.0,1,Democracy
FTD->FTD,o_max,ols,m016013_o_max_ord19_rk00014,19,0.1404729586075676,-0.0,1,Democracy
FTD->FTD,o_max,ols,m011004_o_max_ord14_rk00005,14,0.1371913997704561,-0.0,1,Democracy
FTD->FTD,o_max,ols,m013010_o_max_ord16_rk00011,16,0.1304453040884474,-0.0,1,Democracy
FTD->FTD,o_max,ols,m011009_o_max_ord14_rk00010,14,0.1299060422369936,-0.0,1,Democracy
FTD->FTD,o_max,ols,m009009_o_max_ord12_rk00010,12,0.1189166030995967,-0.0,1,Democracy
FTD->FTD,o_max,ols,m012009_o_max_ord15_rk00010,15,0.1118194810274836,-0.0,1,Democracy
FTD->FTD,o_max,ols,m014010_o_max_ord17_rk00011,17,0.1100332200894237,-0.0,1,Democracy
FTD->FTD,o_max,ols,m014015_o_max_ord17_rk00016,17,0.1098887471044466,-0.0,1,Democracy
FTD->FTD,o_max,ols,m011019_o_max_ord14_rk00020,14,0.1049760525798385,-0.0,1,Democracy
FTD->FTD,o_max,ols,m008017_o_max_ord11_rk00018,11,0.1023845301328206,0.4394969869215134,2,Democracy
FTD->AD,o_min,ols,m052532_o_min_ord8_rk00018,8,0.3251361527356698,2.0,4,Air Pollution
FTD->AD,o_min,ols,m051531_o_min_ord7_rk00017,7,0.3038921608028352,1.5566567074628228,3,Democracy
FTD->AD,o_min,ols,m049527_o_min_ord5_rk00013,5,0.2932436436371075,1.9219280948873623,4,Air Pollution
FTD->AD,o_min,ols,m051532_o_min_ord7_rk00018,7,0.2907874592807461,1.8423709931771086,4,Democracy
FTD->AD,o_min,ols,m052524_o_min_ord8_rk00010,8,0.2886862097347146,1.561278124459133,3,Precipitation/droughts
FTD->AD,o_min,ols,m047517_o_min_ord3_rk00003,3,0.2872498024730453,1.584962500721156,3,Air Pollution
FTD->AD,o_min,ols,m051518_o_min_ord7_rk00004,7,0.2871875793155297,1.9502120649147465,4,Air Pollution
FTD->AD,o_min,ols,m051526_o_min_ord7_rk00012,7,0.2484035867174228,1.8423709931771086,4,Democracy
FTD->AD,o_min,ols,m053533_o_min_ord9_rk00019,9,0.2309415333806898,2.1971597234241496,5,Socioeconomic
FTD->AD,o_min,ols,m053529_o_min_ord9_rk00015,9,0.2281106852149474,2.197159723424149,5,Socioeconomic
FTD->AD,o_min,ols,m050532_o_min_ord6_rk00018,6,0.2257954130372835,1.7924812503605778,4,Air Pollution
FTD->AD,o_min,ols,m053527_o_min_ord9_rk00013,9,0.2255138723136889,2.197159723424149,5,Socioeconomic
FTD->AD,o_min,ols,m048532_o_min_ord4_rk00018,4,0.2254618117651311,1.5,3,Temperature
FTD->AD,o_min,ols,m052517_o_min_ord8_rk00003,8,0.2251708356044615,2.1556390622295662,5,Socioeconomic
FTD->AD,o_min,ols,m053523_o_min_ord9_rk00009,9,0.2238664253790646,2.2810361125534238,5,Temperature
FTD->AD,o_min,ols,m050533_o_min_ord6_rk00019,6,0.2233422380769564,1.9182958340544896,4,Precipitation/droughts
FTD->AD,o_min,ols,m047525_o_min_ord3_rk00011,3,0.219591618439739,0.9182958340544896,2,Temperature
FTD->AD,o_min,ols,m051521_o_min_ord7_rk00007,7,0.2189094135311844,2.2359263506290326,5,Precipitation/droughts
FTD->AD,o_min,ols,m048521_o_min_ord4_rk00007,4,0.2182334885615143,1.5,3,Air Pollution
FTD->AD,o_min,ols,m050531_o_min_ord6_rk00017,6,0.216657521851167,1.584962500721156,3,Air Pollution
FTD->AD,o_min,ols,m053519_o_min_ord9_rk00005,9,0.2156820842990742,2.2810361125534238,5,Air Pollution
FTD->AD,o_min,ols,m052516_o_min_ord8_rk00002,8,0.2137454510057799,2.25,5,Temperature
FTD->AD,o_min,ols,m048516_o_min_ord4_rk00002,4,0.2135355431236109,1.5,3,Air Pollution
FTD->AD,o_min,ols,m051515_o_min_ord7_rk00001,7,0.2125521306600987,2.2359263506290326,5,Precipitation/droughts
FTD->AD,o_min,ols,m048529_o_min_ord4_rk00015,4,0.2104314361717422,1.5,3,Air Pollution
FTD->AD,o_min,ols,m048519_o_min_ord4_rk00005,4,0.2083432517158757,1.5,3,Socioeconomic
FTD->AD,o_min,ols,m051517_o_min_ord7_rk00003,7,0.2078646210089823,2.2359263506290326,5,Precipitation/droughts
FTD->AD,o_min,ols,m052520_o_min_ord8_rk00006,8,0.2078259412500983,2.25,5,Temperature
FTD->AD,o_min,ols,m047521_o_min_ord3_rk00007,3,0.2060428285797977,0.9182958340544896,2,Democracy
FTD->AD,o_min,ols,m052522_o_min_ord8_rk00008,8,0.2060325981219473,2.25,5,Temperature
FTD->AD,o_min,ols,m047527_o_min_ord3_rk00013,3,0.2052155143969278,0.9182958340544896,2,Democracy
FTD->AD,o_min,ols,m051516_o_min_ord7_rk00002,7,0.2023274867638931,1.3787834934861753,3,Democracy
FTD->AD,o_min,ols,m052534_o_min_ord8_rk00020,8,0.1999944201028851,2.25,5,Air Pollution
FTD->AD,o_min,ols,m053528_o_min_ord9_rk00014,9,0.1993523718510169,2.5032583347756456,6,Temperature
FTD->AD,o_min,ols,m053526_o_min_ord9_rk00012,9,0.1979575320997725,2.197159723424149,5,Temperature
FTD->AD,o_min,ols,m047516_o_min_ord3_rk00002,3,0.1880523654688253,0.9182958340544896,2,Democracy
FTD->AD,o_min,ols,m047518_o_min_ord3_rk00004,3,0.1870387290876479,0.9182958340544896,2,Democracy
FTD->AD,o_min,ols,m052521_o_min_ord8_rk00007,8,0.1869063278913647,1.9056390622295665,4,Socioeconomic
FTD->AD,o_min,ols,m052528_o_min_ord8_rk00014,8,0.1845400262190097,2.25,5,Precipitation/droughts
FTD->AD,o_min,ols,m049521_o_min_ord5_rk00007,5,0.1795906853281207,1.9219280948873623,4,Air Pollution
FTD->AD,o_min,ols,m051530_o_min_ord7_rk00016,7,0.1775686738735133,1.9502120649147465,4,Air Pollution
FTD->AD,o_min,ols,m050534_o_min_ord6_rk00020,6,0.1676452185469273,2.2516291673878226,5,Precipitation/droughts
FTD->AD,o_min,ols,m049517_o_min_ord5_rk00003,5,0.1664468036154759,1.9219280948873623,4,Air Pollution
FTD->AD,o_min,ols,m049530_o_min_ord5_rk00016,5,0.1663610424285659,1.5219280948873621,3,Air Pollution
FTD->AD,o_min,ols,m053530_o_min_ord9_rk00016,9,0.1624843604510337,2.197159723424149,5,Democracy
FTD->AD,o_min,ols,m049532_o_min_ord5_rk00018,5,0.1607071943220841,1.5219280948873621,3,Air Pollution
FTD->AD,o_min,ols,m047530_o_min_ord3_rk00016,3,0.1561248102646263,0.9182958340544896,2,Democracy
FTD->AD,o_min,ols,m050525_o_min_ord6_rk00011,6,0.1496571272248644,1.4591479170272448,3,Democracy
FTD->AD,o_min,ols,m047522_o_min_ord3_rk00008,3,0.1468137268032912,0.9182958340544896,2,Democracy
FTD->AD,o_min,ols,m050517_o_min_ord6_rk00003,6,0.1430087740112561,1.7924812503605778,4,Air Pollution
FTD->AD,o_min,ols,m049515_o_min_ord5_rk00001,5,0.1427960868405292,1.5219280948873621,3,Precipitation/droughts
FTD->AD,o_min,ols,m051529_o_min_ord7_rk00015,7,0.1412002841701805,1.8423709931771086,4,Democracy
FTD->AD,o_min,ols,m053517_o_min_ord9_rk00003,9,0.1402255528849492,2.1971597234241496,5,Socioeconomic
FTD->AD,o_min,ols,m054527_o_min_ord10_rk00013,10,0.1375200808144199,2.2464393446710154,5,Socioeconomic
FTD->AD,o_min,ols,m052515_o_min_ord8_rk00001,8,0.1367607004526507,2.25,5,Air Pollution
FTD->AD,o_min,ols,m051522_o_min_ord7_rk00008,7,0.1351161526062539,2.2359263506290326,5,Precipitation/droughts
FTD->AD,o_min,ols,m054525_o_min_ord10_rk00011,10,0.1338168896595712,2.2464393446710154,5,Socioeconomic
FTD->AD,o_min,ols,m053520_o_min_ord9_rk00006,9,0.1332235589587744,2.2810361125534238,5,Air Pollution
FTD->AD,o_min,ols,m058527_o_min_ord14_rk00013,14,0.1317064825926391,2.5027361715940035,6,Air Pollution
FTD->AD,o_min,ols,m047524_o_min_ord3_rk00010,3,0.128746990564603,0.9182958340544896,2,Democracy
FTD->AD,o_min,ols,m052525_o_min_ord8_rk00011,8,0.1266184263980533,1.75,4,Democracy
FTD->AD,o_min,ols,m053531_o_min_ord9_rk00017,9,0.1263938309860578,2.197159723424149,5,Air Pollution
FTD->AD,o_min,ols,m053534_o_min_ord9_rk00020,9,0.1150053119096752,2.197159723424149,5,Air Pollution
FTD->AD,o_min,ols,m050515_o_min_ord6_rk00001,6,0.1110293318448107,1.4591479170272448,3,Democracy
FTD->AD,o_min,ols,m055518_o_min_ord11_rk00004,11,0.1098632105165667,2.663532754804255,7,Temperature
FTD->AD,o_min,ols,m054526_o_min_ord10_rk00012,10,0.1021521510121098,2.4464393446710155,6,Air Pollution
FTD->AD,o_max,xgb_tree_d2,m000003_o_max_ord3_rk00004,3,0.2729719756880072,-0.0,1,Democracy
FTD->AD,o_max,xgb_tree_d2,m002009_o_max_ord5_rk00010,5,0.2675675028950625,-0.0,1,Democracy
FTD->AD,o_max,xgb_tree_d2,m003019_o_max_ord6_rk00020,6,0.2584235682200949,-0.0,1,Democracy
FTD->AD,o_max,xgb_tree_d2,m000005_o_max_ord3_rk00006,3,0.2565230546443396,-0.0,1,Democracy
FTD->AD,o_max,xgb_tree_d2,m003014_o_max_ord6_rk00015,6,0.2540217968802611,-0.0,1,Democracy
FTD->AD,o_max,xgb_tree_d2,m001007_o_max_ord4_rk00008,4,0.2524846598540963,-0.0,1,Air Pollution
FTD->AD,o_max,xgb_tree_d2,m001005_o_max_ord4_rk00006,4,0.25225048353781,-0.0,1,Democracy
FTD->AD,o_max,xgb_tree_d2,m001012_o_max_ord4_rk00013,4,0.2511956573745848,-0.0,1,Democracy
FTD->AD,o_max,xgb_tree_d2,m000001_o_max_ord3_rk00002,3,0.2477530431336509,-0.0,1,Air Pollution
FTD->AD,o_max,xgb_tree_d2,m000016_o_max_ord3_rk00017,3,0.2406217398115641,-0.0,1,Democracy
FTD->AD,o_max,xgb_tree_d2,m002012_o_max_ord5_rk00013,5,0.2397777795985227,-0.0,1,Democracy
FTD->AD,o_max,xgb_tree_d2,m000013_o_max_ord3_rk00014,3,0.2394219674217171,-0.0,1,Democracy
FTD->AD,o_max,xgb_tree_d2,m022011_o_max_ord25_rk00012,25,0.2374906952115223,0.7641140545540274,3,Democracy
FTD->AD,o_max,xgb_tree_d2,m022015_o_max_ord25_rk00016,25,0.2350268835640426,0.996118213778296,4,Democracy
FTD->AD,o_max,xgb_tree_d2,m000010_o_max_ord3_rk00011,3,0.2342215014448101,-0.0,1,Democracy
FTD->AD,o_max,xgb_tree_d2,m018019_o_max_ord21_rk00020,21,0.2271154797234512,0.2761954276479391,2,Democracy
FTD->AD,o_max,xgb_tree_d2,m018005_o_max_ord21_rk00006,21,0.2270488537821349,-0.0,1,Democracy
FTD->AD,o_max,xgb_tree_d2,m001019_o_max_ord4_rk00020,4,0.2238070263058108,-0.0,1,Air Pollution
FTD->AD,o_max,xgb_tree_d2,m022017_o_max_ord25_rk00018,25,0.2210843232960252,0.996118213778296,4,Democracy
FTD->AD,o_max,xgb_tree_d2,m022018_o_max_ord25_rk00019,25,0.2203603412520803,0.6395563653739031,3,Democracy
FTD->AD,o_max,xgb_tree_d2,m022013_o_max_ord25_rk00014,25,0.22034840765374,0.996118213778296,4,Democracy
FTD->AD,o_max,xgb_tree_d2,m018017_o_max_ord21_rk00018,21,0.2198788835386733,0.2761954276479391,2,Democracy
FTD->AD,o_max,xgb_tree_d2,m018007_o_max_ord21_rk00008,21,0.2179465223971737,0.2761954276479391,2,Democracy
FTD->AD,o_max,xgb_tree_d2,m000012_o_max_ord3_rk00013,3,0.2155188494319593,-0.0,1,Democracy
FTD->AD,o_max,xgb_tree_d2,m002019_o_max_ord5_rk00020,5,0.2154457862925167,-0.0,1,Democracy
FTD->AD,o_max,xgb_tree_d2,m027009_o_max_ord30_rk00010,30,0.2150998476946916,1.2496527261266068,5,Democracy
FTD->AD,o_max,xgb_tree_d2,m022007_o_max_ord25_rk00008,25,0.2150493671150741,0.8743095546405661,4,Democracy
FTD->AD,o_max,xgb_tree_d2,m018014_o_max_ord21_rk00015,21,0.2144032841605218,-0.0,1,Democracy
FTD->AD,o_max,xgb_tree_d2,m018018_o_max_ord21_rk00019,21,0.2143100886289857,-0.0,1,Democracy
FTD->AD,o_max,xgb_tree_d2,m021000_o_max_ord24_rk00001,24,0.2135856246246648,0.8112781244591328,2,Democracy
FTD->AD,o_max,xgb_tree_d2,m016003_o_max_ord19_rk00004,19,0.2131579124292342,-0.0,1,Democracy
FTD->AD,o_max,xgb_tree_d2,m018010_o_max_ord21_rk00011,21,0.2120936656949072,-0.0,1,Democracy
FTD->AD,o_max,xgb_tree_d2,m012001_o_max_ord15_rk00002,15,0.2107758471888379,-0.0,1,Democracy
FTD->AD,o_max,xgb_tree_d2,m022006_o_max_ord25_rk00007,25,0.2094131081748658,0.8663137138648347,3,Democracy
FTD->AD,o_max,xgb_tree_d2,m018008_o_max_ord21_rk00009,21,0.2094006778038863,0.2761954276479391,2,Democracy
FTD->AD,o_max,xgb_tree_d2,m009011_o_max_ord12_rk00012,12,0.2091868747954237,-0.0,1,Democracy
FTD->AD,o_max,xgb_tree_d2,m022008_o_max_ord25_rk00009,25,0.2089413715638884,0.7641140545540274,3,Democracy
FTD->AD,o_max,xgb_tree_d2,m022010_o_max_ord25_rk00011,25,0.208441710188166,1.2252357794710609,5,Democracy
FTD->AD,o_max,xgb_tree_d2,m022019_o_max_ord25_rk00020,25,0.2073574095841864,1.2252357794710609,5,Democracy
FTD->AD,o_max,xgb_tree_d2,m021010_o_max_ord24_rk00011,24,0.2059023238095626,1.0434356963218767,3,Democracy
FTD->AD,o_max,xgb_tree_d2,m018011_o_max_ord21_rk00012,21,0.2054906538600405,0.2761954276479391,2,Democracy
FTD->AD,o_max,xgb_tree_d2,m027006_o_max_ord30_rk00007,30,0.2053558794506821,1.3699740752745007,6,Democracy
FTD->AD,o_max,xgb_tree_d2,m027015_o_max_ord30_rk00016,30,0.2052252881236511,1.1721597626314755,5,Democracy
FTD->AD,o_max,xgb_tree_d2,m022004_o_max_ord25_rk00005,25,0.2049392755353158,0.8663137138648347,3,Democracy
FTD->AD,o_max,xgb_tree_d2,m016002_o_max_ord19_rk00003,19,0.203706398070227,-0.0,1,Democracy
FTD->AD,o_max,xgb_tree_d2,m009003_o_max_ord12_rk00004,12,0.2030094476766071,-0.0,1,Democracy
FTD->AD,o_max,xgb_tree_d2,m025000_o_max_ord28_rk00001,28,0.2018758982588411,0.9591963191047147,3,Democracy
FTD->AD,o_max,xgb_tree_d2,m021015_o_max_ord24_rk00016,24,0.2010676133592785,0.9833557549816875,5,Democracy
FTD->AD,o_max,xgb_tree_d2,m023016_o_max_ord26_rk00017,26,0.2009568239190445,0.969918434275037,4,Democracy
FTD->AD,o_max,xgb_tree_d2,m024002_o_max_ord27_rk00003,27,0.2004692989772071,1.042344321483692,4,Democracy
FTD->AD,o_max,xgb_tree_d2,m027007_o_max_ord30_rk00008,30,0.2003062927986505,1.2496527261266068,5,Democracy
FTD->AD,o_max,xgb_tree_d2,m024010_o_max_ord27_rk00011,27,0.1990123866955615,0.9451696091196164,4,Democracy
FTD->AD,o_max,xgb_tree_d2,m025016_o_max_ord28_rk00017,28,0.1989463389742241,0.9217544759335055,4,Democracy
FTD->AD,o_max,xgb_tree_d2,m001017_o_max_ord4_rk00018,4,0.1984531937590498,-0.0,1,Democracy
FTD->AD,o_max,xgb_tree_d2,m027008_o_max_ord30_rk00009,30,0.1970995237615486,1.1721597626314755,5,Democracy
FTD->AD,o_max,xgb_tree_d2,m023018_o_max_ord26_rk00019,26,0.1965651301690593,0.7441942138263227,3,Democracy
FTD->AD,o_max,xgb_tree_d2,m022009_o_max_ord25_rk00010,25,0.1952296890064975,0.6343095546405662,2,Democracy
FTD->AD,o_max,xgb_tree_d2,m021013_o_max_ord24_rk00014,24,0.1951562439488585,0.785235442391543,3,Democracy
FTD->AD,o_max,xgb_tree_d2,m007002_o_max_ord10_rk00003,10,0.1951319829338047,-0.0,1,Democracy
FTD->AD,o_max,xgb_tree_d2,m027011_o_max_ord30_rk00012,30,0.1950210120820091,1.3699740752745007,6,Democracy
FTD->AD,o_max,xgb_tree_d2,m018001_o_max_ord21_rk00002,21,0.1949146954773745,-0.0,1,Democracy
FTD->AD,o_max,xgb_tree_d2,m024017_o_max_ord27_rk00018,27,0.1945548368802674,1.042344321483692,4,Democracy
FTD->AD,o_max,xgb_tree_d2,m024004_o_max_ord27_rk00005,27,0.1945109781820618,1.042344321483692,4,Democracy
FTD->AD,o_max,xgb_tree_d2,m016010_o_max_ord19_rk00011,19,0.1937863924732459,-0.0,1,Democracy
FTD->AD,o_max,xgb_tree_d2,m011004_o_max_ord14_rk00005,14,0.1936981158728451,-0.0,1,Democracy
FTD->AD,o_max,xgb_tree_d2,m023010_o_max_ord26_rk00011,26,0.1932959006236765,0.8451064151274781,3,Democracy
FTD->AD,o_max,xgb_tree_d2,m015015_o_max_ord18_rk00016,18,0.1931349247020185,-0.0,1,Democracy
FTD->AD,o_max,xgb_tree_d2,m009009_o_max_ord12_rk00010,12,0.1930491883876122,-0.0,1,Democracy
FTD->AD,o_max,xgb_tree_d2,m016016_o_max_ord19_rk00017,19,0.1927778758598418,-0.0,1,Democracy
FTD->AD,o_max,xgb_tree_d2,m023014_o_max_ord26_rk00015,26,0.1923607358368717,1.1929993566060646,5,Democracy
FTD->AD,o_max,xgb_tree_d2,m023017_o_max_ord26_rk00018,26,0.1921795911793957,0.7441942138263227,3,Democracy
FTD->AD,o_max,xgb_tree_d2,m014015_o_max_ord17_rk00016,17,0.1920314646129967,-0.0,1,Democracy
FTD->AD,o_max,xgb_tree_d2,m014007_o_max_ord17_rk00008,17,0.1919762207529576,-0.0,1,Democracy
FTD->AD,o_max,xgb_tree_d2,m027018_o_max_ord30_rk00019,30,0.1917508619846555,1.5656017329967198,7,Democracy
FTD->AD,o_max,xgb_tree_d2,m018002_o_max_ord21_rk00003,21,0.1906207984356865,0.2761954276479391,2,Democracy
FTD->AD,o_max,xgb_tree_d2,m023003_o_max_ord26_rk00004,26,0.1906153563251585,0.8451064151274781,3,Democracy
FTD->AD,o_max,xgb_tree_d2,m027004_o_max_ord30_rk00005,30,0.1899683630083753,1.1721597626314755,5,Democracy
FTD->AD,o_max,xgb_tree_d2,m018013_o_max_ord21_rk00014,21,0.1897335272233171,0.2761954276479391,2,Democracy
FTD->AD,o_max,xgb_tree_d2,m011017_o_max_ord14_rk00018,14,0.1895863996883489,-0.0,1,Democracy
FTD->AD,o_max,xgb_tree_d2,m009001_o_max_ord12_rk00002,12,0.1892856172122528,-0.0,1,Democracy
FTD->AD,o_max,xgb_tree_d2,m012007_o_max_ord15_rk00008,15,0.189009725509899,-0.0,1,Democracy
FTD->AD,o_max,xgb_tree_d2,m021004_o_max_ord24_rk00005,24,0.1887384863494897,0.8886865525783176,3,Democracy
FTD->AD,o_max,xgb_tree_d2,m027013_o_max_ord30_rk00014,30,0.1886605836482265,1.3699740752745007,6,Democracy
FTD->AD,o_max,xgb_tree_d2,m025018_o_max_ord28_rk00019,28,0.1881739064329664,0.9591963191047147,3,Democracy
FTD->AD,o_max,xgb_tree_d2,m023006_o_max_ord26_rk00007,26,0.1881670259576263,1.1929993566060646,5,Democracy
FTD->AD,o_max,xgb_tree_d2,m026001_o_max_ord29_rk00002,29,0.1881110636305606,1.1425175164144374,4,Democracy
FTD->AD,o_max,xgb_tree_d2,m023009_o_max_ord26_rk00010,26,0.1878452777804836,1.075875645896709,5,Democracy
FTD->AD,o_max,xgb_tree_d2,m023002_o_max_ord26_rk00003,26,0.187694927113067,1.0681873374585056,4,Democracy
FTD->AD,o_max,xgb_tree_d2,m018009_o_max_ord21_rk00010,21,0.1873659551263068,0.2761954276479391,2,Democracy
FTD->AD,o_max,xgb_tree_d2,m015005_o_max_ord18_rk00006,18,0.1866144236821293,-0.0,1,Democracy
FTD->AD,o_max,xgb_tree_d2,m016013_o_max_ord19_rk00014,19,0.186509947500997,-0.0,1,Democracy
FTD->AD,o_max,xgb_tree_d2,m021018_o_max_ord24_rk00019,24,0.1860486333065982,1.0238995733215066,4,Democracy
FTD->AD,o_max,xgb_tree_d2,m023004_o_max_ord26_rk00005,26,0.1856344925864641,0.969918434275037,4,Democracy
FTD->AD,o_max,xgb_tree_d2,m023007_o_max_ord26_rk00008,26,0.1856048419185235,0.969918434275037,4,Democracy
FTD->AD,o_max,xgb_tree_d2,m023011_o_max_ord26_rk00012,26,0.1855115195117204,0.969918434275037,4,Democracy
FTD->AD,o_max,xgb_tree_d2,m027017_o_max_ord30_rk00018,30,0.1853266673581166,0.972253928364927,4,Democracy
FTD->AD,o_max,xgb_tree_d2,m013002_o_max_ord16_rk00003,16,0.1852513528768575,-0.0,1,Democracy
FTD->AD,o_max,xgb_tree_d2,m015007_o_max_ord18_rk00008,18,0.1850890640250864,-0.0,1,Democracy
FTD->AD,o_max,xgb_tree_d2,m024000_o_max_ord27_rk00001,27,0.1850668759552309,0.7642045065086203,2,Democracy
FTD->AD,o_max,xgb_tree_d2,m019005_o_max_ord22_rk00006,22,0.1849661747815907,-0.0,1,Democracy
FTD->AD,o_max,xgb_tree_d2,m011008_o_max_ord14_rk00009,14,0.1849439877879544,-0.0,1,Democracy
FTD->AD,o_max,xgb_tree_d2,m013004_o_max_ord16_rk00005,16,0.1848611793739756,-0.0,1,Democracy
FTD->AD,o_max,xgb_tree_d2,m014019_o_max_ord17_rk00020,17,0.1847287208656128,0.3227569588973982,2,Democracy
FTD->AD,o_max,xgb_tree_d2,m014000_o_max_ord17_rk00001,17,0.1846824687511196,0.9366673818775624,2,Democracy
FTD->AD,o_max,xgb_tree_d2,m016007_o_max_ord19_rk00008,19,0.1845042668067147,-0.0,1,Democracy
FTD->AD,o_max,xgb_tree_d2,m017014_o_max_ord20_rk00015,20,0.1844461998785004,-0.0,1,Democracy
FTD->AD,o_max,xgb_tree_d2,m027001_o_max_ord30_rk00002,30,0.1842348017803102,1.1721597626314755,5,Democracy
FTD->AD,o_max,xgb_tree_d2,m014012_o_max_ord17_rk00013,17,0.184163189619695,-0.0,1,Democracy
FTD->AD,o_max,xgb_tree_d2,m021012_o_max_ord24_rk00013,24,0.1841141627644751,0.5435644431995964,2,Democracy
FTD->AD,o_max,xgb_tree_d2,m026015_o_max_ord29_rk00016,29,0.1840742809560869,1.2770049139968558,5,Democracy
FTD->AD,o_max,xgb_tree_d2,m027003_o_max_ord30_rk00004,30,0.1839549584887058,1.1721597626314755,5,Democracy
FTD->AD,o_max,xgb_tree_d2,m024001_o_max_ord27_rk00002,27,0.183885154210904,1.1625336732554155,5,Democracy
FTD->AD,o_max,xgb_tree_d2,m014006_o_max_ord17_rk00007,17,0.1837280202441885,-0.0,1,Democracy
FTD->AD,o_max,xgb_tree_d2,m021016_o_max_ord24_rk00017,24,0.1836452206177624,0.6583514224564075,3,Democracy
FTD->AD,o_max,xgb_tree_d2,m014001_o_max_ord17_rk00002,17,0.1836111461592747,-0.0,1,Democracy
FTD->AD,o_max,xgb_tree_d2,m023012_o_max_ord26_rk00013,26,0.1836086059387326,1.1929993566060646,5,Democracy
FTD->AD,o_max,xgb_tree_d2,m013018_o_max_ord16_rk00019,16,0.1831809364886829,-0.0,1,Democracy
FTD->AD,o_max,xgb_tree_d2,m015009_o_max_ord18_rk00010,18,0.1831048092368066,-0.0,1,Democracy
FTD->AD,o_max,xgb_tree_d2,m027010_o_max_ord30_rk00011,30,0.1829642527996612,1.1721597626314755,5,Democracy
FTD->AD,o_max,xgb_tree_d2,m027019_o_max_ord30_rk00020,30,0.1829012233403257,1.080424344959478,5,Democracy
FTD->AD,o_max,xgb_tree_d2,m020000_o_max_ord23_rk00001,23,0.18271740682178,0.828055725379504,2,Democracy
FTD->AD,o_max,xgb_tree_d2,m020002_o_max_ord23_rk00003,23,0.1826576750676799,1.0666152167384504,3,Democracy
FTD->AD,o_max,xgb_tree_d2,m023015_o_max_ord26_rk00016,26,0.1826060337582467,0.8501514254479945,4,Democracy
FTD->AD,o_max,xgb_tree_d2,m023001_o_max_ord26_rk00002,26,0.1824447143497117,0.969918434275037,4,Democracy
FTD->AD,o_max,xgb_tree_d2,m021003_o_max_ord24_rk00004,24,0.1822037633961022,1.0238995733215066,4,Democracy
FTD->AD,o_max,xgb_tree_d2,m001018_o_max_ord4_rk00019,4,0.182173435251515,-0.0,1,Democracy
FTD->AD,o_max,xgb_tree_d2,m024005_o_max_ord27_rk00006,27,0.1819175820475517,0.9451696091196164,4,Democracy
FTD->AD,o_max,xgb_tree_d2,m023013_o_max_ord26_rk00014,26,0.1818996533293631,1.1929993566060646,5,Democracy
FTD->AD,o_max,xgb_tree_d2,m011000_o_max_ord14_rk00001,14,0.1818655620188912,-0.0,1,Democracy
FTD->AD,o_max,xgb_tree_d2,m005000_o_max_ord8_rk00001,8,0.1814704279174606,-0.0,1,Democracy
FTD->AD,o_max,xgb_tree_d2,m017002_o_max_ord20_rk00003,20,0.1812700472013445,-0.0,1,Democracy
FTD->AD,o_max,xgb_tree_d2,m025009_o_max_ord28_rk00010,28,0.1811008240270578,1.0178015074140134,4,Democracy
FTD->AD,o_max,xgb_tree_d2,m025019_o_max_ord28_rk00020,28,0.1805422968273404,1.1336983823367468,5,Democracy
FTD->AD,o_max,xgb_tree_d2,m005004_o_max_ord8_rk00005,8,0.1804034994774236,-0.0,1,Democracy
FTD->AD,o_max,xgb_tree_d2,m021006_o_max_ord24_rk00007,24,0.1801636028393861,0.8886865525783176,3,Democracy
FTD->AD,o_max,xgb_tree_d2,m017001_o_max_ord20_rk00002,20,0.1800802357321025,-0.0,1,Democracy
FTD->AD,o_max,xgb_tree_d2,m013011_o_max_ord16_rk00012,16,0.1798420376106966,-0.0,1,Democracy
FTD->AD,o_max,xgb_tree_d2,m014009_o_max_ord17_rk00010,17,0.1798085350850097,-0.0,1,Democracy
FTD->AD,o_max,xgb_tree_d2,m018016_o_max_ord21_rk00017,21,0.1796951174499974,0.5489544344250401,3,Democracy
FTD->AD,o_max,xgb_tree_d2,m015001_o_max_ord18_rk00002,18,0.1796887650034077,-0.0,1,Democracy
FTD->AD,o_max,xgb_tree_d2,m011019_o_max_ord14_rk00020,14,0.1795926681320842,-0.0,1,Democracy
FTD->AD,o_max,xgb_tree_d2,m017010_o_max_ord20_rk00011,20,0.1794391298962183,-0.0,1,Democracy
FTD->AD,o_max,xgb_tree_d2,m024009_o_max_ord27_rk00010,27,0.1793461786732733,1.042344321483692,4,Democracy
FTD->AD,o_max,xgb_tree_d2,m009008_o_max_ord12_rk00009,12,0.178910590860076,-0.0,1,Democracy
FTD->AD,o_max,xgb_tree_d2,m021001_o_max_ord24_rk00002,24,0.1786299823038142,0.8886865525783176,3,Democracy
FTD->AD,o_max,xgb_tree_d2,m011007_o_max_ord14_rk00008,14,0.1785282720845504,-0.0,1,Democracy
FTD->AD,o_max,xgb_tree_d2,m021017_o_max_ord24_rk00018,24,0.1782768858221107,1.3563429881688323,5,Democracy
FTD->AD,o_max,xgb_tree_d2,m016012_o_max_ord19_rk00013,19,0.1782422701099221,0.2974722489192896,2,Democracy
FTD->AD,o_max,xgb_tree_d2,m015006_o_max_ord18_rk00007,18,0.1781427063983973,-0.0,1,Democracy
FTD->AD,o_max,xgb_tree_d2,m024012_o_max_ord27_rk00013,27,0.1781184502005905,1.1625336732554155,5,Democracy
FTD->AD,o_max,xgb_tree_d2,m025007_o_max_ord28_rk00008,28,0.1780887275704851,1.1336983823367468,5,Democracy
FTD->AD,o_max,xgb_tree_d2,m025015_o_max_ord28_rk00016,28,0.1777917007485797,1.0984868380293622,4,Democracy
FTD->AD,o_max,xgb_tree_d2,m013003_o_max_ord16_rk00004,16,0.1772860916271951,0.9544340029249649,2,Democracy
FTD->AD,o_max,xgb_tree_d2,m004019_o_max_ord7_rk00020,7,0.177241058146403,-0.0,1,Democracy
FTD->AD,o_max,xgb_tree_d2,m023000_o_max_ord26_rk00001,26,0.1772304474968071,0.7793498372920851,2,Democracy
FTD->AD,o_max,xgb_tree_d2,m025002_o_max_ord28_rk00003,28,0.1771597177511604,1.1336983823367468,5,Democracy
FTD->AD,o_max,xgb_tree_d2,m025001_o_max_ord28_rk00002,28,0.1771443388670848,1.2274025692592483,5,Democracy
FTD->AD,o_max,xgb_tree_d2,m024006_o_max_ord27_rk00007,27,0.1766966690387635,0.9451696091196164,4,Democracy
FTD->AD,o_max,xgb_tree_d2,m027014_o_max_ord30_rk00015,30,0.176218672259818,1.1721597626314755,5,Democracy
FTD->AD,o_max,xgb_tree_d2,m004008_o_max_ord7_rk00009,7,0.1760984974501548,-0.0,1,Democracy
FTD->AD,o_max,xgb_tree_d2,m026013_o_max_ord29_rk00014,29,0.176057443391039,1.1991018361613466,5,Democracy
FTD->AD,o_max,xgb_tree_d2,m001016_o_max_ord4_rk00017,4,0.1760135908392184,-0.0,1,Democracy
FTD->AD,o_max,xgb_tree_d2,m012003_o_max_ord15_rk00004,15,0.1760019713926798,-0.0,1,Democracy
FTD->AD,o_max,xgb_tree_d2,m012015_o_max_ord15_rk00016,15,0.17598100978798,-0.0,1,Democracy
FTD->AD,o_max,xgb_tree_d2,m025010_o_max_ord28_rk00011,28,0.1757335000702491,1.0178015074140134,4,Democracy
FTD->AD,o_max,xgb_tree_d2,m015008_o_max_ord18_rk00009,18,0.1756653249220054,-0.0,1,Democracy
FTD->AD,o_max,xgb_tree_d2,m027002_o_max_ord30_rk00003,30,0.1754513471838618,1.2496527261266068,5,Democracy
FTD->AD,o_max,xgb_tree_d2,m005013_o_max_ord8_rk00014,8,0.174891630090514,-0.0,1,Democracy
FTD->AD,o_max,xgb_tree_d2,m004013_o_max_ord7_rk00014,7,0.1747385716325445,-0.0,1,Democracy
FTD->AD,o_max,xgb_tree_d2,m015003_o_max_ord18_rk00004,18,0.1744222559858507,-0.0,1,Democracy
FTD->AD,o_max,xgb_tree_d2,m023005_o_max_ord26_rk00006,26,0.1744200243600189,1.0681873374585056,4,Democracy
FTD->AD,o_max,xgb_tree_d2,m015000_o_max_ord18_rk00001,18,0.1742465328407832,0.9182958340544896,2,Democracy
FTD->AD,o_max,xgb_tree_d2,m025004_o_max_ord28_rk00005,28,0.1740795597956933,1.2274025692592483,5,Democracy
FTD->AD,o_max,xgb_tree_d2,m013015_o_max_ord16_rk00016,16,0.1740356289174187,-0.0,1,Democracy
FTD->AD,o_max,xgb_tree_d2,m005001_o_max_ord8_rk00002,8,0.1737231623427553,-0.0,1,Democracy
FTD->AD,o_max,xgb_tree_d2,m015019_o_max_ord18_rk00020,18,0.1733804089849937,-0.0,1,Democracy
FTD->AD,o_max,xgb_tree_d2,m027005_o_max_ord30_rk00006,30,0.1727623328170189,1.2803301792260264,6,Democracy
FTD->AD,o_max,xgb_tree_d2,m025013_o_max_ord28_rk00014,28,0.172655181668101,1.2274025692592483,5,Democracy
FTD->AD,o_max,xgb_tree_d2,m021002_o_max_ord24_rk00003,24,0.1725878316429353,1.1241854163060885,4,Democracy
FTD->AD,o_max,xgb_tree_d2,m016014_o_max_ord19_rk00015,19,0.1723177336366499,0.2974722489192896,2,Democracy
FTD->AD,o_max,xgb_tree_d2,m000015_o_max_ord3_rk00016,3,0.1718471594080851,-0.0,1,Democracy
FTD->AD,o_max,xgb_tree_d2,m019014_o_max_ord22_rk00015,22,0.171770640816804,1.3315796225857794,4,Democracy
FTD->AD,o_max,xgb_tree_d2,m005014_o_max_ord8_rk00015,8,0.171532394764088,-0.0,1,Democracy
FTD->AD,o_max,xgb_tree_d2,m013017_o_max_ord16_rk00018,16,0.1712328895585191,0.3372900666170139,2,Democracy
FTD->AD,o_max,xgb_tree_d2,m025014_o_max_ord28_rk00015,28,0.1711355001264054,1.3056334087653163,5,Democracy
FTD->AD,o_max,xgb_tree_d2,m019007_o_max_ord22_rk00008,22,0.1710572504663442,0.266764987803026,2,Democracy
FTD->AD,o_max,xgb_tree_d2,m025003_o_max_ord28_rk00004,28,0.170881236789649,1.2274025692592483,5,Democracy
FTD->AD,o_max,xgb_tree_d2,m019002_o_max_ord22_rk00003,22,0.1706133130609345,0.266764987803026,2,Democracy
FTD->AD,o_max,xgb_tree_d2,m005003_o_max_ord8_rk00004,8,0.170438405210533,-0.0,1,Democracy
FTD->AD,o_max,xgb_tree_d2,m026017_o_max_ord29_rk00018,29,0.170341064142706,1.1425175164144374,4,Democracy
FTD->AD,o_max,xgb_tree_d2,m001006_o_max_ord4_rk00007,4,0.1701461642982312,-0.0,1,Democracy
FTD->AD,o_max,xgb_tree_d2,m022000_o_max_ord25_rk00001,25,0.1699646663880466,1.0954312795575998,4,Democracy
FTD->AD,o_max,xgb_tree_d2,m019015_o_max_ord22_rk00016,22,0.1698842052923231,0.266764987803026,2,Democracy
FTD->AD,o_max,xgb_tree_d2,m019011_o_max_ord22_rk00012,22,0.1698787926355499,0.266764987803026,2,Democracy
FTD->AD,o_max,xgb_tree_d2,m016008_o_max_ord19_rk00009,19,0.1696659818000763,-0.0,1,Democracy
FTD->AD,o_max,xgb_tree_d2,m007000_o_max_ord10_rk00001,10,0.1692781742961925,-0.0,1,Democracy
FTD->AD,o_max,xgb_tree_d2,m025008_o_max_ord28_rk00009,28,0.1691522867362903,1.3432994441819814,6,Democracy
FTD->AD,o_max,xgb_tree_d2,m005009_o_max_ord8_rk00010,8,0.1689949411453676,-0.0,1,Democracy
FTD->AD,o_max,xgb_tree_d2,m025006_o_max_ord28_rk00007,28,0.1689714511019746,1.0178015074140134,4,Democracy
FTD->AD,o_max,xgb_tree_d2,m020006_o_max_ord23_rk00007,23,0.1688040186554374,0.5131851787372753,3,Democracy
FTD->AD,o_max,xgb_tree_d2,m021005_o_max_ord24_rk00006,24,0.168488048407131,0.6583514224564075,3,Democracy
FTD->AD,o_max,xgb_tree_d2,m022002_o_max_ord25_rk00003,25,0.1682137934684736,0.7950402793845223,2,Democracy
FTD->AD,o_max,xgb_tree_d2,m018003_o_max_ord21_rk00004,21,0.1681059783166802,0.2761954276479391,2,Democracy
FTD->AD,o_max,xgb_tree_d2,m021014_o_max_ord24_rk00015,24,0.1680761619865786,1.2593984370492772,5,Democracy
FTD->AD,o_max,xgb_tree_d2,m013000_o_max_ord16_rk00001,16,0.1679136116035007,-0.0,1,Democracy
FTD->AD,o_max,xgb_tree_d2,m020017_o_max_ord23_rk00018,23,0.1678293468356521,0.5131851787372753,3,Democracy
FTD->AD,o_max,xgb_tree_d2,m024013_o_max_ord27_rk00014,27,0.1677862525853721,1.1625336732554155,5,Democracy
FTD->AD,o_max,xgb_tree_d2,m015018_o_max_ord18_rk00019,18,0.1677830079289973,-0.0,1,Democracy
FTD->AD,o_max,xgb_tree_d2,m011012_o_max_ord14_rk00013,14,0.1669399321983861,-0.0,1,Democracy
FTD->AD,o_max,xgb_tree_d2,m025005_o_max_ord28_rk00006,28,0.166884845837736,1.2274025692592483,5,Democracy
FTD->AD,o_max,xgb_tree_d2,m025012_o_max_ord28_rk00013,28,0.1668016071801881,1.2274025692592483,5,Democracy
FTD->AD,o_max,xgb_tree_d2,m012018_o_max_ord15_rk00019,15,0.1665943650969391,-0.0,1,Democracy
FTD->AD,o_max,xgb_tree_d2,m005010_o_max_ord8_rk00011,8,0.1664783336635815,-0.0,1,Democracy
FTD->AD,o_max,xgb_tree_d2,m003012_o_max_ord6_rk00013,6,0.1662524004308602,-0.0,1,Democracy
FTD->AD,o_max,xgb_tree_d2,m016001_o_max_ord19_rk00002,19,0.1659962282303565,-0.0,1,Democracy
FTD->AD,o_max,xgb_tree_d2,m004005_o_max_ord7_rk00006,7,0.1656928311920461,-0.0,1,Democracy
FTD->AD,o_max,xgb_tree_d2,m009014_o_max_ord12_rk00015,12,0.1654265858874952,-0.0,1,Democracy
FTD->AD,o_max,xgb_tree_d2,m026018_o_max_ord29_rk00019,29,0.1653159526272716,1.1425175164144374,4,Democracy
FTD->AD,o_max,xgb_tree_d2,m019018_o_max_ord22_rk00019,22,0.1651924084791016,0.266764987803026,2,Democracy
FTD->AD,o_max,xgb_tree_d2,m012002_o_max_ord15_rk00003,15,0.1651410289159804,-0.0,1,Democracy
FTD->AD,o_max,xgb_tree_d2,m005012_o_max_ord8_rk00013,8,0.164885331182397,-0.0,1,Democracy
FTD->AD,o_max,xgb_tree_d2,m025017_o_max_ord28_rk00018,28,0.1648560818633305,1.2274025692592483,5,Democracy
FTD->AD,o_max,xgb_tree_d2,m020009_o_max_ord23_rk00010,23,0.1643898752278904,0.4262286569981449,2,Democracy
FTD->AD,o_max,xgb_tree_d2,m019019_o_max_ord22_rk00020,22,0.1641141030288551,0.266764987803026,2,Democracy
FTD->AD,o_max,xgb_tree_d2,m012009_o_max_ord15_rk00010,15,0.1640636575212962,-0.0,1,Democracy
FTD->AD,o_max,xgb_tree_d2,m016015_o_max_ord19_rk00016,19,0.1640197453758173,-0.0,1,Democracy
FTD->AD,o_max,xgb_tree_d2,m009013_o_max_ord12_rk00014,12,0.1638338027832147,-0.0,1,Democracy
FTD->AD,o_max,xgb_tree_d2,m019003_o_max_ord22_rk00004,22,0.1633511318391224,0.266764987803026,2,Democracy
FTD->AD,o_max,xgb_tree_d2,m025011_o_max_ord28_rk00012,28,0.1630891274244611,1.2274025692592483,5,Democracy
FTD->AD,o_max,xgb_tree_d2,m013019_o_max_ord16_rk00020,16,0.1629146410609148,-0.0,1,Democracy
FTD->AD,o_max,xgb_tree_d2,m022001_o_max_ord25_rk00002,25,0.1626754839435576,0.996118213778296,4,Democracy
FTD->AD,o_max,xgb_tree_d2,m019016_o_max_ord22_rk00017,22,0.1626096356317253,0.266764987803026,2,Democracy
FTD->AD,o_max,xgb_tree_d2,m005006_o_max_ord8_rk00007,8,0.162539772824344,-0.0,1,Democracy
FTD->AD,o_max,xgb_tree_d2,m007011_o_max_ord10_rk00012,10,0.1625332819181305,0.4689955935892812,2,Democracy
FTD->AD,o_max,xgb_tree_d2,m016009_o_max_ord19_rk00010,19,0.1625064838058507,-0.0,1,Democracy
FTD->AD,o_max,xgb_tree_d2,m016019_o_max_ord19_rk00020,19,0.1624156881811834,0.2974722489192896,2,Democracy
FTD->AD,o_max,xgb_tree_d2,m001002_o_max_ord4_rk00003,4,0.1621305979103954,-0.0,1,Democracy
FTD->AD,o_max,xgb_tree_d2,m023019_o_max_ord26_rk00020,26,0.1618639561431237,1.2884926890861643,5,Democracy
FTD->AD,o_max,xgb_tree_d2,m022012_o_max_ord25_rk00013,25,0.1617499965656678,1.32151018873626,5,Democracy
FTD->AD,o_max,xgb_tree_d2,m016018_o_max_ord19_rk00019,19,0.1612913014956969,0.2974722489192896,2,Democracy
FTD->AD,o_max,xgb_tree_d2,m013008_o_max_ord16_rk00009,16,0.1612539025586115,-0.0,1,Democracy
FTD->AD,o_max,xgb_tree_d2,m007010_o_max_ord10_rk00011,10,0.1609569241206935,-0.0,1,Democracy
FTD->AD,o_max,xgb_tree_d2,m003010_o_max_ord6_rk00011,6,0.1609403839800119,-0.0,1,Democracy
FTD->AD,o_max,xgb_tree_d2,m015002_o_max_ord18_rk00003,18,0.160814250503241,-0.0,1,Democracy
FTD->AD,o_max,xgb_tree_d2,m005016_o_max_ord8_rk00017,8,0.1607321220139991,-0.0,1,Democracy
FTD->AD,o_max,xgb_tree_d2,m014004_o_max_ord17_rk00005,17,0.1606835877884289,-0.0,1,Democracy
FTD->AD,o_max,xgb_tree_d2,m019013_o_max_ord22_rk00014,22,0.160603520089176,-0.0,1,Democracy
FTD->AD,o_max,xgb_tree_d2,m014016_o_max_ord17_rk00017,17,0.1603162004005132,-0.0,1,Democracy
FTD->AD,o_max,xgb_tree_d2,m026012_o_max_ord29_rk00013,29,0.1602741410895415,1.1991018361613466,5,Democracy
FTD->AD,o_max,xgb_tree_d2,m013005_o_max_ord16_rk00006,16,0.1601404524060967,-0.0,1,Democracy
FTD->AD,o_max,xgb_tree_d2,m003016_o_max_ord6_rk00017,6,0.1600934538964412,-0.0,1,Democracy
FTD->AD,o_max,xgb_tree_d2,m014018_o_max_ord17_rk00019,17,0.160090788788583,-0.0,1,Democracy
FTD->AD,o_max,xgb_tree_d2,m013009_o_max_ord16_rk00010,16,0.1600704270440694,0.3372900666170139,2,Democracy
FTD->AD,o_max,xgb_tree_d2,m017005_o_max_ord20_rk00006,20,0.160034389487514,-0.0,1,Democracy
FTD->AD,o_max,xgb_tree_d2,m019010_o_max_ord22_rk00011,22,0.1599960151019656,0.266764987803026,2,Democracy
FTD->AD,o_max,xgb_tree_d2,m007003_o_max_ord10_rk00004,10,0.1596639497038843,-0.0,1,Democracy
FTD->AD,o_max,xgb_tree_d2,m022003_o_max_ord25_rk00004,25,0.1592744706264616,0.8743095546405661,4,Democracy
FTD->AD,o_max,xgb_tree_d2,m020016_o_max_ord23_rk00017,23,0.1590827706753024,0.2580186686648155,2,Democracy
FTD->AD,o_max,xgb_tree_d2,m026005_o_max_ord29_rk00006,29,0.1590145439411492,1.1063667712836147,5,Democracy
FTD->AD,o_max,xgb_tree_d2,m005011_o_max_ord8_rk00012,8,0.1589644931232243,-0.0,1,Democracy
FTD->AD,o_max,xgb_tree_d2,m005019_o_max_ord8_rk00020,8,0.1585855222827593,-0.0,1,Democracy
FTD->AD,o_max,xgb_tree_d2,m021011_o_max_ord24_rk00012,24,0.1584789860505379,0.7416847557897409,4,Democracy
FTD->AD,o_max,xgb_tree_d2,m010001_o_max_ord13_rk00002,13,0.1580704497515725,-0.0,1,Democracy
FTD->AD,o_max,xgb_tree_d2,m024015_o_max_ord27_rk00016,27,0.1579609522573714,0.824980257347893,3,Democracy
FTD->AD,o_max,xgb_tree_d2,m013010_o_max_ord16_rk00011,16,0.1579312133402926,-0.0,1,Democracy
FTD->AD,o_max,xgb_tree_d2,m017013_o_max_ord20_rk00014,20,0.1574608915632001,0.2863969571159562,2,Democracy
FTD->AD,o_max,xgb_tree_d2,m004004_o_max_ord7_rk00005,7,0.1573854610780837,-0.0,1,Democracy
FTD->AD,o_max,xgb_tree_d2,m000009_o_max_ord3_rk00010,3,0.1573300857782261,-0.0,1,Democracy
FTD->AD,o_max,xgb_tree_d2,m012017_o_max_ord15_rk00018,15,0.1570664350690824,-0.0,1,Democracy
FTD->AD,o_max,xgb_tree_d2,m019009_o_max_ord22_rk00010,22,0.1569179590199328,0.5304060778306042,3,Democracy
FTD->AD,o_max,xgb_tree_d2,m026007_o_max_ord29_rk00008,29,0.1564051451304795,1.1991018361613466,5,Democracy
FTD->AD,o_max,xgb_tree_d2,m005015_o_max_ord8_rk00016,8,0.1564037428054022,-0.0,1,Democracy
FTD->AD,o_max,xgb_tree_d2,m019017_o_max_ord22_rk00018,22,0.1564024491451046,0.9373012413074895,3,Democracy
FTD->AD,o_max,xgb_tree_d2,m009017_o_max_ord12_rk00018,12,0.1563053345146686,-0.0,1,Democracy
FTD->AD,o_max,xgb_tree_d2,m005005_o_max_ord8_rk00006,8,0.1562472451763707,-0.0,1,Democracy
FTD->AD,o_max,xgb_tree_d2,m026010_o_max_ord29_rk00011,29,0.1557159296178634,0.9944663403237343,4,Democracy
FTD->AD,o_max,xgb_tree_d2,m007007_o_max_ord10_rk00008,10,0.1557129208849429,-0.0,1,Democracy
FTD->AD,o_max,xgb_tree_d2,m004000_o_max_ord7_rk00001,7,0.155601339988984,-0.0,1,Democracy
FTD->AD,o_max,xgb_tree_d2,m014002_o_max_ord17_rk00003,17,0.1555855867882839,-0.0,1,Democracy
FTD->AD,o_max,xgb_tree_d2,m022005_o_max_ord25_rk00006,25,0.1555647298807392,0.996118213778296,4,Democracy
FTD->AD,o_max,xgb_tree_d2,m026004_o_max_ord29_rk00005,29,0.1551249677255159,1.2770049139968558,5,Democracy
FTD->AD,o_max,xgb_tree_d2,m007014_o_max_ord10_rk00015,10,0.155041621338084,0.4689955935892812,2,Democracy
FTD->AD,o_max,xgb_tree_d2,m013006_o_max_ord16_rk00007,16,0.1549274791975969,-0.0,1,Democracy
FTD->AD,o_max,xgb_tree_d2,m000007_o_max_ord3_rk00008,3,0.1548273539007508,-0.0,1,Democracy
FTD->AD,o_max,xgb_tree_d2,m003009_o_max_ord6_rk00010,6,0.1546204578657569,-0.0,1,Democracy
FTD->AD,o_max,xgb_tree_d2,m023008_o_max_ord26_rk00009,26,0.1541973067748444,1.2884926890861643,5,Democracy
FTD->AD,o_max,xgb_tree_d2,m017011_o_max_ord20_rk00012,20,0.1540818594681552,1.1411535278793057,3,Democracy
FTD->AD,o_max,xgb_tree_d2,m013012_o_max_ord16_rk00013,16,0.1538762705769049,-0.0,1,Democracy
FTD->AD,o_max,xgb_tree_d2,m005007_o_max_ord8_rk00008,8,0.1538226232976614,-0.0,1,Democracy
FTD->AD,o_max,xgb_tree_d2,m024019_o_max_ord27_rk00020,27,0.153304094946474,0.908653933541588,3,Democracy
FTD->AD,o_max,xgb_tree_d2,m026014_o_max_ord29_rk00015,29,0.1530054436735247,0.9944663403237343,4,Democracy
FTD->AD,o_max,xgb_tree_d2,m003008_o_max_ord6_rk00009,6,0.153000334812597,-0.0,1,Democracy
FTD->AD,o_max,xgb_tree_d2,m011003_o_max_ord14_rk00004,14,0.1527530506710203,-0.0,1,Democracy
FTD->AD,o_max,xgb_tree_d2,m003000_o_max_ord6_rk00001,6,0.1526379476650927,-0.0,1,Democracy
FTD->AD,o_max,xgb_tree_d2,m019008_o_max_ord22_rk00009,22,0.1526031724132622,0.5304060778306042,3,Democracy
FTD->AD,o_max,xgb_tree_d2,m018012_o_max_ord21_rk00013,21,0.1520203323614309,1.115520093581932,3,Democracy
FTD->AD,o_max,xgb_tree_d2,m018006_o_max_ord21_rk00007,21,0.1520078065670848,1.115520093581932,3,Democracy
FTD->AD,o_max,xgb_tree_d2,m019012_o_max_ord22_rk00013,22,0.1518689754421803,0.266764987803026,2,Democracy
FTD->AD,o_max,xgb_tree_d2,m004006_o_max_ord7_rk00007,7,0.1512980171712143,-0.0,1,Democracy
FTD->AD,o_max,xgb_tree_d2,m002005_o_max_ord5_rk00006,5,0.150705910818016,-0.0,1,Democracy
FTD->AD,o_max,xgb_tree_d2,m011005_o_max_ord14_rk00006,14,0.1503116155289852,-0.0,1,Democracy
FTD->AD,o_max,xgb_tree_d2,m012008_o_max_ord15_rk00009,15,0.1502770639319769,-0.0,1,Democracy
FTD->AD,o_max,xgb_tree_d2,m001010_o_max_ord4_rk00011,4,0.1501981704789786,-0.0,1,Democracy
FTD->AD,o_max,xgb_tree_d2,m005017_o_max_ord8_rk00018,8,0.1501088035345119,-0.0,1,Democracy
FTD->AD,o_max,xgb_tree_d2,m026009_o_max_ord29_rk00010,29,0.1500419003534447,1.401475275184332,6,Democracy
FTD->AD,o_max,xgb_tree_d2,m021008_o_max_ord24_rk00009,24,0.149923560881619,0.6583514224564075,3,Democracy
FTD->AD,o_max,xgb_tree_d2,m009018_o_max_ord12_rk00019,12,0.1488857624386151,-0.0,1,Democracy
FTD->AD,o_max,xgb_tree_d2,m002003_o_max_ord5_rk00004,5,0.1488512445447033,-0.0,1,Democracy
FTD->AD,o_max,xgb_tree_d2,m020019_o_max_ord23_rk00020,23,0.1486440719350538,0.4262286569981449,2,Democracy
FTD->AD,o_max,xgb_tree_d2,m018004_o_max_ord21_rk00005,21,0.1480275959975558,1.115520093581932,3,Democracy
FTD->AD,o_max,xgb_tree_d2,m026000_o_max_ord29_rk00001,29,0.1478418416415996,1.1991018361613466,5,Democracy
FTD->AD,o_max,xgb_tree_d2,m000018_o_max_ord3_rk00019,3,0.1476651096043391,-0.0,1,Democracy
FTD->AD,o_max,xgb_tree_d2,m002017_o_max_ord5_rk00018,5,0.1475349474749804,-0.0,1,Democracy
FTD->AD,o_max,xgb_tree_d2,m020008_o_max_ord23_rk00009,23,0.1469936992543938,1.3012517848198515,4,Democracy
FTD->AD,o_max,xgb_tree_d2,m019004_o_max_ord22_rk00005,22,0.1468035959505857,1.090652803252992,3,Democracy
FTD->AD,o_max,xgb_tree_d2,m026006_o_max_ord29_rk00007,29,0.1467667535699197,1.3110022671212271,6,Democracy
FTD->AD,o_max,xgb_tree_d2,m021019_o_max_ord24_rk00020,24,0.1467323455374569,1.2720552088742005,4,Democracy
FTD->AD,o_max,xgb_tree_d2,m017009_o_max_ord20_rk00010,20,0.1465990673905586,0.2863969571159562,2,Democracy
FTD->AD,o_max,xgb_tree_d2,m019006_o_max_ord22_rk00007,22,0.1463887255225254,0.5304060778306042,3,Democracy
FTD->AD,o_max,xgb_tree_d2,m013013_o_max_ord16_rk00014,16,0.146343171473714,-0.0,1,Democracy
FTD->AD,o_max,xgb_tree_d2,m003018_o_max_ord6_rk00019,6,0.1462791491440536,-0.0,1,Democracy
FTD->AD,o_max,xgb_tree_d2,m004018_o_max_ord7_rk00019,7,0.1462189364284997,-0.0,1,Democracy
FTD->AD,o_max,xgb_tree_d2,m007019_o_max_ord10_rk00020,10,0.1462169413774419,-0.0,1,Democracy
FTD->AD,o_max,xgb_tree_d2,m017008_o_max_ord20_rk00009,20,0.1454238823002361,0.2863969571159562,2,Democracy
FTD->AD,o_max,xgb_tree_d2,m013016_o_max_ord16_rk00017,16,0.1451856647732214,-0.0,1,Democracy
FTD->AD,o_max,xgb_tree_d2,m007009_o_max_ord10_rk00010,10,0.1446869842325348,-0.0,1,Democracy
FTD->AD,o_max,xgb_tree_d2,m012005_o_max_ord15_rk00006,15,0.1444799500543294,0.35335933502142136,2,Democracy
FTD->AD,o_max,xgb_tree_d2,m007006_o_max_ord10_rk00007,10,0.1443088322592365,-0.0,1,Democracy
FTD->AD,o_max,xgb_tree_d2,m014008_o_max_ord17_rk00009,17,0.1440592115095054,-0.0,1,Democracy
FTD->AD,o_max,xgb_tree_d2,m010010_o_max_ord13_rk00011,13,0.1440371752489604,-0.0,1,Democracy
FTD->AD,o_max,xgb_tree_d2,m026003_o_max_ord29_rk00004,29,0.1438605655340178,1.1991018361613466,5,Democracy
FTD->AD,o_max,xgb_tree_d2,m014013_o_max_ord17_rk00014,17,0.1437808173032911,-0.0,1,Democracy
FTD->AD,o_max,xgb_tree_d2,m014005_o_max_ord17_rk00006,17,0.1436160002602767,0.3227569588973982,2,Democracy
FTD->AD,o_max,xgb_tree_d2,m010005_o_max_ord13_rk00006,13,0.1434486518286254,-0.0,1,Democracy
FTD->AD,o_max,xgb_tree_d2,m007004_o_max_ord10_rk00005,10,0.1429948116767508,-0.0,1,Democracy
FTD->AD,o_max,xgb_tree_d2,m002001_o_max_ord5_rk00002,5,0.1421979419956337,-0.0,1,Democracy
FTD->AD,o_max,xgb_tree_d2,m017012_o_max_ord20_rk00013,20,0.1421539140031171,0.2863969571159562,2,Democracy
FTD->AD,o_max,xgb_tree_d2,m008019_o_max_ord11_rk00020,11,0.1419813775016796,-0.0,1,Democracy
FTD->AD,o_max,xgb_tree_d2,m011006_o_max_ord14_rk00007,14,0.1414188089212152,-0.0,1,Democracy
FTD->AD,o_max,xgb_tree_d2,m017019_o_max_ord20_rk00020,20,0.1413528328798308,-0.0,1,Democracy
FTD->AD,o_max,xgb_tree_d2,m020007_o_max_ord23_rk00008,23,0.1408962651977511,1.0666152167384504,3,Democracy
FTD->AD,o_max,xgb_tree_d2,m014014_o_max_ord17_rk00015,17,0.140875367863702,0.3227569588973982,2,Democracy
FTD->AD,o_max,xgb_tree_d2,m003017_o_max_ord6_rk00018,6,0.1406522848548415,-0.0,1,Democracy
FTD->AD,o_max,xgb_tree_d2,m009002_o_max_ord12_rk00003,12,0.1402472245480285,-0.0,1,Democracy
FTD->AD,o_max,xgb_tree_d2,m007013_o_max_ord10_rk00014,10,0.1401648549345945,-0.0,1,Democracy
FTD->AD,o_max,xgb_tree_d2,m015012_o_max_ord18_rk00013,18,0.1401241015466798,-0.0,1,Democracy
FTD->AD,o_max,xgb_tree_d2,m003004_o_max_ord6_rk00005,6,0.1391062571024893,-0.0,1,Democracy
FTD->AD,o_max,xgb_tree_d2,m018000_o_max_ord21_rk00001,21,0.1386749639195429,0.863120568566631,2,Democracy
FTD->AD,o_max,xgb_tree_d2,m015004_o_max_ord18_rk00005,18,0.137640513359653,0.3095434291503252,2,Democracy
FTD->AD,o_max,xgb_tree_d2,m010009_o_max_ord13_rk00010,13,0.136906132195074,-0.0,1,Democracy
FTD->AD,o_max,xgb_tree_d2,m024008_o_max_ord27_rk00009,27,0.1368556873757965,1.042344321483692,4,Democracy
FTD->AD,o_max,xgb_tree_d2,m000011_o_max_ord3_rk00012,3,0.136790461817438,-0.0,1,Democracy
FTD->AD,o_max,xgb_tree_d2,m004012_o_max_ord7_rk00013,7,0.1363570242313875,-0.0,1,Democracy
FTD->AD,o_max,xgb_tree_d2,m010014_o_max_ord13_rk00015,13,0.1362373100081452,-0.0,1,Democracy
FTD->AD,o_max,xgb_tree_d2,m011014_o_max_ord14_rk00015,14,0.1355942685244047,0.37123232664087563,2,Democracy
FTD->AD,o_max,xgb_tree_d2,m007016_o_max_ord10_rk00017,10,0.1348181760531698,-0.0,1,Democracy
FTD->AD,o_max,xgb_tree_d2,m017017_o_max_ord20_rk00018,20,0.1339031600878862,0.2863969571159562,2,Democracy
FTD->AD,o_max,xgb_tree_d2,m012006_o_max_ord15_rk00007,15,0.1336544690457267,-0.0,1,Democracy
FTD->AD,o_max,xgb_tree_d2,m016004_o_max_ord19_rk00005,19,0.1334395964672623,0.2974722489192896,2,Democracy
FTD->AD,o_max,xgb_tree_d2,m003015_o_max_ord6_rk00016,6,0.1333490305379708,-0.0,1,Democracy
FTD->AD,o_max,xgb_tree_d2,m026008_o_max_ord29_rk00009,29,0.1333208717150052,1.1991018361613466,5,Democracy
FTD->AD,o_max,xgb_tree_d2,m011018_o_max_ord14_rk00019,14,0.1326625342181528,0.37123232664087563,2,Democracy
FTD->AD,o_max,xgb_tree_d2,m017004_o_max_ord20_rk00005,20,0.1325045815606079,-0.0,1,Democracy
FTD->AD,o_max,xgb_tree_d2,m022014_o_max_ord25_rk00015,25,0.1321838713972192,1.106313713864835,5,Democracy
FTD->AD,o_max,xgb_tree_d2,m006005_o_max_ord9_rk00006,9,0.1320714610502005,-0.0,1,Democracy
FTD->AD,o_max,xgb_tree_d2,m018015_o_max_ord21_rk00016,21,0.1320153701238239,1.115520093581932,3,Democracy
FTD->AD,o_max,xgb_tree_d2,m020004_o_max_ord23_rk00005,23,0.1314612590137935,1.0666152167384504,3,Democracy
FTD->AD,o_max,xgb_tree_d2,m012013_o_max_ord15_rk00014,15,0.1311512246091899,0.35335933502142136,2,Democracy
FTD->AD,o_max,xgb_tree_d2,m007015_o_max_ord10_rk00016,10,0.1308545721680063,-0.0,1,Democracy
FTD->AD,o_max,xgb_tree_d2,m003003_o_max_ord6_rk00004,6,0.1304050431365102,-0.0,1,Democracy
FTD->AD,o_max,xgb_tree_d2,m017000_o_max_ord20_rk00001,20,0.1301933322445074,0.8812908992306927,2,Democracy
FTD->AD,o_max,xgb_tree_d2,m006010_o_max_ord9_rk00011,9,0.1301492521751458,-0.0,1,Democracy
FTD->AD,o_max,xgb_tree_d2,m020010_o_max_ord23_rk00011,23,0.1299216108755264,0.5131851787372753,3,Democracy
FTD->AD,o_max,xgb_tree_d2,m008007_o_max_ord11_rk00008,11,0.1297873836806135,-0.0,1,Democracy
FTD->AD,o_max,xgb_tree_d2,m013007_o_max_ord16_rk00008,16,0.1293390042320756,0.3372900666170139,2,Democracy
FTD->AD,o_max,xgb_tree_d2,m011011_o_max_ord14_rk00012,14,0.1291505126802458,-0.0,1,Democracy
FTD->AD,o_max,xgb_tree_d2,m015010_o_max_ord18_rk00011,18,0.1290399531319007,-0.0,1,Democracy
FTD->AD,o_max,xgb_tree_d2,m016000_o_max_ord19_rk00001,19,0.1284544370314665,0.8997437586982626,2,Democracy
FTD->AD,o_max,xgb_tree_d2,m011002_o_max_ord14_rk00003,14,0.1280373468688724,-0.0,1,Democracy
FTD->AD,o_max,xgb_tree_d2,m007005_o_max_ord10_rk00006,10,0.1279444548366188,-0.0,1,Democracy
FTD->AD,o_max,xgb_tree_d2,m013014_o_max_ord16_rk00015,16,0.1274592616640658,0.3372900666170139,2,Democracy
FTD->AD,o_max,xgb_tree_d2,m021009_o_max_ord24_rk00010,24,0.1264914475012689,1.0238995733215066,4,Democracy
FTD->AD,o_max,xgb_tree_d2,m011016_o_max_ord14_rk00017,14,0.1253980620729684,-0.0,1,Democracy
FTD->AD,o_max,xgb_tree_d2,m015016_o_max_ord18_rk00017,18,0.1251660460275165,0.3095434291503252,2,Democracy
FTD->AD,o_max,xgb_tree_d2,m020012_o_max_ord23_rk00013,23,0.1249785956555611,0.5131851787372753,3,Democracy
FTD->AD,o_max,xgb_tree_d2,m004002_o_max_ord7_rk00003,7,0.1248466239371886,-0.0,1,Democracy
FTD->AD,o_max,xgb_tree_d2,m011015_o_max_ord14_rk00016,14,0.1247671689195614,-0.0,1,Democracy
FTD->AD,o_max,xgb_tree_d2,m003006_o_max_ord6_rk00007,6,0.1236729044369442,-0.0,1,Democracy
FTD->AD,o_max,xgb_tree_d2,m017018_o_max_ord20_rk00019,20,0.1234251222910364,1.1411535278793057,3,Democracy
FTD->AD,o_max,xgb_tree_d2,m015014_o_max_ord18_rk00015,18,0.1232526057934544,0.3095434291503252,2,Democracy
FTD->AD,o_max,xgb_tree_d2,m011001_o_max_ord14_rk00002,14,0.1231909870587693,-0.0,1,Democracy
FTD->AD,o_max,xgb_tree_d2,m012000_o_max_ord15_rk00001,15,0.1227926579309516,-0.0,1,Democracy
FTD->AD,o_max,xgb_tree_d2,m019000_o_max_ord22_rk00001,22,0.1221726873792861,0.8453509366224364,2,Democracy
FTD->AD,o_max,xgb_tree_d2,m008002_o_max_ord11_rk00003,11,0.1219250462340993,-0.0,1,Democracy
FTD->AD,o_max,xgb_tree_d2,m006012_o_max_ord9_rk00013,9,0.1216792065911268,-0.0,1,Democracy
FTD->AD,o_max,xgb_tree_d2,m017007_o_max_ord20_rk00008,20,0.1216476748365974,0.2863969571159562,2,Democracy
FTD->AD,o_max,xgb_tree_d2,m019001_o_max_ord22_rk00002,22,0.1214956858078042,1.090652803252992,3,Democracy
FTD->AD,o_max,xgb_tree_d2,m026016_o_max_ord29_rk00017,29,0.1214856646581652,0.9944663403237343,4,Democracy
FTD->AD,o_max,xgb_tree_d2,m015013_o_max_ord18_rk00014,18,0.1210396658968286,0.3095434291503252,2,Democracy
FTD->AD,o_max,xgb_tree_d2,m024003_o_max_ord27_rk00004,27,0.1207236098957542,1.257162987432089,5,Democracy
FTD->AD,o_max,xgb_tree_d2,m010015_o_max_ord13_rk00016,13,0.1202547100843962,-0.0,1,Democracy
FTD->AD,o_max,xgb_tree_d2,m027012_o_max_ord30_rk00013,30,0.1200854422696635,1.4989350663300531,6,Democracy
FTD->AD,o_max,xgb_tree_d2,m022016_o_max_ord25_rk00017,25,0.1200717933327895,1.2252357794710609,5,Democracy
FTD->AD,o_max,xgb_tree_d2,m020011_o_max_ord23_rk00012,23,0.1200384236528102,0.6784070909375675,3,Democracy
FTD->AD,o_max,xgb_tree_d2,m012004_o_max_ord15_rk00005,15,0.1199982529123275,-0.0,1,Democracy
FTD->AD,o_max,xgb_tree_d2,m024018_o_max_ord27_rk00019,27,0.1198440662898274,1.257162987432089,5,Democracy
FTD->AD,o_max,xgb_tree_d2,m027000_o_max_ord30_rk00001,30,0.1197984005231064,1.2486092328524885,4,Democracy
FTD->AD,o_max,xgb_tree_d2,m009016_o_max_ord12_rk00017,12,0.119789091855078,-0.0,1,Democracy
FTD->AD,o_max,xgb_tree_d2,m002004_o_max_ord5_rk00005,5,0.1194256319082096,-0.0,1,Democracy
FTD->AD,o_max,xgb_tree_d2,m006011_o_max_ord9_rk00012,9,0.1193994657302415,-0.0,1,Democracy
FTD->AD,o_max,xgb_tree_d2,m002014_o_max_ord5_rk00015,5,0.1191892607171025,-0.0,1,Democracy
FTD->AD,o_max,xgb_tree_d2,m012010_o_max_ord15_rk00011,15,0.1191102647119785,-0.0,1,Democracy
FTD->AD,o_max,xgb_tree_d2,m012019_o_max_ord15_rk00020,15,0.1179927355594873,0.35335933502142136,2,Democracy
FTD->AD,o_max,xgb_tree_d2,m007017_o_max_ord10_rk00018,10,0.1174559456123529,-0.0,1,Democracy
FTD->AD,o_max,xgb_tree_d2,m024014_o_max_ord27_rk00015,27,0.1165049723062097,1.257162987432089,5,Democracy
FTD->AD,o_max,xgb_tree_d2,m024011_o_max_ord27_rk00012,27,0.1164133695429653,0.824980257347893,3,Democracy
FTD->AD,o_max,xgb_tree_d2,m006008_o_max_ord9_rk00009,9,0.1159006842245875,-0.0,1,Democracy
FTD->AD,o_max,xgb_tree_d2,m020001_o_max_ord23_rk00002,23,0.1158518584545282,0.9123163027543336,3,Democracy
FTD->AD,o_max,xgb_tree_d2,m004007_o_max_ord7_rk00008,7,0.1153407101256266,-0.0,1,Democracy
FTD->AD,o_max,xgb_tree_d2,m006000_o_max_ord9_rk00001,9,0.1152283561811226,-0.0,1,Democracy
FTD->AD,o_max,xgb_tree_d2,m005008_o_max_ord8_rk00009,8,0.1151543338761095,-0.0,1,Democracy
FTD->AD,o_max,xgb_tree_d2,m017015_o_max_ord20_rk00016,20,0.1146149269532529,0.5689955935892812,3,Democracy
FTD->AD,o_max,xgb_tree_d2,m017003_o_max_ord20_rk00004,20,0.1145338009082171,0.2863969571159562,2,Democracy
FTD->AD,o_max,xgb_tree_d2,m004001_o_max_ord7_rk00002,7,0.1144128732026265,-0.0,1,Democracy
FTD->AD,o_max,xgb_tree_d2,m026002_o_max_ord29_rk00003,29,0.1143059034761997,1.1991018361613466,5,Democracy
FTD->AD,o_max,xgb_tree_d2,m024016_o_max_ord27_rk00017,27,0.113976608477349,1.1625336732554155,5,Democracy
FTD->AD,o_max,xgb_tree_d2,m016011_o_max_ord19_rk00012,19,0.1137448599325716,0.2974722489192896,2,Democracy
FTD->AD,o_max,xgb_tree_d2,m006013_o_max_ord9_rk00014,9,0.1135010068610389,-0.0,1,Democracy
FTD->AD,o_max,xgb_tree_d2,m027016_o_max_ord30_rk00017,30,0.1134287494751344,1.3699740752745007,6,Democracy
FTD->AD,o_max,xgb_tree_d2,m012012_o_max_ord15_rk00013,15,0.1133473240878366,-0.0,1,Democracy
FTD->AD,o_max,xgb_tree_d2,m006017_o_max_ord9_rk00018,9,0.1128391866189723,-0.0,1,Democracy
FTD->AD,o_max,xgb_tree_d2,m007008_o_max_ord10_rk00009,10,0.1119909664063125,-0.0,1,Democracy
FTD->AD,o_max,xgb_tree_d2,m020003_o_max_ord23_rk00004,23,0.1117128355008733,0.9123163027543336,3,Democracy
FTD->AD,o_max,xgb_tree_d2,m008017_o_max_ord11_rk00018,11,0.1116738986298541,0.4394969869215134,2,Democracy
FTD->AD,o_max,xgb_tree_d2,m014003_o_max_ord17_rk00004,17,0.1113007739725078,-0.0,1,Democracy
FTD->AD,o_max,xgb_tree_d2,m008014_o_max_ord11_rk00015,11,0.1103802573507293,-0.0,1,Democracy
FTD->AD,o_max,xgb_tree_d2,m004010_o_max_ord7_rk00011,7,0.1095916347104405,-0.0,1,Democracy
FTD->AD,o_max,xgb_tree_d2,m006007_o_max_ord9_rk00008,9,0.1088596429670789,-0.0,1,Democracy
FTD->AD,o_max,xgb_tree_d2,m000000_o_max_ord3_rk00001,3,0.108296147580813,-0.0,1,Democracy
FTD->AD,o_max,xgb_tree_d2,m007001_o_max_ord10_rk00002,10,0.1080457102129811,-0.0,1,Democracy
FTD->AD,o_max,xgb_tree_d2,m004017_o_max_ord7_rk00018,7,0.1079512121045729,-0.0,1,Democracy
FTD->AD,o_max,xgb_tree_d2,m008006_o_max_ord11_rk00007,11,0.1076487428239134,-0.0,1,Democracy
FTD->AD,o_max,xgb_tree_d2,m017006_o_max_ord20_rk00007,20,0.1071589420235817,0.2863969571159562,2,Democracy
FTD->AD,o_max,xgb_tree_d2,m014011_o_max_ord17_rk00012,17,0.106793989935069,-0.0,1,Democracy
FTD->AD,o_max,xgb_tree_d2,m020015_o_max_ord23_rk00016,23,0.1067691387424458,1.0534081504863568,4,Democracy
FTD->AD,o_max,xgb_tree_d2,m011010_o_max_ord14_rk00011,14,0.1066531022188801,0.37123232664087563,2,Democracy
FTD->AD,o_max,xgb_tree_d2,m011009_o_max_ord14_rk00010,14,0.1066415281308582,-0.0,1,Democracy
FTD->AD,o_max,xgb_tree_d2,m006016_o_max_ord9_rk00017,9,0.1062801628776015,-0.0,1,Democracy
FTD->AD,o_max,xgb_tree_d2,m020018_o_max_ord23_rk00019,23,0.1062124280626739,0.8076702057269436,3,Democracy
FTD->AD,o_max,xgb_tree_d2,m012014_o_max_ord15_rk00015,15,0.1059566613109738,-0.0,1,Democracy
FTD->AD,o_max,xgb_tree_d2,m001008_o_max_ord4_rk00009,4,0.1058793786878398,-0.0,1,Democracy
FTD->AD,o_max,xgb_tree_d2,m020014_o_max_ord23_rk00015,23,0.1045102792981617,0.8076702057269436,3,Democracy
FTD->AD,o_max,xgb_tree_d2,m000019_o_max_ord3_rk00020,3,0.1044898824947467,-0.0,1,Democracy
FTD->AD,o_max,xgb_tree_d2,m016006_o_max_ord19_rk00007,19,0.104042656300567,-0.0,1,Democracy
FTD->AD,o_max,xgb_tree_d2,m014017_o_max_ord17_rk00018,17,0.10376912556402,0.3227569588973982,2,Democracy
FTD->AD,o_max,xgb_tree_d2,m006006_o_max_ord9_rk00007,9,0.1033800611982104,-0.0,1,Democracy
FTD->AD,o_max,xgb_tree_d2,m008004_o_max_ord11_rk00005,11,0.1031254954468996,-0.0,1,Democracy
FTD->AD,o_max,xgb_tree_d2,m015017_o_max_ord18_rk00018,18,0.1027236840413523,-0.0,1,Democracy
FTD->AD,o_max,xgb_tree_d2,m006002_o_max_ord9_rk00003,9,0.1026318173784787,-0.0,1,Democracy
FTD->AD,o_max,xgb_tree_d2,m002002_o_max_ord5_rk00003,5,0.1023739491070521,-0.0,1,Democracy
FTD->AD,o_max,xgb_tree_d2,m010008_o_max_ord13_rk00009,13,0.1019811497579921,-0.0,1,Democracy
FTD->AD,o_max,xgb_tree_d2,m006003_o_max_ord9_rk00004,9,0.1016994957498491,-0.0,1,Democracy
FTD->AD,o_max,xgb_tree_d2,m011013_o_max_ord14_rk00014,14,0.1016551210475347,-0.0,1,Democracy
FTD->AD,o_max,xgb_tree_d2,m008010_o_max_ord11_rk00011,11,0.1015425665304771,-0.0,1,Democracy
FTD->AD,o_max,xgb_tree_d2,m024007_o_max_ord27_rk00008,27,0.1009078493928076,1.257162987432089,5,Democracy
FTD->AD,o_max,xgb_tree_d2,m008015_o_max_ord11_rk00016,11,0.1006893736811306,-0.0,1,Democracy
FTD->AD,o_max,xgb_tree_d2,m008018_o_max_ord11_rk00019,11,0.1006366584033318,-0.0,1,Democracy
FTD->AD,o_max,xgb_tree_d2,m006009_o_max_ord9_rk00010,9,0.1004870182561815,-0.0,1,Democracy
FTD->AD,o_max,xgb_tree_d2,m008016_o_max_ord11_rk00017,11,0.1003010804553675,-0.0,1,Democracy
AD+FTD->AD,o_min,ols,m048533_o_min_ord4_rk00019,4,0.4806273698676588,1.5,3,Air Pollution
AD+FTD->AD,o_min,ols,m048519_o_min_ord4_rk00005,4,0.4733918038826011,1.5,3,Socioeconomic
AD+FTD->AD,o_min,ols,m048526_o_min_ord4_rk00012,4,0.4704372934431728,1.5,3,Air Pollution
AD+FTD->AD,o_min,ols,m048528_o_min_ord4_rk00014,4,0.4701088401397507,1.5,3,Air Pollution
AD+FTD->AD,o_min,ols,m048517_o_min_ord4_rk00003,4,0.4687772307648734,1.5,3,Air Pollution
AD+FTD->AD,o_min,ols,m048518_o_min_ord4_rk00004,4,0.4670059353107709,1.5,3,Air Pollution
AD+FTD->AD,o_min,ols,m048532_o_min_ord4_rk00018,4,0.4669607008226474,1.5,3,Temperature
AD+FTD->AD,o_min,ols,m048530_o_min_ord4_rk00016,4,0.4667982495804347,2.0,4,Air Pollution
AD+FTD->AD,o_min,ols,m048525_o_min_ord4_rk00011,4,0.4667456389248395,1.5,3,Air Pollution
AD+FTD->AD,o_min,ols,m047533_o_min_ord3_rk00019,3,0.4667428733447929,0.9182958340544896,2,Socioeconomic
AD+FTD->AD,o_min,ols,m048527_o_min_ord4_rk00013,4,0.4652754340493796,2.0,4,Air Pollution
AD+FTD->AD,o_min,ols,m048520_o_min_ord4_rk00006,4,0.4628588868765556,1.5,3,Air Pollution
AD+FTD->AD,o_min,ols,m047515_o_min_ord3_rk00001,3,0.4622691651104427,0.9182958340544896,2,Air Pollution
AD+FTD->AD,o_min,ols,m047527_o_min_ord3_rk00013,3,0.462043160472148,0.9182958340544896,2,Democracy
AD+FTD->AD,o_min,ols,m047521_o_min_ord3_rk00007,3,0.4600326427215262,0.9182958340544896,2,Democracy
AD+FTD->AD,o_min,ols,m048522_o_min_ord4_rk00008,4,0.4584583726830505,1.5,3,Air Pollution
AD+FTD->AD,o_min,ols,m047532_o_min_ord3_rk00018,3,0.4584330006838739,1.584962500721156,3,Air Pollution
AD+FTD->AD,o_min,ols,m047534_o_min_ord3_rk00020,3,0.457932951772204,1.584962500721156,3,Air Pollution
AD+FTD->AD,o_min,ols,m048524_o_min_ord4_rk00010,4,0.4570737924869567,1.5,3,Air Pollution
AD+FTD->AD,o_min,ols,m048523_o_min_ord4_rk00009,4,0.452311891474478,1.5,3,Air Pollution
AD+FTD->AD,o_min,ols,m047528_o_min_ord3_rk00014,3,0.4519667576515439,0.9182958340544896,2,Air Pollution
AD+FTD->AD,o_min,ols,m048534_o_min_ord4_rk00020,4,0.4510724359390318,1.5,3,Air Pollution
AD+FTD->AD,o_min,ols,m048521_o_min_ord4_rk00007,4,0.4465253581606093,1.5,3,Air Pollution
AD+FTD->AD,o_min,ols,m047517_o_min_ord3_rk00003,3,0.4436672351661388,1.584962500721156,3,Air Pollution
AD+FTD->AD,o_min,ols,m048516_o_min_ord4_rk00002,4,0.4435464486859215,1.5,3,Air Pollution
AD+FTD->AD,o_min,ols,m048529_o_min_ord4_rk00015,4,0.4411286087779383,1.5,3,Air Pollution
AD+FTD->AD,o_min,ols,m047531_o_min_ord3_rk00017,3,0.4372592344488758,0.9182958340544896,2,Air Pollution
AD+FTD->AD,o_min,ols,m048531_o_min_ord4_rk00017,4,0.4368275328038505,1.5,3,Air Pollution
AD+FTD->AD,o_min,ols,m047516_o_min_ord3_rk00002,3,0.433374155056501,0.9182958340544896,2,Democracy
AD+FTD->AD,o_min,ols,m047518_o_min_ord3_rk00004,3,0.4330354469458063,0.9182958340544896,2,Democracy
AD+FTD->AD,o_min,ols,m050515_o_min_ord6_rk00001,6,0.43042361864233,1.4591479170272448,3,Democracy
AD+FTD->AD,o_min,ols,m051526_o_min_ord7_rk00012,7,0.4297876943665357,1.8423709931771086,4,Democracy
AD+FTD->AD,o_min,ols,m047524_o_min_ord3_rk00010,3,0.4275389983611732,0.9182958340544896,2,Democracy
AD+FTD->AD,o_min,ols,m049520_o_min_ord5_rk00006,5,0.4206054547119501,1.9219280948873623,4,Air Pollution
AD+FTD->AD,o_min,ols,m047522_o_min_ord3_rk00008,3,0.4105953354434114,0.9182958340544896,2,Democracy
AD+FTD->AD,o_min,ols,m049530_o_min_ord5_rk00016,5,0.4046462417196121,1.5219280948873621,3,Air Pollution
AD+FTD->AD,o_min,ols,m051532_o_min_ord7_rk00018,7,0.403397551647573,1.8423709931771086,4,Democracy
AD+FTD->AD,o_min,ols,m051529_o_min_ord7_rk00015,7,0.3943449642438348,1.8423709931771086,4,Democracy
AD+FTD->AD,o_min,ols,m057529_o_min_ord13_rk00015,13,0.3915498725839949,2.6031579868726,7,Temperature
AD+FTD->AD,o_min,ols,m051519_o_min_ord7_rk00005,7,0.3907586436777266,1.3787834934861753,3,Democracy
AD+FTD->AD,o_min,ols,m049522_o_min_ord5_rk00008,5,0.3888716710562714,1.5219280948873621,3,Air Pollution
AD+FTD->AD,o_min,ols,m049521_o_min_ord5_rk00007,5,0.3831750524127638,1.9219280948873623,4,Air Pollution
AD+FTD->AD,o_min,ols,m047523_o_min_ord3_rk00009,3,0.3773750466316682,1.584962500721156,3,Air Pollution
AD+FTD->AD,o_min,ols,m047529_o_min_ord3_rk00015,3,0.3669288704220708,1.584962500721156,3,Air Pollution
AD+FTD->AD,o_min,ols,m056519_o_min_ord12_rk00005,12,0.3615017300088342,2.6258145836939115,7,Temperature
AD+FTD->AD,o_min,ols,m049527_o_min_ord5_rk00013,5,0.3588303416854468,1.9219280948873623,4,Air Pollution
AD+FTD->AD,o_min,ols,m047530_o_min_ord3_rk00016,3,0.3585889309302117,0.9182958340544896,2,Democracy
AD+FTD->AD,o_min,ols,m051516_o_min_ord7_rk00002,7,0.3556538988368629,1.3787834934861753,3,Democracy
AD+FTD->AD,o_min,ols,m049529_o_min_ord5_rk00015,5,0.3534455137107272,1.3709505944546687,3,Air Pollution
AD+FTD->AD,o_min,ols,m049517_o_min_ord5_rk00003,5,0.3489399350667386,1.9219280948873623,4,Air Pollution
AD+FTD->AD,o_min,ols,m052525_o_min_ord8_rk00011,8,0.343339930966945,1.75,4,Democracy
AD+FTD->AD,o_min,ols,m051533_o_min_ord7_rk00019,7,0.3404267150963496,1.8423709931771086,4,Democracy
AD+FTD->AD,o_min,ols,m047525_o_min_ord3_rk00011,3,0.3321954180108122,0.9182958340544896,2,Temperature
AD+FTD->AD,o_min,ols,m048515_o_min_ord4_rk00001,4,0.3296651912191404,1.0,2,Air Pollution
AD+FTD->AD,o_min,ols,m055524_o_min_ord11_rk00010,11,0.3277147115351357,2.413088436425758,6,Temperature
AD+FTD->AD,o_min,ols,m049518_o_min_ord5_rk00004,5,0.3253870679364192,1.5219280948873621,3,Air Pollution
AD+FTD->AD,o_min,ols,m053530_o_min_ord9_rk00016,9,0.302843650434121,2.197159723424149,5,Democracy
AD+FTD->AD,o_min,ols,m049523_o_min_ord5_rk00009,5,0.3027570323063394,1.5219280948873621,3,Precipitation/droughts
AD+FTD->AD,o_min,ols,m053519_o_min_ord9_rk00005,9,0.2969441439739382,2.2810361125534238,5,Air Pollution
AD+FTD->AD,o_min,ols,m049515_o_min_ord5_rk00001,5,0.2947085576558502,1.5219280948873621,3,Precipitation/droughts
AD+FTD->AD,o_min,ols,m049519_o_min_ord5_rk00005,5,0.2928316505416051,1.5219280948873621,3,Air Pollution
AD+FTD->AD,o_min,ols,m050524_o_min_ord6_rk00010,6,0.2869300377638878,2.2516291673878226,5,Precipitation/droughts
AD+FTD->AD,o_min,ols,m050523_o_min_ord6_rk00009,6,0.2845442577654462,1.9182958340544896,4,Precipitation/droughts
AD+FTD->AD,o_min,ols,m049528_o_min_ord5_rk00014,5,0.2802915274614349,1.5219280948873621,3,Precipitation/droughts
AD+FTD->AD,o_min,ols,m053517_o_min_ord9_rk00003,9,0.2787947360002875,2.1971597234241496,5,Socioeconomic
AD+FTD->AD,o_min,ols,m054525_o_min_ord10_rk00011,10,0.2771822462654908,2.2464393446710154,5,Socioeconomic
AD+FTD->AD,o_min,ols,m050533_o_min_ord6_rk00019,6,0.270218774787952,1.9182958340544896,4,Precipitation/droughts
AD+FTD->AD,o_min,ols,m053520_o_min_ord9_rk00006,9,0.265867070456367,2.2810361125534238,5,Air Pollution
AD+FTD->AD,o_min,ols,m047519_o_min_ord3_rk00005,3,0.2615839768131184,0.9182958340544896,2,Air Pollution
AD+FTD->AD,o_min,ols,m050526_o_min_ord6_rk00012,6,0.260271572241172,1.9182958340544896,4,Precipitation/droughts
AD+FTD->AD,o_min,ols,m049534_o_min_ord5_rk00020,5,0.258161456271185,1.9219280948873623,4,Precipitation/droughts
AD+FTD->AD,o_min,ols,m047526_o_min_ord3_rk00012,3,0.2564006976395859,0.9182958340544896,2,Air Pollution
AD+FTD->AD,o_min,ols,m054527_o_min_ord10_rk00013,10,0.2555167253232718,2.2464393446710154,5,Socioeconomic
AD+FTD->AD,o_min,ols,m050534_o_min_ord6_rk00020,6,0.2552242524184239,2.2516291673878226,5,Precipitation/droughts
AD+FTD->AD,o_min,ols,m050529_o_min_ord6_rk00015,6,0.2399505114250387,1.9182958340544893,4,Air Pollution
AD+FTD->AD,o_min,ols,m049526_o_min_ord5_rk00012,5,0.2384718369695152,1.5219280948873621,3,Air Pollution
AD+FTD->AD,o_min,ols,m050520_o_min_ord6_rk00006,6,0.2384589505337366,1.9182958340544893,4,Air Pollution
AD+FTD->AD,o_min,ols,m049525_o_min_ord5_rk00011,5,0.2383300564724637,1.5219280948873621,3,Air Pollution
AD+FTD->AD,o_min,ols,m050522_o_min_ord6_rk00008,6,0.2304771304323096,1.9182958340544893,4,Air Pollution
AD+FTD->AD,o_min,ols,m052515_o_min_ord8_rk00001,8,0.2064774141774723,2.25,5,Air Pollution
AD+FTD->AD,o_min,ols,m060525_o_min_ord16_rk00011,16,0.1941321186585901,2.452819531114783,6,Temperature
AD+FTD->AD,o_min,ols,m049524_o_min_ord5_rk00010,5,0.1752180970997242,1.9219280948873623,4,Air Pollution
AD+FTD->AD,o_min,ols,m050519_o_min_ord6_rk00005,6,0.168666514594454,1.9182958340544893,4,Air Pollution
AD+FTD->AD,o_min,ols,m050531_o_min_ord6_rk00017,6,0.1678385153643228,1.584962500721156,3,Air Pollution
AD+FTD->AD,o_min,ols,m051518_o_min_ord7_rk00004,7,0.1661304425039875,1.9502120649147465,4,Air Pollution
AD+FTD->AD,o_min,ols,m051525_o_min_ord7_rk00011,7,0.1492054797352442,1.950212064914747,4,Air Pollution
AD+FTD->AD,o_min,ols,m058523_o_min_ord14_rk00009,14,0.1488224022651938,2.2359263506290326,5,Temperature
AD+FTD->AD,o_min,ols,m052532_o_min_ord8_rk00018,8,0.1465204469960893,2.0,4,Air Pollution
AD+FTD->AD,o_min,ols,m050516_o_min_ord6_rk00002,6,0.1433644584145652,1.9182958340544896,4,Air Pollution
AD+FTD->AD,o_min,ols,m050525_o_min_ord6_rk00011,6,0.1432000819638139,1.4591479170272448,3,Democracy
AD+FTD->AD,o_min,ols,m051523_o_min_ord7_rk00009,7,0.1369224868675242,1.9502120649147465,4,Precipitation/droughts
AD+FTD->AD,o_min,ols,m051530_o_min_ord7_rk00016,7,0.1321615763673488,1.9502120649147465,4,Air Pollution
AD+FTD->AD,o_min,ols,m052533_o_min_ord8_rk00019,8,0.1318262195817914,2.5,6,Air Pollution
AD+FTD->AD,o_min,ols,m050518_o_min_ord6_rk00004,6,0.1269254271987218,1.9182958340544896,4,Air Pollution
AD+FTD->AD,o_min,ols,m053525_o_min_ord9_rk00011,9,0.1262493596280304,2.725480556997868,7,Air Pollution
AD+FTD->AD,o_min,ols,m053532_o_min_ord9_rk00018,9,0.1219457973705294,2.0588138903312014,5,Democracy
AD+FTD->AD,o_min,ols,m054515_o_min_ord10_rk00001,10,0.1192836245588209,2.7219280948873625,7,Air Pollution
AD+FTD->AD,o_min,ols,m049532_o_min_ord5_rk00018,5,0.1186137967909892,1.5219280948873621,3,Air Pollution
AD+FTD->AD,o_min,ols,m052519_o_min_ord8_rk00005,8,0.1175919024219873,2.5,6,Air Pollution
AD+FTD->AD,o_min,ols,m054526_o_min_ord10_rk00012,10,0.11754492991756,2.4464393446710155,6,Air Pollution
AD+FTD->AD,o_min,ols,m051528_o_min_ord7_rk00014,7,0.1162048651966284,1.8423709931771088,4,Air Pollution
AD+FTD->AD,o_min,ols,m061521_o_min_ord17_rk00007,17,0.1123891475473568,2.41896119556797,6,Democracy
AD+FTD->AD,o_min,ols,m051534_o_min_ord7_rk00020,7,0.1073377265645899,2.5216406363433186,6,Precipitation/droughts
AD+FTD->AD,o_min,ols,m051524_o_min_ord7_rk00010,7,0.1054539817228726,1.8423709931771088,4,Air Pollution
AD+FTD->AD,o_max,ols,m000009_o_max_ord3_rk00010,3,0.4886431326436805,-0.0,1,Democracy
AD+FTD->AD,o_max,ols,m000011_o_max_ord3_rk00012,3,0.4872481050377367,-0.0,1,Democracy
AD+FTD->AD,o_max,ols,m000019_o_max_ord3_rk00020,3,0.4872207806784008,-0.0,1,Democracy
AD+FTD->AD,o_max,ols,m001008_o_max_ord4_rk00009,4,0.4865993151272683,-0.0,1,Democracy
AD+FTD->AD,o_max,ols,m000002_o_max_ord3_rk00003,3,0.4860487571052604,-0.0,1,Democracy
AD+FTD->AD,o_max,ols,m002004_o_max_ord5_rk00005,5,0.4851873629130336,-0.0,1,Democracy
AD+FTD->AD,o_max,ols,m000010_o_max_ord3_rk00011,3,0.4848087679258605,-0.0,1,Democracy
AD+FTD->AD,o_max,ols,m000007_o_max_ord3_rk00008,3,0.4843795480935376,-0.0,1,Democracy
AD+FTD->AD,o_max,ols,m001013_o_max_ord4_rk00014,4,0.4843208126569331,-0.0,1,Democracy
AD+FTD->AD,o_max,ols,m001006_o_max_ord4_rk00007,4,0.4840942322876072,-0.0,1,Democracy
AD+FTD->AD,o_max,ols,m000018_o_max_ord3_rk00019,3,0.4840644956654217,-0.0,1,Democracy
AD+FTD->AD,o_max,ols,m000006_o_max_ord3_rk00007,3,0.4832474524484801,-0.0,1,Democracy
AD+FTD->AD,o_max,ols,m000017_o_max_ord3_rk00018,3,0.4832387114869571,-0.0,1,Democracy
AD+FTD->AD,o_max,ols,m000000_o_max_ord3_rk00001,3,0.4815773257902169,-0.0,1,Democracy
AD+FTD->AD,o_max,ols,m000003_o_max_ord3_rk00004,3,0.4814352708553694,-0.0,1,Democracy
AD+FTD->AD,o_max,ols,m002010_o_max_ord5_rk00011,5,0.4813268318797957,-0.0,1,Democracy
AD+FTD->AD,o_max,ols,m001009_o_max_ord4_rk00010,4,0.4797399927546277,-0.0,1,Democracy
AD+FTD->AD,o_max,ols,m000015_o_max_ord3_rk00016,3,0.478383406650825,-0.0,1,Democracy
AD+FTD->AD,o_max,ols,m001016_o_max_ord4_rk00017,4,0.4782194241414527,-0.0,1,Democracy
AD+FTD->AD,o_max,ols,m000014_o_max_ord3_rk00015,3,0.4778700090911099,-0.0,1,Democracy
AD+FTD->AD,o_max,ols,m001002_o_max_ord4_rk00003,4,0.4774915501920869,-0.0,1,Democracy
AD+FTD->AD,o_max,ols,m001015_o_max_ord4_rk00016,4,0.4763274609544059,-0.0,1,Democracy
AD+FTD->AD,o_max,ols,m000005_o_max_ord3_rk00006,3,0.4751622917233954,-0.0,1,Democracy
AD+FTD->AD,o_max,ols,m003006_o_max_ord6_rk00007,6,0.4745795658718652,-0.0,1,Democracy
AD+FTD->AD,o_max,ols,m001000_o_max_ord4_rk00001,4,0.4738671921813551,-0.0,1,Democracy
AD+FTD->AD,o_max,ols,m000013_o_max_ord3_rk00014,3,0.473561334060503,-0.0,1,Democracy
AD+FTD->AD,o_max,ols,m001005_o_max_ord4_rk00006,4,0.4725626668352281,-0.0,1,Democracy
AD+FTD->AD,o_max,ols,m002014_o_max_ord5_rk00015,5,0.4711656836298583,-0.0,1,Democracy
AD+FTD->AD,o_max,ols,m000004_o_max_ord3_rk00005,3,0.4710476070287157,-0.0,1,Democracy
AD+FTD->AD,o_max,ols,m003017_o_max_ord6_rk00018,6,0.4707212137140092,-0.0,1,Democracy
AD+FTD->AD,o_max,ols,m000016_o_max_ord3_rk00017,3,0.4703305942492062,-0.0,1,Democracy
AD+FTD->AD,o_max,ols,m000008_o_max_ord3_rk00009,3,0.4698053665054291,-0.0,1,Democracy
AD+FTD->AD,o_max,ols,m001010_o_max_ord4_rk00011,4,0.4693144300691343,-0.0,1,Democracy
AD+FTD->AD,o_max,ols,m002008_o_max_ord5_rk00009,5,0.4684781912152411,-0.0,1,Democracy
AD+FTD->AD,o_max,ols,m002018_o_max_ord5_rk00019,5,0.4674164430782128,-0.0,1,Democracy
AD+FTD->AD,o_max,ols,m003011_o_max_ord6_rk00012,6,0.4673473713939039,-0.0,1,Democracy
AD+FTD->AD,o_max,ols,m001003_o_max_ord4_rk00004,4,0.4665291070113699,-0.0,1,Democracy
AD+FTD->AD,o_max,ols,m003002_o_max_ord6_rk00003,6,0.4662110575992636,-0.0,1,Democracy
AD+FTD->AD,o_max,ols,m002001_o_max_ord5_rk00002,5,0.4645778443173416,-0.0,1,Democracy
AD+FTD->AD,o_max,ols,m001014_o_max_ord4_rk00015,4,0.4635711485078942,-0.0,1,Democracy
AD+FTD->AD,o_max,ols,m002009_o_max_ord5_rk00010,5,0.4628244255754589,-0.0,1,Democracy
AD+FTD->AD,o_max,ols,m001004_o_max_ord4_rk00005,4,0.4625014849829331,-0.0,1,Democracy
AD+FTD->AD,o_max,ols,m002016_o_max_ord5_rk00017,5,0.4624963273186669,-0.0,1,Democracy
AD+FTD->AD,o_max,ols,m001012_o_max_ord4_rk00013,4,0.461263674308379,-0.0,1,Democracy
AD+FTD->AD,o_max,ols,m001001_o_max_ord4_rk00002,4,0.4601855504361495,-0.0,1,Democracy
AD+FTD->AD,o_max,ols,m002005_o_max_ord5_rk00006,5,0.4595504545541966,-0.0,1,Democracy
AD+FTD->AD,o_max,ols,m004015_o_max_ord7_rk00016,7,0.4594874919266128,-0.0,1,Democracy
AD+FTD->AD,o_max,ols,m002011_o_max_ord5_rk00012,5,0.4594581430775455,-0.0,1,Democracy
AD+FTD->AD,o_max,ols,m003007_o_max_ord6_rk00008,6,0.455421135827097,-0.0,1,Democracy
AD+FTD->AD,o_max,ols,m003013_o_max_ord6_rk00014,6,0.4544284156570322,-0.0,1,Democracy
AD+FTD->AD,o_max,ols,m003014_o_max_ord6_rk00015,6,0.4534953405042794,-0.0,1,Democracy
AD+FTD->AD,o_max,ols,m002017_o_max_ord5_rk00018,5,0.4529658060173982,-0.0,1,Democracy
AD+FTD->AD,o_max,ols,m002015_o_max_ord5_rk00016,5,0.4489124404808567,-0.0,1,Democracy
AD+FTD->AD,o_max,ols,m000001_o_max_ord3_rk00002,3,0.4470600307127811,-0.0,1,Air Pollution
AD+FTD->AD,o_max,ols,m002007_o_max_ord5_rk00008,5,0.4436191913273993,-0.0,1,Democracy
AD+FTD->AD,o_max,ols,m004011_o_max_ord7_rk00012,7,0.4422547326083534,-0.0,1,Democracy
AD+FTD->AD,o_max,ols,m002003_o_max_ord5_rk00004,5,0.4415314587083904,-0.0,1,Democracy
AD+FTD->AD,o_max,ols,m002002_o_max_ord5_rk00003,5,0.4409524117349189,-0.0,1,Democracy
AD+FTD->AD,o_max,ols,m003001_o_max_ord6_rk00002,6,0.4404586340202534,-0.0,1,Democracy
AD+FTD->AD,o_max,ols,m003005_o_max_ord6_rk00006,6,0.4394671212929268,-0.0,1,Democracy
AD+FTD->AD,o_max,ols,m004012_o_max_ord7_rk00013,7,0.439226662009716,-0.0,1,Democracy
AD+FTD->AD,o_max,ols,m002000_o_max_ord5_rk00001,5,0.4386103938690845,-0.0,1,Democracy
AD+FTD->AD,o_max,ols,m003016_o_max_ord6_rk00017,6,0.4380415851397975,-0.0,1,Democracy
AD+FTD->AD,o_max,ols,m004003_o_max_ord7_rk00004,7,0.4366622345824057,-0.0,1,Democracy
AD+FTD->AD,o_max,ols,m000012_o_max_ord3_rk00013,3,0.4329975098620195,-0.0,1,Democracy
AD+FTD->AD,o_max,ols,m001011_o_max_ord4_rk00012,4,0.4329301755972508,-0.0,1,Democracy
AD+FTD->AD,o_max,ols,m004006_o_max_ord7_rk00007,7,0.4310779753527551,-0.0,1,Democracy
AD+FTD->AD,o_max,ols,m005009_o_max_ord8_rk00010,8,0.430358366298412,-0.0,1,Democracy
AD+FTD->AD,o_max,ols,m001018_o_max_ord4_rk00019,4,0.4299131470242888,-0.0,1,Democracy
AD+FTD->AD,o_max,ols,m005016_o_max_ord8_rk00017,8,0.4291074424294292,-0.0,1,Democracy
AD+FTD->AD,o_max,ols,m001017_o_max_ord4_rk00018,4,0.4252139351012325,-0.0,1,Democracy
AD+FTD->AD,o_max,ols,m003010_o_max_ord6_rk00011,6,0.4200401586455368,-0.0,1,Democracy
AD+FTD->AD,o_max,ols,m006009_o_max_ord9_rk00010,9,0.4186747897642268,-0.0,1,Democracy
AD+FTD->AD,o_max,ols,m005013_o_max_ord8_rk00014,8,0.4177547983998934,-0.0,1,Democracy
AD+FTD->AD,o_max,ols,m004007_o_max_ord7_rk00008,7,0.4175050694464569,-0.0,1,Democracy
AD+FTD->AD,o_max,ols,m002006_o_max_ord5_rk00007,5,0.4169539977331421,-0.0,1,Democracy
AD+FTD->AD,o_max,ols,m005018_o_max_ord8_rk00019,8,0.416711677107355,-0.0,1,Democracy
AD+FTD->AD,o_max,ols,m002012_o_max_ord5_rk00013,5,0.4124149934390486,-0.0,1,Democracy
AD+FTD->AD,o_max,ols,m005005_o_max_ord8_rk00006,8,0.4112627899658357,-0.0,1,Democracy
AD+FTD->AD,o_max,ols,m004018_o_max_ord7_rk00019,7,0.4094577212640778,-0.0,1,Democracy
AD+FTD->AD,o_max,ols,m004001_o_max_ord7_rk00002,7,0.4074520259545541,-0.0,1,Democracy
AD+FTD->AD,o_max,ols,m004002_o_max_ord7_rk00003,7,0.4069585940396079,-0.0,1,Democracy
AD+FTD->AD,o_max,ols,m003000_o_max_ord6_rk00001,6,0.4064305025202459,-0.0,1,Democracy
AD+FTD->AD,o_max,ols,m004000_o_max_ord7_rk00001,7,0.4052380924366917,-0.0,1,Democracy
AD+FTD->AD,o_max,ols,m006003_o_max_ord9_rk00004,9,0.4010666585951026,-0.0,1,Democracy
AD+FTD->AD,o_max,ols,m003004_o_max_ord6_rk00005,6,0.3989664680785435,-0.0,1,Democracy
AD+FTD->AD,o_max,ols,m004014_o_max_ord7_rk00015,7,0.3986226704464697,-0.0,1,Democracy
AD+FTD->AD,o_max,ols,m005002_o_max_ord8_rk00003,8,0.396452138970458,-0.0,1,Democracy
AD+FTD->AD,o_max,ols,m003009_o_max_ord6_rk00010,6,0.3940715820949638,-0.0,1,Democracy
AD+FTD->AD,o_max,ols,m005000_o_max_ord8_rk00001,8,0.393721682370763,-0.0,1,Democracy
AD+FTD->AD,o_max,ols,m005019_o_max_ord8_rk00020,8,0.3902386347859472,-0.0,1,Democracy
AD+FTD->AD,o_max,ols,m005012_o_max_ord8_rk00013,8,0.3894464246276893,-0.0,1,Democracy
AD+FTD->AD,o_max,ols,m004017_o_max_ord7_rk00018,7,0.3888208653325685,-0.0,1,Democracy
AD+FTD->AD,o_max,ols,m006008_o_max_ord9_rk00009,9,0.3886385363028037,-0.0,1,Democracy
AD+FTD->AD,o_max,ols,m003015_o_max_ord6_rk00016,6,0.3779168391120886,-0.0,1,Democracy
AD+FTD->AD,o_max,ols,m003018_o_max_ord6_rk00019,6,0.3772825641419256,-0.0,1,Democracy
AD+FTD->AD,o_max,ols,m004009_o_max_ord7_rk00010,7,0.3740196027874495,-0.0,1,Democracy
AD+FTD->AD,o_max,ols,m003008_o_max_ord6_rk00009,6,0.3728749800612951,-0.0,1,Democracy
AD+FTD->AD,o_max,ols,m003003_o_max_ord6_rk00004,6,0.3724610747949959,-0.0,1,Democracy
AD+FTD->AD,o_max,ols,m001019_o_max_ord4_rk00020,4,0.3711787282209758,-0.0,1,Air Pollution
AD+FTD->AD,o_max,ols,m005007_o_max_ord8_rk00008,8,0.368938874294258,-0.0,1,Democracy
AD+FTD->AD,o_max,ols,m005015_o_max_ord8_rk00016,8,0.3680847318521471,-0.0,1,Democracy
AD+FTD->AD,o_max,ols,m007019_o_max_ord10_rk00020,10,0.3640247657868073,-0.0,1,Democracy
AD+FTD->AD,o_max,ols,m005014_o_max_ord8_rk00015,8,0.3593792903524139,-0.0,1,Democracy
AD+FTD->AD,o_max,ols,m006012_o_max_ord9_rk00013,9,0.356914692865576,-0.0,1,Democracy
AD+FTD->AD,o_max,ols,m006014_o_max_ord9_rk00015,9,0.3558265019246862,-0.0,1,Democracy
AD+FTD->AD,o_max,ols,m007011_o_max_ord10_rk00012,10,0.3529405595097123,0.4689955935892812,2,Democracy
AD+FTD->AD,o_max,ols,m002013_o_max_ord5_rk00014,5,0.3461962784410465,-0.0,1,Democracy
AD+FTD->AD,o_max,ols,m004019_o_max_ord7_rk00020,7,0.3457823157781414,-0.0,1,Democracy
AD+FTD->AD,o_max,ols,m005010_o_max_ord8_rk00011,8,0.3455453711580231,-0.0,1,Democracy
AD+FTD->AD,o_max,ols,m005001_o_max_ord8_rk00002,8,0.3447089762702751,-0.0,1,Democracy
AD+FTD->AD,o_max,ols,m005006_o_max_ord8_rk00007,8,0.3431736135595997,-0.0,1,Democracy
AD+FTD->AD,o_max,ols,m003019_o_max_ord6_rk00020,6,0.3429989509309412,-0.0,1,Democracy
AD+FTD->AD,o_max,ols,m006018_o_max_ord9_rk00019,9,0.3395718306915023,-0.0,1,Democracy
AD+FTD->AD,o_max,ols,m004004_o_max_ord7_rk00005,7,0.3373188206182969,-0.0,1,Democracy
AD+FTD->AD,o_max,ols,m008010_o_max_ord11_rk00011,11,0.332638464492748,-0.0,1,Democracy
AD+FTD->AD,o_max,ols,m007017_o_max_ord10_rk00018,10,0.3322838454182142,-0.0,1,Democracy
AD+FTD->AD,o_max,ols,m004013_o_max_ord7_rk00014,7,0.3309540728552754,-0.0,1,Democracy
AD+FTD->AD,o_max,ols,m004016_o_max_ord7_rk00017,7,0.3304632340058101,-0.0,1,Democracy
AD+FTD->AD,o_max,ols,m007007_o_max_ord10_rk00008,10,0.3300663778420846,-0.0,1,Democracy
AD+FTD->AD,o_max,ols,m004008_o_max_ord7_rk00009,7,0.3256614793949204,-0.0,1,Democracy
AD+FTD->AD,o_max,ols,m002019_o_max_ord5_rk00020,5,0.3250405149010122,-0.0,1,Democracy
AD+FTD->AD,o_max,ols,m005004_o_max_ord8_rk00005,8,0.325028142034853,-0.0,1,Democracy
AD+FTD->AD,o_max,ols,m003012_o_max_ord6_rk00013,6,0.3209319065078854,-0.0,1,Democracy
AD+FTD->AD,o_max,ols,m006016_o_max_ord9_rk00017,9,0.3202432153308399,-0.0,1,Democracy
AD+FTD->AD,o_max,ols,m006019_o_max_ord9_rk00020,9,0.3201630862092112,-0.0,1,Democracy
AD+FTD->AD,o_max,ols,m004005_o_max_ord7_rk00006,7,0.3135186662998048,-0.0,1,Democracy
AD+FTD->AD,o_max,ols,m005008_o_max_ord8_rk00009,8,0.3129942686848086,-0.0,1,Democracy
AD+FTD->AD,o_max,ols,m005017_o_max_ord8_rk00018,8,0.3115228819365372,-0.0,1,Democracy
AD+FTD->AD,o_max,ols,m005003_o_max_ord8_rk00004,8,0.3101180458550131,-0.0,1,Democracy
AD+FTD->AD,o_max,ols,m006004_o_max_ord9_rk00005,9,0.3084708703307138,-0.0,1,Democracy
AD+FTD->AD,o_max,ols,m007005_o_max_ord10_rk00006,10,0.3066110091554231,-0.0,1,Democracy
AD+FTD->AD,o_max,ols,m007015_o_max_ord10_rk00016,10,0.3050146574555546,-0.0,1,Democracy
AD+FTD->AD,o_max,ols,m006000_o_max_ord9_rk00001,9,0.3040698853102866,-0.0,1,Democracy
AD+FTD->AD,o_max,ols,m004010_o_max_ord7_rk00011,7,0.3006349634475367,-0.0,1,Democracy
AD+FTD->AD,o_max,ols,m007013_o_max_ord10_rk00014,10,0.2995208929606837,-0.0,1,Democracy
AD+FTD->AD,o_max,ols,m006001_o_max_ord9_rk00002,9,0.2987952619437436,-0.0,1,Democracy
AD+FTD->AD,o_max,ols,m007009_o_max_ord10_rk00010,10,0.2986971075580504,-0.0,1,Democracy
AD+FTD->AD,o_max,ols,m006006_o_max_ord9_rk00007,9,0.2982277559931425,-0.0,1,Democracy
AD+FTD->AD,o_max,ols,m006013_o_max_ord9_rk00014,9,0.2964320260292962,-0.0,1,Democracy
AD+FTD->AD,o_max,ols,m006015_o_max_ord9_rk00016,9,0.294465898953832,-0.0,1,Democracy
AD+FTD->AD,o_max,ols,m007010_o_max_ord10_rk00011,10,0.2929646382472064,-0.0,1,Democracy
AD+FTD->AD,o_max,ols,m007004_o_max_ord10_rk00005,10,0.2868916223847345,-0.0,1,Democracy
AD+FTD->AD,o_max,ols,m005011_o_max_ord8_rk00012,8,0.2839597538578935,-0.0,1,Democracy
AD+FTD->AD,o_max,ols,m006010_o_max_ord9_rk00011,9,0.2812173744419369,-0.0,1,Democracy
AD+FTD->AD,o_max,ols,m009016_o_max_ord12_rk00017,12,0.2728661245365479,-0.0,1,Democracy
AD+FTD->AD,o_max,ols,m007014_o_max_ord10_rk00015,10,0.2725791505766535,0.4689955935892812,2,Democracy
AD+FTD->AD,o_max,ols,m009004_o_max_ord12_rk00005,12,0.2668016156131543,-0.0,1,Democracy
AD+FTD->AD,o_max,ols,m006002_o_max_ord9_rk00003,9,0.2618794182128903,-0.0,1,Democracy
AD+FTD->AD,o_max,ols,m008006_o_max_ord11_rk00007,11,0.2606265260562885,-0.0,1,Democracy
AD+FTD->AD,o_max,ols,m006011_o_max_ord9_rk00012,9,0.2585916267129564,-0.0,1,Democracy
AD+FTD->AD,o_max,ols,m006005_o_max_ord9_rk00006,9,0.2549476933091901,-0.0,1,Democracy
AD+FTD->AD,o_max,ols,m010003_o_max_ord13_rk00004,13,0.2517579575611299,-0.0,1,Democracy
AD+FTD->AD,o_max,ols,m008014_o_max_ord11_rk00015,11,0.2481977554786745,-0.0,1,Democracy
AD+FTD->AD,o_max,ols,m009007_o_max_ord12_rk00008,12,0.2429083530085196,-0.0,1,Democracy
AD+FTD->AD,o_max,ols,m007000_o_max_ord10_rk00001,10,0.2375206896014998,-0.0,1,Democracy
AD+FTD->AD,o_max,ols,m007002_o_max_ord10_rk00003,10,0.2373046302571551,-0.0,1,Democracy
AD+FTD->AD,o_max,ols,m006007_o_max_ord9_rk00008,9,0.2369048983551819,-0.0,1,Democracy
AD+FTD->AD,o_max,ols,m008019_o_max_ord11_rk00020,11,0.2328014072297245,-0.0,1,Democracy
AD+FTD->AD,o_max,ols,m008017_o_max_ord11_rk00018,11,0.2326353454154451,0.4394969869215134,2,Democracy
AD+FTD->AD,o_max,ols,m007001_o_max_ord10_rk00002,10,0.2325029056680629,-0.0,1,Democracy
AD+FTD->AD,o_max,ols,m008001_o_max_ord11_rk00002,11,0.2307010059660328,-0.0,1,Democracy
AD+FTD->AD,o_max,ols,m008018_o_max_ord11_rk00019,11,0.2304346816930094,-0.0,1,Democracy
AD+FTD->AD,o_max,ols,m007003_o_max_ord10_rk00004,10,0.2287385152676793,-0.0,1,Democracy
AD+FTD->AD,o_max,ols,m010006_o_max_ord13_rk00007,13,0.2282187077743187,-0.0,1,Democracy
AD+FTD->AD,o_max,ols,m008013_o_max_ord11_rk00014,11,0.2228381066758781,-0.0,1,Democracy
AD+FTD->AD,o_max,ols,m007012_o_max_ord10_rk00013,10,0.2216404733346111,-0.0,1,Democracy
AD+FTD->AD,o_max,ols,m007018_o_max_ord10_rk00019,10,0.2191738049664475,-0.0,1,Democracy
AD+FTD->AD,o_max,ols,m008015_o_max_ord11_rk00016,11,0.2164246716161665,-0.0,1,Democracy
AD+FTD->AD,o_max,ols,m009013_o_max_ord12_rk00014,12,0.2157041341451454,-0.0,1,Democracy
AD+FTD->AD,o_max,ols,m007008_o_max_ord10_rk00009,10,0.2124298896605193,-0.0,1,Democracy
AD+FTD->AD,o_max,ols,m007006_o_max_ord10_rk00007,10,0.2103991841234934,-0.0,1,Democracy
AD+FTD->AD,o_max,ols,m010008_o_max_ord13_rk00009,13,0.2062059262364578,-0.0,1,Democracy
AD+FTD->AD,o_max,ols,m006017_o_max_ord9_rk00018,9,0.2052379555980253,-0.0,1,Democracy
AD+FTD->AD,o_max,ols,m008000_o_max_ord11_rk00001,11,0.2014116500439854,-0.0,1,Democracy
AD+FTD->AD,o_max,ols,m009012_o_max_ord12_rk00013,12,0.192770672929431,-0.0,1,Democracy
AD+FTD->AD,o_max,ols,m008005_o_max_ord11_rk00006,11,0.1891727818073917,-0.0,1,Democracy
AD+FTD->AD,o_max,ols,m008002_o_max_ord11_rk00003,11,0.1821982336917346,-0.0,1,Democracy
AD+FTD->AD,o_max,ols,m008004_o_max_ord11_rk00005,11,0.1804377128427468,-0.0,1,Democracy
AD+FTD->AD,o_max,ols,m010012_o_max_ord13_rk00013,13,0.1793429768280063,-0.0,1,Democracy
AD+FTD->AD,o_max,ols,m009000_o_max_ord12_rk00001,12,0.176196213356337,-0.0,1,Democracy
AD+FTD->AD,o_max,ols,m009018_o_max_ord12_rk00019,12,0.167474367290675,-0.0,1,Democracy
AD+FTD->AD,o_max,ols,m008011_o_max_ord11_rk00012,11,0.1563389400935302,-0.0,1,Democracy
AD+FTD->AD,o_max,ols,m009006_o_max_ord12_rk00007,12,0.1509679913944127,-0.0,1,Democracy
AD+FTD->AD,o_max,ols,m011006_o_max_ord14_rk00007,14,0.146882835427861,-0.0,1,Democracy
AD+FTD->AD,o_max,ols,m008009_o_max_ord11_rk00010,11,0.146225144609029,-0.0,1,Democracy
AD+FTD->AD,o_max,ols,m008008_o_max_ord11_rk00009,11,0.1411716445099797,-0.0,1,Democracy
AD+FTD->AD,o_max,ols,m009005_o_max_ord12_rk00006,12,0.1369996104850801,-0.0,1,Democracy
AD+FTD->AD,o_max,ols,m012008_o_max_ord15_rk00009,15,0.1351650188744039,-0.0,1,Democracy
AD+FTD->AD,o_max,ols,m010016_o_max_ord13_rk00017,13,0.12724351048287,-0.0,1,Democracy
AD+FTD->AD,o_max,ols,m009001_o_max_ord12_rk00002,12,0.1270001089659735,-0.0,1,Democracy
AD+FTD->AD,o_max,ols,m007016_o_max_ord10_rk00017,10,0.1244287035306082,-0.0,1,Democracy
AD+FTD->AD,o_max,ols,m008012_o_max_ord11_rk00013,11,0.1207027105216432,-0.0,1,Democracy
AD+FTD->AD,o_max,ols,m009010_o_max_ord12_rk00011,12,0.1199387518247243,-0.0,1,Democracy
AD+FTD->AD,o_max,ols,m008003_o_max_ord11_rk00004,11,0.1189624509425639,-0.0,1,Democracy
AD+FTD->AD,o_max,ols,m008016_o_max_ord11_rk00017,11,0.1156698865899419,-0.0,1,Democracy
AD+FTD->AD,o_max,ols,m009003_o_max_ord12_rk00004,12,0.1118992827754566,-0.0,1,Democracy
AD+FTD->AD,o_max,ols,m011001_o_max_ord14_rk00002,14,0.1090436983755489,-0.0,1,Democracy
AD+FTD->FTD,o_min,ols,m051529_o_min_ord7_rk00015,7,0.4487972780039493,1.8423709931771086,4,Democracy
AD+FTD->FTD,o_min,ols,m051526_o_min_ord7_rk00012,7,0.4404872352977932,1.8423709931771086,4,Democracy
AD+FTD->FTD,o_min,ols,m047530_o_min_ord3_rk00016,3,0.4392139827813046,0.9182958340544896,2,Democracy
AD+FTD->FTD,o_min,ols,m047524_o_min_ord3_rk00010,3,0.4389873594767783,0.9182958340544896,2,Democracy
AD+FTD->FTD,o_min,ols,m051516_o_min_ord7_rk00002,7,0.4305449610658894,1.3787834934861753,3,Democracy
AD+FTD->FTD,o_min,ols,m051519_o_min_ord7_rk00005,7,0.4302433811851612,1.3787834934861753,3,Democracy
AD+FTD->FTD,o_min,ols,m047522_o_min_ord3_rk00008,3,0.4288418634277272,0.9182958340544896,2,Democracy
AD+FTD->FTD,o_min,ols,m050515_o_min_ord6_rk00001,6,0.4260333708682553,1.4591479170272448,3,Democracy
AD+FTD->FTD,o_min,ols,m048529_o_min_ord4_rk00015,4,0.4249464422642739,1.5,3,Air Pollution
AD+FTD->FTD,o_min,ols,m047525_o_min_ord3_rk00011,3,0.4189946778833444,0.9182958340544896,2,Temperature
AD+FTD->FTD,o_min,ols,m052525_o_min_ord8_rk00011,8,0.417348825253831,1.75,4,Democracy
AD+FTD->FTD,o_min,ols,m049532_o_min_ord5_rk00018,5,0.4146537705078705,1.5219280948873621,3,Air Pollution
AD+FTD->FTD,o_min,ols,m047518_o_min_ord3_rk00004,3,0.4110971340855369,0.9182958340544896,2,Democracy
AD+FTD->FTD,o_min,ols,m047516_o_min_ord3_rk00002,3,0.4090100775329207,0.9182958340544896,2,Democracy
AD+FTD->FTD,o_min,ols,m050533_o_min_ord6_rk00019,6,0.4073464504026611,1.9182958340544896,4,Precipitation/droughts
AD+FTD->FTD,o_min,ols,m052515_o_min_ord8_rk00001,8,0.4067783959976646,2.25,5,Air Pollution
AD+FTD->FTD,o_min,ols,m050525_o_min_ord6_rk00011,6,0.4027448043234966,1.4591479170272448,3,Democracy
AD+FTD->FTD,o_min,ols,m049528_o_min_ord5_rk00014,5,0.4000610831470237,1.5219280948873621,3,Precipitation/droughts
AD+FTD->FTD,o_min,ols,m052520_o_min_ord8_rk00006,8,0.3965891676552797,2.25,5,Temperature
AD+FTD->FTD,o_min,ols,m049523_o_min_ord5_rk00009,5,0.3965269678285203,1.5219280948873621,3,Precipitation/droughts
AD+FTD->FTD,o_min,ols,m051517_o_min_ord7_rk00003,7,0.396037473077809,2.2359263506290326,5,Precipitation/droughts
AD+FTD->FTD,o_min,ols,m051522_o_min_ord7_rk00008,7,0.3959166723294001,2.2359263506290326,5,Precipitation/droughts
AD+FTD->FTD,o_min,ols,m050523_o_min_ord6_rk00009,6,0.3959045575601954,1.9182958340544896,4,Precipitation/droughts
AD+FTD->FTD,o_min,ols,m052522_o_min_ord8_rk00008,8,0.3953563840253178,2.25,5,Temperature
AD+FTD->FTD,o_min,ols,m047527_o_min_ord3_rk00013,3,0.394746356200495,0.9182958340544896,2,Democracy
AD+FTD->FTD,o_min,ols,m053526_o_min_ord9_rk00012,9,0.3928229687925055,2.197159723424149,5,Temperature
AD+FTD->FTD,o_min,ols,m050526_o_min_ord6_rk00012,6,0.3924700094245589,1.9182958340544896,4,Precipitation/droughts
AD+FTD->FTD,o_min,ols,m049515_o_min_ord5_rk00001,5,0.3924546215526179,1.5219280948873621,3,Precipitation/droughts
AD+FTD->FTD,o_min,ols,m047521_o_min_ord3_rk00007,3,0.3912400621124837,0.9182958340544896,2,Democracy
AD+FTD->FTD,o_min,ols,m048519_o_min_ord4_rk00005,4,0.387697394507562,1.5,3,Socioeconomic
AD+FTD->FTD,o_min,ols,m047517_o_min_ord3_rk00003,3,0.3826191910393091,1.584962500721156,3,Air Pollution
AD+FTD->FTD,o_min,ols,m051532_o_min_ord7_rk00018,7,0.3808870088850697,1.8423709931771086,4,Democracy
AD+FTD->FTD,o_min,ols,m052516_o_min_ord8_rk00002,8,0.3803559408922847,2.25,5,Temperature
AD+FTD->FTD,o_min,ols,m051521_o_min_ord7_rk00007,7,0.3794132187019515,2.2359263506290326,5,Precipitation/droughts
AD+FTD->FTD,o_min,ols,m050534_o_min_ord6_rk00020,6,0.3764412276223038,2.2516291673878226,5,Precipitation/droughts
AD+FTD->FTD,o_min,ols,m052528_o_min_ord8_rk00014,8,0.37452464767237,2.25,5,Precipitation/droughts
AD+FTD->FTD,o_min,ols,m053520_o_min_ord9_rk00006,9,0.3727658801801343,2.2810361125534238,5,Air Pollution
AD+FTD->FTD,o_min,ols,m053531_o_min_ord9_rk00017,9,0.3715695559390258,2.197159723424149,5,Air Pollution
AD+FTD->FTD,o_min,ols,m051515_o_min_ord7_rk00001,7,0.3699338819885515,2.2359263506290326,5,Precipitation/droughts
AD+FTD->FTD,o_min,ols,m054526_o_min_ord10_rk00012,10,0.3562497507935068,2.4464393446710155,6,Air Pollution
AD+FTD->FTD,o_min,ols,m048532_o_min_ord4_rk00018,4,0.3545676523389252,1.5,3,Temperature
AD+FTD->FTD,o_min,ols,m047523_o_min_ord3_rk00009,3,0.3497647293795651,1.584962500721156,3,Air Pollution
AD+FTD->FTD,o_min,ols,m051533_o_min_ord7_rk00019,7,0.3455888689817198,1.8423709931771086,4,Democracy
AD+FTD->FTD,o_min,ols,m048516_o_min_ord4_rk00002,4,0.3367603803440127,1.5,3,Air Pollution
AD+FTD->FTD,o_min,ols,m047529_o_min_ord3_rk00015,3,0.3293617464268266,1.584962500721156,3,Air Pollution
AD+FTD->FTD,o_min,ols,m053523_o_min_ord9_rk00009,9,0.3226719318983111,2.2810361125534238,5,Temperature
AD+FTD->FTD,o_min,ols,m048521_o_min_ord4_rk00007,4,0.3201793182521631,1.5,3,Air Pollution
AD+FTD->FTD,o_min,ols,m052523_o_min_ord8_rk00009,8,0.3195148925039803,2.5,6,Precipitation/droughts
AD+FTD->FTD,o_min,ols,m053530_o_min_ord9_rk00016,9,0.3057572158942486,2.197159723424149,5,Democracy
AD+FTD->FTD,o_min,ols,m048522_o_min_ord4_rk00008,4,0.2966009406090596,1.5,3,Air Pollution
AD+FTD->FTD,o_min,ols,m049534_o_min_ord5_rk00020,5,0.2907310480596373,1.9219280948873623,4,Precipitation/droughts
AD+FTD->FTD,o_min,ols,m053534_o_min_ord9_rk00020,9,0.2628337633110835,2.197159723424149,5,Air Pollution
AD+FTD->FTD,o_min,ols,m050524_o_min_ord6_rk00010,6,0.2488022440161593,2.2516291673878226,5,Precipitation/droughts
AD+FTD->FTD,o_min,ols,m051531_o_min_ord7_rk00017,7,0.248379981931302,1.5566567074628228,3,Democracy
AD+FTD->FTD,o_min,ols,m048534_o_min_ord4_rk00020,4,0.2405606792428137,1.5,3,Air Pollution
AD+FTD->FTD,o_min,ols,m052524_o_min_ord8_rk00010,8,0.2369516155161898,1.561278124459133,3,Precipitation/droughts
AD+FTD->FTD,o_min,ols,m053527_o_min_ord9_rk00013,9,0.2357427706427547,2.197159723424149,5,Socioeconomic
AD+FTD->FTD,o_min,ols,m055519_o_min_ord11_rk00005,11,0.2348427226942949,2.663532754804255,7,Air Pollution
AD+FTD->FTD,o_min,ols,m054517_o_min_ord10_rk00003,10,0.2315264510291942,2.170950594454669,5,Air Pollution
AD+FTD->FTD,o_min,ols,m053528_o_min_ord9_rk00014,9,0.2300128145690796,2.5032583347756456,6,Temperature
AD+FTD->FTD,o_min,ols,m051534_o_min_ord7_rk00020,7,0.227647376491843,2.5216406363433186,6,Precipitation/droughts
AD+FTD->FTD,o_min,ols,m052517_o_min_ord8_rk00003,8,0.2265185716414575,2.1556390622295662,5,Socioeconomic
AD+FTD->FTD,o_min,ols,m049520_o_min_ord5_rk00006,5,0.2251104598902592,1.9219280948873623,4,Air Pollution
AD+FTD->FTD,o_min,ols,m052526_o_min_ord8_rk00012,8,0.2239095608327088,2.25,5,Precipitation/droughts
AD+FTD->FTD,o_min,ols,m050532_o_min_ord6_rk00018,6,0.2228275021585279,1.7924812503605778,4,Air Pollution
AD+FTD->FTD,o_min,ols,m053529_o_min_ord9_rk00015,9,0.2200865340942703,2.197159723424149,5,Socioeconomic
AD+FTD->FTD,o_min,ols,m049531_o_min_ord5_rk00017,5,0.2181331895724704,1.9219280948873623,4,Precipitation/droughts
AD+FTD->FTD,o_min,ols,m053533_o_min_ord9_rk00019,9,0.2180475842992569,2.1971597234241496,5,Socioeconomic
AD+FTD->FTD,o_min,ols,m048531_o_min_ord4_rk00017,4,0.1938149016819156,1.5,3,Air Pollution
AD+FTD->FTD,o_min,ols,m054524_o_min_ord10_rk00010,10,0.190629529802595,2.2464393446710154,5,Temperature
AD+FTD->FTD,o_min,ols,m050521_o_min_ord6_rk00007,6,0.1889328869341179,1.9182958340544893,4,Precipitation/droughts
AD+FTD->FTD,o_min,ols,m053516_o_min_ord9_rk00002,9,0.1792754276847897,2.725480556997868,7,Precipitation/droughts
AD+FTD->FTD,o_min,ols,m052521_o_min_ord8_rk00007,8,0.1788902600744972,1.9056390622295665,4,Socioeconomic
AD+FTD->FTD,o_min,ols,m047533_o_min_ord3_rk00019,3,0.1782289099066526,0.9182958340544896,2,Socioeconomic
AD+FTD->FTD,o_min,ols,m049521_o_min_ord5_rk00007,5,0.1710763662825416,1.9219280948873623,4,Air Pollution
AD+FTD->FTD,o_min,ols,m055527_o_min_ord11_rk00013,11,0.1574452372240926,2.1180782093497093,5,Temperature
AD+FTD->FTD,o_min,ols,m049530_o_min_ord5_rk00016,5,0.1433514341817855,1.5219280948873621,3,Air Pollution
AD+FTD->FTD,o_min,ols,m049517_o_min_ord5_rk00003,5,0.1335456983887543,1.9219280948873623,4,Air Pollution
AD+FTD->FTD,o_min,ols,m055521_o_min_ord11_rk00007,11,0.1309344133467189,2.299896391167891,5,Temperature
AD+FTD->FTD,o_min,ols,m054531_o_min_ord10_rk00017,10,0.1252780630644077,2.2464393446710154,5,Socioeconomic
AD+FTD->FTD,o_min,ols,m052527_o_min_ord8_rk00013,8,0.1240913150299595,2.25,5,Precipitation/droughts
AD+FTD->FTD,o_min,ols,m048530_o_min_ord4_rk00016,4,0.1102233598424887,2.0,4,Air Pollution
AD+FTD->FTD,o_min,ols,m048517_o_min_ord4_rk00003,4,0.1090321281799079,1.5,3,Air Pollution
AD+FTD->FTD,o_min,ols,m054533_o_min_ord10_rk00019,10,0.1039729564303605,2.4464393446710155,6,Temperature
AD+FTD->FTD,o_min,ols,m047534_o_min_ord3_rk00020,3,0.103099620819245,1.584962500721156,3,Air Pollution
AD+FTD->FTD,o_max,xgb_tree_d1,m022016_o_max_ord25_rk00017,25,0.4524914131059736,1.2252357794710609,5,Democracy
AD+FTD->FTD,o_max,xgb_tree_d1,m023008_o_max_ord26_rk00009,26,0.4501215882261616,1.2884926890861643,5,Democracy
AD+FTD->FTD,o_max,xgb_tree_d1,m023018_o_max_ord26_rk00019,26,0.4499256189604983,0.7441942138263227,3,Democracy
AD+FTD->FTD,o_max,xgb_tree_d1,m026015_o_max_ord29_rk00016,29,0.4492059362876172,1.2770049139968558,5,Democracy
AD+FTD->FTD,o_max,xgb_tree_d1,m025004_o_max_ord28_rk00005,28,0.4479758904001649,1.2274025692592483,5,Democracy
AD+FTD->FTD,o_max,xgb_tree_d1,m022000_o_max_ord25_rk00001,25,0.4466598106125788,1.0954312795575998,4,Democracy
AD+FTD->FTD,o_max,xgb_tree_d1,m024019_o_max_ord27_rk00020,27,0.4463276120925529,0.908653933541588,3,Democracy
AD+FTD->FTD,o_max,xgb_tree_d1,m022012_o_max_ord25_rk00013,25,0.4462950261729318,1.32151018873626,5,Democracy
AD+FTD->FTD,o_max,xgb_tree_d1,m024018_o_max_ord27_rk00019,27,0.4457022125318889,1.257162987432089,5,Democracy
AD+FTD->FTD,o_max,xgb_tree_d1,m019017_o_max_ord22_rk00018,22,0.4456003627812772,0.9373012413074895,3,Democracy
AD+FTD->FTD,o_max,xgb_tree_d1,m026012_o_max_ord29_rk00013,29,0.4455848987226816,1.1991018361613466,5,Democracy
AD+FTD->FTD,o_max,xgb_tree_d1,m026016_o_max_ord29_rk00017,29,0.4455593676990854,0.9944663403237343,4,Democracy
AD+FTD->FTD,o_max,xgb_tree_d1,m027009_o_max_ord30_rk00010,30,0.4449772017725335,1.2496527261266068,5,Democracy
AD+FTD->FTD,o_max,xgb_tree_d1,m026008_o_max_ord29_rk00009,29,0.4448341016650919,1.1991018361613466,5,Democracy
AD+FTD->FTD,o_max,xgb_tree_d1,m027015_o_max_ord30_rk00016,30,0.4446757640579678,1.1721597626314755,5,Democracy
AD+FTD->FTD,o_max,xgb_tree_d1,m023019_o_max_ord26_rk00020,26,0.4446024530005685,1.2884926890861643,5,Democracy
AD+FTD->FTD,o_max,xgb_tree_d1,m023013_o_max_ord26_rk00014,26,0.4445399821269633,1.1929993566060646,5,Democracy
AD+FTD->FTD,o_max,xgb_tree_d1,m024003_o_max_ord27_rk00004,27,0.4442915477271438,1.257162987432089,5,Democracy
AD+FTD->FTD,o_max,xgb_tree_d1,m023016_o_max_ord26_rk00017,26,0.4436191042721614,0.969918434275037,4,Democracy
AD+FTD->FTD,o_max,xgb_tree_d1,m023005_o_max_ord26_rk00006,26,0.4435514803787256,1.0681873374585056,4,Democracy
AD+FTD->FTD,o_max,xgb_tree_d1,m024008_o_max_ord27_rk00009,27,0.4435084080064223,1.042344321483692,4,Democracy
AD+FTD->FTD,o_max,xgb_tree_d1,m016011_o_max_ord19_rk00012,19,0.4433076927384756,0.2974722489192896,2,Democracy
AD+FTD->FTD,o_max,xgb_tree_d1,m026007_o_max_ord29_rk00008,29,0.4431415138907832,1.1991018361613466,5,Democracy
AD+FTD->FTD,o_max,xgb_tree_d1,m026002_o_max_ord29_rk00003,29,0.4431324709972243,1.1991018361613466,5,Democracy
AD+FTD->FTD,o_max,xgb_tree_d1,m022005_o_max_ord25_rk00006,25,0.4430925413858114,0.996118213778296,4,Democracy
AD+FTD->FTD,o_max,xgb_tree_d1,m016017_o_max_ord19_rk00018,19,0.4430678341039986,0.2974722489192896,2,Democracy
AD+FTD->FTD,o_max,xgb_tree_d1,m021009_o_max_ord24_rk00010,24,0.4429116176495884,1.0238995733215066,4,Democracy
AD+FTD->FTD,o_max,xgb_tree_d1,m027013_o_max_ord30_rk00014,30,0.442837327429981,1.3699740752745007,6,Democracy
AD+FTD->FTD,o_max,xgb_tree_d1,m024017_o_max_ord27_rk00018,27,0.4427287540249027,1.042344321483692,4,Democracy
AD+FTD->FTD,o_max,xgb_tree_d1,m023002_o_max_ord26_rk00003,26,0.4426866452841987,1.0681873374585056,4,Democracy
AD+FTD->FTD,o_max,xgb_tree_d1,m026013_o_max_ord29_rk00014,29,0.4425953462500088,1.1991018361613466,5,Democracy
AD+FTD->FTD,o_max,xgb_tree_d1,m023014_o_max_ord26_rk00015,26,0.442547033171392,1.1929993566060646,5,Democracy
AD+FTD->FTD,o_max,xgb_tree_d1,m027017_o_max_ord30_rk00018,30,0.4425065502063179,0.972253928364927,4,Democracy
AD+FTD->FTD,o_max,xgb_tree_d1,m024014_o_max_ord27_rk00015,27,0.442469609032444,1.257162987432089,5,Democracy
AD+FTD->FTD,o_max,xgb_tree_d1,m026004_o_max_ord29_rk00005,29,0.44237949774811,1.2770049139968558,5,Democracy
AD+FTD->FTD,o_max,xgb_tree_d1,m020001_o_max_ord23_rk00002,23,0.4422213007689389,0.9123163027543336,3,Democracy
AD+FTD->FTD,o_max,xgb_tree_d1,m023010_o_max_ord26_rk00011,26,0.4421923178472613,0.8451064151274781,3,Democracy
AD+FTD->FTD,o_max,xgb_tree_d1,m023009_o_max_ord26_rk00010,26,0.4419260948796749,1.075875645896709,5,Democracy
AD+FTD->FTD,o_max,xgb_tree_d1,m022006_o_max_ord25_rk00007,25,0.4418423474202634,0.8663137138648347,3,Democracy
AD+FTD->FTD,o_max,xgb_tree_d1,m026014_o_max_ord29_rk00015,29,0.441761105384393,0.9944663403237343,4,Democracy
AD+FTD->FTD,o_max,xgb_tree_d1,m023004_o_max_ord26_rk00005,26,0.4416677874703872,0.969918434275037,4,Democracy
AD+FTD->FTD,o_max,xgb_tree_d1,m024011_o_max_ord27_rk00012,27,0.4409512505784121,0.824980257347893,3,Democracy
AD+FTD->FTD,o_max,xgb_tree_d1,m026003_o_max_ord29_rk00004,29,0.4408270235529041,1.1991018361613466,5,Democracy
AD+FTD->FTD,o_max,xgb_tree_d1,m026000_o_max_ord29_rk00001,29,0.4401524267646204,1.1991018361613466,5,Democracy
AD+FTD->FTD,o_max,xgb_tree_d1,m021014_o_max_ord24_rk00015,24,0.4401310885713027,1.2593984370492772,5,Democracy
AD+FTD->FTD,o_max,xgb_tree_d1,m022018_o_max_ord25_rk00019,25,0.4400036276696381,0.6395563653739031,3,Democracy
AD+FTD->FTD,o_max,xgb_tree_d1,m021017_o_max_ord24_rk00018,24,0.4399360726989598,1.3563429881688323,5,Democracy
AD+FTD->FTD,o_max,xgb_tree_d1,m023001_o_max_ord26_rk00002,26,0.4399297813295904,0.969918434275037,4,Democracy
AD+FTD->FTD,o_max,xgb_tree_d1,m027004_o_max_ord30_rk00005,30,0.4398476980545646,1.1721597626314755,5,Democracy
AD+FTD->FTD,o_max,xgb_tree_d1,m020017_o_max_ord23_rk00018,23,0.439795817394117,0.5131851787372753,3,Democracy
AD+FTD->FTD,o_max,xgb_tree_d1,m019019_o_max_ord22_rk00020,22,0.439737299722412,0.266764987803026,2,Democracy
AD+FTD->FTD,o_max,xgb_tree_d1,m022017_o_max_ord25_rk00018,25,0.4395831023449006,0.996118213778296,4,Democracy
AD+FTD->FTD,o_max,xgb_tree_d1,m017019_o_max_ord20_rk00020,20,0.4393855031671161,-0.0,1,Democracy
AD+FTD->FTD,o_max,xgb_tree_d1,m023003_o_max_ord26_rk00004,26,0.4392986188657183,0.8451064151274781,3,Democracy
AD+FTD->FTD,o_max,xgb_tree_d1,m014017_o_max_ord17_rk00018,17,0.4392647938810939,0.3227569588973982,2,Democracy
AD+FTD->FTD,o_max,xgb_tree_d1,m023017_o_max_ord26_rk00018,26,0.4390908434295257,0.7441942138263227,3,Democracy
AD+FTD->FTD,o_max,xgb_tree_d1,m026010_o_max_ord29_rk00011,29,0.4390867806027354,0.9944663403237343,4,Democracy
AD+FTD->FTD,o_max,xgb_tree_d1,m022015_o_max_ord25_rk00016,25,0.4389966018270295,0.996118213778296,4,Democracy
AD+FTD->FTD,o_max,xgb_tree_d1,m021002_o_max_ord24_rk00003,24,0.4389906038960129,1.1241854163060885,4,Democracy
AD+FTD->FTD,o_max,xgb_tree_d1,m025017_o_max_ord28_rk00018,28,0.4387840766122113,1.2274025692592483,5,Democracy
AD+FTD->FTD,o_max,xgb_tree_d1,m016012_o_max_ord19_rk00013,19,0.4387715255874835,0.2974722489192896,2,Democracy
AD+FTD->FTD,o_max,xgb_tree_d1,m025008_o_max_ord28_rk00009,28,0.4387524314899759,1.3432994441819814,6,Democracy
AD+FTD->FTD,o_max,xgb_tree_d1,m020012_o_max_ord23_rk00013,23,0.4387327640121735,0.5131851787372753,3,Democracy
AD+FTD->FTD,o_max,xgb_tree_d1,m021001_o_max_ord24_rk00002,24,0.4387012795341758,0.8886865525783176,3,Democracy
AD+FTD->FTD,o_max,xgb_tree_d1,m014005_o_max_ord17_rk00006,17,0.4382692084047713,0.3227569588973982,2,Democracy
AD+FTD->FTD,o_max,xgb_tree_d1,m014019_o_max_ord17_rk00020,17,0.4382345762958772,0.3227569588973982,2,Democracy
AD+FTD->FTD,o_max,xgb_tree_d1,m017007_o_max_ord20_rk00008,20,0.4378633469558934,0.2863969571159562,2,Democracy
AD+FTD->FTD,o_max,xgb_tree_d1,m024007_o_max_ord27_rk00008,27,0.4376676383687004,1.257162987432089,5,Democracy
AD+FTD->FTD,o_max,xgb_tree_d1,m023015_o_max_ord26_rk00016,26,0.4375905421495972,0.8501514254479945,4,Democracy
AD+FTD->FTD,o_max,xgb_tree_d1,m017015_o_max_ord20_rk00016,20,0.4375502827066386,0.5689955935892812,3,Democracy
AD+FTD->FTD,o_max,xgb_tree_d1,m016004_o_max_ord19_rk00005,19,0.4375498030654959,0.2974722489192896,2,Democracy
AD+FTD->FTD,o_max,xgb_tree_d1,m022008_o_max_ord25_rk00009,25,0.4374403126759937,0.7641140545540274,3,Democracy
AD+FTD->FTD,o_max,xgb_tree_d1,m022019_o_max_ord25_rk00020,25,0.4373884138810934,1.2252357794710609,5,Democracy
AD+FTD->FTD,o_max,xgb_tree_d1,m023007_o_max_ord26_rk00008,26,0.4372488971233258,0.969918434275037,4,Democracy
AD+FTD->FTD,o_max,xgb_tree_d1,m025011_o_max_ord28_rk00012,28,0.4371939454593799,1.2274025692592483,5,Democracy
AD+FTD->FTD,o_max,xgb_tree_d1,m025010_o_max_ord28_rk00011,28,0.4371814202959901,1.0178015074140134,4,Democracy
AD+FTD->FTD,o_max,xgb_tree_d1,m025015_o_max_ord28_rk00016,28,0.4368025297013981,1.0984868380293622,4,Democracy
AD+FTD->FTD,o_max,xgb_tree_d1,m007012_o_max_ord10_rk00013,10,0.436551098003984,-0.0,1,Democracy
AD+FTD->FTD,o_max,xgb_tree_d1,m015016_o_max_ord18_rk00017,18,0.4365270834370373,0.3095434291503252,2,Democracy
AD+FTD->FTD,o_max,xgb_tree_d1,m024013_o_max_ord27_rk00014,27,0.4365261661220702,1.1625336732554155,5,Democracy
AD+FTD->FTD,o_max,xgb_tree_d1,m025014_o_max_ord28_rk00015,28,0.4364102627031051,1.3056334087653163,5,Democracy
AD+FTD->FTD,o_max,xgb_tree_d1,m027010_o_max_ord30_rk00011,30,0.436380752281685,1.1721597626314755,5,Democracy
AD+FTD->FTD,o_max,xgb_tree_d1,m021008_o_max_ord24_rk00009,24,0.436131139308037,0.6583514224564075,3,Democracy
AD+FTD->FTD,o_max,xgb_tree_d1,m018016_o_max_ord21_rk00017,21,0.4360058087064552,0.5489544344250401,3,Democracy
AD+FTD->FTD,o_max,xgb_tree_d1,m027007_o_max_ord30_rk00008,30,0.4358267723825535,1.2496527261266068,5,Democracy
AD+FTD->FTD,o_max,xgb_tree_d1,m020013_o_max_ord23_rk00014,23,0.4357749796599168,0.7653636126766978,4,Democracy
AD+FTD->FTD,o_max,xgb_tree_d1,m027016_o_max_ord30_rk00017,30,0.4355030420149142,1.3699740752745007,6,Democracy
AD+FTD->FTD,o_max,xgb_tree_d1,m022007_o_max_ord25_rk00008,25,0.4354068350932557,0.8743095546405661,4,Democracy
AD+FTD->FTD,o_max,xgb_tree_d1,m015013_o_max_ord18_rk00014,18,0.4351179978568128,0.3095434291503252,2,Democracy
AD+FTD->FTD,o_max,xgb_tree_d1,m021016_o_max_ord24_rk00017,24,0.4351023516596263,0.6583514224564075,3,Democracy
AD+FTD->FTD,o_max,xgb_tree_d1,m006013_o_max_ord9_rk00014,9,0.4350894298335558,-0.0,1,Democracy
AD+FTD->FTD,o_max,xgb_tree_d1,m019006_o_max_ord22_rk00007,22,0.435057709205205,0.5304060778306042,3,Democracy
AD+FTD->FTD,o_max,xgb_tree_d1,m021018_o_max_ord24_rk00019,24,0.4348729091770772,1.0238995733215066,4,Democracy
AD+FTD->FTD,o_max,xgb_tree_d1,m019012_o_max_ord22_rk00013,22,0.4347816863829558,0.266764987803026,2,Democracy
AD+FTD->FTD,o_max,xgb_tree_d1,m018002_o_max_ord21_rk00003,21,0.4347704794645433,0.2761954276479391,2,Democracy
AD+FTD->FTD,o_max,xgb_tree_d1,m015011_o_max_ord18_rk00012,18,0.434646515118296,0.3095434291503252,2,Democracy
AD+FTD->FTD,o_max,xgb_tree_d1,m027012_o_max_ord30_rk00013,30,0.4342448434834791,1.4989350663300531,6,Democracy
AD+FTD->FTD,o_max,xgb_tree_d1,m020006_o_max_ord23_rk00007,23,0.434238389284885,0.5131851787372753,3,Democracy
AD+FTD->FTD,o_max,xgb_tree_d1,m019008_o_max_ord22_rk00009,22,0.434094005881947,0.5304060778306042,3,Democracy
AD+FTD->FTD,o_max,xgb_tree_d1,m025005_o_max_ord28_rk00006,28,0.4340722633514938,1.2274025692592483,5,Democracy
AD+FTD->FTD,o_max,xgb_tree_d1,m007011_o_max_ord10_rk00012,10,0.4340712981110594,0.4689955935892812,2,Democracy
AD+FTD->FTD,o_max,xgb_tree_d1,m018013_o_max_ord21_rk00014,21,0.4340517722252178,0.2761954276479391,2,Democracy
AD+FTD->FTD,o_max,xgb_tree_d1,m027001_o_max_ord30_rk00002,30,0.4339250151526591,1.1721597626314755,5,Democracy
AD+FTD->FTD,o_max,xgb_tree_d1,m020009_o_max_ord23_rk00010,23,0.4334980992560615,0.4262286569981449,2,Democracy
AD+FTD->FTD,o_max,xgb_tree_d1,m015004_o_max_ord18_rk00005,18,0.4332552055592974,0.3095434291503252,2,Democracy
AD+FTD->FTD,o_max,xgb_tree_d1,m026009_o_max_ord29_rk00010,29,0.4332551203338497,1.401475275184332,6,Democracy
AD+FTD->FTD,o_max,xgb_tree_d1,m021007_o_max_ord24_rk00008,24,0.4329944028807329,0.6583514224564075,3,Democracy
AD+FTD->FTD,o_max,xgb_tree_d1,m027002_o_max_ord30_rk00003,30,0.4329303461456049,1.2496527261266068,5,Democracy
AD+FTD->FTD,o_max,xgb_tree_d1,m023011_o_max_ord26_rk00012,26,0.4328262109868377,0.969918434275037,4,Democracy
AD+FTD->FTD,o_max,xgb_tree_d1,m024009_o_max_ord27_rk00010,27,0.4327911357356627,1.042344321483692,4,Democracy
AD+FTD->FTD,o_max,xgb_tree_d1,m020005_o_max_ord23_rk00006,23,0.4326334729554082,1.1545676820893709,4,Democracy
AD+FTD->FTD,o_max,xgb_tree_d1,m017009_o_max_ord20_rk00010,20,0.4325305168096248,0.2863969571159562,2,Democracy
AD+FTD->FTD,o_max,xgb_tree_d1,m014009_o_max_ord17_rk00010,17,0.432375543459219,-0.0,1,Democracy
AD+FTD->FTD,o_max,xgb_tree_d1,m006011_o_max_ord9_rk00012,9,0.4323547615917108,-0.0,1,Democracy
AD+FTD->FTD,o_max,xgb_tree_d1,m024012_o_max_ord27_rk00013,27,0.4323533249614696,1.1625336732554155,5,Democracy
AD+FTD->FTD,o_max,xgb_tree_d1,m021011_o_max_ord24_rk00012,24,0.4322795575615819,0.7416847557897409,4,Democracy
AD+FTD->FTD,o_max,xgb_tree_d1,m024004_o_max_ord27_rk00005,27,0.432271146547969,1.042344321483692,4,Democracy
AD+FTD->FTD,o_max,xgb_tree_d1,m022011_o_max_ord25_rk00012,25,0.4321169022755482,0.7641140545540274,3,Democracy
AD+FTD->FTD,o_max,xgb_tree_d1,m016014_o_max_ord19_rk00015,19,0.4320647160432833,0.2974722489192896,2,Democracy
AD+FTD->FTD,o_max,xgb_tree_d1,m013013_o_max_ord16_rk00014,16,0.4319732467232647,-0.0,1,Democracy
AD+FTD->FTD,o_max,xgb_tree_d1,m002006_o_max_ord5_rk00007,5,0.4319335149655641,-0.0,1,Democracy
AD+FTD->FTD,o_max,xgb_tree_d1,m027011_o_max_ord30_rk00012,30,0.4318624003364938,1.3699740752745007,6,Democracy
AD+FTD->FTD,o_max,xgb_tree_d1,m022004_o_max_ord25_rk00005,25,0.4318498602003424,0.8663137138648347,3,Democracy
AD+FTD->FTD,o_max,xgb_tree_d1,m027018_o_max_ord30_rk00019,30,0.4318037054900053,1.5656017329967198,7,Democracy
AD+FTD->FTD,o_max,xgb_tree_d1,m018009_o_max_ord21_rk00010,21,0.4317962177247419,0.2761954276479391,2,Democracy
AD+FTD->FTD,o_max,xgb_tree_d1,m025009_o_max_ord28_rk00010,28,0.4317684673699441,1.0178015074140134,4,Democracy
AD+FTD->FTD,o_max,xgb_tree_d1,m024002_o_max_ord27_rk00003,27,0.4316823523090521,1.042344321483692,4,Democracy
AD+FTD->FTD,o_max,xgb_tree_d1,m026011_o_max_ord29_rk00012,29,0.4316624015459457,1.3110022671212271,6,Democracy
AD+FTD->FTD,o_max,xgb_tree_d1,m005017_o_max_ord8_rk00018,8,0.4315830982753964,-0.0,1,Democracy
AD+FTD->FTD,o_max,xgb_tree_d1,m013014_o_max_ord16_rk00015,16,0.4315230828472962,0.3372900666170139,2,Democracy
AD+FTD->FTD,o_max,xgb_tree_d1,m015014_o_max_ord18_rk00015,18,0.4314909880534895,0.3095434291503252,2,Democracy
AD+FTD->FTD,o_max,xgb_tree_d1,m014003_o_max_ord17_rk00004,17,0.4314523893979077,-0.0,1,Democracy
AD+FTD->FTD,o_max,xgb_tree_d1,m021004_o_max_ord24_rk00005,24,0.4314168640555436,0.8886865525783176,3,Democracy
AD+FTD->FTD,o_max,xgb_tree_d1,m027014_o_max_ord30_rk00015,30,0.4313583972493097,1.1721597626314755,5,Democracy
AD+FTD->FTD,o_max,xgb_tree_d1,m008017_o_max_ord11_rk00018,11,0.4312875378483354,0.4394969869215134,2,Democracy
AD+FTD->FTD,o_max,xgb_tree_d1,m004002_o_max_ord7_rk00003,7,0.4312815128627544,-0.0,1,Democracy
AD+FTD->FTD,o_max,xgb_tree_d1,m026019_o_max_ord29_rk00020,29,0.4311051329525612,1.3110022671212271,6,Democracy
AD+FTD->FTD,o_max,xgb_tree_d1,m004016_o_max_ord7_rk00017,7,0.4310216353713384,-0.0,1,Democracy
AD+FTD->FTD,o_max,xgb_tree_d1,m004001_o_max_ord7_rk00002,7,0.4309971963299732,-0.0,1,Democracy
AD+FTD->FTD,o_max,xgb_tree_d1,m017001_o_max_ord20_rk00002,20,0.4309518184809519,-0.0,1,Democracy
AD+FTD->FTD,o_max,xgb_tree_d1,m012013_o_max_ord15_rk00014,15,0.4308087833368003,0.35335933502142136,2,Democracy
AD+FTD->FTD,o_max,xgb_tree_d1,m007009_o_max_ord10_rk00010,10,0.4305036261577406,-0.0,1,Democracy
AD+FTD->FTD,o_max,xgb_tree_d1,m016018_o_max_ord19_rk00019,19,0.4304438342592958,0.2974722489192896,2,Democracy
AD+FTD->FTD,o_max,xgb_tree_d1,m007018_o_max_ord10_rk00019,10,0.4303644347339224,-0.0,1,Democracy
AD+FTD->FTD,o_max,xgb_tree_d1,m023006_o_max_ord26_rk00007,26,0.4302049588474999,1.1929993566060646,5,Democracy
AD+FTD->FTD,o_max,xgb_tree_d1,m024001_o_max_ord27_rk00002,27,0.4300283710507032,1.1625336732554155,5,Democracy
AD+FTD->FTD,o_max,xgb_tree_d1,m014014_o_max_ord17_rk00015,17,0.4299456628845715,0.3227569588973982,2,Democracy
AD+FTD->FTD,o_max,xgb_tree_d1,m017006_o_max_ord20_rk00007,20,0.4299281232958508,0.2863969571159562,2,Democracy
AD+FTD->FTD,o_max,xgb_tree_d1,m007017_o_max_ord10_rk00018,10,0.4298951191142057,-0.0,1,Democracy
AD+FTD->FTD,o_max,xgb_tree_d1,m017017_o_max_ord20_rk00018,20,0.4298675683652835,0.2863969571159562,2,Democracy
AD+FTD->FTD,o_max,xgb_tree_d1,m015010_o_max_ord18_rk00011,18,0.4298178726450806,-0.0,1,Democracy
AD+FTD->FTD,o_max,xgb_tree_d1,m021015_o_max_ord24_rk00016,24,0.4298158849906704,0.9833557549816875,5,Democracy
AD+FTD->FTD,o_max,xgb_tree_d1,m007016_o_max_ord10_rk00017,10,0.42981478741039,-0.0,1,Democracy
AD+FTD->FTD,o_max,xgb_tree_d1,m018017_o_max_ord21_rk00018,21,0.4295872960504082,0.2761954276479391,2,Democracy
AD+FTD->FTD,o_max,xgb_tree_d1,m027006_o_max_ord30_rk00007,30,0.4295702497365691,1.3699740752745007,6,Democracy
AD+FTD->FTD,o_max,xgb_tree_d1,m017008_o_max_ord20_rk00009,20,0.4295672351873618,0.2863969571159562,2,Democracy
AD+FTD->FTD,o_max,xgb_tree_d1,m006001_o_max_ord9_rk00002,9,0.4295255438809988,-0.0,1,Democracy
AD+FTD->FTD,o_max,xgb_tree_d1,m006004_o_max_ord9_rk00005,9,0.4293606254785449,-0.0,1,Democracy
AD+FTD->FTD,o_max,xgb_tree_d1,m026006_o_max_ord29_rk00007,29,0.4290283510559259,1.3110022671212271,6,Democracy
AD+FTD->FTD,o_max,xgb_tree_d1,m022001_o_max_ord25_rk00002,25,0.4290022670430612,0.996118213778296,4,Democracy
AD+FTD->FTD,o_max,xgb_tree_d1,m021013_o_max_ord24_rk00014,24,0.4288714752057339,0.785235442391543,3,Democracy
AD+FTD->FTD,o_max,xgb_tree_d1,m019002_o_max_ord22_rk00003,22,0.4288474840553838,0.266764987803026,2,Democracy
AD+FTD->FTD,o_max,xgb_tree_d1,m015006_o_max_ord18_rk00007,18,0.4287609920173909,-0.0,1,Democracy
AD+FTD->FTD,o_max,xgb_tree_d1,m020016_o_max_ord23_rk00017,23,0.4286483883743224,0.2580186686648155,2,Democracy
AD+FTD->FTD,o_max,xgb_tree_d1,m020003_o_max_ord23_rk00004,23,0.4285284791554771,0.9123163027543336,3,Democracy
AD+FTD->FTD,o_max,xgb_tree_d1,m017012_o_max_ord20_rk00013,20,0.4284446476061269,0.2863969571159562,2,Democracy
AD+FTD->FTD,o_max,xgb_tree_d1,m016003_o_max_ord19_rk00004,19,0.4284137757601081,-0.0,1,Democracy
AD+FTD->FTD,o_max,xgb_tree_d1,m014002_o_max_ord17_rk00003,17,0.4283493616598364,-0.0,1,Democracy
AD+FTD->FTD,o_max,xgb_tree_d1,m022009_o_max_ord25_rk00010,25,0.4283048107170644,0.6343095546405662,2,Democracy
AD+FTD->FTD,o_max,xgb_tree_d1,m020014_o_max_ord23_rk00015,23,0.4282888831295315,0.8076702057269436,3,Democracy
AD+FTD->FTD,o_max,xgb_tree_d1,m013017_o_max_ord16_rk00018,16,0.4282574734554066,0.3372900666170139,2,Democracy
AD+FTD->FTD,o_max,xgb_tree_d1,m006008_o_max_ord9_rk00009,9,0.4282340432440454,-0.0,1,Democracy
AD+FTD->FTD,o_max,xgb_tree_d1,m016001_o_max_ord19_rk00002,19,0.4281842803020717,-0.0,1,Democracy
AD+FTD->FTD,o_max,xgb_tree_d1,m018011_o_max_ord21_rk00012,21,0.4281772346995982,0.2761954276479391,2,Democracy
AD+FTD->FTD,o_max,xgb_tree_d1,m019009_o_max_ord22_rk00010,22,0.4280662705294688,0.5304060778306042,3,Democracy
AD+FTD->FTD,o_max,xgb_tree_d1,m005007_o_max_ord8_rk00008,8,0.4280259899664479,-0.0,1,Democracy
AD+FTD->FTD,o_max,xgb_tree_d1,m012016_o_max_ord15_rk00017,15,0.4279918062435329,0.35335933502142136,2,Democracy
AD+FTD->FTD,o_max,xgb_tree_d1,m006015_o_max_ord9_rk00016,9,0.4279838537136952,-0.0,1,Democracy
AD+FTD->FTD,o_max,xgb_tree_d1,m005000_o_max_ord8_rk00001,8,0.4279151127025679,-0.0,1,Democracy
AD+FTD->FTD,o_max,xgb_tree_d1,m016008_o_max_ord19_rk00009,19,0.4278901363841924,-0.0,1,Democracy
AD+FTD->FTD,o_max,xgb_tree_d1,m003010_o_max_ord6_rk00011,6,0.4277260461517277,-0.0,1,Democracy
AD+FTD->FTD,o_max,xgb_tree_d1,m024010_o_max_ord27_rk00011,27,0.4276647444455513,0.9451696091196164,4,Democracy
AD+FTD->FTD,o_max,xgb_tree_d1,m011008_o_max_ord14_rk00009,14,0.427656167334564,-0.0,1,Democracy
AD+FTD->FTD,o_max,xgb_tree_d1,m026005_o_max_ord29_rk00006,29,0.4275831254454005,1.1063667712836147,5,Democracy
AD+FTD->FTD,o_max,xgb_tree_d1,m005019_o_max_ord8_rk00020,8,0.4275408620546475,-0.0,1,Democracy
AD+FTD->FTD,o_max,xgb_tree_d1,m013008_o_max_ord16_rk00009,16,0.4275189113746165,-0.0,1,Democracy
AD+FTD->FTD,o_max,xgb_tree_d1,m015008_o_max_ord18_rk00009,18,0.427370052987121,-0.0,1,Democracy
AD+FTD->FTD,o_max,xgb_tree_d1,m016002_o_max_ord19_rk00003,19,0.4272820155088834,-0.0,1,Democracy
AD+FTD->FTD,o_max,xgb_tree_d1,m002013_o_max_ord5_rk00014,5,0.427265855422091,-0.0,1,Democracy
AD+FTD->FTD,o_max,xgb_tree_d1,m002008_o_max_ord5_rk00009,5,0.4272352162449544,-0.0,1,Democracy
AD+FTD->FTD,o_max,xgb_tree_d1,m027005_o_max_ord30_rk00006,30,0.427200408562528,1.2803301792260264,6,Democracy
AD+FTD->FTD,o_max,xgb_tree_d1,m017003_o_max_ord20_rk00004,20,0.4270987519850604,0.2863969571159562,2,Democracy
AD+FTD->FTD,o_max,xgb_tree_d1,m004004_o_max_ord7_rk00005,7,0.4269846104543064,-0.0,1,Democracy
AD+FTD->FTD,o_max,xgb_tree_d1,m006016_o_max_ord9_rk00017,9,0.426874777755186,-0.0,1,Democracy
AD+FTD->FTD,o_max,xgb_tree_d1,m012003_o_max_ord15_rk00004,15,0.4268268860177149,-0.0,1,Democracy
AD+FTD->FTD,o_max,xgb_tree_d1,m011002_o_max_ord14_rk00003,14,0.4266916320763864,-0.0,1,Democracy
AD+FTD->FTD,o_max,xgb_tree_d1,m006007_o_max_ord9_rk00008,9,0.4265504734477358,-0.0,1,Democracy
AD+FTD->FTD,o_max,xgb_tree_d1,m004003_o_max_ord7_rk00004,7,0.4264386482606137,-0.0,1,Democracy
AD+FTD->FTD,o_max,xgb_tree_d1,m002010_o_max_ord5_rk00011,5,0.4262335843547233,-0.0,1,Democracy
AD+FTD->FTD,o_max,xgb_tree_d1,m000017_o_max_ord3_rk00018,3,0.4262007036019608,-0.0,1,Democracy
AD+FTD->FTD,o_max,xgb_tree_d1,m007000_o_max_ord10_rk00001,10,0.4260804871010786,-0.0,1,Democracy
AD+FTD->FTD,o_max,xgb_tree_d1,m017014_o_max_ord20_rk00015,20,0.4260576165898526,-0.0,1,Democracy
AD+FTD->FTD,o_max,xgb_tree_d1,m005001_o_max_ord8_rk00002,8,0.4258498981997123,-0.0,1,Democracy
AD+FTD->FTD,o_max,xgb_tree_d1,m020011_o_max_ord23_rk00012,23,0.4257915393314734,0.6784070909375675,3,Democracy
AD+FTD->FTD,o_max,xgb_tree_d1,m010009_o_max_ord13_rk00010,13,0.4257573684649456,-0.0,1,Democracy
AD+FTD->FTD,o_max,xgb_tree_d1,m017013_o_max_ord20_rk00014,20,0.4257569265375853,0.2863969571159562,2,Democracy
AD+FTD->FTD,o_max,xgb_tree_d1,m007002_o_max_ord10_rk00003,10,0.42571616574774,-0.0,1,Democracy
AD+FTD->FTD,o_max,xgb_tree_d1,m016005_o_max_ord19_rk00006,19,0.4257125557416451,-0.0,1,Democracy
AD+FTD->FTD,o_max,xgb_tree_d1,m001009_o_max_ord4_rk00010,4,0.4256961136492759,-0.0,1,Democracy
AD+FTD->FTD,o_max,xgb_tree_d1,m002002_o_max_ord5_rk00003,5,0.425644719462125,-0.0,1,Democracy
AD+FTD->FTD,o_max,xgb_tree_d1,m024016_o_max_ord27_rk00017,27,0.4256184825250917,1.1625336732554155,5,Democracy
AD+FTD->FTD,o_max,xgb_tree_d1,m002014_o_max_ord5_rk00015,5,0.4255966460800712,-0.0,1,Democracy
AD+FTD->FTD,o_max,xgb_tree_d1,m000018_o_max_ord3_rk00019,3,0.4255715750288454,-0.0,1,Democracy
AD+FTD->FTD,o_max,xgb_tree_d1,m006002_o_max_ord9_rk00003,9,0.4253356988846285,-0.0,1,Democracy
AD+FTD->FTD,o_max,xgb_tree_d1,m025012_o_max_ord28_rk00013,28,0.4253054081222335,1.2274025692592483,5,Democracy
AD+FTD->FTD,o_max,xgb_tree_d1,m023012_o_max_ord26_rk00013,26,0.4251519974602771,1.1929993566060646,5,Democracy
AD+FTD->FTD,o_max,xgb_tree_d1,m006017_o_max_ord9_rk00018,9,0.4251182151387503,-0.0,1,Democracy
AD+FTD->FTD,o_max,xgb_tree_d1,m011018_o_max_ord14_rk00019,14,0.4251057350403022,0.37123232664087563,2,Democracy
AD+FTD->FTD,o_max,xgb_tree_d1,m015001_o_max_ord18_rk00002,18,0.4250888282607781,-0.0,1,Democracy
AD+FTD->FTD,o_max,xgb_tree_d1,m025001_o_max_ord28_rk00002,28,0.4249846058915535,1.2274025692592483,5,Democracy
AD+FTD->FTD,o_max,xgb_tree_d1,m010004_o_max_ord13_rk00005,13,0.4248897534828745,-0.0,1,Democracy
AD+FTD->FTD,o_max,xgb_tree_d1,m013016_o_max_ord16_rk00017,16,0.4248789160067379,-0.0,1,Democracy
AD+FTD->FTD,o_max,xgb_tree_d1,m004014_o_max_ord7_rk00015,7,0.4247823025894314,-0.0,1,Democracy
AD+FTD->FTD,o_max,xgb_tree_d1,m019018_o_max_ord22_rk00019,22,0.4247080733346298,0.266764987803026,2,Democracy
AD+FTD->FTD,o_max,xgb_tree_d1,m014001_o_max_ord17_rk00002,17,0.4246855313866228,-0.0,1,Democracy
AD+FTD->FTD,o_max,xgb_tree_d1,m000013_o_max_ord3_rk00014,3,0.4246748308527027,-0.0,1,Democracy
AD+FTD->FTD,o_max,xgb_tree_d1,m000012_o_max_ord3_rk00013,3,0.4246307555987952,-0.0,1,Democracy
AD+FTD->FTD,o_max,xgb_tree_d1,m005002_o_max_ord8_rk00003,8,0.4246294928451009,-0.0,1,Democracy
AD+FTD->FTD,o_max,xgb_tree_d1,m001000_o_max_ord4_rk00001,4,0.4245768825858643,-0.0,1,Democracy
AD+FTD->FTD,o_max,xgb_tree_d1,m008019_o_max_ord11_rk00020,11,0.4245511020646006,-0.0,1,Democracy
AD+FTD->FTD,o_max,xgb_tree_d1,m003018_o_max_ord6_rk00019,6,0.4245414191660583,-0.0,1,Democracy
AD+FTD->FTD,o_max,xgb_tree_d1,m016019_o_max_ord19_rk00020,19,0.4245164127097475,0.2974722489192896,2,Democracy
AD+FTD->FTD,o_max,xgb_tree_d1,m005006_o_max_ord8_rk00007,8,0.4244327630275631,-0.0,1,Democracy
AD+FTD->FTD,o_max,xgb_tree_d1,m022013_o_max_ord25_rk00014,25,0.4244292598711153,0.996118213778296,4,Democracy
AD+FTD->FTD,o_max,xgb_tree_d1,m006014_o_max_ord9_rk00015,9,0.4243667673613363,-0.0,1,Democracy
AD+FTD->FTD,o_max,xgb_tree_d1,m004005_o_max_ord7_rk00006,7,0.4243405973190307,-0.0,1,Democracy
AD+FTD->FTD,o_max,xgb_tree_d1,m004010_o_max_ord7_rk00011,7,0.4242371278681947,-0.0,1,Democracy
AD+FTD->FTD,o_max,xgb_tree_d1,m003014_o_max_ord6_rk00015,6,0.4241989406297455,-0.0,1,Democracy
AD+FTD->FTD,o_max,xgb_tree_d1,m008003_o_max_ord11_rk00004,11,0.4241969354877808,-0.0,1,Democracy
AD+FTD->FTD,o_max,xgb_tree_d1,m006000_o_max_ord9_rk00001,9,0.4241525124176896,-0.0,1,Democracy
AD+FTD->FTD,o_max,xgb_tree_d1,m015005_o_max_ord18_rk00006,18,0.4240332823547379,-0.0,1,Democracy
AD+FTD->FTD,o_max,xgb_tree_d1,m006006_o_max_ord9_rk00007,9,0.4239469616655194,-0.0,1,Democracy
AD+FTD->FTD,o_max,xgb_tree_d1,m008002_o_max_ord11_rk00003,11,0.4239161140579396,-0.0,1,Democracy
AD+FTD->FTD,o_max,xgb_tree_d1,m025019_o_max_ord28_rk00020,28,0.4239135511673846,1.1336983823367468,5,Democracy
AD+FTD->FTD,o_max,xgb_tree_d1,m009019_o_max_ord12_rk00020,12,0.4238488068946697,-0.0,1,Democracy
AD+FTD->FTD,o_max,xgb_tree_d1,m009006_o_max_ord12_rk00007,12,0.4238374780944574,-0.0,1,Democracy
AD+FTD->FTD,o_max,xgb_tree_d1,m012001_o_max_ord15_rk00002,15,0.4238236791395633,-0.0,1,Democracy
AD+FTD->FTD,o_max,xgb_tree_d1,m004009_o_max_ord7_rk00010,7,0.4237994974901575,-0.0,1,Democracy
AD+FTD->FTD,o_max,xgb_tree_d1,m001015_o_max_ord4_rk00016,4,0.4237443401675288,-0.0,1,Democracy
AD+FTD->FTD,o_max,xgb_tree_d1,m004011_o_max_ord7_rk00012,7,0.4237155317219835,-0.0,1,Democracy
AD+FTD->FTD,o_max,xgb_tree_d1,m007006_o_max_ord10_rk00007,10,0.4236854412278864,-0.0,1,Democracy
AD+FTD->FTD,o_max,xgb_tree_d1,m013001_o_max_ord16_rk00002,16,0.4235984387797706,-0.0,1,Democracy
AD+FTD->FTD,o_max,xgb_tree_d1,m008004_o_max_ord11_rk00005,11,0.4235621460211412,-0.0,1,Democracy
AD+FTD->FTD,o_max,xgb_tree_d1,m008012_o_max_ord11_rk00013,11,0.4233930533135686,-0.0,1,Democracy
AD+FTD->FTD,o_max,xgb_tree_d1,m014006_o_max_ord17_rk00007,17,0.4233716503874022,-0.0,1,Democracy
AD+FTD->FTD,o_max,xgb_tree_d1,m017016_o_max_ord20_rk00017,20,0.4233118910205373,0.2863969571159562,2,Democracy
AD+FTD->FTD,o_max,xgb_tree_d1,m008009_o_max_ord11_rk00010,11,0.4232216485973481,-0.0,1,Democracy
AD+FTD->FTD,o_max,xgb_tree_d1,m005013_o_max_ord8_rk00014,8,0.4232006668216518,-0.0,1,Democracy
AD+FTD->FTD,o_max,xgb_tree_d1,m007003_o_max_ord10_rk00004,10,0.4231032872518567,-0.0,1,Democracy
AD+FTD->FTD,o_max,xgb_tree_d1,m013010_o_max_ord16_rk00011,16,0.423053970343911,-0.0,1,Democracy
AD+FTD->FTD,o_max,xgb_tree_d1,m001011_o_max_ord4_rk00012,4,0.4229563402633022,-0.0,1,Democracy
AD+FTD->FTD,o_max,xgb_tree_d1,m025003_o_max_ord28_rk00004,28,0.4229442561331797,1.2274025692592483,5,Democracy
AD+FTD->FTD,o_max,xgb_tree_d1,m015002_o_max_ord18_rk00003,18,0.4229207655471461,-0.0,1,Democracy
AD+FTD->FTD,o_max,xgb_tree_d1,m022010_o_max_ord25_rk00011,25,0.4229067917403705,1.2252357794710609,5,Democracy
AD+FTD->FTD,o_max,xgb_tree_d1,m012018_o_max_ord15_rk00019,15,0.42288024896142,-0.0,1,Democracy
AD+FTD->FTD,o_max,xgb_tree_d1,m007010_o_max_ord10_rk00011,10,0.4228654242352829,-0.0,1,Democracy
AD+FTD->FTD,o_max,xgb_tree_d1,m006019_o_max_ord9_rk00020,9,0.4227418564255518,-0.0,1,Democracy
AD+FTD->FTD,o_max,xgb_tree_d1,m020018_o_max_ord23_rk00019,23,0.422634219785132,0.8076702057269436,3,Democracy
AD+FTD->FTD,o_max,xgb_tree_d1,m013009_o_max_ord16_rk00010,16,0.4226281284630637,0.3372900666170139,2,Democracy
AD+FTD->FTD,o_max,xgb_tree_d1,m027003_o_max_ord30_rk00004,30,0.4226091615340753,1.1721597626314755,5,Democracy
AD+FTD->FTD,o_max,xgb_tree_d1,m009018_o_max_ord12_rk00019,12,0.4225909417575721,-0.0,1,Democracy
AD+FTD->FTD,o_max,xgb_tree_d1,m013011_o_max_ord16_rk00012,16,0.4225852290335673,-0.0,1,Democracy
AD+FTD->FTD,o_max,xgb_tree_d1,m007007_o_max_ord10_rk00008,10,0.422542550912811,-0.0,1,Democracy
AD+FTD->FTD,o_max,xgb_tree_d1,m009005_o_max_ord12_rk00006,12,0.4224935449226275,-0.0,1,Democracy
AD+FTD->FTD,o_max,xgb_tree_d1,m001004_o_max_ord4_rk00005,4,0.422448608547517,-0.0,1,Democracy
AD+FTD->FTD,o_max,xgb_tree_d1,m025007_o_max_ord28_rk00008,28,0.4223982903683941,1.1336983823367468,5,Democracy
AD+FTD->FTD,o_max,xgb_tree_d1,m000000_o_max_ord3_rk00001,3,0.4223670983706485,-0.0,1,Democracy
AD+FTD->FTD,o_max,xgb_tree_d1,m009011_o_max_ord12_rk00012,12,0.4223515651679868,-0.0,1,Democracy
AD+FTD->FTD,o_max,xgb_tree_d1,m005011_o_max_ord8_rk00012,8,0.4222530552394609,-0.0,1,Democracy
AD+FTD->FTD,o_max,xgb_tree_d1,m010014_o_max_ord13_rk00015,13,0.422217445965943,-0.0,1,Democracy
AD+FTD->FTD,o_max,xgb_tree_d1,m009015_o_max_ord12_rk00016,12,0.4221425816644484,-0.0,1,Democracy
AD+FTD->FTD,o_max,xgb_tree_d1,m020010_o_max_ord23_rk00011,23,0.4221403488046398,0.5131851787372753,3,Democracy
AD+FTD->FTD,o_max,xgb_tree_d1,m008011_o_max_ord11_rk00012,11,0.42210932250832,-0.0,1,Democracy
AD+FTD->FTD,o_max,xgb_tree_d1,m021006_o_max_ord24_rk00007,24,0.4220746952330508,0.8886865525783176,3,Democracy
AD+FTD->FTD,o_max,xgb_tree_d1,m011000_o_max_ord14_rk00001,14,0.4220427833918841,-0.0,1,Democracy
AD+FTD->FTD,o_max,xgb_tree_d1,m002001_o_max_ord5_rk00002,5,0.4219789470625916,-0.0,1,Democracy
AD+FTD->FTD,o_max,xgb_tree_d1,m003006_o_max_ord6_rk00007,6,0.4219047148238239,-0.0,1,Democracy
AD+FTD->FTD,o_max,xgb_tree_d1,m002003_o_max_ord5_rk00004,5,0.4218947969852314,-0.0,1,Democracy
AD+FTD->FTD,o_max,xgb_tree_d1,m009014_o_max_ord12_rk00015,12,0.4218390315651377,-0.0,1,Democracy
AD+FTD->FTD,o_max,xgb_tree_d1,m007001_o_max_ord10_rk00002,10,0.4217891207682499,-0.0,1,Democracy
AD+FTD->FTD,o_max,xgb_tree_d1,m001002_o_max_ord4_rk00003,4,0.4217257988663742,-0.0,1,Democracy
AD+FTD->FTD,o_max,xgb_tree_d1,m001017_o_max_ord4_rk00018,4,0.4216804798158921,-0.0,1,Democracy
AD+FTD->FTD,o_max,xgb_tree_d1,m004013_o_max_ord7_rk00014,7,0.4215617845791787,-0.0,1,Democracy
AD+FTD->FTD,o_max,xgb_tree_d1,m002007_o_max_ord5_rk00008,5,0.4214386353044819,-0.0,1,Democracy
AD+FTD->FTD,o_max,xgb_tree_d1,m000003_o_max_ord3_rk00004,3,0.4214184986594034,-0.0,1,Democracy
AD+FTD->FTD,o_max,xgb_tree_d1,m010001_o_max_ord13_rk00002,13,0.4213925565023636,-0.0,1,Democracy
AD+FTD->FTD,o_max,xgb_tree_d1,m010015_o_max_ord13_rk00016,13,0.4213272406978745,-0.0,1,Democracy
AD+FTD->FTD,o_max,xgb_tree_d1,m008018_o_max_ord11_rk00019,11,0.4212796407256969,-0.0,1,Democracy
AD+FTD->FTD,o_max,xgb_tree_d1,m002000_o_max_ord5_rk00001,5,0.4212379352429748,-0.0,1,Democracy
AD+FTD->FTD,o_max,xgb_tree_d1,m011011_o_max_ord14_rk00012,14,0.4211944582059995,-0.0,1,Democracy
AD+FTD->FTD,o_max,xgb_tree_d1,m012005_o_max_ord15_rk00006,15,0.4211647668596091,0.35335933502142136,2,Democracy
AD+FTD->FTD,o_max,xgb_tree_d1,m003008_o_max_ord6_rk00009,6,0.4210077553936951,-0.0,1,Democracy
AD+FTD->FTD,o_max,xgb_tree_d1,m003004_o_max_ord6_rk00005,6,0.4209964067087343,-0.0,1,Democracy
AD+FTD->FTD,o_max,xgb_tree_d1,m020015_o_max_ord23_rk00016,23,0.4209349701585397,1.0534081504863568,4,Democracy
AD+FTD->FTD,o_max,xgb_tree_d1,m007005_o_max_ord10_rk00006,10,0.4209042445953637,-0.0,1,Democracy
AD+FTD->FTD,o_max,xgb_tree_d1,m010005_o_max_ord13_rk00006,13,0.4208957225644267,-0.0,1,Democracy
AD+FTD->FTD,o_max,xgb_tree_d1,m010013_o_max_ord13_rk00014,13,0.4208783764742716,-0.0,1,Democracy
AD+FTD->FTD,o_max,xgb_tree_d1,m018007_o_max_ord21_rk00008,21,0.4208739535797052,0.2761954276479391,2,Democracy
AD+FTD->FTD,o_max,xgb_tree_d1,m018003_o_max_ord21_rk00004,21,0.4208473465600112,0.2761954276479391,2,Democracy
AD+FTD->FTD,o_max,xgb_tree_d1,m008013_o_max_ord11_rk00014,11,0.4208259804436796,-0.0,1,Democracy
AD+FTD->FTD,o_max,xgb_tree_d1,m014004_o_max_ord17_rk00005,17,0.420822501628741,-0.0,1,Democracy
AD+FTD->FTD,o_max,xgb_tree_d1,m008000_o_max_ord11_rk00001,11,0.4208102795845099,-0.0,1,Democracy
AD+FTD->FTD,o_max,xgb_tree_d1,m008016_o_max_ord11_rk00017,11,0.4208058881869129,-0.0,1,Democracy
AD+FTD->FTD,o_max,xgb_tree_d1,m007008_o_max_ord10_rk00009,10,0.4207641867251407,-0.0,1,Democracy
AD+FTD->FTD,o_max,xgb_tree_d1,m011013_o_max_ord14_rk00014,14,0.4206247663173162,-0.0,1,Democracy
AD+FTD->FTD,o_max,xgb_tree_d1,m003003_o_max_ord6_rk00004,6,0.4205922434854857,-0.0,1,Democracy
AD+FTD->FTD,o_max,xgb_tree_d1,m009009_o_max_ord12_rk00010,12,0.4205298873595181,-0.0,1,Democracy
AD+FTD->FTD,o_max,xgb_tree_d1,m003001_o_max_ord6_rk00002,6,0.4205019881213401,-0.0,1,Democracy
AD+FTD->FTD,o_max,xgb_tree_d1,m013007_o_max_ord16_rk00008,16,0.4204919846988559,0.3372900666170139,2,Democracy
AD+FTD->FTD,o_max,xgb_tree_d1,m009002_o_max_ord12_rk00003,12,0.420404119873347,-0.0,1,Democracy
AD+FTD->FTD,o_max,xgb_tree_d1,m018014_o_max_ord21_rk00015,21,0.4203830232479141,-0.0,1,Democracy
AD+FTD->FTD,o_max,xgb_tree_d1,m004000_o_max_ord7_rk00001,7,0.4202865424547808,-0.0,1,Democracy
AD+FTD->FTD,o_max,xgb_tree_d1,m010007_o_max_ord13_rk00008,13,0.4202674456867111,-0.0,1,Democracy
AD+FTD->FTD,o_max,xgb_tree_d1,m011009_o_max_ord14_rk00010,14,0.4202425845510574,-0.0,1,Democracy
AD+FTD->FTD,o_max,xgb_tree_d1,m010018_o_max_ord13_rk00019,13,0.4202275216425236,-0.0,1,Democracy
AD+FTD->FTD,o_max,xgb_tree_d1,m024015_o_max_ord27_rk00016,27,0.4201307144211259,0.824980257347893,3,Democracy
AD+FTD->FTD,o_max,xgb_tree_d1,m016013_o_max_ord19_rk00014,19,0.4200958314083421,-0.0,1,Democracy
AD+FTD->FTD,o_max,xgb_tree_d1,m003009_o_max_ord6_rk00010,6,0.4198805871378961,-0.0,1,Democracy
AD+FTD->FTD,o_max,xgb_tree_d1,m004008_o_max_ord7_rk00009,7,0.4198444449968325,-0.0,1,Democracy
AD+FTD->FTD,o_max,xgb_tree_d1,m003000_o_max_ord6_rk00001,6,0.4198270350095291,-0.0,1,Democracy
AD+FTD->FTD,o_max,xgb_tree_d1,m011010_o_max_ord14_rk00011,14,0.4198216198276893,0.37123232664087563,2,Democracy
AD+FTD->FTD,o_max,xgb_tree_d1,m025002_o_max_ord28_rk00003,28,0.4197788618066321,1.1336983823367468,5,Democracy
AD+FTD->FTD,o_max,xgb_tree_d1,m018019_o_max_ord21_rk00020,21,0.4197217391191746,0.2761954276479391,2,Democracy
AD+FTD->FTD,o_max,xgb_tree_d1,m003017_o_max_ord6_rk00018,6,0.4196484274381309,-0.0,1,Democracy
AD+FTD->FTD,o_max,xgb_tree_d1,m009001_o_max_ord12_rk00002,12,0.4195937090558139,-0.0,1,Democracy
AD+FTD->FTD,o_max,xgb_tree_d1,m022014_o_max_ord25_rk00015,25,0.419551151606562,1.106313713864835,5,Democracy
AD+FTD->FTD,o_max,xgb_tree_d1,m007014_o_max_ord10_rk00015,10,0.4195387649691301,0.4689955935892812,2,Democracy
AD+FTD->FTD,o_max,xgb_tree_d1,m005014_o_max_ord8_rk00015,8,0.4194010541128903,-0.0,1,Democracy
AD+FTD->FTD,o_max,xgb_tree_d1,m011017_o_max_ord14_rk00018,14,0.4193216211473078,-0.0,1,Democracy
AD+FTD->FTD,o_max,xgb_tree_d1,m008008_o_max_ord11_rk00009,11,0.4193038849933901,-0.0,1,Democracy
AD+FTD->FTD,o_max,xgb_tree_d1,m010019_o_max_ord13_rk00020,13,0.4192582370623375,-0.0,1,Democracy
AD+FTD->FTD,o_max,xgb_tree_d1,m025006_o_max_ord28_rk00007,28,0.4192468823153719,1.0178015074140134,4,Democracy
AD+FTD->FTD,o_max,xgb_tree_d1,m010000_o_max_ord13_rk00001,13,0.4192416098094607,-0.0,1,Democracy
AD+FTD->FTD,o_max,xgb_tree_d1,m008005_o_max_ord11_rk00006,11,0.4191717951538093,-0.0,1,Democracy
AD+FTD->FTD,o_max,xgb_tree_d1,m014011_o_max_ord17_rk00012,17,0.4189116102916193,-0.0,1,Democracy
AD+FTD->FTD,o_max,xgb_tree_d1,m000015_o_max_ord3_rk00016,3,0.4189036225032365,-0.0,1,Democracy
AD+FTD->FTD,o_max,xgb_tree_d1,m001001_o_max_ord4_rk00002,4,0.4189035727792211,-0.0,1,Democracy
AD+FTD->FTD,o_max,xgb_tree_d1,m009003_o_max_ord12_rk00004,12,0.4188609675083578,-0.0,1,Democracy
AD+FTD->FTD,o_max,xgb_tree_d1,m008001_o_max_ord11_rk00002,11,0.418795495961647,-0.0,1,Democracy
AD+FTD->FTD,o_max,xgb_tree_d1,m013005_o_max_ord16_rk00006,16,0.4186861554786318,-0.0,1,Democracy
AD+FTD->FTD,o_max,xgb_tree_d1,m000016_o_max_ord3_rk00017,3,0.41862783764412,-0.0,1,Democracy
AD+FTD->FTD,o_max,xgb_tree_d1,m011004_o_max_ord14_rk00005,14,0.4186230310930179,-0.0,1,Democracy
AD+FTD->FTD,o_max,xgb_tree_d1,m007013_o_max_ord10_rk00014,10,0.4185966832500585,-0.0,1,Democracy
AD+FTD->FTD,o_max,xgb_tree_d1,m014007_o_max_ord17_rk00008,17,0.4185215544360304,-0.0,1,Democracy
AD+FTD->FTD,o_max,xgb_tree_d1,m021005_o_max_ord24_rk00006,24,0.4184482507337587,0.6583514224564075,3,Democracy
AD+FTD->FTD,o_max,xgb_tree_d1,m009010_o_max_ord12_rk00011,12,0.4184211073685281,-0.0,1,Democracy
AD+FTD->FTD,o_max,xgb_tree_d1,m006018_o_max_ord9_rk00019,9,0.4183369811255585,-0.0,1,Democracy
AD+FTD->FTD,o_max,xgb_tree_d1,m010002_o_max_ord13_rk00003,13,0.4181159637283314,-0.0,1,Democracy
AD+FTD->FTD,o_max,xgb_tree_d1,m003007_o_max_ord6_rk00008,6,0.4181117699196901,-0.0,1,Democracy
AD+FTD->FTD,o_max,xgb_tree_d1,m027008_o_max_ord30_rk00009,30,0.4181046447944201,1.1721597626314755,5,Democracy
AD+FTD->FTD,o_max,xgb_tree_d1,m025016_o_max_ord28_rk00017,28,0.4179647465390802,0.9217544759335055,4,Democracy
AD+FTD->FTD,o_max,xgb_tree_d1,m003005_o_max_ord6_rk00006,6,0.41794826178085,-0.0,1,Democracy
AD+FTD->FTD,o_max,xgb_tree_d1,m016006_o_max_ord19_rk00007,19,0.4179168802588645,-0.0,1,Democracy
AD+FTD->FTD,o_max,xgb_tree_d1,m007015_o_max_ord10_rk00016,10,0.4177557980585297,-0.0,1,Democracy
AD+FTD->FTD,o_max,xgb_tree_d1,m002009_o_max_ord5_rk00010,5,0.4176916979657943,-0.0,1,Democracy
AD+FTD->FTD,o_max,xgb_tree_d1,m009017_o_max_ord12_rk00018,12,0.4175744852283828,-0.0,1,Democracy
AD+FTD->FTD,o_max,xgb_tree_d1,m012007_o_max_ord15_rk00008,15,0.4175544214710448,-0.0,1,Democracy
AD+FTD->FTD,o_max,xgb_tree_d1,m011015_o_max_ord14_rk00016,14,0.4174725096041647,-0.0,1,Democracy
AD+FTD->FTD,o_max,xgb_tree_d1,m011005_o_max_ord14_rk00006,14,0.4174602690787538,-0.0,1,Democracy
AD+FTD->FTD,o_max,xgb_tree_d1,m014015_o_max_ord17_rk00016,17,0.4174073048242219,-0.0,1,Democracy
AD+FTD->FTD,o_max,xgb_tree_d1,m002012_o_max_ord5_rk00013,5,0.4173871696779551,-0.0,1,Democracy
AD+FTD->FTD,o_max,xgb_tree_d1,m027019_o_max_ord30_rk00020,30,0.417354041729716,1.080424344959478,5,Democracy
AD+FTD->FTD,o_max,xgb_tree_d1,m006003_o_max_ord9_rk00004,9,0.4173342261604079,-0.0,1,Democracy
AD+FTD->FTD,o_max,xgb_tree_d1,m024006_o_max_ord27_rk00007,27,0.4172918747743235,0.9451696091196164,4,Democracy
AD+FTD->FTD,o_max,xgb_tree_d1,m013019_o_max_ord16_rk00020,16,0.417129931612339,-0.0,1,Democracy
AD+FTD->FTD,o_max,xgb_tree_d1,m006010_o_max_ord9_rk00011,9,0.4171034970336956,-0.0,1,Democracy
AD+FTD->FTD,o_max,xgb_tree_d1,m001005_o_max_ord4_rk00006,4,0.417067136246268,-0.0,1,Democracy
AD+FTD->FTD,o_max,xgb_tree_d1,m004019_o_max_ord7_rk00020,7,0.4168941009022956,-0.0,1,Democracy
AD+FTD->FTD,o_max,xgb_tree_d1,m019010_o_max_ord22_rk00011,22,0.4168326121906656,0.266764987803026,2,Democracy
AD+FTD->FTD,o_max,xgb_tree_d1,m008007_o_max_ord11_rk00008,11,0.4168289962804011,-0.0,1,Democracy
AD+FTD->FTD,o_max,xgb_tree_d1,m014016_o_max_ord17_rk00017,17,0.4166942251089672,-0.0,1,Democracy
AD+FTD->FTD,o_max,xgb_tree_d1,m004017_o_max_ord7_rk00018,7,0.416682309004464,-0.0,1,Democracy
AD+FTD->FTD,o_max,xgb_tree_d1,m024005_o_max_ord27_rk00006,27,0.4166374852362949,0.9451696091196164,4,Democracy
AD+FTD->FTD,o_max,xgb_tree_d1,m025013_o_max_ord28_rk00014,28,0.4166186540336914,1.2274025692592483,5,Democracy
AD+FTD->FTD,o_max,xgb_tree_d1,m006005_o_max_ord9_rk00006,9,0.4165796372152285,-0.0,1,Democracy
AD+FTD->FTD,o_max,xgb_tree_d1,m014010_o_max_ord17_rk00011,17,0.4165366692180374,-0.0,1,Democracy
AD+FTD->FTD,o_max,xgb_tree_d1,m016016_o_max_ord19_rk00017,19,0.416532690365314,-0.0,1,Democracy
AD+FTD->FTD,o_max,xgb_tree_d1,m019014_o_max_ord22_rk00015,22,0.416520436594626,1.3315796225857794,4,Democracy
AD+FTD->FTD,o_max,xgb_tree_d1,m015007_o_max_ord18_rk00008,18,0.4161701485120338,-0.0,1,Democracy
AD+FTD->FTD,o_max,xgb_tree_d1,m017018_o_max_ord20_rk00019,20,0.4161437620145644,1.1411535278793057,3,Democracy
AD+FTD->FTD,o_max,xgb_tree_d1,m002018_o_max_ord5_rk00019,5,0.4161188732532191,-0.0,1,Democracy
AD+FTD->FTD,o_max,xgb_tree_d1,m011014_o_max_ord14_rk00015,14,0.4160941944191987,0.37123232664087563,2,Democracy
AD+FTD->FTD,o_max,xgb_tree_d1,m017011_o_max_ord20_rk00012,20,0.416057607364269,1.1411535278793057,3,Democracy
AD+FTD->FTD,o_max,xgb_tree_d1,m009008_o_max_ord12_rk00009,12,0.416032189377931,-0.0,1,Democracy
AD+FTD->FTD,o_max,xgb_tree_d1,m008015_o_max_ord11_rk00016,11,0.4159493664366039,-0.0,1,Democracy
AD+FTD->FTD,o_max,xgb_tree_d1,m001008_o_max_ord4_rk00009,4,0.4159179879109983,-0.0,1,Democracy
AD+FTD->FTD,o_max,xgb_tree_d1,m002011_o_max_ord5_rk00012,5,0.4158699891683934,-0.0,1,Democracy
AD+FTD->FTD,o_max,xgb_tree_d1,m000011_o_max_ord3_rk00012,3,0.4158345018975418,-0.0,1,Democracy
AD+FTD->FTD,o_max,xgb_tree_d1,m001013_o_max_ord4_rk00014,4,0.415769745580986,-0.0,1,Democracy
AD+FTD->FTD,o_max,xgb_tree_d1,m022003_o_max_ord25_rk00004,25,0.4156257707063692,0.8743095546405661,4,Democracy
AD+FTD->FTD,o_max,xgb_tree_d1,m005003_o_max_ord8_rk00004,8,0.4154591148479515,-0.0,1,Democracy
AD+FTD->FTD,o_max,xgb_tree_d1,m005008_o_max_ord8_rk00009,8,0.4154111874992473,-0.0,1,Democracy
AD+FTD->FTD,o_max,xgb_tree_d1,m005004_o_max_ord8_rk00005,8,0.4153632251838144,-0.0,1,Democracy
AD+FTD->FTD,o_max,xgb_tree_d1,m005009_o_max_ord8_rk00010,8,0.4152781878235735,-0.0,1,Democracy
AD+FTD->FTD,o_max,xgb_tree_d1,m011003_o_max_ord14_rk00004,14,0.4152733215777847,-0.0,1,Democracy
AD+FTD->FTD,o_max,xgb_tree_d1,m005018_o_max_ord8_rk00019,8,0.4151449384625207,-0.0,1,Democracy
AD+FTD->FTD,o_max,xgb_tree_d1,m015017_o_max_ord18_rk00018,18,0.4148990272984479,-0.0,1,Democracy
AD+FTD->FTD,o_max,xgb_tree_d1,m021012_o_max_ord24_rk00013,24,0.4148875409065625,0.5435644431995964,2,Democracy
AD+FTD->FTD,o_max,xgb_tree_d1,m002019_o_max_ord5_rk00020,5,0.4148740700898708,-0.0,1,Democracy
AD+FTD->FTD,o_max,xgb_tree_d1,m015015_o_max_ord18_rk00016,18,0.4148369572799323,-0.0,1,Democracy
AD+FTD->FTD,o_max,xgb_tree_d1,m003015_o_max_ord6_rk00016,6,0.4147470457956744,-0.0,1,Democracy
AD+FTD->FTD,o_max,xgb_tree_d1,m009000_o_max_ord12_rk00001,12,0.4144319338327868,-0.0,1,Democracy
AD+FTD->FTD,o_max,xgb_tree_d1,m020019_o_max_ord23_rk00020,23,0.4142873240424268,0.4262286569981449,2,Democracy
AD+FTD->FTD,o_max,xgb_tree_d1,m000002_o_max_ord3_rk00003,3,0.4141221595408224,-0.0,1,Democracy
AD+FTD->FTD,o_max,xgb_tree_d1,m016009_o_max_ord19_rk00010,19,0.4140048131831567,-0.0,1,Democracy
AD+FTD->FTD,o_max,xgb_tree_d1,m012015_o_max_ord15_rk00016,15,0.4137070528206702,-0.0,1,Democracy
AD+FTD->FTD,o_max,xgb_tree_d1,m003019_o_max_ord6_rk00020,6,0.4136559656193406,-0.0,1,Democracy
AD+FTD->FTD,o_max,xgb_tree_d1,m010011_o_max_ord13_rk00012,13,0.4135553944444174,-0.0,1,Democracy
AD+FTD->FTD,o_max,xgb_tree_d1,m005012_o_max_ord8_rk00013,8,0.4133675376367109,-0.0,1,Democracy
AD+FTD->FTD,o_max,xgb_tree_d1,m006009_o_max_ord9_rk00010,9,0.4133613573807621,-0.0,1,Democracy
AD+FTD->FTD,o_max,xgb_tree_d1,m012019_o_max_ord15_rk00020,15,0.4133094464400106,0.35335933502142136,2,Democracy
AD+FTD->FTD,o_max,xgb_tree_d1,m010010_o_max_ord13_rk00011,13,0.4131023793992207,-0.0,1,Democracy
AD+FTD->FTD,o_max,xgb_tree_d1,m003016_o_max_ord6_rk00017,6,0.4130665864659709,-0.0,1,Democracy
AD+FTD->FTD,o_max,xgb_tree_d1,m012006_o_max_ord15_rk00007,15,0.4129513571822657,-0.0,1,Democracy
AD+FTD->FTD,o_max,xgb_tree_d1,m007019_o_max_ord10_rk00020,10,0.4129349401560828,-0.0,1,Democracy
AD+FTD->FTD,o_max,xgb_tree_d1,m021003_o_max_ord24_rk00004,24,0.4126603058819903,1.0238995733215066,4,Democracy
AD+FTD->FTD,o_max,xgb_tree_d1,m016015_o_max_ord19_rk00016,19,0.4121402202474326,-0.0,1,Democracy
AD+FTD->FTD,o_max,xgb_tree_d1,m005010_o_max_ord8_rk00011,8,0.412102185003276,-0.0,1,Democracy
AD+FTD->FTD,o_max,xgb_tree_d1,m000005_o_max_ord3_rk00006,3,0.4116018414428599,-0.0,1,Democracy
AD+FTD->FTD,o_max,xgb_tree_d1,m015012_o_max_ord18_rk00013,18,0.4115197872929054,-0.0,1,Democracy
AD+FTD->FTD,o_max,xgb_tree_d1,m002004_o_max_ord5_rk00005,5,0.4115179170390372,-0.0,1,Democracy
AD+FTD->FTD,o_max,xgb_tree_d1,m012010_o_max_ord15_rk00011,15,0.4113935862920919,-0.0,1,Democracy
AD+FTD->FTD,o_max,xgb_tree_d1,m006012_o_max_ord9_rk00013,9,0.4113934965188759,-0.0,1,Democracy
AD+FTD->FTD,o_max,xgb_tree_d1,m020008_o_max_ord23_rk00009,23,0.4112972727476092,1.3012517848198515,4,Democracy
AD+FTD->FTD,o_max,xgb_tree_d1,m008014_o_max_ord11_rk00015,11,0.4111323085974814,-0.0,1,Democracy
AD+FTD->FTD,o_max,xgb_tree_d1,m012012_o_max_ord15_rk00013,15,0.4110463870371779,-0.0,1,Democracy
AD+FTD->FTD,o_max,xgb_tree_d1,m001010_o_max_ord4_rk00011,4,0.4108452434108813,-0.0,1,Democracy
AD+FTD->FTD,o_max,xgb_tree_d1,m002016_o_max_ord5_rk00017,5,0.4108214311542697,-0.0,1,Democracy
AD+FTD->FTD,o_max,xgb_tree_d1,m003012_o_max_ord6_rk00013,6,0.410550103442347,-0.0,1,Democracy
AD+FTD->FTD,o_max,xgb_tree_d1,m017002_o_max_ord20_rk00003,20,0.4102524973316229,-0.0,1,Democracy
AD+FTD->FTD,o_max,xgb_tree_d1,m000008_o_max_ord3_rk00009,3,0.4102351281368427,-0.0,1,Democracy
AD+FTD->FTD,o_max,xgb_tree_d1,m002017_o_max_ord5_rk00018,5,0.4101939336891572,-0.0,1,Democracy
AD+FTD->FTD,o_max,xgb_tree_d1,m004012_o_max_ord7_rk00013,7,0.4100398855969308,-0.0,1,Democracy
AD+FTD->FTD,o_max,xgb_tree_d1,m003013_o_max_ord6_rk00014,6,0.4098893569508068,-0.0,1,Democracy
AD+FTD->FTD,o_max,xgb_tree_d1,m015009_o_max_ord18_rk00010,18,0.4098214384623017,-0.0,1,Democracy
AD+FTD->FTD,o_max,xgb_tree_d1,m009013_o_max_ord12_rk00014,12,0.4097796045273837,-0.0,1,Democracy
AD+FTD->FTD,o_max,xgb_tree_d1,m020004_o_max_ord23_rk00005,23,0.4096800178523302,1.0666152167384504,3,Democracy
AD+FTD->FTD,o_max,xgb_tree_d1,m016010_o_max_ord19_rk00011,19,0.4095507487605154,-0.0,1,Democracy
AD+FTD->FTD,o_max,xgb_tree_d1,m008006_o_max_ord11_rk00007,11,0.4091897058656543,-0.0,1,Democracy
AD+FTD->FTD,o_max,xgb_tree_d1,m004018_o_max_ord7_rk00019,7,0.4086770633322425,-0.0,1,Democracy
AD+FTD->FTD,o_max,xgb_tree_d1,m013000_o_max_ord16_rk00001,16,0.4085455420734405,-0.0,1,Democracy
AD+FTD->FTD,o_max,xgb_tree_d1,m009016_o_max_ord12_rk00017,12,0.4085282354560239,-0.0,1,Democracy
AD+FTD->FTD,o_max,xgb_tree_d1,m011012_o_max_ord14_rk00013,14,0.4084964094791312,-0.0,1,Democracy
AD+FTD->FTD,o_max,xgb_tree_d1,m005005_o_max_ord8_rk00006,8,0.4083693991230371,-0.0,1,Democracy
AD+FTD->FTD,o_max,xgb_tree_d1,m019015_o_max_ord22_rk00016,22,0.4083390465563603,0.266764987803026,2,Democracy
AD+FTD->FTD,o_max,xgb_tree_d1,m019013_o_max_ord22_rk00014,22,0.4082957679847002,-0.0,1,Democracy
AD+FTD->FTD,o_max,xgb_tree_d1,m001014_o_max_ord4_rk00015,4,0.4082478015908888,-0.0,1,Democracy
AD+FTD->FTD,o_max,xgb_tree_d1,m011016_o_max_ord14_rk00017,14,0.4082188553100473,-0.0,1,Democracy
AD+FTD->FTD,o_max,xgb_tree_d1,m011007_o_max_ord14_rk00008,14,0.4081844750496572,-0.0,1,Democracy
AD+FTD->FTD,o_max,xgb_tree_d1,m019001_o_max_ord22_rk00002,22,0.4080272523427385,1.090652803252992,3,Democracy
AD+FTD->FTD,o_max,xgb_tree_d1,m009004_o_max_ord12_rk00005,12,0.4079718802913371,-0.0,1,Democracy
AD+FTD->FTD,o_max,xgb_tree_d1,m010016_o_max_ord13_rk00017,13,0.4079514691390813,-0.0,1,Democracy
AD+FTD->FTD,o_max,xgb_tree_d1,m018018_o_max_ord21_rk00019,21,0.4079300395661743,-0.0,1,Democracy
AD+FTD->FTD,o_max,xgb_tree_d1,m005016_o_max_ord8_rk00017,8,0.4078308962076932,-0.0,1,Democracy
AD+FTD->FTD,o_max,xgb_tree_d1,m000007_o_max_ord3_rk00008,3,0.4077028179708738,-0.0,1,Democracy
AD+FTD->FTD,o_max,xgb_tree_d1,m017000_o_max_ord20_rk00001,20,0.4076584201486521,0.8812908992306927,2,Democracy
AD+FTD->FTD,o_max,xgb_tree_d1,m000010_o_max_ord3_rk00011,3,0.4075317004270372,-0.0,1,Democracy
AD+FTD->FTD,o_max,xgb_tree_d1,m018005_o_max_ord21_rk00006,21,0.4073775925870065,-0.0,1,Democracy
AD+FTD->FTD,o_max,xgb_tree_d1,m000004_o_max_ord3_rk00005,3,0.4072563058194377,-0.0,1,Democracy
AD+FTD->FTD,o_max,xgb_tree_d1,m019016_o_max_ord22_rk00017,22,0.4072181416710205,0.266764987803026,2,Democracy
AD+FTD->FTD,o_max,xgb_tree_d1,m010008_o_max_ord13_rk00009,13,0.4071643896133697,-0.0,1,Democracy
AD+FTD->FTD,o_max,xgb_tree_d1,m018010_o_max_ord21_rk00011,21,0.4070894709047797,-0.0,1,Democracy
AD+FTD->FTD,o_max,xgb_tree_d1,m019003_o_max_ord22_rk00004,22,0.4070061699380355,0.266764987803026,2,Democracy
AD+FTD->FTD,o_max,xgb_tree_d1,m008010_o_max_ord11_rk00011,11,0.4066952592065725,-0.0,1,Democracy
AD+FTD->FTD,o_max,xgb_tree_d1,m016007_o_max_ord19_rk00008,19,0.4066544668305529,-0.0,1,Democracy
AD+FTD->FTD,o_max,xgb_tree_d1,m015019_o_max_ord18_rk00020,18,0.4065917397905084,-0.0,1,Democracy
AD+FTD->FTD,o_max,xgb_tree_d1,m020002_o_max_ord23_rk00003,23,0.4065175024939028,1.0666152167384504,3,Democracy
AD+FTD->FTD,o_max,xgb_tree_d1,m019004_o_max_ord22_rk00005,22,0.4065143030645399,1.090652803252992,3,Democracy
AD+FTD->FTD,o_max,xgb_tree_d1,m019005_o_max_ord22_rk00006,22,0.4065032605612411,-0.0,1,Democracy
AD+FTD->FTD,o_max,xgb_tree_d1,m013004_o_max_ord16_rk00005,16,0.4063581989968268,-0.0,1,Democracy
AD+FTD->FTD,o_max,xgb_tree_d1,m003002_o_max_ord6_rk00003,6,0.4063247254537474,-0.0,1,Democracy
AD+FTD->FTD,o_max,xgb_tree_d1,m001012_o_max_ord4_rk00013,4,0.4062987750983432,-0.0,1,Democracy
AD+FTD->FTD,o_max,xgb_tree_d1,m018001_o_max_ord21_rk00002,21,0.4062717368267056,-0.0,1,Democracy
AD+FTD->FTD,o_max,xgb_tree_d1,m020000_o_max_ord23_rk00001,23,0.4062689818156253,0.828055725379504,2,Democracy
AD+FTD->FTD,o_max,xgb_tree_d1,m012004_o_max_ord15_rk00005,15,0.4061976148613845,-0.0,1,Democracy
AD+FTD->FTD,o_max,xgb_tree_d1,m011019_o_max_ord14_rk00020,14,0.4061699923590864,-0.0,1,Democracy
AD+FTD->FTD,o_max,xgb_tree_d1,m002005_o_max_ord5_rk00006,5,0.4059283858732562,-0.0,1,Democracy
AD+FTD->FTD,o_max,xgb_tree_d1,m007004_o_max_ord10_rk00005,10,0.4059135599347506,-0.0,1,Democracy
AD+FTD->FTD,o_max,xgb_tree_d1,m009007_o_max_ord12_rk00008,12,0.4057364938098596,-0.0,1,Democracy
AD+FTD->FTD,o_max,xgb_tree_d1,m024000_o_max_ord27_rk00001,27,0.4055535175253305,0.7642045065086203,2,Democracy
AD+FTD->FTD,o_max,xgb_tree_d1,m016000_o_max_ord19_rk00001,19,0.405517482027687,0.8997437586982626,2,Democracy
AD+FTD->FTD,o_max,xgb_tree_d1,m010012_o_max_ord13_rk00013,13,0.4054997504237667,-0.0,1,Democracy
AD+FTD->FTD,o_max,xgb_tree_d1,m021019_o_max_ord24_rk00020,24,0.4054337864265842,1.2720552088742005,4,Democracy
AD+FTD->FTD,o_max,xgb_tree_d1,m003011_o_max_ord6_rk00012,6,0.4053843040565823,-0.0,1,Democracy
AD+FTD->FTD,o_max,xgb_tree_d1,m014013_o_max_ord17_rk00014,17,0.4053048640767153,-0.0,1,Democracy
AD+FTD->FTD,o_max,xgb_tree_d1,m017005_o_max_ord20_rk00006,20,0.4052367284296542,-0.0,1,Democracy
AD+FTD->FTD,o_max,xgb_tree_d1,m012017_o_max_ord15_rk00018,15,0.4052251108623872,-0.0,1,Democracy
AD+FTD->FTD,o_max,xgb_tree_d1,m013006_o_max_ord16_rk00007,16,0.4051711173570221,-0.0,1,Democracy
AD+FTD->FTD,o_max,xgb_tree_d1,m012000_o_max_ord15_rk00001,15,0.404683251464707,-0.0,1,Democracy
AD+FTD->FTD,o_max,xgb_tree_d1,m004006_o_max_ord7_rk00007,7,0.4045782394518045,-0.0,1,Democracy
AD+FTD->FTD,o_max,xgb_tree_d1,m009012_o_max_ord12_rk00013,12,0.4045751169583585,-0.0,1,Democracy
AD+FTD->FTD,o_max,xgb_tree_d1,m015018_o_max_ord18_rk00019,18,0.4044598579857449,-0.0,1,Democracy
AD+FTD->FTD,o_max,xgb_tree_d1,m012011_o_max_ord15_rk00012,15,0.4044523786827491,-0.0,1,Democracy
AD+FTD->FTD,o_max,xgb_tree_d1,m013018_o_max_ord16_rk00019,16,0.4043708323627879,-0.0,1,Democracy
AD+FTD->FTD,o_max,xgb_tree_d1,m010003_o_max_ord13_rk00004,13,0.4043597194320908,-0.0,1,Democracy
AD+FTD->FTD,o_max,xgb_tree_d1,m014008_o_max_ord17_rk00009,17,0.4042734618729585,-0.0,1,Democracy
AD+FTD->FTD,o_max,xgb_tree_d1,m019007_o_max_ord22_rk00008,22,0.4042560331808854,0.266764987803026,2,Democracy
AD+FTD->FTD,o_max,xgb_tree_d1,m017004_o_max_ord20_rk00005,20,0.4040346057744282,-0.0,1,Democracy
AD+FTD->FTD,o_max,xgb_tree_d1,m023000_o_max_ord26_rk00001,26,0.4039358077188669,0.7793498372920851,2,Democracy
AD+FTD->FTD,o_max,xgb_tree_d1,m014000_o_max_ord17_rk00001,17,0.403806996335787,0.9366673818775624,2,Democracy
AD+FTD->FTD,o_max,xgb_tree_d1,m027000_o_max_ord30_rk00001,30,0.4035665075405346,1.2486092328524885,4,Democracy
AD+FTD->FTD,o_max,xgb_tree_d1,m019000_o_max_ord22_rk00001,22,0.403314489726158,0.8453509366224364,2,Democracy
AD+FTD->FTD,o_max,xgb_tree_d1,m018008_o_max_ord21_rk00009,21,0.4030692286718214,0.2761954276479391,2,Democracy
AD+FTD->FTD,o_max,xgb_tree_d1,m001016_o_max_ord4_rk00017,4,0.4029710753562358,-0.0,1,Democracy
AD+FTD->FTD,o_max,xgb_tree_d1,m010006_o_max_ord13_rk00007,13,0.4026288644534953,-0.0,1,Democracy
AD+FTD->FTD,o_max,xgb_tree_d1,m000006_o_max_ord3_rk00007,3,0.4025502308345233,-0.0,1,Democracy
AD+FTD->FTD,o_max,xgb_tree_d1,m010017_o_max_ord13_rk00018,13,0.4024974608550831,-0.0,1,Democracy
AD+FTD->FTD,o_max,xgb_tree_d1,m025000_o_max_ord28_rk00001,28,0.4024871383760652,0.9591963191047147,3,Democracy
AD+FTD->FTD,o_max,xgb_tree_d1,m014012_o_max_ord17_rk00013,17,0.402365954812058,-0.0,1,Democracy
AD+FTD->FTD,o_max,xgb_tree_d1,m018015_o_max_ord21_rk00016,21,0.4022236390579403,1.115520093581932,3,Democracy
AD+FTD->FTD,o_max,xgb_tree_d1,m004015_o_max_ord7_rk00016,7,0.4019465760049097,-0.0,1,Democracy
AD+FTD->FTD,o_max,xgb_tree_d1,m015003_o_max_ord18_rk00004,18,0.4018332377102432,-0.0,1,Democracy
AD+FTD->FTD,o_max,xgb_tree_d1,m001018_o_max_ord4_rk00019,4,0.4016554879084714,-0.0,1,Democracy
AD+FTD->FTD,o_max,xgb_tree_d1,m005015_o_max_ord8_rk00016,8,0.4015131851739465,-0.0,1,Democracy
AD+FTD->FTD,o_max,xgb_tree_d1,m001006_o_max_ord4_rk00007,4,0.4013585140379703,-0.0,1,Democracy
AD+FTD->FTD,o_max,xgb_tree_d1,m019011_o_max_ord22_rk00012,22,0.4012749737324003,0.266764987803026,2,Democracy
AD+FTD->FTD,o_max,xgb_tree_d1,m000009_o_max_ord3_rk00010,3,0.4011582658574243,-0.0,1,Democracy
AD+FTD->FTD,o_max,xgb_tree_d1,m013003_o_max_ord16_rk00004,16,0.4011091022622703,0.9544340029249649,2,Democracy
AD+FTD->FTD,o_max,xgb_tree_d1,m011001_o_max_ord14_rk00002,14,0.4010647851841095,-0.0,1,Democracy
AD+FTD->FTD,o_max,xgb_tree_d1,m021000_o_max_ord24_rk00001,24,0.4003722291996009,0.8112781244591328,2,Democracy
AD+FTD->FTD,o_max,xgb_tree_d1,m022002_o_max_ord25_rk00003,25,0.4003700668398914,0.7950402793845223,2,Democracy
AD+FTD->FTD,o_max,xgb_tree_d1,m018012_o_max_ord21_rk00013,21,0.4002196403629232,1.115520093581932,3,Democracy
AD+FTD->FTD,o_max,xgb_tree_d1,m014018_o_max_ord17_rk00019,17,0.3997239740988779,-0.0,1,Democracy
AD+FTD->FTD,o_max,xgb_tree_d1,m026018_o_max_ord29_rk00019,29,0.3997093378497146,1.1425175164144374,4,Democracy
AD+FTD->FTD,o_max,xgb_tree_d1,m013002_o_max_ord16_rk00003,16,0.3993595707286983,-0.0,1,Democracy
AD+FTD->FTD,o_max,xgb_tree_d1,m018004_o_max_ord21_rk00005,21,0.3991613565634486,1.115520093581932,3,Democracy
AD+FTD->FTD,o_max,xgb_tree_d1,m017010_o_max_ord20_rk00011,20,0.3986723006835282,-0.0,1,Democracy
AD+FTD->FTD,o_max,xgb_tree_d1,m018000_o_max_ord21_rk00001,21,0.3982694072910592,0.863120568566631,2,Democracy
AD+FTD->FTD,o_max,xgb_tree_d1,m018006_o_max_ord21_rk00007,21,0.3978515655259269,1.115520093581932,3,Democracy
AD+FTD->FTD,o_max,xgb_tree_d1,m025018_o_max_ord28_rk00019,28,0.397580238238827,0.9591963191047147,3,Democracy
AD+FTD->FTD,o_max,xgb_tree_d1,m011006_o_max_ord14_rk00007,14,0.3964432545153497,-0.0,1,Democracy
AD+FTD->FTD,o_max,xgb_tree_d1,m000019_o_max_ord3_rk00020,3,0.3961475916539061,-0.0,1,Democracy
AD+FTD->FTD,o_max,xgb_tree_d1,m021010_o_max_ord24_rk00011,24,0.3958884128011378,1.0434356963218767,3,Democracy
AD+FTD->FTD,o_max,xgb_tree_d1,m012002_o_max_ord15_rk00003,15,0.3951584709653085,-0.0,1,Democracy
AD+FTD->FTD,o_max,xgb_tree_d1,m013015_o_max_ord16_rk00016,16,0.3947462062329469,-0.0,1,Democracy
AD+FTD->FTD,o_max,xgb_tree_d1,m026001_o_max_ord29_rk00002,29,0.3941020843797721,1.1425175164144374,4,Democracy
AD+FTD->FTD,o_max,xgb_tree_d1,m002015_o_max_ord5_rk00016,5,0.3937398665975459,-0.0,1,Democracy
AD+FTD->FTD,o_max,xgb_tree_d1,m001003_o_max_ord4_rk00004,4,0.3927520629878077,-0.0,1,Democracy
AD+FTD->FTD,o_max,xgb_tree_d1,m015000_o_max_ord18_rk00001,18,0.3926072187860194,0.9182958340544896,2,Democracy
AD+FTD->FTD,o_max,xgb_tree_d1,m013012_o_max_ord16_rk00013,16,0.3905544695505147,-0.0,1,Democracy
AD+FTD->FTD,o_max,xgb_tree_d1,m012014_o_max_ord15_rk00015,15,0.3893145020773008,-0.0,1,Democracy
AD+FTD->FTD,o_max,xgb_tree_d1,m004007_o_max_ord7_rk00008,7,0.3889273024186417,-0.0,1,Democracy
AD+FTD->FTD,o_max,xgb_tree_d1,m012008_o_max_ord15_rk00009,15,0.3864313273603879,-0.0,1,Democracy
AD+FTD->FTD,o_max,xgb_tree_d1,m012009_o_max_ord15_rk00010,15,0.3856354848363627,-0.0,1,Democracy
AD+FTD->FTD,o_max,xgb_tree_d1,m000014_o_max_ord3_rk00015,3,0.3789234580536974,-0.0,1,Democracy
AD+FTD->FTD,o_max,xgb_tree_d1,m026017_o_max_ord29_rk00018,29,0.3588080940640653,1.1425175164144374,4,Democracy
AD+FTD->FTD,o_max,xgb_tree_d1,m020007_o_max_ord23_rk00008,23,0.3572721079850327,1.0666152167384504,3,Democracy
AD+FTD->FTD,o_max,xgb_tree_d1,m001007_o_max_ord4_rk00008,4,0.3459696659250787,-0.0,1,Air Pollution
AD+FTD->FTD,o_max,xgb_tree_d1,m000001_o_max_ord3_rk00002,3,0.3295377330263342,-0.0,1,Air Pollution
AD+FTD->FTD,o_max,xgb_tree_d1,m001019_o_max_ord4_rk00020,4,0.3283066023417195,-0.0,1,Air Pollution
