condition,model_level,objective,candidate_id,n_triplets,n_synergistic_triplets,pct_synergistic_triplets,exposome_baseline_pct
Pooled,OLS,o_max,m000015_o_max_ord3_rk00016,1,0,0.0,33.23008738133011
Pooled,OLS,o_max,m000002_o_max_ord3_rk00003,1,0,0.0,33.23008738133011
Pooled,OLS,o_max,m000006_o_max_ord3_rk00007,1,0,0.0,33.23008738133011
Pooled,OLS,o_max,m000003_o_max_ord3_rk00004,1,0,0.0,33.23008738133011
Pooled,OLS,o_max,m000014_o_max_ord3_rk00015,1,0,0.0,33.23008738133011
Pooled,OLS,o_max,m002016_o_max_ord5_rk00017,10,0,0.0,33.23008738133011
Pooled,OLS,o_max,m000011_o_max_ord3_rk00012,1,0,0.0,33.23008738133011
Pooled,OLS,o_max,m001014_o_max_ord4_rk00015,4,0,0.0,33.23008738133011
Pooled,OLS,o_max,m000000_o_max_ord3_rk00001,1,0,0.0,33.23008738133011
Pooled,OLS,o_max,m001016_o_max_ord4_rk00017,4,0,0.0,33.23008738133011
Pooled,OLS,o_max,m001003_o_max_ord4_rk00004,4,0,0.0,33.23008738133011
Pooled,OLS,o_max,m000018_o_max_ord3_rk00019,1,0,0.0,33.23008738133011
Pooled,OLS,o_max,m000004_o_max_ord3_rk00005,1,0,0.0,33.23008738133011
Pooled,OLS,o_max,m000019_o_max_ord3_rk00020,1,0,0.0,33.23008738133011
Pooled,OLS,o_max,m000017_o_max_ord3_rk00018,1,0,0.0,33.23008738133011
Pooled,OLS,o_max,m000012_o_max_ord3_rk00013,1,0,0.0,33.23008738133011
Pooled,OLS,o_max,m000008_o_max_ord3_rk00009,1,0,0.0,33.23008738133011
Pooled,OLS,o_max,m000010_o_max_ord3_rk00011,1,0,0.0,33.23008738133011
Pooled,OLS,o_max,m001000_o_max_ord4_rk00001,4,0,0.0,33.23008738133011
Pooled,OLS,o_max,m000007_o_max_ord3_rk00008,1,0,0.0,33.23008738133011
Pooled,OLS,o_min,m050526_o_min_ord6_rk00012,20,6,30.0,33.23008738133011
Pooled,OLS,o_min,m049528_o_min_ord5_rk00014,10,5,50.0,33.23008738133011
Pooled,OLS,o_min,m050523_o_min_ord6_rk00009,20,6,30.0,33.23008738133011
Pooled,OLS,o_min,m047524_o_min_ord3_rk00010,1,1,100.0,33.23008738133011
Pooled,OLS,o_min,m047533_o_min_ord3_rk00019,1,1,100.0,33.23008738133011
Pooled,OLS,o_min,m049518_o_min_ord5_rk00004,10,7,70.0,33.23008738133011
Pooled,OLS,o_min,m049523_o_min_ord5_rk00009,10,5,50.0,33.23008738133011
Pooled,OLS,o_min,m049522_o_min_ord5_rk00008,10,5,50.0,33.23008738133011
Pooled,OLS,o_min,m047522_o_min_ord3_rk00008,1,1,100.0,33.23008738133011
Pooled,OLS,o_min,m048515_o_min_ord4_rk00001,4,3,75.0,33.23008738133011
Pooled,OLS,o_min,m047527_o_min_ord3_rk00013,1,1,100.0,33.23008738133011
Pooled,OLS,o_min,m047518_o_min_ord3_rk00004,1,1,100.0,33.23008738133011
Pooled,OLS,o_min,m047516_o_min_ord3_rk00002,1,1,100.0,33.23008738133011
Pooled,OLS,o_min,m047521_o_min_ord3_rk00007,1,1,100.0,33.23008738133011
Pooled,OLS,o_min,m051534_o_min_ord7_rk00020,35,18,51.42857142857143,33.23008738133011
Pooled,OLS,o_min,m049519_o_min_ord5_rk00005,10,8,80.0,33.23008738133011
Pooled,OLS,o_min,m047523_o_min_ord3_rk00009,1,1,100.0,33.23008738133011
Pooled,OLS,o_min,m047534_o_min_ord3_rk00020,1,1,100.0,33.23008738133011
Pooled,OLS,o_min,m047525_o_min_ord3_rk00011,1,1,100.0,33.23008738133011
Pooled,OLS,o_min,m050520_o_min_ord6_rk00006,20,12,60.0,33.23008738133011
Pooled,d1,o_max,m003016_o_max_ord6_rk00017,20,0,0.0,33.23008738133011
Pooled,d1,o_max,m006005_o_max_ord9_rk00006,84,0,0.0,33.23008738133011
Pooled,d1,o_max,m001000_o_max_ord4_rk00001,4,0,0.0,33.23008738133011
Pooled,d1,o_max,m001006_o_max_ord4_rk00007,4,0,0.0,33.23008738133011
Pooled,d1,o_max,m002011_o_max_ord5_rk00012,10,0,0.0,33.23008738133011
Pooled,d1,o_max,m000002_o_max_ord3_rk00003,1,0,0.0,33.23008738133011
Pooled,d1,o_max,m000011_o_max_ord3_rk00012,1,0,0.0,33.23008738133011
Pooled,d1,o_max,m000000_o_max_ord3_rk00001,1,0,0.0,33.23008738133011
Pooled,d1,o_max,m003009_o_max_ord6_rk00010,20,0,0.0,33.23008738133011
Pooled,d1,o_max,m005004_o_max_ord8_rk00005,56,0,0.0,33.23008738133011
Pooled,d1,o_max,m001002_o_max_ord4_rk00003,4,0,0.0,33.23008738133011
Pooled,d1,o_max,m004008_o_max_ord7_rk00009,35,0,0.0,33.23008738133011
Pooled,d1,o_max,m001008_o_max_ord4_rk00009,4,0,0.0,33.23008738133011
Pooled,d1,o_max,m005001_o_max_ord8_rk00002,56,0,0.0,33.23008738133011
Pooled,d1,o_max,m013012_o_max_ord16_rk00013,560,0,0.0,33.23008738133011
Pooled,d1,o_max,m005014_o_max_ord8_rk00015,56,0,0.0,33.23008738133011
Pooled,d1,o_max,m000017_o_max_ord3_rk00018,1,0,0.0,33.23008738133011
Pooled,d1,o_max,m000018_o_max_ord3_rk00019,1,0,0.0,33.23008738133011
Pooled,d1,o_max,m001013_o_max_ord4_rk00014,4,0,0.0,33.23008738133011
Pooled,d1,o_max,m016007_o_max_ord19_rk00008,969,0,0.0,33.23008738133011
Pooled,d1,o_min,m049526_o_min_ord5_rk00012,10,6,60.0,33.23008738133011
Pooled,d1,o_min,m051516_o_min_ord7_rk00002,35,22,62.857142857142854,33.23008738133011
Pooled,d1,o_min,m050525_o_min_ord6_rk00011,20,16,80.0,33.23008738133011
Pooled,d1,o_min,m050526_o_min_ord6_rk00012,20,6,30.0,33.23008738133011
Pooled,d1,o_min,m050520_o_min_ord6_rk00006,20,12,60.0,33.23008738133011
Pooled,d1,o_min,m052525_o_min_ord8_rk00011,56,32,57.142857142857146,33.23008738133011
Pooled,d1,o_min,m050522_o_min_ord6_rk00008,20,13,65.0,33.23008738133011
Pooled,d1,o_min,m061519_o_min_ord17_rk00005,680,299,43.970588235294116,33.23008738133011
Pooled,d1,o_min,m057531_o_min_ord13_rk00017,286,116,40.55944055944056,33.23008738133011
Pooled,d1,o_min,m050519_o_min_ord6_rk00005,20,12,60.0,33.23008738133011
Pooled,d1,o_min,m051519_o_min_ord7_rk00005,35,18,51.42857142857143,33.23008738133011
Pooled,d1,o_min,m057525_o_min_ord13_rk00011,286,99,34.61538461538461,33.23008738133011
Pooled,d1,o_min,m056529_o_min_ord12_rk00015,220,71,32.27272727272727,33.23008738133011
Pooled,d1,o_min,m051533_o_min_ord7_rk00019,35,18,51.42857142857143,33.23008738133011
Pooled,d1,o_min,m061526_o_min_ord17_rk00012,680,308,45.294117647058826,33.23008738133011
Pooled,d1,o_min,m050533_o_min_ord6_rk00019,20,10,50.0,33.23008738133011
Pooled,d1,o_min,m061522_o_min_ord17_rk00008,680,319,46.911764705882355,33.23008738133011
Pooled,d1,o_min,m048526_o_min_ord4_rk00012,4,2,50.0,33.23008738133011
Pooled,d1,o_min,m060518_o_min_ord16_rk00004,560,255,45.535714285714285,33.23008738133011
Pooled,d1,o_min,m047528_o_min_ord3_rk00014,1,1,100.0,33.23008738133011
Pooled,d2,o_max,m023016_o_max_ord26_rk00017,2600,23,0.8846153846153846,33.23008738133011
Pooled,d2,o_max,m025009_o_max_ord28_rk00010,3276,1,0.030525030525030524,33.23008738133011
Pooled,d2,o_max,m025004_o_max_ord28_rk00005,3276,2,0.06105006105006105,33.23008738133011
Pooled,d2,o_max,m026009_o_max_ord29_rk00010,3654,22,0.60207991242474,33.23008738133011
Pooled,d2,o_max,m020018_o_max_ord23_rk00019,1771,0,0.0,33.23008738133011
Pooled,d2,o_max,m024018_o_max_ord27_rk00019,2925,2,0.06837606837606838,33.23008738133011
Pooled,d2,o_max,m025010_o_max_ord28_rk00011,3276,1,0.030525030525030524,33.23008738133011
Pooled,d2,o_max,m024010_o_max_ord27_rk00011,2925,1,0.03418803418803419,33.23008738133011
Pooled,d2,o_max,m021002_o_max_ord24_rk00003,2024,1,0.04940711462450593,33.23008738133011
Pooled,d2,o_max,m024019_o_max_ord27_rk00020,2925,7,0.23931623931623933,33.23008738133011
Pooled,d2,o_max,m023011_o_max_ord26_rk00012,2600,1,0.038461538461538464,33.23008738133011
Pooled,d2,o_max,m020001_o_max_ord23_rk00002,1771,1,0.05646527385657821,33.23008738133011
Pooled,d2,o_max,m025014_o_max_ord28_rk00015,3276,8,0.2442002442002442,33.23008738133011
Pooled,d2,o_max,m023017_o_max_ord26_rk00018,2600,1,0.038461538461538464,33.23008738133011
Pooled,d2,o_max,m022007_o_max_ord25_rk00008,2300,22,0.9565217391304348,33.23008738133011
Pooled,d2,o_max,m024014_o_max_ord27_rk00015,2925,2,0.06837606837606838,33.23008738133011
Pooled,d2,o_max,m024017_o_max_ord27_rk00018,2925,1,0.03418803418803419,33.23008738133011
Pooled,d2,o_max,m023004_o_max_ord26_rk00005,2600,23,0.8846153846153846,33.23008738133011
Pooled,d2,o_max,m023013_o_max_ord26_rk00014,2600,1,0.038461538461538464,33.23008738133011
Pooled,d2,o_max,m024003_o_max_ord27_rk00004,2925,2,0.06837606837606838,33.23008738133011
Pooled,d2,o_min,m068532_o_min_ord24_rk00018,2024,942,46.541501976284586,33.23008738133011
Pooled,d2,o_min,m065526_o_min_ord21_rk00012,1330,601,45.18796992481203,33.23008738133011
Pooled,d2,o_min,m065529_o_min_ord21_rk00015,1330,604,45.41353383458647,33.23008738133011
Pooled,d2,o_min,m067515_o_min_ord23_rk00001,1771,879,49.63297571993224,33.23008738133011
Pooled,d2,o_min,m057518_o_min_ord13_rk00004,286,117,40.90909090909091,33.23008738133011
Pooled,d2,o_min,m067519_o_min_ord23_rk00005,1771,877,49.520045172219085,33.23008738133011
Pooled,d2,o_min,m062528_o_min_ord18_rk00014,816,399,48.89705882352941,33.23008738133011
Pooled,d2,o_min,m067524_o_min_ord23_rk00010,1771,807,45.56747600225861,33.23008738133011
Pooled,d2,o_min,m067526_o_min_ord23_rk00012,1771,873,49.294184076792774,33.23008738133011
Pooled,d2,o_min,m067533_o_min_ord23_rk00019,1771,839,47.374364765669114,33.23008738133011
Pooled,d2,o_min,m066525_o_min_ord22_rk00011,1540,741,48.116883116883116,33.23008738133011
Pooled,d2,o_min,m066534_o_min_ord22_rk00020,1540,756,49.09090909090909,33.23008738133011
Pooled,d2,o_min,m067516_o_min_ord23_rk00002,1771,864,48.785996612083565,33.23008738133011
Pooled,d2,o_min,m068529_o_min_ord24_rk00015,2024,986,48.715415019762844,33.23008738133011
Pooled,d2,o_min,m071526_o_min_ord27_rk00012,2925,1430,48.888888888888886,33.23008738133011
Pooled,d2,o_min,m068518_o_min_ord24_rk00004,2024,1004,49.60474308300395,33.23008738133011
Pooled,d2,o_min,m047516_o_min_ord3_rk00002,1,1,100.0,33.23008738133011
Pooled,d2,o_min,m069520_o_min_ord25_rk00006,2300,1146,49.82608695652174,33.23008738133011
Pooled,d2,o_min,m062533_o_min_ord18_rk00019,816,428,52.450980392156865,33.23008738133011
Pooled,d2,o_min,m051523_o_min_ord7_rk00009,35,18,51.42857142857143,33.23008738133011
Pooled,d3,o_max,m023016_o_max_ord26_rk00017,2600,23,0.8846153846153846,33.23008738133011
Pooled,d3,o_max,m023011_o_max_ord26_rk00012,2600,1,0.038461538461538464,33.23008738133011
Pooled,d3,o_max,m024011_o_max_ord27_rk00012,2925,1,0.03418803418803419,33.23008738133011
Pooled,d3,o_max,m003016_o_max_ord6_rk00017,20,0,0.0,33.23008738133011
Pooled,d3,o_max,m024017_o_max_ord27_rk00018,2925,1,0.03418803418803419,33.23008738133011
Pooled,d3,o_max,m003009_o_max_ord6_rk00010,20,0,0.0,33.23008738133011
Pooled,d3,o_max,m003013_o_max_ord6_rk00014,20,0,0.0,33.23008738133011
Pooled,d3,o_max,m004014_o_max_ord7_rk00015,35,0,0.0,33.23008738133011
Pooled,d3,o_max,m022015_o_max_ord25_rk00016,2300,1,0.043478260869565216,33.23008738133011
Pooled,d3,o_max,m002011_o_max_ord5_rk00012,10,0,0.0,33.23008738133011
Pooled,d3,o_max,m003018_o_max_ord6_rk00019,20,0,0.0,33.23008738133011
Pooled,d3,o_max,m002000_o_max_ord5_rk00001,10,0,0.0,33.23008738133011
Pooled,d3,o_max,m003011_o_max_ord6_rk00012,20,0,0.0,33.23008738133011
Pooled,d3,o_max,m002001_o_max_ord5_rk00002,10,0,0.0,33.23008738133011
Pooled,d3,o_max,m027000_o_max_ord30_rk00001,4060,617,15.19704433497537,33.23008738133011
Pooled,d3,o_max,m000008_o_max_ord3_rk00009,1,0,0.0,33.23008738133011
Pooled,d3,o_max,m002013_o_max_ord5_rk00014,10,0,0.0,33.23008738133011
Pooled,d3,o_max,m002005_o_max_ord5_rk00006,10,0,0.0,33.23008738133011
Pooled,d3,o_max,m002002_o_max_ord5_rk00003,10,0,0.0,33.23008738133011
Pooled,d3,o_max,m003001_o_max_ord6_rk00002,20,0,0.0,33.23008738133011
Pooled,d3,o_min,m070525_o_min_ord26_rk00011,2600,1287,49.5,33.23008738133011
Pooled,d3,o_min,m070530_o_min_ord26_rk00016,2600,1283,49.34615384615385,33.23008738133011
Pooled,d3,o_min,m070529_o_min_ord26_rk00015,2600,1272,48.92307692307692,33.23008738133011
Pooled,d3,o_min,m070519_o_min_ord26_rk00005,2600,1282,49.30769230769231,33.23008738133011
Pooled,d3,o_min,m049528_o_min_ord5_rk00014,10,5,50.0,33.23008738133011
Pooled,d3,o_min,m051533_o_min_ord7_rk00019,35,18,51.42857142857143,33.23008738133011
Pooled,d3,o_min,m070523_o_min_ord26_rk00009,2600,1270,48.84615384615385,33.23008738133011
Pooled,d3,o_min,m070527_o_min_ord26_rk00013,2600,1275,49.03846153846154,33.23008738133011
Pooled,d3,o_min,m070517_o_min_ord26_rk00003,2600,1268,48.76923076923077,33.23008738133011
Pooled,d3,o_min,m069525_o_min_ord25_rk00011,2300,1133,49.26086956521739,33.23008738133011
Pooled,d3,o_min,m047521_o_min_ord3_rk00007,1,1,100.0,33.23008738133011
Pooled,d3,o_min,m070521_o_min_ord26_rk00007,2600,1268,48.76923076923077,33.23008738133011
Pooled,d3,o_min,m070515_o_min_ord26_rk00001,2600,1269,48.80769230769231,33.23008738133011
Pooled,d3,o_min,m070534_o_min_ord26_rk00020,2600,1257,48.34615384615385,33.23008738133011
Pooled,d3,o_min,m070516_o_min_ord26_rk00002,2600,1270,48.84615384615385,33.23008738133011
Pooled,d3,o_min,m069527_o_min_ord25_rk00013,2300,1116,48.52173913043478,33.23008738133011
Pooled,d3,o_min,m065526_o_min_ord21_rk00012,1330,601,45.18796992481203,33.23008738133011
Pooled,d3,o_min,m069523_o_min_ord25_rk00009,2300,1134,49.30434782608695,33.23008738133011
Pooled,d3,o_min,m070520_o_min_ord26_rk00006,2600,1280,49.23076923076923,33.23008738133011
Pooled,d3,o_min,m069516_o_min_ord25_rk00002,2300,1134,49.30434782608695,33.23008738133011
CN->CN,OLS,o_max,m008018_o_max_ord11_rk00019,165,0,0.0,33.23008738133011
CN->CN,OLS,o_max,m005005_o_max_ord8_rk00006,56,0,0.0,33.23008738133011
CN->CN,OLS,o_max,m005016_o_max_ord8_rk00017,56,0,0.0,33.23008738133011
CN->CN,OLS,o_max,m007017_o_max_ord10_rk00018,120,0,0.0,33.23008738133011
CN->CN,OLS,o_max,m013013_o_max_ord16_rk00014,560,0,0.0,33.23008738133011
CN->CN,OLS,o_max,m006012_o_max_ord9_rk00013,84,0,0.0,33.23008738133011
CN->CN,OLS,o_max,m006006_o_max_ord9_rk00007,84,0,0.0,33.23008738133011
CN->CN,OLS,o_max,m003013_o_max_ord6_rk00014,20,0,0.0,33.23008738133011
CN->CN,OLS,o_max,m005008_o_max_ord8_rk00009,56,0,0.0,33.23008738133011
CN->CN,OLS,o_max,m008016_o_max_ord11_rk00017,165,0,0.0,33.23008738133011
CN->CN,OLS,o_max,m008014_o_max_ord11_rk00015,165,0,0.0,33.23008738133011
CN->CN,OLS,o_max,m000000_o_max_ord3_rk00001,1,0,0.0,33.23008738133011
CN->CN,OLS,o_max,m000011_o_max_ord3_rk00012,1,0,0.0,33.23008738133011
CN->CN,OLS,o_max,m000019_o_max_ord3_rk00020,1,0,0.0,33.23008738133011
CN->CN,OLS,o_max,m013016_o_max_ord16_rk00017,560,0,0.0,33.23008738133011
CN->CN,OLS,o_max,m001002_o_max_ord4_rk00003,4,0,0.0,33.23008738133011
CN->CN,OLS,o_max,m005001_o_max_ord8_rk00002,56,0,0.0,33.23008738133011
CN->CN,OLS,o_max,m007019_o_max_ord10_rk00020,120,0,0.0,33.23008738133011
CN->CN,OLS,o_max,m008005_o_max_ord11_rk00006,165,0,0.0,33.23008738133011
CN->CN,OLS,o_max,m009016_o_max_ord12_rk00017,220,0,0.0,33.23008738133011
CN->CN,OLS,o_min,m060533_o_min_ord16_rk00019,560,283,50.535714285714285,33.23008738133011
CN->CN,OLS,o_min,m060520_o_min_ord16_rk00006,560,282,50.357142857142854,33.23008738133011
CN->CN,OLS,o_min,m051525_o_min_ord7_rk00011,35,22,62.857142857142854,33.23008738133011
CN->CN,OLS,o_min,m049518_o_min_ord5_rk00004,10,7,70.0,33.23008738133011
CN->CN,OLS,o_min,m053527_o_min_ord9_rk00013,84,38,45.23809523809524,33.23008738133011
CN->CN,OLS,o_min,m051533_o_min_ord7_rk00019,35,18,51.42857142857143,33.23008738133011
CN->CN,OLS,o_min,m051529_o_min_ord7_rk00015,35,16,45.714285714285715,33.23008738133011
CN->CN,OLS,o_min,m053529_o_min_ord9_rk00015,84,38,45.23809523809524,33.23008738133011
CN->CN,OLS,o_min,m047520_o_min_ord3_rk00006,1,1,100.0,33.23008738133011
CN->CN,OLS,o_min,m053533_o_min_ord9_rk00019,84,45,53.57142857142857,33.23008738133011
CN->CN,OLS,o_min,m049522_o_min_ord5_rk00008,10,5,50.0,33.23008738133011
CN->CN,OLS,o_min,m047517_o_min_ord3_rk00003,1,1,100.0,33.23008738133011
CN->CN,OLS,o_min,m066531_o_min_ord22_rk00017,1540,753,48.896103896103895,33.23008738133011
CN->CN,OLS,o_min,m049525_o_min_ord5_rk00011,10,6,60.0,33.23008738133011
CN->CN,OLS,o_min,m050519_o_min_ord6_rk00005,20,12,60.0,33.23008738133011
CN->CN,OLS,o_min,m047524_o_min_ord3_rk00010,1,1,100.0,33.23008738133011
CN->CN,OLS,o_min,m049519_o_min_ord5_rk00005,10,8,80.0,33.23008738133011
CN->CN,OLS,o_min,m067520_o_min_ord23_rk00006,1771,865,48.842461885940146,33.23008738133011
CN->CN,OLS,o_min,m047525_o_min_ord3_rk00011,1,1,100.0,33.23008738133011
CN->CN,OLS,o_min,m047533_o_min_ord3_rk00019,1,1,100.0,33.23008738133011
CN->CN,d1,o_max,m000003_o_max_ord3_rk00004,1,0,0.0,33.23008738133011
CN->CN,d1,o_max,m000013_o_max_ord3_rk00014,1,0,0.0,33.23008738133011
CN->CN,d1,o_max,m001018_o_max_ord4_rk00019,4,0,0.0,33.23008738133011
CN->CN,d1,o_max,m000001_o_max_ord3_rk00002,1,0,0.0,33.23008738133011
CN->CN,d1,o_max,m000012_o_max_ord3_rk00013,1,0,0.0,33.23008738133011
CN->CN,d1,o_max,m001016_o_max_ord4_rk00017,4,0,0.0,33.23008738133011
CN->CN,d1,o_max,m001004_o_max_ord4_rk00005,4,0,0.0,33.23008738133011
CN->CN,d1,o_max,m005004_o_max_ord8_rk00005,56,0,0.0,33.23008738133011
CN->CN,d1,o_max,m027019_o_max_ord30_rk00020,4060,26,0.6403940886699507,33.23008738133011
CN->CN,d1,o_max,m000015_o_max_ord3_rk00016,1,0,0.0,33.23008738133011
CN->CN,d1,o_max,m005014_o_max_ord8_rk00015,56,0,0.0,33.23008738133011
CN->CN,d1,o_max,m024010_o_max_ord27_rk00011,2925,1,0.03418803418803419,33.23008738133011
CN->CN,d1,o_max,m026019_o_max_ord29_rk00020,3654,17,0.4652435686918446,33.23008738133011
CN->CN,d1,o_max,m022011_o_max_ord25_rk00012,2300,1,0.043478260869565216,33.23008738133011
CN->CN,d1,o_max,m025017_o_max_ord28_rk00018,3276,38,1.15995115995116,33.23008738133011
CN->CN,d1,o_max,m001006_o_max_ord4_rk00007,4,0,0.0,33.23008738133011
CN->CN,d1,o_max,m024013_o_max_ord27_rk00014,2925,25,0.8547008547008547,33.23008738133011
CN->CN,d1,o_max,m003018_o_max_ord6_rk00019,20,0,0.0,33.23008738133011
CN->CN,d1,o_max,m022003_o_max_ord25_rk00004,2300,0,0.0,33.23008738133011
CN->CN,d1,o_max,m001014_o_max_ord4_rk00015,4,0,0.0,33.23008738133011
CN->CN,d1,o_min,m059521_o_min_ord15_rk00007,455,181,39.78021978021978,33.23008738133011
CN->CN,d1,o_min,m060530_o_min_ord16_rk00016,560,251,44.82142857142857,33.23008738133011
CN->CN,d1,o_min,m059526_o_min_ord15_rk00012,455,191,41.97802197802198,33.23008738133011
CN->CN,d1,o_min,m059534_o_min_ord15_rk00020,455,205,45.05494505494506,33.23008738133011
CN->CN,d1,o_min,m065533_o_min_ord21_rk00019,1330,645,48.49624060150376,33.23008738133011
CN->CN,d1,o_min,m060524_o_min_ord16_rk00010,560,229,40.892857142857146,33.23008738133011
CN->CN,d1,o_min,m060515_o_min_ord16_rk00001,560,234,41.785714285714285,33.23008738133011
CN->CN,d1,o_min,m059527_o_min_ord15_rk00013,455,213,46.81318681318681,33.23008738133011
CN->CN,d1,o_min,m059523_o_min_ord15_rk00009,455,208,45.714285714285715,33.23008738133011
CN->CN,d1,o_min,m060527_o_min_ord16_rk00013,560,253,45.17857142857143,33.23008738133011
CN->CN,d1,o_min,m058528_o_min_ord14_rk00014,364,136,37.362637362637365,33.23008738133011
CN->CN,d1,o_min,m058527_o_min_ord14_rk00013,364,165,45.32967032967033,33.23008738133011
CN->CN,d1,o_min,m059518_o_min_ord15_rk00004,455,183,40.21978021978022,33.23008738133011
CN->CN,d1,o_min,m059516_o_min_ord15_rk00002,455,208,45.714285714285715,33.23008738133011
CN->CN,d1,o_min,m060519_o_min_ord16_rk00005,560,247,44.107142857142854,33.23008738133011
CN->CN,d1,o_min,m060522_o_min_ord16_rk00008,560,259,46.25,33.23008738133011
CN->CN,d1,o_min,m065522_o_min_ord21_rk00008,1330,638,47.96992481203007,33.23008738133011
CN->CN,d1,o_min,m060516_o_min_ord16_rk00002,560,253,45.17857142857143,33.23008738133011
CN->CN,d1,o_min,m050534_o_min_ord6_rk00020,20,9,45.0,33.23008738133011
CN->CN,d1,o_min,m059522_o_min_ord15_rk00008,455,179,39.34065934065934,33.23008738133011
CN->CN,d2,o_max,m021018_o_max_ord24_rk00019,2024,0,0.0,33.23008738133011
CN->CN,d2,o_max,m021013_o_max_ord24_rk00014,2024,0,0.0,33.23008738133011
CN->CN,d2,o_max,m021003_o_max_ord24_rk00004,2024,0,0.0,33.23008738133011
CN->CN,d2,o_max,m024001_o_max_ord27_rk00002,2925,2,0.06837606837606838,33.23008738133011
CN->CN,d2,o_max,m022017_o_max_ord25_rk00018,2300,0,0.0,33.23008738133011
CN->CN,d2,o_max,m023016_o_max_ord26_rk00017,2600,23,0.8846153846153846,33.23008738133011
CN->CN,d2,o_max,m024010_o_max_ord27_rk00011,2925,1,0.03418803418803419,33.23008738133011
CN->CN,d2,o_max,m020014_o_max_ord23_rk00015,1771,0,0.0,33.23008738133011
CN->CN,d2,o_max,m001004_o_max_ord4_rk00005,4,0,0.0,33.23008738133011
CN->CN,d2,o_max,m027008_o_max_ord30_rk00009,4060,40,0.9852216748768473,33.23008738133011
CN->CN,d2,o_max,m026017_o_max_ord29_rk00018,3654,520,14.230979748221127,33.23008738133011
CN->CN,d2,o_max,m025003_o_max_ord28_rk00004,3276,8,0.2442002442002442,33.23008738133011
CN->CN,d2,o_max,m025007_o_max_ord28_rk00008,3276,2,0.06105006105006105,33.23008738133011
CN->CN,d2,o_max,m000013_o_max_ord3_rk00014,1,0,0.0,33.23008738133011
CN->CN,d2,o_max,m027019_o_max_ord30_rk00020,4060,26,0.6403940886699507,33.23008738133011
CN->CN,d2,o_max,m022011_o_max_ord25_rk00012,2300,1,0.043478260869565216,33.23008738133011
CN->CN,d2,o_max,m003016_o_max_ord6_rk00017,20,0,0.0,33.23008738133011
CN->CN,d2,o_max,m024017_o_max_ord27_rk00018,2925,1,0.03418803418803419,33.23008738133011
CN->CN,d2,o_max,m001008_o_max_ord4_rk00009,4,0,0.0,33.23008738133011
CN->CN,d2,o_max,m023004_o_max_ord26_rk00005,2600,23,0.8846153846153846,33.23008738133011
CN->CN,d2,o_min,m050526_o_min_ord6_rk00012,20,6,30.0,33.23008738133011
CN->CN,d2,o_min,m050523_o_min_ord6_rk00009,20,6,30.0,33.23008738133011
CN->CN,d2,o_min,m070524_o_min_ord26_rk00010,2600,1269,48.80769230769231,33.23008738133011
CN->CN,d2,o_min,m072525_o_min_ord28_rk00011,3276,1554,47.43589743589744,33.23008738133011
CN->CN,d2,o_min,m072533_o_min_ord28_rk00019,3276,1581,48.26007326007326,33.23008738133011
CN->CN,d2,o_min,m071531_o_min_ord27_rk00017,2925,1405,48.034188034188034,33.23008738133011
CN->CN,d2,o_min,m047516_o_min_ord3_rk00002,1,1,100.0,33.23008738133011
CN->CN,d2,o_min,m070521_o_min_ord26_rk00007,2600,1268,48.76923076923077,33.23008738133011
CN->CN,d2,o_min,m070528_o_min_ord26_rk00014,2600,1259,48.42307692307692,33.23008738133011
CN->CN,d2,o_min,m064523_o_min_ord20_rk00009,1140,582,51.05263157894737,33.23008738133011
CN->CN,d2,o_min,m049523_o_min_ord5_rk00009,10,5,50.0,33.23008738133011
CN->CN,d2,o_min,m062529_o_min_ord18_rk00015,816,402,49.26470588235294,33.23008738133011
CN->CN,d2,o_min,m073531_o_min_ord29_rk00017,3654,1708,46.74329501915709,33.23008738133011
CN->CN,d2,o_min,m068515_o_min_ord24_rk00001,2024,997,49.258893280632414,33.23008738133011
CN->CN,d2,o_min,m052516_o_min_ord8_rk00002,56,28,50.0,33.23008738133011
CN->CN,d2,o_min,m072517_o_min_ord28_rk00003,3276,1556,47.4969474969475,33.23008738133011
CN->CN,d2,o_min,m071519_o_min_ord27_rk00005,2925,1409,48.17094017094017,33.23008738133011
CN->CN,d2,o_min,m072531_o_min_ord28_rk00017,3276,1566,47.8021978021978,33.23008738133011
CN->CN,d2,o_min,m052527_o_min_ord8_rk00013,56,30,53.57142857142857,33.23008738133011
CN->CN,d2,o_min,m063532_o_min_ord19_rk00018,969,469,48.40041279669763,33.23008738133011
CN->CN,d3,o_max,m002006_o_max_ord5_rk00007,10,0,0.0,33.23008738133011
CN->CN,d3,o_max,m023016_o_max_ord26_rk00017,2600,23,0.8846153846153846,33.23008738133011
CN->CN,d3,o_max,m001011_o_max_ord4_rk00012,4,0,0.0,33.23008738133011
CN->CN,d3,o_max,m002011_o_max_ord5_rk00012,10,0,0.0,33.23008738133011
CN->CN,d3,o_max,m002000_o_max_ord5_rk00001,10,0,0.0,33.23008738133011
CN->CN,d3,o_max,m003016_o_max_ord6_rk00017,20,0,0.0,33.23008738133011
CN->CN,d3,o_max,m001002_o_max_ord4_rk00003,4,0,0.0,33.23008738133011
CN->CN,d3,o_max,m001009_o_max_ord4_rk00010,4,0,0.0,33.23008738133011
CN->CN,d3,o_max,m002001_o_max_ord5_rk00002,10,0,0.0,33.23008738133011
CN->CN,d3,o_max,m002007_o_max_ord5_rk00008,10,0,0.0,33.23008738133011
CN->CN,d3,o_max,m024009_o_max_ord27_rk00010,2925,7,0.23931623931623933,33.23008738133011
CN->CN,d3,o_max,m024006_o_max_ord27_rk00007,2925,1,0.03418803418803419,33.23008738133011
CN->CN,d3,o_max,m023017_o_max_ord26_rk00018,2600,1,0.038461538461538464,33.23008738133011
CN->CN,d3,o_max,m000017_o_max_ord3_rk00018,1,0,0.0,33.23008738133011
CN->CN,d3,o_max,m003010_o_max_ord6_rk00011,20,0,0.0,33.23008738133011
CN->CN,d3,o_max,m000011_o_max_ord3_rk00012,1,0,0.0,33.23008738133011
CN->CN,d3,o_max,m002002_o_max_ord5_rk00003,10,0,0.0,33.23008738133011
CN->CN,d3,o_max,m003009_o_max_ord6_rk00010,20,0,0.0,33.23008738133011
CN->CN,d3,o_max,m020014_o_max_ord23_rk00015,1771,0,0.0,33.23008738133011
CN->CN,d3,o_max,m003005_o_max_ord6_rk00006,20,0,0.0,33.23008738133011
CN->CN,d3,o_min,m071519_o_min_ord27_rk00005,2925,1409,48.17094017094017,33.23008738133011
CN->CN,d3,o_min,m068529_o_min_ord24_rk00015,2024,986,48.715415019762844,33.23008738133011
CN->CN,d3,o_min,m068533_o_min_ord24_rk00019,2024,995,49.1600790513834,33.23008738133011
CN->CN,d3,o_min,m063532_o_min_ord19_rk00018,969,469,48.40041279669763,33.23008738133011
CN->CN,d3,o_min,m071516_o_min_ord27_rk00002,2925,1407,48.1025641025641,33.23008738133011
CN->CN,d3,o_min,m071520_o_min_ord27_rk00006,2925,1422,48.61538461538461,33.23008738133011
CN->CN,d3,o_min,m071528_o_min_ord27_rk00014,2925,1395,47.69230769230769,33.23008738133011
CN->CN,d3,o_min,m068517_o_min_ord24_rk00003,2024,1004,49.60474308300395,33.23008738133011
CN->CN,d3,o_min,m071533_o_min_ord27_rk00019,2925,1421,48.58119658119658,33.23008738133011
CN->CN,d3,o_min,m071517_o_min_ord27_rk00003,2925,1423,48.64957264957265,33.23008738133011
CN->CN,d3,o_min,m068519_o_min_ord24_rk00005,2024,1004,49.60474308300395,33.23008738133011
CN->CN,d3,o_min,m068528_o_min_ord24_rk00014,2024,1004,49.60474308300395,33.23008738133011
CN->CN,d3,o_min,m071525_o_min_ord27_rk00011,2925,1397,47.76068376068376,33.23008738133011
CN->CN,d3,o_min,m062532_o_min_ord18_rk00018,816,398,48.77450980392157,33.23008738133011
CN->CN,d3,o_min,m070521_o_min_ord26_rk00007,2600,1268,48.76923076923077,33.23008738133011
CN->CN,d3,o_min,m067530_o_min_ord23_rk00016,1771,839,47.374364765669114,33.23008738133011
CN->CN,d3,o_min,m071531_o_min_ord27_rk00017,2925,1405,48.034188034188034,33.23008738133011
CN->CN,d3,o_min,m068530_o_min_ord24_rk00016,2024,1010,49.901185770750985,33.23008738133011
CN->CN,d3,o_min,m068526_o_min_ord24_rk00012,2024,994,49.11067193675889,33.23008738133011
CN->CN,d3,o_min,m071522_o_min_ord27_rk00008,2925,1380,47.17948717948718,33.23008738133011
AD->AD,OLS,o_max,m000002_o_max_ord3_rk00003,1,0,0.0,33.23008738133011
AD->AD,OLS,o_max,m000003_o_max_ord3_rk00004,1,0,0.0,33.23008738133011
AD->AD,OLS,o_max,m001013_o_max_ord4_rk00014,4,0,0.0,33.23008738133011
AD->AD,OLS,o_max,m000019_o_max_ord3_rk00020,1,0,0.0,33.23008738133011
AD->AD,OLS,o_max,m000014_o_max_ord3_rk00015,1,0,0.0,33.23008738133011
AD->AD,OLS,o_max,m000017_o_max_ord3_rk00018,1,0,0.0,33.23008738133011
AD->AD,OLS,o_max,m001008_o_max_ord4_rk00009,4,0,0.0,33.23008738133011
AD->AD,OLS,o_max,m000000_o_max_ord3_rk00001,1,0,0.0,33.23008738133011
AD->AD,OLS,o_max,m000010_o_max_ord3_rk00011,1,0,0.0,33.23008738133011
AD->AD,OLS,o_max,m000011_o_max_ord3_rk00012,1,0,0.0,33.23008738133011
AD->AD,OLS,o_max,m001016_o_max_ord4_rk00017,4,0,0.0,33.23008738133011
AD->AD,OLS,o_max,m000004_o_max_ord3_rk00005,1,0,0.0,33.23008738133011
AD->AD,OLS,o_max,m000018_o_max_ord3_rk00019,1,0,0.0,33.23008738133011
AD->AD,OLS,o_max,m000006_o_max_ord3_rk00007,1,0,0.0,33.23008738133011
AD->AD,OLS,o_max,m002010_o_max_ord5_rk00011,10,0,0.0,33.23008738133011
AD->AD,OLS,o_max,m002004_o_max_ord5_rk00005,10,0,0.0,33.23008738133011
AD->AD,OLS,o_max,m000009_o_max_ord3_rk00010,1,0,0.0,33.23008738133011
AD->AD,OLS,o_max,m000008_o_max_ord3_rk00009,1,0,0.0,33.23008738133011
AD->AD,OLS,o_max,m001005_o_max_ord4_rk00006,4,0,0.0,33.23008738133011
AD->AD,OLS,o_max,m002018_o_max_ord5_rk00019,10,0,0.0,33.23008738133011
AD->AD,OLS,o_min,m048528_o_min_ord4_rk00014,4,4,100.0,33.23008738133011
AD->AD,OLS,o_min,m048533_o_min_ord4_rk00019,4,2,50.0,33.23008738133011
AD->AD,OLS,o_min,m048517_o_min_ord4_rk00003,4,3,75.0,33.23008738133011
AD->AD,OLS,o_min,m048525_o_min_ord4_rk00011,4,4,100.0,33.23008738133011
AD->AD,OLS,o_min,m047528_o_min_ord3_rk00014,1,1,100.0,33.23008738133011
AD->AD,OLS,o_min,m048518_o_min_ord4_rk00004,4,4,100.0,33.23008738133011
AD->AD,OLS,o_min,m048520_o_min_ord4_rk00006,4,4,100.0,33.23008738133011
AD->AD,OLS,o_min,m047531_o_min_ord3_rk00017,1,1,100.0,33.23008738133011
AD->AD,OLS,o_min,m048519_o_min_ord4_rk00005,4,3,75.0,33.23008738133011
AD->AD,OLS,o_min,m048526_o_min_ord4_rk00012,4,2,50.0,33.23008738133011
AD->AD,OLS,o_min,m048523_o_min_ord4_rk00009,4,3,75.0,33.23008738133011
AD->AD,OLS,o_min,m047515_o_min_ord3_rk00001,1,1,100.0,33.23008738133011
AD->AD,OLS,o_min,m051526_o_min_ord7_rk00012,35,19,54.285714285714285,33.23008738133011
AD->AD,OLS,o_min,m047533_o_min_ord3_rk00019,1,1,100.0,33.23008738133011
AD->AD,OLS,o_min,m048532_o_min_ord4_rk00018,4,2,50.0,33.23008738133011
AD->AD,OLS,o_min,m048527_o_min_ord4_rk00013,4,3,75.0,33.23008738133011
AD->AD,OLS,o_min,m048531_o_min_ord4_rk00017,4,3,75.0,33.23008738133011
AD->AD,OLS,o_min,m048530_o_min_ord4_rk00016,4,3,75.0,33.23008738133011
AD->AD,OLS,o_min,m047527_o_min_ord3_rk00013,1,1,100.0,33.23008738133011
AD->AD,OLS,o_min,m048522_o_min_ord4_rk00008,4,3,75.0,33.23008738133011
AD->AD,d1,o_max,m000015_o_max_ord3_rk00016,1,0,0.0,33.23008738133011
AD->AD,d1,o_max,m006018_o_max_ord9_rk00019,84,0,0.0,33.23008738133011
AD->AD,d1,o_max,m004017_o_max_ord7_rk00018,35,0,0.0,33.23008738133011
AD->AD,d1,o_max,m001016_o_max_ord4_rk00017,4,0,0.0,33.23008738133011
AD->AD,d1,o_max,m001010_o_max_ord4_rk00011,4,0,0.0,33.23008738133011
AD->AD,d1,o_max,m004005_o_max_ord7_rk00006,35,0,0.0,33.23008738133011
AD->AD,d1,o_max,m006001_o_max_ord9_rk00002,84,0,0.0,33.23008738133011
AD->AD,d1,o_max,m000017_o_max_ord3_rk00018,1,0,0.0,33.23008738133011
AD->AD,d1,o_max,m007018_o_max_ord10_rk00019,120,0,0.0,33.23008738133011
AD->AD,d1,o_max,m004008_o_max_ord7_rk00009,35,0,0.0,33.23008738133011
AD->AD,d1,o_max,m002003_o_max_ord5_rk00004,10,0,0.0,33.23008738133011
AD->AD,d1,o_max,m027017_o_max_ord30_rk00018,4060,46,1.1330049261083743,33.23008738133011
AD->AD,d1,o_max,m027003_o_max_ord30_rk00004,4060,45,1.1083743842364533,33.23008738133011
AD->AD,d1,o_max,m002010_o_max_ord5_rk00011,10,0,0.0,33.23008738133011
AD->AD,d1,o_max,m005015_o_max_ord8_rk00016,56,0,0.0,33.23008738133011
AD->AD,d1,o_max,m005003_o_max_ord8_rk00004,56,0,0.0,33.23008738133011
AD->AD,d1,o_max,m005004_o_max_ord8_rk00005,56,0,0.0,33.23008738133011
AD->AD,d1,o_max,m004000_o_max_ord7_rk00001,35,0,0.0,33.23008738133011
AD->AD,d1,o_max,m006004_o_max_ord9_rk00005,84,0,0.0,33.23008738133011
AD->AD,d1,o_max,m006016_o_max_ord9_rk00017,84,0,0.0,33.23008738133011
AD->AD,d1,o_min,m053532_o_min_ord9_rk00018,84,43,51.19047619047619,33.23008738133011
AD->AD,d1,o_min,m065534_o_min_ord21_rk00020,1330,645,48.49624060150376,33.23008738133011
AD->AD,d1,o_min,m063532_o_min_ord19_rk00018,969,469,48.40041279669763,33.23008738133011
AD->AD,d1,o_min,m068518_o_min_ord24_rk00004,2024,1004,49.60474308300395,33.23008738133011
AD->AD,d1,o_min,m073524_o_min_ord29_rk00010,3654,1776,48.60426929392447,33.23008738133011
AD->AD,d1,o_min,m051533_o_min_ord7_rk00019,35,18,51.42857142857143,33.23008738133011
AD->AD,d1,o_min,m063531_o_min_ord19_rk00017,969,484,49.9484004127967,33.23008738133011
AD->AD,d1,o_min,m057529_o_min_ord13_rk00015,286,136,47.55244755244755,33.23008738133011
AD->AD,d1,o_min,m071515_o_min_ord27_rk00001,2925,1421,48.58119658119658,33.23008738133011
AD->AD,d1,o_min,m070518_o_min_ord26_rk00004,2600,1255,48.26923076923077,33.23008738133011
AD->AD,d1,o_min,m072531_o_min_ord28_rk00017,3276,1566,47.8021978021978,33.23008738133011
AD->AD,d1,o_min,m071518_o_min_ord27_rk00004,2925,1409,48.17094017094017,33.23008738133011
AD->AD,d1,o_min,m072534_o_min_ord28_rk00020,3276,1555,47.466422466422465,33.23008738133011
AD->AD,d1,o_min,m062525_o_min_ord18_rk00011,816,418,51.22549019607843,33.23008738133011
AD->AD,d1,o_min,m064531_o_min_ord20_rk00017,1140,565,49.56140350877193,33.23008738133011
AD->AD,d1,o_min,m073533_o_min_ord29_rk00019,3654,1777,48.63163656267105,33.23008738133011
AD->AD,d1,o_min,m072520_o_min_ord28_rk00006,3276,1570,47.924297924297925,33.23008738133011
AD->AD,d1,o_min,m068522_o_min_ord24_rk00008,2024,990,48.91304347826087,33.23008738133011
AD->AD,d1,o_min,m071534_o_min_ord27_rk00020,2925,1450,49.572649572649574,33.23008738133011
AD->AD,d1,o_min,m073532_o_min_ord29_rk00018,3654,1770,48.44006568144499,33.23008738133011
AD->AD,d2,o_max,m000015_o_max_ord3_rk00016,1,0,0.0,33.23008738133011
AD->AD,d2,o_max,m003000_o_max_ord6_rk00001,20,0,0.0,33.23008738133011
AD->AD,d2,o_max,m005016_o_max_ord8_rk00017,56,0,0.0,33.23008738133011
AD->AD,d2,o_max,m004005_o_max_ord7_rk00006,35,0,0.0,33.23008738133011
AD->AD,d2,o_max,m003016_o_max_ord6_rk00017,20,0,0.0,33.23008738133011
AD->AD,d2,o_max,m001010_o_max_ord4_rk00011,4,0,0.0,33.23008738133011
AD->AD,d2,o_max,m002011_o_max_ord5_rk00012,10,0,0.0,33.23008738133011
AD->AD,d2,o_max,m004000_o_max_ord7_rk00001,35,0,0.0,33.23008738133011
AD->AD,d2,o_max,m000017_o_max_ord3_rk00018,1,0,0.0,33.23008738133011
AD->AD,d2,o_max,m006016_o_max_ord9_rk00017,84,0,0.0,33.23008738133011
AD->AD,d2,o_max,m003010_o_max_ord6_rk00011,20,0,0.0,33.23008738133011
AD->AD,d2,o_max,m002005_o_max_ord5_rk00006,10,0,0.0,33.23008738133011
AD->AD,d2,o_max,m001016_o_max_ord4_rk00017,4,0,0.0,33.23008738133011
AD->AD,d2,o_max,m004012_o_max_ord7_rk00013,35,0,0.0,33.23008738133011
AD->AD,d2,o_max,m004008_o_max_ord7_rk00009,35,0,0.0,33.23008738133011
AD->AD,d2,o_max,m004007_o_max_ord7_rk00008,35,0,0.0,33.23008738133011
AD->AD,d2,o_max,m004010_o_max_ord7_rk00011,35,0,0.0,33.23008738133011
AD->AD,d2,o_max,m006004_o_max_ord9_rk00005,84,0,0.0,33.23008738133011
AD->AD,d2,o_max,m000018_o_max_ord3_rk00019,1,0,0.0,33.23008738133011
AD->AD,d2,o_max,m003006_o_max_ord6_rk00007,20,0,0.0,33.23008738133011
AD->AD,d2,o_min,m061516_o_min_ord17_rk00002,680,318,46.76470588235294,33.23008738133011
AD->AD,d2,o_min,m055529_o_min_ord11_rk00015,165,62,37.57575757575758,33.23008738133011
AD->AD,d2,o_min,m066527_o_min_ord22_rk00013,1540,748,48.57142857142857,33.23008738133011
AD->AD,d2,o_min,m049530_o_min_ord5_rk00016,10,7,70.0,33.23008738133011
AD->AD,d2,o_min,m054520_o_min_ord10_rk00006,120,45,37.5,33.23008738133011
AD->AD,d2,o_min,m053532_o_min_ord9_rk00018,84,43,51.19047619047619,33.23008738133011
AD->AD,d2,o_min,m055532_o_min_ord11_rk00018,165,65,39.39393939393939,33.23008738133011
AD->AD,d2,o_min,m073524_o_min_ord29_rk00010,3654,1776,48.60426929392447,33.23008738133011
AD->AD,d2,o_min,m071518_o_min_ord27_rk00004,2925,1409,48.17094017094017,33.23008738133011
AD->AD,d2,o_min,m051533_o_min_ord7_rk00019,35,18,51.42857142857143,33.23008738133011
AD->AD,d2,o_min,m062515_o_min_ord18_rk00001,816,397,48.65196078431372,33.23008738133011
AD->AD,d2,o_min,m061529_o_min_ord17_rk00015,680,312,45.88235294117647,33.23008738133011
AD->AD,d2,o_min,m062533_o_min_ord18_rk00019,816,428,52.450980392156865,33.23008738133011
AD->AD,d2,o_min,m060534_o_min_ord16_rk00020,560,281,50.17857142857143,33.23008738133011
AD->AD,d2,o_min,m054518_o_min_ord10_rk00004,120,42,35.0,33.23008738133011
AD->AD,d2,o_min,m064518_o_min_ord20_rk00004,1140,574,50.35087719298246,33.23008738133011
AD->AD,d2,o_min,m064523_o_min_ord20_rk00009,1140,582,51.05263157894737,33.23008738133011
AD->AD,d2,o_min,m068528_o_min_ord24_rk00014,2024,1004,49.60474308300395,33.23008738133011
AD->AD,d2,o_min,m047528_o_min_ord3_rk00014,1,1,100.0,33.23008738133011
AD->AD,d2,o_min,m071520_o_min_ord27_rk00006,2925,1422,48.61538461538461,33.23008738133011
AD->AD,d3,o_max,m000015_o_max_ord3_rk00016,1,0,0.0,33.23008738133011
AD->AD,d3,o_max,m005004_o_max_ord8_rk00005,56,0,0.0,33.23008738133011
AD->AD,d3,o_max,m002010_o_max_ord5_rk00011,10,0,0.0,33.23008738133011
AD->AD,d3,o_max,m006004_o_max_ord9_rk00005,84,0,0.0,33.23008738133011
AD->AD,d3,o_max,m000017_o_max_ord3_rk00018,1,0,0.0,33.23008738133011
AD->AD,d3,o_max,m004008_o_max_ord7_rk00009,35,0,0.0,33.23008738133011
AD->AD,d3,o_max,m001016_o_max_ord4_rk00017,4,0,0.0,33.23008738133011
AD->AD,d3,o_max,m002009_o_max_ord5_rk00010,10,0,0.0,33.23008738133011
AD->AD,d3,o_max,m002005_o_max_ord5_rk00006,10,0,0.0,33.23008738133011
AD->AD,d3,o_max,m001010_o_max_ord4_rk00011,4,0,0.0,33.23008738133011
AD->AD,d3,o_max,m004005_o_max_ord7_rk00006,35,0,0.0,33.23008738133011
AD->AD,d3,o_max,m005003_o_max_ord8_rk00004,56,0,0.0,33.23008738133011
AD->AD,d3,o_max,m006001_o_max_ord9_rk00002,84,0,0.0,33.23008738133011
AD->AD,d3,o_max,m000007_o_max_ord3_rk00008,1,0,0.0,33.23008738133011
AD->AD,d3,o_max,m007009_o_max_ord10_rk00010,120,0,0.0,33.23008738133011
AD->AD,d3,o_max,m006016_o_max_ord9_rk00017,84,0,0.0,33.23008738133011
AD->AD,d3,o_max,m005012_o_max_ord8_rk00013,56,0,0.0,33.23008738133011
AD->AD,d3,o_max,m002013_o_max_ord5_rk00014,10,0,0.0,33.23008738133011
AD->AD,d3,o_max,m002002_o_max_ord5_rk00003,10,0,0.0,33.23008738133011
AD->AD,d3,o_max,m006009_o_max_ord9_rk00010,84,0,0.0,33.23008738133011
AD->AD,d3,o_min,m049530_o_min_ord5_rk00016,10,7,70.0,33.23008738133011
AD->AD,d3,o_min,m065526_o_min_ord21_rk00012,1330,601,45.18796992481203,33.23008738133011
AD->AD,d3,o_min,m072523_o_min_ord28_rk00009,3276,1618,49.38949938949939,33.23008738133011
AD->AD,d3,o_min,m066527_o_min_ord22_rk00013,1540,748,48.57142857142857,33.23008738133011
AD->AD,d3,o_min,m073526_o_min_ord29_rk00012,3654,1687,46.16858237547893,33.23008738133011
AD->AD,d3,o_min,m058518_o_min_ord14_rk00004,364,174,47.8021978021978,33.23008738133011
AD->AD,d3,o_min,m061529_o_min_ord17_rk00015,680,312,45.88235294117647,33.23008738133011
AD->AD,d3,o_min,m070518_o_min_ord26_rk00004,2600,1255,48.26923076923077,33.23008738133011
AD->AD,d3,o_min,m048516_o_min_ord4_rk00002,4,3,75.0,33.23008738133011
AD->AD,d3,o_min,m064519_o_min_ord20_rk00005,1140,536,47.01754385964912,33.23008738133011
AD->AD,d3,o_min,m065528_o_min_ord21_rk00014,1330,629,47.29323308270677,33.23008738133011
AD->AD,d3,o_min,m067526_o_min_ord23_rk00012,1771,873,49.294184076792774,33.23008738133011
AD->AD,d3,o_min,m067531_o_min_ord23_rk00017,1771,882,49.80237154150198,33.23008738133011
AD->AD,d3,o_min,m062530_o_min_ord18_rk00016,816,394,48.28431372549019,33.23008738133011
AD->AD,d3,o_min,m067523_o_min_ord23_rk00009,1771,870,49.12478825522304,33.23008738133011
AD->AD,d3,o_min,m072522_o_min_ord28_rk00008,3276,1575,48.07692307692308,33.23008738133011
AD->AD,d3,o_min,m072519_o_min_ord28_rk00005,3276,1572,47.985347985347985,33.23008738133011
AD->AD,d3,o_min,m048521_o_min_ord4_rk00007,4,2,50.0,33.23008738133011
AD->AD,d3,o_min,m071520_o_min_ord27_rk00006,2925,1422,48.61538461538461,33.23008738133011
AD->AD,d3,o_min,m072533_o_min_ord28_rk00019,3276,1581,48.26007326007326,33.23008738133011
AD->FTD,OLS,o_max,m001019_o_max_ord4_rk00020,4,0,0.0,33.23008738133011
AD->FTD,OLS,o_max,m000001_o_max_ord3_rk00002,1,0,0.0,33.23008738133011
AD->FTD,OLS,o_max,m004013_o_max_ord7_rk00014,35,0,0.0,33.23008738133011
AD->FTD,OLS,o_max,m003014_o_max_ord6_rk00015,20,0,0.0,33.23008738133011
AD->FTD,OLS,o_max,m012016_o_max_ord15_rk00017,455,0,0.0,33.23008738133011
AD->FTD,OLS,o_max,m007014_o_max_ord10_rk00015,120,0,0.0,33.23008738133011
AD->FTD,OLS,o_max,m011018_o_max_ord14_rk00019,364,0,0.0,33.23008738133011
AD->FTD,OLS,o_max,m008006_o_max_ord11_rk00007,165,0,0.0,33.23008738133011
AD->FTD,OLS,o_max,m007019_o_max_ord10_rk00020,120,0,0.0,33.23008738133011
AD->FTD,OLS,o_max,m003010_o_max_ord6_rk00011,20,0,0.0,33.23008738133011
AD->FTD,OLS,o_max,m007004_o_max_ord10_rk00005,120,0,0.0,33.23008738133011
AD->FTD,OLS,o_max,m009007_o_max_ord12_rk00008,220,0,0.0,33.23008738133011
AD->FTD,OLS,o_max,m000018_o_max_ord3_rk00019,1,0,0.0,33.23008738133011
AD->FTD,OLS,o_max,m007001_o_max_ord10_rk00002,120,0,0.0,33.23008738133011
AD->FTD,OLS,o_max,m006011_o_max_ord9_rk00012,84,0,0.0,33.23008738133011
AD->FTD,OLS,o_max,m003017_o_max_ord6_rk00018,20,0,0.0,33.23008738133011
AD->FTD,OLS,o_max,m003006_o_max_ord6_rk00007,20,0,0.0,33.23008738133011
AD->FTD,OLS,o_max,m002014_o_max_ord5_rk00015,10,0,0.0,33.23008738133011
AD->FTD,OLS,o_max,m002012_o_max_ord5_rk00013,10,0,0.0,33.23008738133011
AD->FTD,OLS,o_max,m009012_o_max_ord12_rk00013,220,0,0.0,33.23008738133011
AD->FTD,OLS,o_min,m048525_o_min_ord4_rk00011,4,4,100.0,33.23008738133011
AD->FTD,OLS,o_min,m048520_o_min_ord4_rk00006,4,4,100.0,33.23008738133011
AD->FTD,OLS,o_min,m047525_o_min_ord3_rk00011,1,1,100.0,33.23008738133011
AD->FTD,OLS,o_min,m047531_o_min_ord3_rk00017,1,1,100.0,33.23008738133011
AD->FTD,OLS,o_min,m048533_o_min_ord4_rk00019,4,2,50.0,33.23008738133011
AD->FTD,OLS,o_min,m048518_o_min_ord4_rk00004,4,4,100.0,33.23008738133011
AD->FTD,OLS,o_min,m048528_o_min_ord4_rk00014,4,4,100.0,33.23008738133011
AD->FTD,OLS,o_min,m047528_o_min_ord3_rk00014,1,1,100.0,33.23008738133011
AD->FTD,OLS,o_min,m048517_o_min_ord4_rk00003,4,3,75.0,33.23008738133011
AD->FTD,OLS,o_min,m048519_o_min_ord4_rk00005,4,3,75.0,33.23008738133011
AD->FTD,OLS,o_min,m048526_o_min_ord4_rk00012,4,2,50.0,33.23008738133011
AD->FTD,OLS,o_min,m048521_o_min_ord4_rk00007,4,2,50.0,33.23008738133011
AD->FTD,OLS,o_min,m047515_o_min_ord3_rk00001,1,1,100.0,33.23008738133011
AD->FTD,OLS,o_min,m048531_o_min_ord4_rk00017,4,3,75.0,33.23008738133011
AD->FTD,OLS,o_min,m047530_o_min_ord3_rk00016,1,1,100.0,33.23008738133011
AD->FTD,OLS,o_min,m047533_o_min_ord3_rk00019,1,1,100.0,33.23008738133011
AD->FTD,OLS,o_min,m047517_o_min_ord3_rk00003,1,1,100.0,33.23008738133011
AD->FTD,OLS,o_min,m053519_o_min_ord9_rk00005,84,40,47.61904761904762,33.23008738133011
AD->FTD,OLS,o_min,m048516_o_min_ord4_rk00002,4,3,75.0,33.23008738133011
AD->FTD,OLS,o_min,m050515_o_min_ord6_rk00001,20,11,55.0,33.23008738133011
AD->FTD,d1,o_max,m023000_o_max_ord26_rk00001,2600,370,14.23076923076923,33.23008738133011
AD->FTD,d1,o_max,m020007_o_max_ord23_rk00008,1771,200,11.29305477131564,33.23008738133011
AD->FTD,d1,o_max,m020004_o_max_ord23_rk00005,1771,273,15.41501976284585,33.23008738133011
AD->FTD,d1,o_max,m018006_o_max_ord21_rk00007,1330,158,11.8796992481203,33.23008738133011
AD->FTD,d1,o_max,m019014_o_max_ord22_rk00015,1540,260,16.883116883116884,33.23008738133011
AD->FTD,d1,o_max,m024000_o_max_ord27_rk00001,2925,453,15.487179487179487,33.23008738133011
AD->FTD,d1,o_max,m018015_o_max_ord21_rk00016,1330,161,12.105263157894736,33.23008738133011
AD->FTD,d1,o_max,m026017_o_max_ord29_rk00018,3654,520,14.230979748221127,33.23008738133011
AD->FTD,d1,o_max,m022002_o_max_ord25_rk00003,2300,353,15.347826086956522,33.23008738133011
AD->FTD,d1,o_max,m020002_o_max_ord23_rk00003,1771,292,16.487859966120837,33.23008738133011
AD->FTD,d1,o_max,m018000_o_max_ord21_rk00001,1330,174,13.082706766917294,33.23008738133011
AD->FTD,d1,o_max,m025018_o_max_ord28_rk00019,3276,520,15.873015873015873,33.23008738133011
AD->FTD,d1,o_max,m026018_o_max_ord29_rk00019,3654,538,14.72359058565955,33.23008738133011
AD->FTD,d1,o_max,m021000_o_max_ord24_rk00001,2024,332,16.40316205533597,33.23008738133011
AD->FTD,d1,o_max,m021019_o_max_ord24_rk00020,2024,387,19.120553359683793,33.23008738133011
AD->FTD,d1,o_max,m018004_o_max_ord21_rk00005,1330,170,12.781954887218046,33.23008738133011
AD->FTD,d1,o_max,m016000_o_max_ord19_rk00001,969,137,14.13828689370485,33.23008738133011
AD->FTD,d1,o_max,m014000_o_max_ord17_rk00001,680,123,18.08823529411765,33.23008738133011
AD->FTD,d1,o_max,m019004_o_max_ord22_rk00005,1540,184,11.948051948051948,33.23008738133011
AD->FTD,d1,o_max,m020008_o_max_ord23_rk00009,1771,363,20.496894409937887,33.23008738133011
AD->FTD,d1,o_min,m048534_o_min_ord4_rk00020,4,3,75.0,33.23008738133011
AD->FTD,d1,o_min,m049520_o_min_ord5_rk00006,10,6,60.0,33.23008738133011
AD->FTD,d1,o_min,m064517_o_min_ord20_rk00003,1140,543,47.63157894736842,33.23008738133011
AD->FTD,d1,o_min,m059527_o_min_ord15_rk00013,455,213,46.81318681318681,33.23008738133011
AD->FTD,d1,o_min,m060523_o_min_ord16_rk00009,560,269,48.035714285714285,33.23008738133011
AD->FTD,d1,o_min,m060526_o_min_ord16_rk00012,560,279,49.82142857142857,33.23008738133011
AD->FTD,d1,o_min,m048524_o_min_ord4_rk00010,4,2,50.0,33.23008738133011
AD->FTD,d1,o_min,m048522_o_min_ord4_rk00008,4,3,75.0,33.23008738133011
AD->FTD,d1,o_min,m063526_o_min_ord19_rk00012,969,445,45.923632610939116,33.23008738133011
AD->FTD,d1,o_min,m047526_o_min_ord3_rk00012,1,1,100.0,33.23008738133011
AD->FTD,d1,o_min,m049534_o_min_ord5_rk00020,10,7,70.0,33.23008738133011
AD->FTD,d1,o_min,m056521_o_min_ord12_rk00007,220,111,50.45454545454545,33.23008738133011
AD->FTD,d1,o_min,m064529_o_min_ord20_rk00015,1140,535,46.92982456140351,33.23008738133011
AD->FTD,d1,o_min,m066532_o_min_ord22_rk00018,1540,742,48.18181818181818,33.23008738133011
AD->FTD,d1,o_min,m059533_o_min_ord15_rk00019,455,233,51.20879120879121,33.23008738133011
AD->FTD,d1,o_min,m059517_o_min_ord15_rk00003,455,232,50.989010989010985,33.23008738133011
AD->FTD,d1,o_min,m059519_o_min_ord15_rk00005,455,239,52.527472527472526,33.23008738133011
AD->FTD,d1,o_min,m061520_o_min_ord17_rk00006,680,328,48.23529411764706,33.23008738133011
AD->FTD,d1,o_min,m050522_o_min_ord6_rk00008,20,13,65.0,33.23008738133011
AD->FTD,d1,o_min,m055520_o_min_ord11_rk00006,165,61,36.96969696969697,33.23008738133011
AD->FTD,d2,o_max,m023000_o_max_ord26_rk00001,2600,370,14.23076923076923,33.23008738133011
AD->FTD,d2,o_max,m021010_o_max_ord24_rk00011,2024,309,15.266798418972332,33.23008738133011
AD->FTD,d2,o_max,m021019_o_max_ord24_rk00020,2024,387,19.120553359683793,33.23008738133011
AD->FTD,d2,o_max,m015000_o_max_ord18_rk00001,816,131,16.05392156862745,33.23008738133011
AD->FTD,d2,o_max,m018004_o_max_ord21_rk00005,1330,170,12.781954887218046,33.23008738133011
AD->FTD,d2,o_max,m022002_o_max_ord25_rk00003,2300,353,15.347826086956522,33.23008738133011
AD->FTD,d2,o_max,m018012_o_max_ord21_rk00013,1330,167,12.556390977443609,33.23008738133011
AD->FTD,d2,o_max,m026017_o_max_ord29_rk00018,3654,520,14.230979748221127,33.23008738133011
AD->FTD,d2,o_max,m019000_o_max_ord22_rk00001,1540,185,12.012987012987013,33.23008738133011
AD->FTD,d2,o_max,m021000_o_max_ord24_rk00001,2024,332,16.40316205533597,33.23008738133011
AD->FTD,d2,o_max,m016000_o_max_ord19_rk00001,969,137,14.13828689370485,33.23008738133011
AD->FTD,d2,o_max,m017018_o_max_ord20_rk00019,1140,144,12.631578947368421,33.23008738133011
AD->FTD,d2,o_max,m017011_o_max_ord20_rk00012,1140,142,12.456140350877194,33.23008738133011
AD->FTD,d2,o_max,m018015_o_max_ord21_rk00016,1330,161,12.105263157894736,33.23008738133011
AD->FTD,d2,o_max,m019001_o_max_ord22_rk00002,1540,186,12.077922077922079,33.23008738133011
AD->FTD,d2,o_max,m019004_o_max_ord22_rk00005,1540,184,11.948051948051948,33.23008738133011
AD->FTD,d2,o_max,m025018_o_max_ord28_rk00019,3276,520,15.873015873015873,33.23008738133011
AD->FTD,d2,o_max,m020000_o_max_ord23_rk00001,1771,275,15.527950310559007,33.23008738133011
AD->FTD,d2,o_max,m018006_o_max_ord21_rk00007,1330,158,11.8796992481203,33.23008738133011
AD->FTD,d2,o_max,m017000_o_max_ord20_rk00001,1140,159,13.947368421052632,33.23008738133011
AD->FTD,d2,o_min,m056526_o_min_ord12_rk00012,220,107,48.63636363636363,33.23008738133011
AD->FTD,d2,o_min,m058525_o_min_ord14_rk00011,364,147,40.38461538461539,33.23008738133011
AD->FTD,d2,o_min,m059524_o_min_ord15_rk00010,455,201,44.175824175824175,33.23008738133011
AD->FTD,d2,o_min,m058517_o_min_ord14_rk00003,364,159,43.68131868131868,33.23008738133011
AD->FTD,d2,o_min,m058533_o_min_ord14_rk00019,364,146,40.10989010989011,33.23008738133011
AD->FTD,d2,o_min,m049532_o_min_ord5_rk00018,10,5,50.0,33.23008738133011
AD->FTD,d2,o_min,m049518_o_min_ord5_rk00004,10,7,70.0,33.23008738133011
AD->FTD,d2,o_min,m058530_o_min_ord14_rk00016,364,166,45.604395604395606,33.23008738133011
AD->FTD,d2,o_min,m057523_o_min_ord13_rk00009,286,129,45.10489510489511,33.23008738133011
AD->FTD,d2,o_min,m048522_o_min_ord4_rk00008,4,3,75.0,33.23008738133011
AD->FTD,d2,o_min,m058516_o_min_ord14_rk00002,364,174,47.8021978021978,33.23008738133011
AD->FTD,d2,o_min,m065517_o_min_ord21_rk00003,1330,628,47.21804511278196,33.23008738133011
AD->FTD,d2,o_min,m055531_o_min_ord11_rk00017,165,84,50.90909090909091,33.23008738133011
AD->FTD,d2,o_min,m066532_o_min_ord22_rk00018,1540,742,48.18181818181818,33.23008738133011
AD->FTD,d2,o_min,m048520_o_min_ord4_rk00006,4,4,100.0,33.23008738133011
AD->FTD,d2,o_min,m061533_o_min_ord17_rk00019,680,307,45.14705882352941,33.23008738133011
AD->FTD,d2,o_min,m064527_o_min_ord20_rk00013,1140,553,48.50877192982456,33.23008738133011
AD->FTD,d2,o_min,m057527_o_min_ord13_rk00013,286,141,49.3006993006993,33.23008738133011
AD->FTD,d2,o_min,m058524_o_min_ord14_rk00010,364,158,43.40659340659341,33.23008738133011
AD->FTD,d2,o_min,m048524_o_min_ord4_rk00010,4,2,50.0,33.23008738133011
AD->FTD,d3,o_max,m023000_o_max_ord26_rk00001,2600,370,14.23076923076923,33.23008738133011
AD->FTD,d3,o_max,m025018_o_max_ord28_rk00019,3276,520,15.873015873015873,33.23008738133011
AD->FTD,d3,o_max,m016000_o_max_ord19_rk00001,969,137,14.13828689370485,33.23008738133011
AD->FTD,d3,o_max,m021000_o_max_ord24_rk00001,2024,332,16.40316205533597,33.23008738133011
AD->FTD,d3,o_max,m018000_o_max_ord21_rk00001,1330,174,13.082706766917294,33.23008738133011
AD->FTD,d3,o_max,m022002_o_max_ord25_rk00003,2300,353,15.347826086956522,33.23008738133011
AD->FTD,d3,o_max,m017018_o_max_ord20_rk00019,1140,144,12.631578947368421,33.23008738133011
AD->FTD,d3,o_max,m017011_o_max_ord20_rk00012,1140,142,12.456140350877194,33.23008738133011
AD->FTD,d3,o_max,m020004_o_max_ord23_rk00005,1771,273,15.41501976284585,33.23008738133011
AD->FTD,d3,o_max,m018012_o_max_ord21_rk00013,1330,167,12.556390977443609,33.23008738133011
AD->FTD,d3,o_max,m025000_o_max_ord28_rk00001,3276,546,16.666666666666668,33.23008738133011
AD->FTD,d3,o_max,m026017_o_max_ord29_rk00018,3654,520,14.230979748221127,33.23008738133011
AD->FTD,d3,o_max,m018004_o_max_ord21_rk00005,1330,170,12.781954887218046,33.23008738133011
AD->FTD,d3,o_max,m021010_o_max_ord24_rk00011,2024,309,15.266798418972332,33.23008738133011
AD->FTD,d3,o_max,m018015_o_max_ord21_rk00016,1330,161,12.105263157894736,33.23008738133011
AD->FTD,d3,o_max,m024000_o_max_ord27_rk00001,2925,453,15.487179487179487,33.23008738133011
AD->FTD,d3,o_max,m021019_o_max_ord24_rk00020,2024,387,19.120553359683793,33.23008738133011
AD->FTD,d3,o_max,m019014_o_max_ord22_rk00015,1540,260,16.883116883116884,33.23008738133011
AD->FTD,d3,o_max,m015000_o_max_ord18_rk00001,816,131,16.05392156862745,33.23008738133011
AD->FTD,d3,o_max,m020000_o_max_ord23_rk00001,1771,275,15.527950310559007,33.23008738133011
AD->FTD,d3,o_min,m049518_o_min_ord5_rk00004,10,7,70.0,33.23008738133011
AD->FTD,d3,o_min,m058525_o_min_ord14_rk00011,364,147,40.38461538461539,33.23008738133011
AD->FTD,d3,o_min,m058533_o_min_ord14_rk00019,364,146,40.10989010989011,33.23008738133011
AD->FTD,d3,o_min,m056526_o_min_ord12_rk00012,220,107,48.63636363636363,33.23008738133011
AD->FTD,d3,o_min,m056521_o_min_ord12_rk00007,220,111,50.45454545454545,33.23008738133011
AD->FTD,d3,o_min,m059524_o_min_ord15_rk00010,455,201,44.175824175824175,33.23008738133011
AD->FTD,d3,o_min,m058524_o_min_ord14_rk00010,364,158,43.40659340659341,33.23008738133011
AD->FTD,d3,o_min,m055528_o_min_ord11_rk00014,165,80,48.484848484848484,33.23008738133011
AD->FTD,d3,o_min,m058522_o_min_ord14_rk00008,364,184,50.54945054945055,33.23008738133011
AD->FTD,d3,o_min,m058519_o_min_ord14_rk00005,364,170,46.7032967032967,33.23008738133011
AD->FTD,d3,o_min,m058531_o_min_ord14_rk00017,364,189,51.92307692307692,33.23008738133011
AD->FTD,d3,o_min,m059527_o_min_ord15_rk00013,455,213,46.81318681318681,33.23008738133011
AD->FTD,d3,o_min,m049522_o_min_ord5_rk00008,10,5,50.0,33.23008738133011
AD->FTD,d3,o_min,m061520_o_min_ord17_rk00006,680,328,48.23529411764706,33.23008738133011
AD->FTD,d3,o_min,m054522_o_min_ord10_rk00008,120,61,50.833333333333336,33.23008738133011
AD->FTD,d3,o_min,m062531_o_min_ord18_rk00017,816,385,47.181372549019606,33.23008738133011
AD->FTD,d3,o_min,m057523_o_min_ord13_rk00009,286,129,45.10489510489511,33.23008738133011
AD->FTD,d3,o_min,m058530_o_min_ord14_rk00016,364,166,45.604395604395606,33.23008738133011
AD->FTD,d3,o_min,m063521_o_min_ord19_rk00007,969,471,48.60681114551084,33.23008738133011
AD->FTD,d3,o_min,m057527_o_min_ord13_rk00013,286,141,49.3006993006993,33.23008738133011
FTD->FTD,OLS,o_max,m001011_o_max_ord4_rk00012,4,0,0.0,33.23008738133011
FTD->FTD,OLS,o_max,m003015_o_max_ord6_rk00016,20,0,0.0,33.23008738133011
FTD->FTD,OLS,o_max,m001015_o_max_ord4_rk00016,4,0,0.0,33.23008738133011
FTD->FTD,OLS,o_max,m000012_o_max_ord3_rk00013,1,0,0.0,33.23008738133011
FTD->FTD,OLS,o_max,m000000_o_max_ord3_rk00001,1,0,0.0,33.23008738133011
FTD->FTD,OLS,o_max,m001009_o_max_ord4_rk00010,4,0,0.0,33.23008738133011
FTD->FTD,OLS,o_max,m005010_o_max_ord8_rk00011,56,0,0.0,33.23008738133011
FTD->FTD,OLS,o_max,m001002_o_max_ord4_rk00003,4,0,0.0,33.23008738133011
FTD->FTD,OLS,o_max,m001018_o_max_ord4_rk00019,4,0,0.0,33.23008738133011
FTD->FTD,OLS,o_max,m002017_o_max_ord5_rk00018,10,0,0.0,33.23008738133011
FTD->FTD,OLS,o_max,m000017_o_max_ord3_rk00018,1,0,0.0,33.23008738133011
FTD->FTD,OLS,o_max,m001001_o_max_ord4_rk00002,4,0,0.0,33.23008738133011
FTD->FTD,OLS,o_max,m002006_o_max_ord5_rk00007,10,0,0.0,33.23008738133011
FTD->FTD,OLS,o_max,m003009_o_max_ord6_rk00010,20,0,0.0,33.23008738133011
FTD->FTD,OLS,o_max,m001017_o_max_ord4_rk00018,4,0,0.0,33.23008738133011
FTD->FTD,OLS,o_max,m002015_o_max_ord5_rk00016,10,0,0.0,33.23008738133011
FTD->FTD,OLS,o_max,m002003_o_max_ord5_rk00004,10,0,0.0,33.23008738133011
FTD->FTD,OLS,o_max,m001004_o_max_ord4_rk00005,4,0,0.0,33.23008738133011
FTD->FTD,OLS,o_max,m004014_o_max_ord7_rk00015,35,0,0.0,33.23008738133011
FTD->FTD,OLS,o_max,m003004_o_max_ord6_rk00005,20,0,0.0,33.23008738133011
FTD->FTD,OLS,o_min,m047524_o_min_ord3_rk00010,1,1,100.0,33.23008738133011
FTD->FTD,OLS,o_min,m047522_o_min_ord3_rk00008,1,1,100.0,33.23008738133011
FTD->FTD,OLS,o_min,m047530_o_min_ord3_rk00016,1,1,100.0,33.23008738133011
FTD->FTD,OLS,o_min,m048529_o_min_ord4_rk00015,4,1,25.0,33.23008738133011
FTD->FTD,OLS,o_min,m051526_o_min_ord7_rk00012,35,19,54.285714285714285,33.23008738133011
FTD->FTD,OLS,o_min,m051529_o_min_ord7_rk00015,35,16,45.714285714285715,33.23008738133011
FTD->FTD,OLS,o_min,m050533_o_min_ord6_rk00019,20,10,50.0,33.23008738133011
FTD->FTD,OLS,o_min,m053526_o_min_ord9_rk00012,84,36,42.857142857142854,33.23008738133011
FTD->FTD,OLS,o_min,m052516_o_min_ord8_rk00002,56,28,50.0,33.23008738133011
FTD->FTD,OLS,o_min,m051515_o_min_ord7_rk00001,35,21,60.0,33.23008738133011
FTD->FTD,OLS,o_min,m051521_o_min_ord7_rk00007,35,21,60.0,33.23008738133011
FTD->FTD,OLS,o_min,m047525_o_min_ord3_rk00011,1,1,100.0,33.23008738133011
FTD->FTD,OLS,o_min,m047518_o_min_ord3_rk00004,1,1,100.0,33.23008738133011
FTD->FTD,OLS,o_min,m051518_o_min_ord7_rk00004,35,18,51.42857142857143,33.23008738133011
FTD->FTD,OLS,o_min,m047516_o_min_ord3_rk00002,1,1,100.0,33.23008738133011
FTD->FTD,OLS,o_min,m051532_o_min_ord7_rk00018,35,20,57.142857142857146,33.23008738133011
FTD->FTD,OLS,o_min,m047527_o_min_ord3_rk00013,1,1,100.0,33.23008738133011
FTD->FTD,OLS,o_min,m050525_o_min_ord6_rk00011,20,16,80.0,33.23008738133011
FTD->FTD,OLS,o_min,m051516_o_min_ord7_rk00002,35,22,62.857142857142854,33.23008738133011
FTD->FTD,OLS,o_min,m047521_o_min_ord3_rk00007,1,1,100.0,33.23008738133011
FTD->FTD,d1,o_max,m002019_o_max_ord5_rk00020,10,0,0.0,33.23008738133011
FTD->FTD,d1,o_max,m001012_o_max_ord4_rk00013,4,0,0.0,33.23008738133011
FTD->FTD,d1,o_max,m001017_o_max_ord4_rk00018,4,0,0.0,33.23008738133011
FTD->FTD,d1,o_max,m002012_o_max_ord5_rk00013,10,0,0.0,33.23008738133011
FTD->FTD,d1,o_max,m003019_o_max_ord6_rk00020,20,0,0.0,33.23008738133011
FTD->FTD,d1,o_max,m000016_o_max_ord3_rk00017,1,0,0.0,33.23008738133011
FTD->FTD,d1,o_max,m002009_o_max_ord5_rk00010,10,0,0.0,33.23008738133011
FTD->FTD,d1,o_max,m000012_o_max_ord3_rk00013,1,0,0.0,33.23008738133011
FTD->FTD,d1,o_max,m001018_o_max_ord4_rk00019,4,0,0.0,33.23008738133011
FTD->FTD,d1,o_max,m000005_o_max_ord3_rk00006,1,0,0.0,33.23008738133011
FTD->FTD,d1,o_max,m003014_o_max_ord6_rk00015,20,0,0.0,33.23008738133011
FTD->FTD,d1,o_max,m001005_o_max_ord4_rk00006,4,0,0.0,33.23008738133011
FTD->FTD,d1,o_max,m000010_o_max_ord3_rk00011,1,0,0.0,33.23008738133011
FTD->FTD,d1,o_max,m000015_o_max_ord3_rk00016,1,0,0.0,33.23008738133011
FTD->FTD,d1,o_max,m000013_o_max_ord3_rk00014,1,0,0.0,33.23008738133011
FTD->FTD,d1,o_max,m001016_o_max_ord4_rk00017,4,0,0.0,33.23008738133011
FTD->FTD,d1,o_max,m004013_o_max_ord7_rk00014,35,0,0.0,33.23008738133011
FTD->FTD,d1,o_max,m002014_o_max_ord5_rk00015,10,0,0.0,33.23008738133011
FTD->FTD,d1,o_max,m001010_o_max_ord4_rk00011,4,0,0.0,33.23008738133011
FTD->FTD,d1,o_max,m023016_o_max_ord26_rk00017,2600,23,0.8846153846153846,33.23008738133011
FTD->FTD,d1,o_min,m047529_o_min_ord3_rk00015,1,1,100.0,33.23008738133011
FTD->FTD,d1,o_min,m073520_o_min_ord29_rk00006,3654,1726,47.235905856595515,33.23008738133011
FTD->FTD,d1,o_min,m073530_o_min_ord29_rk00016,3654,1712,46.8527640941434,33.23008738133011
FTD->FTD,d1,o_min,m073525_o_min_ord29_rk00011,3654,1722,47.12643678160919,33.23008738133011
FTD->FTD,d1,o_min,m051522_o_min_ord7_rk00008,35,16,45.714285714285715,33.23008738133011
FTD->FTD,d1,o_min,m047515_o_min_ord3_rk00001,1,1,100.0,33.23008738133011
FTD->FTD,d1,o_min,m058526_o_min_ord14_rk00012,364,136,37.362637362637365,33.23008738133011
FTD->FTD,d1,o_min,m047531_o_min_ord3_rk00017,1,1,100.0,33.23008738133011
FTD->FTD,d1,o_min,m051515_o_min_ord7_rk00001,35,21,60.0,33.23008738133011
FTD->FTD,d1,o_min,m047533_o_min_ord3_rk00019,1,1,100.0,33.23008738133011
FTD->FTD,d1,o_min,m047518_o_min_ord3_rk00004,1,1,100.0,33.23008738133011
FTD->FTD,d1,o_min,m047532_o_min_ord3_rk00018,1,1,100.0,33.23008738133011
FTD->FTD,d1,o_min,m047527_o_min_ord3_rk00013,1,1,100.0,33.23008738133011
FTD->FTD,d1,o_min,m073526_o_min_ord29_rk00012,3654,1687,46.16858237547893,33.23008738133011
FTD->FTD,d1,o_min,m073516_o_min_ord29_rk00002,3654,1681,46.00437876299945,33.23008738133011
FTD->FTD,d1,o_min,m072515_o_min_ord28_rk00001,3276,1545,47.16117216117216,33.23008738133011
FTD->FTD,d1,o_min,m049531_o_min_ord5_rk00017,10,5,50.0,33.23008738133011
FTD->FTD,d1,o_min,m047530_o_min_ord3_rk00016,1,1,100.0,33.23008738133011
FTD->FTD,d1,o_min,m050521_o_min_ord6_rk00007,20,11,55.0,33.23008738133011
FTD->FTD,d1,o_min,m047521_o_min_ord3_rk00007,1,1,100.0,33.23008738133011
FTD->FTD,d2,o_max,m001012_o_max_ord4_rk00013,4,0,0.0,33.23008738133011
FTD->FTD,d2,o_max,m002012_o_max_ord5_rk00013,10,0,0.0,33.23008738133011
FTD->FTD,d2,o_max,m002009_o_max_ord5_rk00010,10,0,0.0,33.23008738133011
FTD->FTD,d2,o_max,m003019_o_max_ord6_rk00020,20,0,0.0,33.23008738133011
FTD->FTD,d2,o_max,m018011_o_max_ord21_rk00012,1330,0,0.0,33.23008738133011
FTD->FTD,d2,o_max,m001017_o_max_ord4_rk00018,4,0,0.0,33.23008738133011
FTD->FTD,d2,o_max,m002019_o_max_ord5_rk00020,10,0,0.0,33.23008738133011
FTD->FTD,d2,o_max,m000016_o_max_ord3_rk00017,1,0,0.0,33.23008738133011
FTD->FTD,d2,o_max,m018010_o_max_ord21_rk00011,1330,1,0.07518796992481203,33.23008738133011
FTD->FTD,d2,o_max,m000005_o_max_ord3_rk00006,1,0,0.0,33.23008738133011
FTD->FTD,d2,o_max,m018009_o_max_ord21_rk00010,1330,0,0.0,33.23008738133011
FTD->FTD,d2,o_max,m013004_o_max_ord16_rk00005,560,0,0.0,33.23008738133011
FTD->FTD,d2,o_max,m015005_o_max_ord18_rk00006,816,0,0.0,33.23008738133011
FTD->FTD,d2,o_max,m023016_o_max_ord26_rk00017,2600,23,0.8846153846153846,33.23008738133011
FTD->FTD,d2,o_max,m003014_o_max_ord6_rk00015,20,0,0.0,33.23008738133011
FTD->FTD,d2,o_max,m018007_o_max_ord21_rk00008,1330,0,0.0,33.23008738133011
FTD->FTD,d2,o_max,m018005_o_max_ord21_rk00006,1330,1,0.07518796992481203,33.23008738133011
FTD->FTD,d2,o_max,m022018_o_max_ord25_rk00019,2300,1,0.043478260869565216,33.23008738133011
FTD->FTD,d2,o_max,m000012_o_max_ord3_rk00013,1,0,0.0,33.23008738133011
FTD->FTD,d2,o_max,m016002_o_max_ord19_rk00003,969,0,0.0,33.23008738133011
FTD->FTD,d2,o_min,m073530_o_min_ord29_rk00016,3654,1712,46.8527640941434,33.23008738133011
FTD->FTD,d2,o_min,m073520_o_min_ord29_rk00006,3654,1726,47.235905856595515,33.23008738133011
FTD->FTD,d2,o_min,m073525_o_min_ord29_rk00011,3654,1722,47.12643678160919,33.23008738133011
FTD->FTD,d2,o_min,m073526_o_min_ord29_rk00012,3654,1687,46.16858237547893,33.23008738133011
FTD->FTD,d2,o_min,m047529_o_min_ord3_rk00015,1,1,100.0,33.23008738133011
FTD->FTD,d2,o_min,m051522_o_min_ord7_rk00008,35,16,45.714285714285715,33.23008738133011
FTD->FTD,d2,o_min,m049531_o_min_ord5_rk00017,10,5,50.0,33.23008738133011
FTD->FTD,d2,o_min,m054526_o_min_ord10_rk00012,120,46,38.333333333333336,33.23008738133011
FTD->FTD,d2,o_min,m047527_o_min_ord3_rk00013,1,1,100.0,33.23008738133011
FTD->FTD,d2,o_min,m073516_o_min_ord29_rk00002,3654,1681,46.00437876299945,33.23008738133011
FTD->FTD,d2,o_min,m047532_o_min_ord3_rk00018,1,1,100.0,33.23008738133011
FTD->FTD,d2,o_min,m047522_o_min_ord3_rk00008,1,1,100.0,33.23008738133011
FTD->FTD,d2,o_min,m074515_o_min_ord30_rk00001,4060,1875,46.18226600985221,33.23008738133011
FTD->FTD,d2,o_min,m047524_o_min_ord3_rk00010,1,1,100.0,33.23008738133011
FTD->FTD,d2,o_min,m047516_o_min_ord3_rk00002,1,1,100.0,33.23008738133011
FTD->FTD,d2,o_min,m050521_o_min_ord6_rk00007,20,11,55.0,33.23008738133011
FTD->FTD,d2,o_min,m047533_o_min_ord3_rk00019,1,1,100.0,33.23008738133011
FTD->FTD,d2,o_min,m047518_o_min_ord3_rk00004,1,1,100.0,33.23008738133011
FTD->FTD,d2,o_min,m051533_o_min_ord7_rk00019,35,18,51.42857142857143,33.23008738133011
FTD->FTD,d2,o_min,m073522_o_min_ord29_rk00008,3654,1700,46.52435686918446,33.23008738133011
FTD->FTD,d3,o_max,m003019_o_max_ord6_rk00020,20,0,0.0,33.23008738133011
FTD->FTD,d3,o_max,m002009_o_max_ord5_rk00010,10,0,0.0,33.23008738133011
FTD->FTD,d3,o_max,m002019_o_max_ord5_rk00020,10,0,0.0,33.23008738133011
FTD->FTD,d3,o_max,m002012_o_max_ord5_rk00013,10,0,0.0,33.23008738133011
FTD->FTD,d3,o_max,m001017_o_max_ord4_rk00018,4,0,0.0,33.23008738133011
FTD->FTD,d3,o_max,m009009_o_max_ord12_rk00010,220,0,0.0,33.23008738133011
FTD->FTD,d3,o_max,m017016_o_max_ord20_rk00017,1140,0,0.0,33.23008738133011
FTD->FTD,d3,o_max,m020018_o_max_ord23_rk00019,1771,0,0.0,33.23008738133011
FTD->FTD,d3,o_max,m023016_o_max_ord26_rk00017,2600,23,0.8846153846153846,33.23008738133011
FTD->FTD,d3,o_max,m001012_o_max_ord4_rk00013,4,0,0.0,33.23008738133011
FTD->FTD,d3,o_max,m016001_o_max_ord19_rk00002,969,0,0.0,33.23008738133011
FTD->FTD,d3,o_max,m027019_o_max_ord30_rk00020,4060,26,0.6403940886699507,33.23008738133011
FTD->FTD,d3,o_max,m015003_o_max_ord18_rk00004,816,0,0.0,33.23008738133011
FTD->FTD,d3,o_max,m027001_o_max_ord30_rk00002,4060,47,1.1576354679802956,33.23008738133011
FTD->FTD,d3,o_max,m023017_o_max_ord26_rk00018,2600,1,0.038461538461538464,33.23008738133011
FTD->FTD,d3,o_max,m015001_o_max_ord18_rk00002,816,0,0.0,33.23008738133011
FTD->FTD,d3,o_max,m000012_o_max_ord3_rk00013,1,0,0.0,33.23008738133011
FTD->FTD,d3,o_max,m003014_o_max_ord6_rk00015,20,0,0.0,33.23008738133011
FTD->FTD,d3,o_max,m001005_o_max_ord4_rk00006,4,0,0.0,33.23008738133011
FTD->FTD,d3,o_max,m016007_o_max_ord19_rk00008,969,0,0.0,33.23008738133011
FTD->FTD,d3,o_min,m047529_o_min_ord3_rk00015,1,1,100.0,33.23008738133011
FTD->FTD,d3,o_min,m073530_o_min_ord29_rk00016,3654,1712,46.8527640941434,33.23008738133011
FTD->FTD,d3,o_min,m073525_o_min_ord29_rk00011,3654,1722,47.12643678160919,33.23008738133011
FTD->FTD,d3,o_min,m073526_o_min_ord29_rk00012,3654,1687,46.16858237547893,33.23008738133011
FTD->FTD,d3,o_min,m073520_o_min_ord29_rk00006,3654,1726,47.235905856595515,33.23008738133011
FTD->FTD,d3,o_min,m047518_o_min_ord3_rk00004,1,1,100.0,33.23008738133011
FTD->FTD,d3,o_min,m047516_o_min_ord3_rk00002,1,1,100.0,33.23008738133011
FTD->FTD,d3,o_min,m047532_o_min_ord3_rk00018,1,1,100.0,33.23008738133011
FTD->FTD,d3,o_min,m047527_o_min_ord3_rk00013,1,1,100.0,33.23008738133011
FTD->FTD,d3,o_min,m047530_o_min_ord3_rk00016,1,1,100.0,33.23008738133011
FTD->FTD,d3,o_min,m054526_o_min_ord10_rk00012,120,46,38.333333333333336,33.23008738133011
FTD->FTD,d3,o_min,m073519_o_min_ord29_rk00005,3654,1728,47.29064039408867,33.23008738133011
FTD->FTD,d3,o_min,m047533_o_min_ord3_rk00019,1,1,100.0,33.23008738133011
FTD->FTD,d3,o_min,m051533_o_min_ord7_rk00019,35,18,51.42857142857143,33.23008738133011
FTD->FTD,d3,o_min,m050521_o_min_ord6_rk00007,20,11,55.0,33.23008738133011
FTD->FTD,d3,o_min,m073534_o_min_ord29_rk00020,3654,1708,46.74329501915709,33.23008738133011
FTD->FTD,d3,o_min,m051522_o_min_ord7_rk00008,35,16,45.714285714285715,33.23008738133011
FTD->FTD,d3,o_min,m063522_o_min_ord19_rk00008,969,428,44.169246646026835,33.23008738133011
FTD->FTD,d3,o_min,m072522_o_min_ord28_rk00008,3276,1575,48.07692307692308,33.23008738133011
FTD->FTD,d3,o_min,m073522_o_min_ord29_rk00008,3654,1700,46.52435686918446,33.23008738133011
FTD->AD,OLS,o_max,m000001_o_max_ord3_rk00002,1,0,0.0,33.23008738133011
FTD->AD,OLS,o_max,m000010_o_max_ord3_rk00011,1,0,0.0,33.23008738133011
FTD->AD,OLS,o_max,m000006_o_max_ord3_rk00007,1,0,0.0,33.23008738133011
FTD->AD,OLS,o_max,m000018_o_max_ord3_rk00019,1,0,0.0,33.23008738133011
FTD->AD,OLS,o_max,m000003_o_max_ord3_rk00004,1,0,0.0,33.23008738133011
FTD->AD,OLS,o_max,m000013_o_max_ord3_rk00014,1,0,0.0,33.23008738133011
FTD->AD,OLS,o_max,m000007_o_max_ord3_rk00008,1,0,0.0,33.23008738133011
FTD->AD,OLS,o_max,m000009_o_max_ord3_rk00010,1,0,0.0,33.23008738133011
FTD->AD,OLS,o_max,m015016_o_max_ord18_rk00017,816,0,0.0,33.23008738133011
FTD->AD,OLS,o_max,m000005_o_max_ord3_rk00006,1,0,0.0,33.23008738133011
FTD->AD,OLS,o_max,m001005_o_max_ord4_rk00006,4,0,0.0,33.23008738133011
FTD->AD,OLS,o_max,m000008_o_max_ord3_rk00009,1,0,0.0,33.23008738133011
FTD->AD,OLS,o_max,m000016_o_max_ord3_rk00017,1,0,0.0,33.23008738133011
FTD->AD,OLS,o_max,m002014_o_max_ord5_rk00015,10,0,0.0,33.23008738133011
FTD->AD,OLS,o_max,m000011_o_max_ord3_rk00012,1,0,0.0,33.23008738133011
FTD->AD,OLS,o_max,m014002_o_max_ord17_rk00003,680,0,0.0,33.23008738133011
FTD->AD,OLS,o_max,m015018_o_max_ord18_rk00019,816,0,0.0,33.23008738133011
FTD->AD,OLS,o_max,m002018_o_max_ord5_rk00019,10,0,0.0,33.23008738133011
FTD->AD,OLS,o_max,m003014_o_max_ord6_rk00015,20,0,0.0,33.23008738133011
FTD->AD,OLS,o_max,m000004_o_max_ord3_rk00005,1,0,0.0,33.23008738133011
FTD->AD,OLS,o_min,m052532_o_min_ord8_rk00018,56,33,58.92857142857143,33.23008738133011
FTD->AD,OLS,o_min,m051531_o_min_ord7_rk00017,35,21,60.0,33.23008738133011
FTD->AD,OLS,o_min,m049527_o_min_ord5_rk00013,10,5,50.0,33.23008738133011
FTD->AD,OLS,o_min,m051532_o_min_ord7_rk00018,35,20,57.142857142857146,33.23008738133011
FTD->AD,OLS,o_min,m052524_o_min_ord8_rk00010,56,28,50.0,33.23008738133011
FTD->AD,OLS,o_min,m047517_o_min_ord3_rk00003,1,1,100.0,33.23008738133011
FTD->AD,OLS,o_min,m051518_o_min_ord7_rk00004,35,18,51.42857142857143,33.23008738133011
FTD->AD,OLS,o_min,m051526_o_min_ord7_rk00012,35,19,54.285714285714285,33.23008738133011
FTD->AD,OLS,o_min,m053533_o_min_ord9_rk00019,84,45,53.57142857142857,33.23008738133011
FTD->AD,OLS,o_min,m053529_o_min_ord9_rk00015,84,38,45.23809523809524,33.23008738133011
FTD->AD,OLS,o_min,m050532_o_min_ord6_rk00018,20,9,45.0,33.23008738133011
FTD->AD,OLS,o_min,m053527_o_min_ord9_rk00013,84,38,45.23809523809524,33.23008738133011
FTD->AD,OLS,o_min,m048532_o_min_ord4_rk00018,4,2,50.0,33.23008738133011
FTD->AD,OLS,o_min,m052517_o_min_ord8_rk00003,56,28,50.0,33.23008738133011
FTD->AD,OLS,o_min,m053523_o_min_ord9_rk00009,84,39,46.42857142857143,33.23008738133011
FTD->AD,OLS,o_min,m050533_o_min_ord6_rk00019,20,10,50.0,33.23008738133011
FTD->AD,OLS,o_min,m047525_o_min_ord3_rk00011,1,1,100.0,33.23008738133011
FTD->AD,OLS,o_min,m051521_o_min_ord7_rk00007,35,21,60.0,33.23008738133011
FTD->AD,OLS,o_min,m048521_o_min_ord4_rk00007,4,2,50.0,33.23008738133011
FTD->AD,OLS,o_min,m050531_o_min_ord6_rk00017,20,13,65.0,33.23008738133011
FTD->AD,d1,o_max,m003019_o_max_ord6_rk00020,20,0,0.0,33.23008738133011
FTD->AD,d1,o_max,m000001_o_max_ord3_rk00002,1,0,0.0,33.23008738133011
FTD->AD,d1,o_max,m001007_o_max_ord4_rk00008,4,0,0.0,33.23008738133011
FTD->AD,d1,o_max,m003014_o_max_ord6_rk00015,20,0,0.0,33.23008738133011
FTD->AD,d1,o_max,m001012_o_max_ord4_rk00013,4,0,0.0,33.23008738133011
FTD->AD,d1,o_max,m001019_o_max_ord4_rk00020,4,0,0.0,33.23008738133011
FTD->AD,d1,o_max,m002009_o_max_ord5_rk00010,10,0,0.0,33.23008738133011
FTD->AD,d1,o_max,m000003_o_max_ord3_rk00004,1,0,0.0,33.23008738133011
FTD->AD,d1,o_max,m001016_o_max_ord4_rk00017,4,0,0.0,33.23008738133011
FTD->AD,d1,o_max,m001005_o_max_ord4_rk00006,4,0,0.0,33.23008738133011
FTD->AD,d1,o_max,m025003_o_max_ord28_rk00004,3276,8,0.2442002442002442,33.23008738133011
FTD->AD,d1,o_max,m025014_o_max_ord28_rk00015,3276,8,0.2442002442002442,33.23008738133011
FTD->AD,d1,o_max,m000013_o_max_ord3_rk00014,1,0,0.0,33.23008738133011
FTD->AD,d1,o_max,m002019_o_max_ord5_rk00020,10,0,0.0,33.23008738133011
FTD->AD,d1,o_max,m002012_o_max_ord5_rk00013,10,0,0.0,33.23008738133011
FTD->AD,d1,o_max,m025017_o_max_ord28_rk00018,3276,38,1.15995115995116,33.23008738133011
FTD->AD,d1,o_max,m000010_o_max_ord3_rk00011,1,0,0.0,33.23008738133011
FTD->AD,d1,o_max,m000016_o_max_ord3_rk00017,1,0,0.0,33.23008738133011
FTD->AD,d1,o_max,m023016_o_max_ord26_rk00017,2600,23,0.8846153846153846,33.23008738133011
FTD->AD,d1,o_max,m000015_o_max_ord3_rk00016,1,0,0.0,33.23008738133011
FTD->AD,d1,o_min,m049530_o_min_ord5_rk00016,10,7,70.0,33.23008738133011
FTD->AD,d1,o_min,m048518_o_min_ord4_rk00004,4,4,100.0,33.23008738133011
FTD->AD,d1,o_min,m072528_o_min_ord28_rk00014,3276,1538,46.947496947496944,33.23008738133011
FTD->AD,d1,o_min,m048529_o_min_ord4_rk00015,4,1,25.0,33.23008738133011
FTD->AD,d1,o_min,m061523_o_min_ord17_rk00009,680,323,47.5,33.23008738133011
FTD->AD,d1,o_min,m048532_o_min_ord4_rk00018,4,2,50.0,33.23008738133011
FTD->AD,d1,o_min,m072522_o_min_ord28_rk00008,3276,1575,48.07692307692308,33.23008738133011
FTD->AD,d1,o_min,m072530_o_min_ord28_rk00016,3276,1538,46.947496947496944,33.23008738133011
FTD->AD,d1,o_min,m047520_o_min_ord3_rk00006,1,1,100.0,33.23008738133011
FTD->AD,d1,o_min,m071529_o_min_ord27_rk00015,2925,1386,47.38461538461539,33.23008738133011
FTD->AD,d1,o_min,m048523_o_min_ord4_rk00009,4,3,75.0,33.23008738133011
FTD->AD,d1,o_min,m048516_o_min_ord4_rk00002,4,3,75.0,33.23008738133011
FTD->AD,d1,o_min,m048517_o_min_ord4_rk00003,4,3,75.0,33.23008738133011
FTD->AD,d1,o_min,m047529_o_min_ord3_rk00015,1,1,100.0,33.23008738133011
FTD->AD,d1,o_min,m049533_o_min_ord5_rk00019,10,6,60.0,33.23008738133011
FTD->AD,d1,o_min,m072527_o_min_ord28_rk00013,3276,1542,47.06959706959707,33.23008738133011
FTD->AD,d1,o_min,m061527_o_min_ord17_rk00013,680,301,44.26470588235294,33.23008738133011
FTD->AD,d1,o_min,m073534_o_min_ord29_rk00020,3654,1708,46.74329501915709,33.23008738133011
FTD->AD,d1,o_min,m072524_o_min_ord28_rk00010,3276,1574,48.046398046398046,33.23008738133011
FTD->AD,d1,o_min,m073520_o_min_ord29_rk00006,3654,1726,47.235905856595515,33.23008738133011
FTD->AD,d2,o_max,m000003_o_max_ord3_rk00004,1,0,0.0,33.23008738133011
FTD->AD,d2,o_max,m002009_o_max_ord5_rk00010,10,0,0.0,33.23008738133011
FTD->AD,d2,o_max,m003019_o_max_ord6_rk00020,20,0,0.0,33.23008738133011
FTD->AD,d2,o_max,m000005_o_max_ord3_rk00006,1,0,0.0,33.23008738133011
FTD->AD,d2,o_max,m003014_o_max_ord6_rk00015,20,0,0.0,33.23008738133011
FTD->AD,d2,o_max,m001007_o_max_ord4_rk00008,4,0,0.0,33.23008738133011
FTD->AD,d2,o_max,m001005_o_max_ord4_rk00006,4,0,0.0,33.23008738133011
FTD->AD,d2,o_max,m001012_o_max_ord4_rk00013,4,0,0.0,33.23008738133011
FTD->AD,d2,o_max,m000001_o_max_ord3_rk00002,1,0,0.0,33.23008738133011
FTD->AD,d2,o_max,m000016_o_max_ord3_rk00017,1,0,0.0,33.23008738133011
FTD->AD,d2,o_max,m002012_o_max_ord5_rk00013,10,0,0.0,33.23008738133011
FTD->AD,d2,o_max,m000013_o_max_ord3_rk00014,1,0,0.0,33.23008738133011
FTD->AD,d2,o_max,m022011_o_max_ord25_rk00012,2300,1,0.043478260869565216,33.23008738133011
FTD->AD,d2,o_max,m022015_o_max_ord25_rk00016,2300,1,0.043478260869565216,33.23008738133011
FTD->AD,d2,o_max,m000010_o_max_ord3_rk00011,1,0,0.0,33.23008738133011
FTD->AD,d2,o_max,m018019_o_max_ord21_rk00020,1330,0,0.0,33.23008738133011
FTD->AD,d2,o_max,m018005_o_max_ord21_rk00006,1330,1,0.07518796992481203,33.23008738133011
FTD->AD,d2,o_max,m001019_o_max_ord4_rk00020,4,0,0.0,33.23008738133011
FTD->AD,d2,o_max,m022017_o_max_ord25_rk00018,2300,0,0.0,33.23008738133011
FTD->AD,d2,o_max,m022018_o_max_ord25_rk00019,2300,1,0.043478260869565216,33.23008738133011
FTD->AD,d2,o_min,m048516_o_min_ord4_rk00002,4,3,75.0,33.23008738133011
FTD->AD,d2,o_min,m049530_o_min_ord5_rk00016,10,7,70.0,33.23008738133011
FTD->AD,d2,o_min,m048517_o_min_ord4_rk00003,4,3,75.0,33.23008738133011
FTD->AD,d2,o_min,m048532_o_min_ord4_rk00018,4,2,50.0,33.23008738133011
FTD->AD,d2,o_min,m048523_o_min_ord4_rk00009,4,3,75.0,33.23008738133011
FTD->AD,d2,o_min,m048518_o_min_ord4_rk00004,4,4,100.0,33.23008738133011
FTD->AD,d2,o_min,m061527_o_min_ord17_rk00013,680,301,44.26470588235294,33.23008738133011
FTD->AD,d2,o_min,m073525_o_min_ord29_rk00011,3654,1722,47.12643678160919,33.23008738133011
FTD->AD,d2,o_min,m073518_o_min_ord29_rk00004,3654,1747,47.81061850027367,33.23008738133011
FTD->AD,d2,o_min,m050532_o_min_ord6_rk00018,20,9,45.0,33.23008738133011
FTD->AD,d2,o_min,m048529_o_min_ord4_rk00015,4,1,25.0,33.23008738133011
FTD->AD,d2,o_min,m048519_o_min_ord4_rk00005,4,3,75.0,33.23008738133011
FTD->AD,d2,o_min,m071529_o_min_ord27_rk00015,2925,1386,47.38461538461539,33.23008738133011
FTD->AD,d2,o_min,m047532_o_min_ord3_rk00018,1,1,100.0,33.23008738133011
FTD->AD,d2,o_min,m047520_o_min_ord3_rk00006,1,1,100.0,33.23008738133011
FTD->AD,d2,o_min,m073515_o_min_ord29_rk00001,3654,1770,48.44006568144499,33.23008738133011
FTD->AD,d2,o_min,m072529_o_min_ord28_rk00015,3276,1601,48.87057387057387,33.23008738133011
FTD->AD,d2,o_min,m073520_o_min_ord29_rk00006,3654,1726,47.235905856595515,33.23008738133011
FTD->AD,d2,o_min,m061517_o_min_ord17_rk00003,680,303,44.55882352941177,33.23008738133011
FTD->AD,d2,o_min,m072530_o_min_ord28_rk00016,3276,1538,46.947496947496944,33.23008738133011
FTD->AD,d3,o_max,m000003_o_max_ord3_rk00004,1,0,0.0,33.23008738133011
FTD->AD,d3,o_max,m003014_o_max_ord6_rk00015,20,0,0.0,33.23008738133011
FTD->AD,d3,o_max,m003019_o_max_ord6_rk00020,20,0,0.0,33.23008738133011
FTD->AD,d3,o_max,m001005_o_max_ord4_rk00006,4,0,0.0,33.23008738133011
FTD->AD,d3,o_max,m000005_o_max_ord3_rk00006,1,0,0.0,33.23008738133011
FTD->AD,d3,o_max,m002012_o_max_ord5_rk00013,10,0,0.0,33.23008738133011
FTD->AD,d3,o_max,m001012_o_max_ord4_rk00013,4,0,0.0,33.23008738133011
FTD->AD,d3,o_max,m009009_o_max_ord12_rk00010,220,0,0.0,33.23008738133011
FTD->AD,d3,o_max,m002009_o_max_ord5_rk00010,10,0,0.0,33.23008738133011
FTD->AD,d3,o_max,m006010_o_max_ord9_rk00011,84,0,0.0,33.23008738133011
FTD->AD,d3,o_max,m018000_o_max_ord21_rk00001,1330,174,13.082706766917294,33.23008738133011
FTD->AD,d3,o_max,m027003_o_max_ord30_rk00004,4060,45,1.1083743842364533,33.23008738133011
FTD->AD,d3,o_max,m009011_o_max_ord12_rk00012,220,0,0.0,33.23008738133011
FTD->AD,d3,o_max,m000012_o_max_ord3_rk00013,1,0,0.0,33.23008738133011
FTD->AD,d3,o_max,m000016_o_max_ord3_rk00017,1,0,0.0,33.23008738133011
FTD->AD,d3,o_max,m001007_o_max_ord4_rk00008,4,0,0.0,33.23008738133011
FTD->AD,d3,o_max,m027001_o_max_ord30_rk00002,4060,47,1.1576354679802956,33.23008738133011
FTD->AD,d3,o_max,m027019_o_max_ord30_rk00020,4060,26,0.6403940886699507,33.23008738133011
FTD->AD,d3,o_max,m009002_o_max_ord12_rk00003,220,0,0.0,33.23008738133011
FTD->AD,d3,o_max,m020018_o_max_ord23_rk00019,1771,0,0.0,33.23008738133011
FTD->AD,d3,o_min,m071529_o_min_ord27_rk00015,2925,1386,47.38461538461539,33.23008738133011
FTD->AD,d3,o_min,m049530_o_min_ord5_rk00016,10,7,70.0,33.23008738133011
FTD->AD,d3,o_min,m061523_o_min_ord17_rk00009,680,323,47.5,33.23008738133011
FTD->AD,d3,o_min,m048518_o_min_ord4_rk00004,4,4,100.0,33.23008738133011
FTD->AD,d3,o_min,m071521_o_min_ord27_rk00007,2925,1394,47.65811965811966,33.23008738133011
FTD->AD,d3,o_min,m048516_o_min_ord4_rk00002,4,3,75.0,33.23008738133011
FTD->AD,d3,o_min,m074529_o_min_ord30_rk00015,4060,1882,46.354679802955665,33.23008738133011
FTD->AD,d3,o_min,m061527_o_min_ord17_rk00013,680,301,44.26470588235294,33.23008738133011
FTD->AD,d3,o_min,m048519_o_min_ord4_rk00005,4,3,75.0,33.23008738133011
FTD->AD,d3,o_min,m047529_o_min_ord3_rk00015,1,1,100.0,33.23008738133011
FTD->AD,d3,o_min,m048517_o_min_ord4_rk00003,4,3,75.0,33.23008738133011
FTD->AD,d3,o_min,m074515_o_min_ord30_rk00001,4060,1875,46.18226600985221,33.23008738133011
FTD->AD,d3,o_min,m065522_o_min_ord21_rk00008,1330,638,47.96992481203007,33.23008738133011
FTD->AD,d3,o_min,m059526_o_min_ord15_rk00012,455,191,41.97802197802198,33.23008738133011
FTD->AD,d3,o_min,m073525_o_min_ord29_rk00011,3654,1722,47.12643678160919,33.23008738133011
FTD->AD,d3,o_min,m047534_o_min_ord3_rk00020,1,1,100.0,33.23008738133011
FTD->AD,d3,o_min,m069530_o_min_ord25_rk00016,2300,1132,49.21739130434783,33.23008738133011
FTD->AD,d3,o_min,m059516_o_min_ord15_rk00002,455,208,45.714285714285715,33.23008738133011
FTD->AD,d3,o_min,m074525_o_min_ord30_rk00011,4060,1888,46.50246305418719,33.23008738133011
FTD->AD,d3,o_min,m068532_o_min_ord24_rk00018,2024,942,46.541501976284586,33.23008738133011
AD+FTD->AD,OLS,o_max,m000009_o_max_ord3_rk00010,1,0,0.0,33.23008738133011
AD+FTD->AD,OLS,o_max,m000011_o_max_ord3_rk00012,1,0,0.0,33.23008738133011
AD+FTD->AD,OLS,o_max,m000019_o_max_ord3_rk00020,1,0,0.0,33.23008738133011
AD+FTD->AD,OLS,o_max,m001008_o_max_ord4_rk00009,4,0,0.0,33.23008738133011
AD+FTD->AD,OLS,o_max,m000002_o_max_ord3_rk00003,1,0,0.0,33.23008738133011
AD+FTD->AD,OLS,o_max,m002004_o_max_ord5_rk00005,10,0,0.0,33.23008738133011
AD+FTD->AD,OLS,o_max,m000010_o_max_ord3_rk00011,1,0,0.0,33.23008738133011
AD+FTD->AD,OLS,o_max,m000007_o_max_ord3_rk00008,1,0,0.0,33.23008738133011
AD+FTD->AD,OLS,o_max,m001013_o_max_ord4_rk00014,4,0,0.0,33.23008738133011
AD+FTD->AD,OLS,o_max,m001006_o_max_ord4_rk00007,4,0,0.0,33.23008738133011
AD+FTD->AD,OLS,o_max,m000018_o_max_ord3_rk00019,1,0,0.0,33.23008738133011
AD+FTD->AD,OLS,o_max,m000006_o_max_ord3_rk00007,1,0,0.0,33.23008738133011
AD+FTD->AD,OLS,o_max,m000017_o_max_ord3_rk00018,1,0,0.0,33.23008738133011
AD+FTD->AD,OLS,o_max,m000000_o_max_ord3_rk00001,1,0,0.0,33.23008738133011
AD+FTD->AD,OLS,o_max,m000003_o_max_ord3_rk00004,1,0,0.0,33.23008738133011
AD+FTD->AD,OLS,o_max,m002010_o_max_ord5_rk00011,10,0,0.0,33.23008738133011
AD+FTD->AD,OLS,o_max,m001009_o_max_ord4_rk00010,4,0,0.0,33.23008738133011
AD+FTD->AD,OLS,o_max,m000015_o_max_ord3_rk00016,1,0,0.0,33.23008738133011
AD+FTD->AD,OLS,o_max,m001016_o_max_ord4_rk00017,4,0,0.0,33.23008738133011
AD+FTD->AD,OLS,o_max,m000014_o_max_ord3_rk00015,1,0,0.0,33.23008738133011
AD+FTD->AD,OLS,o_min,m048533_o_min_ord4_rk00019,4,2,50.0,33.23008738133011
AD+FTD->AD,OLS,o_min,m048519_o_min_ord4_rk00005,4,3,75.0,33.23008738133011
AD+FTD->AD,OLS,o_min,m048526_o_min_ord4_rk00012,4,2,50.0,33.23008738133011
AD+FTD->AD,OLS,o_min,m048528_o_min_ord4_rk00014,4,4,100.0,33.23008738133011
AD+FTD->AD,OLS,o_min,m048517_o_min_ord4_rk00003,4,3,75.0,33.23008738133011
AD+FTD->AD,OLS,o_min,m048518_o_min_ord4_rk00004,4,4,100.0,33.23008738133011
AD+FTD->AD,OLS,o_min,m048532_o_min_ord4_rk00018,4,2,50.0,33.23008738133011
AD+FTD->AD,OLS,o_min,m048530_o_min_ord4_rk00016,4,3,75.0,33.23008738133011
AD+FTD->AD,OLS,o_min,m048525_o_min_ord4_rk00011,4,4,100.0,33.23008738133011
AD+FTD->AD,OLS,o_min,m047533_o_min_ord3_rk00019,1,1,100.0,33.23008738133011
AD+FTD->AD,OLS,o_min,m048527_o_min_ord4_rk00013,4,3,75.0,33.23008738133011
AD+FTD->AD,OLS,o_min,m048520_o_min_ord4_rk00006,4,4,100.0,33.23008738133011
AD+FTD->AD,OLS,o_min,m047515_o_min_ord3_rk00001,1,1,100.0,33.23008738133011
AD+FTD->AD,OLS,o_min,m047527_o_min_ord3_rk00013,1,1,100.0,33.23008738133011
AD+FTD->AD,OLS,o_min,m047521_o_min_ord3_rk00007,1,1,100.0,33.23008738133011
AD+FTD->AD,OLS,o_min,m048522_o_min_ord4_rk00008,4,3,75.0,33.23008738133011
AD+FTD->AD,OLS,o_min,m047532_o_min_ord3_rk00018,1,1,100.0,33.23008738133011
AD+FTD->AD,OLS,o_min,m047534_o_min_ord3_rk00020,1,1,100.0,33.23008738133011
AD+FTD->AD,OLS,o_min,m048524_o_min_ord4_rk00010,4,2,50.0,33.23008738133011
AD+FTD->AD,OLS,o_min,m048523_o_min_ord4_rk00009,4,3,75.0,33.23008738133011
AD+FTD->AD,d1,o_max,m004005_o_max_ord7_rk00006,35,0,0.0,33.23008738133011
AD+FTD->AD,d1,o_max,m004008_o_max_ord7_rk00009,35,0,0.0,33.23008738133011
AD+FTD->AD,d1,o_max,m000017_o_max_ord3_rk00018,1,0,0.0,33.23008738133011
AD+FTD->AD,d1,o_max,m000007_o_max_ord3_rk00008,1,0,0.0,33.23008738133011
AD+FTD->AD,d1,o_max,m001010_o_max_ord4_rk00011,4,0,0.0,33.23008738133011
AD+FTD->AD,d1,o_max,m003000_o_max_ord6_rk00001,20,0,0.0,33.23008738133011
AD+FTD->AD,d1,o_max,m000005_o_max_ord3_rk00006,1,0,0.0,33.23008738133011
AD+FTD->AD,d1,o_max,m003010_o_max_ord6_rk00011,20,0,0.0,33.23008738133011
AD+FTD->AD,d1,o_max,m005017_o_max_ord8_rk00018,56,0,0.0,33.23008738133011
AD+FTD->AD,d1,o_max,m006001_o_max_ord9_rk00002,84,0,0.0,33.23008738133011
AD+FTD->AD,d1,o_max,m004001_o_max_ord7_rk00002,35,0,0.0,33.23008738133011
AD+FTD->AD,d1,o_max,m002002_o_max_ord5_rk00003,10,0,0.0,33.23008738133011
AD+FTD->AD,d1,o_max,m006013_o_max_ord9_rk00014,84,0,0.0,33.23008738133011
AD+FTD->AD,d1,o_max,m004017_o_max_ord7_rk00018,35,0,0.0,33.23008738133011
AD+FTD->AD,d1,o_max,m000016_o_max_ord3_rk00017,1,0,0.0,33.23008738133011
AD+FTD->AD,d1,o_max,m004010_o_max_ord7_rk00011,35,0,0.0,33.23008738133011
AD+FTD->AD,d1,o_max,m006016_o_max_ord9_rk00017,84,0,0.0,33.23008738133011
AD+FTD->AD,d1,o_max,m004009_o_max_ord7_rk00010,35,0,0.0,33.23008738133011
AD+FTD->AD,d1,o_max,m003018_o_max_ord6_rk00019,20,0,0.0,33.23008738133011
AD+FTD->AD,d1,o_max,m004000_o_max_ord7_rk00001,35,0,0.0,33.23008738133011
AD+FTD->AD,d1,o_min,m071517_o_min_ord27_rk00003,2925,1423,48.64957264957265,33.23008738133011
AD+FTD->AD,d1,o_min,m070527_o_min_ord26_rk00013,2600,1275,49.03846153846154,33.23008738133011
AD+FTD->AD,d1,o_min,m069531_o_min_ord25_rk00017,2300,1136,49.391304347826086,33.23008738133011
AD+FTD->AD,d1,o_min,m071518_o_min_ord27_rk00004,2925,1409,48.17094017094017,33.23008738133011
AD+FTD->AD,d1,o_min,m067522_o_min_ord23_rk00008,1771,873,49.294184076792774,33.23008738133011
AD+FTD->AD,d1,o_min,m066527_o_min_ord22_rk00013,1540,748,48.57142857142857,33.23008738133011
AD+FTD->AD,d1,o_min,m072533_o_min_ord28_rk00019,3276,1581,48.26007326007326,33.23008738133011
AD+FTD->AD,d1,o_min,m068528_o_min_ord24_rk00014,2024,1004,49.60474308300395,33.23008738133011
AD+FTD->AD,d1,o_min,m062529_o_min_ord18_rk00015,816,402,49.26470588235294,33.23008738133011
AD+FTD->AD,d1,o_min,m062533_o_min_ord18_rk00019,816,428,52.450980392156865,33.23008738133011
AD+FTD->AD,d1,o_min,m071533_o_min_ord27_rk00019,2925,1421,48.58119658119658,33.23008738133011
AD+FTD->AD,d1,o_min,m048521_o_min_ord4_rk00007,4,2,50.0,33.23008738133011
AD+FTD->AD,d1,o_min,m070516_o_min_ord26_rk00002,2600,1270,48.84615384615385,33.23008738133011
AD+FTD->AD,d1,o_min,m072521_o_min_ord28_rk00007,3276,1580,48.22954822954823,33.23008738133011
AD+FTD->AD,d1,o_min,m064528_o_min_ord20_rk00014,1140,548,48.07017543859649,33.23008738133011
AD+FTD->AD,d1,o_min,m061533_o_min_ord17_rk00019,680,307,45.14705882352941,33.23008738133011
AD+FTD->AD,d1,o_min,m066522_o_min_ord22_rk00008,1540,737,47.857142857142854,33.23008738133011
AD+FTD->AD,d1,o_min,m066516_o_min_ord22_rk00002,1540,750,48.701298701298704,33.23008738133011
AD+FTD->AD,d1,o_min,m069523_o_min_ord25_rk00009,2300,1134,49.30434782608695,33.23008738133011
AD+FTD->AD,d1,o_min,m065525_o_min_ord21_rk00011,1330,663,49.849624060150376,33.23008738133011
AD+FTD->AD,d2,o_max,m001016_o_max_ord4_rk00017,4,0,0.0,33.23008738133011
AD+FTD->AD,d2,o_max,m000015_o_max_ord3_rk00016,1,0,0.0,33.23008738133011
AD+FTD->AD,d2,o_max,m001010_o_max_ord4_rk00011,4,0,0.0,33.23008738133011
AD+FTD->AD,d2,o_max,m004017_o_max_ord7_rk00018,35,0,0.0,33.23008738133011
AD+FTD->AD,d2,o_max,m000007_o_max_ord3_rk00008,1,0,0.0,33.23008738133011
AD+FTD->AD,d2,o_max,m000017_o_max_ord3_rk00018,1,0,0.0,33.23008738133011
AD+FTD->AD,d2,o_max,m002009_o_max_ord5_rk00010,10,0,0.0,33.23008738133011
AD+FTD->AD,d2,o_max,m004001_o_max_ord7_rk00002,35,0,0.0,33.23008738133011
AD+FTD->AD,d2,o_max,m000013_o_max_ord3_rk00014,1,0,0.0,33.23008738133011
AD+FTD->AD,d2,o_max,m001012_o_max_ord4_rk00013,4,0,0.0,33.23008738133011
AD+FTD->AD,d2,o_max,m000016_o_max_ord3_rk00017,1,0,0.0,33.23008738133011
AD+FTD->AD,d2,o_max,m001005_o_max_ord4_rk00006,4,0,0.0,33.23008738133011
AD+FTD->AD,d2,o_max,m002014_o_max_ord5_rk00015,10,0,0.0,33.23008738133011
AD+FTD->AD,d2,o_max,m005017_o_max_ord8_rk00018,56,0,0.0,33.23008738133011
AD+FTD->AD,d2,o_max,m004000_o_max_ord7_rk00001,35,0,0.0,33.23008738133011
AD+FTD->AD,d2,o_max,m004008_o_max_ord7_rk00009,35,0,0.0,33.23008738133011
AD+FTD->AD,d2,o_max,m004005_o_max_ord7_rk00006,35,0,0.0,33.23008738133011
AD+FTD->AD,d2,o_max,m002005_o_max_ord5_rk00006,10,0,0.0,33.23008738133011
AD+FTD->AD,d2,o_max,m004010_o_max_ord7_rk00011,35,0,0.0,33.23008738133011
AD+FTD->AD,d2,o_max,m003013_o_max_ord6_rk00014,20,0,0.0,33.23008738133011
AD+FTD->AD,d2,o_min,m063530_o_min_ord19_rk00016,969,464,47.884416924664606,33.23008738133011
AD+FTD->AD,d2,o_min,m063531_o_min_ord19_rk00017,969,484,49.9484004127967,33.23008738133011
AD+FTD->AD,d2,o_min,m048521_o_min_ord4_rk00007,4,2,50.0,33.23008738133011
AD+FTD->AD,d2,o_min,m049530_o_min_ord5_rk00016,10,7,70.0,33.23008738133011
AD+FTD->AD,d2,o_min,m066527_o_min_ord22_rk00013,1540,748,48.57142857142857,33.23008738133011
AD+FTD->AD,d2,o_min,m048516_o_min_ord4_rk00002,4,3,75.0,33.23008738133011
AD+FTD->AD,d2,o_min,m062525_o_min_ord18_rk00011,816,418,51.22549019607843,33.23008738133011
AD+FTD->AD,d2,o_min,m070527_o_min_ord26_rk00013,2600,1275,49.03846153846154,33.23008738133011
AD+FTD->AD,d2,o_min,m069532_o_min_ord25_rk00018,2300,1128,49.04347826086956,33.23008738133011
AD+FTD->AD,d2,o_min,m064516_o_min_ord20_rk00002,1140,551,48.333333333333336,33.23008738133011
AD+FTD->AD,d2,o_min,m067530_o_min_ord23_rk00016,1771,839,47.374364765669114,33.23008738133011
AD+FTD->AD,d2,o_min,m063525_o_min_ord19_rk00011,969,479,49.43240454076368,33.23008738133011
AD+FTD->AD,d2,o_min,m067531_o_min_ord23_rk00017,1771,882,49.80237154150198,33.23008738133011
AD+FTD->AD,d2,o_min,m057529_o_min_ord13_rk00015,286,136,47.55244755244755,33.23008738133011
AD+FTD->AD,d2,o_min,m062529_o_min_ord18_rk00015,816,402,49.26470588235294,33.23008738133011
AD+FTD->AD,d2,o_min,m060534_o_min_ord16_rk00020,560,281,50.17857142857143,33.23008738133011
AD+FTD->AD,d2,o_min,m067527_o_min_ord23_rk00013,1771,852,48.108413325804634,33.23008738133011
AD+FTD->AD,d2,o_min,m055534_o_min_ord11_rk00020,165,71,43.03030303030303,33.23008738133011
AD+FTD->AD,d2,o_min,m072533_o_min_ord28_rk00019,3276,1581,48.26007326007326,33.23008738133011
AD+FTD->AD,d2,o_min,m071531_o_min_ord27_rk00017,2925,1405,48.034188034188034,33.23008738133011
AD+FTD->AD,d3,o_max,m006016_o_max_ord9_rk00017,84,0,0.0,33.23008738133011
AD+FTD->AD,d3,o_max,m003014_o_max_ord6_rk00015,20,0,0.0,33.23008738133011
AD+FTD->AD,d3,o_max,m000017_o_max_ord3_rk00018,1,0,0.0,33.23008738133011
AD+FTD->AD,d3,o_max,m000015_o_max_ord3_rk00016,1,0,0.0,33.23008738133011
AD+FTD->AD,d3,o_max,m001000_o_max_ord4_rk00001,4,0,0.0,33.23008738133011
AD+FTD->AD,d3,o_max,m006013_o_max_ord9_rk00014,84,0,0.0,33.23008738133011
AD+FTD->AD,d3,o_max,m004010_o_max_ord7_rk00011,35,0,0.0,33.23008738133011
AD+FTD->AD,d3,o_max,m006008_o_max_ord9_rk00009,84,0,0.0,33.23008738133011
AD+FTD->AD,d3,o_max,m002001_o_max_ord5_rk00002,10,0,0.0,33.23008738133011
AD+FTD->AD,d3,o_max,m000016_o_max_ord3_rk00017,1,0,0.0,33.23008738133011
AD+FTD->AD,d3,o_max,m005017_o_max_ord8_rk00018,56,0,0.0,33.23008738133011
AD+FTD->AD,d3,o_max,m004011_o_max_ord7_rk00012,35,0,0.0,33.23008738133011
AD+FTD->AD,d3,o_max,m003000_o_max_ord6_rk00001,20,0,0.0,33.23008738133011
AD+FTD->AD,d3,o_max,m004012_o_max_ord7_rk00013,35,0,0.0,33.23008738133011
AD+FTD->AD,d3,o_max,m005012_o_max_ord8_rk00013,56,0,0.0,33.23008738133011
AD+FTD->AD,d3,o_max,m004000_o_max_ord7_rk00001,35,0,0.0,33.23008738133011
AD+FTD->AD,d3,o_max,m004017_o_max_ord7_rk00018,35,0,0.0,33.23008738133011
AD+FTD->AD,d3,o_max,m026015_o_max_ord29_rk00016,3654,8,0.21893814997263272,33.23008738133011
AD+FTD->AD,d3,o_max,m003013_o_max_ord6_rk00014,20,0,0.0,33.23008738133011
AD+FTD->AD,d3,o_max,m023016_o_max_ord26_rk00017,2600,23,0.8846153846153846,33.23008738133011
AD+FTD->AD,d3,o_min,m062525_o_min_ord18_rk00011,816,418,51.22549019607843,33.23008738133011
AD+FTD->AD,d3,o_min,m061533_o_min_ord17_rk00019,680,307,45.14705882352941,33.23008738133011
AD+FTD->AD,d3,o_min,m049530_o_min_ord5_rk00016,10,7,70.0,33.23008738133011
AD+FTD->AD,d3,o_min,m066528_o_min_ord22_rk00014,1540,761,49.41558441558441,33.23008738133011
AD+FTD->AD,d3,o_min,m060534_o_min_ord16_rk00020,560,281,50.17857142857143,33.23008738133011
AD+FTD->AD,d3,o_min,m062515_o_min_ord18_rk00001,816,397,48.65196078431372,33.23008738133011
AD+FTD->AD,d3,o_min,m070519_o_min_ord26_rk00005,2600,1282,49.30769230769231,33.23008738133011
AD+FTD->AD,d3,o_min,m061520_o_min_ord17_rk00006,680,328,48.23529411764706,33.23008738133011
AD+FTD->AD,d3,o_min,m065515_o_min_ord21_rk00001,1330,630,47.36842105263158,33.23008738133011
AD+FTD->AD,d3,o_min,m066527_o_min_ord22_rk00013,1540,748,48.57142857142857,33.23008738133011
AD+FTD->AD,d3,o_min,m048521_o_min_ord4_rk00007,4,2,50.0,33.23008738133011
AD+FTD->AD,d3,o_min,m066534_o_min_ord22_rk00020,1540,756,49.09090909090909,33.23008738133011
AD+FTD->AD,d3,o_min,m066520_o_min_ord22_rk00006,1540,740,48.05194805194805,33.23008738133011
AD+FTD->AD,d3,o_min,m072533_o_min_ord28_rk00019,3276,1581,48.26007326007326,33.23008738133011
AD+FTD->AD,d3,o_min,m065516_o_min_ord21_rk00002,1330,659,49.54887218045113,33.23008738133011
AD+FTD->AD,d3,o_min,m071531_o_min_ord27_rk00017,2925,1405,48.034188034188034,33.23008738133011
AD+FTD->AD,d3,o_min,m066515_o_min_ord22_rk00001,1540,749,48.63636363636363,33.23008738133011
AD+FTD->AD,d3,o_min,m066523_o_min_ord22_rk00009,1540,732,47.532467532467535,33.23008738133011
AD+FTD->AD,d3,o_min,m064528_o_min_ord20_rk00014,1140,548,48.07017543859649,33.23008738133011
AD+FTD->AD,d3,o_min,m065525_o_min_ord21_rk00011,1330,663,49.849624060150376,33.23008738133011
AD+FTD->FTD,OLS,o_max,m001011_o_max_ord4_rk00012,4,0,0.0,33.23008738133011
AD+FTD->FTD,OLS,o_max,m003015_o_max_ord6_rk00016,20,0,0.0,33.23008738133011
AD+FTD->FTD,OLS,o_max,m001002_o_max_ord4_rk00003,4,0,0.0,33.23008738133011
AD+FTD->FTD,OLS,o_max,m001009_o_max_ord4_rk00010,4,0,0.0,33.23008738133011
AD+FTD->FTD,OLS,o_max,m004008_o_max_ord7_rk00009,35,0,0.0,33.23008738133011
AD+FTD->FTD,OLS,o_max,m005015_o_max_ord8_rk00016,56,0,0.0,33.23008738133011
AD+FTD->FTD,OLS,o_max,m003009_o_max_ord6_rk00010,20,0,0.0,33.23008738133011
AD+FTD->FTD,OLS,o_max,m002017_o_max_ord5_rk00018,10,0,0.0,33.23008738133011
AD+FTD->FTD,OLS,o_max,m001015_o_max_ord4_rk00016,4,0,0.0,33.23008738133011
AD+FTD->FTD,OLS,o_max,m000000_o_max_ord3_rk00001,1,0,0.0,33.23008738133011
AD+FTD->FTD,OLS,o_max,m003016_o_max_ord6_rk00017,20,0,0.0,33.23008738133011
AD+FTD->FTD,OLS,o_max,m000011_o_max_ord3_rk00012,1,0,0.0,33.23008738133011
AD+FTD->FTD,OLS,o_max,m002003_o_max_ord5_rk00004,10,0,0.0,33.23008738133011
AD+FTD->FTD,OLS,o_max,m002013_o_max_ord5_rk00014,10,0,0.0,33.23008738133011
AD+FTD->FTD,OLS,o_max,m004018_o_max_ord7_rk00019,35,0,0.0,33.23008738133011
AD+FTD->FTD,OLS,o_max,m003008_o_max_ord6_rk00009,20,0,0.0,33.23008738133011
AD+FTD->FTD,OLS,o_max,m005010_o_max_ord8_rk00011,56,0,0.0,33.23008738133011
AD+FTD->FTD,OLS,o_max,m004007_o_max_ord7_rk00008,35,0,0.0,33.23008738133011
AD+FTD->FTD,OLS,o_max,m004006_o_max_ord7_rk00007,35,0,0.0,33.23008738133011
AD+FTD->FTD,OLS,o_max,m003000_o_max_ord6_rk00001,20,0,0.0,33.23008738133011
AD+FTD->FTD,OLS,o_min,m051529_o_min_ord7_rk00015,35,16,45.714285714285715,33.23008738133011
AD+FTD->FTD,OLS,o_min,m051526_o_min_ord7_rk00012,35,19,54.285714285714285,33.23008738133011
AD+FTD->FTD,OLS,o_min,m047530_o_min_ord3_rk00016,1,1,100.0,33.23008738133011
AD+FTD->FTD,OLS,o_min,m047524_o_min_ord3_rk00010,1,1,100.0,33.23008738133011
AD+FTD->FTD,OLS,o_min,m051516_o_min_ord7_rk00002,35,22,62.857142857142854,33.23008738133011
AD+FTD->FTD,OLS,o_min,m051519_o_min_ord7_rk00005,35,18,51.42857142857143,33.23008738133011
AD+FTD->FTD,OLS,o_min,m047522_o_min_ord3_rk00008,1,1,100.0,33.23008738133011
AD+FTD->FTD,OLS,o_min,m050515_o_min_ord6_rk00001,20,11,55.0,33.23008738133011
AD+FTD->FTD,OLS,o_min,m048529_o_min_ord4_rk00015,4,1,25.0,33.23008738133011
AD+FTD->FTD,OLS,o_min,m047525_o_min_ord3_rk00011,1,1,100.0,33.23008738133011
AD+FTD->FTD,OLS,o_min,m052525_o_min_ord8_rk00011,56,32,57.142857142857146,33.23008738133011
AD+FTD->FTD,OLS,o_min,m049532_o_min_ord5_rk00018,10,5,50.0,33.23008738133011
AD+FTD->FTD,OLS,o_min,m047518_o_min_ord3_rk00004,1,1,100.0,33.23008738133011
AD+FTD->FTD,OLS,o_min,m047516_o_min_ord3_rk00002,1,1,100.0,33.23008738133011
AD+FTD->FTD,OLS,o_min,m050533_o_min_ord6_rk00019,20,10,50.0,33.23008738133011
AD+FTD->FTD,OLS,o_min,m052515_o_min_ord8_rk00001,56,31,55.357142857142854,33.23008738133011
AD+FTD->FTD,OLS,o_min,m050525_o_min_ord6_rk00011,20,16,80.0,33.23008738133011
AD+FTD->FTD,OLS,o_min,m049528_o_min_ord5_rk00014,10,5,50.0,33.23008738133011
AD+FTD->FTD,OLS,o_min,m052520_o_min_ord8_rk00006,56,27,48.214285714285715,33.23008738133011
AD+FTD->FTD,OLS,o_min,m049523_o_min_ord5_rk00009,10,5,50.0,33.23008738133011
AD+FTD->FTD,d1,o_max,m022016_o_max_ord25_rk00017,2300,1,0.043478260869565216,33.23008738133011
AD+FTD->FTD,d1,o_max,m023008_o_max_ord26_rk00009,2600,2,0.07692307692307693,33.23008738133011
AD+FTD->FTD,d1,o_max,m023018_o_max_ord26_rk00019,2600,1,0.038461538461538464,33.23008738133011
AD+FTD->FTD,d1,o_max,m026015_o_max_ord29_rk00016,3654,8,0.21893814997263272,33.23008738133011
AD+FTD->FTD,d1,o_max,m025004_o_max_ord28_rk00005,3276,2,0.06105006105006105,33.23008738133011
AD+FTD->FTD,d1,o_max,m022000_o_max_ord25_rk00001,2300,1,0.043478260869565216,33.23008738133011
AD+FTD->FTD,d1,o_max,m024019_o_max_ord27_rk00020,2925,7,0.23931623931623933,33.23008738133011
AD+FTD->FTD,d1,o_max,m022012_o_max_ord25_rk00013,2300,1,0.043478260869565216,33.23008738133011
AD+FTD->FTD,d1,o_max,m024018_o_max_ord27_rk00019,2925,2,0.06837606837606838,33.23008738133011
AD+FTD->FTD,d1,o_max,m019017_o_max_ord22_rk00018,1540,1,0.06493506493506493,33.23008738133011
AD+FTD->FTD,d1,o_max,m026012_o_max_ord29_rk00013,3654,8,0.21893814997263272,33.23008738133011
AD+FTD->FTD,d1,o_max,m026016_o_max_ord29_rk00017,3654,1,0.02736726874657909,33.23008738133011
AD+FTD->FTD,d1,o_max,m027009_o_max_ord30_rk00010,4060,8,0.19704433497536947,33.23008738133011
AD+FTD->FTD,d1,o_max,m026008_o_max_ord29_rk00009,3654,2,0.05473453749315818,33.23008738133011
AD+FTD->FTD,d1,o_max,m027015_o_max_ord30_rk00016,4060,2,0.04926108374384237,33.23008738133011
AD+FTD->FTD,d1,o_max,m023019_o_max_ord26_rk00020,2600,2,0.07692307692307693,33.23008738133011
AD+FTD->FTD,d1,o_max,m023013_o_max_ord26_rk00014,2600,1,0.038461538461538464,33.23008738133011
AD+FTD->FTD,d1,o_max,m024003_o_max_ord27_rk00004,2925,2,0.06837606837606838,33.23008738133011
AD+FTD->FTD,d1,o_max,m023016_o_max_ord26_rk00017,2600,23,0.8846153846153846,33.23008738133011
AD+FTD->FTD,d1,o_max,m023005_o_max_ord26_rk00006,2600,1,0.038461538461538464,33.23008738133011
AD+FTD->FTD,d1,o_min,m072521_o_min_ord28_rk00007,3276,1580,48.22954822954823,33.23008738133011
AD+FTD->FTD,d1,o_min,m062533_o_min_ord18_rk00019,816,428,52.450980392156865,33.23008738133011
AD+FTD->FTD,d1,o_min,m070530_o_min_ord26_rk00016,2600,1283,49.34615384615385,33.23008738133011
AD+FTD->FTD,d1,o_min,m066533_o_min_ord22_rk00019,1540,776,50.38961038961039,33.23008738133011
AD+FTD->FTD,d1,o_min,m064521_o_min_ord20_rk00007,1140,574,50.35087719298246,33.23008738133011
AD+FTD->FTD,d1,o_min,m067522_o_min_ord23_rk00008,1771,873,49.294184076792774,33.23008738133011
AD+FTD->FTD,d1,o_min,m047529_o_min_ord3_rk00015,1,1,100.0,33.23008738133011
AD+FTD->FTD,d1,o_min,m074530_o_min_ord30_rk00016,4060,1875,46.18226600985221,33.23008738133011
AD+FTD->FTD,d1,o_min,m072533_o_min_ord28_rk00019,3276,1581,48.26007326007326,33.23008738133011
AD+FTD->FTD,d1,o_min,m070529_o_min_ord26_rk00015,2600,1272,48.92307692307692,33.23008738133011
AD+FTD->FTD,d1,o_min,m070519_o_min_ord26_rk00005,2600,1282,49.30769230769231,33.23008738133011
AD+FTD->FTD,d1,o_min,m065525_o_min_ord21_rk00011,1330,663,49.849624060150376,33.23008738133011
AD+FTD->FTD,d1,o_min,m047522_o_min_ord3_rk00008,1,1,100.0,33.23008738133011
AD+FTD->FTD,d1,o_min,m074533_o_min_ord30_rk00019,4060,1920,47.29064039408867,33.23008738133011
AD+FTD->FTD,d1,o_min,m070525_o_min_ord26_rk00011,2600,1287,49.5,33.23008738133011
AD+FTD->FTD,d1,o_min,m047530_o_min_ord3_rk00016,1,1,100.0,33.23008738133011
AD+FTD->FTD,d1,o_min,m063525_o_min_ord19_rk00011,969,479,49.43240454076368,33.23008738133011
AD+FTD->FTD,d1,o_min,m048526_o_min_ord4_rk00012,4,2,50.0,33.23008738133011
AD+FTD->FTD,d1,o_min,m063517_o_min_ord19_rk00003,969,486,50.154798761609904,33.23008738133011
AD+FTD->FTD,d1,o_min,m066527_o_min_ord22_rk00013,1540,748,48.57142857142857,33.23008738133011
AD+FTD->FTD,d2,o_max,m021017_o_max_ord24_rk00018,2024,1,0.04940711462450593,33.23008738133011
AD+FTD->FTD,d2,o_max,m020018_o_max_ord23_rk00019,1771,0,0.0,33.23008738133011
AD+FTD->FTD,d2,o_max,m025003_o_max_ord28_rk00004,3276,8,0.2442002442002442,33.23008738133011
AD+FTD->FTD,d2,o_max,m026004_o_max_ord29_rk00005,3654,8,0.21893814997263272,33.23008738133011
AD+FTD->FTD,d2,o_max,m022012_o_max_ord25_rk00013,2300,1,0.043478260869565216,33.23008738133011
AD+FTD->FTD,d2,o_max,m022016_o_max_ord25_rk00017,2300,1,0.043478260869565216,33.23008738133011
AD+FTD->FTD,d2,o_max,m019002_o_max_ord22_rk00003,1540,0,0.0,33.23008738133011
AD+FTD->FTD,d2,o_max,m025014_o_max_ord28_rk00015,3276,8,0.2442002442002442,33.23008738133011
AD+FTD->FTD,d2,o_max,m026015_o_max_ord29_rk00016,3654,8,0.21893814997263272,33.23008738133011
AD+FTD->FTD,d2,o_max,m016017_o_max_ord19_rk00018,969,0,0.0,33.23008738133011
AD+FTD->FTD,d2,o_max,m023018_o_max_ord26_rk00019,2600,1,0.038461538461538464,33.23008738133011
AD+FTD->FTD,d2,o_max,m023016_o_max_ord26_rk00017,2600,23,0.8846153846153846,33.23008738133011
AD+FTD->FTD,d2,o_max,m022004_o_max_ord25_rk00005,2300,1,0.043478260869565216,33.23008738133011
AD+FTD->FTD,d2,o_max,m020003_o_max_ord23_rk00004,1771,0,0.0,33.23008738133011
AD+FTD->FTD,d2,o_max,m019019_o_max_ord22_rk00020,1540,1,0.06493506493506493,33.23008738133011
AD+FTD->FTD,d2,o_max,m021011_o_max_ord24_rk00012,2024,0,0.0,33.23008738133011
AD+FTD->FTD,d2,o_max,m027015_o_max_ord30_rk00016,4060,2,0.04926108374384237,33.23008738133011
AD+FTD->FTD,d2,o_max,m026003_o_max_ord29_rk00004,3654,2,0.05473453749315818,33.23008738133011
AD+FTD->FTD,d2,o_max,m023017_o_max_ord26_rk00018,2600,1,0.038461538461538464,33.23008738133011
AD+FTD->FTD,d2,o_max,m022006_o_max_ord25_rk00007,2300,1,0.043478260869565216,33.23008738133011
AD+FTD->FTD,d2,o_min,m063524_o_min_ord19_rk00010,969,454,46.85242518059856,33.23008738133011
AD+FTD->FTD,d2,o_min,m059522_o_min_ord15_rk00008,455,179,39.34065934065934,33.23008738133011
AD+FTD->FTD,d2,o_min,m072519_o_min_ord28_rk00005,3276,1572,47.985347985347985,33.23008738133011
AD+FTD->FTD,d2,o_min,m074527_o_min_ord30_rk00013,4060,1923,47.364532019704434,33.23008738133011
AD+FTD->FTD,d2,o_min,m057525_o_min_ord13_rk00011,286,99,34.61538461538461,33.23008738133011
AD+FTD->FTD,d2,o_min,m072532_o_min_ord28_rk00018,3276,1536,46.88644688644688,33.23008738133011
AD+FTD->FTD,d2,o_min,m048519_o_min_ord4_rk00005,4,3,75.0,33.23008738133011
AD+FTD->FTD,d2,o_min,m074531_o_min_ord30_rk00017,4060,1901,46.82266009852217,33.23008738133011
AD+FTD->FTD,d2,o_min,m060517_o_min_ord16_rk00003,560,232,41.42857142857143,33.23008738133011
AD+FTD->FTD,d2,o_min,m063530_o_min_ord19_rk00016,969,464,47.884416924664606,33.23008738133011
AD+FTD->FTD,d2,o_min,m054526_o_min_ord10_rk00012,120,46,38.333333333333336,33.23008738133011
AD+FTD->FTD,d2,o_min,m063526_o_min_ord19_rk00012,969,445,45.923632610939116,33.23008738133011
AD+FTD->FTD,d2,o_min,m063519_o_min_ord19_rk00005,969,451,46.542827657378744,33.23008738133011
AD+FTD->FTD,d2,o_min,m056529_o_min_ord12_rk00015,220,71,32.27272727272727,33.23008738133011
AD+FTD->FTD,d2,o_min,m073528_o_min_ord29_rk00014,3654,1774,48.54953475643131,33.23008738133011
AD+FTD->FTD,d2,o_min,m074518_o_min_ord30_rk00004,4060,1927,47.46305418719212,33.23008738133011
AD+FTD->FTD,d2,o_min,m051533_o_min_ord7_rk00019,35,18,51.42857142857143,33.23008738133011
AD+FTD->FTD,d2,o_min,m073519_o_min_ord29_rk00005,3654,1728,47.29064039408867,33.23008738133011
AD+FTD->FTD,d2,o_min,m049521_o_min_ord5_rk00007,10,6,60.0,33.23008738133011
AD+FTD->FTD,d2,o_min,m074521_o_min_ord30_rk00007,4060,1939,47.758620689655174,33.23008738133011
AD+FTD->FTD,d3,o_max,m025003_o_max_ord28_rk00004,3276,8,0.2442002442002442,33.23008738133011
AD+FTD->FTD,d3,o_max,m023018_o_max_ord26_rk00019,2600,1,0.038461538461538464,33.23008738133011
AD+FTD->FTD,d3,o_max,m024010_o_max_ord27_rk00011,2925,1,0.03418803418803419,33.23008738133011
AD+FTD->FTD,d3,o_max,m021002_o_max_ord24_rk00003,2024,1,0.04940711462450593,33.23008738133011
AD+FTD->FTD,d3,o_max,m026003_o_max_ord29_rk00004,3654,2,0.05473453749315818,33.23008738133011
AD+FTD->FTD,d3,o_max,m023012_o_max_ord26_rk00013,2600,15,0.5769230769230769,33.23008738133011
AD+FTD->FTD,d3,o_max,m026012_o_max_ord29_rk00013,3654,8,0.21893814997263272,33.23008738133011
AD+FTD->FTD,d3,o_max,m016014_o_max_ord19_rk00015,969,0,0.0,33.23008738133011
AD+FTD->FTD,d3,o_max,m003014_o_max_ord6_rk00015,20,0,0.0,33.23008738133011
AD+FTD->FTD,d3,o_max,m027011_o_max_ord30_rk00012,4060,22,0.541871921182266,33.23008738133011
AD+FTD->FTD,d3,o_max,m023005_o_max_ord26_rk00006,2600,1,0.038461538461538464,33.23008738133011
AD+FTD->FTD,d3,o_max,m021001_o_max_ord24_rk00002,2024,1,0.04940711462450593,33.23008738133011
AD+FTD->FTD,d3,o_max,m026004_o_max_ord29_rk00005,3654,8,0.21893814997263272,33.23008738133011
AD+FTD->FTD,d3,o_max,m023013_o_max_ord26_rk00014,2600,1,0.038461538461538464,33.23008738133011
AD+FTD->FTD,d3,o_max,m024001_o_max_ord27_rk00002,2925,2,0.06837606837606838,33.23008738133011
AD+FTD->FTD,d3,o_max,m027006_o_max_ord30_rk00007,4060,81,1.9950738916256157,33.23008738133011
AD+FTD->FTD,d3,o_max,m023017_o_max_ord26_rk00018,2600,1,0.038461538461538464,33.23008738133011
AD+FTD->FTD,d3,o_max,m024009_o_max_ord27_rk00010,2925,7,0.23931623931623933,33.23008738133011
AD+FTD->FTD,d3,o_max,m021017_o_max_ord24_rk00018,2024,1,0.04940711462450593,33.23008738133011
AD+FTD->FTD,d3,o_max,m025014_o_max_ord28_rk00015,3276,8,0.2442002442002442,33.23008738133011
AD+FTD->FTD,d3,o_min,m060517_o_min_ord16_rk00003,560,232,41.42857142857143,33.23008738133011
AD+FTD->FTD,d3,o_min,m048518_o_min_ord4_rk00004,4,4,100.0,33.23008738133011
AD+FTD->FTD,d3,o_min,m062519_o_min_ord18_rk00005,816,358,43.872549019607845,33.23008738133011
AD+FTD->FTD,d3,o_min,m062516_o_min_ord18_rk00002,816,382,46.81372549019608,33.23008738133011
AD+FTD->FTD,d3,o_min,m056529_o_min_ord12_rk00015,220,71,32.27272727272727,33.23008738133011
AD+FTD->FTD,d3,o_min,m074531_o_min_ord30_rk00017,4060,1901,46.82266009852217,33.23008738133011
AD+FTD->FTD,d3,o_min,m058528_o_min_ord14_rk00014,364,136,37.362637362637365,33.23008738133011
AD+FTD->FTD,d3,o_min,m048519_o_min_ord4_rk00005,4,3,75.0,33.23008738133011
AD+FTD->FTD,d3,o_min,m074519_o_min_ord30_rk00005,4060,1853,45.64039408866995,33.23008738133011
AD+FTD->FTD,d3,o_min,m064526_o_min_ord20_rk00012,1140,550,48.24561403508772,33.23008738133011
AD+FTD->FTD,d3,o_min,m048525_o_min_ord4_rk00011,4,4,100.0,33.23008738133011
AD+FTD->FTD,d3,o_min,m069522_o_min_ord25_rk00008,2300,1117,48.56521739130435,33.23008738133011
AD+FTD->FTD,d3,o_min,m058526_o_min_ord14_rk00012,364,136,37.362637362637365,33.23008738133011
AD+FTD->FTD,d3,o_min,m068526_o_min_ord24_rk00012,2024,994,49.11067193675889,33.23008738133011
AD+FTD->FTD,d3,o_min,m067531_o_min_ord23_rk00017,1771,882,49.80237154150198,33.23008738133011
AD+FTD->FTD,d3,o_min,m066533_o_min_ord22_rk00019,1540,776,50.38961038961039,33.23008738133011
AD+FTD->FTD,d3,o_min,m054526_o_min_ord10_rk00012,120,46,38.333333333333336,33.23008738133011
AD+FTD->FTD,d3,o_min,m063530_o_min_ord19_rk00016,969,464,47.884416924664606,33.23008738133011
AD+FTD->FTD,d3,o_min,m070530_o_min_ord26_rk00016,2600,1283,49.34615384615385,33.23008738133011
AD+FTD->FTD,d3,o_min,m074518_o_min_ord30_rk00004,4060,1927,47.46305418719212,33.23008738133011
