condition,model_level,objective,candidate_id,r2,baseline_r2
Pooled,OLS,o_max,m000015_o_max_ord3_rk00016,0.431220000494668,0.4356486069738752
Pooled,OLS,o_max,m000002_o_max_ord3_rk00003,0.426784513282653,0.4356486069738752
Pooled,OLS,o_max,m000006_o_max_ord3_rk00007,0.4263328863226924,0.4356486069738752
Pooled,OLS,o_max,m000003_o_max_ord3_rk00004,0.4249093545124668,0.4356486069738752
Pooled,OLS,o_max,m000014_o_max_ord3_rk00015,0.4244838675238811,0.4356486069738752
Pooled,OLS,o_max,m002016_o_max_ord5_rk00017,0.4232675947632867,0.4356486069738752
Pooled,OLS,o_max,m000011_o_max_ord3_rk00012,0.4232546941719053,0.4356486069738752
Pooled,OLS,o_max,m001014_o_max_ord4_rk00015,0.4222710436319469,0.4356486069738752
Pooled,OLS,o_max,m000000_o_max_ord3_rk00001,0.4214235609181253,0.4356486069738752
Pooled,OLS,o_max,m001016_o_max_ord4_rk00017,0.42102367197563884,0.4356486069738752
Pooled,OLS,o_max,m001003_o_max_ord4_rk00004,0.42075041501548305,0.4356486069738752
Pooled,OLS,o_max,m000018_o_max_ord3_rk00019,0.4203856182638571,0.4356486069738752
Pooled,OLS,o_max,m000004_o_max_ord3_rk00005,0.4195995628600456,0.4356486069738752
Pooled,OLS,o_max,m000019_o_max_ord3_rk00020,0.41939867826233956,0.4356486069738752
Pooled,OLS,o_max,m000017_o_max_ord3_rk00018,0.41913532444040313,0.4356486069738752
Pooled,OLS,o_max,m000012_o_max_ord3_rk00013,0.4183791868301434,0.4356486069738752
Pooled,OLS,o_max,m000008_o_max_ord3_rk00009,0.41768956530859125,0.4356486069738752
Pooled,OLS,o_max,m000010_o_max_ord3_rk00011,0.4174036466274874,0.4356486069738752
Pooled,OLS,o_max,m001000_o_max_ord4_rk00001,0.4171703375261695,0.4356486069738752
Pooled,OLS,o_max,m000007_o_max_ord3_rk00008,0.4154525484413155,0.4356486069738752
Pooled,OLS,o_min,m050526_o_min_ord6_rk00012,0.43299704937131556,0.4356486069738752
Pooled,OLS,o_min,m049528_o_min_ord5_rk00014,0.42853578482823185,0.4356486069738752
Pooled,OLS,o_min,m050523_o_min_ord6_rk00009,0.42684245887230765,0.4356486069738752
Pooled,OLS,o_min,m047524_o_min_ord3_rk00010,0.42577750235083234,0.4356486069738752
Pooled,OLS,o_min,m047533_o_min_ord3_rk00019,0.42400446194939556,0.4356486069738752
Pooled,OLS,o_min,m049518_o_min_ord5_rk00004,0.4228587132548228,0.4356486069738752
Pooled,OLS,o_min,m049523_o_min_ord5_rk00009,0.42258545200006836,0.4356486069738752
Pooled,OLS,o_min,m049522_o_min_ord5_rk00008,0.4222779790906802,0.4356486069738752
Pooled,OLS,o_min,m047522_o_min_ord3_rk00008,0.4195443484437015,0.4356486069738752
Pooled,OLS,o_min,m048515_o_min_ord4_rk00001,0.41745488545040876,0.4356486069738752
Pooled,OLS,o_min,m047527_o_min_ord3_rk00013,0.41158227651343304,0.4356486069738752
Pooled,OLS,o_min,m047518_o_min_ord3_rk00004,0.410760524010335,0.4356486069738752
Pooled,OLS,o_min,m047516_o_min_ord3_rk00002,0.4106726688061638,0.4356486069738752
Pooled,OLS,o_min,m047521_o_min_ord3_rk00007,0.41050179809196485,0.4356486069738752
Pooled,OLS,o_min,m051534_o_min_ord7_rk00020,0.40302798533010975,0.4356486069738752
Pooled,OLS,o_min,m049519_o_min_ord5_rk00005,0.4027736553376964,0.4356486069738752
Pooled,OLS,o_min,m047523_o_min_ord3_rk00009,0.4020565276625464,0.4356486069738752
Pooled,OLS,o_min,m047534_o_min_ord3_rk00020,0.401947574338547,0.4356486069738752
Pooled,OLS,o_min,m047525_o_min_ord3_rk00011,0.3989759669384668,0.4356486069738752
Pooled,OLS,o_min,m050520_o_min_ord6_rk00006,0.3960377129238678,0.4356486069738752
Pooled,d1,o_max,m003016_o_max_ord6_rk00017,0.4377678441476358,0.4296994627244175
Pooled,d1,o_max,m006005_o_max_ord9_rk00006,0.4353223191612994,0.4296994627244175
Pooled,d1,o_max,m001000_o_max_ord4_rk00001,0.4352311888659116,0.4296994627244175
Pooled,d1,o_max,m001006_o_max_ord4_rk00007,0.43513435991431515,0.4296994627244175
Pooled,d1,o_max,m002011_o_max_ord5_rk00012,0.43502770600688456,0.4296994627244175
Pooled,d1,o_max,m000002_o_max_ord3_rk00003,0.4344376371530455,0.4296994627244175
Pooled,d1,o_max,m000011_o_max_ord3_rk00012,0.4343897068718896,0.4296994627244175
Pooled,d1,o_max,m000000_o_max_ord3_rk00001,0.43429885810945545,0.4296994627244175
Pooled,d1,o_max,m003009_o_max_ord6_rk00010,0.43419675228225785,0.4296994627244175
Pooled,d1,o_max,m005004_o_max_ord8_rk00005,0.4341490200499559,0.4296994627244175
Pooled,d1,o_max,m001002_o_max_ord4_rk00003,0.4340015818604117,0.4296994627244175
Pooled,d1,o_max,m004008_o_max_ord7_rk00009,0.4339945104968499,0.4296994627244175
Pooled,d1,o_max,m001008_o_max_ord4_rk00009,0.43382291193644373,0.4296994627244175
Pooled,d1,o_max,m005001_o_max_ord8_rk00002,0.43372216616863746,0.4296994627244175
Pooled,d1,o_max,m013012_o_max_ord16_rk00013,0.4336635492107579,0.4296994627244175
Pooled,d1,o_max,m005014_o_max_ord8_rk00015,0.4333470690519222,0.4296994627244175
Pooled,d1,o_max,m000017_o_max_ord3_rk00018,0.4333058289692078,0.4296994627244175
Pooled,d1,o_max,m000018_o_max_ord3_rk00019,0.433223800908617,0.4296994627244175
Pooled,d1,o_max,m001013_o_max_ord4_rk00014,0.43309948444648505,0.4296994627244175
Pooled,d1,o_max,m016007_o_max_ord19_rk00008,0.4330933504154364,0.4296994627244175
Pooled,d1,o_min,m049526_o_min_ord5_rk00012,0.4414669738504089,0.4296994627244175
Pooled,d1,o_min,m051516_o_min_ord7_rk00002,0.43811524361035603,0.4296994627244175
Pooled,d1,o_min,m050525_o_min_ord6_rk00011,0.43803117453162865,0.4296994627244175
Pooled,d1,o_min,m050526_o_min_ord6_rk00012,0.43482581193023917,0.4296994627244175
Pooled,d1,o_min,m050520_o_min_ord6_rk00006,0.4346690806229796,0.4296994627244175
Pooled,d1,o_min,m052525_o_min_ord8_rk00011,0.43349647164604466,0.4296994627244175
Pooled,d1,o_min,m050522_o_min_ord6_rk00008,0.432789170220915,0.4296994627244175
Pooled,d1,o_min,m061519_o_min_ord17_rk00005,0.43267062862863137,0.4296994627244175
Pooled,d1,o_min,m057531_o_min_ord13_rk00017,0.4326404283104939,0.4296994627244175
Pooled,d1,o_min,m050519_o_min_ord6_rk00005,0.4326260250977525,0.4296994627244175
Pooled,d1,o_min,m051519_o_min_ord7_rk00005,0.43258575511822306,0.4296994627244175
Pooled,d1,o_min,m057525_o_min_ord13_rk00011,0.4325021651118035,0.4296994627244175
Pooled,d1,o_min,m056529_o_min_ord12_rk00015,0.4323934780374914,0.4296994627244175
Pooled,d1,o_min,m051533_o_min_ord7_rk00019,0.43178852281377456,0.4296994627244175
Pooled,d1,o_min,m061526_o_min_ord17_rk00012,0.43128020552275703,0.4296994627244175
Pooled,d1,o_min,m050533_o_min_ord6_rk00019,0.43107192976420683,0.4296994627244175
Pooled,d1,o_min,m061522_o_min_ord17_rk00008,0.4310565267169387,0.4296994627244175
Pooled,d1,o_min,m048526_o_min_ord4_rk00012,0.4310040797646717,0.4296994627244175
Pooled,d1,o_min,m060518_o_min_ord16_rk00004,0.4307995364883377,0.4296994627244175
Pooled,d1,o_min,m047528_o_min_ord3_rk00014,0.43062544518565715,0.4296994627244175
Pooled,d2,o_max,m023016_o_max_ord26_rk00017,0.46368513696835667,0.4026369100629933
Pooled,d2,o_max,m025009_o_max_ord28_rk00010,0.45776565927041246,0.4026369100629933
Pooled,d2,o_max,m025004_o_max_ord28_rk00005,0.4558286848674301,0.4026369100629933
Pooled,d2,o_max,m026009_o_max_ord29_rk00010,0.453615396784496,0.4026369100629933
Pooled,d2,o_max,m020018_o_max_ord23_rk00019,0.45348790377173576,0.4026369100629933
Pooled,d2,o_max,m024018_o_max_ord27_rk00019,0.45318075731886687,0.4026369100629933
Pooled,d2,o_max,m025010_o_max_ord28_rk00011,0.4527788709643278,0.4026369100629933
Pooled,d2,o_max,m024010_o_max_ord27_rk00011,0.4523397436323533,0.4026369100629933
Pooled,d2,o_max,m021002_o_max_ord24_rk00003,0.45031348517493175,0.4026369100629933
Pooled,d2,o_max,m024019_o_max_ord27_rk00020,0.45018590140111425,0.4026369100629933
Pooled,d2,o_max,m023011_o_max_ord26_rk00012,0.44985588407324206,0.4026369100629933
Pooled,d2,o_max,m020001_o_max_ord23_rk00002,0.4497275075696505,0.4026369100629933
Pooled,d2,o_max,m025014_o_max_ord28_rk00015,0.4489835673202598,0.4026369100629933
Pooled,d2,o_max,m023017_o_max_ord26_rk00018,0.4487554524820567,0.4026369100629933
Pooled,d2,o_max,m022007_o_max_ord25_rk00008,0.44767881760592965,0.4026369100629933
Pooled,d2,o_max,m024014_o_max_ord27_rk00015,0.44766134088853893,0.4026369100629933
Pooled,d2,o_max,m024017_o_max_ord27_rk00018,0.4476114619616124,0.4026369100629933
Pooled,d2,o_max,m023004_o_max_ord26_rk00005,0.4471716342287465,0.4026369100629933
Pooled,d2,o_max,m023013_o_max_ord26_rk00014,0.4470519302177818,0.4026369100629933
Pooled,d2,o_max,m024003_o_max_ord27_rk00004,0.44675154953524454,0.4026369100629933
Pooled,d2,o_min,m068532_o_min_ord24_rk00018,0.4576215781089341,0.4026369100629933
Pooled,d2,o_min,m065526_o_min_ord21_rk00012,0.45680772778685375,0.4026369100629933
Pooled,d2,o_min,m065529_o_min_ord21_rk00015,0.4553570795821732,0.4026369100629933
Pooled,d2,o_min,m067515_o_min_ord23_rk00001,0.45332159077639955,0.4026369100629933
Pooled,d2,o_min,m057518_o_min_ord13_rk00004,0.45313480802202655,0.4026369100629933
Pooled,d2,o_min,m067519_o_min_ord23_rk00005,0.4525558863919463,0.4026369100629933
Pooled,d2,o_min,m062528_o_min_ord18_rk00014,0.45198182768972883,0.4026369100629933
Pooled,d2,o_min,m067524_o_min_ord23_rk00010,0.45162508537477275,0.4026369100629933
Pooled,d2,o_min,m067526_o_min_ord23_rk00012,0.450662969730926,0.4026369100629933
Pooled,d2,o_min,m067533_o_min_ord23_rk00019,0.4504031474623138,0.4026369100629933
Pooled,d2,o_min,m066525_o_min_ord22_rk00011,0.4501820224719816,0.4026369100629933
Pooled,d2,o_min,m066534_o_min_ord22_rk00020,0.450112674674229,0.4026369100629933
Pooled,d2,o_min,m067516_o_min_ord23_rk00002,0.4500423796137053,0.4026369100629933
Pooled,d2,o_min,m068529_o_min_ord24_rk00015,0.4499619621043148,0.4026369100629933
Pooled,d2,o_min,m071526_o_min_ord27_rk00012,0.4498849232672447,0.4026369100629933
Pooled,d2,o_min,m068518_o_min_ord24_rk00004,0.4496450308837494,0.4026369100629933
Pooled,d2,o_min,m047516_o_min_ord3_rk00002,0.44949704572189575,0.4026369100629933
Pooled,d2,o_min,m069520_o_min_ord25_rk00006,0.4494941405053263,0.4026369100629933
Pooled,d2,o_min,m062533_o_min_ord18_rk00019,0.4493794252842337,0.4026369100629933
Pooled,d2,o_min,m051523_o_min_ord7_rk00009,0.44934319499683617,0.4026369100629933
Pooled,d3,o_max,m023016_o_max_ord26_rk00017,0.46835437280591896,0.44412019179998563
Pooled,d3,o_max,m023011_o_max_ord26_rk00012,0.465622613461008,0.44412019179998563
Pooled,d3,o_max,m024011_o_max_ord27_rk00012,0.46319929872946575,0.44412019179998563
Pooled,d3,o_max,m003016_o_max_ord6_rk00017,0.46298852444653327,0.44412019179998563
Pooled,d3,o_max,m024017_o_max_ord27_rk00018,0.46190738442924717,0.44412019179998563
Pooled,d3,o_max,m003009_o_max_ord6_rk00010,0.4605807529391929,0.44412019179998563
Pooled,d3,o_max,m003013_o_max_ord6_rk00014,0.46056029859704384,0.44412019179998563
Pooled,d3,o_max,m004014_o_max_ord7_rk00015,0.4600010660233138,0.44412019179998563
Pooled,d3,o_max,m022015_o_max_ord25_rk00016,0.45934137061822766,0.44412019179998563
Pooled,d3,o_max,m002011_o_max_ord5_rk00012,0.45855821097279303,0.44412019179998563
Pooled,d3,o_max,m003018_o_max_ord6_rk00019,0.45854830584348616,0.44412019179998563
Pooled,d3,o_max,m002000_o_max_ord5_rk00001,0.45827034747003315,0.44412019179998563
Pooled,d3,o_max,m003011_o_max_ord6_rk00012,0.45824140963153703,0.44412019179998563
Pooled,d3,o_max,m002001_o_max_ord5_rk00002,0.4581174671192708,0.44412019179998563
Pooled,d3,o_max,m027000_o_max_ord30_rk00001,0.45802411510018926,0.44412019179998563
Pooled,d3,o_max,m000008_o_max_ord3_rk00009,0.4578654937783011,0.44412019179998563
Pooled,d3,o_max,m002013_o_max_ord5_rk00014,0.45768562381649636,0.44412019179998563
Pooled,d3,o_max,m002005_o_max_ord5_rk00006,0.45707588072923366,0.44412019179998563
Pooled,d3,o_max,m002002_o_max_ord5_rk00003,0.45669508218617616,0.44412019179998563
Pooled,d3,o_max,m003001_o_max_ord6_rk00002,0.4566786516416549,0.44412019179998563
Pooled,d3,o_min,m070525_o_min_ord26_rk00011,0.47906894550828594,0.44412019179998563
Pooled,d3,o_min,m070530_o_min_ord26_rk00016,0.47599080275426653,0.44412019179998563
Pooled,d3,o_min,m070529_o_min_ord26_rk00015,0.47399802218251863,0.44412019179998563
Pooled,d3,o_min,m070519_o_min_ord26_rk00005,0.46820371902562774,0.44412019179998563
Pooled,d3,o_min,m049528_o_min_ord5_rk00014,0.46762988264523697,0.44412019179998563
Pooled,d3,o_min,m051533_o_min_ord7_rk00019,0.46653715688393727,0.44412019179998563
Pooled,d3,o_min,m070523_o_min_ord26_rk00009,0.4660085917643919,0.44412019179998563
Pooled,d3,o_min,m070527_o_min_ord26_rk00013,0.4654703677754852,0.44412019179998563
Pooled,d3,o_min,m070517_o_min_ord26_rk00003,0.46527111983378533,0.44412019179998563
Pooled,d3,o_min,m069525_o_min_ord25_rk00011,0.4650145908120664,0.44412019179998563
Pooled,d3,o_min,m047521_o_min_ord3_rk00007,0.4643457454344351,0.44412019179998563
Pooled,d3,o_min,m070521_o_min_ord26_rk00007,0.4634519489302974,0.44412019179998563
Pooled,d3,o_min,m070515_o_min_ord26_rk00001,0.46325708591438675,0.44412019179998563
Pooled,d3,o_min,m070534_o_min_ord26_rk00020,0.4629946305274978,0.44412019179998563
Pooled,d3,o_min,m070516_o_min_ord26_rk00002,0.46243390490364544,0.44412019179998563
Pooled,d3,o_min,m069527_o_min_ord25_rk00013,0.46239524148296196,0.44412019179998563
Pooled,d3,o_min,m065526_o_min_ord21_rk00012,0.46205840544844423,0.44412019179998563
Pooled,d3,o_min,m069523_o_min_ord25_rk00009,0.46193594576110697,0.44412019179998563
Pooled,d3,o_min,m070520_o_min_ord26_rk00006,0.4618961247402884,0.44412019179998563
Pooled,d3,o_min,m069516_o_min_ord25_rk00002,0.46168678772938276,0.44412019179998563
CN->CN,OLS,o_max,m008018_o_max_ord11_rk00019,0.4526358328569676,0.436846775656364
CN->CN,OLS,o_max,m005005_o_max_ord8_rk00006,0.451726505543,0.436846775656364
CN->CN,OLS,o_max,m005016_o_max_ord8_rk00017,0.4511396703598757,0.436846775656364
CN->CN,OLS,o_max,m007017_o_max_ord10_rk00018,0.4479909346862656,0.436846775656364
CN->CN,OLS,o_max,m013013_o_max_ord16_rk00014,0.4461826889638456,0.436846775656364
CN->CN,OLS,o_max,m006012_o_max_ord9_rk00013,0.4458299532326444,0.436846775656364
CN->CN,OLS,o_max,m006006_o_max_ord9_rk00007,0.4443987481321412,0.436846775656364
CN->CN,OLS,o_max,m003013_o_max_ord6_rk00014,0.4427818812565767,0.436846775656364
CN->CN,OLS,o_max,m005008_o_max_ord8_rk00009,0.4412951724672211,0.436846775656364
CN->CN,OLS,o_max,m008016_o_max_ord11_rk00017,0.4402423007664976,0.436846775656364
CN->CN,OLS,o_max,m008014_o_max_ord11_rk00015,0.4398118361221532,0.436846775656364
CN->CN,OLS,o_max,m000000_o_max_ord3_rk00001,0.4396123484900923,0.436846775656364
CN->CN,OLS,o_max,m000011_o_max_ord3_rk00012,0.4392219309933197,0.436846775656364
CN->CN,OLS,o_max,m000019_o_max_ord3_rk00020,0.4389263066844882,0.436846775656364
CN->CN,OLS,o_max,m013016_o_max_ord16_rk00017,0.4383556936599565,0.436846775656364
CN->CN,OLS,o_max,m001002_o_max_ord4_rk00003,0.4378556139872661,0.436846775656364
CN->CN,OLS,o_max,m005001_o_max_ord8_rk00002,0.4376860828983234,0.436846775656364
CN->CN,OLS,o_max,m007019_o_max_ord10_rk00020,0.4370586649584238,0.436846775656364
CN->CN,OLS,o_max,m008005_o_max_ord11_rk00006,0.4368044693147025,0.436846775656364
CN->CN,OLS,o_max,m009016_o_max_ord12_rk00017,0.4362612535891333,0.436846775656364
CN->CN,OLS,o_min,m060533_o_min_ord16_rk00019,0.4579779314484076,0.436846775656364
CN->CN,OLS,o_min,m060520_o_min_ord16_rk00006,0.4448044578950222,0.436846775656364
CN->CN,OLS,o_min,m051525_o_min_ord7_rk00011,0.4385163865911838,0.436846775656364
CN->CN,OLS,o_min,m049518_o_min_ord5_rk00004,0.4338262275478105,0.436846775656364
CN->CN,OLS,o_min,m053527_o_min_ord9_rk00013,0.4333697842282464,0.436846775656364
CN->CN,OLS,o_min,m051533_o_min_ord7_rk00019,0.4330622341354605,0.436846775656364
CN->CN,OLS,o_min,m051529_o_min_ord7_rk00015,0.4329774950119193,0.436846775656364
CN->CN,OLS,o_min,m053529_o_min_ord9_rk00015,0.4326792254188896,0.436846775656364
CN->CN,OLS,o_min,m047520_o_min_ord3_rk00006,0.4323593257744804,0.436846775656364
CN->CN,OLS,o_min,m053533_o_min_ord9_rk00019,0.4318604227309134,0.436846775656364
CN->CN,OLS,o_min,m049522_o_min_ord5_rk00008,0.4317692715112725,0.436846775656364
CN->CN,OLS,o_min,m047517_o_min_ord3_rk00003,0.4317551776498558,0.436846775656364
CN->CN,OLS,o_min,m066531_o_min_ord22_rk00017,0.4314451523528827,0.436846775656364
CN->CN,OLS,o_min,m049525_o_min_ord5_rk00011,0.4310659488653486,0.436846775656364
CN->CN,OLS,o_min,m050519_o_min_ord6_rk00005,0.430669105334626,0.436846775656364
CN->CN,OLS,o_min,m047524_o_min_ord3_rk00010,0.4303887835701296,0.436846775656364
CN->CN,OLS,o_min,m049519_o_min_ord5_rk00005,0.4302701469255588,0.436846775656364
CN->CN,OLS,o_min,m067520_o_min_ord23_rk00006,0.4299320039668129,0.436846775656364
CN->CN,OLS,o_min,m047525_o_min_ord3_rk00011,0.4298399976993717,0.436846775656364
CN->CN,OLS,o_min,m047533_o_min_ord3_rk00019,0.4294839872919086,0.436846775656364
CN->CN,d1,o_max,m000003_o_max_ord3_rk00004,0.4393450544178957,0.4203703523189125
CN->CN,d1,o_max,m000013_o_max_ord3_rk00014,0.4349150246603708,0.4203703523189125
CN->CN,d1,o_max,m001018_o_max_ord4_rk00019,0.4332917664527776,0.4203703523189125
CN->CN,d1,o_max,m000001_o_max_ord3_rk00002,0.4324996004666199,0.4203703523189125
CN->CN,d1,o_max,m000012_o_max_ord3_rk00013,0.4323826014115232,0.4203703523189125
CN->CN,d1,o_max,m001016_o_max_ord4_rk00017,0.4311166771215362,0.4203703523189125
CN->CN,d1,o_max,m001004_o_max_ord4_rk00005,0.4294754849601094,0.4203703523189125
CN->CN,d1,o_max,m005004_o_max_ord8_rk00005,0.4281315094514264,0.4203703523189125
CN->CN,d1,o_max,m027019_o_max_ord30_rk00020,0.4273233455956449,0.4203703523189125
CN->CN,d1,o_max,m000015_o_max_ord3_rk00016,0.4269624238858803,0.4203703523189125
CN->CN,d1,o_max,m005014_o_max_ord8_rk00015,0.4264405902753211,0.4203703523189125
CN->CN,d1,o_max,m024010_o_max_ord27_rk00011,0.4259010199489251,0.4203703523189125
CN->CN,d1,o_max,m026019_o_max_ord29_rk00020,0.4258563458662296,0.4203703523189125
CN->CN,d1,o_max,m022011_o_max_ord25_rk00012,0.4257758848959193,0.4203703523189125
CN->CN,d1,o_max,m025017_o_max_ord28_rk00018,0.4255997422688207,0.4203703523189125
CN->CN,d1,o_max,m001006_o_max_ord4_rk00007,0.4254469388860592,0.4203703523189125
CN->CN,d1,o_max,m024013_o_max_ord27_rk00014,0.4253583815320858,0.4203703523189125
CN->CN,d1,o_max,m003018_o_max_ord6_rk00019,0.4250502557748554,0.4203703523189125
CN->CN,d1,o_max,m022003_o_max_ord25_rk00004,0.4248957669098013,0.4203703523189125
CN->CN,d1,o_max,m001014_o_max_ord4_rk00015,0.4248755869018387,0.4203703523189125
CN->CN,d1,o_min,m059521_o_min_ord15_rk00007,0.4455121839127179,0.4203703523189125
CN->CN,d1,o_min,m060530_o_min_ord16_rk00016,0.442561252286903,0.4203703523189125
CN->CN,d1,o_min,m059526_o_min_ord15_rk00012,0.4423872946825349,0.4203703523189125
CN->CN,d1,o_min,m059534_o_min_ord15_rk00020,0.4417178226551027,0.4203703523189125
CN->CN,d1,o_min,m065533_o_min_ord21_rk00019,0.4417114847975896,0.4203703523189125
CN->CN,d1,o_min,m060524_o_min_ord16_rk00010,0.4415658136045701,0.4203703523189125
CN->CN,d1,o_min,m060515_o_min_ord16_rk00001,0.4415540304595142,0.4203703523189125
CN->CN,d1,o_min,m059527_o_min_ord15_rk00013,0.4413526339599505,0.4203703523189125
CN->CN,d1,o_min,m059523_o_min_ord15_rk00009,0.4406926304007764,0.4203703523189125
CN->CN,d1,o_min,m060527_o_min_ord16_rk00013,0.4406270206752338,0.4203703523189125
CN->CN,d1,o_min,m058528_o_min_ord14_rk00014,0.4405524486845376,0.4203703523189125
CN->CN,d1,o_min,m058527_o_min_ord14_rk00013,0.4394179047152536,0.4203703523189125
CN->CN,d1,o_min,m059518_o_min_ord15_rk00004,0.4393026412040375,0.4203703523189125
CN->CN,d1,o_min,m059516_o_min_ord15_rk00002,0.4391373311588327,0.4203703523189125
CN->CN,d1,o_min,m060519_o_min_ord16_rk00005,0.4390963072176532,0.4203703523189125
CN->CN,d1,o_min,m060522_o_min_ord16_rk00008,0.4390863756612791,0.4203703523189125
CN->CN,d1,o_min,m065522_o_min_ord21_rk00008,0.4388892661030842,0.4203703523189125
CN->CN,d1,o_min,m060516_o_min_ord16_rk00002,0.4387791689197643,0.4203703523189125
CN->CN,d1,o_min,m050534_o_min_ord6_rk00020,0.4383234850641412,0.4203703523189125
CN->CN,d1,o_min,m059522_o_min_ord15_rk00008,0.4383213024991603,0.4203703523189125
CN->CN,d2,o_max,m021018_o_max_ord24_rk00019,0.4360851020299965,0.4151294876877847
CN->CN,d2,o_max,m021013_o_max_ord24_rk00014,0.4343360523799298,0.4151294876877847
CN->CN,d2,o_max,m021003_o_max_ord24_rk00004,0.4297289665716467,0.4151294876877847
CN->CN,d2,o_max,m024001_o_max_ord27_rk00002,0.4278740040719433,0.4151294876877847
CN->CN,d2,o_max,m022017_o_max_ord25_rk00018,0.4277499834600615,0.4151294876877847
CN->CN,d2,o_max,m023016_o_max_ord26_rk00017,0.4274499386906587,0.4151294876877847
CN->CN,d2,o_max,m024010_o_max_ord27_rk00011,0.4263359976595462,0.4151294876877847
CN->CN,d2,o_max,m020014_o_max_ord23_rk00015,0.4256783710527789,0.4151294876877847
CN->CN,d2,o_max,m001004_o_max_ord4_rk00005,0.4254719276843477,0.4151294876877847
CN->CN,d2,o_max,m027008_o_max_ord30_rk00009,0.4254017259925159,0.4151294876877847
CN->CN,d2,o_max,m026017_o_max_ord29_rk00018,0.4252450554981019,0.4151294876877847
CN->CN,d2,o_max,m025003_o_max_ord28_rk00004,0.4245568783107927,0.4151294876877847
CN->CN,d2,o_max,m025007_o_max_ord28_rk00008,0.4240975531519166,0.4151294876877847
CN->CN,d2,o_max,m000013_o_max_ord3_rk00014,0.4212477553879715,0.4151294876877847
CN->CN,d2,o_max,m027019_o_max_ord30_rk00020,0.4209268435551317,0.4151294876877847
CN->CN,d2,o_max,m022011_o_max_ord25_rk00012,0.4209180686498767,0.4151294876877847
CN->CN,d2,o_max,m003016_o_max_ord6_rk00017,0.4204949334645749,0.4151294876877847
CN->CN,d2,o_max,m024017_o_max_ord27_rk00018,0.4204562885087917,0.4151294876877847
CN->CN,d2,o_max,m001008_o_max_ord4_rk00009,0.4191145539793871,0.4151294876877847
CN->CN,d2,o_max,m023004_o_max_ord26_rk00005,0.418398479174824,0.4151294876877847
CN->CN,d2,o_min,m050526_o_min_ord6_rk00012,0.454184932025766,0.4151294876877847
CN->CN,d2,o_min,m050523_o_min_ord6_rk00009,0.4523959700856653,0.4151294876877847
CN->CN,d2,o_min,m070524_o_min_ord26_rk00010,0.4484091580328393,0.4151294876877847
CN->CN,d2,o_min,m072525_o_min_ord28_rk00011,0.4479707104380651,0.4151294876877847
CN->CN,d2,o_min,m072533_o_min_ord28_rk00019,0.4479259613636154,0.4151294876877847
CN->CN,d2,o_min,m071531_o_min_ord27_rk00017,0.4479186739658005,0.4151294876877847
CN->CN,d2,o_min,m047516_o_min_ord3_rk00002,0.4477143334858291,0.4151294876877847
CN->CN,d2,o_min,m070521_o_min_ord26_rk00007,0.447610828123514,0.4151294876877847
CN->CN,d2,o_min,m070528_o_min_ord26_rk00014,0.447429436950677,0.4151294876877847
CN->CN,d2,o_min,m064523_o_min_ord20_rk00009,0.4473796865011057,0.4151294876877847
CN->CN,d2,o_min,m049523_o_min_ord5_rk00009,0.4471855777929,0.4151294876877847
CN->CN,d2,o_min,m062529_o_min_ord18_rk00015,0.4467563666341749,0.4151294876877847
CN->CN,d2,o_min,m073531_o_min_ord29_rk00017,0.446737211726386,0.4151294876877847
CN->CN,d2,o_min,m068515_o_min_ord24_rk00001,0.4463047340911874,0.4151294876877847
CN->CN,d2,o_min,m052516_o_min_ord8_rk00002,0.4462486911105366,0.4151294876877847
CN->CN,d2,o_min,m072517_o_min_ord28_rk00003,0.4460738408721818,0.4151294876877847
CN->CN,d2,o_min,m071519_o_min_ord27_rk00005,0.4459513601809759,0.4151294876877847
CN->CN,d2,o_min,m072531_o_min_ord28_rk00017,0.4457302809541246,0.4151294876877847
CN->CN,d2,o_min,m052527_o_min_ord8_rk00013,0.445710798620342,0.4151294876877847
CN->CN,d2,o_min,m063532_o_min_ord19_rk00018,0.4455431771349183,0.4151294876877847
CN->CN,d3,o_max,m002006_o_max_ord5_rk00007,0.4417140820731131,0.4306775257058849
CN->CN,d3,o_max,m023016_o_max_ord26_rk00017,0.4411899857336228,0.4306775257058849
CN->CN,d3,o_max,m001011_o_max_ord4_rk00012,0.4394854650626739,0.4306775257058849
CN->CN,d3,o_max,m002011_o_max_ord5_rk00012,0.4394423822145877,0.4306775257058849
CN->CN,d3,o_max,m002000_o_max_ord5_rk00001,0.438018922071189,0.4306775257058849
CN->CN,d3,o_max,m003016_o_max_ord6_rk00017,0.4379240482351797,0.4306775257058849
CN->CN,d3,o_max,m001002_o_max_ord4_rk00003,0.4372030898150748,0.4306775257058849
CN->CN,d3,o_max,m001009_o_max_ord4_rk00010,0.4363206140139773,0.4306775257058849
CN->CN,d3,o_max,m002001_o_max_ord5_rk00002,0.4358123298738007,0.4306775257058849
CN->CN,d3,o_max,m002007_o_max_ord5_rk00008,0.4350731328780399,0.4306775257058849
CN->CN,d3,o_max,m024009_o_max_ord27_rk00010,0.4349595208923065,0.4306775257058849
CN->CN,d3,o_max,m024006_o_max_ord27_rk00007,0.4348337110749261,0.4306775257058849
CN->CN,d3,o_max,m023017_o_max_ord26_rk00018,0.4346454748931684,0.4306775257058849
CN->CN,d3,o_max,m000017_o_max_ord3_rk00018,0.434201476752349,0.4306775257058849
CN->CN,d3,o_max,m003010_o_max_ord6_rk00011,0.4341095163879672,0.4306775257058849
CN->CN,d3,o_max,m000011_o_max_ord3_rk00012,0.4341008469954825,0.4306775257058849
CN->CN,d3,o_max,m002002_o_max_ord5_rk00003,0.4335557650853726,0.4306775257058849
CN->CN,d3,o_max,m003009_o_max_ord6_rk00010,0.4334434551800162,0.4306775257058849
CN->CN,d3,o_max,m020014_o_max_ord23_rk00015,0.433400623848552,0.4306775257058849
CN->CN,d3,o_max,m003005_o_max_ord6_rk00006,0.4332046546253579,0.4306775257058849
CN->CN,d3,o_min,m071519_o_min_ord27_rk00005,0.4626141330480209,0.4306775257058849
CN->CN,d3,o_min,m068529_o_min_ord24_rk00015,0.461661023842546,0.4306775257058849
CN->CN,d3,o_min,m068533_o_min_ord24_rk00019,0.4600332612682383,0.4306775257058849
CN->CN,d3,o_min,m063532_o_min_ord19_rk00018,0.4594409619830157,0.4306775257058849
CN->CN,d3,o_min,m071516_o_min_ord27_rk00002,0.4594008706013227,0.4306775257058849
CN->CN,d3,o_min,m071520_o_min_ord27_rk00006,0.4593595964079278,0.4306775257058849
CN->CN,d3,o_min,m071528_o_min_ord27_rk00014,0.4591739839114508,0.4306775257058849
CN->CN,d3,o_min,m068517_o_min_ord24_rk00003,0.4580266139443518,0.4306775257058849
CN->CN,d3,o_min,m071533_o_min_ord27_rk00019,0.4572473265979924,0.4306775257058849
CN->CN,d3,o_min,m071517_o_min_ord27_rk00003,0.456399255098289,0.4306775257058849
CN->CN,d3,o_min,m068519_o_min_ord24_rk00005,0.4557770915449322,0.4306775257058849
CN->CN,d3,o_min,m068528_o_min_ord24_rk00014,0.4552545924855069,0.4306775257058849
CN->CN,d3,o_min,m071525_o_min_ord27_rk00011,0.4546260539639234,0.4306775257058849
CN->CN,d3,o_min,m062532_o_min_ord18_rk00018,0.453614546208952,0.4306775257058849
CN->CN,d3,o_min,m070521_o_min_ord26_rk00007,0.4531021036340089,0.4306775257058849
CN->CN,d3,o_min,m067530_o_min_ord23_rk00016,0.4528235433457203,0.4306775257058849
CN->CN,d3,o_min,m071531_o_min_ord27_rk00017,0.4526697376603503,0.4306775257058849
CN->CN,d3,o_min,m068530_o_min_ord24_rk00016,0.4522858998882862,0.4306775257058849
CN->CN,d3,o_min,m068526_o_min_ord24_rk00012,0.4519605578029948,0.4306775257058849
CN->CN,d3,o_min,m071522_o_min_ord27_rk00008,0.4515519451684872,0.4306775257058849
AD->AD,OLS,o_max,m000002_o_max_ord3_rk00003,0.4788020484470705,0.4460730234786797
AD->AD,OLS,o_max,m000003_o_max_ord3_rk00004,0.4785206166486941,0.4460730234786797
AD->AD,OLS,o_max,m001013_o_max_ord4_rk00014,0.4779075271468794,0.4460730234786797
AD->AD,OLS,o_max,m000019_o_max_ord3_rk00020,0.4775250688035494,0.4460730234786797
AD->AD,OLS,o_max,m000014_o_max_ord3_rk00015,0.4775007993392127,0.4460730234786797
AD->AD,OLS,o_max,m000017_o_max_ord3_rk00018,0.4773579946882421,0.4460730234786797
AD->AD,OLS,o_max,m001008_o_max_ord4_rk00009,0.4772853450452177,0.4460730234786797
AD->AD,OLS,o_max,m000000_o_max_ord3_rk00001,0.476956875732869,0.4460730234786797
AD->AD,OLS,o_max,m000010_o_max_ord3_rk00011,0.4755677262238409,0.4460730234786797
AD->AD,OLS,o_max,m000011_o_max_ord3_rk00012,0.4750008229834975,0.4460730234786797
AD->AD,OLS,o_max,m001016_o_max_ord4_rk00017,0.4749598696354287,0.4460730234786797
AD->AD,OLS,o_max,m000004_o_max_ord3_rk00005,0.4748768419426549,0.4460730234786797
AD->AD,OLS,o_max,m000018_o_max_ord3_rk00019,0.4747070372333161,0.4460730234786797
AD->AD,OLS,o_max,m000006_o_max_ord3_rk00007,0.4746938285621143,0.4460730234786797
AD->AD,OLS,o_max,m002010_o_max_ord5_rk00011,0.4744955718681976,0.4460730234786797
AD->AD,OLS,o_max,m002004_o_max_ord5_rk00005,0.4740718804238726,0.4460730234786797
AD->AD,OLS,o_max,m000009_o_max_ord3_rk00010,0.4737248811528983,0.4460730234786797
AD->AD,OLS,o_max,m000008_o_max_ord3_rk00009,0.4736247351578146,0.4460730234786797
AD->AD,OLS,o_max,m001005_o_max_ord4_rk00006,0.473137567276734,0.4460730234786797
AD->AD,OLS,o_max,m002018_o_max_ord5_rk00019,0.4727052823650655,0.4460730234786797
AD->AD,OLS,o_min,m048528_o_min_ord4_rk00014,0.4684023461934062,0.4460730234786797
AD->AD,OLS,o_min,m048533_o_min_ord4_rk00019,0.4655818958199822,0.4460730234786797
AD->AD,OLS,o_min,m048517_o_min_ord4_rk00003,0.4641965957503822,0.4460730234786797
AD->AD,OLS,o_min,m048525_o_min_ord4_rk00011,0.462071786332706,0.4460730234786797
AD->AD,OLS,o_min,m047528_o_min_ord3_rk00014,0.4611296020431609,0.4460730234786797
AD->AD,OLS,o_min,m048518_o_min_ord4_rk00004,0.4608303295316507,0.4460730234786797
AD->AD,OLS,o_min,m048520_o_min_ord4_rk00006,0.4591281793052192,0.4460730234786797
AD->AD,OLS,o_min,m047531_o_min_ord3_rk00017,0.4579699337958574,0.4460730234786797
AD->AD,OLS,o_min,m048519_o_min_ord4_rk00005,0.4570198667266488,0.4460730234786797
AD->AD,OLS,o_min,m048526_o_min_ord4_rk00012,0.4559339979977768,0.4460730234786797
AD->AD,OLS,o_min,m048523_o_min_ord4_rk00009,0.454851946435263,0.4460730234786797
AD->AD,OLS,o_min,m047515_o_min_ord3_rk00001,0.4535708225486058,0.4460730234786797
AD->AD,OLS,o_min,m051526_o_min_ord7_rk00012,0.4532671469376702,0.4460730234786797
AD->AD,OLS,o_min,m047533_o_min_ord3_rk00019,0.4524477345692311,0.4460730234786797
AD->AD,OLS,o_min,m048532_o_min_ord4_rk00018,0.446935914107745,0.4460730234786797
AD->AD,OLS,o_min,m048527_o_min_ord4_rk00013,0.4434689048016442,0.4460730234786797
AD->AD,OLS,o_min,m048531_o_min_ord4_rk00017,0.4428272718092789,0.4460730234786797
AD->AD,OLS,o_min,m048530_o_min_ord4_rk00016,0.4410161606459895,0.4460730234786797
AD->AD,OLS,o_min,m047527_o_min_ord3_rk00013,0.4335252476265092,0.4460730234786797
AD->AD,OLS,o_min,m048522_o_min_ord4_rk00008,0.4318305658128951,0.4460730234786797
AD->AD,d1,o_max,m000015_o_max_ord3_rk00016,0.4162503957585586,0.3774855720819737
AD->AD,d1,o_max,m006018_o_max_ord9_rk00019,0.4086411556333111,0.3774855720819737
AD->AD,d1,o_max,m004017_o_max_ord7_rk00018,0.399309198626485,0.3774855720819737
AD->AD,d1,o_max,m001016_o_max_ord4_rk00017,0.3956125597140432,0.3774855720819737
AD->AD,d1,o_max,m001010_o_max_ord4_rk00011,0.3950958754461624,0.3774855720819737
AD->AD,d1,o_max,m004005_o_max_ord7_rk00006,0.3943218229123255,0.3774855720819737
AD->AD,d1,o_max,m006001_o_max_ord9_rk00002,0.3935274234683278,0.3774855720819737
AD->AD,d1,o_max,m000017_o_max_ord3_rk00018,0.3929187750555772,0.3774855720819737
AD->AD,d1,o_max,m007018_o_max_ord10_rk00019,0.3926131928124157,0.3774855720819737
AD->AD,d1,o_max,m004008_o_max_ord7_rk00009,0.3925002856196259,0.3774855720819737
AD->AD,d1,o_max,m002003_o_max_ord5_rk00004,0.3917773178459999,0.3774855720819737
AD->AD,d1,o_max,m027017_o_max_ord30_rk00018,0.3912913603972462,0.3774855720819737
AD->AD,d1,o_max,m027003_o_max_ord30_rk00004,0.3903627530058506,0.3774855720819737
AD->AD,d1,o_max,m002010_o_max_ord5_rk00011,0.3902527212677592,0.3774855720819737
AD->AD,d1,o_max,m005015_o_max_ord8_rk00016,0.3900552496879225,0.3774855720819737
AD->AD,d1,o_max,m005003_o_max_ord8_rk00004,0.3896038626617988,0.3774855720819737
AD->AD,d1,o_max,m005004_o_max_ord8_rk00005,0.3894173420617837,0.3774855720819737
AD->AD,d1,o_max,m004000_o_max_ord7_rk00001,0.3883961537362358,0.3774855720819737
AD->AD,d1,o_max,m006004_o_max_ord9_rk00005,0.3880098753168784,0.3774855720819737
AD->AD,d1,o_max,m006016_o_max_ord9_rk00017,0.3875375361142851,0.3774855720819737
AD->AD,d1,o_min,m053532_o_min_ord9_rk00018,0.4398618190336815,0.3774855720819737
AD->AD,d1,o_min,m065534_o_min_ord21_rk00020,0.4366996051316748,0.3774855720819737
AD->AD,d1,o_min,m063532_o_min_ord19_rk00018,0.4355230279553007,0.3774855720819737
AD->AD,d1,o_min,m068518_o_min_ord24_rk00004,0.4350819285499897,0.3774855720819737
AD->AD,d1,o_min,m073524_o_min_ord29_rk00010,0.4346658243293667,0.3774855720819737
AD->AD,d1,o_min,m051533_o_min_ord7_rk00019,0.4345140401303385,0.3774855720819737
AD->AD,d1,o_min,m063531_o_min_ord19_rk00017,0.4340014735057941,0.3774855720819737
AD->AD,d1,o_min,m057529_o_min_ord13_rk00015,0.4336407016620999,0.3774855720819737
AD->AD,d1,o_min,m071515_o_min_ord27_rk00001,0.4330352006993173,0.3774855720819737
AD->AD,d1,o_min,m070518_o_min_ord26_rk00004,0.4316172772402784,0.3774855720819737
AD->AD,d1,o_min,m072531_o_min_ord28_rk00017,0.4308888844349375,0.3774855720819737
AD->AD,d1,o_min,m071518_o_min_ord27_rk00004,0.4306268118598044,0.3774855720819737
AD->AD,d1,o_min,m072534_o_min_ord28_rk00020,0.4289178202840407,0.3774855720819737
AD->AD,d1,o_min,m062525_o_min_ord18_rk00011,0.4288622496400804,0.3774855720819737
AD->AD,d1,o_min,m064531_o_min_ord20_rk00017,0.428594551239853,0.3774855720819737
AD->AD,d1,o_min,m073533_o_min_ord29_rk00019,0.4284742439872088,0.3774855720819737
AD->AD,d1,o_min,m072520_o_min_ord28_rk00006,0.4283252380126694,0.3774855720819737
AD->AD,d1,o_min,m068522_o_min_ord24_rk00008,0.4282401396509949,0.3774855720819737
AD->AD,d1,o_min,m071534_o_min_ord27_rk00020,0.4278997696865783,0.3774855720819737
AD->AD,d1,o_min,m073532_o_min_ord29_rk00018,0.427506896102833,0.3774855720819737
AD->AD,d2,o_max,m000015_o_max_ord3_rk00016,0.4393790056460108,0.375665965241416
AD->AD,d2,o_max,m003000_o_max_ord6_rk00001,0.4213406883438886,0.375665965241416
AD->AD,d2,o_max,m005016_o_max_ord8_rk00017,0.4211951692745207,0.375665965241416
AD->AD,d2,o_max,m004005_o_max_ord7_rk00006,0.4183910048951188,0.375665965241416
AD->AD,d2,o_max,m003016_o_max_ord6_rk00017,0.4161001109771647,0.375665965241416
AD->AD,d2,o_max,m001010_o_max_ord4_rk00011,0.4151016413135038,0.375665965241416
AD->AD,d2,o_max,m002011_o_max_ord5_rk00012,0.411983794557952,0.375665965241416
AD->AD,d2,o_max,m004000_o_max_ord7_rk00001,0.4119834544164557,0.375665965241416
AD->AD,d2,o_max,m000017_o_max_ord3_rk00018,0.4116795901900622,0.375665965241416
AD->AD,d2,o_max,m006016_o_max_ord9_rk00017,0.4116581355150096,0.375665965241416
AD->AD,d2,o_max,m003010_o_max_ord6_rk00011,0.4114541514276431,0.375665965241416
AD->AD,d2,o_max,m002005_o_max_ord5_rk00006,0.4110660754984799,0.375665965241416
AD->AD,d2,o_max,m001016_o_max_ord4_rk00017,0.4103437644544826,0.375665965241416
AD->AD,d2,o_max,m004012_o_max_ord7_rk00013,0.4102273665790841,0.375665965241416
AD->AD,d2,o_max,m004008_o_max_ord7_rk00009,0.4097732138952804,0.375665965241416
AD->AD,d2,o_max,m004007_o_max_ord7_rk00008,0.4071503615072309,0.375665965241416
AD->AD,d2,o_max,m004010_o_max_ord7_rk00011,0.4066065323392703,0.375665965241416
AD->AD,d2,o_max,m006004_o_max_ord9_rk00005,0.4059675091464236,0.375665965241416
AD->AD,d2,o_max,m000018_o_max_ord3_rk00019,0.4054035538419031,0.375665965241416
AD->AD,d2,o_max,m003006_o_max_ord6_rk00007,0.4050937200587681,0.375665965241416
AD->AD,d2,o_min,m061516_o_min_ord17_rk00002,0.44831758329754,0.375665965241416
AD->AD,d2,o_min,m055529_o_min_ord11_rk00015,0.4480675344698396,0.375665965241416
AD->AD,d2,o_min,m066527_o_min_ord22_rk00013,0.4477267428835511,0.375665965241416
AD->AD,d2,o_min,m049530_o_min_ord5_rk00016,0.4476075230342142,0.375665965241416
AD->AD,d2,o_min,m054520_o_min_ord10_rk00006,0.4474595146968372,0.375665965241416
AD->AD,d2,o_min,m053532_o_min_ord9_rk00018,0.4464716806097415,0.375665965241416
AD->AD,d2,o_min,m055532_o_min_ord11_rk00018,0.4451108023782366,0.375665965241416
AD->AD,d2,o_min,m073524_o_min_ord29_rk00010,0.4442593374013992,0.375665965241416
AD->AD,d2,o_min,m071518_o_min_ord27_rk00004,0.4437099039360642,0.375665965241416
AD->AD,d2,o_min,m051533_o_min_ord7_rk00019,0.4431988887771915,0.375665965241416
AD->AD,d2,o_min,m062515_o_min_ord18_rk00001,0.4413440988859036,0.375665965241416
AD->AD,d2,o_min,m061529_o_min_ord17_rk00015,0.4407598115384193,0.375665965241416
AD->AD,d2,o_min,m062533_o_min_ord18_rk00019,0.4402430607497596,0.375665965241416
AD->AD,d2,o_min,m060534_o_min_ord16_rk00020,0.4398915706526382,0.375665965241416
AD->AD,d2,o_min,m054518_o_min_ord10_rk00004,0.4395982003693863,0.375665965241416
AD->AD,d2,o_min,m064518_o_min_ord20_rk00004,0.4394194953052703,0.375665965241416
AD->AD,d2,o_min,m064523_o_min_ord20_rk00009,0.4390200482802456,0.375665965241416
AD->AD,d2,o_min,m068528_o_min_ord24_rk00014,0.4389655921533926,0.375665965241416
AD->AD,d2,o_min,m047528_o_min_ord3_rk00014,0.4389326702335636,0.375665965241416
AD->AD,d2,o_min,m071520_o_min_ord27_rk00006,0.4387878425296571,0.375665965241416
AD->AD,d3,o_max,m000015_o_max_ord3_rk00016,0.4519285353033451,0.3735763205413001
AD->AD,d3,o_max,m005004_o_max_ord8_rk00005,0.4400754676381717,0.3735763205413001
AD->AD,d3,o_max,m002010_o_max_ord5_rk00011,0.4306689815379788,0.3735763205413001
AD->AD,d3,o_max,m006004_o_max_ord9_rk00005,0.4300942882119191,0.3735763205413001
AD->AD,d3,o_max,m000017_o_max_ord3_rk00018,0.4272516114106192,0.3735763205413001
AD->AD,d3,o_max,m004008_o_max_ord7_rk00009,0.4267772599791638,0.3735763205413001
AD->AD,d3,o_max,m001016_o_max_ord4_rk00017,0.426685513135673,0.3735763205413001
AD->AD,d3,o_max,m002009_o_max_ord5_rk00010,0.4247418330211133,0.3735763205413001
AD->AD,d3,o_max,m002005_o_max_ord5_rk00006,0.4245257210579025,0.3735763205413001
AD->AD,d3,o_max,m001010_o_max_ord4_rk00011,0.4233966624494302,0.3735763205413001
AD->AD,d3,o_max,m004005_o_max_ord7_rk00006,0.4231650137022441,0.3735763205413001
AD->AD,d3,o_max,m005003_o_max_ord8_rk00004,0.4204782539071462,0.3735763205413001
AD->AD,d3,o_max,m006001_o_max_ord9_rk00002,0.4198755757753714,0.3735763205413001
AD->AD,d3,o_max,m000007_o_max_ord3_rk00008,0.419000094154365,0.3735763205413001
AD->AD,d3,o_max,m007009_o_max_ord10_rk00010,0.4182320681140518,0.3735763205413001
AD->AD,d3,o_max,m006016_o_max_ord9_rk00017,0.4180918239821604,0.3735763205413001
AD->AD,d3,o_max,m005012_o_max_ord8_rk00013,0.4155737438170775,0.3735763205413001
AD->AD,d3,o_max,m002013_o_max_ord5_rk00014,0.4155508584845412,0.3735763205413001
AD->AD,d3,o_max,m002002_o_max_ord5_rk00003,0.4152135886896139,0.3735763205413001
AD->AD,d3,o_max,m006009_o_max_ord9_rk00010,0.4151034808702303,0.3735763205413001
AD->AD,d3,o_min,m049530_o_min_ord5_rk00016,0.4666285242918748,0.3735763205413001
AD->AD,d3,o_min,m065526_o_min_ord21_rk00012,0.456191094499626,0.3735763205413001
AD->AD,d3,o_min,m072523_o_min_ord28_rk00009,0.4556824060950919,0.3735763205413001
AD->AD,d3,o_min,m066527_o_min_ord22_rk00013,0.455660145270596,0.3735763205413001
AD->AD,d3,o_min,m073526_o_min_ord29_rk00012,0.4541611201228737,0.3735763205413001
AD->AD,d3,o_min,m058518_o_min_ord14_rk00004,0.4540126660716453,0.3735763205413001
AD->AD,d3,o_min,m061529_o_min_ord17_rk00015,0.453553045514091,0.3735763205413001
AD->AD,d3,o_min,m070518_o_min_ord26_rk00004,0.4527176536030389,0.3735763205413001
AD->AD,d3,o_min,m048516_o_min_ord4_rk00002,0.4524771969783164,0.3735763205413001
AD->AD,d3,o_min,m064519_o_min_ord20_rk00005,0.4523974027775642,0.3735763205413001
AD->AD,d3,o_min,m065528_o_min_ord21_rk00014,0.4508496435411292,0.3735763205413001
AD->AD,d3,o_min,m067526_o_min_ord23_rk00012,0.4497282645351795,0.3735763205413001
AD->AD,d3,o_min,m067531_o_min_ord23_rk00017,0.4495036791133922,0.3735763205413001
AD->AD,d3,o_min,m062530_o_min_ord18_rk00016,0.4494692681136983,0.3735763205413001
AD->AD,d3,o_min,m067523_o_min_ord23_rk00009,0.4492504157332754,0.3735763205413001
AD->AD,d3,o_min,m072522_o_min_ord28_rk00008,0.449198352612267,0.3735763205413001
AD->AD,d3,o_min,m072519_o_min_ord28_rk00005,0.4490179429934603,0.3735763205413001
AD->AD,d3,o_min,m048521_o_min_ord4_rk00007,0.4486237468727175,0.3735763205413001
AD->AD,d3,o_min,m071520_o_min_ord27_rk00006,0.4486171176071938,0.3735763205413001
AD->AD,d3,o_min,m072533_o_min_ord28_rk00019,0.447924234221182,0.3735763205413001
AD->FTD,OLS,o_max,m001019_o_max_ord4_rk00020,0.3379140544371299,0.2409865406807285
AD->FTD,OLS,o_max,m000001_o_max_ord3_rk00002,0.2574286189164045,0.2409865406807285
AD->FTD,OLS,o_max,m004013_o_max_ord7_rk00014,0.1909187737146906,0.2409865406807285
AD->FTD,OLS,o_max,m003014_o_max_ord6_rk00015,0.1770336467237681,0.2409865406807285
AD->FTD,OLS,o_max,m012016_o_max_ord15_rk00017,0.1723268222626603,0.2409865406807285
AD->FTD,OLS,o_max,m007014_o_max_ord10_rk00015,0.1601121203325601,0.2409865406807285
AD->FTD,OLS,o_max,m011018_o_max_ord14_rk00019,0.1594424476211493,0.2409865406807285
AD->FTD,OLS,o_max,m008006_o_max_ord11_rk00007,0.1579865343545112,0.2409865406807285
AD->FTD,OLS,o_max,m007019_o_max_ord10_rk00020,0.155150174603686,0.2409865406807285
AD->FTD,OLS,o_max,m003010_o_max_ord6_rk00011,0.1483229461636535,0.2409865406807285
AD->FTD,OLS,o_max,m007004_o_max_ord10_rk00005,0.1481072884020774,0.2409865406807285
AD->FTD,OLS,o_max,m009007_o_max_ord12_rk00008,0.1457336375387654,0.2409865406807285
AD->FTD,OLS,o_max,m000018_o_max_ord3_rk00019,0.1438302473812831,0.2409865406807285
AD->FTD,OLS,o_max,m007001_o_max_ord10_rk00002,0.1402812631756538,0.2409865406807285
AD->FTD,OLS,o_max,m006011_o_max_ord9_rk00012,0.1399841783182374,0.2409865406807285
AD->FTD,OLS,o_max,m003017_o_max_ord6_rk00018,0.1389957723808893,0.2409865406807285
AD->FTD,OLS,o_max,m003006_o_max_ord6_rk00007,0.1363195330465658,0.2409865406807285
AD->FTD,OLS,o_max,m002014_o_max_ord5_rk00015,0.1356850905964572,0.2409865406807285
AD->FTD,OLS,o_max,m002012_o_max_ord5_rk00013,0.1316173718182214,0.2409865406807285
AD->FTD,OLS,o_max,m009012_o_max_ord12_rk00013,0.1302571610606659,0.2409865406807285
AD->FTD,OLS,o_min,m048525_o_min_ord4_rk00011,0.2947098807779889,0.2409865406807285
AD->FTD,OLS,o_min,m048520_o_min_ord4_rk00006,0.248323260906311,0.2409865406807285
AD->FTD,OLS,o_min,m047525_o_min_ord3_rk00011,0.2417692007485791,0.2409865406807285
AD->FTD,OLS,o_min,m047531_o_min_ord3_rk00017,0.2178974982640029,0.2409865406807285
AD->FTD,OLS,o_min,m048533_o_min_ord4_rk00019,0.2158243252539062,0.2409865406807285
AD->FTD,OLS,o_min,m048518_o_min_ord4_rk00004,0.2078654063689829,0.2409865406807285
AD->FTD,OLS,o_min,m048528_o_min_ord4_rk00014,0.2026405591577061,0.2409865406807285
AD->FTD,OLS,o_min,m047528_o_min_ord3_rk00014,0.1931450130863954,0.2409865406807285
AD->FTD,OLS,o_min,m048517_o_min_ord4_rk00003,0.1883048773362412,0.2409865406807285
AD->FTD,OLS,o_min,m048519_o_min_ord4_rk00005,0.1850379893049351,0.2409865406807285
AD->FTD,OLS,o_min,m048526_o_min_ord4_rk00012,0.1685825342611401,0.2409865406807285
AD->FTD,OLS,o_min,m048521_o_min_ord4_rk00007,0.1658006277117042,0.2409865406807285
AD->FTD,OLS,o_min,m047515_o_min_ord3_rk00001,0.1550338512085457,0.2409865406807285
AD->FTD,OLS,o_min,m048531_o_min_ord4_rk00017,0.1418490535664013,0.2409865406807285
AD->FTD,OLS,o_min,m047530_o_min_ord3_rk00016,0.1411594802194783,0.2409865406807285
AD->FTD,OLS,o_min,m047533_o_min_ord3_rk00019,0.1264434020646468,0.2409865406807285
AD->FTD,OLS,o_min,m047517_o_min_ord3_rk00003,0.1094195418712105,0.2409865406807285
AD->FTD,OLS,o_min,m053519_o_min_ord9_rk00005,0.1091418663844354,0.2409865406807285
AD->FTD,OLS,o_min,m048516_o_min_ord4_rk00002,0.1045947539158689,0.2409865406807285
AD->FTD,OLS,o_min,m050515_o_min_ord6_rk00001,0.0958866373742791,0.2409865406807285
AD->FTD,d1,o_max,m023000_o_max_ord26_rk00001,0.3185667812652026,0.2286003333730834
AD->FTD,d1,o_max,m020007_o_max_ord23_rk00008,0.3184839803141206,0.2286003333730834
AD->FTD,d1,o_max,m020004_o_max_ord23_rk00005,0.3155975561988504,0.2286003333730834
AD->FTD,d1,o_max,m018006_o_max_ord21_rk00007,0.3153022397924008,0.2286003333730834
AD->FTD,d1,o_max,m019014_o_max_ord22_rk00015,0.3144086351086974,0.2286003333730834
AD->FTD,d1,o_max,m024000_o_max_ord27_rk00001,0.3120323152843788,0.2286003333730834
AD->FTD,d1,o_max,m018015_o_max_ord21_rk00016,0.3096656948744295,0.2286003333730834
AD->FTD,d1,o_max,m026017_o_max_ord29_rk00018,0.3088150761790307,0.2286003333730834
AD->FTD,d1,o_max,m022002_o_max_ord25_rk00003,0.3087236389275852,0.2286003333730834
AD->FTD,d1,o_max,m020002_o_max_ord23_rk00003,0.3086442908116814,0.2286003333730834
AD->FTD,d1,o_max,m018000_o_max_ord21_rk00001,0.3081282719710184,0.2286003333730834
AD->FTD,d1,o_max,m025018_o_max_ord28_rk00019,0.3072054401550141,0.2286003333730834
AD->FTD,d1,o_max,m026018_o_max_ord29_rk00019,0.3062814738182159,0.2286003333730834
AD->FTD,d1,o_max,m021000_o_max_ord24_rk00001,0.305124528452852,0.2286003333730834
AD->FTD,d1,o_max,m021019_o_max_ord24_rk00020,0.3047198300885888,0.2286003333730834
AD->FTD,d1,o_max,m018004_o_max_ord21_rk00005,0.3021922363989675,0.2286003333730834
AD->FTD,d1,o_max,m016000_o_max_ord19_rk00001,0.3020080764054978,0.2286003333730834
AD->FTD,d1,o_max,m014000_o_max_ord17_rk00001,0.3006103325830821,0.2286003333730834
AD->FTD,d1,o_max,m019004_o_max_ord22_rk00005,0.2999066783644205,0.2286003333730834
AD->FTD,d1,o_max,m020008_o_max_ord23_rk00009,0.2984581489903362,0.2286003333730834
AD->FTD,d1,o_min,m048534_o_min_ord4_rk00020,0.3207903209255219,0.2286003333730834
AD->FTD,d1,o_min,m049520_o_min_ord5_rk00006,0.316086605010662,0.2286003333730834
AD->FTD,d1,o_min,m064517_o_min_ord20_rk00003,0.3061875234721816,0.2286003333730834
AD->FTD,d1,o_min,m059527_o_min_ord15_rk00013,0.3058546676494369,0.2286003333730834
AD->FTD,d1,o_min,m060523_o_min_ord16_rk00009,0.305611219429621,0.2286003333730834
AD->FTD,d1,o_min,m060526_o_min_ord16_rk00012,0.3045013634772188,0.2286003333730834
AD->FTD,d1,o_min,m048524_o_min_ord4_rk00010,0.3028345155834072,0.2286003333730834
AD->FTD,d1,o_min,m048522_o_min_ord4_rk00008,0.3025461184801762,0.2286003333730834
AD->FTD,d1,o_min,m063526_o_min_ord19_rk00012,0.3021812250553199,0.2286003333730834
AD->FTD,d1,o_min,m047526_o_min_ord3_rk00012,0.2989686929710119,0.2286003333730834
AD->FTD,d1,o_min,m049534_o_min_ord5_rk00020,0.2986832397911613,0.2286003333730834
AD->FTD,d1,o_min,m056521_o_min_ord12_rk00007,0.2985690398167721,0.2286003333730834
AD->FTD,d1,o_min,m064529_o_min_ord20_rk00015,0.298542079232834,0.2286003333730834
AD->FTD,d1,o_min,m066532_o_min_ord22_rk00018,0.298241904448257,0.2286003333730834
AD->FTD,d1,o_min,m059533_o_min_ord15_rk00019,0.2969012851902769,0.2286003333730834
AD->FTD,d1,o_min,m059517_o_min_ord15_rk00003,0.2968928500173817,0.2286003333730834
AD->FTD,d1,o_min,m059519_o_min_ord15_rk00005,0.2962980977557694,0.2286003333730834
AD->FTD,d1,o_min,m061520_o_min_ord17_rk00006,0.2952334733919377,0.2286003333730834
AD->FTD,d1,o_min,m050522_o_min_ord6_rk00008,0.2950928749681381,0.2286003333730834
AD->FTD,d1,o_min,m055520_o_min_ord11_rk00006,0.2948264361372208,0.2286003333730834
AD->FTD,d2,o_max,m023000_o_max_ord26_rk00001,0.3418155875423517,0.2368923968450776
AD->FTD,d2,o_max,m021010_o_max_ord24_rk00011,0.3386065267456435,0.2368923968450776
AD->FTD,d2,o_max,m021019_o_max_ord24_rk00020,0.3383672624371311,0.2368923968450776
AD->FTD,d2,o_max,m015000_o_max_ord18_rk00001,0.3383368701214283,0.2368923968450776
AD->FTD,d2,o_max,m018004_o_max_ord21_rk00005,0.3341298778560331,0.2368923968450776
AD->FTD,d2,o_max,m022002_o_max_ord25_rk00003,0.3307516638862939,0.2368923968450776
AD->FTD,d2,o_max,m018012_o_max_ord21_rk00013,0.3261796997274035,0.2368923968450776
AD->FTD,d2,o_max,m026017_o_max_ord29_rk00018,0.3251366471183176,0.2368923968450776
AD->FTD,d2,o_max,m019000_o_max_ord22_rk00001,0.3245324844115314,0.2368923968450776
AD->FTD,d2,o_max,m021000_o_max_ord24_rk00001,0.3234243800626172,0.2368923968450776
AD->FTD,d2,o_max,m016000_o_max_ord19_rk00001,0.3220445338991293,0.2368923968450776
AD->FTD,d2,o_max,m017018_o_max_ord20_rk00019,0.3169810876644586,0.2368923968450776
AD->FTD,d2,o_max,m017011_o_max_ord20_rk00012,0.316073436094674,0.2368923968450776
AD->FTD,d2,o_max,m018015_o_max_ord21_rk00016,0.3136230803469547,0.2368923968450776
AD->FTD,d2,o_max,m019001_o_max_ord22_rk00002,0.3133937929874296,0.2368923968450776
AD->FTD,d2,o_max,m019004_o_max_ord22_rk00005,0.3124044762999194,0.2368923968450776
AD->FTD,d2,o_max,m025018_o_max_ord28_rk00019,0.3120823520746092,0.2368923968450776
AD->FTD,d2,o_max,m020000_o_max_ord23_rk00001,0.3111322759458572,0.2368923968450776
AD->FTD,d2,o_max,m018006_o_max_ord21_rk00007,0.3099380484070688,0.2368923968450776
AD->FTD,d2,o_max,m017000_o_max_ord20_rk00001,0.3093165216075659,0.2368923968450776
AD->FTD,d2,o_min,m056526_o_min_ord12_rk00012,0.336783913966232,0.2368923968450776
AD->FTD,d2,o_min,m058525_o_min_ord14_rk00011,0.3345704445854526,0.2368923968450776
AD->FTD,d2,o_min,m059524_o_min_ord15_rk00010,0.3330682769623231,0.2368923968450776
AD->FTD,d2,o_min,m058517_o_min_ord14_rk00003,0.3323729980601874,0.2368923968450776
AD->FTD,d2,o_min,m058533_o_min_ord14_rk00019,0.3311598736171866,0.2368923968450776
AD->FTD,d2,o_min,m049532_o_min_ord5_rk00018,0.3304466959777852,0.2368923968450776
AD->FTD,d2,o_min,m049518_o_min_ord5_rk00004,0.3299315629938344,0.2368923968450776
AD->FTD,d2,o_min,m058530_o_min_ord14_rk00016,0.3279301233410957,0.2368923968450776
AD->FTD,d2,o_min,m057523_o_min_ord13_rk00009,0.3261050335179053,0.2368923968450776
AD->FTD,d2,o_min,m048522_o_min_ord4_rk00008,0.3247751030380803,0.2368923968450776
AD->FTD,d2,o_min,m058516_o_min_ord14_rk00002,0.3247110595457628,0.2368923968450776
AD->FTD,d2,o_min,m065517_o_min_ord21_rk00003,0.3245270537653045,0.2368923968450776
AD->FTD,d2,o_min,m055531_o_min_ord11_rk00017,0.324042831027979,0.2368923968450776
AD->FTD,d2,o_min,m066532_o_min_ord22_rk00018,0.3227705071022517,0.2368923968450776
AD->FTD,d2,o_min,m048520_o_min_ord4_rk00006,0.3222995935895321,0.2368923968450776
AD->FTD,d2,o_min,m061533_o_min_ord17_rk00019,0.3221621758721779,0.2368923968450776
AD->FTD,d2,o_min,m064527_o_min_ord20_rk00013,0.3211321396882682,0.2368923968450776
AD->FTD,d2,o_min,m057527_o_min_ord13_rk00013,0.3208965509316659,0.2368923968450776
AD->FTD,d2,o_min,m058524_o_min_ord14_rk00010,0.3207454275256202,0.2368923968450776
AD->FTD,d2,o_min,m048524_o_min_ord4_rk00010,0.320429745371057,0.2368923968450776
AD->FTD,d3,o_max,m023000_o_max_ord26_rk00001,0.3561393355312852,0.2349572744726454
AD->FTD,d3,o_max,m025018_o_max_ord28_rk00019,0.3477965747513691,0.2349572744726454
AD->FTD,d3,o_max,m016000_o_max_ord19_rk00001,0.3406714295523194,0.2349572744726454
AD->FTD,d3,o_max,m021000_o_max_ord24_rk00001,0.3326470265113284,0.2349572744726454
AD->FTD,d3,o_max,m018000_o_max_ord21_rk00001,0.3267868068608418,0.2349572744726454
AD->FTD,d3,o_max,m022002_o_max_ord25_rk00003,0.32597876600759,0.2349572744726454
AD->FTD,d3,o_max,m017018_o_max_ord20_rk00019,0.3247350739913958,0.2349572744726454
AD->FTD,d3,o_max,m017011_o_max_ord20_rk00012,0.3242375197820749,0.2349572744726454
AD->FTD,d3,o_max,m020004_o_max_ord23_rk00005,0.3225858432046842,0.2349572744726454
AD->FTD,d3,o_max,m018012_o_max_ord21_rk00013,0.3215731714384752,0.2349572744726454
AD->FTD,d3,o_max,m025000_o_max_ord28_rk00001,0.321429906159788,0.2349572744726454
AD->FTD,d3,o_max,m026017_o_max_ord29_rk00018,0.3210989858912217,0.2349572744726454
AD->FTD,d3,o_max,m018004_o_max_ord21_rk00005,0.3210040392886054,0.2349572744726454
AD->FTD,d3,o_max,m021010_o_max_ord24_rk00011,0.3208300449405357,0.2349572744726454
AD->FTD,d3,o_max,m018015_o_max_ord21_rk00016,0.320505500545686,0.2349572744726454
AD->FTD,d3,o_max,m024000_o_max_ord27_rk00001,0.3200232104811917,0.2349572744726454
AD->FTD,d3,o_max,m021019_o_max_ord24_rk00020,0.3194517930092961,0.2349572744726454
AD->FTD,d3,o_max,m019014_o_max_ord22_rk00015,0.3193899677359433,0.2349572744726454
AD->FTD,d3,o_max,m015000_o_max_ord18_rk00001,0.3153028305608986,0.2349572744726454
AD->FTD,d3,o_max,m020000_o_max_ord23_rk00001,0.3148314831568288,0.2349572744726454
AD->FTD,d3,o_min,m049518_o_min_ord5_rk00004,0.3531074269490378,0.2349572744726454
AD->FTD,d3,o_min,m058525_o_min_ord14_rk00011,0.3523102658531581,0.2349572744726454
AD->FTD,d3,o_min,m058533_o_min_ord14_rk00019,0.3519220404120216,0.2349572744726454
AD->FTD,d3,o_min,m056526_o_min_ord12_rk00012,0.351877577884063,0.2349572744726454
AD->FTD,d3,o_min,m056521_o_min_ord12_rk00007,0.3483629656971426,0.2349572744726454
AD->FTD,d3,o_min,m059524_o_min_ord15_rk00010,0.3477439640067354,0.2349572744726454
AD->FTD,d3,o_min,m058524_o_min_ord14_rk00010,0.3465229137364197,0.2349572744726454
AD->FTD,d3,o_min,m055528_o_min_ord11_rk00014,0.34637540467534,0.2349572744726454
AD->FTD,d3,o_min,m058522_o_min_ord14_rk00008,0.346312428387193,0.2349572744726454
AD->FTD,d3,o_min,m058519_o_min_ord14_rk00005,0.3459800418384565,0.2349572744726454
AD->FTD,d3,o_min,m058531_o_min_ord14_rk00017,0.3458955208885833,0.2349572744726454
AD->FTD,d3,o_min,m059527_o_min_ord15_rk00013,0.3454100600555001,0.2349572744726454
AD->FTD,d3,o_min,m049522_o_min_ord5_rk00008,0.3452257043726203,0.2349572744726454
AD->FTD,d3,o_min,m061520_o_min_ord17_rk00006,0.3452174262880412,0.2349572744726454
AD->FTD,d3,o_min,m054522_o_min_ord10_rk00008,0.3433811196627594,0.2349572744726454
AD->FTD,d3,o_min,m062531_o_min_ord18_rk00017,0.3423890019241382,0.2349572744726454
AD->FTD,d3,o_min,m057523_o_min_ord13_rk00009,0.3416190228082416,0.2349572744726454
AD->FTD,d3,o_min,m058530_o_min_ord14_rk00016,0.341507614649792,0.2349572744726454
AD->FTD,d3,o_min,m063521_o_min_ord19_rk00007,0.3412182064019627,0.2349572744726454
AD->FTD,d3,o_min,m057527_o_min_ord13_rk00013,0.3407961519839445,0.2349572744726454
FTD->FTD,OLS,o_max,m001011_o_max_ord4_rk00012,0.4583678047632427,0.3994061670147112
FTD->FTD,OLS,o_max,m003015_o_max_ord6_rk00016,0.4508826691877823,0.3994061670147112
FTD->FTD,OLS,o_max,m001015_o_max_ord4_rk00016,0.4446848689263007,0.3994061670147112
FTD->FTD,OLS,o_max,m000012_o_max_ord3_rk00013,0.443964467104315,0.3994061670147112
FTD->FTD,OLS,o_max,m000000_o_max_ord3_rk00001,0.4431999285867202,0.3994061670147112
FTD->FTD,OLS,o_max,m001009_o_max_ord4_rk00010,0.443158152162482,0.3994061670147112
FTD->FTD,OLS,o_max,m005010_o_max_ord8_rk00011,0.4430210608216897,0.3994061670147112
FTD->FTD,OLS,o_max,m001002_o_max_ord4_rk00003,0.4406870090778543,0.3994061670147112
FTD->FTD,OLS,o_max,m001018_o_max_ord4_rk00019,0.4361226011884338,0.3994061670147112
FTD->FTD,OLS,o_max,m002017_o_max_ord5_rk00018,0.4332807335498009,0.3994061670147112
FTD->FTD,OLS,o_max,m000017_o_max_ord3_rk00018,0.43210214594962,0.3994061670147112
FTD->FTD,OLS,o_max,m001001_o_max_ord4_rk00002,0.4292575954963062,0.3994061670147112
FTD->FTD,OLS,o_max,m002006_o_max_ord5_rk00007,0.428484298560379,0.3994061670147112
FTD->FTD,OLS,o_max,m003009_o_max_ord6_rk00010,0.428444383599983,0.3994061670147112
FTD->FTD,OLS,o_max,m001017_o_max_ord4_rk00018,0.4273477225836949,0.3994061670147112
FTD->FTD,OLS,o_max,m002015_o_max_ord5_rk00016,0.4263835858783081,0.3994061670147112
FTD->FTD,OLS,o_max,m002003_o_max_ord5_rk00004,0.4253527349143987,0.3994061670147112
FTD->FTD,OLS,o_max,m001004_o_max_ord4_rk00005,0.4252065485083407,0.3994061670147112
FTD->FTD,OLS,o_max,m004014_o_max_ord7_rk00015,0.424131792148343,0.3994061670147112
FTD->FTD,OLS,o_max,m003004_o_max_ord6_rk00005,0.4237351683385966,0.3994061670147112
FTD->FTD,OLS,o_min,m047524_o_min_ord3_rk00010,0.4642640077921476,0.3994061670147112
FTD->FTD,OLS,o_min,m047522_o_min_ord3_rk00008,0.4587494355806478,0.3994061670147112
FTD->FTD,OLS,o_min,m047530_o_min_ord3_rk00016,0.4486158934670795,0.3994061670147112
FTD->FTD,OLS,o_min,m048529_o_min_ord4_rk00015,0.4258961708021916,0.3994061670147112
FTD->FTD,OLS,o_min,m051526_o_min_ord7_rk00012,0.42411945682725,0.3994061670147112
FTD->FTD,OLS,o_min,m051529_o_min_ord7_rk00015,0.4200399495487702,0.3994061670147112
FTD->FTD,OLS,o_min,m050533_o_min_ord6_rk00019,0.4178587222278922,0.3994061670147112
FTD->FTD,OLS,o_min,m053526_o_min_ord9_rk00012,0.4178164135976833,0.3994061670147112
FTD->FTD,OLS,o_min,m052516_o_min_ord8_rk00002,0.4167329842495313,0.3994061670147112
FTD->FTD,OLS,o_min,m051515_o_min_ord7_rk00001,0.4154670703755231,0.3994061670147112
FTD->FTD,OLS,o_min,m051521_o_min_ord7_rk00007,0.4136076454895686,0.3994061670147112
FTD->FTD,OLS,o_min,m047525_o_min_ord3_rk00011,0.4121228714054538,0.3994061670147112
FTD->FTD,OLS,o_min,m047518_o_min_ord3_rk00004,0.4095501085445031,0.3994061670147112
FTD->FTD,OLS,o_min,m051518_o_min_ord7_rk00004,0.408050636931122,0.3994061670147112
FTD->FTD,OLS,o_min,m047516_o_min_ord3_rk00002,0.4075252431731869,0.3994061670147112
FTD->FTD,OLS,o_min,m051532_o_min_ord7_rk00018,0.3973047100198298,0.3994061670147112
FTD->FTD,OLS,o_min,m047527_o_min_ord3_rk00013,0.394948361809899,0.3994061670147112
FTD->FTD,OLS,o_min,m050525_o_min_ord6_rk00011,0.3948346145699315,0.3994061670147112
FTD->FTD,OLS,o_min,m051516_o_min_ord7_rk00002,0.3944556888528644,0.3994061670147112
FTD->FTD,OLS,o_min,m047521_o_min_ord3_rk00007,0.3920771895672551,0.3994061670147112
FTD->FTD,d1,o_max,m002019_o_max_ord5_rk00020,0.4048709934420046,0.3528348717723213
FTD->FTD,d1,o_max,m001012_o_max_ord4_rk00013,0.4042135015707107,0.3528348717723213
FTD->FTD,d1,o_max,m001017_o_max_ord4_rk00018,0.4030463433802201,0.3528348717723213
FTD->FTD,d1,o_max,m002012_o_max_ord5_rk00013,0.4011200063374524,0.3528348717723213
FTD->FTD,d1,o_max,m003019_o_max_ord6_rk00020,0.4007036929904705,0.3528348717723213
FTD->FTD,d1,o_max,m000016_o_max_ord3_rk00017,0.4006480813408606,0.3528348717723213
FTD->FTD,d1,o_max,m002009_o_max_ord5_rk00010,0.3992687658608466,0.3528348717723213
FTD->FTD,d1,o_max,m000012_o_max_ord3_rk00013,0.3978580054130842,0.3528348717723213
FTD->FTD,d1,o_max,m001018_o_max_ord4_rk00019,0.3963996877987233,0.3528348717723213
FTD->FTD,d1,o_max,m000005_o_max_ord3_rk00006,0.395555730480444,0.3528348717723213
FTD->FTD,d1,o_max,m003014_o_max_ord6_rk00015,0.3935976338643113,0.3528348717723213
FTD->FTD,d1,o_max,m001005_o_max_ord4_rk00006,0.3927988709449488,0.3528348717723213
FTD->FTD,d1,o_max,m000010_o_max_ord3_rk00011,0.3900004904587467,0.3528348717723213
FTD->FTD,d1,o_max,m000015_o_max_ord3_rk00016,0.3890049641650492,0.3528348717723213
FTD->FTD,d1,o_max,m000013_o_max_ord3_rk00014,0.3869715411223581,0.3528348717723213
FTD->FTD,d1,o_max,m001016_o_max_ord4_rk00017,0.3859239247052125,0.3528348717723213
FTD->FTD,d1,o_max,m004013_o_max_ord7_rk00014,0.3853351688752521,0.3528348717723213
FTD->FTD,d1,o_max,m002014_o_max_ord5_rk00015,0.3848118627053768,0.3528348717723213
FTD->FTD,d1,o_max,m001010_o_max_ord4_rk00011,0.3840953166572451,0.3528348717723213
FTD->FTD,d1,o_max,m023016_o_max_ord26_rk00017,0.3818528017317295,0.3528348717723213
FTD->FTD,d1,o_min,m047529_o_min_ord3_rk00015,0.4026914764491162,0.3528348717723213
FTD->FTD,d1,o_min,m073520_o_min_ord29_rk00006,0.3984472492176368,0.3528348717723213
FTD->FTD,d1,o_min,m073530_o_min_ord29_rk00016,0.3946886773801379,0.3528348717723213
FTD->FTD,d1,o_min,m073525_o_min_ord29_rk00011,0.3932230196729259,0.3528348717723213
FTD->FTD,d1,o_min,m051522_o_min_ord7_rk00008,0.3913690261400673,0.3528348717723213
FTD->FTD,d1,o_min,m047515_o_min_ord3_rk00001,0.3880473946224659,0.3528348717723213
FTD->FTD,d1,o_min,m058526_o_min_ord14_rk00012,0.3878893274265133,0.3528348717723213
FTD->FTD,d1,o_min,m047531_o_min_ord3_rk00017,0.3847760809395681,0.3528348717723213
FTD->FTD,d1,o_min,m051515_o_min_ord7_rk00001,0.384702391096115,0.3528348717723213
FTD->FTD,d1,o_min,m047533_o_min_ord3_rk00019,0.3841445515178959,0.3528348717723213
FTD->FTD,d1,o_min,m047518_o_min_ord3_rk00004,0.3834524292036023,0.3528348717723213
FTD->FTD,d1,o_min,m047532_o_min_ord3_rk00018,0.3823439313517078,0.3528348717723213
FTD->FTD,d1,o_min,m047527_o_min_ord3_rk00013,0.3820379823010879,0.3528348717723213
FTD->FTD,d1,o_min,m073526_o_min_ord29_rk00012,0.3812793652539754,0.3528348717723213
FTD->FTD,d1,o_min,m073516_o_min_ord29_rk00002,0.3812238642755072,0.3528348717723213
FTD->FTD,d1,o_min,m072515_o_min_ord28_rk00001,0.3812205016408568,0.3528348717723213
FTD->FTD,d1,o_min,m049531_o_min_ord5_rk00017,0.3807584290576261,0.3528348717723213
FTD->FTD,d1,o_min,m047530_o_min_ord3_rk00016,0.3795672236558078,0.3528348717723213
FTD->FTD,d1,o_min,m050521_o_min_ord6_rk00007,0.3795051147158076,0.3528348717723213
FTD->FTD,d1,o_min,m047521_o_min_ord3_rk00007,0.3781039498302372,0.3528348717723213
FTD->FTD,d2,o_max,m001012_o_max_ord4_rk00013,0.4035139235434565,0.3437149868573901
FTD->FTD,d2,o_max,m002012_o_max_ord5_rk00013,0.4007485045205456,0.3437149868573901
FTD->FTD,d2,o_max,m002009_o_max_ord5_rk00010,0.3999596831289331,0.3437149868573901
FTD->FTD,d2,o_max,m003019_o_max_ord6_rk00020,0.3986720375903624,0.3437149868573901
FTD->FTD,d2,o_max,m018011_o_max_ord21_rk00012,0.3975301188903151,0.3437149868573901
FTD->FTD,d2,o_max,m001017_o_max_ord4_rk00018,0.3960546878967618,0.3437149868573901
FTD->FTD,d2,o_max,m002019_o_max_ord5_rk00020,0.393341003960955,0.3437149868573901
FTD->FTD,d2,o_max,m000016_o_max_ord3_rk00017,0.3931820724271191,0.3437149868573901
FTD->FTD,d2,o_max,m018010_o_max_ord21_rk00011,0.3919181106250692,0.3437149868573901
FTD->FTD,d2,o_max,m000005_o_max_ord3_rk00006,0.3911144025692302,0.3437149868573901
FTD->FTD,d2,o_max,m018009_o_max_ord21_rk00010,0.3903824287161851,0.3437149868573901
FTD->FTD,d2,o_max,m013004_o_max_ord16_rk00005,0.3898600085076067,0.3437149868573901
FTD->FTD,d2,o_max,m015005_o_max_ord18_rk00006,0.3897800035595715,0.3437149868573901
FTD->FTD,d2,o_max,m023016_o_max_ord26_rk00017,0.3893277697580488,0.3437149868573901
FTD->FTD,d2,o_max,m003014_o_max_ord6_rk00015,0.3890977677556536,0.3437149868573901
FTD->FTD,d2,o_max,m018007_o_max_ord21_rk00008,0.3886785045963999,0.3437149868573901
FTD->FTD,d2,o_max,m018005_o_max_ord21_rk00006,0.3885619859859015,0.3437149868573901
FTD->FTD,d2,o_max,m022018_o_max_ord25_rk00019,0.3883141060704675,0.3437149868573901
FTD->FTD,d2,o_max,m000012_o_max_ord3_rk00013,0.3881140412763112,0.3437149868573901
FTD->FTD,d2,o_max,m016002_o_max_ord19_rk00003,0.3879728563743875,0.3437149868573901
FTD->FTD,d2,o_min,m073530_o_min_ord29_rk00016,0.398537606767549,0.3437149868573901
FTD->FTD,d2,o_min,m073520_o_min_ord29_rk00006,0.3953953212846933,0.3437149868573901
FTD->FTD,d2,o_min,m073525_o_min_ord29_rk00011,0.3901034938378359,0.3437149868573901
FTD->FTD,d2,o_min,m073526_o_min_ord29_rk00012,0.3830295501846348,0.3437149868573901
FTD->FTD,d2,o_min,m047529_o_min_ord3_rk00015,0.3802590034645065,0.3437149868573901
FTD->FTD,d2,o_min,m051522_o_min_ord7_rk00008,0.3787261260172141,0.3437149868573901
FTD->FTD,d2,o_min,m049531_o_min_ord5_rk00017,0.3767711578130164,0.3437149868573901
FTD->FTD,d2,o_min,m054526_o_min_ord10_rk00012,0.3756383251938007,0.3437149868573901
FTD->FTD,d2,o_min,m047527_o_min_ord3_rk00013,0.3751596498493063,0.3437149868573901
FTD->FTD,d2,o_min,m073516_o_min_ord29_rk00002,0.3744291550572951,0.3437149868573901
FTD->FTD,d2,o_min,m047532_o_min_ord3_rk00018,0.3724105870109826,0.3437149868573901
FTD->FTD,d2,o_min,m047522_o_min_ord3_rk00008,0.3722139300339068,0.3437149868573901
FTD->FTD,d2,o_min,m074515_o_min_ord30_rk00001,0.3687918964799308,0.3437149868573901
FTD->FTD,d2,o_min,m047524_o_min_ord3_rk00010,0.3684866914122933,0.3437149868573901
FTD->FTD,d2,o_min,m047516_o_min_ord3_rk00002,0.3679104619125631,0.3437149868573901
FTD->FTD,d2,o_min,m050521_o_min_ord6_rk00007,0.3677263608250366,0.3437149868573901
FTD->FTD,d2,o_min,m047533_o_min_ord3_rk00019,0.3675986554606777,0.3437149868573901
FTD->FTD,d2,o_min,m047518_o_min_ord3_rk00004,0.3673780738969353,0.3437149868573901
FTD->FTD,d2,o_min,m051533_o_min_ord7_rk00019,0.3671557661709921,0.3437149868573901
FTD->FTD,d2,o_min,m073522_o_min_ord29_rk00008,0.3651761706960184,0.3437149868573901
FTD->FTD,d3,o_max,m003019_o_max_ord6_rk00020,0.4049054323364385,0.3375938502885703
FTD->FTD,d3,o_max,m002009_o_max_ord5_rk00010,0.4001007448825875,0.3375938502885703
FTD->FTD,d3,o_max,m002019_o_max_ord5_rk00020,0.3981881345564317,0.3375938502885703
FTD->FTD,d3,o_max,m002012_o_max_ord5_rk00013,0.39676979197713,0.3375938502885703
FTD->FTD,d3,o_max,m001017_o_max_ord4_rk00018,0.3948760566993775,0.3375938502885703
FTD->FTD,d3,o_max,m009009_o_max_ord12_rk00010,0.3912821514877179,0.3375938502885703
FTD->FTD,d3,o_max,m017016_o_max_ord20_rk00017,0.388149767173794,0.3375938502885703
FTD->FTD,d3,o_max,m020018_o_max_ord23_rk00019,0.3878928598317912,0.3375938502885703
FTD->FTD,d3,o_max,m023016_o_max_ord26_rk00017,0.3871855301916843,0.3375938502885703
FTD->FTD,d3,o_max,m001012_o_max_ord4_rk00013,0.3868352595354908,0.3375938502885703
FTD->FTD,d3,o_max,m016001_o_max_ord19_rk00002,0.385683005966532,0.3375938502885703
FTD->FTD,d3,o_max,m027019_o_max_ord30_rk00020,0.3854545267145396,0.3375938502885703
FTD->FTD,d3,o_max,m015003_o_max_ord18_rk00004,0.3853876554409786,0.3375938502885703
FTD->FTD,d3,o_max,m027001_o_max_ord30_rk00002,0.3852361225710485,0.3375938502885703
FTD->FTD,d3,o_max,m023017_o_max_ord26_rk00018,0.3848500848636969,0.3375938502885703
FTD->FTD,d3,o_max,m015001_o_max_ord18_rk00002,0.3845076463549904,0.3375938502885703
FTD->FTD,d3,o_max,m000012_o_max_ord3_rk00013,0.3839960984724253,0.3375938502885703
FTD->FTD,d3,o_max,m003014_o_max_ord6_rk00015,0.3839767632124733,0.3375938502885703
FTD->FTD,d3,o_max,m001005_o_max_ord4_rk00006,0.3837419108722475,0.3375938502885703
FTD->FTD,d3,o_max,m016007_o_max_ord19_rk00008,0.3832740300513413,0.3375938502885703
FTD->FTD,d3,o_min,m047529_o_min_ord3_rk00015,0.3965442775065835,0.3375938502885703
FTD->FTD,d3,o_min,m073530_o_min_ord29_rk00016,0.3863014563771338,0.3375938502885703
FTD->FTD,d3,o_min,m073525_o_min_ord29_rk00011,0.3854375940026061,0.3375938502885703
FTD->FTD,d3,o_min,m073526_o_min_ord29_rk00012,0.3820122282964762,0.3375938502885703
FTD->FTD,d3,o_min,m073520_o_min_ord29_rk00006,0.376642118365093,0.3375938502885703
FTD->FTD,d3,o_min,m047518_o_min_ord3_rk00004,0.3738117823742589,0.3375938502885703
FTD->FTD,d3,o_min,m047516_o_min_ord3_rk00002,0.3730852995153063,0.3375938502885703
FTD->FTD,d3,o_min,m047532_o_min_ord3_rk00018,0.3729000952797374,0.3375938502885703
FTD->FTD,d3,o_min,m047527_o_min_ord3_rk00013,0.3710276881875037,0.3375938502885703
FTD->FTD,d3,o_min,m047530_o_min_ord3_rk00016,0.3703295277234729,0.3375938502885703
FTD->FTD,d3,o_min,m054526_o_min_ord10_rk00012,0.3687306263324426,0.3375938502885703
FTD->FTD,d3,o_min,m073519_o_min_ord29_rk00005,0.3677207734147354,0.3375938502885703
FTD->FTD,d3,o_min,m047533_o_min_ord3_rk00019,0.3674302430623986,0.3375938502885703
FTD->FTD,d3,o_min,m051533_o_min_ord7_rk00019,0.3670379486235638,0.3375938502885703
FTD->FTD,d3,o_min,m050521_o_min_ord6_rk00007,0.3668732728117084,0.3375938502885703
FTD->FTD,d3,o_min,m073534_o_min_ord29_rk00020,0.3660630855088769,0.3375938502885703
FTD->FTD,d3,o_min,m051522_o_min_ord7_rk00008,0.36604825611292,0.3375938502885703
FTD->FTD,d3,o_min,m063522_o_min_ord19_rk00008,0.3652891757201422,0.3375938502885703
FTD->FTD,d3,o_min,m072522_o_min_ord28_rk00008,0.3643913815800983,0.3375938502885703
FTD->FTD,d3,o_min,m073522_o_min_ord29_rk00008,0.363156555597952,0.3375938502885703
FTD->AD,OLS,o_max,m000001_o_max_ord3_rk00002,0.2421131388485228,0.2476206734949112
FTD->AD,OLS,o_max,m000010_o_max_ord3_rk00011,0.2028798569066958,0.2476206734949112
FTD->AD,OLS,o_max,m000006_o_max_ord3_rk00007,0.1948819563565915,0.2476206734949112
FTD->AD,OLS,o_max,m000018_o_max_ord3_rk00019,0.1930899979116797,0.2476206734949112
FTD->AD,OLS,o_max,m000003_o_max_ord3_rk00004,0.18285338382129,0.2476206734949112
FTD->AD,OLS,o_max,m000013_o_max_ord3_rk00014,0.1789857456399485,0.2476206734949112
FTD->AD,OLS,o_max,m000007_o_max_ord3_rk00008,0.1786899586574122,0.2476206734949112
FTD->AD,OLS,o_max,m000009_o_max_ord3_rk00010,0.1754757786579377,0.2476206734949112
FTD->AD,OLS,o_max,m015016_o_max_ord18_rk00017,0.1738978874939488,0.2476206734949112
FTD->AD,OLS,o_max,m000005_o_max_ord3_rk00006,0.1706567522111287,0.2476206734949112
FTD->AD,OLS,o_max,m001005_o_max_ord4_rk00006,0.1682672311901416,0.2476206734949112
FTD->AD,OLS,o_max,m000008_o_max_ord3_rk00009,0.1663806467754928,0.2476206734949112
FTD->AD,OLS,o_max,m000016_o_max_ord3_rk00017,0.1654376738001644,0.2476206734949112
FTD->AD,OLS,o_max,m002014_o_max_ord5_rk00015,0.1634770659245422,0.2476206734949112
FTD->AD,OLS,o_max,m000011_o_max_ord3_rk00012,0.1632216745225293,0.2476206734949112
FTD->AD,OLS,o_max,m014002_o_max_ord17_rk00003,0.1556524162171223,0.2476206734949112
FTD->AD,OLS,o_max,m015018_o_max_ord18_rk00019,0.1535148974636343,0.2476206734949112
FTD->AD,OLS,o_max,m002018_o_max_ord5_rk00019,0.1514645611694614,0.2476206734949112
FTD->AD,OLS,o_max,m003014_o_max_ord6_rk00015,0.1503719064226782,0.2476206734949112
FTD->AD,OLS,o_max,m000004_o_max_ord3_rk00005,0.1486341301603221,0.2476206734949112
FTD->AD,OLS,o_min,m052532_o_min_ord8_rk00018,0.3251361527356698,0.2476206734949112
FTD->AD,OLS,o_min,m051531_o_min_ord7_rk00017,0.3038921608028352,0.2476206734949112
FTD->AD,OLS,o_min,m049527_o_min_ord5_rk00013,0.2932436436371075,0.2476206734949112
FTD->AD,OLS,o_min,m051532_o_min_ord7_rk00018,0.2907874592807461,0.2476206734949112
FTD->AD,OLS,o_min,m052524_o_min_ord8_rk00010,0.2886862097347146,0.2476206734949112
FTD->AD,OLS,o_min,m047517_o_min_ord3_rk00003,0.2872498024730453,0.2476206734949112
FTD->AD,OLS,o_min,m051518_o_min_ord7_rk00004,0.2871875793155297,0.2476206734949112
FTD->AD,OLS,o_min,m051526_o_min_ord7_rk00012,0.2484035867174228,0.2476206734949112
FTD->AD,OLS,o_min,m053533_o_min_ord9_rk00019,0.2309415333806898,0.2476206734949112
FTD->AD,OLS,o_min,m053529_o_min_ord9_rk00015,0.2281106852149474,0.2476206734949112
FTD->AD,OLS,o_min,m050532_o_min_ord6_rk00018,0.2257954130372835,0.2476206734949112
FTD->AD,OLS,o_min,m053527_o_min_ord9_rk00013,0.2255138723136889,0.2476206734949112
FTD->AD,OLS,o_min,m048532_o_min_ord4_rk00018,0.2254618117651311,0.2476206734949112
FTD->AD,OLS,o_min,m052517_o_min_ord8_rk00003,0.2251708356044615,0.2476206734949112
FTD->AD,OLS,o_min,m053523_o_min_ord9_rk00009,0.2238664253790646,0.2476206734949112
FTD->AD,OLS,o_min,m050533_o_min_ord6_rk00019,0.2233422380769564,0.2476206734949112
FTD->AD,OLS,o_min,m047525_o_min_ord3_rk00011,0.219591618439739,0.2476206734949112
FTD->AD,OLS,o_min,m051521_o_min_ord7_rk00007,0.2189094135311844,0.2476206734949112
FTD->AD,OLS,o_min,m048521_o_min_ord4_rk00007,0.2182334885615143,0.2476206734949112
FTD->AD,OLS,o_min,m050531_o_min_ord6_rk00017,0.216657521851167,0.2476206734949112
FTD->AD,d1,o_max,m003019_o_max_ord6_rk00020,0.257315400337142,0.2552354498944273
FTD->AD,d1,o_max,m000001_o_max_ord3_rk00002,0.2462602283411706,0.2552354498944273
FTD->AD,d1,o_max,m001007_o_max_ord4_rk00008,0.2460591908801098,0.2552354498944273
FTD->AD,d1,o_max,m003014_o_max_ord6_rk00015,0.2387991893251106,0.2552354498944273
FTD->AD,d1,o_max,m001012_o_max_ord4_rk00013,0.2370755045376723,0.2552354498944273
FTD->AD,d1,o_max,m001019_o_max_ord4_rk00020,0.2329095312495915,0.2552354498944273
FTD->AD,d1,o_max,m002009_o_max_ord5_rk00010,0.2317469855299814,0.2552354498944273
FTD->AD,d1,o_max,m000003_o_max_ord3_rk00004,0.2204843299317276,0.2552354498944273
FTD->AD,d1,o_max,m001016_o_max_ord4_rk00017,0.2159842770523606,0.2552354498944273
FTD->AD,d1,o_max,m001005_o_max_ord4_rk00006,0.2112095041334738,0.2552354498944273
FTD->AD,d1,o_max,m025003_o_max_ord28_rk00004,0.2094547688679968,0.2552354498944273
FTD->AD,d1,o_max,m025014_o_max_ord28_rk00015,0.2084566918425112,0.2552354498944273
FTD->AD,d1,o_max,m000013_o_max_ord3_rk00014,0.2079579385886153,0.2552354498944273
FTD->AD,d1,o_max,m002019_o_max_ord5_rk00020,0.2070172815390993,0.2552354498944273
FTD->AD,d1,o_max,m002012_o_max_ord5_rk00013,0.2064682424089691,0.2552354498944273
FTD->AD,d1,o_max,m025017_o_max_ord28_rk00018,0.2031826504126135,0.2552354498944273
FTD->AD,d1,o_max,m000010_o_max_ord3_rk00011,0.2024110527155774,0.2552354498944273
FTD->AD,d1,o_max,m000016_o_max_ord3_rk00017,0.1999641885157164,0.2552354498944273
FTD->AD,d1,o_max,m023016_o_max_ord26_rk00017,0.1992084734884813,0.2552354498944273
FTD->AD,d1,o_max,m000015_o_max_ord3_rk00016,0.197711433944589,0.2552354498944273
FTD->AD,d1,o_min,m049530_o_min_ord5_rk00016,0.2790263537686606,0.2552354498944273
FTD->AD,d1,o_min,m048518_o_min_ord4_rk00004,0.2631905022081273,0.2552354498944273
FTD->AD,d1,o_min,m072528_o_min_ord28_rk00014,0.2629011874774197,0.2552354498944273
FTD->AD,d1,o_min,m048529_o_min_ord4_rk00015,0.2615564539875782,0.2552354498944273
FTD->AD,d1,o_min,m061523_o_min_ord17_rk00009,0.2569997804779766,0.2552354498944273
FTD->AD,d1,o_min,m048532_o_min_ord4_rk00018,0.2553895155740553,0.2552354498944273
FTD->AD,d1,o_min,m072522_o_min_ord28_rk00008,0.2551507883378024,0.2552354498944273
FTD->AD,d1,o_min,m072530_o_min_ord28_rk00016,0.2542018673278617,0.2552354498944273
FTD->AD,d1,o_min,m047520_o_min_ord3_rk00006,0.2539149333731737,0.2552354498944273
FTD->AD,d1,o_min,m071529_o_min_ord27_rk00015,0.2533758032348486,0.2552354498944273
FTD->AD,d1,o_min,m048523_o_min_ord4_rk00009,0.2525830247271571,0.2552354498944273
FTD->AD,d1,o_min,m048516_o_min_ord4_rk00002,0.2519262727255928,0.2552354498944273
FTD->AD,d1,o_min,m048517_o_min_ord4_rk00003,0.250744526587187,0.2552354498944273
FTD->AD,d1,o_min,m047529_o_min_ord3_rk00015,0.2497647972139884,0.2552354498944273
FTD->AD,d1,o_min,m049533_o_min_ord5_rk00019,0.2483292363109208,0.2552354498944273
FTD->AD,d1,o_min,m072527_o_min_ord28_rk00013,0.2473802233712791,0.2552354498944273
FTD->AD,d1,o_min,m061527_o_min_ord17_rk00013,0.2469726657015901,0.2552354498944273
FTD->AD,d1,o_min,m073534_o_min_ord29_rk00020,0.2466626937245062,0.2552354498944273
FTD->AD,d1,o_min,m072524_o_min_ord28_rk00010,0.2466462454664003,0.2552354498944273
FTD->AD,d1,o_min,m073520_o_min_ord29_rk00006,0.2461257190004721,0.2552354498944273
FTD->AD,d2,o_max,m000003_o_max_ord3_rk00004,0.2729719756880072,0.2494289876672275
FTD->AD,d2,o_max,m002009_o_max_ord5_rk00010,0.2675675028950625,0.2494289876672275
FTD->AD,d2,o_max,m003019_o_max_ord6_rk00020,0.2584235682200949,0.2494289876672275
FTD->AD,d2,o_max,m000005_o_max_ord3_rk00006,0.2565230546443396,0.2494289876672275
FTD->AD,d2,o_max,m003014_o_max_ord6_rk00015,0.2540217968802611,0.2494289876672275
FTD->AD,d2,o_max,m001007_o_max_ord4_rk00008,0.2524846598540963,0.2494289876672275
FTD->AD,d2,o_max,m001005_o_max_ord4_rk00006,0.25225048353781,0.2494289876672275
FTD->AD,d2,o_max,m001012_o_max_ord4_rk00013,0.2511956573745848,0.2494289876672275
FTD->AD,d2,o_max,m000001_o_max_ord3_rk00002,0.2477530431336509,0.2494289876672275
FTD->AD,d2,o_max,m000016_o_max_ord3_rk00017,0.2406217398115641,0.2494289876672275
FTD->AD,d2,o_max,m002012_o_max_ord5_rk00013,0.2397777795985227,0.2494289876672275
FTD->AD,d2,o_max,m000013_o_max_ord3_rk00014,0.2394219674217171,0.2494289876672275
FTD->AD,d2,o_max,m022011_o_max_ord25_rk00012,0.2374906952115223,0.2494289876672275
FTD->AD,d2,o_max,m022015_o_max_ord25_rk00016,0.2350268835640426,0.2494289876672275
FTD->AD,d2,o_max,m000010_o_max_ord3_rk00011,0.2342215014448101,0.2494289876672275
FTD->AD,d2,o_max,m018019_o_max_ord21_rk00020,0.2271154797234512,0.2494289876672275
FTD->AD,d2,o_max,m018005_o_max_ord21_rk00006,0.2270488537821349,0.2494289876672275
FTD->AD,d2,o_max,m001019_o_max_ord4_rk00020,0.2238070263058108,0.2494289876672275
FTD->AD,d2,o_max,m022017_o_max_ord25_rk00018,0.2210843232960252,0.2494289876672275
FTD->AD,d2,o_max,m022018_o_max_ord25_rk00019,0.2203603412520803,0.2494289876672275
FTD->AD,d2,o_min,m048516_o_min_ord4_rk00002,0.2679755473609443,0.2494289876672275
FTD->AD,d2,o_min,m049530_o_min_ord5_rk00016,0.2660244661301435,0.2494289876672275
FTD->AD,d2,o_min,m048517_o_min_ord4_rk00003,0.2619207311094521,0.2494289876672275
FTD->AD,d2,o_min,m048532_o_min_ord4_rk00018,0.2614784263824531,0.2494289876672275
FTD->AD,d2,o_min,m048523_o_min_ord4_rk00009,0.258051080122089,0.2494289876672275
FTD->AD,d2,o_min,m048518_o_min_ord4_rk00004,0.2567906202889788,0.2494289876672275
FTD->AD,d2,o_min,m061527_o_min_ord17_rk00013,0.2537661018268798,0.2494289876672275
FTD->AD,d2,o_min,m073525_o_min_ord29_rk00011,0.2483209879783765,0.2494289876672275
FTD->AD,d2,o_min,m073518_o_min_ord29_rk00004,0.2481949936784947,0.2494289876672275
FTD->AD,d2,o_min,m050532_o_min_ord6_rk00018,0.2477844000476523,0.2494289876672275
FTD->AD,d2,o_min,m048529_o_min_ord4_rk00015,0.2468224924273481,0.2494289876672275
FTD->AD,d2,o_min,m048519_o_min_ord4_rk00005,0.2458152515849743,0.2494289876672275
FTD->AD,d2,o_min,m071529_o_min_ord27_rk00015,0.2450845789574746,0.2494289876672275
FTD->AD,d2,o_min,m047532_o_min_ord3_rk00018,0.2422554776207512,0.2494289876672275
FTD->AD,d2,o_min,m047520_o_min_ord3_rk00006,0.2408777467498551,0.2494289876672275
FTD->AD,d2,o_min,m073515_o_min_ord29_rk00001,0.2380263840599167,0.2494289876672275
FTD->AD,d2,o_min,m072529_o_min_ord28_rk00015,0.2377777771562054,0.2494289876672275
FTD->AD,d2,o_min,m073520_o_min_ord29_rk00006,0.2377252977558402,0.2494289876672275
FTD->AD,d2,o_min,m061517_o_min_ord17_rk00003,0.2374044620199921,0.2494289876672275
FTD->AD,d2,o_min,m072530_o_min_ord28_rk00016,0.2373857764816115,0.2494289876672275
FTD->AD,d3,o_max,m000003_o_max_ord3_rk00004,0.272620791358276,0.2405382957140676
FTD->AD,d3,o_max,m003014_o_max_ord6_rk00015,0.2648941465490236,0.2405382957140676
FTD->AD,d3,o_max,m003019_o_max_ord6_rk00020,0.2638224572204087,0.2405382957140676
FTD->AD,d3,o_max,m001005_o_max_ord4_rk00006,0.2626488972767398,0.2405382957140676
FTD->AD,d3,o_max,m000005_o_max_ord3_rk00006,0.2607442580034803,0.2405382957140676
FTD->AD,d3,o_max,m002012_o_max_ord5_rk00013,0.2565191105289719,0.2405382957140676
FTD->AD,d3,o_max,m001012_o_max_ord4_rk00013,0.2550936075864861,0.2405382957140676
FTD->AD,d3,o_max,m009009_o_max_ord12_rk00010,0.250054411796459,0.2405382957140676
FTD->AD,d3,o_max,m002009_o_max_ord5_rk00010,0.2494340680543838,0.2405382957140676
FTD->AD,d3,o_max,m006010_o_max_ord9_rk00011,0.2466507544925286,0.2405382957140676
FTD->AD,d3,o_max,m018000_o_max_ord21_rk00001,0.2450790584182521,0.2405382957140676
FTD->AD,d3,o_max,m027003_o_max_ord30_rk00004,0.2346173650915565,0.2405382957140676
FTD->AD,d3,o_max,m009011_o_max_ord12_rk00012,0.2336851001830061,0.2405382957140676
FTD->AD,d3,o_max,m000012_o_max_ord3_rk00013,0.2300849717170271,0.2405382957140676
FTD->AD,d3,o_max,m000016_o_max_ord3_rk00017,0.2299976046835313,0.2405382957140676
FTD->AD,d3,o_max,m001007_o_max_ord4_rk00008,0.2289834468289852,0.2405382957140676
FTD->AD,d3,o_max,m027001_o_max_ord30_rk00002,0.2283867041055692,0.2405382957140676
FTD->AD,d3,o_max,m027019_o_max_ord30_rk00020,0.226481279505492,0.2405382957140676
FTD->AD,d3,o_max,m009002_o_max_ord12_rk00003,0.225991967879644,0.2405382957140676
FTD->AD,d3,o_max,m020018_o_max_ord23_rk00019,0.2257845674458699,0.2405382957140676
FTD->AD,d3,o_min,m071529_o_min_ord27_rk00015,0.2741442828888853,0.2405382957140676
FTD->AD,d3,o_min,m049530_o_min_ord5_rk00016,0.2587647755880216,0.2405382957140676
FTD->AD,d3,o_min,m061523_o_min_ord17_rk00009,0.2497392730944823,0.2405382957140676
FTD->AD,d3,o_min,m048518_o_min_ord4_rk00004,0.2491433758982294,0.2405382957140676
FTD->AD,d3,o_min,m071521_o_min_ord27_rk00007,0.2483642150582529,0.2405382957140676
FTD->AD,d3,o_min,m048516_o_min_ord4_rk00002,0.2480976471169753,0.2405382957140676
FTD->AD,d3,o_min,m074529_o_min_ord30_rk00015,0.2464352647315913,0.2405382957140676
FTD->AD,d3,o_min,m061527_o_min_ord17_rk00013,0.2431921186200243,0.2405382957140676
FTD->AD,d3,o_min,m048519_o_min_ord4_rk00005,0.2424531199433258,0.2405382957140676
FTD->AD,d3,o_min,m047529_o_min_ord3_rk00015,0.2394644409380749,0.2405382957140676
FTD->AD,d3,o_min,m048517_o_min_ord4_rk00003,0.2361963984264098,0.2405382957140676
FTD->AD,d3,o_min,m074515_o_min_ord30_rk00001,0.2361603800973396,0.2405382957140676
FTD->AD,d3,o_min,m065522_o_min_ord21_rk00008,0.2357965857976615,0.2405382957140676
FTD->AD,d3,o_min,m059526_o_min_ord15_rk00012,0.2340907632236836,0.2405382957140676
FTD->AD,d3,o_min,m073525_o_min_ord29_rk00011,0.2329960632635225,0.2405382957140676
FTD->AD,d3,o_min,m047534_o_min_ord3_rk00020,0.2328837990320599,0.2405382957140676
FTD->AD,d3,o_min,m069530_o_min_ord25_rk00016,0.2320438696612391,0.2405382957140676
FTD->AD,d3,o_min,m059516_o_min_ord15_rk00002,0.2317243360818571,0.2405382957140676
FTD->AD,d3,o_min,m074525_o_min_ord30_rk00011,0.2311484044370412,0.2405382957140676
FTD->AD,d3,o_min,m068532_o_min_ord24_rk00018,0.2308723379678359,0.2405382957140676
AD+FTD->AD,OLS,o_max,m000009_o_max_ord3_rk00010,0.4886431326436805,0.4493987476236963
AD+FTD->AD,OLS,o_max,m000011_o_max_ord3_rk00012,0.4872481050377367,0.4493987476236963
AD+FTD->AD,OLS,o_max,m000019_o_max_ord3_rk00020,0.4872207806784008,0.4493987476236963
AD+FTD->AD,OLS,o_max,m001008_o_max_ord4_rk00009,0.4865993151272683,0.4493987476236963
AD+FTD->AD,OLS,o_max,m000002_o_max_ord3_rk00003,0.4860487571052604,0.4493987476236963
AD+FTD->AD,OLS,o_max,m002004_o_max_ord5_rk00005,0.4851873629130336,0.4493987476236963
AD+FTD->AD,OLS,o_max,m000010_o_max_ord3_rk00011,0.4848087679258605,0.4493987476236963
AD+FTD->AD,OLS,o_max,m000007_o_max_ord3_rk00008,0.4843795480935376,0.4493987476236963
AD+FTD->AD,OLS,o_max,m001013_o_max_ord4_rk00014,0.4843208126569331,0.4493987476236963
AD+FTD->AD,OLS,o_max,m001006_o_max_ord4_rk00007,0.4840942322876072,0.4493987476236963
AD+FTD->AD,OLS,o_max,m000018_o_max_ord3_rk00019,0.4840644956654217,0.4493987476236963
AD+FTD->AD,OLS,o_max,m000006_o_max_ord3_rk00007,0.4832474524484801,0.4493987476236963
AD+FTD->AD,OLS,o_max,m000017_o_max_ord3_rk00018,0.4832387114869571,0.4493987476236963
AD+FTD->AD,OLS,o_max,m000000_o_max_ord3_rk00001,0.4815773257902169,0.4493987476236963
AD+FTD->AD,OLS,o_max,m000003_o_max_ord3_rk00004,0.4814352708553694,0.4493987476236963
AD+FTD->AD,OLS,o_max,m002010_o_max_ord5_rk00011,0.4813268318797957,0.4493987476236963
AD+FTD->AD,OLS,o_max,m001009_o_max_ord4_rk00010,0.4797399927546277,0.4493987476236963
AD+FTD->AD,OLS,o_max,m000015_o_max_ord3_rk00016,0.478383406650825,0.4493987476236963
AD+FTD->AD,OLS,o_max,m001016_o_max_ord4_rk00017,0.4782194241414527,0.4493987476236963
AD+FTD->AD,OLS,o_max,m000014_o_max_ord3_rk00015,0.4778700090911099,0.4493987476236963
AD+FTD->AD,OLS,o_min,m048533_o_min_ord4_rk00019,0.4806273698676588,0.4493987476236963
AD+FTD->AD,OLS,o_min,m048519_o_min_ord4_rk00005,0.4733918038826011,0.4493987476236963
AD+FTD->AD,OLS,o_min,m048526_o_min_ord4_rk00012,0.4704372934431728,0.4493987476236963
AD+FTD->AD,OLS,o_min,m048528_o_min_ord4_rk00014,0.4701088401397507,0.4493987476236963
AD+FTD->AD,OLS,o_min,m048517_o_min_ord4_rk00003,0.4687772307648734,0.4493987476236963
AD+FTD->AD,OLS,o_min,m048518_o_min_ord4_rk00004,0.4670059353107709,0.4493987476236963
AD+FTD->AD,OLS,o_min,m048532_o_min_ord4_rk00018,0.4669607008226474,0.4493987476236963
AD+FTD->AD,OLS,o_min,m048530_o_min_ord4_rk00016,0.4667982495804347,0.4493987476236963
AD+FTD->AD,OLS,o_min,m048525_o_min_ord4_rk00011,0.4667456389248395,0.4493987476236963
AD+FTD->AD,OLS,o_min,m047533_o_min_ord3_rk00019,0.4667428733447929,0.4493987476236963
AD+FTD->AD,OLS,o_min,m048527_o_min_ord4_rk00013,0.4652754340493796,0.4493987476236963
AD+FTD->AD,OLS,o_min,m048520_o_min_ord4_rk00006,0.4628588868765556,0.4493987476236963
AD+FTD->AD,OLS,o_min,m047515_o_min_ord3_rk00001,0.4622691651104427,0.4493987476236963
AD+FTD->AD,OLS,o_min,m047527_o_min_ord3_rk00013,0.462043160472148,0.4493987476236963
AD+FTD->AD,OLS,o_min,m047521_o_min_ord3_rk00007,0.4600326427215262,0.4493987476236963
AD+FTD->AD,OLS,o_min,m048522_o_min_ord4_rk00008,0.4584583726830505,0.4493987476236963
AD+FTD->AD,OLS,o_min,m047532_o_min_ord3_rk00018,0.4584330006838739,0.4493987476236963
AD+FTD->AD,OLS,o_min,m047534_o_min_ord3_rk00020,0.457932951772204,0.4493987476236963
AD+FTD->AD,OLS,o_min,m048524_o_min_ord4_rk00010,0.4570737924869567,0.4493987476236963
AD+FTD->AD,OLS,o_min,m048523_o_min_ord4_rk00009,0.452311891474478,0.4493987476236963
AD+FTD->AD,d1,o_max,m004005_o_max_ord7_rk00006,0.4126918087024512,0.3972897912549499
AD+FTD->AD,d1,o_max,m004008_o_max_ord7_rk00009,0.4074693418797457,0.3972897912549499
AD+FTD->AD,d1,o_max,m000017_o_max_ord3_rk00018,0.4068944174514927,0.3972897912549499
AD+FTD->AD,d1,o_max,m000007_o_max_ord3_rk00008,0.4035339442143922,0.3972897912549499
AD+FTD->AD,d1,o_max,m001010_o_max_ord4_rk00011,0.402106683334599,0.3972897912549499
AD+FTD->AD,d1,o_max,m003000_o_max_ord6_rk00001,0.4020160454784569,0.3972897912549499
AD+FTD->AD,d1,o_max,m000005_o_max_ord3_rk00006,0.4015327514314467,0.3972897912549499
AD+FTD->AD,d1,o_max,m003010_o_max_ord6_rk00011,0.4001823836938615,0.3972897912549499
AD+FTD->AD,d1,o_max,m005017_o_max_ord8_rk00018,0.3998620493137456,0.3972897912549499
AD+FTD->AD,d1,o_max,m006001_o_max_ord9_rk00002,0.3988304678158604,0.3972897912549499
AD+FTD->AD,d1,o_max,m004001_o_max_ord7_rk00002,0.3985516430650914,0.3972897912549499
AD+FTD->AD,d1,o_max,m002002_o_max_ord5_rk00003,0.3981263399868046,0.3972897912549499
AD+FTD->AD,d1,o_max,m006013_o_max_ord9_rk00014,0.398006300969808,0.3972897912549499
AD+FTD->AD,d1,o_max,m004017_o_max_ord7_rk00018,0.397921503600731,0.3972897912549499
AD+FTD->AD,d1,o_max,m000016_o_max_ord3_rk00017,0.3973645374623699,0.3972897912549499
AD+FTD->AD,d1,o_max,m004010_o_max_ord7_rk00011,0.3973544570011574,0.3972897912549499
AD+FTD->AD,d1,o_max,m006016_o_max_ord9_rk00017,0.3969993099331116,0.3972897912549499
AD+FTD->AD,d1,o_max,m004009_o_max_ord7_rk00010,0.3968752023025393,0.3972897912549499
AD+FTD->AD,d1,o_max,m003018_o_max_ord6_rk00019,0.3965976973261657,0.3972897912549499
AD+FTD->AD,d1,o_max,m004000_o_max_ord7_rk00001,0.3965064947379985,0.3972897912549499
AD+FTD->AD,d1,o_min,m071517_o_min_ord27_rk00003,0.4424315778542732,0.3972897912549499
AD+FTD->AD,d1,o_min,m070527_o_min_ord26_rk00013,0.4420400261970485,0.3972897912549499
AD+FTD->AD,d1,o_min,m069531_o_min_ord25_rk00017,0.439106309688095,0.3972897912549499
AD+FTD->AD,d1,o_min,m071518_o_min_ord27_rk00004,0.4390222760473935,0.3972897912549499
AD+FTD->AD,d1,o_min,m067522_o_min_ord23_rk00008,0.4384113101283291,0.3972897912549499
AD+FTD->AD,d1,o_min,m066527_o_min_ord22_rk00013,0.4382632586569777,0.3972897912549499
AD+FTD->AD,d1,o_min,m072533_o_min_ord28_rk00019,0.4381484247906301,0.3972897912549499
AD+FTD->AD,d1,o_min,m068528_o_min_ord24_rk00014,0.4375284302515009,0.3972897912549499
AD+FTD->AD,d1,o_min,m062529_o_min_ord18_rk00015,0.4372369889964403,0.3972897912549499
AD+FTD->AD,d1,o_min,m062533_o_min_ord18_rk00019,0.436474649527371,0.3972897912549499
AD+FTD->AD,d1,o_min,m071533_o_min_ord27_rk00019,0.4361505462733763,0.3972897912549499
AD+FTD->AD,d1,o_min,m048521_o_min_ord4_rk00007,0.4358946106068898,0.3972897912549499
AD+FTD->AD,d1,o_min,m070516_o_min_ord26_rk00002,0.4358701099103953,0.3972897912549499
AD+FTD->AD,d1,o_min,m072521_o_min_ord28_rk00007,0.4358559779493755,0.3972897912549499
AD+FTD->AD,d1,o_min,m064528_o_min_ord20_rk00014,0.4357688079263991,0.3972897912549499
AD+FTD->AD,d1,o_min,m061533_o_min_ord17_rk00019,0.4348907324251926,0.3972897912549499
AD+FTD->AD,d1,o_min,m066522_o_min_ord22_rk00008,0.4345579547813137,0.3972897912549499
AD+FTD->AD,d1,o_min,m066516_o_min_ord22_rk00002,0.4343743008472276,0.3972897912549499
AD+FTD->AD,d1,o_min,m069523_o_min_ord25_rk00009,0.4339061609571177,0.3972897912549499
AD+FTD->AD,d1,o_min,m065525_o_min_ord21_rk00011,0.4338061592780283,0.3972897912549499
AD+FTD->AD,d2,o_max,m001016_o_max_ord4_rk00017,0.4382890333314694,0.385051894620197
AD+FTD->AD,d2,o_max,m000015_o_max_ord3_rk00016,0.4373387707765342,0.385051894620197
AD+FTD->AD,d2,o_max,m001010_o_max_ord4_rk00011,0.40763982586407,0.385051894620197
AD+FTD->AD,d2,o_max,m004017_o_max_ord7_rk00018,0.4074665820179921,0.385051894620197
AD+FTD->AD,d2,o_max,m000007_o_max_ord3_rk00008,0.4019223248972582,0.385051894620197
AD+FTD->AD,d2,o_max,m000017_o_max_ord3_rk00018,0.4011415429259186,0.385051894620197
AD+FTD->AD,d2,o_max,m002009_o_max_ord5_rk00010,0.4006121679280857,0.385051894620197
AD+FTD->AD,d2,o_max,m004001_o_max_ord7_rk00002,0.4003727095150386,0.385051894620197
AD+FTD->AD,d2,o_max,m000013_o_max_ord3_rk00014,0.399941212554163,0.385051894620197
AD+FTD->AD,d2,o_max,m001012_o_max_ord4_rk00013,0.3994475248070754,0.385051894620197
AD+FTD->AD,d2,o_max,m000016_o_max_ord3_rk00017,0.3985855171226345,0.385051894620197
AD+FTD->AD,d2,o_max,m001005_o_max_ord4_rk00006,0.3984424477923869,0.385051894620197
AD+FTD->AD,d2,o_max,m002014_o_max_ord5_rk00015,0.3973069810778599,0.385051894620197
AD+FTD->AD,d2,o_max,m005017_o_max_ord8_rk00018,0.3968483456534732,0.385051894620197
AD+FTD->AD,d2,o_max,m004000_o_max_ord7_rk00001,0.3961536187850467,0.385051894620197
AD+FTD->AD,d2,o_max,m004008_o_max_ord7_rk00009,0.3942943634040572,0.385051894620197
AD+FTD->AD,d2,o_max,m004005_o_max_ord7_rk00006,0.3932508175852749,0.385051894620197
AD+FTD->AD,d2,o_max,m002005_o_max_ord5_rk00006,0.3923662644127775,0.385051894620197
AD+FTD->AD,d2,o_max,m004010_o_max_ord7_rk00011,0.3916262558652192,0.385051894620197
AD+FTD->AD,d2,o_max,m003013_o_max_ord6_rk00014,0.3912540163221887,0.385051894620197
AD+FTD->AD,d2,o_min,m063530_o_min_ord19_rk00016,0.4622451256070082,0.385051894620197
AD+FTD->AD,d2,o_min,m063531_o_min_ord19_rk00017,0.4589765962470388,0.385051894620197
AD+FTD->AD,d2,o_min,m048521_o_min_ord4_rk00007,0.4532328936603631,0.385051894620197
AD+FTD->AD,d2,o_min,m049530_o_min_ord5_rk00016,0.4513847976345552,0.385051894620197
AD+FTD->AD,d2,o_min,m066527_o_min_ord22_rk00013,0.449749491554862,0.385051894620197
AD+FTD->AD,d2,o_min,m048516_o_min_ord4_rk00002,0.4495597156695029,0.385051894620197
AD+FTD->AD,d2,o_min,m062525_o_min_ord18_rk00011,0.448308066610339,0.385051894620197
AD+FTD->AD,d2,o_min,m070527_o_min_ord26_rk00013,0.4448274173928814,0.385051894620197
AD+FTD->AD,d2,o_min,m069532_o_min_ord25_rk00018,0.4442520012096337,0.385051894620197
AD+FTD->AD,d2,o_min,m064516_o_min_ord20_rk00002,0.4437988572832446,0.385051894620197
AD+FTD->AD,d2,o_min,m067530_o_min_ord23_rk00016,0.4424758611775515,0.385051894620197
AD+FTD->AD,d2,o_min,m063525_o_min_ord19_rk00011,0.4419445179590582,0.385051894620197
AD+FTD->AD,d2,o_min,m067531_o_min_ord23_rk00017,0.4418565140398823,0.385051894620197
AD+FTD->AD,d2,o_min,m057529_o_min_ord13_rk00015,0.4415777220171909,0.385051894620197
AD+FTD->AD,d2,o_min,m062529_o_min_ord18_rk00015,0.441110462090783,0.385051894620197
AD+FTD->AD,d2,o_min,m060534_o_min_ord16_rk00020,0.4403135532000706,0.385051894620197
AD+FTD->AD,d2,o_min,m067527_o_min_ord23_rk00013,0.4402597406593463,0.385051894620197
AD+FTD->AD,d2,o_min,m055534_o_min_ord11_rk00020,0.4393521077097359,0.385051894620197
AD+FTD->AD,d2,o_min,m072533_o_min_ord28_rk00019,0.4393049094370447,0.385051894620197
AD+FTD->AD,d2,o_min,m071531_o_min_ord27_rk00017,0.4390814073794826,0.385051894620197
AD+FTD->AD,d3,o_max,m006016_o_max_ord9_rk00017,0.4120514621641017,0.3758525528330694
AD+FTD->AD,d3,o_max,m003014_o_max_ord6_rk00015,0.4004061426238205,0.3758525528330694
AD+FTD->AD,d3,o_max,m000017_o_max_ord3_rk00018,0.4002848031232779,0.3758525528330694
AD+FTD->AD,d3,o_max,m000015_o_max_ord3_rk00016,0.3986082419978225,0.3758525528330694
AD+FTD->AD,d3,o_max,m001000_o_max_ord4_rk00001,0.3963107548813195,0.3758525528330694
AD+FTD->AD,d3,o_max,m006013_o_max_ord9_rk00014,0.393347025873945,0.3758525528330694
AD+FTD->AD,d3,o_max,m004010_o_max_ord7_rk00011,0.3926325102875709,0.3758525528330694
AD+FTD->AD,d3,o_max,m006008_o_max_ord9_rk00009,0.3914917332963119,0.3758525528330694
AD+FTD->AD,d3,o_max,m002001_o_max_ord5_rk00002,0.3913001118840411,0.3758525528330694
AD+FTD->AD,d3,o_max,m000016_o_max_ord3_rk00017,0.3908186834712033,0.3758525528330694
AD+FTD->AD,d3,o_max,m005017_o_max_ord8_rk00018,0.3903207274854112,0.3758525528330694
AD+FTD->AD,d3,o_max,m004011_o_max_ord7_rk00012,0.3886157666074096,0.3758525528330694
AD+FTD->AD,d3,o_max,m003000_o_max_ord6_rk00001,0.3883797788890473,0.3758525528330694
AD+FTD->AD,d3,o_max,m004012_o_max_ord7_rk00013,0.3875445100070859,0.3758525528330694
AD+FTD->AD,d3,o_max,m005012_o_max_ord8_rk00013,0.3869401276039323,0.3758525528330694
AD+FTD->AD,d3,o_max,m004000_o_max_ord7_rk00001,0.3869008348598497,0.3758525528330694
AD+FTD->AD,d3,o_max,m004017_o_max_ord7_rk00018,0.3867714781634453,0.3758525528330694
AD+FTD->AD,d3,o_max,m026015_o_max_ord29_rk00016,0.3851916296864857,0.3758525528330694
AD+FTD->AD,d3,o_max,m003013_o_max_ord6_rk00014,0.383527005046951,0.3758525528330694
AD+FTD->AD,d3,o_max,m023016_o_max_ord26_rk00017,0.3834587085125273,0.3758525528330694
AD+FTD->AD,d3,o_min,m062525_o_min_ord18_rk00011,0.4566477558986892,0.3758525528330694
AD+FTD->AD,d3,o_min,m061533_o_min_ord17_rk00019,0.4528965943315998,0.3758525528330694
AD+FTD->AD,d3,o_min,m049530_o_min_ord5_rk00016,0.4526704658160384,0.3758525528330694
AD+FTD->AD,d3,o_min,m066528_o_min_ord22_rk00014,0.4515773587455823,0.3758525528330694
AD+FTD->AD,d3,o_min,m060534_o_min_ord16_rk00020,0.451216982195022,0.3758525528330694
AD+FTD->AD,d3,o_min,m062515_o_min_ord18_rk00001,0.4509152865654015,0.3758525528330694
AD+FTD->AD,d3,o_min,m070519_o_min_ord26_rk00005,0.4496043270237702,0.3758525528330694
AD+FTD->AD,d3,o_min,m061520_o_min_ord17_rk00006,0.4495862043879335,0.3758525528330694
AD+FTD->AD,d3,o_min,m065515_o_min_ord21_rk00001,0.4492849792189005,0.3758525528330694
AD+FTD->AD,d3,o_min,m066527_o_min_ord22_rk00013,0.4485378164584397,0.3758525528330694
AD+FTD->AD,d3,o_min,m048521_o_min_ord4_rk00007,0.4484843138647404,0.3758525528330694
AD+FTD->AD,d3,o_min,m066534_o_min_ord22_rk00020,0.4474637218724325,0.3758525528330694
AD+FTD->AD,d3,o_min,m066520_o_min_ord22_rk00006,0.4472962089346112,0.3758525528330694
AD+FTD->AD,d3,o_min,m072533_o_min_ord28_rk00019,0.4467566543017152,0.3758525528330694
AD+FTD->AD,d3,o_min,m065516_o_min_ord21_rk00002,0.4463808045934907,0.3758525528330694
AD+FTD->AD,d3,o_min,m071531_o_min_ord27_rk00017,0.445705248263159,0.3758525528330694
AD+FTD->AD,d3,o_min,m066515_o_min_ord22_rk00001,0.445283049380002,0.3758525528330694
AD+FTD->AD,d3,o_min,m066523_o_min_ord22_rk00009,0.4433569768696063,0.3758525528330694
AD+FTD->AD,d3,o_min,m064528_o_min_ord20_rk00014,0.4431379483802627,0.3758525528330694
AD+FTD->AD,d3,o_min,m065525_o_min_ord21_rk00011,0.4426665834430677,0.3758525528330694
AD+FTD->FTD,OLS,o_max,m001011_o_max_ord4_rk00012,0.4498639930295817,0.3975616757409008
AD+FTD->FTD,OLS,o_max,m003015_o_max_ord6_rk00016,0.4372165905260213,0.3975616757409008
AD+FTD->FTD,OLS,o_max,m001002_o_max_ord4_rk00003,0.4360113523610768,0.3975616757409008
AD+FTD->FTD,OLS,o_max,m001009_o_max_ord4_rk00010,0.4358743252511644,0.3975616757409008
AD+FTD->FTD,OLS,o_max,m004008_o_max_ord7_rk00009,0.4355939297973097,0.3975616757409008
AD+FTD->FTD,OLS,o_max,m005015_o_max_ord8_rk00016,0.4322028246324291,0.3975616757409008
AD+FTD->FTD,OLS,o_max,m003009_o_max_ord6_rk00010,0.4313776292692122,0.3975616757409008
AD+FTD->FTD,OLS,o_max,m002017_o_max_ord5_rk00018,0.431112094868839,0.3975616757409008
AD+FTD->FTD,OLS,o_max,m001015_o_max_ord4_rk00016,0.4304904257487245,0.3975616757409008
AD+FTD->FTD,OLS,o_max,m000000_o_max_ord3_rk00001,0.4299760433259856,0.3975616757409008
AD+FTD->FTD,OLS,o_max,m003016_o_max_ord6_rk00017,0.4281814532351542,0.3975616757409008
AD+FTD->FTD,OLS,o_max,m000011_o_max_ord3_rk00012,0.4273953253228824,0.3975616757409008
AD+FTD->FTD,OLS,o_max,m002003_o_max_ord5_rk00004,0.4257145446694821,0.3975616757409008
AD+FTD->FTD,OLS,o_max,m002013_o_max_ord5_rk00014,0.4255252929457725,0.3975616757409008
AD+FTD->FTD,OLS,o_max,m004018_o_max_ord7_rk00019,0.4240161041794512,0.3975616757409008
AD+FTD->FTD,OLS,o_max,m003008_o_max_ord6_rk00009,0.4237580370315577,0.3975616757409008
AD+FTD->FTD,OLS,o_max,m005010_o_max_ord8_rk00011,0.4226450189003407,0.3975616757409008
AD+FTD->FTD,OLS,o_max,m004007_o_max_ord7_rk00008,0.4225534993364788,0.3975616757409008
AD+FTD->FTD,OLS,o_max,m004006_o_max_ord7_rk00007,0.4218257251014283,0.3975616757409008
AD+FTD->FTD,OLS,o_max,m003000_o_max_ord6_rk00001,0.421274393949792,0.3975616757409008
AD+FTD->FTD,OLS,o_min,m051529_o_min_ord7_rk00015,0.4487972780039493,0.3975616757409008
AD+FTD->FTD,OLS,o_min,m051526_o_min_ord7_rk00012,0.4404872352977932,0.3975616757409008
AD+FTD->FTD,OLS,o_min,m047530_o_min_ord3_rk00016,0.4392139827813046,0.3975616757409008
AD+FTD->FTD,OLS,o_min,m047524_o_min_ord3_rk00010,0.4389873594767783,0.3975616757409008
AD+FTD->FTD,OLS,o_min,m051516_o_min_ord7_rk00002,0.4305449610658894,0.3975616757409008
AD+FTD->FTD,OLS,o_min,m051519_o_min_ord7_rk00005,0.4302433811851612,0.3975616757409008
AD+FTD->FTD,OLS,o_min,m047522_o_min_ord3_rk00008,0.4288418634277272,0.3975616757409008
AD+FTD->FTD,OLS,o_min,m050515_o_min_ord6_rk00001,0.4260333708682553,0.3975616757409008
AD+FTD->FTD,OLS,o_min,m048529_o_min_ord4_rk00015,0.4249464422642739,0.3975616757409008
AD+FTD->FTD,OLS,o_min,m047525_o_min_ord3_rk00011,0.4189946778833444,0.3975616757409008
AD+FTD->FTD,OLS,o_min,m052525_o_min_ord8_rk00011,0.417348825253831,0.3975616757409008
AD+FTD->FTD,OLS,o_min,m049532_o_min_ord5_rk00018,0.4146537705078705,0.3975616757409008
AD+FTD->FTD,OLS,o_min,m047518_o_min_ord3_rk00004,0.4110971340855369,0.3975616757409008
AD+FTD->FTD,OLS,o_min,m047516_o_min_ord3_rk00002,0.4090100775329207,0.3975616757409008
AD+FTD->FTD,OLS,o_min,m050533_o_min_ord6_rk00019,0.4073464504026611,0.3975616757409008
AD+FTD->FTD,OLS,o_min,m052515_o_min_ord8_rk00001,0.4067783959976646,0.3975616757409008
AD+FTD->FTD,OLS,o_min,m050525_o_min_ord6_rk00011,0.4027448043234966,0.3975616757409008
AD+FTD->FTD,OLS,o_min,m049528_o_min_ord5_rk00014,0.4000610831470237,0.3975616757409008
AD+FTD->FTD,OLS,o_min,m052520_o_min_ord8_rk00006,0.3965891676552797,0.3975616757409008
AD+FTD->FTD,OLS,o_min,m049523_o_min_ord5_rk00009,0.3965269678285203,0.3975616757409008
AD+FTD->FTD,d1,o_max,m022016_o_max_ord25_rk00017,0.4524914131059736,0.3552054773176126
AD+FTD->FTD,d1,o_max,m023008_o_max_ord26_rk00009,0.4501215882261616,0.3552054773176126
AD+FTD->FTD,d1,o_max,m023018_o_max_ord26_rk00019,0.4499256189604983,0.3552054773176126
AD+FTD->FTD,d1,o_max,m026015_o_max_ord29_rk00016,0.4492059362876172,0.3552054773176126
AD+FTD->FTD,d1,o_max,m025004_o_max_ord28_rk00005,0.4479758904001649,0.3552054773176126
AD+FTD->FTD,d1,o_max,m022000_o_max_ord25_rk00001,0.4466598106125788,0.3552054773176126
AD+FTD->FTD,d1,o_max,m024019_o_max_ord27_rk00020,0.4463276120925529,0.3552054773176126
AD+FTD->FTD,d1,o_max,m022012_o_max_ord25_rk00013,0.4462950261729318,0.3552054773176126
AD+FTD->FTD,d1,o_max,m024018_o_max_ord27_rk00019,0.4457022125318889,0.3552054773176126
AD+FTD->FTD,d1,o_max,m019017_o_max_ord22_rk00018,0.4456003627812772,0.3552054773176126
AD+FTD->FTD,d1,o_max,m026012_o_max_ord29_rk00013,0.4455848987226816,0.3552054773176126
AD+FTD->FTD,d1,o_max,m026016_o_max_ord29_rk00017,0.4455593676990854,0.3552054773176126
AD+FTD->FTD,d1,o_max,m027009_o_max_ord30_rk00010,0.4449772017725335,0.3552054773176126
AD+FTD->FTD,d1,o_max,m026008_o_max_ord29_rk00009,0.4448341016650919,0.3552054773176126
AD+FTD->FTD,d1,o_max,m027015_o_max_ord30_rk00016,0.4446757640579678,0.3552054773176126
AD+FTD->FTD,d1,o_max,m023019_o_max_ord26_rk00020,0.4446024530005685,0.3552054773176126
AD+FTD->FTD,d1,o_max,m023013_o_max_ord26_rk00014,0.4445399821269633,0.3552054773176126
AD+FTD->FTD,d1,o_max,m024003_o_max_ord27_rk00004,0.4442915477271438,0.3552054773176126
AD+FTD->FTD,d1,o_max,m023016_o_max_ord26_rk00017,0.4436191042721614,0.3552054773176126
AD+FTD->FTD,d1,o_max,m023005_o_max_ord26_rk00006,0.4435514803787256,0.3552054773176126
AD+FTD->FTD,d1,o_min,m072521_o_min_ord28_rk00007,0.4400736649436296,0.3552054773176126
AD+FTD->FTD,d1,o_min,m062533_o_min_ord18_rk00019,0.4370737681769474,0.3552054773176126
AD+FTD->FTD,d1,o_min,m070530_o_min_ord26_rk00016,0.4364314113735288,0.3552054773176126
AD+FTD->FTD,d1,o_min,m066533_o_min_ord22_rk00019,0.43488458939928,0.3552054773176126
AD+FTD->FTD,d1,o_min,m064521_o_min_ord20_rk00007,0.4304534612088245,0.3552054773176126
AD+FTD->FTD,d1,o_min,m067522_o_min_ord23_rk00008,0.4293336748028203,0.3552054773176126
AD+FTD->FTD,d1,o_min,m047529_o_min_ord3_rk00015,0.4289876461667196,0.3552054773176126
AD+FTD->FTD,d1,o_min,m074530_o_min_ord30_rk00016,0.4283210895850227,0.3552054773176126
AD+FTD->FTD,d1,o_min,m072533_o_min_ord28_rk00019,0.4278324609204879,0.3552054773176126
AD+FTD->FTD,d1,o_min,m070529_o_min_ord26_rk00015,0.4271775763030068,0.3552054773176126
AD+FTD->FTD,d1,o_min,m070519_o_min_ord26_rk00005,0.4269628273540666,0.3552054773176126
AD+FTD->FTD,d1,o_min,m065525_o_min_ord21_rk00011,0.4261570348721275,0.3552054773176126
AD+FTD->FTD,d1,o_min,m047522_o_min_ord3_rk00008,0.4251043985616486,0.3552054773176126
AD+FTD->FTD,d1,o_min,m074533_o_min_ord30_rk00019,0.4249511800490737,0.3552054773176126
AD+FTD->FTD,d1,o_min,m070525_o_min_ord26_rk00011,0.4242880371012537,0.3552054773176126
AD+FTD->FTD,d1,o_min,m047530_o_min_ord3_rk00016,0.4241203438608093,0.3552054773176126
AD+FTD->FTD,d1,o_min,m063525_o_min_ord19_rk00011,0.4239826020317794,0.3552054773176126
AD+FTD->FTD,d1,o_min,m048526_o_min_ord4_rk00012,0.4231963974312313,0.3552054773176126
AD+FTD->FTD,d1,o_min,m063517_o_min_ord19_rk00003,0.4226373478901835,0.3552054773176126
AD+FTD->FTD,d1,o_min,m066527_o_min_ord22_rk00013,0.422050940222786,0.3552054773176126
AD+FTD->FTD,d2,o_max,m021017_o_max_ord24_rk00018,0.4513408096670089,0.3885081361418029
AD+FTD->FTD,d2,o_max,m020018_o_max_ord23_rk00019,0.4509805245158315,0.3885081361418029
AD+FTD->FTD,d2,o_max,m025003_o_max_ord28_rk00004,0.4491361449744402,0.3885081361418029
AD+FTD->FTD,d2,o_max,m026004_o_max_ord29_rk00005,0.4486777441517052,0.3885081361418029
AD+FTD->FTD,d2,o_max,m022012_o_max_ord25_rk00013,0.4484584173705332,0.3885081361418029
AD+FTD->FTD,d2,o_max,m022016_o_max_ord25_rk00017,0.4469315248626689,0.3885081361418029
AD+FTD->FTD,d2,o_max,m019002_o_max_ord22_rk00003,0.4464034378535536,0.3885081361418029
AD+FTD->FTD,d2,o_max,m025014_o_max_ord28_rk00015,0.446350093788661,0.3885081361418029
AD+FTD->FTD,d2,o_max,m026015_o_max_ord29_rk00016,0.4454975239752446,0.3885081361418029
AD+FTD->FTD,d2,o_max,m016017_o_max_ord19_rk00018,0.4454737499471652,0.3885081361418029
AD+FTD->FTD,d2,o_max,m023018_o_max_ord26_rk00019,0.4453779748839639,0.3885081361418029
AD+FTD->FTD,d2,o_max,m023016_o_max_ord26_rk00017,0.4446596884882564,0.3885081361418029
AD+FTD->FTD,d2,o_max,m022004_o_max_ord25_rk00005,0.4442793708730249,0.3885081361418029
AD+FTD->FTD,d2,o_max,m020003_o_max_ord23_rk00004,0.4442681458463144,0.3885081361418029
AD+FTD->FTD,d2,o_max,m019019_o_max_ord22_rk00020,0.4436799718518696,0.3885081361418029
AD+FTD->FTD,d2,o_max,m021011_o_max_ord24_rk00012,0.4432648345704068,0.3885081361418029
AD+FTD->FTD,d2,o_max,m027015_o_max_ord30_rk00016,0.4431747615933955,0.3885081361418029
AD+FTD->FTD,d2,o_max,m026003_o_max_ord29_rk00004,0.4429282064162223,0.3885081361418029
AD+FTD->FTD,d2,o_max,m023017_o_max_ord26_rk00018,0.4422621960867225,0.3885081361418029
AD+FTD->FTD,d2,o_max,m022006_o_max_ord25_rk00007,0.4422589450259541,0.3885081361418029
AD+FTD->FTD,d2,o_min,m063524_o_min_ord19_rk00010,0.4404914409479442,0.3885081361418029
AD+FTD->FTD,d2,o_min,m059522_o_min_ord15_rk00008,0.4396251948906783,0.3885081361418029
AD+FTD->FTD,d2,o_min,m072519_o_min_ord28_rk00005,0.4370453007392952,0.3885081361418029
AD+FTD->FTD,d2,o_min,m074527_o_min_ord30_rk00013,0.4361169986284823,0.3885081361418029
AD+FTD->FTD,d2,o_min,m057525_o_min_ord13_rk00011,0.4357429403647681,0.3885081361418029
AD+FTD->FTD,d2,o_min,m072532_o_min_ord28_rk00018,0.4355499543285573,0.3885081361418029
AD+FTD->FTD,d2,o_min,m048519_o_min_ord4_rk00005,0.4353393398089233,0.3885081361418029
AD+FTD->FTD,d2,o_min,m074531_o_min_ord30_rk00017,0.4346734313231483,0.3885081361418029
AD+FTD->FTD,d2,o_min,m060517_o_min_ord16_rk00003,0.4341338838833257,0.3885081361418029
AD+FTD->FTD,d2,o_min,m063530_o_min_ord19_rk00016,0.4339834397911358,0.3885081361418029
AD+FTD->FTD,d2,o_min,m054526_o_min_ord10_rk00012,0.4335578751312504,0.3885081361418029
AD+FTD->FTD,d2,o_min,m063526_o_min_ord19_rk00012,0.4334716800786483,0.3885081361418029
AD+FTD->FTD,d2,o_min,m063519_o_min_ord19_rk00005,0.4331256815265147,0.3885081361418029
AD+FTD->FTD,d2,o_min,m056529_o_min_ord12_rk00015,0.4330253869952353,0.3885081361418029
AD+FTD->FTD,d2,o_min,m073528_o_min_ord29_rk00014,0.4318315857265722,0.3885081361418029
AD+FTD->FTD,d2,o_min,m074518_o_min_ord30_rk00004,0.4311010555407037,0.3885081361418029
AD+FTD->FTD,d2,o_min,m051533_o_min_ord7_rk00019,0.4308664165357054,0.3885081361418029
AD+FTD->FTD,d2,o_min,m073519_o_min_ord29_rk00005,0.430637809795156,0.3885081361418029
AD+FTD->FTD,d2,o_min,m049521_o_min_ord5_rk00007,0.430412513916974,0.3885081361418029
AD+FTD->FTD,d2,o_min,m074521_o_min_ord30_rk00007,0.430152569070351,0.3885081361418029
AD+FTD->FTD,d3,o_max,m025003_o_max_ord28_rk00004,0.4365307984457824,0.3638396051114613
AD+FTD->FTD,d3,o_max,m023018_o_max_ord26_rk00019,0.4341592736003082,0.3638396051114613
AD+FTD->FTD,d3,o_max,m024010_o_max_ord27_rk00011,0.4341509538310373,0.3638396051114613
AD+FTD->FTD,d3,o_max,m021002_o_max_ord24_rk00003,0.4340928257578712,0.3638396051114613
AD+FTD->FTD,d3,o_max,m026003_o_max_ord29_rk00004,0.4338233707691985,0.3638396051114613
AD+FTD->FTD,d3,o_max,m023012_o_max_ord26_rk00013,0.4329991273474324,0.3638396051114613
AD+FTD->FTD,d3,o_max,m026012_o_max_ord29_rk00013,0.4320419147474434,0.3638396051114613
AD+FTD->FTD,d3,o_max,m016014_o_max_ord19_rk00015,0.4317254817786407,0.3638396051114613
AD+FTD->FTD,d3,o_max,m003014_o_max_ord6_rk00015,0.4313473857648047,0.3638396051114613
AD+FTD->FTD,d3,o_max,m027011_o_max_ord30_rk00012,0.4309806165546541,0.3638396051114613
AD+FTD->FTD,d3,o_max,m023005_o_max_ord26_rk00006,0.430873698831194,0.3638396051114613
AD+FTD->FTD,d3,o_max,m021001_o_max_ord24_rk00002,0.4307505907524412,0.3638396051114613
AD+FTD->FTD,d3,o_max,m026004_o_max_ord29_rk00005,0.4306493866026868,0.3638396051114613
AD+FTD->FTD,d3,o_max,m023013_o_max_ord26_rk00014,0.4305631034706615,0.3638396051114613
AD+FTD->FTD,d3,o_max,m024001_o_max_ord27_rk00002,0.4302637075344384,0.3638396051114613
AD+FTD->FTD,d3,o_max,m027006_o_max_ord30_rk00007,0.4298941688715106,0.3638396051114613
AD+FTD->FTD,d3,o_max,m023017_o_max_ord26_rk00018,0.429846784426417,0.3638396051114613
AD+FTD->FTD,d3,o_max,m024009_o_max_ord27_rk00010,0.4297008460088135,0.3638396051114613
AD+FTD->FTD,d3,o_max,m021017_o_max_ord24_rk00018,0.4296849184121369,0.3638396051114613
AD+FTD->FTD,d3,o_max,m025014_o_max_ord28_rk00015,0.4296002803788808,0.3638396051114613
AD+FTD->FTD,d3,o_min,m060517_o_min_ord16_rk00003,0.4325816628921192,0.3638396051114613
AD+FTD->FTD,d3,o_min,m048518_o_min_ord4_rk00004,0.4323337434803466,0.3638396051114613
AD+FTD->FTD,d3,o_min,m062519_o_min_ord18_rk00005,0.4282300570797442,0.3638396051114613
AD+FTD->FTD,d3,o_min,m062516_o_min_ord18_rk00002,0.4261831022977542,0.3638396051114613
AD+FTD->FTD,d3,o_min,m056529_o_min_ord12_rk00015,0.4259790609623076,0.3638396051114613
AD+FTD->FTD,d3,o_min,m074531_o_min_ord30_rk00017,0.42377482916395,0.3638396051114613
AD+FTD->FTD,d3,o_min,m058528_o_min_ord14_rk00014,0.4222629827755769,0.3638396051114613
AD+FTD->FTD,d3,o_min,m048519_o_min_ord4_rk00005,0.42146033858649,0.3638396051114613
AD+FTD->FTD,d3,o_min,m074519_o_min_ord30_rk00005,0.4199490867765131,0.3638396051114613
AD+FTD->FTD,d3,o_min,m064526_o_min_ord20_rk00012,0.4195733814423853,0.3638396051114613
AD+FTD->FTD,d3,o_min,m048525_o_min_ord4_rk00011,0.418515722254954,0.3638396051114613
AD+FTD->FTD,d3,o_min,m069522_o_min_ord25_rk00008,0.4170228740818683,0.3638396051114613
AD+FTD->FTD,d3,o_min,m058526_o_min_ord14_rk00012,0.4168005680743457,0.3638396051114613
AD+FTD->FTD,d3,o_min,m068526_o_min_ord24_rk00012,0.4166887929294899,0.3638396051114613
AD+FTD->FTD,d3,o_min,m067531_o_min_ord23_rk00017,0.4164238083570822,0.3638396051114613
AD+FTD->FTD,d3,o_min,m066533_o_min_ord22_rk00019,0.4164050992941904,0.3638396051114613
AD+FTD->FTD,d3,o_min,m054526_o_min_ord10_rk00012,0.415420939338846,0.3638396051114613
AD+FTD->FTD,d3,o_min,m063530_o_min_ord19_rk00016,0.41539851988885,0.3638396051114613
AD+FTD->FTD,d3,o_min,m070530_o_min_ord26_rk00016,0.4151844920694216,0.3638396051114613
AD+FTD->FTD,d3,o_min,m074518_o_min_ord30_rk00004,0.4149270489631838,0.3638396051114613
