condition,model_level,objective,candidate_id,r2,baseline_r2
Pooled,OLS,o_max,m000000_o_max_ord3_rk00001,0.21519267107926165,0.21830556511390897
Pooled,OLS,o_max,m000017_o_max_ord3_rk00018,0.2140058267683731,0.21830556511390897
Pooled,OLS,o_max,m001015_o_max_ord4_rk00016,0.21221983041444825,0.21830556511390897
Pooled,OLS,o_max,m001004_o_max_ord4_rk00005,0.21068487049676476,0.21830556511390897
Pooled,OLS,o_max,m001001_o_max_ord4_rk00002,0.21044053743374824,0.21830556511390897
Pooled,OLS,o_max,m001008_o_max_ord4_rk00009,0.2090838172592736,0.21830556511390897
Pooled,OLS,o_max,m000016_o_max_ord3_rk00017,0.2090212330264294,0.21830556511390897
Pooled,OLS,o_max,m001013_o_max_ord4_rk00014,0.20862398161588003,0.21830556511390897
Pooled,OLS,o_max,m001002_o_max_ord4_rk00003,0.20580367204915073,0.21830556511390897
Pooled,OLS,o_max,m001011_o_max_ord4_rk00012,0.2050529329719989,0.21830556511390897
Pooled,OLS,o_max,m001009_o_max_ord4_rk00010,0.20201968897062128,0.21830556511390897
Pooled,OLS,o_max,m002003_o_max_ord5_rk00004,0.201860289891174,0.21830556511390897
Pooled,OLS,o_max,m000019_o_max_ord3_rk00020,0.2016731889889477,0.21830556511390897
Pooled,OLS,o_max,m000005_o_max_ord3_rk00006,0.20102214541539387,0.21830556511390897
Pooled,OLS,o_max,m002010_o_max_ord5_rk00011,0.20039318176282384,0.21830556511390897
Pooled,OLS,o_max,m002004_o_max_ord5_rk00005,0.20006977936954107,0.21830556511390897
Pooled,OLS,o_max,m000013_o_max_ord3_rk00014,0.19973203276440943,0.21830556511390897
Pooled,OLS,o_max,m001000_o_max_ord4_rk00001,0.19954217798808938,0.21830556511390897
Pooled,OLS,o_max,m000007_o_max_ord3_rk00008,0.19832711464154484,0.21830556511390897
Pooled,OLS,o_max,m000011_o_max_ord3_rk00012,0.19657672064301634,0.21830556511390897
Pooled,OLS,o_min,m048517_o_min_ord4_rk00003,0.25107703395707104,0.21830556511390897
Pooled,OLS,o_min,m048520_o_min_ord4_rk00006,0.2499963921983156,0.21830556511390897
Pooled,OLS,o_min,m048525_o_min_ord4_rk00011,0.24803682215661627,0.21830556511390897
Pooled,OLS,o_min,m048518_o_min_ord4_rk00004,0.24701722649799174,0.21830556511390897
Pooled,OLS,o_min,m048527_o_min_ord4_rk00013,0.24503425645344667,0.21830556511390897
Pooled,OLS,o_min,m048528_o_min_ord4_rk00014,0.24185344524990848,0.21830556511390897
Pooled,OLS,o_min,m049517_o_min_ord5_rk00003,0.24173738274558698,0.21830556511390897
Pooled,OLS,o_min,m048523_o_min_ord4_rk00009,0.240850881231773,0.21830556511390897
Pooled,OLS,o_min,m048530_o_min_ord4_rk00016,0.240787969758135,0.21830556511390897
Pooled,OLS,o_min,m049534_o_min_ord5_rk00020,0.2399538658550885,0.21830556511390897
Pooled,OLS,o_min,m049521_o_min_ord5_rk00007,0.2397614625257931,0.21830556511390897
Pooled,OLS,o_min,m051534_o_min_ord7_rk00020,0.23757545705609318,0.21830556511390897
Pooled,OLS,o_min,m050524_o_min_ord6_rk00010,0.2374804067571149,0.21830556511390897
Pooled,OLS,o_min,m049527_o_min_ord5_rk00013,0.23571259352951346,0.21830556511390897
Pooled,OLS,o_min,m050515_o_min_ord6_rk00001,0.222411486295519,0.21830556511390897
Pooled,OLS,o_min,m051529_o_min_ord7_rk00015,0.21804778785503143,0.21830556511390897
Pooled,OLS,o_min,m054515_o_min_ord10_rk00001,0.21743615269256444,0.21830556511390897
Pooled,OLS,o_min,m051526_o_min_ord7_rk00012,0.2159934733919573,0.21830556511390897
Pooled,OLS,o_min,m047517_o_min_ord3_rk00003,0.21400611550900905,0.21830556511390897
Pooled,OLS,o_min,m048521_o_min_ord4_rk00007,0.2116510822527562,0.21830556511390897
Pooled,d1,o_max,m021019_o_max_ord24_rk00020,0.24327311964998388,0.23712987345457692
Pooled,d1,o_max,m019004_o_max_ord22_rk00005,0.24216822969571639,0.23712987345457692
Pooled,d1,o_max,m013003_o_max_ord16_rk00004,0.24168710761170187,0.23712987345457692
Pooled,d1,o_max,m019000_o_max_ord22_rk00001,0.24148275736144675,0.23712987345457692
Pooled,d1,o_max,m018000_o_max_ord21_rk00001,0.24145212211845601,0.23712987345457692
Pooled,d1,o_max,m020004_o_max_ord23_rk00005,0.24143881386586585,0.23712987345457692
Pooled,d1,o_max,m018006_o_max_ord21_rk00007,0.24143766376884246,0.23712987345457692
Pooled,d1,o_max,m015000_o_max_ord18_rk00001,0.24139391392040854,0.23712987345457692
Pooled,d1,o_max,m026018_o_max_ord29_rk00019,0.24090474345931168,0.23712987345457692
Pooled,d1,o_max,m016000_o_max_ord19_rk00001,0.24082315481876138,0.23712987345457692
Pooled,d1,o_max,m020000_o_max_ord23_rk00001,0.24069941475399037,0.23712987345457692
Pooled,d1,o_max,m020007_o_max_ord23_rk00008,0.24066051607651529,0.23712987345457692
Pooled,d1,o_max,m014000_o_max_ord17_rk00001,0.24048178275708376,0.23712987345457692
Pooled,d1,o_max,m019014_o_max_ord22_rk00015,0.2403905504012145,0.23712987345457692
Pooled,d1,o_max,m017011_o_max_ord20_rk00012,0.2402350754079472,0.23712987345457692
Pooled,d1,o_max,m018004_o_max_ord21_rk00005,0.24015463992950714,0.23712987345457692
Pooled,d1,o_max,m020002_o_max_ord23_rk00003,0.2401364850526626,0.23712987345457692
Pooled,d1,o_max,m018015_o_max_ord21_rk00016,0.2399847202099008,0.23712987345457692
Pooled,d1,o_max,m026003_o_max_ord29_rk00004,0.23998415023829345,0.23712987345457692
Pooled,d1,o_max,m017018_o_max_ord20_rk00019,0.2394894200261546,0.23712987345457692
Pooled,d1,o_min,m048534_o_min_ord4_rk00020,0.24712458621769784,0.23712987345457692
Pooled,d1,o_min,m048531_o_min_ord4_rk00017,0.24589615933056042,0.23712987345457692
Pooled,d1,o_min,m048522_o_min_ord4_rk00008,0.24487277779614292,0.23712987345457692
Pooled,d1,o_min,m061517_o_min_ord17_rk00003,0.24468121613630422,0.23712987345457692
Pooled,d1,o_min,m050530_o_min_ord6_rk00016,0.24450524715717836,0.23712987345457692
Pooled,d1,o_min,m061534_o_min_ord17_rk00020,0.24432689588990086,0.23712987345457692
Pooled,d1,o_min,m047533_o_min_ord3_rk00019,0.24428719519176323,0.23712987345457692
Pooled,d1,o_min,m059518_o_min_ord15_rk00004,0.24422191364725787,0.23712987345457692
Pooled,d1,o_min,m061522_o_min_ord17_rk00008,0.24415161290639031,0.23712987345457692
Pooled,d1,o_min,m061527_o_min_ord17_rk00013,0.24411211316425674,0.23712987345457692
Pooled,d1,o_min,m053531_o_min_ord9_rk00017,0.24300113619634256,0.23712987345457692
Pooled,d1,o_min,m060524_o_min_ord16_rk00010,0.24286047234713615,0.23712987345457692
Pooled,d1,o_min,m052517_o_min_ord8_rk00003,0.24270814760323212,0.23712987345457692
Pooled,d1,o_min,m060527_o_min_ord16_rk00013,0.24263232788323952,0.23712987345457692
Pooled,d1,o_min,m059523_o_min_ord15_rk00009,0.24260556483067108,0.23712987345457692
Pooled,d1,o_min,m048529_o_min_ord4_rk00015,0.24257170807986805,0.23712987345457692
Pooled,d1,o_min,m060522_o_min_ord16_rk00008,0.2425657005059786,0.23712987345457692
Pooled,d1,o_min,m056527_o_min_ord12_rk00013,0.2424699914879781,0.23712987345457692
Pooled,d1,o_min,m052530_o_min_ord8_rk00016,0.24243449770179548,0.23712987345457692
Pooled,d1,o_min,m047520_o_min_ord3_rk00006,0.24236434296346154,0.23712987345457692
Pooled,d2,o_max,m025007_o_max_ord28_rk00008,0.2649521423681267,0.2369244826572131
Pooled,d2,o_max,m025003_o_max_ord28_rk00004,0.26450921418150397,0.2369244826572131
Pooled,d2,o_max,m023006_o_max_ord26_rk00007,0.26437075282574485,0.2369244826572131
Pooled,d2,o_max,m023009_o_max_ord26_rk00010,0.2637688791522751,0.2369244826572131
Pooled,d2,o_max,m026018_o_max_ord29_rk00019,0.26329200955469023,0.2369244826572131
Pooled,d2,o_max,m025002_o_max_ord28_rk00003,0.2629900318852172,0.2369244826572131
Pooled,d2,o_max,m026005_o_max_ord29_rk00006,0.2615130711254695,0.2369244826572131
Pooled,d2,o_max,m026007_o_max_ord29_rk00008,0.2612671177928111,0.2369244826572131
Pooled,d2,o_max,m026012_o_max_ord29_rk00013,0.26125950617746607,0.2369244826572131
Pooled,d2,o_max,m027008_o_max_ord30_rk00009,0.2611120204106049,0.2369244826572131
Pooled,d2,o_max,m025017_o_max_ord28_rk00018,0.26098437728929347,0.2369244826572131
Pooled,d2,o_max,m021015_o_max_ord24_rk00016,0.26096639664365706,0.2369244826572131
Pooled,d2,o_max,m026017_o_max_ord29_rk00018,0.2609119177139697,0.2369244826572131
Pooled,d2,o_max,m018017_o_max_ord21_rk00018,0.26040644082353936,0.2369244826572131
Pooled,d2,o_max,m022014_o_max_ord25_rk00015,0.2603367695939732,0.2369244826572131
Pooled,d2,o_max,m022010_o_max_ord25_rk00011,0.2602138098636002,0.2369244826572131
Pooled,d2,o_max,m020013_o_max_ord23_rk00014,0.2600328382069157,0.2369244826572131
Pooled,d2,o_max,m027019_o_max_ord30_rk00020,0.25854356787844823,0.2369244826572131
Pooled,d2,o_max,m019009_o_max_ord22_rk00010,0.25801122882199035,0.2369244826572131
Pooled,d2,o_max,m026000_o_max_ord29_rk00001,0.25784106948012053,0.2369244826572131
Pooled,d2,o_min,m047520_o_min_ord3_rk00006,0.2612331281291119,0.2369244826572131
Pooled,d2,o_min,m055519_o_min_ord11_rk00005,0.2608644997035109,0.2369244826572131
Pooled,d2,o_min,m050517_o_min_ord6_rk00003,0.26074167756910427,0.2369244826572131
Pooled,d2,o_min,m048517_o_min_ord4_rk00003,0.2606464824357838,0.2369244826572131
Pooled,d2,o_min,m052521_o_min_ord8_rk00007,0.26053004128403545,0.2369244826572131
Pooled,d2,o_min,m049520_o_min_ord5_rk00006,0.26028828129008996,0.2369244826572131
Pooled,d2,o_min,m048520_o_min_ord4_rk00006,0.26018194885652235,0.2369244826572131
Pooled,d2,o_min,m048518_o_min_ord4_rk00004,0.2597954957679901,0.2369244826572131
Pooled,d2,o_min,m061529_o_min_ord17_rk00015,0.2596634777937349,0.2369244826572131
Pooled,d2,o_min,m049524_o_min_ord5_rk00010,0.2596055338378044,0.2369244826572131
Pooled,d2,o_min,m058524_o_min_ord14_rk00010,0.2594154902028496,0.2369244826572131
Pooled,d2,o_min,m065526_o_min_ord21_rk00012,0.25939489891226153,0.2369244826572131
Pooled,d2,o_min,m057525_o_min_ord13_rk00011,0.2590144857803639,0.2369244826572131
Pooled,d2,o_min,m057519_o_min_ord13_rk00005,0.2589743946873614,0.2369244826572131
Pooled,d2,o_min,m053520_o_min_ord9_rk00006,0.2589561791803927,0.2369244826572131
Pooled,d2,o_min,m061524_o_min_ord17_rk00010,0.25893979834220116,0.2369244826572131
Pooled,d2,o_min,m061516_o_min_ord17_rk00002,0.25887114256914545,0.2369244826572131
Pooled,d2,o_min,m048529_o_min_ord4_rk00015,0.25877206186966806,0.2369244826572131
Pooled,d2,o_min,m057521_o_min_ord13_rk00007,0.25855477313610864,0.2369244826572131
Pooled,d2,o_min,m062532_o_min_ord18_rk00018,0.2584499423282598,0.2369244826572131
Pooled,d3,o_max,m026012_o_max_ord29_rk00013,0.27055189615611996,0.24317347266855183
Pooled,d3,o_max,m025008_o_max_ord28_rk00009,0.2668202796255392,0.24317347266855183
Pooled,d3,o_max,m026005_o_max_ord29_rk00006,0.26454609974408483,0.24317347266855183
Pooled,d3,o_max,m024001_o_max_ord27_rk00002,0.2642733064973639,0.24317347266855183
Pooled,d3,o_max,m026019_o_max_ord29_rk00020,0.2631815113225894,0.24317347266855183
Pooled,d3,o_max,m020013_o_max_ord23_rk00014,0.2627362077025093,0.24317347266855183
Pooled,d3,o_max,m026011_o_max_ord29_rk00012,0.26254194258037933,0.24317347266855183
Pooled,d3,o_max,m027019_o_max_ord30_rk00020,0.2624916316421987,0.24317347266855183
Pooled,d3,o_max,m026007_o_max_ord29_rk00008,0.26178698361667463,0.24317347266855183
Pooled,d3,o_max,m023006_o_max_ord26_rk00007,0.26155487520896026,0.24317347266855183
Pooled,d3,o_max,m023009_o_max_ord26_rk00010,0.2612644839314252,0.24317347266855183
Pooled,d3,o_max,m022010_o_max_ord25_rk00011,0.2611967133695249,0.24317347266855183
Pooled,d3,o_max,m023001_o_max_ord26_rk00002,0.2609072061656249,0.24317347266855183
Pooled,d3,o_max,m020015_o_max_ord23_rk00016,0.26079310487820995,0.24317347266855183
Pooled,d3,o_max,m024016_o_max_ord27_rk00017,0.26067991927377965,0.24317347266855183
Pooled,d3,o_max,m027008_o_max_ord30_rk00009,0.26066271359330206,0.24317347266855183
Pooled,d3,o_max,m023007_o_max_ord26_rk00008,0.26053303611098333,0.24317347266855183
Pooled,d3,o_max,m025003_o_max_ord28_rk00004,0.260481934176636,0.24317347266855183
Pooled,d3,o_max,m027018_o_max_ord30_rk00019,0.26027276019479817,0.24317347266855183
Pooled,d3,o_max,m026017_o_max_ord29_rk00018,0.2598040490026504,0.24317347266855183
Pooled,d3,o_min,m048530_o_min_ord4_rk00016,0.26727931442597974,0.24317347266855183
Pooled,d3,o_min,m049520_o_min_ord5_rk00006,0.2667933693927603,0.24317347266855183
Pooled,d3,o_min,m049529_o_min_ord5_rk00015,0.2636044521958609,0.24317347266855183
Pooled,d3,o_min,m066519_o_min_ord22_rk00005,0.26236076551081866,0.24317347266855183
Pooled,d3,o_min,m049524_o_min_ord5_rk00010,0.2612380474803312,0.24317347266855183
Pooled,d3,o_min,m066523_o_min_ord22_rk00009,0.2611706496044861,0.24317347266855183
Pooled,d3,o_min,m062529_o_min_ord18_rk00015,0.26095708563409026,0.24317347266855183
Pooled,d3,o_min,m062532_o_min_ord18_rk00018,0.2607507845147454,0.24317347266855183
Pooled,d3,o_min,m072528_o_min_ord28_rk00014,0.2602806851567073,0.24317347266855183
Pooled,d3,o_min,m048529_o_min_ord4_rk00015,0.26026390523969123,0.24317347266855183
Pooled,d3,o_min,m048517_o_min_ord4_rk00003,0.2601147951983991,0.24317347266855183
Pooled,d3,o_min,m048520_o_min_ord4_rk00006,0.25972458449144864,0.24317347266855183
Pooled,d3,o_min,m063532_o_min_ord19_rk00018,0.2596405313595175,0.24317347266855183
Pooled,d3,o_min,m066520_o_min_ord22_rk00006,0.25954191091678624,0.24317347266855183
Pooled,d3,o_min,m048521_o_min_ord4_rk00007,0.25949429177895467,0.24317347266855183
Pooled,d3,o_min,m047517_o_min_ord3_rk00003,0.25934016313257935,0.24317347266855183
Pooled,d3,o_min,m060531_o_min_ord16_rk00017,0.2592758894282102,0.24317347266855183
Pooled,d3,o_min,m063525_o_min_ord19_rk00011,0.2592146858694727,0.24317347266855183
Pooled,d3,o_min,m052530_o_min_ord8_rk00016,0.25917453912348154,0.24317347266855183
Pooled,d3,o_min,m048518_o_min_ord4_rk00004,0.2591473792610599,0.24317347266855183
CN->CN,OLS,o_max,m007012_o_max_ord10_rk00013,0.2127704537121889,0.2024954560045656
CN->CN,OLS,o_max,m005004_o_max_ord8_rk00005,0.2117060710452184,0.2024954560045656
CN->CN,OLS,o_max,m001011_o_max_ord4_rk00012,0.2113451511461244,0.2024954560045656
CN->CN,OLS,o_max,m005016_o_max_ord8_rk00017,0.2111023890030301,0.2024954560045656
CN->CN,OLS,o_max,m005005_o_max_ord8_rk00006,0.2109125058386503,0.2024954560045656
CN->CN,OLS,o_max,m005003_o_max_ord8_rk00004,0.2108506628262936,0.2024954560045656
CN->CN,OLS,o_max,m000000_o_max_ord3_rk00001,0.2104516386263059,0.2024954560045656
CN->CN,OLS,o_max,m004001_o_max_ord7_rk00002,0.2099271203535579,0.2024954560045656
CN->CN,OLS,o_max,m000017_o_max_ord3_rk00018,0.2098095587776618,0.2024954560045656
CN->CN,OLS,o_max,m001000_o_max_ord4_rk00001,0.2096608964778067,0.2024954560045656
CN->CN,OLS,o_max,m005011_o_max_ord8_rk00012,0.209650457781374,0.2024954560045656
CN->CN,OLS,o_max,m002003_o_max_ord5_rk00004,0.2096095901350069,0.2024954560045656
CN->CN,OLS,o_max,m002013_o_max_ord5_rk00014,0.2094974708536843,0.2024954560045656
CN->CN,OLS,o_max,m003000_o_max_ord6_rk00001,0.2092638205550213,0.2024954560045656
CN->CN,OLS,o_max,m003015_o_max_ord6_rk00016,0.2092491375059063,0.2024954560045656
CN->CN,OLS,o_max,m001001_o_max_ord4_rk00002,0.2091116702192581,0.2024954560045656
CN->CN,OLS,o_max,m002008_o_max_ord5_rk00009,0.2088709808351431,0.2024954560045656
CN->CN,OLS,o_max,m004000_o_max_ord7_rk00001,0.2088470837795524,0.2024954560045656
CN->CN,OLS,o_max,m001015_o_max_ord4_rk00016,0.2088007203924073,0.2024954560045656
CN->CN,OLS,o_max,m002011_o_max_ord5_rk00012,0.2086842302321297,0.2024954560045656
CN->CN,OLS,o_min,m064520_o_min_ord20_rk00006,0.2273496738900383,0.2024954560045656
CN->CN,OLS,o_min,m065530_o_min_ord21_rk00016,0.2265739134179277,0.2024954560045656
CN->CN,OLS,o_min,m064532_o_min_ord20_rk00018,0.2258555688353902,0.2024954560045656
CN->CN,OLS,o_min,m065521_o_min_ord21_rk00007,0.2254003075513135,0.2024954560045656
CN->CN,OLS,o_min,m068533_o_min_ord24_rk00019,0.2213925810918574,0.2024954560045656
CN->CN,OLS,o_min,m064531_o_min_ord20_rk00017,0.2192650805296003,0.2024954560045656
CN->CN,OLS,o_min,m047531_o_min_ord3_rk00017,0.2190089545187068,0.2024954560045656
CN->CN,OLS,o_min,m065520_o_min_ord21_rk00006,0.2184197212956812,0.2024954560045656
CN->CN,OLS,o_min,m048528_o_min_ord4_rk00014,0.2183837743422251,0.2024954560045656
CN->CN,OLS,o_min,m066529_o_min_ord22_rk00015,0.2181859957820088,0.2024954560045656
CN->CN,OLS,o_min,m048523_o_min_ord4_rk00009,0.2181730677780365,0.2024954560045656
CN->CN,OLS,o_min,m048515_o_min_ord4_rk00001,0.217553596486372,0.2024954560045656
CN->CN,OLS,o_min,m049518_o_min_ord5_rk00004,0.2169585235619794,0.2024954560045656
CN->CN,OLS,o_min,m048527_o_min_ord4_rk00013,0.2163245747668779,0.2024954560045656
CN->CN,OLS,o_min,m049519_o_min_ord5_rk00005,0.2158972652091908,0.2024954560045656
CN->CN,OLS,o_min,m049522_o_min_ord5_rk00008,0.2156661505832817,0.2024954560045656
CN->CN,OLS,o_min,m049527_o_min_ord5_rk00013,0.215565633442479,0.2024954560045656
CN->CN,OLS,o_min,m049525_o_min_ord5_rk00011,0.2155102896419815,0.2024954560045656
CN->CN,OLS,o_min,m049516_o_min_ord5_rk00002,0.2154367453324718,0.2024954560045656
CN->CN,OLS,o_min,m050530_o_min_ord6_rk00016,0.2153330613220454,0.2024954560045656
CN->CN,d1,o_max,m025008_o_max_ord28_rk00009,0.227528004622375,0.2125179566068594
CN->CN,d1,o_max,m017015_o_max_ord20_rk00016,0.2271678129957212,0.2125179566068594
CN->CN,d1,o_max,m017017_o_max_ord20_rk00018,0.2271468135499499,0.2125179566068594
CN->CN,d1,o_max,m018016_o_max_ord21_rk00017,0.2264213234724427,0.2125179566068594
CN->CN,d1,o_max,m024016_o_max_ord27_rk00017,0.2261742769384657,0.2125179566068594
CN->CN,d1,o_max,m019006_o_max_ord22_rk00007,0.2259615573318683,0.2125179566068594
CN->CN,d1,o_max,m019015_o_max_ord22_rk00016,0.2258766761329602,0.2125179566068594
CN->CN,d1,o_max,m027005_o_max_ord30_rk00006,0.2251948420252792,0.2125179566068594
CN->CN,d1,o_max,m023012_o_max_ord26_rk00013,0.2249949226559709,0.2125179566068594
CN->CN,d1,o_max,m016019_o_max_ord19_rk00020,0.2242450702421167,0.2125179566068594
CN->CN,d1,o_max,m026011_o_max_ord29_rk00012,0.2240180115746802,0.2125179566068594
CN->CN,d1,o_max,m026008_o_max_ord29_rk00009,0.2234929869750422,0.2125179566068594
CN->CN,d1,o_max,m020017_o_max_ord23_rk00018,0.2232753179586115,0.2125179566068594
CN->CN,d1,o_max,m026006_o_max_ord29_rk00007,0.2232146607539478,0.2125179566068594
CN->CN,d1,o_max,m026013_o_max_ord29_rk00014,0.2231874263824442,0.2125179566068594
CN->CN,d1,o_max,m026019_o_max_ord29_rk00020,0.2231041779932467,0.2125179566068594
CN->CN,d1,o_max,m026002_o_max_ord29_rk00003,0.2227998364127863,0.2125179566068594
CN->CN,d1,o_max,m013003_o_max_ord16_rk00004,0.2223258457534509,0.2125179566068594
CN->CN,d1,o_max,m020018_o_max_ord23_rk00019,0.2221507896006748,0.2125179566068594
CN->CN,d1,o_max,m027011_o_max_ord30_rk00012,0.2220247692933766,0.2125179566068594
CN->CN,d1,o_min,m047532_o_min_ord3_rk00018,0.2246433785585001,0.2125179566068594
CN->CN,d1,o_min,m047534_o_min_ord3_rk00020,0.2230082915918098,0.2125179566068594
CN->CN,d1,o_min,m047523_o_min_ord3_rk00009,0.2222603079818311,0.2125179566068594
CN->CN,d1,o_min,m047533_o_min_ord3_rk00019,0.2216815787604016,0.2125179566068594
CN->CN,d1,o_min,m048519_o_min_ord4_rk00005,0.2211838693305245,0.2125179566068594
CN->CN,d1,o_min,m047529_o_min_ord3_rk00015,0.2207280599180847,0.2125179566068594
CN->CN,d1,o_min,m062532_o_min_ord18_rk00018,0.2201792463472101,0.2125179566068594
CN->CN,d1,o_min,m073534_o_min_ord29_rk00020,0.2200596613673202,0.2125179566068594
CN->CN,d1,o_min,m047528_o_min_ord3_rk00014,0.2197072257142318,0.2125179566068594
CN->CN,d1,o_min,m060534_o_min_ord16_rk00020,0.2195394396895297,0.2125179566068594
CN->CN,d1,o_min,m062525_o_min_ord18_rk00011,0.2194043183381996,0.2125179566068594
CN->CN,d1,o_min,m049530_o_min_ord5_rk00016,0.2193277475744972,0.2125179566068594
CN->CN,d1,o_min,m048526_o_min_ord4_rk00012,0.2191806375803638,0.2125179566068594
CN->CN,d1,o_min,m048516_o_min_ord4_rk00002,0.218936769650571,0.2125179566068594
CN->CN,d1,o_min,m073531_o_min_ord29_rk00017,0.218386165779397,0.2125179566068594
CN->CN,d1,o_min,m061520_o_min_ord17_rk00006,0.21812998020085,0.2125179566068594
CN->CN,d1,o_min,m074524_o_min_ord30_rk00010,0.2178138489238396,0.2125179566068594
CN->CN,d1,o_min,m048521_o_min_ord4_rk00007,0.2175374687323341,0.2125179566068594
CN->CN,d1,o_min,m048524_o_min_ord4_rk00010,0.2175088226392159,0.2125179566068594
CN->CN,d1,o_min,m072519_o_min_ord28_rk00005,0.2174892995014871,0.2125179566068594
CN->CN,d2,o_max,m019015_o_max_ord22_rk00016,0.2242362095029966,0.2059778708692988
CN->CN,d2,o_max,m017015_o_max_ord20_rk00016,0.2219317665730726,0.2059778708692988
CN->CN,d2,o_max,m024016_o_max_ord27_rk00017,0.2219306430763848,0.2059778708692988
CN->CN,d2,o_max,m016019_o_max_ord19_rk00020,0.22190524983727,0.2059778708692988
CN->CN,d2,o_max,m025008_o_max_ord28_rk00009,0.2218513140376159,0.2059778708692988
CN->CN,d2,o_max,m025007_o_max_ord28_rk00008,0.2212583281876333,0.2059778708692988
CN->CN,d2,o_max,m017017_o_max_ord20_rk00018,0.2210151446559667,0.2059778708692988
CN->CN,d2,o_max,m025002_o_max_ord28_rk00003,0.2207010632709035,0.2059778708692988
CN->CN,d2,o_max,m025011_o_max_ord28_rk00012,0.2206517650315944,0.2059778708692988
CN->CN,d2,o_max,m025017_o_max_ord28_rk00018,0.2205879062008027,0.2059778708692988
CN->CN,d2,o_max,m020017_o_max_ord23_rk00018,0.2201361204256767,0.2059778708692988
CN->CN,d2,o_max,m025005_o_max_ord28_rk00006,0.219971431758394,0.2059778708692988
CN->CN,d2,o_max,m025013_o_max_ord28_rk00014,0.2199172140782901,0.2059778708692988
CN->CN,d2,o_max,m026009_o_max_ord29_rk00010,0.219783123370041,0.2059778708692988
CN->CN,d2,o_max,m018016_o_max_ord21_rk00017,0.2197501606409175,0.2059778708692988
CN->CN,d2,o_max,m024003_o_max_ord27_rk00004,0.2190043061903678,0.2059778708692988
CN->CN,d2,o_max,m021015_o_max_ord24_rk00016,0.2186597418514281,0.2059778708692988
CN->CN,d2,o_max,m023012_o_max_ord26_rk00013,0.2183601635902734,0.2059778708692988
CN->CN,d2,o_max,m019006_o_max_ord22_rk00007,0.2183472236823337,0.2059778708692988
CN->CN,d2,o_max,m023008_o_max_ord26_rk00009,0.2182771600819067,0.2059778708692988
CN->CN,d2,o_min,m051527_o_min_ord7_rk00013,0.2213480175799221,0.2059778708692988
CN->CN,d2,o_min,m051524_o_min_ord7_rk00010,0.2193760297817605,0.2059778708692988
CN->CN,d2,o_min,m051528_o_min_ord7_rk00014,0.2192874296526961,0.2059778708692988
CN->CN,d2,o_min,m049527_o_min_ord5_rk00013,0.219051861841873,0.2059778708692988
CN->CN,d2,o_min,m047534_o_min_ord3_rk00020,0.2189890027292036,0.2059778708692988
CN->CN,d2,o_min,m049529_o_min_ord5_rk00015,0.2187483302568208,0.2059778708692988
CN->CN,d2,o_min,m049517_o_min_ord5_rk00003,0.2187165858551673,0.2059778708692988
CN->CN,d2,o_min,m049524_o_min_ord5_rk00010,0.2184601995574766,0.2059778708692988
CN->CN,d2,o_min,m048521_o_min_ord4_rk00007,0.2183837256430517,0.2059778708692988
CN->CN,d2,o_min,m048528_o_min_ord4_rk00014,0.2181689066238076,0.2059778708692988
CN->CN,d2,o_min,m049521_o_min_ord5_rk00007,0.2179011353781523,0.2059778708692988
CN->CN,d2,o_min,m048523_o_min_ord4_rk00009,0.2178546539892359,0.2059778708692988
CN->CN,d2,o_min,m050532_o_min_ord6_rk00018,0.2176730719491189,0.2059778708692988
CN->CN,d2,o_min,m048522_o_min_ord4_rk00008,0.2171957114112628,0.2059778708692988
CN->CN,d2,o_min,m052515_o_min_ord8_rk00001,0.2170916663256138,0.2059778708692988
CN->CN,d2,o_min,m047533_o_min_ord3_rk00019,0.2167121745722307,0.2059778708692988
CN->CN,d2,o_min,m048516_o_min_ord4_rk00002,0.2166545652479155,0.2059778708692988
CN->CN,d2,o_min,m048518_o_min_ord4_rk00004,0.2165962452011278,0.2059778708692988
CN->CN,d2,o_min,m052530_o_min_ord8_rk00016,0.2162471962844078,0.2059778708692988
CN->CN,d2,o_min,m047532_o_min_ord3_rk00018,0.2162145904980937,0.2059778708692988
CN->CN,d3,o_max,m017017_o_max_ord20_rk00018,0.2175357928411618,0.1991411663859363
CN->CN,d3,o_max,m023008_o_max_ord26_rk00009,0.2173321024906501,0.1991411663859363
CN->CN,d3,o_max,m023019_o_max_ord26_rk00020,0.2164753744330261,0.1991411663859363
CN->CN,d3,o_max,m026011_o_max_ord29_rk00012,0.2160042246046362,0.1991411663859363
CN->CN,d3,o_max,m027005_o_max_ord30_rk00006,0.2157219427126067,0.1991411663859363
CN->CN,d3,o_max,m023009_o_max_ord26_rk00010,0.2155422135627324,0.1991411663859363
CN->CN,d3,o_max,m026009_o_max_ord29_rk00010,0.215380326305972,0.1991411663859363
CN->CN,d3,o_max,m019015_o_max_ord22_rk00016,0.2153623259234235,0.1991411663859363
CN->CN,d3,o_max,m026006_o_max_ord29_rk00007,0.2146733724479217,0.1991411663859363
CN->CN,d3,o_max,m023013_o_max_ord26_rk00014,0.2144033435028866,0.1991411663859363
CN->CN,d3,o_max,m023006_o_max_ord26_rk00007,0.2140810624784953,0.1991411663859363
CN->CN,d3,o_max,m020019_o_max_ord23_rk00020,0.2140114218835468,0.1991411663859363
CN->CN,d3,o_max,m020017_o_max_ord23_rk00018,0.2139836683599056,0.1991411663859363
CN->CN,d3,o_max,m020008_o_max_ord23_rk00009,0.2135080100242,0.1991411663859363
CN->CN,d3,o_max,m018017_o_max_ord21_rk00018,0.2133993367114094,0.1991411663859363
CN->CN,d3,o_max,m023002_o_max_ord26_rk00003,0.2132176437342851,0.1991411663859363
CN->CN,d3,o_max,m027019_o_max_ord30_rk00020,0.2131720815028152,0.1991411663859363
CN->CN,d3,o_max,m018015_o_max_ord21_rk00016,0.213051716741221,0.1991411663859363
CN->CN,d3,o_max,m024007_o_max_ord27_rk00008,0.2128993159305972,0.1991411663859363
CN->CN,d3,o_max,m025008_o_max_ord28_rk00009,0.2127801768846388,0.1991411663859363
CN->CN,d3,o_min,m047529_o_min_ord3_rk00015,0.2228925617716942,0.1991411663859363
CN->CN,d3,o_min,m047523_o_min_ord3_rk00009,0.2180852849014521,0.1991411663859363
CN->CN,d3,o_min,m052531_o_min_ord8_rk00017,0.2180669569308297,0.1991411663859363
CN->CN,d3,o_min,m048522_o_min_ord4_rk00008,0.2174316269548792,0.1991411663859363
CN->CN,d3,o_min,m052529_o_min_ord8_rk00015,0.2171712256310873,0.1991411663859363
CN->CN,d3,o_min,m052525_o_min_ord8_rk00011,0.2171406048413999,0.1991411663859363
CN->CN,d3,o_min,m065532_o_min_ord21_rk00018,0.2170628841131603,0.1991411663859363
CN->CN,d3,o_min,m049527_o_min_ord5_rk00013,0.2167288753428533,0.1991411663859363
CN->CN,d3,o_min,m052530_o_min_ord8_rk00016,0.2165590389713116,0.1991411663859363
CN->CN,d3,o_min,m048534_o_min_ord4_rk00020,0.2165347513482637,0.1991411663859363
CN->CN,d3,o_min,m049517_o_min_ord5_rk00003,0.2164643916105655,0.1991411663859363
CN->CN,d3,o_min,m051528_o_min_ord7_rk00014,0.2164173540917486,0.1991411663859363
CN->CN,d3,o_min,m050518_o_min_ord6_rk00004,0.2160073902583431,0.1991411663859363
CN->CN,d3,o_min,m050530_o_min_ord6_rk00016,0.2159885321575529,0.1991411663859363
CN->CN,d3,o_min,m055526_o_min_ord11_rk00012,0.2159323341842557,0.1991411663859363
CN->CN,d3,o_min,m051524_o_min_ord7_rk00010,0.2158385228578556,0.1991411663859363
CN->CN,d3,o_min,m047532_o_min_ord3_rk00018,0.2158191711192623,0.1991411663859363
CN->CN,d3,o_min,m048528_o_min_ord4_rk00014,0.2156578074574957,0.1991411663859363
CN->CN,d3,o_min,m062532_o_min_ord18_rk00018,0.2155347071253687,0.1991411663859363
CN->CN,d3,o_min,m050528_o_min_ord6_rk00014,0.2154862462856552,0.1991411663859363
AD->AD,OLS,o_max,m000016_o_max_ord3_rk00017,0.0362436128249196,0.0847453655418565
AD->AD,OLS,o_max,m000019_o_max_ord3_rk00020,0.0354927192825369,0.0847453655418565
AD->AD,OLS,o_max,m000013_o_max_ord3_rk00014,0.0317638566772739,0.0847453655418565
AD->AD,OLS,o_max,m000018_o_max_ord3_rk00019,0.0296764283827173,0.0847453655418565
AD->AD,OLS,o_max,m000011_o_max_ord3_rk00012,0.0267967529379332,0.0847453655418565
AD->AD,OLS,o_max,m000009_o_max_ord3_rk00010,0.0233100554728553,0.0847453655418565
AD->AD,OLS,o_max,m000010_o_max_ord3_rk00011,0.020883785767343,0.0847453655418565
AD->AD,OLS,o_max,m000002_o_max_ord3_rk00003,0.0184572795115227,0.0847453655418565
AD->AD,OLS,o_max,m000006_o_max_ord3_rk00007,0.0180353858222729,0.0847453655418565
AD->AD,OLS,o_max,m000007_o_max_ord3_rk00008,0.0148888655969059,0.0847453655418565
AD->AD,OLS,o_max,m000017_o_max_ord3_rk00018,0.0110621846531534,0.0847453655418565
AD->AD,OLS,o_max,m000000_o_max_ord3_rk00001,0.0097623340003574,0.0847453655418565
AD->AD,OLS,o_max,m000001_o_max_ord3_rk00002,0.0020352335183579,0.0847453655418565
AD->AD,OLS,o_max,m000008_o_max_ord3_rk00009,-0.003007056966702,0.0847453655418565
AD->AD,OLS,o_max,m002010_o_max_ord5_rk00011,-0.0037232821318731,0.0847453655418565
AD->AD,OLS,o_max,m000014_o_max_ord3_rk00015,-0.0064463915815466,0.0847453655418565
AD->AD,OLS,o_max,m002004_o_max_ord5_rk00005,-0.0100966871955039,0.0847453655418565
AD->AD,OLS,o_max,m000004_o_max_ord3_rk00005,-0.0115771880754671,0.0847453655418565
AD->AD,OLS,o_max,m000003_o_max_ord3_rk00004,-0.0126751451224615,0.0847453655418565
AD->AD,OLS,o_max,m000012_o_max_ord3_rk00013,-0.01344557113235,0.0847453655418565
AD->AD,OLS,o_min,m048528_o_min_ord4_rk00014,0.2709230257325024,0.0847453655418565
AD->AD,OLS,o_min,m059533_o_min_ord15_rk00019,0.2597490835991624,0.0847453655418565
AD->AD,OLS,o_min,m058515_o_min_ord14_rk00001,0.2588990361341123,0.0847453655418565
AD->AD,OLS,o_min,m049527_o_min_ord5_rk00013,0.2540696866563766,0.0847453655418565
AD->AD,OLS,o_min,m058529_o_min_ord14_rk00015,0.2537882360384728,0.0847453655418565
AD->AD,OLS,o_min,m060532_o_min_ord16_rk00018,0.2525461788478508,0.0847453655418565
AD->AD,OLS,o_min,m057515_o_min_ord13_rk00001,0.2479043674778702,0.0847453655418565
AD->AD,OLS,o_min,m056521_o_min_ord12_rk00007,0.2461934085304236,0.0847453655418565
AD->AD,OLS,o_min,m058522_o_min_ord14_rk00008,0.2444781398094686,0.0847453655418565
AD->AD,OLS,o_min,m056515_o_min_ord12_rk00001,0.2398701808570817,0.0847453655418565
AD->AD,OLS,o_min,m048523_o_min_ord4_rk00009,0.2382113865326158,0.0847453655418565
AD->AD,OLS,o_min,m060528_o_min_ord16_rk00014,0.2380842279074007,0.0847453655418565
AD->AD,OLS,o_min,m056522_o_min_ord12_rk00008,0.2375099240037819,0.0847453655418565
AD->AD,OLS,o_min,m056526_o_min_ord12_rk00012,0.2362322666448482,0.0847453655418565
AD->AD,OLS,o_min,m056530_o_min_ord12_rk00016,0.2311091545053744,0.0847453655418565
AD->AD,OLS,o_min,m059515_o_min_ord15_rk00001,0.2308592781101112,0.0847453655418565
AD->AD,OLS,o_min,m057527_o_min_ord13_rk00013,0.2299771492655459,0.0847453655418565
AD->AD,OLS,o_min,m055516_o_min_ord11_rk00002,0.2270253258347735,0.0847453655418565
AD->AD,OLS,o_min,m055532_o_min_ord11_rk00018,0.2259128149172611,0.0847453655418565
AD->AD,OLS,o_min,m057518_o_min_ord13_rk00004,0.2252832508606437,0.0847453655418565
AD->AD,d1,o_max,m005019_o_max_ord8_rk00020,0.1868055253120394,0.1531996975885498
AD->AD,d1,o_max,m005014_o_max_ord8_rk00015,0.1850535524048935,0.1531996975885498
AD->AD,d1,o_max,m012002_o_max_ord15_rk00003,0.1821525257258692,0.1531996975885498
AD->AD,d1,o_max,m002011_o_max_ord5_rk00012,0.1819325752499266,0.1531996975885498
AD->AD,d1,o_max,m012016_o_max_ord15_rk00017,0.1818663859320783,0.1531996975885498
AD->AD,d1,o_max,m027012_o_max_ord30_rk00013,0.1817072379114513,0.1531996975885498
AD->AD,d1,o_max,m013009_o_max_ord16_rk00010,0.1802792734438221,0.1531996975885498
AD->AD,d1,o_max,m013011_o_max_ord16_rk00012,0.1798589969349158,0.1531996975885498
AD->AD,d1,o_max,m009018_o_max_ord12_rk00019,0.1796282069208363,0.1531996975885498
AD->AD,d1,o_max,m016008_o_max_ord19_rk00009,0.1789339431205484,0.1531996975885498
AD->AD,d1,o_max,m016005_o_max_ord19_rk00006,0.1784211024421022,0.1531996975885498
AD->AD,d1,o_max,m013016_o_max_ord16_rk00017,0.1783039772320975,0.1531996975885498
AD->AD,d1,o_max,m012004_o_max_ord15_rk00005,0.1781997580479704,0.1531996975885498
AD->AD,d1,o_max,m016003_o_max_ord19_rk00004,0.1779367960067556,0.1531996975885498
AD->AD,d1,o_max,m006014_o_max_ord9_rk00015,0.1777921736243688,0.1531996975885498
AD->AD,d1,o_max,m012001_o_max_ord15_rk00002,0.1777574080955325,0.1531996975885498
AD->AD,d1,o_max,m016002_o_max_ord19_rk00003,0.1777226810408776,0.1531996975885498
AD->AD,d1,o_max,m011001_o_max_ord14_rk00002,0.1776812064759172,0.1531996975885498
AD->AD,d1,o_max,m013000_o_max_ord16_rk00001,0.1774404579177273,0.1531996975885498
AD->AD,d1,o_max,m012013_o_max_ord15_rk00014,0.1769820693995766,0.1531996975885498
AD->AD,d1,o_min,m048523_o_min_ord4_rk00009,0.1935611148457664,0.1531996975885498
AD->AD,d1,o_min,m048516_o_min_ord4_rk00002,0.1894143570291667,0.1531996975885498
AD->AD,d1,o_min,m052531_o_min_ord8_rk00017,0.1877422689392099,0.1531996975885498
AD->AD,d1,o_min,m053518_o_min_ord9_rk00004,0.1870483951023177,0.1531996975885498
AD->AD,d1,o_min,m052518_o_min_ord8_rk00004,0.186415448794733,0.1531996975885498
AD->AD,d1,o_min,m056528_o_min_ord12_rk00014,0.1861199831965955,0.1531996975885498
AD->AD,d1,o_min,m057524_o_min_ord13_rk00010,0.1852010464441438,0.1531996975885498
AD->AD,d1,o_min,m049521_o_min_ord5_rk00007,0.1849820334934493,0.1531996975885498
AD->AD,d1,o_min,m049517_o_min_ord5_rk00003,0.1849362740544559,0.1531996975885498
AD->AD,d1,o_min,m052530_o_min_ord8_rk00016,0.1849161899939136,0.1531996975885498
AD->AD,d1,o_min,m052529_o_min_ord8_rk00015,0.1843436173284078,0.1531996975885498
AD->AD,d1,o_min,m056533_o_min_ord12_rk00019,0.1813376715426088,0.1531996975885498
AD->AD,d1,o_min,m050532_o_min_ord6_rk00018,0.181116692316605,0.1531996975885498
AD->AD,d1,o_min,m057517_o_min_ord13_rk00003,0.1805336572202395,0.1531996975885498
AD->AD,d1,o_min,m048517_o_min_ord4_rk00003,0.180512791031878,0.1531996975885498
AD->AD,d1,o_min,m048529_o_min_ord4_rk00015,0.1793941177525972,0.1531996975885498
AD->AD,d1,o_min,m051527_o_min_ord7_rk00013,0.1785312276091748,0.1531996975885498
AD->AD,d1,o_min,m061521_o_min_ord17_rk00007,0.1783499814712549,0.1531996975885498
AD->AD,d1,o_min,m048518_o_min_ord4_rk00004,0.1782801556960135,0.1531996975885498
AD->AD,d1,o_min,m051524_o_min_ord7_rk00010,0.1775221580572654,0.1531996975885498
AD->AD,d2,o_max,m018003_o_max_ord21_rk00004,0.1881576517386148,0.1649053319832267
AD->AD,d2,o_max,m011010_o_max_ord14_rk00011,0.1881490330023449,0.1649053319832267
AD->AD,d2,o_max,m014007_o_max_ord17_rk00008,0.1875271667456437,0.1649053319832267
AD->AD,d2,o_max,m016008_o_max_ord19_rk00009,0.1859191154525581,0.1649053319832267
AD->AD,d2,o_max,m010015_o_max_ord13_rk00016,0.1855958297296653,0.1649053319832267
AD->AD,d2,o_max,m002011_o_max_ord5_rk00012,0.1855577780156635,0.1649053319832267
AD->AD,d2,o_max,m009008_o_max_ord12_rk00009,0.1854938344123263,0.1649053319832267
AD->AD,d2,o_max,m019018_o_max_ord22_rk00019,0.1853060701480856,0.1649053319832267
AD->AD,d2,o_max,m017012_o_max_ord20_rk00013,0.185272293283534,0.1649053319832267
AD->AD,d2,o_max,m016005_o_max_ord19_rk00006,0.1849180095810259,0.1649053319832267
AD->AD,d2,o_max,m014012_o_max_ord17_rk00013,0.184830268822676,0.1649053319832267
AD->AD,d2,o_max,m018017_o_max_ord21_rk00018,0.1841528061511871,0.1649053319832267
AD->AD,d2,o_max,m019009_o_max_ord22_rk00010,0.1840691731402545,0.1649053319832267
AD->AD,d2,o_max,m001013_o_max_ord4_rk00014,0.1837122510807728,0.1649053319832267
AD->AD,d2,o_max,m009006_o_max_ord12_rk00007,0.1834309347937984,0.1649053319832267
AD->AD,d2,o_max,m014005_o_max_ord17_rk00006,0.1830314358741984,0.1649053319832267
AD->AD,d2,o_max,m014003_o_max_ord17_rk00004,0.1828407289092953,0.1649053319832267
AD->AD,d2,o_max,m015008_o_max_ord18_rk00009,0.1828129137237399,0.1649053319832267
AD->AD,d2,o_max,m014014_o_max_ord17_rk00015,0.1827928283205919,0.1649053319832267
AD->AD,d2,o_max,m011012_o_max_ord14_rk00013,0.1827256230141235,0.1649053319832267
AD->AD,d2,o_min,m048523_o_min_ord4_rk00009,0.2118355754553457,0.1649053319832267
AD->AD,d2,o_min,m048516_o_min_ord4_rk00002,0.2032392933907072,0.1649053319832267
AD->AD,d2,o_min,m048529_o_min_ord4_rk00015,0.2027529504070914,0.1649053319832267
AD->AD,d2,o_min,m047517_o_min_ord3_rk00003,0.202704497430731,0.1649053319832267
AD->AD,d2,o_min,m048521_o_min_ord4_rk00007,0.1976123107427196,0.1649053319832267
AD->AD,d2,o_min,m048525_o_min_ord4_rk00011,0.1955453769386321,0.1649053319832267
AD->AD,d2,o_min,m048530_o_min_ord4_rk00016,0.1945178874164056,0.1649053319832267
AD->AD,d2,o_min,m048528_o_min_ord4_rk00014,0.1938571669758841,0.1649053319832267
AD->AD,d2,o_min,m048532_o_min_ord4_rk00018,0.1921444921746719,0.1649053319832267
AD->AD,d2,o_min,m067522_o_min_ord23_rk00008,0.1911212949851886,0.1649053319832267
AD->AD,d2,o_min,m048520_o_min_ord4_rk00006,0.1904118723966511,0.1649053319832267
AD->AD,d2,o_min,m054519_o_min_ord10_rk00005,0.1903102357343463,0.1649053319832267
AD->AD,d2,o_min,m048527_o_min_ord4_rk00013,0.1901576728312667,0.1649053319832267
AD->AD,d2,o_min,m052531_o_min_ord8_rk00017,0.1899267770551614,0.1649053319832267
AD->AD,d2,o_min,m048517_o_min_ord4_rk00003,0.1892743173737878,0.1649053319832267
AD->AD,d2,o_min,m048518_o_min_ord4_rk00004,0.1884329147315944,0.1649053319832267
AD->AD,d2,o_min,m050517_o_min_ord6_rk00003,0.1877665604916412,0.1649053319832267
AD->AD,d2,o_min,m067532_o_min_ord23_rk00018,0.1876821877644846,0.1649053319832267
AD->AD,d2,o_min,m050532_o_min_ord6_rk00018,0.1869942975857424,0.1649053319832267
AD->AD,d2,o_min,m049521_o_min_ord5_rk00007,0.1869711807828329,0.1649053319832267
AD->AD,d3,o_max,m011002_o_max_ord14_rk00003,0.185248853455994,0.1720213907704854
AD->AD,d3,o_max,m027012_o_max_ord30_rk00013,0.1827758185689757,0.1720213907704854
AD->AD,d3,o_max,m010004_o_max_ord13_rk00005,0.1784440272268921,0.1720213907704854
AD->AD,d3,o_max,m014015_o_max_ord17_rk00016,0.1770144445140878,0.1720213907704854
AD->AD,d3,o_max,m011004_o_max_ord14_rk00005,0.1754895090113374,0.1720213907704854
AD->AD,d3,o_max,m010015_o_max_ord13_rk00016,0.1752769258985849,0.1720213907704854
AD->AD,d3,o_max,m010014_o_max_ord13_rk00015,0.1747885255848522,0.1720213907704854
AD->AD,d3,o_max,m012016_o_max_ord15_rk00017,0.1741364804470718,0.1720213907704854
AD->AD,d3,o_max,m026015_o_max_ord29_rk00016,0.1740009891821301,0.1720213907704854
AD->AD,d3,o_max,m010016_o_max_ord13_rk00017,0.1735956149134937,0.1720213907704854
AD->AD,d3,o_max,m007006_o_max_ord10_rk00007,0.1734004917962788,0.1720213907704854
AD->AD,d3,o_max,m012013_o_max_ord15_rk00014,0.1731428434624903,0.1720213907704854
AD->AD,d3,o_max,m020013_o_max_ord23_rk00014,0.1730901057474456,0.1720213907704854
AD->AD,d3,o_max,m009018_o_max_ord12_rk00019,0.172894753113193,0.1720213907704854
AD->AD,d3,o_max,m014013_o_max_ord17_rk00014,0.1726033079710049,0.1720213907704854
AD->AD,d3,o_max,m013009_o_max_ord16_rk00010,0.1723673864457048,0.1720213907704854
AD->AD,d3,o_max,m014003_o_max_ord17_rk00004,0.1723343986390433,0.1720213907704854
AD->AD,d3,o_max,m010000_o_max_ord13_rk00001,0.1723103358126857,0.1720213907704854
AD->AD,d3,o_max,m002011_o_max_ord5_rk00012,0.1722729202315819,0.1720213907704854
AD->AD,d3,o_max,m013011_o_max_ord16_rk00012,0.1720350509947356,0.1720213907704854
AD->AD,d3,o_min,m047517_o_min_ord3_rk00003,0.2182938670369392,0.1720213907704854
AD->AD,d3,o_min,m048525_o_min_ord4_rk00011,0.2131494212277761,0.1720213907704854
AD->AD,d3,o_min,m057526_o_min_ord13_rk00012,0.2127803841713814,0.1720213907704854
AD->AD,d3,o_min,m054519_o_min_ord10_rk00005,0.2121126715211332,0.1720213907704854
AD->AD,d3,o_min,m048523_o_min_ord4_rk00009,0.2110501859589951,0.1720213907704854
AD->AD,d3,o_min,m048516_o_min_ord4_rk00002,0.2109818345705078,0.1720213907704854
AD->AD,d3,o_min,m048532_o_min_ord4_rk00018,0.2109574022203181,0.1720213907704854
AD->AD,d3,o_min,m057529_o_min_ord13_rk00015,0.2089653910053851,0.1720213907704854
AD->AD,d3,o_min,m057524_o_min_ord13_rk00010,0.2088419825938746,0.1720213907704854
AD->AD,d3,o_min,m048528_o_min_ord4_rk00014,0.2085265543136578,0.1720213907704854
AD->AD,d3,o_min,m048520_o_min_ord4_rk00006,0.2063408902807091,0.1720213907704854
AD->AD,d3,o_min,m048518_o_min_ord4_rk00004,0.2059918583850424,0.1720213907704854
AD->AD,d3,o_min,m058518_o_min_ord14_rk00004,0.2059667590068187,0.1720213907704854
AD->AD,d3,o_min,m060516_o_min_ord16_rk00002,0.2048272660021127,0.1720213907704854
AD->AD,d3,o_min,m052529_o_min_ord8_rk00015,0.2045794949131901,0.1720213907704854
AD->AD,d3,o_min,m061522_o_min_ord17_rk00008,0.2039515642364024,0.1720213907704854
AD->AD,d3,o_min,m056533_o_min_ord12_rk00019,0.2036128006638397,0.1720213907704854
AD->AD,d3,o_min,m054517_o_min_ord10_rk00003,0.2027113351686564,0.1720213907704854
AD->AD,d3,o_min,m048517_o_min_ord4_rk00003,0.2026046805136064,0.1720213907704854
AD->AD,d3,o_min,m057517_o_min_ord13_rk00003,0.2023650826658964,0.1720213907704854
AD->FTD,OLS,o_max,m000016_o_max_ord3_rk00017,0.2807065631196954,0.2671304412700247
AD->FTD,OLS,o_max,m000012_o_max_ord3_rk00013,0.2803383748031856,0.2671304412700247
AD->FTD,OLS,o_max,m000009_o_max_ord3_rk00010,0.2790879381089735,0.2671304412700247
AD->FTD,OLS,o_max,m000017_o_max_ord3_rk00018,0.277921147124985,0.2671304412700247
AD->FTD,OLS,o_max,m000004_o_max_ord3_rk00005,0.2773553487794082,0.2671304412700247
AD->FTD,OLS,o_max,m000008_o_max_ord3_rk00009,0.2769501231493645,0.2671304412700247
AD->FTD,OLS,o_max,m001000_o_max_ord4_rk00001,0.2766116596252308,0.2671304412700247
AD->FTD,OLS,o_max,m001010_o_max_ord4_rk00011,0.2757943470761963,0.2671304412700247
AD->FTD,OLS,o_max,m001018_o_max_ord4_rk00019,0.2747164826113365,0.2671304412700247
AD->FTD,OLS,o_max,m000018_o_max_ord3_rk00019,0.2740842732260904,0.2671304412700247
AD->FTD,OLS,o_max,m000000_o_max_ord3_rk00001,0.2733139417371558,0.2671304412700247
AD->FTD,OLS,o_max,m000002_o_max_ord3_rk00003,0.2727616709925101,0.2671304412700247
AD->FTD,OLS,o_max,m000003_o_max_ord3_rk00004,0.2726004513631981,0.2671304412700247
AD->FTD,OLS,o_max,m001011_o_max_ord4_rk00012,0.2720086532016263,0.2671304412700247
AD->FTD,OLS,o_max,m000015_o_max_ord3_rk00016,0.2708291726476834,0.2671304412700247
AD->FTD,OLS,o_max,m000014_o_max_ord3_rk00015,0.2708076855211052,0.2671304412700247
AD->FTD,OLS,o_max,m001015_o_max_ord4_rk00016,0.2707752692619444,0.2671304412700247
AD->FTD,OLS,o_max,m002001_o_max_ord5_rk00002,0.2704020895197732,0.2671304412700247
AD->FTD,OLS,o_max,m002010_o_max_ord5_rk00011,0.2691707408409426,0.2671304412700247
AD->FTD,OLS,o_max,m001002_o_max_ord4_rk00003,0.2688839303879345,0.2671304412700247
AD->FTD,OLS,o_min,m056524_o_min_ord12_rk00010,0.3046975145669616,0.2671304412700247
AD->FTD,OLS,o_min,m063534_o_min_ord19_rk00020,0.3033067757579365,0.2671304412700247
AD->FTD,OLS,o_min,m051526_o_min_ord7_rk00012,0.3022785500779217,0.2671304412700247
AD->FTD,OLS,o_min,m052527_o_min_ord8_rk00013,0.2989654376538975,0.2671304412700247
AD->FTD,OLS,o_min,m048517_o_min_ord4_rk00003,0.2984368048268835,0.2671304412700247
AD->FTD,OLS,o_min,m048527_o_min_ord4_rk00013,0.2978965781000118,0.2671304412700247
AD->FTD,OLS,o_min,m048530_o_min_ord4_rk00016,0.2978486150383617,0.2671304412700247
AD->FTD,OLS,o_min,m049524_o_min_ord5_rk00010,0.2960641977419089,0.2671304412700247
AD->FTD,OLS,o_min,m056520_o_min_ord12_rk00006,0.2937795448055241,0.2671304412700247
AD->FTD,OLS,o_min,m048525_o_min_ord4_rk00011,0.29338546485836,0.2671304412700247
AD->FTD,OLS,o_min,m048520_o_min_ord4_rk00006,0.2924515910096124,0.2671304412700247
AD->FTD,OLS,o_min,m050515_o_min_ord6_rk00001,0.2851063105351723,0.2671304412700247
AD->FTD,OLS,o_min,m049517_o_min_ord5_rk00003,0.2848585512324152,0.2671304412700247
AD->FTD,OLS,o_min,m051519_o_min_ord7_rk00005,0.2843644141235173,0.2671304412700247
AD->FTD,OLS,o_min,m051529_o_min_ord7_rk00015,0.2841604666096962,0.2671304412700247
AD->FTD,OLS,o_min,m053516_o_min_ord9_rk00002,0.2826570071862855,0.2671304412700247
AD->FTD,OLS,o_min,m048518_o_min_ord4_rk00004,0.2822181139991777,0.2671304412700247
AD->FTD,OLS,o_min,m055516_o_min_ord11_rk00002,0.2816153399678283,0.2671304412700247
AD->FTD,OLS,o_min,m051516_o_min_ord7_rk00002,0.2755336626003389,0.2671304412700247
AD->FTD,OLS,o_min,m050533_o_min_ord6_rk00019,0.2705419939413735,0.2671304412700247
AD->FTD,d1,o_max,m012007_o_max_ord15_rk00008,0.3068964447396952,0.2624941902071975
AD->FTD,d1,o_max,m015019_o_max_ord18_rk00020,0.3066251761029884,0.2624941902071975
AD->FTD,d1,o_max,m008013_o_max_ord11_rk00014,0.3050024833626352,0.2624941902071975
AD->FTD,d1,o_max,m012015_o_max_ord15_rk00016,0.3038856964395731,0.2624941902071975
AD->FTD,d1,o_max,m025016_o_max_ord28_rk00017,0.3025085257969625,0.2624941902071975
AD->FTD,d1,o_max,m025017_o_max_ord28_rk00018,0.3020272562196096,0.2624941902071975
AD->FTD,d1,o_max,m011002_o_max_ord14_rk00003,0.3017521810317003,0.2624941902071975
AD->FTD,d1,o_max,m017009_o_max_ord20_rk00010,0.3017082697193115,0.2624941902071975
AD->FTD,d1,o_max,m025005_o_max_ord28_rk00006,0.3016641492996516,0.2624941902071975
AD->FTD,d1,o_max,m023016_o_max_ord26_rk00017,0.3012003058798123,0.2624941902071975
AD->FTD,d1,o_max,m008015_o_max_ord11_rk00016,0.3010810927992494,0.2624941902071975
AD->FTD,d1,o_max,m011005_o_max_ord14_rk00006,0.2996909906164012,0.2624941902071975
AD->FTD,d1,o_max,m017001_o_max_ord20_rk00002,0.2987574625236076,0.2624941902071975
AD->FTD,d1,o_max,m024010_o_max_ord27_rk00011,0.2984721426331089,0.2624941902071975
AD->FTD,d1,o_max,m008019_o_max_ord11_rk00020,0.2983948581438802,0.2624941902071975
AD->FTD,d1,o_max,m020007_o_max_ord23_rk00008,0.2981842922544536,0.2624941902071975
AD->FTD,d1,o_max,m010016_o_max_ord13_rk00017,0.2980557685919268,0.2624941902071975
AD->FTD,d1,o_max,m017014_o_max_ord20_rk00015,0.2977454439122049,0.2624941902071975
AD->FTD,d1,o_max,m019005_o_max_ord22_rk00006,0.2976368203751514,0.2624941902071975
AD->FTD,d1,o_max,m020009_o_max_ord23_rk00010,0.2975419419084819,0.2624941902071975
AD->FTD,d1,o_min,m059521_o_min_ord15_rk00007,0.3141863898574432,0.2624941902071975
AD->FTD,d1,o_min,m059532_o_min_ord15_rk00018,0.3122886597966556,0.2624941902071975
AD->FTD,d1,o_min,m074526_o_min_ord30_rk00012,0.3115612045422249,0.2624941902071975
AD->FTD,d1,o_min,m074516_o_min_ord30_rk00002,0.3105403158731178,0.2624941902071975
AD->FTD,d1,o_min,m074518_o_min_ord30_rk00004,0.3103373063548907,0.2624941902071975
AD->FTD,d1,o_min,m066527_o_min_ord22_rk00013,0.309891241125049,0.2624941902071975
AD->FTD,d1,o_min,m073518_o_min_ord29_rk00004,0.3097481435993618,0.2624941902071975
AD->FTD,d1,o_min,m074527_o_min_ord30_rk00013,0.3096225738493526,0.2624941902071975
AD->FTD,d1,o_min,m059534_o_min_ord15_rk00020,0.3092913782633183,0.2624941902071975
AD->FTD,d1,o_min,m062527_o_min_ord18_rk00013,0.3092380847576468,0.2624941902071975
AD->FTD,d1,o_min,m074534_o_min_ord30_rk00020,0.3091174934252835,0.2624941902071975
AD->FTD,d1,o_min,m067522_o_min_ord23_rk00008,0.3089790629463453,0.2624941902071975
AD->FTD,d1,o_min,m060527_o_min_ord16_rk00013,0.3089119025687683,0.2624941902071975
AD->FTD,d1,o_min,m064516_o_min_ord20_rk00002,0.3088891680738362,0.2624941902071975
AD->FTD,d1,o_min,m074521_o_min_ord30_rk00007,0.3088580319550301,0.2624941902071975
AD->FTD,d1,o_min,m073515_o_min_ord29_rk00001,0.3088282660099127,0.2624941902071975
AD->FTD,d1,o_min,m073521_o_min_ord29_rk00007,0.308688201739458,0.2624941902071975
AD->FTD,d1,o_min,m052524_o_min_ord8_rk00010,0.3086667131535686,0.2624941902071975
AD->FTD,d1,o_min,m061534_o_min_ord17_rk00020,0.3084751984636922,0.2624941902071975
AD->FTD,d1,o_min,m059528_o_min_ord15_rk00014,0.308410286290846,0.2624941902071975
AD->FTD,d2,o_max,m015019_o_max_ord18_rk00020,0.3113380626360832,0.277440918652086
AD->FTD,d2,o_max,m007005_o_max_ord10_rk00006,0.3097886352388934,0.277440918652086
AD->FTD,d2,o_max,m016008_o_max_ord19_rk00009,0.3087912054275623,0.277440918652086
AD->FTD,d2,o_max,m009018_o_max_ord12_rk00019,0.3081543920910254,0.277440918652086
AD->FTD,d2,o_max,m015017_o_max_ord18_rk00018,0.3073174578435873,0.277440918652086
AD->FTD,d2,o_max,m008013_o_max_ord11_rk00014,0.307202264331559,0.277440918652086
AD->FTD,d2,o_max,m008019_o_max_ord11_rk00020,0.3070511007563986,0.277440918652086
AD->FTD,d2,o_max,m019010_o_max_ord22_rk00011,0.3065784856594298,0.277440918652086
AD->FTD,d2,o_max,m012001_o_max_ord15_rk00002,0.3063795666408284,0.277440918652086
AD->FTD,d2,o_max,m020000_o_max_ord23_rk00001,0.3062081880990148,0.277440918652086
AD->FTD,d2,o_max,m012002_o_max_ord15_rk00003,0.3060767637599808,0.277440918652086
AD->FTD,d2,o_max,m001013_o_max_ord4_rk00014,0.3058697188251085,0.277440918652086
AD->FTD,d2,o_max,m019018_o_max_ord22_rk00019,0.3057358821649453,0.277440918652086
AD->FTD,d2,o_max,m012016_o_max_ord15_rk00017,0.3056537681894247,0.277440918652086
AD->FTD,d2,o_max,m010015_o_max_ord13_rk00016,0.3051797787992955,0.277440918652086
AD->FTD,d2,o_max,m009010_o_max_ord12_rk00011,0.3049376689199969,0.277440918652086
AD->FTD,d2,o_max,m017002_o_max_ord20_rk00003,0.3047135547050374,0.277440918652086
AD->FTD,d2,o_max,m019013_o_max_ord22_rk00014,0.3046059680275544,0.277440918652086
AD->FTD,d2,o_max,m004017_o_max_ord7_rk00018,0.303977418732831,0.277440918652086
AD->FTD,d2,o_max,m016005_o_max_ord19_rk00006,0.3035849999158014,0.277440918652086
AD->FTD,d2,o_min,m062527_o_min_ord18_rk00013,0.3214868342389048,0.277440918652086
AD->FTD,d2,o_min,m058521_o_min_ord14_rk00007,0.3212102916368722,0.277440918652086
AD->FTD,d2,o_min,m050524_o_min_ord6_rk00010,0.3203725240233855,0.277440918652086
AD->FTD,d2,o_min,m074531_o_min_ord30_rk00017,0.3203182461127195,0.277440918652086
AD->FTD,d2,o_min,m053528_o_min_ord9_rk00014,0.3195174616174276,0.277440918652086
AD->FTD,d2,o_min,m066530_o_min_ord22_rk00016,0.3194201489862506,0.277440918652086
AD->FTD,d2,o_min,m048533_o_min_ord4_rk00019,0.3188014546068155,0.277440918652086
AD->FTD,d2,o_min,m053523_o_min_ord9_rk00009,0.3184736522525757,0.277440918652086
AD->FTD,d2,o_min,m074524_o_min_ord30_rk00010,0.3183356351907762,0.277440918652086
AD->FTD,d2,o_min,m062519_o_min_ord18_rk00005,0.3181775225185944,0.277440918652086
AD->FTD,d2,o_min,m074522_o_min_ord30_rk00008,0.3179709884811034,0.277440918652086
AD->FTD,d2,o_min,m059521_o_min_ord15_rk00007,0.3177112814728871,0.277440918652086
AD->FTD,d2,o_min,m074532_o_min_ord30_rk00018,0.3173531834063574,0.277440918652086
AD->FTD,d2,o_min,m061534_o_min_ord17_rk00020,0.3161802509032374,0.277440918652086
AD->FTD,d2,o_min,m058526_o_min_ord14_rk00012,0.31614882975149,0.277440918652086
AD->FTD,d2,o_min,m058534_o_min_ord14_rk00020,0.3161358233489664,0.277440918652086
AD->FTD,d2,o_min,m074527_o_min_ord30_rk00013,0.3161115328921895,0.277440918652086
AD->FTD,d2,o_min,m059532_o_min_ord15_rk00018,0.31604757337483,0.277440918652086
AD->FTD,d2,o_min,m068524_o_min_ord24_rk00010,0.3160244735901759,0.277440918652086
AD->FTD,d2,o_min,m055520_o_min_ord11_rk00006,0.315997996702315,0.277440918652086
AD->FTD,d3,o_max,m013011_o_max_ord16_rk00012,0.3154290914978863,0.2736045902425771
AD->FTD,d3,o_max,m008013_o_max_ord11_rk00014,0.3139562903557753,0.2736045902425771
AD->FTD,d3,o_max,m008004_o_max_ord11_rk00005,0.3128199531858356,0.2736045902425771
AD->FTD,d3,o_max,m012016_o_max_ord15_rk00017,0.3123570816398674,0.2736045902425771
AD->FTD,d3,o_max,m004017_o_max_ord7_rk00018,0.3114261813377045,0.2736045902425771
AD->FTD,d3,o_max,m000017_o_max_ord3_rk00018,0.3113851065583536,0.2736045902425771
AD->FTD,d3,o_max,m005012_o_max_ord8_rk00013,0.310333123894998,0.2736045902425771
AD->FTD,d3,o_max,m008019_o_max_ord11_rk00020,0.3093960797441992,0.2736045902425771
AD->FTD,d3,o_max,m009011_o_max_ord12_rk00012,0.308151443131314,0.2736045902425771
AD->FTD,d3,o_max,m006008_o_max_ord9_rk00009,0.3075217911210383,0.2736045902425771
AD->FTD,d3,o_max,m007018_o_max_ord10_rk00019,0.3073571335966522,0.2736045902425771
AD->FTD,d3,o_max,m026002_o_max_ord29_rk00003,0.3058918455497674,0.2736045902425771
AD->FTD,d3,o_max,m016009_o_max_ord19_rk00010,0.3055049211595454,0.2736045902425771
AD->FTD,d3,o_max,m002018_o_max_ord5_rk00019,0.3054322117932958,0.2736045902425771
AD->FTD,d3,o_max,m007005_o_max_ord10_rk00006,0.3051808930435404,0.2736045902425771
AD->FTD,d3,o_max,m016006_o_max_ord19_rk00007,0.3048415714815675,0.2736045902425771
AD->FTD,d3,o_max,m002004_o_max_ord5_rk00005,0.303342998217656,0.2736045902425771
AD->FTD,d3,o_max,m011002_o_max_ord14_rk00003,0.3029564137961801,0.2736045902425771
AD->FTD,d3,o_max,m010016_o_max_ord13_rk00017,0.3028893559486716,0.2736045902425771
AD->FTD,d3,o_max,m016014_o_max_ord19_rk00015,0.3026223992927498,0.2736045902425771
AD->FTD,d3,o_min,m059522_o_min_ord15_rk00008,0.3261429396540775,0.2736045902425771
AD->FTD,d3,o_min,m053530_o_min_ord9_rk00016,0.3230479969013039,0.2736045902425771
AD->FTD,d3,o_min,m059532_o_min_ord15_rk00018,0.3230125570125924,0.2736045902425771
AD->FTD,d3,o_min,m055519_o_min_ord11_rk00005,0.3220794140734471,0.2736045902425771
AD->FTD,d3,o_min,m062527_o_min_ord18_rk00013,0.3218582247444188,0.2736045902425771
AD->FTD,d3,o_min,m059528_o_min_ord15_rk00014,0.3217799336884074,0.2736045902425771
AD->FTD,d3,o_min,m060524_o_min_ord16_rk00010,0.3213765319759151,0.2736045902425771
AD->FTD,d3,o_min,m060530_o_min_ord16_rk00016,0.3209245790585888,0.2736045902425771
AD->FTD,d3,o_min,m074531_o_min_ord30_rk00017,0.3208684160261617,0.2736045902425771
AD->FTD,d3,o_min,m062523_o_min_ord18_rk00009,0.3208143440589982,0.2736045902425771
AD->FTD,d3,o_min,m058521_o_min_ord14_rk00007,0.3205135455095229,0.2736045902425771
AD->FTD,d3,o_min,m058526_o_min_ord14_rk00012,0.3204886347913525,0.2736045902425771
AD->FTD,d3,o_min,m059521_o_min_ord15_rk00007,0.3197095075750519,0.2736045902425771
AD->FTD,d3,o_min,m062534_o_min_ord18_rk00020,0.319543241800998,0.2736045902425771
AD->FTD,d3,o_min,m068519_o_min_ord24_rk00005,0.3192070961882276,0.2736045902425771
AD->FTD,d3,o_min,m068530_o_min_ord24_rk00016,0.3190857165219523,0.2736045902425771
AD->FTD,d3,o_min,m074530_o_min_ord30_rk00016,0.3189617426152021,0.2736045902425771
AD->FTD,d3,o_min,m063528_o_min_ord19_rk00014,0.3188177498766926,0.2736045902425771
AD->FTD,d3,o_min,m057531_o_min_ord13_rk00017,0.3187974415555664,0.2736045902425771
AD->FTD,d3,o_min,m069515_o_min_ord25_rk00001,0.3186694148679712,0.2736045902425771
FTD->FTD,OLS,o_max,m000017_o_max_ord3_rk00018,0.3467350055014342,0.3068137136244986
FTD->FTD,OLS,o_max,m000000_o_max_ord3_rk00001,0.3443029693542669,0.3068137136244986
FTD->FTD,OLS,o_max,m001004_o_max_ord4_rk00005,0.3425683809701412,0.3068137136244986
FTD->FTD,OLS,o_max,m001001_o_max_ord4_rk00002,0.3423220699589843,0.3068137136244986
FTD->FTD,OLS,o_max,m001002_o_max_ord4_rk00003,0.3420349701254903,0.3068137136244986
FTD->FTD,OLS,o_max,m001008_o_max_ord4_rk00009,0.3388726497840125,0.3068137136244986
FTD->FTD,OLS,o_max,m001011_o_max_ord4_rk00012,0.3386308231646157,0.3068137136244986
FTD->FTD,OLS,o_max,m001013_o_max_ord4_rk00014,0.3371716283453558,0.3068137136244986
FTD->FTD,OLS,o_max,m001015_o_max_ord4_rk00016,0.3362816595353117,0.3068137136244986
FTD->FTD,OLS,o_max,m002003_o_max_ord5_rk00004,0.3362741566469319,0.3068137136244986
FTD->FTD,OLS,o_max,m002002_o_max_ord5_rk00003,0.3314668505336903,0.3068137136244986
FTD->FTD,OLS,o_max,m002000_o_max_ord5_rk00001,0.3291321798975781,0.3068137136244986
FTD->FTD,OLS,o_max,m002017_o_max_ord5_rk00018,0.3286466678304605,0.3068137136244986
FTD->FTD,OLS,o_max,m003004_o_max_ord6_rk00005,0.3285974812747917,0.3068137136244986
FTD->FTD,OLS,o_max,m003011_o_max_ord6_rk00012,0.3277147561188016,0.3068137136244986
FTD->FTD,OLS,o_max,m001009_o_max_ord4_rk00010,0.3262876243836116,0.3068137136244986
FTD->FTD,OLS,o_max,m002010_o_max_ord5_rk00011,0.3261673647006905,0.3068137136244986
FTD->FTD,OLS,o_max,m003007_o_max_ord6_rk00008,0.3243626803027896,0.3068137136244986
FTD->FTD,OLS,o_max,m003002_o_max_ord6_rk00003,0.3227994677759502,0.3068137136244986
FTD->FTD,OLS,o_max,m003015_o_max_ord6_rk00016,0.3208369232418844,0.3068137136244986
FTD->FTD,OLS,o_min,m048530_o_min_ord4_rk00016,0.3101702323949694,0.3068137136244986
FTD->FTD,OLS,o_min,m047517_o_min_ord3_rk00003,0.3101240671901838,0.3068137136244986
FTD->FTD,OLS,o_min,m048519_o_min_ord4_rk00005,0.3067901166625015,0.3068137136244986
FTD->FTD,OLS,o_min,m049518_o_min_ord5_rk00004,0.2953525444127169,0.3068137136244986
FTD->FTD,OLS,o_min,m048529_o_min_ord4_rk00015,0.2950306548767885,0.3068137136244986
FTD->FTD,OLS,o_min,m050525_o_min_ord6_rk00011,0.2875453080958635,0.3068137136244986
FTD->FTD,OLS,o_min,m048532_o_min_ord4_rk00018,0.2871471470202096,0.3068137136244986
FTD->FTD,OLS,o_min,m050533_o_min_ord6_rk00019,0.2854175354442148,0.3068137136244986
FTD->FTD,OLS,o_min,m049516_o_min_ord5_rk00002,0.2852531789838571,0.3068137136244986
FTD->FTD,OLS,o_min,m050522_o_min_ord6_rk00008,0.2814618421825747,0.3068137136244986
FTD->FTD,OLS,o_min,m048521_o_min_ord4_rk00007,0.278795111481925,0.3068137136244986
FTD->FTD,OLS,o_min,m050518_o_min_ord6_rk00004,0.2774273767751061,0.3068137136244986
FTD->FTD,OLS,o_min,m050516_o_min_ord6_rk00002,0.276964745705756,0.3068137136244986
FTD->FTD,OLS,o_min,m049534_o_min_ord5_rk00020,0.2765162686237744,0.3068137136244986
FTD->FTD,OLS,o_min,m049533_o_min_ord5_rk00019,0.2752562176476953,0.3068137136244986
FTD->FTD,OLS,o_min,m047516_o_min_ord3_rk00002,0.2725420643875099,0.3068137136244986
FTD->FTD,OLS,o_min,m047518_o_min_ord3_rk00004,0.2688287628351852,0.3068137136244986
FTD->FTD,OLS,o_min,m047521_o_min_ord3_rk00007,0.2672505458331603,0.3068137136244986
FTD->FTD,OLS,o_min,m048516_o_min_ord4_rk00002,0.266785022452541,0.3068137136244986
FTD->FTD,OLS,o_min,m047527_o_min_ord3_rk00013,0.2664175819747822,0.3068137136244986
FTD->FTD,d1,o_max,m014014_o_max_ord17_rk00015,0.3279250682897369,0.304900001863487
FTD->FTD,d1,o_max,m011014_o_max_ord14_rk00015,0.3275757763932585,0.304900001863487
FTD->FTD,d1,o_max,m015014_o_max_ord18_rk00015,0.3262959058536215,0.304900001863487
FTD->FTD,d1,o_max,m006017_o_max_ord9_rk00018,0.3246340739933906,0.304900001863487
FTD->FTD,d1,o_max,m014015_o_max_ord17_rk00016,0.3246237790758094,0.304900001863487
FTD->FTD,d1,o_max,m003012_o_max_ord6_rk00013,0.3240609168880106,0.304900001863487
FTD->FTD,d1,o_max,m006007_o_max_ord9_rk00008,0.3240183663285295,0.304900001863487
FTD->FTD,d1,o_max,m014019_o_max_ord17_rk00020,0.3236967953257735,0.304900001863487
FTD->FTD,d1,o_max,m014013_o_max_ord17_rk00014,0.3235113595399613,0.304900001863487
FTD->FTD,d1,o_max,m004010_o_max_ord7_rk00011,0.3231427558056223,0.304900001863487
FTD->FTD,d1,o_max,m024009_o_max_ord27_rk00010,0.3230694861576721,0.304900001863487
FTD->FTD,d1,o_max,m020008_o_max_ord23_rk00009,0.3212991830822588,0.304900001863487
FTD->FTD,d1,o_max,m006010_o_max_ord9_rk00011,0.321209860293424,0.304900001863487
FTD->FTD,d1,o_max,m008007_o_max_ord11_rk00008,0.3211386904519953,0.304900001863487
FTD->FTD,d1,o_max,m014001_o_max_ord17_rk00002,0.3211221700694262,0.304900001863487
FTD->FTD,d1,o_max,m027007_o_max_ord30_rk00008,0.3210779660574121,0.304900001863487
FTD->FTD,d1,o_max,m014018_o_max_ord17_rk00019,0.3206715739813711,0.304900001863487
FTD->FTD,d1,o_max,m002000_o_max_ord5_rk00001,0.320633470920997,0.304900001863487
FTD->FTD,d1,o_max,m015013_o_max_ord18_rk00014,0.3205125137662793,0.304900001863487
FTD->FTD,d1,o_max,m010010_o_max_ord13_rk00011,0.3203266447393363,0.304900001863487
FTD->FTD,d1,o_min,m069516_o_min_ord25_rk00002,0.3328950724499748,0.304900001863487
FTD->FTD,d1,o_min,m069524_o_min_ord25_rk00010,0.3319929636483689,0.304900001863487
FTD->FTD,d1,o_min,m067524_o_min_ord23_rk00010,0.331775597213175,0.304900001863487
FTD->FTD,d1,o_min,m069527_o_min_ord25_rk00013,0.3314021731055365,0.304900001863487
FTD->FTD,d1,o_min,m067519_o_min_ord23_rk00005,0.3312416781022421,0.304900001863487
FTD->FTD,d1,o_min,m067523_o_min_ord23_rk00009,0.3310769385731198,0.304900001863487
FTD->FTD,d1,o_min,m073527_o_min_ord29_rk00013,0.3308702686197861,0.304900001863487
FTD->FTD,d1,o_min,m068526_o_min_ord24_rk00012,0.3306628273068327,0.304900001863487
FTD->FTD,d1,o_min,m069533_o_min_ord25_rk00019,0.330541414738887,0.304900001863487
FTD->FTD,d1,o_min,m068527_o_min_ord24_rk00013,0.3304798767063688,0.304900001863487
FTD->FTD,d1,o_min,m068529_o_min_ord24_rk00015,0.3303684844460829,0.304900001863487
FTD->FTD,d1,o_min,m064527_o_min_ord20_rk00013,0.3302993202614893,0.304900001863487
FTD->FTD,d1,o_min,m067525_o_min_ord23_rk00011,0.3302234754137076,0.304900001863487
FTD->FTD,d1,o_min,m069526_o_min_ord25_rk00012,0.3301389013935679,0.304900001863487
FTD->FTD,d1,o_min,m064524_o_min_ord20_rk00010,0.3301069692513484,0.304900001863487
FTD->FTD,d1,o_min,m070529_o_min_ord26_rk00015,0.329679163628237,0.304900001863487
FTD->FTD,d1,o_min,m073534_o_min_ord29_rk00020,0.3294797238311807,0.304900001863487
FTD->FTD,d1,o_min,m066530_o_min_ord22_rk00016,0.3289938745871242,0.304900001863487
FTD->FTD,d1,o_min,m072517_o_min_ord28_rk00003,0.3286740845773162,0.304900001863487
FTD->FTD,d1,o_min,m068517_o_min_ord24_rk00003,0.3286443579038726,0.304900001863487
FTD->FTD,d2,o_max,m003002_o_max_ord6_rk00003,0.3221015177396314,0.2981318912346223
FTD->FTD,d2,o_max,m003011_o_max_ord6_rk00012,0.3171415474553947,0.2981318912346223
FTD->FTD,d2,o_max,m002004_o_max_ord5_rk00005,0.3152311518934129,0.2981318912346223
FTD->FTD,d2,o_max,m002011_o_max_ord5_rk00012,0.3152225943539638,0.2981318912346223
FTD->FTD,d2,o_max,m004002_o_max_ord7_rk00003,0.3143756597638524,0.2981318912346223
FTD->FTD,d2,o_max,m001008_o_max_ord4_rk00009,0.3132592923936568,0.2981318912346223
FTD->FTD,d2,o_max,m006015_o_max_ord9_rk00016,0.3121459337886983,0.2981318912346223
FTD->FTD,d2,o_max,m004006_o_max_ord7_rk00007,0.3120135895295177,0.2981318912346223
FTD->FTD,d2,o_max,m004003_o_max_ord7_rk00004,0.3118122325714343,0.2981318912346223
FTD->FTD,d2,o_max,m004008_o_max_ord7_rk00009,0.3116658178768258,0.2981318912346223
FTD->FTD,d2,o_max,m000018_o_max_ord3_rk00019,0.3111471733121955,0.2981318912346223
FTD->FTD,d2,o_max,m001011_o_max_ord4_rk00012,0.3106229592956377,0.2981318912346223
FTD->FTD,d2,o_max,m004018_o_max_ord7_rk00019,0.3104205740389417,0.2981318912346223
FTD->FTD,d2,o_max,m005016_o_max_ord8_rk00017,0.3095308634219158,0.2981318912346223
FTD->FTD,d2,o_max,m004012_o_max_ord7_rk00013,0.3094495985576923,0.2981318912346223
FTD->FTD,d2,o_max,m003001_o_max_ord6_rk00002,0.3093301910237771,0.2981318912346223
FTD->FTD,d2,o_max,m000000_o_max_ord3_rk00001,0.3087405127229533,0.2981318912346223
FTD->FTD,d2,o_max,m005009_o_max_ord8_rk00010,0.3081009011973363,0.2981318912346223
FTD->FTD,d2,o_max,m006009_o_max_ord9_rk00010,0.3078281192876699,0.2981318912346223
FTD->FTD,d2,o_max,m002013_o_max_ord5_rk00014,0.3078166935123306,0.2981318912346223
FTD->FTD,d2,o_min,m071520_o_min_ord27_rk00006,0.3241127848924519,0.2981318912346223
FTD->FTD,d2,o_min,m066520_o_min_ord22_rk00006,0.319764798720364,0.2981318912346223
FTD->FTD,d2,o_min,m069520_o_min_ord25_rk00006,0.3197185197037073,0.2981318912346223
FTD->FTD,d2,o_min,m069532_o_min_ord25_rk00018,0.3196504638026288,0.2981318912346223
FTD->FTD,d2,o_min,m069521_o_min_ord25_rk00007,0.31956469530772,0.2981318912346223
FTD->FTD,d2,o_min,m066516_o_min_ord22_rk00002,0.3189837120083686,0.2981318912346223
FTD->FTD,d2,o_min,m066515_o_min_ord22_rk00001,0.3188261888214698,0.2981318912346223
FTD->FTD,d2,o_min,m059529_o_min_ord15_rk00015,0.3181717813517655,0.2981318912346223
FTD->FTD,d2,o_min,m069529_o_min_ord25_rk00015,0.3178757430767612,0.2981318912346223
FTD->FTD,d2,o_min,m066529_o_min_ord22_rk00015,0.3174879254932001,0.2981318912346223
FTD->FTD,d2,o_min,m069524_o_min_ord25_rk00010,0.317295214893377,0.2981318912346223
FTD->FTD,d2,o_min,m071528_o_min_ord27_rk00014,0.3171474322417958,0.2981318912346223
FTD->FTD,d2,o_min,m072516_o_min_ord28_rk00002,0.3170406982479521,0.2981318912346223
FTD->FTD,d2,o_min,m066522_o_min_ord22_rk00008,0.3164457283174562,0.2981318912346223
FTD->FTD,d2,o_min,m071534_o_min_ord27_rk00020,0.3162988181856738,0.2981318912346223
FTD->FTD,d2,o_min,m072534_o_min_ord28_rk00020,0.3162652570784565,0.2981318912346223
FTD->FTD,d2,o_min,m059516_o_min_ord15_rk00002,0.3161374924585894,0.2981318912346223
FTD->FTD,d2,o_min,m069523_o_min_ord25_rk00009,0.31602715885054,0.2981318912346223
FTD->FTD,d2,o_min,m059526_o_min_ord15_rk00012,0.3159670959769138,0.2981318912346223
FTD->FTD,d2,o_min,m072520_o_min_ord28_rk00006,0.3158944083829217,0.2981318912346223
FTD->FTD,d3,o_max,m001008_o_max_ord4_rk00009,0.3087172684801685,0.2918357030597404
FTD->FTD,d3,o_max,m003002_o_max_ord6_rk00003,0.3083190622773597,0.2918357030597404
FTD->FTD,d3,o_max,m003005_o_max_ord6_rk00006,0.3075815588456494,0.2918357030597404
FTD->FTD,d3,o_max,m004006_o_max_ord7_rk00007,0.305082135551537,0.2918357030597404
FTD->FTD,d3,o_max,m005010_o_max_ord8_rk00011,0.3039271663567905,0.2918357030597404
FTD->FTD,d3,o_max,m002004_o_max_ord5_rk00005,0.3033109471012291,0.2918357030597404
FTD->FTD,d3,o_max,m006012_o_max_ord9_rk00013,0.302715520433414,0.2918357030597404
FTD->FTD,d3,o_max,m003004_o_max_ord6_rk00005,0.3024266886003438,0.2918357030597404
FTD->FTD,d3,o_max,m003011_o_max_ord6_rk00012,0.3023874693480611,0.2918357030597404
FTD->FTD,d3,o_max,m005016_o_max_ord8_rk00017,0.3018163979674596,0.2918357030597404
FTD->FTD,d3,o_max,m002006_o_max_ord5_rk00007,0.3016304288544096,0.2918357030597404
FTD->FTD,d3,o_max,m005015_o_max_ord8_rk00016,0.3012191650362354,0.2918357030597404
FTD->FTD,d3,o_max,m002015_o_max_ord5_rk00016,0.3010462658827808,0.2918357030597404
FTD->FTD,d3,o_max,m003001_o_max_ord6_rk00002,0.3008731213935665,0.2918357030597404
FTD->FTD,d3,o_max,m003006_o_max_ord6_rk00007,0.2994399179979136,0.2918357030597404
FTD->FTD,d3,o_max,m005012_o_max_ord8_rk00013,0.2993518218248188,0.2918357030597404
FTD->FTD,d3,o_max,m013014_o_max_ord16_rk00015,0.2992966335442986,0.2918357030597404
FTD->FTD,d3,o_max,m005001_o_max_ord8_rk00002,0.2988451849468033,0.2918357030597404
FTD->FTD,d3,o_max,m004012_o_max_ord7_rk00013,0.2982395051438037,0.2918357030597404
FTD->FTD,d3,o_max,m011000_o_max_ord14_rk00001,0.2982125937103359,0.2918357030597404
FTD->FTD,d3,o_min,m066520_o_min_ord22_rk00006,0.315161837162775,0.2918357030597404
FTD->FTD,d3,o_min,m072534_o_min_ord28_rk00020,0.3151064285489265,0.2918357030597404
FTD->FTD,d3,o_min,m066534_o_min_ord22_rk00020,0.3149780096687694,0.2918357030597404
FTD->FTD,d3,o_min,m059529_o_min_ord15_rk00015,0.3133048564426225,0.2918357030597404
FTD->FTD,d3,o_min,m058524_o_min_ord14_rk00010,0.3123598787733016,0.2918357030597404
FTD->FTD,d3,o_min,m066527_o_min_ord22_rk00013,0.3122005554515972,0.2918357030597404
FTD->FTD,d3,o_min,m052518_o_min_ord8_rk00004,0.3114184713823211,0.2918357030597404
FTD->FTD,d3,o_min,m072519_o_min_ord28_rk00005,0.310781266461111,0.2918357030597404
FTD->FTD,d3,o_min,m073527_o_min_ord29_rk00013,0.3107222757097428,0.2918357030597404
FTD->FTD,d3,o_min,m066522_o_min_ord22_rk00008,0.3099518410602266,0.2918357030597404
FTD->FTD,d3,o_min,m069524_o_min_ord25_rk00010,0.309857369825152,0.2918357030597404
FTD->FTD,d3,o_min,m067529_o_min_ord23_rk00015,0.3091029857052187,0.2918357030597404
FTD->FTD,d3,o_min,m066516_o_min_ord22_rk00002,0.3090611350362995,0.2918357030597404
FTD->FTD,d3,o_min,m071528_o_min_ord27_rk00014,0.3081747626134561,0.2918357030597404
FTD->FTD,d3,o_min,m069516_o_min_ord25_rk00002,0.3080333524293739,0.2918357030597404
FTD->FTD,d3,o_min,m068529_o_min_ord24_rk00015,0.3076187218830847,0.2918357030597404
FTD->FTD,d3,o_min,m071534_o_min_ord27_rk00020,0.3071328827562607,0.2918357030597404
FTD->FTD,d3,o_min,m069520_o_min_ord25_rk00006,0.3070570680720013,0.2918357030597404
FTD->FTD,d3,o_min,m072516_o_min_ord28_rk00002,0.3068605775234433,0.2918357030597404
FTD->FTD,d3,o_min,m061519_o_min_ord17_rk00005,0.3065436827226366,0.2918357030597404
FTD->AD,OLS,o_max,m003018_o_max_ord6_rk00019,0.2053362455552292,0.1739615585787557
FTD->AD,OLS,o_max,m003009_o_max_ord6_rk00010,0.2050098114653233,0.1739615585787557
FTD->AD,OLS,o_max,m004016_o_max_ord7_rk00017,0.2049896295985516,0.1739615585787557
FTD->AD,OLS,o_max,m003003_o_max_ord6_rk00004,0.2017430009238214,0.1739615585787557
FTD->AD,OLS,o_max,m002011_o_max_ord5_rk00012,0.1999018298828379,0.1739615585787557
FTD->AD,OLS,o_max,m004018_o_max_ord7_rk00019,0.1992196667113852,0.1739615585787557
FTD->AD,OLS,o_max,m004008_o_max_ord7_rk00009,0.1941952715791088,0.1739615585787557
FTD->AD,OLS,o_max,m002007_o_max_ord5_rk00008,0.1930036170666181,0.1739615585787557
FTD->AD,OLS,o_max,m005015_o_max_ord8_rk00016,0.1928811305466451,0.1739615585787557
FTD->AD,OLS,o_max,m001009_o_max_ord4_rk00010,0.191348065822392,0.1739615585787557
FTD->AD,OLS,o_max,m003016_o_max_ord6_rk00017,0.1909138166135076,0.1739615585787557
FTD->AD,OLS,o_max,m004005_o_max_ord7_rk00006,0.1891348564052736,0.1739615585787557
FTD->AD,OLS,o_max,m002017_o_max_ord5_rk00018,0.1879281979284895,0.1739615585787557
FTD->AD,OLS,o_max,m003010_o_max_ord6_rk00011,0.1829066968295792,0.1739615585787557
FTD->AD,OLS,o_max,m000012_o_max_ord3_rk00013,0.1723256708553781,0.1739615585787557
FTD->AD,OLS,o_max,m003011_o_max_ord6_rk00012,0.1721475628864376,0.1739615585787557
FTD->AD,OLS,o_max,m002002_o_max_ord5_rk00003,0.168915173092424,0.1739615585787557
FTD->AD,OLS,o_max,m000009_o_max_ord3_rk00010,0.1679937058120812,0.1739615585787557
FTD->AD,OLS,o_max,m003004_o_max_ord6_rk00005,0.1673417577427698,0.1739615585787557
FTD->AD,OLS,o_max,m004012_o_max_ord7_rk00013,0.1657761409231656,0.1739615585787557
FTD->AD,OLS,o_min,m047527_o_min_ord3_rk00013,0.2174858976286171,0.1739615585787557
FTD->AD,OLS,o_min,m047521_o_min_ord3_rk00007,0.2162506894138564,0.1739615585787557
FTD->AD,OLS,o_min,m047516_o_min_ord3_rk00002,0.210738877722004,0.1739615585787557
FTD->AD,OLS,o_min,m047518_o_min_ord3_rk00004,0.2084708250280932,0.1739615585787557
FTD->AD,OLS,o_min,m048527_o_min_ord4_rk00013,0.2026311499639991,0.1739615585787557
FTD->AD,OLS,o_min,m048532_o_min_ord4_rk00018,0.1887566720619863,0.1739615585787557
FTD->AD,OLS,o_min,m048518_o_min_ord4_rk00004,0.1825539809369601,0.1739615585787557
FTD->AD,OLS,o_min,m051530_o_min_ord7_rk00016,0.1807927532231961,0.1739615585787557
FTD->AD,OLS,o_min,m050516_o_min_ord6_rk00002,0.1807845361134742,0.1739615585787557
FTD->AD,OLS,o_min,m048517_o_min_ord4_rk00003,0.1772759916051347,0.1739615585787557
FTD->AD,OLS,o_min,m048530_o_min_ord4_rk00016,0.1747110871133342,0.1739615585787557
FTD->AD,OLS,o_min,m051532_o_min_ord7_rk00018,0.173349458598231,0.1739615585787557
FTD->AD,OLS,o_min,m050527_o_min_ord6_rk00013,0.1711922910863985,0.1739615585787557
FTD->AD,OLS,o_min,m047524_o_min_ord3_rk00010,0.1707420282593293,0.1739615585787557
FTD->AD,OLS,o_min,m047530_o_min_ord3_rk00016,0.1695947192370532,0.1739615585787557
FTD->AD,OLS,o_min,m047517_o_min_ord3_rk00003,0.1692773174028137,0.1739615585787557
FTD->AD,OLS,o_min,m048529_o_min_ord4_rk00015,0.1689549708275167,0.1739615585787557
FTD->AD,OLS,o_min,m048523_o_min_ord4_rk00009,0.1689392454434032,0.1739615585787557
FTD->AD,OLS,o_min,m048519_o_min_ord4_rk00005,0.1684770837193001,0.1739615585787557
FTD->AD,OLS,o_min,m049516_o_min_ord5_rk00002,0.1673663224450163,0.1739615585787557
FTD->AD,d1,o_max,m003012_o_max_ord6_rk00013,0.1995260580039412,0.1559430288528203
FTD->AD,d1,o_max,m006017_o_max_ord9_rk00018,0.1815004169259422,0.1559430288528203
FTD->AD,d1,o_max,m002013_o_max_ord5_rk00014,0.179504785291234,0.1559430288528203
FTD->AD,d1,o_max,m014011_o_max_ord17_rk00012,0.1667193388311419,0.1559430288528203
FTD->AD,d1,o_max,m014019_o_max_ord17_rk00020,0.1646479656800601,0.1559430288528203
FTD->AD,d1,o_max,m014014_o_max_ord17_rk00015,0.1638422029656407,0.1559430288528203
FTD->AD,d1,o_max,m006007_o_max_ord9_rk00008,0.1637624640957022,0.1559430288528203
FTD->AD,d1,o_max,m011014_o_max_ord14_rk00015,0.1636570830057003,0.1559430288528203
FTD->AD,d1,o_max,m024009_o_max_ord27_rk00010,0.1628119836527937,0.1559430288528203
FTD->AD,d1,o_max,m014004_o_max_ord17_rk00005,0.162684868751915,0.1559430288528203
FTD->AD,d1,o_max,m009011_o_max_ord12_rk00012,0.1619520601420523,0.1559430288528203
FTD->AD,d1,o_max,m008019_o_max_ord11_rk00020,0.1607982759858983,0.1559430288528203
FTD->AD,d1,o_max,m001019_o_max_ord4_rk00020,0.1589839431402202,0.1559430288528203
FTD->AD,d1,o_max,m006010_o_max_ord9_rk00011,0.1584495356280922,0.1559430288528203
FTD->AD,d1,o_max,m011004_o_max_ord14_rk00005,0.1582059193402828,0.1559430288528203
FTD->AD,d1,o_max,m015014_o_max_ord18_rk00015,0.158116966681156,0.1559430288528203
FTD->AD,d1,o_max,m008009_o_max_ord11_rk00010,0.1569336035459876,0.1559430288528203
FTD->AD,d1,o_max,m001007_o_max_ord4_rk00008,0.155770910506977,0.1559430288528203
FTD->AD,d1,o_max,m014010_o_max_ord17_rk00011,0.1555434860406119,0.1559430288528203
FTD->AD,d1,o_max,m002012_o_max_ord5_rk00013,0.1541149290890251,0.1559430288528203
FTD->AD,d1,o_min,m058520_o_min_ord14_rk00006,0.2506369232406513,0.1559430288528203
FTD->AD,d1,o_min,m061517_o_min_ord17_rk00003,0.2469382033106748,0.1559430288528203
FTD->AD,d1,o_min,m054532_o_min_ord10_rk00018,0.2440580493693086,0.1559430288528203
FTD->AD,d1,o_min,m061530_o_min_ord17_rk00016,0.2411604496098476,0.1559430288528203
FTD->AD,d1,o_min,m053522_o_min_ord9_rk00008,0.2382990001858965,0.1559430288528203
FTD->AD,d1,o_min,m061527_o_min_ord17_rk00013,0.2376057258717241,0.1559430288528203
FTD->AD,d1,o_min,m060516_o_min_ord16_rk00002,0.2368114972748951,0.1559430288528203
FTD->AD,d1,o_min,m057522_o_min_ord13_rk00008,0.2367127974626665,0.1559430288528203
FTD->AD,d1,o_min,m069527_o_min_ord25_rk00013,0.2361655869535539,0.1559430288528203
FTD->AD,d1,o_min,m069534_o_min_ord25_rk00020,0.2355199774781303,0.1559430288528203
FTD->AD,d1,o_min,m061531_o_min_ord17_rk00017,0.2344593682230129,0.1559430288528203
FTD->AD,d1,o_min,m054520_o_min_ord10_rk00006,0.2339559846523958,0.1559430288528203
FTD->AD,d1,o_min,m064530_o_min_ord20_rk00016,0.2339331111996572,0.1559430288528203
FTD->AD,d1,o_min,m054518_o_min_ord10_rk00004,0.233536825758285,0.1559430288528203
FTD->AD,d1,o_min,m055520_o_min_ord11_rk00006,0.2333108383118284,0.1559430288528203
FTD->AD,d1,o_min,m059527_o_min_ord15_rk00013,0.2325163749615683,0.1559430288528203
FTD->AD,d1,o_min,m057526_o_min_ord13_rk00012,0.2322007055239398,0.1559430288528203
FTD->AD,d1,o_min,m069533_o_min_ord25_rk00019,0.2321037884547659,0.1559430288528203
FTD->AD,d1,o_min,m057517_o_min_ord13_rk00003,0.2320462478736488,0.1559430288528203
FTD->AD,d1,o_min,m067533_o_min_ord23_rk00019,0.2320385197366876,0.1559430288528203
FTD->AD,d2,o_max,m006017_o_max_ord9_rk00018,0.1912802526996978,0.1491090042750724
FTD->AD,d2,o_max,m002013_o_max_ord5_rk00014,0.1863826964593826,0.1491090042750724
FTD->AD,d2,o_max,m003012_o_max_ord6_rk00013,0.1823052824106498,0.1491090042750724
FTD->AD,d2,o_max,m006007_o_max_ord9_rk00008,0.1765732069220361,0.1491090042750724
FTD->AD,d2,o_max,m014019_o_max_ord17_rk00020,0.1718549952374373,0.1491090042750724
FTD->AD,d2,o_max,m023002_o_max_ord26_rk00003,0.1680777176556389,0.1491090042750724
FTD->AD,d2,o_max,m008019_o_max_ord11_rk00020,0.1654148506422621,0.1491090042750724
FTD->AD,d2,o_max,m014004_o_max_ord17_rk00005,0.1617048297081383,0.1491090042750724
FTD->AD,d2,o_max,m007016_o_max_ord10_rk00017,0.1590257569111451,0.1491090042750724
FTD->AD,d2,o_max,m014010_o_max_ord17_rk00011,0.157374437475828,0.1491090042750724
FTD->AD,d2,o_max,m024010_o_max_ord27_rk00011,0.1551459948286493,0.1491090042750724
FTD->AD,d2,o_max,m008009_o_max_ord11_rk00010,0.1545349707382114,0.1491090042750724
FTD->AD,d2,o_max,m018000_o_max_ord21_rk00001,0.154440421187273,0.1491090042750724
FTD->AD,d2,o_max,m013009_o_max_ord16_rk00010,0.1515287537474182,0.1491090042750724
FTD->AD,d2,o_max,m023004_o_max_ord26_rk00005,0.151113890427741,0.1491090042750724
FTD->AD,d2,o_max,m006010_o_max_ord9_rk00011,0.1502298979613585,0.1491090042750724
FTD->AD,d2,o_max,m014014_o_max_ord17_rk00015,0.1499495180141523,0.1491090042750724
FTD->AD,d2,o_max,m023003_o_max_ord26_rk00004,0.1498309170787514,0.1491090042750724
FTD->AD,d2,o_max,m004010_o_max_ord7_rk00011,0.1490187251573554,0.1491090042750724
FTD->AD,d2,o_max,m012012_o_max_ord15_rk00013,0.1486724888976516,0.1491090042750724
FTD->AD,d2,o_min,m054520_o_min_ord10_rk00006,0.2431882657805445,0.1491090042750724
FTD->AD,d2,o_min,m054518_o_min_ord10_rk00004,0.2422681140031343,0.1491090042750724
FTD->AD,d2,o_min,m057522_o_min_ord13_rk00008,0.2389045493664655,0.1491090042750724
FTD->AD,d2,o_min,m054532_o_min_ord10_rk00018,0.2385489514992707,0.1491090042750724
FTD->AD,d2,o_min,m061530_o_min_ord17_rk00016,0.2350379254590038,0.1491090042750724
FTD->AD,d2,o_min,m053518_o_min_ord9_rk00004,0.2344928524331911,0.1491090042750724
FTD->AD,d2,o_min,m057517_o_min_ord13_rk00003,0.2316759228240145,0.1491090042750724
FTD->AD,d2,o_min,m071520_o_min_ord27_rk00006,0.2316064884522407,0.1491090042750724
FTD->AD,d2,o_min,m055520_o_min_ord11_rk00006,0.230931690503173,0.1491090042750724
FTD->AD,d2,o_min,m061531_o_min_ord17_rk00017,0.2284869187896127,0.1491090042750724
FTD->AD,d2,o_min,m058520_o_min_ord14_rk00006,0.2274353153834443,0.1491090042750724
FTD->AD,d2,o_min,m054519_o_min_ord10_rk00005,0.2270471987814802,0.1491090042750724
FTD->AD,d2,o_min,m058532_o_min_ord14_rk00018,0.2263510076181605,0.1491090042750724
FTD->AD,d2,o_min,m053522_o_min_ord9_rk00008,0.2259960026171258,0.1491090042750724
FTD->AD,d2,o_min,m059516_o_min_ord15_rk00002,0.2259525445789318,0.1491090042750724
FTD->AD,d2,o_min,m069534_o_min_ord25_rk00020,0.2257971993063146,0.1491090042750724
FTD->AD,d2,o_min,m069524_o_min_ord25_rk00010,0.2257728499136685,0.1491090042750724
FTD->AD,d2,o_min,m055529_o_min_ord11_rk00015,0.2253488431505002,0.1491090042750724
FTD->AD,d2,o_min,m061522_o_min_ord17_rk00008,0.2250951483358174,0.1491090042750724
FTD->AD,d2,o_min,m058521_o_min_ord14_rk00007,0.2234439940036667,0.1491090042750724
FTD->AD,d3,o_max,m006017_o_max_ord9_rk00018,0.1934086845139911,0.1418551196655263
FTD->AD,d3,o_max,m002013_o_max_ord5_rk00014,0.183158452174015,0.1418551196655263
FTD->AD,d3,o_max,m006007_o_max_ord9_rk00008,0.173974947800058,0.1418551196655263
FTD->AD,d3,o_max,m009015_o_max_ord12_rk00016,0.1733014837015491,0.1418551196655263
FTD->AD,d3,o_max,m007016_o_max_ord10_rk00017,0.1712852072902201,0.1418551196655263
FTD->AD,d3,o_max,m009009_o_max_ord12_rk00010,0.1700026620181541,0.1418551196655263
FTD->AD,d3,o_max,m007003_o_max_ord10_rk00004,0.1674116186932202,0.1418551196655263
FTD->AD,d3,o_max,m014019_o_max_ord17_rk00020,0.1661606850231947,0.1418551196655263
FTD->AD,d3,o_max,m009011_o_max_ord12_rk00012,0.1641177842392558,0.1418551196655263
FTD->AD,d3,o_max,m003012_o_max_ord6_rk00013,0.1621617414679217,0.1418551196655263
FTD->AD,d3,o_max,m009003_o_max_ord12_rk00004,0.159530419010508,0.1418551196655263
FTD->AD,d3,o_max,m023002_o_max_ord26_rk00003,0.1582711842650219,0.1418551196655263
FTD->AD,d3,o_max,m005011_o_max_ord8_rk00012,0.1534135110369756,0.1418551196655263
FTD->AD,d3,o_max,m023004_o_max_ord26_rk00005,0.1529321065980624,0.1418551196655263
FTD->AD,d3,o_max,m009002_o_max_ord12_rk00003,0.1493282852981894,0.1418551196655263
FTD->AD,d3,o_max,m008003_o_max_ord11_rk00004,0.1488372158763743,0.1418551196655263
FTD->AD,d3,o_max,m014010_o_max_ord17_rk00011,0.1473338556230213,0.1418551196655263
FTD->AD,d3,o_max,m013007_o_max_ord16_rk00008,0.1467592644788297,0.1418551196655263
FTD->AD,d3,o_max,m004010_o_max_ord7_rk00011,0.1463213321028235,0.1418551196655263
FTD->AD,d3,o_max,m023017_o_max_ord26_rk00018,0.1457992995814505,0.1418551196655263
FTD->AD,d3,o_min,m055529_o_min_ord11_rk00015,0.2371830119132862,0.1418551196655263
FTD->AD,d3,o_min,m054518_o_min_ord10_rk00004,0.236018226091883,0.1418551196655263
FTD->AD,d3,o_min,m056525_o_min_ord12_rk00011,0.2336030565084758,0.1418551196655263
FTD->AD,d3,o_min,m061530_o_min_ord17_rk00016,0.232114075752935,0.1418551196655263
FTD->AD,d3,o_min,m052518_o_min_ord8_rk00004,0.2317862949061232,0.1418551196655263
FTD->AD,d3,o_min,m055532_o_min_ord11_rk00018,0.231137537695932,0.1418551196655263
FTD->AD,d3,o_min,m054520_o_min_ord10_rk00006,0.2300974340589525,0.1418551196655263
FTD->AD,d3,o_min,m061517_o_min_ord17_rk00003,0.2282533481155332,0.1418551196655263
FTD->AD,d3,o_min,m056530_o_min_ord12_rk00016,0.2269121220219311,0.1418551196655263
FTD->AD,d3,o_min,m055520_o_min_ord11_rk00006,0.2256780772261268,0.1418551196655263
FTD->AD,d3,o_min,m053518_o_min_ord9_rk00004,0.2255325773414298,0.1418551196655263
FTD->AD,d3,o_min,m059516_o_min_ord15_rk00002,0.2247821698493926,0.1418551196655263
FTD->AD,d3,o_min,m054519_o_min_ord10_rk00005,0.2244728551901238,0.1418551196655263
FTD->AD,d3,o_min,m074523_o_min_ord30_rk00009,0.2244118665676912,0.1418551196655263
FTD->AD,d3,o_min,m061527_o_min_ord17_rk00013,0.2241589850010967,0.1418551196655263
FTD->AD,d3,o_min,m058521_o_min_ord14_rk00007,0.223942252699023,0.1418551196655263
FTD->AD,d3,o_min,m054532_o_min_ord10_rk00018,0.2238778300572553,0.1418551196655263
FTD->AD,d3,o_min,m061532_o_min_ord17_rk00018,0.2230003087996626,0.1418551196655263
FTD->AD,d3,o_min,m053522_o_min_ord9_rk00008,0.2229087883538301,0.1418551196655263
FTD->AD,d3,o_min,m061531_o_min_ord17_rk00017,0.2208962359987336,0.1418551196655263
AD+FTD->AD,OLS,o_max,m000013_o_max_ord3_rk00014,0.0314159796894647,0.1151972557582499
AD+FTD->AD,OLS,o_max,m000016_o_max_ord3_rk00017,0.0311670771729755,0.1151972557582499
AD+FTD->AD,OLS,o_max,m000019_o_max_ord3_rk00020,0.0292984221024257,0.1151972557582499
AD+FTD->AD,OLS,o_max,m000001_o_max_ord3_rk00002,0.0276905569258589,0.1151972557582499
AD+FTD->AD,OLS,o_max,m000011_o_max_ord3_rk00012,0.0255935242836015,0.1151972557582499
AD+FTD->AD,OLS,o_max,m000018_o_max_ord3_rk00019,0.0190917944825765,0.1151972557582499
AD+FTD->AD,OLS,o_max,m000009_o_max_ord3_rk00010,0.0169714986871395,0.1151972557582499
AD+FTD->AD,OLS,o_max,m000010_o_max_ord3_rk00011,0.0151492220777594,0.1151972557582499
AD+FTD->AD,OLS,o_max,m000007_o_max_ord3_rk00008,0.0101736911359129,0.1151972557582499
AD+FTD->AD,OLS,o_max,m000002_o_max_ord3_rk00003,0.0101250741919765,0.1151972557582499
AD+FTD->AD,OLS,o_max,m000006_o_max_ord3_rk00007,0.0086850664246426,0.1151972557582499
AD+FTD->AD,OLS,o_max,m000000_o_max_ord3_rk00001,-0.0001033067927491,0.1151972557582499
AD+FTD->AD,OLS,o_max,m000012_o_max_ord3_rk00013,-0.0037309524177013,0.1151972557582499
AD+FTD->AD,OLS,o_max,m000017_o_max_ord3_rk00018,-0.0037425591349966,0.1151972557582499
AD+FTD->AD,OLS,o_max,m000008_o_max_ord3_rk00009,-0.0077780372005828,0.1151972557582499
AD+FTD->AD,OLS,o_max,m000014_o_max_ord3_rk00015,-0.0099911877242837,0.1151972557582499
AD+FTD->AD,OLS,o_max,m002010_o_max_ord5_rk00011,-0.0135473489680983,0.1151972557582499
AD+FTD->AD,OLS,o_max,m000004_o_max_ord3_rk00005,-0.0147070263120416,0.1151972557582499
AD+FTD->AD,OLS,o_max,m001006_o_max_ord4_rk00007,-0.0177372548089504,0.1151972557582499
AD+FTD->AD,OLS,o_max,m000003_o_max_ord3_rk00004,-0.0180986713705979,0.1151972557582499
AD+FTD->AD,OLS,o_min,m048528_o_min_ord4_rk00014,0.2634406873309605,0.1151972557582499
AD+FTD->AD,OLS,o_min,m058515_o_min_ord14_rk00001,0.2631395635497624,0.1151972557582499
AD+FTD->AD,OLS,o_min,m059533_o_min_ord15_rk00019,0.2511274798790601,0.1151972557582499
AD+FTD->AD,OLS,o_min,m058522_o_min_ord14_rk00008,0.2410283020141311,0.1151972557582499
AD+FTD->AD,OLS,o_min,m049527_o_min_ord5_rk00013,0.2409943705537329,0.1151972557582499
AD+FTD->AD,OLS,o_min,m057515_o_min_ord13_rk00001,0.2402654683370417,0.1151972557582499
AD+FTD->AD,OLS,o_min,m057518_o_min_ord13_rk00004,0.2402446829770156,0.1151972557582499
AD+FTD->AD,OLS,o_min,m058529_o_min_ord14_rk00015,0.2402050970866747,0.1151972557582499
AD+FTD->AD,OLS,o_min,m056515_o_min_ord12_rk00001,0.2394203903709888,0.1151972557582499
AD+FTD->AD,OLS,o_min,m059515_o_min_ord15_rk00001,0.236139541258794,0.1151972557582499
AD+FTD->AD,OLS,o_min,m060528_o_min_ord16_rk00014,0.2354606891663407,0.1151972557582499
AD+FTD->AD,OLS,o_min,m056530_o_min_ord12_rk00016,0.2350045862138994,0.1151972557582499
AD+FTD->AD,OLS,o_min,m056522_o_min_ord12_rk00008,0.2346688974229067,0.1151972557582499
AD+FTD->AD,OLS,o_min,m058531_o_min_ord14_rk00017,0.2318419379225168,0.1151972557582499
AD+FTD->AD,OLS,o_min,m057516_o_min_ord13_rk00002,0.2317763467394794,0.1151972557582499
AD+FTD->AD,OLS,o_min,m060532_o_min_ord16_rk00018,0.2304510077649719,0.1151972557582499
AD+FTD->AD,OLS,o_min,m055532_o_min_ord11_rk00018,0.2304138948126021,0.1151972557582499
AD+FTD->AD,OLS,o_min,m056526_o_min_ord12_rk00012,0.2267430060576644,0.1151972557582499
AD+FTD->AD,OLS,o_min,m048523_o_min_ord4_rk00009,0.2265709057062125,0.1151972557582499
AD+FTD->AD,OLS,o_min,m056521_o_min_ord12_rk00007,0.2212728354824296,0.1151972557582499
AD+FTD->AD,d1,o_max,m011002_o_max_ord14_rk00003,0.1961324065246803,0.1746651540910236
AD+FTD->AD,d1,o_max,m006014_o_max_ord9_rk00015,0.1942180508103957,0.1746651540910236
AD+FTD->AD,d1,o_max,m011009_o_max_ord14_rk00010,0.1921642853908913,0.1746651540910236
AD+FTD->AD,d1,o_max,m008005_o_max_ord11_rk00006,0.1909778008158313,0.1746651540910236
AD+FTD->AD,d1,o_max,m005014_o_max_ord8_rk00015,0.190848029953895,0.1746651540910236
AD+FTD->AD,d1,o_max,m011012_o_max_ord14_rk00013,0.1908115308101964,0.1746651540910236
AD+FTD->AD,d1,o_max,m001013_o_max_ord4_rk00014,0.1902776858662137,0.1746651540910236
AD+FTD->AD,d1,o_max,m005019_o_max_ord8_rk00020,0.1899058357258245,0.1746651540910236
AD+FTD->AD,d1,o_max,m009008_o_max_ord12_rk00009,0.1896024204930159,0.1746651540910236
AD+FTD->AD,d1,o_max,m002010_o_max_ord5_rk00011,0.1893307187758,0.1746651540910236
AD+FTD->AD,d1,o_max,m008013_o_max_ord11_rk00014,0.1884872970123511,0.1746651540910236
AD+FTD->AD,d1,o_max,m002011_o_max_ord5_rk00012,0.1882162023000034,0.1746651540910236
AD+FTD->AD,d1,o_max,m011011_o_max_ord14_rk00012,0.1880030139898798,0.1746651540910236
AD+FTD->AD,d1,o_max,m008001_o_max_ord11_rk00002,0.1879767194243945,0.1746651540910236
AD+FTD->AD,d1,o_max,m027012_o_max_ord30_rk00013,0.1877039574237539,0.1746651540910236
AD+FTD->AD,d1,o_max,m011003_o_max_ord14_rk00004,0.1872366561220751,0.1746651540910236
AD+FTD->AD,d1,o_max,m011000_o_max_ord14_rk00001,0.1872275005873498,0.1746651540910236
AD+FTD->AD,d1,o_max,m011001_o_max_ord14_rk00002,0.1868080247699302,0.1746651540910236
AD+FTD->AD,d1,o_max,m009000_o_max_ord12_rk00001,0.1867765358959151,0.1746651540910236
AD+FTD->AD,d1,o_max,m008014_o_max_ord11_rk00015,0.186732841563552,0.1746651540910236
AD+FTD->AD,d1,o_min,m050517_o_min_ord6_rk00003,0.2042305613082417,0.1746651540910236
AD+FTD->AD,d1,o_min,m051527_o_min_ord7_rk00013,0.203850475076121,0.1746651540910236
AD+FTD->AD,d1,o_min,m051524_o_min_ord7_rk00010,0.2033515899769091,0.1746651540910236
AD+FTD->AD,d1,o_min,m051528_o_min_ord7_rk00014,0.2028420812905399,0.1746651540910236
AD+FTD->AD,d1,o_min,m049517_o_min_ord5_rk00003,0.2021496620420797,0.1746651540910236
AD+FTD->AD,d1,o_min,m049521_o_min_ord5_rk00007,0.2014971695554634,0.1746651540910236
AD+FTD->AD,d1,o_min,m048521_o_min_ord4_rk00007,0.2008875349418017,0.1746651540910236
AD+FTD->AD,d1,o_min,m049527_o_min_ord5_rk00013,0.2005334618879994,0.1746651540910236
AD+FTD->AD,d1,o_min,m048518_o_min_ord4_rk00004,0.2002657689321425,0.1746651540910236
AD+FTD->AD,d1,o_min,m048516_o_min_ord4_rk00002,0.199912724629915,0.1746651540910236
AD+FTD->AD,d1,o_min,m047517_o_min_ord3_rk00003,0.1998732983841763,0.1746651540910236
AD+FTD->AD,d1,o_min,m048523_o_min_ord4_rk00009,0.1997801335338201,0.1746651540910236
AD+FTD->AD,d1,o_min,m048527_o_min_ord4_rk00013,0.1993997635272912,0.1746651540910236
AD+FTD->AD,d1,o_min,m048517_o_min_ord4_rk00003,0.1993512816628248,0.1746651540910236
AD+FTD->AD,d1,o_min,m048520_o_min_ord4_rk00006,0.199336614170081,0.1746651540910236
AD+FTD->AD,d1,o_min,m055528_o_min_ord11_rk00014,0.1992723517194345,0.1746651540910236
AD+FTD->AD,d1,o_min,m049529_o_min_ord5_rk00015,0.1992524746126976,0.1746651540910236
AD+FTD->AD,d1,o_min,m048525_o_min_ord4_rk00011,0.1990438492555963,0.1746651540910236
AD+FTD->AD,d1,o_min,m050532_o_min_ord6_rk00018,0.1987064304898737,0.1746651540910236
AD+FTD->AD,d1,o_min,m048528_o_min_ord4_rk00014,0.1985290365070117,0.1746651540910236
AD+FTD->AD,d2,o_max,m011019_o_max_ord14_rk00020,0.1924957691374859,0.1701295978668684
AD+FTD->AD,d2,o_max,m011009_o_max_ord14_rk00010,0.1917294906282008,0.1701295978668684
AD+FTD->AD,d2,o_max,m002011_o_max_ord5_rk00012,0.1902594715068927,0.1701295978668684
AD+FTD->AD,d2,o_max,m011001_o_max_ord14_rk00002,0.1901783720019808,0.1701295978668684
AD+FTD->AD,d2,o_max,m011000_o_max_ord14_rk00001,0.1894930334034382,0.1701295978668684
AD+FTD->AD,d2,o_max,m013002_o_max_ord16_rk00003,0.1894245678354806,0.1701295978668684
AD+FTD->AD,d2,o_max,m027012_o_max_ord30_rk00013,0.1893012202967019,0.1701295978668684
AD+FTD->AD,d2,o_max,m011008_o_max_ord14_rk00009,0.1888643584874106,0.1701295978668684
AD+FTD->AD,d2,o_max,m011012_o_max_ord14_rk00013,0.188722566536813,0.1701295978668684
AD+FTD->AD,d2,o_max,m016016_o_max_ord19_rk00017,0.1886902871189379,0.1701295978668684
AD+FTD->AD,d2,o_max,m008005_o_max_ord11_rk00006,0.1881190569202941,0.1701295978668684
AD+FTD->AD,d2,o_max,m011003_o_max_ord14_rk00004,0.1878385131885085,0.1701295978668684
AD+FTD->AD,d2,o_max,m011016_o_max_ord14_rk00017,0.1874730704429823,0.1701295978668684
AD+FTD->AD,d2,o_max,m012003_o_max_ord15_rk00004,0.1872140304369505,0.1701295978668684
AD+FTD->AD,d2,o_max,m003009_o_max_ord6_rk00010,0.1871378852054245,0.1701295978668684
AD+FTD->AD,d2,o_max,m012007_o_max_ord15_rk00008,0.1867618454500847,0.1701295978668684
AD+FTD->AD,d2,o_max,m012017_o_max_ord15_rk00018,0.1866977798098384,0.1701295978668684
AD+FTD->AD,d2,o_max,m017009_o_max_ord20_rk00010,0.1865077003389446,0.1701295978668684
AD+FTD->AD,d2,o_max,m011013_o_max_ord14_rk00014,0.1865060738657723,0.1701295978668684
AD+FTD->AD,d2,o_max,m011010_o_max_ord14_rk00011,0.1864514287534667,0.1701295978668684
AD+FTD->AD,d2,o_min,m055523_o_min_ord11_rk00009,0.2035546806365076,0.1701295978668684
AD+FTD->AD,d2,o_min,m058523_o_min_ord14_rk00009,0.2033325884691417,0.1701295978668684
AD+FTD->AD,d2,o_min,m055521_o_min_ord11_rk00007,0.2031683747359094,0.1701295978668684
AD+FTD->AD,d2,o_min,m057524_o_min_ord13_rk00010,0.2014271898278045,0.1701295978668684
AD+FTD->AD,d2,o_min,m049521_o_min_ord5_rk00007,0.2007219136301097,0.1701295978668684
AD+FTD->AD,d2,o_min,m049527_o_min_ord5_rk00013,0.2007104318397835,0.1701295978668684
AD+FTD->AD,d2,o_min,m065520_o_min_ord21_rk00006,0.2000070957912338,0.1701295978668684
AD+FTD->AD,d2,o_min,m052530_o_min_ord8_rk00016,0.1994666477305278,0.1701295978668684
AD+FTD->AD,d2,o_min,m051527_o_min_ord7_rk00013,0.1993975118589153,0.1701295978668684
AD+FTD->AD,d2,o_min,m052531_o_min_ord8_rk00017,0.1990900834363805,0.1701295978668684
AD+FTD->AD,d2,o_min,m051528_o_min_ord7_rk00014,0.1980846921894171,0.1701295978668684
AD+FTD->AD,d2,o_min,m049517_o_min_ord5_rk00003,0.1980660569391605,0.1701295978668684
AD+FTD->AD,d2,o_min,m055533_o_min_ord11_rk00019,0.1980281910070511,0.1701295978668684
AD+FTD->AD,d2,o_min,m065515_o_min_ord21_rk00001,0.1978997582544938,0.1701295978668684
AD+FTD->AD,d2,o_min,m059527_o_min_ord15_rk00013,0.1972523296983982,0.1701295978668684
AD+FTD->AD,d2,o_min,m055522_o_min_ord11_rk00008,0.1971932804206587,0.1701295978668684
AD+FTD->AD,d2,o_min,m065516_o_min_ord21_rk00002,0.1969752339241339,0.1701295978668684
AD+FTD->AD,d2,o_min,m051524_o_min_ord7_rk00010,0.1968185124290399,0.1701295978668684
AD+FTD->AD,d2,o_min,m055531_o_min_ord11_rk00017,0.1967908309914612,0.1701295978668684
AD+FTD->AD,d2,o_min,m050532_o_min_ord6_rk00018,0.1960073301006104,0.1701295978668684
AD+FTD->AD,d3,o_max,m013015_o_max_ord16_rk00016,0.1841260108532901,0.1661283534379373
AD+FTD->AD,d3,o_max,m027012_o_max_ord30_rk00013,0.1808872363697782,0.1661283534379373
AD+FTD->AD,d3,o_max,m012007_o_max_ord15_rk00008,0.1798381503322318,0.1661283534379373
AD+FTD->AD,d3,o_max,m012008_o_max_ord15_rk00009,0.1791367278307714,0.1661283534379373
AD+FTD->AD,d3,o_max,m011012_o_max_ord14_rk00013,0.1788033334487052,0.1661283534379373
AD+FTD->AD,d3,o_max,m003007_o_max_ord6_rk00008,0.1785569665817012,0.1661283534379373
AD+FTD->AD,d3,o_max,m013018_o_max_ord16_rk00019,0.1785251926190394,0.1661283534379373
AD+FTD->AD,d3,o_max,m013012_o_max_ord16_rk00013,0.1783569831546571,0.1661283534379373
AD+FTD->AD,d3,o_max,m012017_o_max_ord15_rk00018,0.1767722987918872,0.1661283534379373
AD+FTD->AD,d3,o_max,m013002_o_max_ord16_rk00003,0.176369774719308,0.1661283534379373
AD+FTD->AD,d3,o_max,m012019_o_max_ord15_rk00020,0.1758511984394981,0.1661283534379373
AD+FTD->AD,d3,o_max,m013004_o_max_ord16_rk00005,0.1756349825485488,0.1661283534379373
AD+FTD->AD,d3,o_max,m013009_o_max_ord16_rk00010,0.1752701584076963,0.1661283534379373
AD+FTD->AD,d3,o_max,m013014_o_max_ord16_rk00015,0.1743515042058794,0.1661283534379373
AD+FTD->AD,d3,o_max,m011017_o_max_ord14_rk00018,0.174208512380161,0.1661283534379373
AD+FTD->AD,d3,o_max,m003009_o_max_ord6_rk00010,0.1741601844152481,0.1661283534379373
AD+FTD->AD,d3,o_max,m012003_o_max_ord15_rk00004,0.1739749813331496,0.1661283534379373
AD+FTD->AD,d3,o_max,m012010_o_max_ord15_rk00011,0.1738316462104342,0.1661283534379373
AD+FTD->AD,d3,o_max,m013011_o_max_ord16_rk00012,0.173795852233799,0.1661283534379373
AD+FTD->AD,d3,o_max,m012005_o_max_ord15_rk00006,0.173719901468731,0.1661283534379373
AD+FTD->AD,d3,o_min,m049529_o_min_ord5_rk00015,0.2095888167974781,0.1661283534379373
AD+FTD->AD,d3,o_min,m058523_o_min_ord14_rk00009,0.2091644539225522,0.1661283534379373
AD+FTD->AD,d3,o_min,m057526_o_min_ord13_rk00012,0.2072080245571704,0.1661283534379373
AD+FTD->AD,d3,o_min,m048532_o_min_ord4_rk00018,0.2060958949800444,0.1661283534379373
AD+FTD->AD,d3,o_min,m047517_o_min_ord3_rk00003,0.2051495520459576,0.1661283534379373
AD+FTD->AD,d3,o_min,m055527_o_min_ord11_rk00013,0.2038430753544543,0.1661283534379373
AD+FTD->AD,d3,o_min,m055520_o_min_ord11_rk00006,0.2032028146009913,0.1661283534379373
AD+FTD->AD,d3,o_min,m049521_o_min_ord5_rk00007,0.2027229451558705,0.1661283534379373
AD+FTD->AD,d3,o_min,m055523_o_min_ord11_rk00009,0.2019783442478184,0.1661283534379373
AD+FTD->AD,d3,o_min,m056516_o_min_ord12_rk00002,0.2011369596546928,0.1661283534379373
AD+FTD->AD,d3,o_min,m051528_o_min_ord7_rk00014,0.2002944329625999,0.1661283534379373
AD+FTD->AD,d3,o_min,m052518_o_min_ord8_rk00004,0.2000077525507048,0.1661283534379373
AD+FTD->AD,d3,o_min,m051527_o_min_ord7_rk00013,0.1998831092451323,0.1661283534379373
AD+FTD->AD,d3,o_min,m048521_o_min_ord4_rk00007,0.1997229112997955,0.1661283534379373
AD+FTD->AD,d3,o_min,m055530_o_min_ord11_rk00016,0.1997153091428982,0.1661283534379373
AD+FTD->AD,d3,o_min,m055524_o_min_ord11_rk00010,0.1996350927792417,0.1661283534379373
AD+FTD->AD,d3,o_min,m057517_o_min_ord13_rk00003,0.1992201367204971,0.1661283534379373
AD+FTD->AD,d3,o_min,m051520_o_min_ord7_rk00006,0.1990562965943598,0.1661283534379373
AD+FTD->AD,d3,o_min,m048525_o_min_ord4_rk00011,0.1989899080180091,0.1661283534379373
AD+FTD->AD,d3,o_min,m059529_o_min_ord15_rk00015,0.1989555953870598,0.1661283534379373
AD+FTD->FTD,OLS,o_max,m010002_o_max_ord13_rk00003,0.3422531347992424,0.3133688640336819
AD+FTD->FTD,OLS,o_max,m011000_o_max_ord14_rk00001,0.3380118905359197,0.3133688640336819
AD+FTD->FTD,OLS,o_max,m007003_o_max_ord10_rk00004,0.3368173129075481,0.3133688640336819
AD+FTD->FTD,OLS,o_max,m010001_o_max_ord13_rk00002,0.3351350987800955,0.3133688640336819
AD+FTD->FTD,OLS,o_max,m010006_o_max_ord13_rk00007,0.3351321609031131,0.3133688640336819
AD+FTD->FTD,OLS,o_max,m009002_o_max_ord12_rk00003,0.3351196473784615,0.3133688640336819
AD+FTD->FTD,OLS,o_max,m011017_o_max_ord14_rk00018,0.3349367901103144,0.3133688640336819
AD+FTD->FTD,OLS,o_max,m011001_o_max_ord14_rk00002,0.3347035497145881,0.3133688640336819
AD+FTD->FTD,OLS,o_max,m011007_o_max_ord14_rk00008,0.3345476532863286,0.3133688640336819
AD+FTD->FTD,OLS,o_max,m009004_o_max_ord12_rk00005,0.333850557127553,0.3133688640336819
AD+FTD->FTD,OLS,o_max,m010019_o_max_ord13_rk00020,0.3334445224850512,0.3133688640336819
AD+FTD->FTD,OLS,o_max,m011004_o_max_ord14_rk00005,0.3333252039673988,0.3133688640336819
AD+FTD->FTD,OLS,o_max,m008007_o_max_ord11_rk00008,0.3333203432476751,0.3133688640336819
AD+FTD->FTD,OLS,o_max,m005008_o_max_ord8_rk00009,0.3331308732609062,0.3133688640336819
AD+FTD->FTD,OLS,o_max,m009016_o_max_ord12_rk00017,0.3327610653896266,0.3133688640336819
AD+FTD->FTD,OLS,o_max,m006000_o_max_ord9_rk00001,0.3327590549752491,0.3133688640336819
AD+FTD->FTD,OLS,o_max,m010008_o_max_ord13_rk00009,0.33253468119469,0.3133688640336819
AD+FTD->FTD,OLS,o_max,m008008_o_max_ord11_rk00009,0.3324873272140638,0.3133688640336819
AD+FTD->FTD,OLS,o_max,m010003_o_max_ord13_rk00004,0.3318321062355096,0.3133688640336819
AD+FTD->FTD,OLS,o_max,m011006_o_max_ord14_rk00007,0.3317710517132416,0.3133688640336819
AD+FTD->FTD,OLS,o_min,m048518_o_min_ord4_rk00004,0.3317747075106698,0.3133688640336819
AD+FTD->FTD,OLS,o_min,m048523_o_min_ord4_rk00009,0.3298925378725935,0.3133688640336819
AD+FTD->FTD,OLS,o_min,m052532_o_min_ord8_rk00018,0.3285315043534236,0.3133688640336819
AD+FTD->FTD,OLS,o_min,m048521_o_min_ord4_rk00007,0.3284905038056281,0.3133688640336819
AD+FTD->FTD,OLS,o_min,m049530_o_min_ord5_rk00016,0.3281351599015781,0.3133688640336819
AD+FTD->FTD,OLS,o_min,m048529_o_min_ord4_rk00015,0.3276727850832912,0.3133688640336819
AD+FTD->FTD,OLS,o_min,m047517_o_min_ord3_rk00003,0.3264277937167278,0.3133688640336819
AD+FTD->FTD,OLS,o_min,m048517_o_min_ord4_rk00003,0.3247716774862893,0.3133688640336819
AD+FTD->FTD,OLS,o_min,m048525_o_min_ord4_rk00011,0.3228447249220023,0.3133688640336819
AD+FTD->FTD,OLS,o_min,m048520_o_min_ord4_rk00006,0.3203768325032239,0.3133688640336819
AD+FTD->FTD,OLS,o_min,m048530_o_min_ord4_rk00016,0.3169804535204022,0.3133688640336819
AD+FTD->FTD,OLS,o_min,m049528_o_min_ord5_rk00014,0.3090149976186719,0.3133688640336819
AD+FTD->FTD,OLS,o_min,m049523_o_min_ord5_rk00009,0.3081932506600645,0.3133688640336819
AD+FTD->FTD,OLS,o_min,m051526_o_min_ord7_rk00012,0.3080629767280479,0.3133688640336819
AD+FTD->FTD,OLS,o_min,m048516_o_min_ord4_rk00002,0.3069603051218086,0.3133688640336819
AD+FTD->FTD,OLS,o_min,m050533_o_min_ord6_rk00019,0.3065036211064187,0.3133688640336819
AD+FTD->FTD,OLS,o_min,m049531_o_min_ord5_rk00017,0.3059433910127419,0.3133688640336819
AD+FTD->FTD,OLS,o_min,m047518_o_min_ord3_rk00004,0.3043964326911363,0.3133688640336819
AD+FTD->FTD,OLS,o_min,m050526_o_min_ord6_rk00012,0.303171088268929,0.3133688640336819
AD+FTD->FTD,OLS,o_min,m050523_o_min_ord6_rk00009,0.3030350989179101,0.3133688640336819
AD+FTD->FTD,d1,o_max,m002011_o_max_ord5_rk00012,0.3273362261127773,0.3133918638287004
AD+FTD->FTD,d1,o_max,m027009_o_max_ord30_rk00010,0.3272626403954053,0.3133918638287004
AD+FTD->FTD,d1,o_max,m021006_o_max_ord24_rk00007,0.3247436822610899,0.3133918638287004
AD+FTD->FTD,d1,o_max,m027003_o_max_ord30_rk00004,0.3242466591451824,0.3133918638287004
AD+FTD->FTD,d1,o_max,m021013_o_max_ord24_rk00014,0.3232921585277691,0.3133918638287004
AD+FTD->FTD,d1,o_max,m021018_o_max_ord24_rk00019,0.3232110454382245,0.3133918638287004
AD+FTD->FTD,d1,o_max,m027012_o_max_ord30_rk00013,0.3229134935315084,0.3133918638287004
AD+FTD->FTD,d1,o_max,m002010_o_max_ord5_rk00011,0.3227169380031846,0.3133918638287004
AD+FTD->FTD,d1,o_max,m004014_o_max_ord7_rk00015,0.3226923132375354,0.3133918638287004
AD+FTD->FTD,d1,o_max,m027015_o_max_ord30_rk00016,0.3221406718647183,0.3133918638287004
AD+FTD->FTD,d1,o_max,m004008_o_max_ord7_rk00009,0.3220781654901812,0.3133918638287004
AD+FTD->FTD,d1,o_max,m020014_o_max_ord23_rk00015,0.32148392441668,0.3133918638287004
AD+FTD->FTD,d1,o_max,m006017_o_max_ord9_rk00018,0.3208670048693337,0.3133918638287004
AD+FTD->FTD,d1,o_max,m027004_o_max_ord30_rk00005,0.3207035971864422,0.3133918638287004
AD+FTD->FTD,d1,o_max,m027008_o_max_ord30_rk00009,0.3206501505525098,0.3133918638287004
AD+FTD->FTD,d1,o_max,m020018_o_max_ord23_rk00019,0.3205998219286,0.3133918638287004
AD+FTD->FTD,d1,o_max,m006010_o_max_ord9_rk00011,0.3202533971200609,0.3133918638287004
AD+FTD->FTD,d1,o_max,m000006_o_max_ord3_rk00007,0.3202209860118338,0.3133918638287004
AD+FTD->FTD,d1,o_max,m027014_o_max_ord30_rk00015,0.3199968874384757,0.3133918638287004
AD+FTD->FTD,d1,o_max,m000003_o_max_ord3_rk00004,0.3199870032065665,0.3133918638287004
AD+FTD->FTD,d1,o_min,m052515_o_min_ord8_rk00001,0.3379681478375148,0.3133918638287004
AD+FTD->FTD,d1,o_min,m061517_o_min_ord17_rk00003,0.33682210162836,0.3133918638287004
AD+FTD->FTD,d1,o_min,m060527_o_min_ord16_rk00013,0.3362329626277017,0.3133918638287004
AD+FTD->FTD,d1,o_min,m057525_o_min_ord13_rk00011,0.3356885584335817,0.3133918638287004
AD+FTD->FTD,d1,o_min,m058521_o_min_ord14_rk00007,0.3355032709329245,0.3133918638287004
AD+FTD->FTD,d1,o_min,m061530_o_min_ord17_rk00016,0.3354009297002638,0.3133918638287004
AD+FTD->FTD,d1,o_min,m053531_o_min_ord9_rk00017,0.3352560387858848,0.3133918638287004
AD+FTD->FTD,d1,o_min,m060517_o_min_ord16_rk00003,0.3352020383057501,0.3133918638287004
AD+FTD->FTD,d1,o_min,m067524_o_min_ord23_rk00010,0.3350400363310485,0.3133918638287004
AD+FTD->FTD,d1,o_min,m060522_o_min_ord16_rk00008,0.3347750193723975,0.3133918638287004
AD+FTD->FTD,d1,o_min,m061534_o_min_ord17_rk00020,0.3346443440667754,0.3133918638287004
AD+FTD->FTD,d1,o_min,m060524_o_min_ord16_rk00010,0.3345055114772763,0.3133918638287004
AD+FTD->FTD,d1,o_min,m061527_o_min_ord17_rk00013,0.3344761810331133,0.3133918638287004
AD+FTD->FTD,d1,o_min,m060518_o_min_ord16_rk00004,0.3344025843197833,0.3133918638287004
AD+FTD->FTD,d1,o_min,m061528_o_min_ord17_rk00014,0.3343729533581657,0.3133918638287004
AD+FTD->FTD,d1,o_min,m065517_o_min_ord21_rk00003,0.334338844172781,0.3133918638287004
AD+FTD->FTD,d1,o_min,m057531_o_min_ord13_rk00017,0.3342545731110121,0.3133918638287004
AD+FTD->FTD,d1,o_min,m064525_o_min_ord20_rk00011,0.3339002124397153,0.3133918638287004
AD+FTD->FTD,d1,o_min,m057534_o_min_ord13_rk00020,0.3338186143451557,0.3133918638287004
AD+FTD->FTD,d1,o_min,m060521_o_min_ord16_rk00007,0.3337997926283782,0.3133918638287004
AD+FTD->FTD,d2,o_max,m000019_o_max_ord3_rk00020,0.3272063308174072,0.3219951738907137
AD+FTD->FTD,d2,o_max,m001013_o_max_ord4_rk00014,0.3259017020403439,0.3219951738907137
AD+FTD->FTD,d2,o_max,m003007_o_max_ord6_rk00008,0.3229827817780356,0.3219951738907137
AD+FTD->FTD,d2,o_max,m001018_o_max_ord4_rk00019,0.3215445810309488,0.3219951738907137
AD+FTD->FTD,d2,o_max,m001007_o_max_ord4_rk00008,0.3206316257136392,0.3219951738907137
AD+FTD->FTD,d2,o_max,m002003_o_max_ord5_rk00004,0.3205786700457611,0.3219951738907137
AD+FTD->FTD,d2,o_max,m024008_o_max_ord27_rk00009,0.3205523381609463,0.3219951738907137
AD+FTD->FTD,d2,o_max,m002006_o_max_ord5_rk00007,0.3205291962927694,0.3219951738907137
AD+FTD->FTD,d2,o_max,m001014_o_max_ord4_rk00015,0.3200882416682571,0.3219951738907137
AD+FTD->FTD,d2,o_max,m001017_o_max_ord4_rk00018,0.3195657566763281,0.3219951738907137
AD+FTD->FTD,d2,o_max,m000011_o_max_ord3_rk00012,0.3192623076929451,0.3219951738907137
AD+FTD->FTD,d2,o_max,m024010_o_max_ord27_rk00011,0.3190945777704285,0.3219951738907137
AD+FTD->FTD,d2,o_max,m000012_o_max_ord3_rk00013,0.3189520706917174,0.3219951738907137
AD+FTD->FTD,d2,o_max,m024009_o_max_ord27_rk00010,0.3185182241386456,0.3219951738907137
AD+FTD->FTD,d2,o_max,m006018_o_max_ord9_rk00019,0.3184513161962171,0.3219951738907137
AD+FTD->FTD,d2,o_max,m024018_o_max_ord27_rk00019,0.3180223963357625,0.3219951738907137
AD+FTD->FTD,d2,o_max,m006010_o_max_ord9_rk00011,0.3178779039425093,0.3219951738907137
AD+FTD->FTD,d2,o_max,m001000_o_max_ord4_rk00001,0.3177842223180879,0.3219951738907137
AD+FTD->FTD,d2,o_max,m011019_o_max_ord14_rk00020,0.3176812100913223,0.3219951738907137
AD+FTD->FTD,d2,o_max,m000014_o_max_ord3_rk00015,0.3176721072336189,0.3219951738907137
AD+FTD->FTD,d2,o_min,m074530_o_min_ord30_rk00016,0.3438228336382246,0.3219951738907137
AD+FTD->FTD,d2,o_min,m058532_o_min_ord14_rk00018,0.3435903655155556,0.3219951738907137
AD+FTD->FTD,d2,o_min,m059522_o_min_ord15_rk00008,0.3432343876100704,0.3219951738907137
AD+FTD->FTD,d2,o_min,m052517_o_min_ord8_rk00003,0.3430335902726862,0.3219951738907137
AD+FTD->FTD,d2,o_min,m053517_o_min_ord9_rk00003,0.3426878034968269,0.3219951738907137
AD+FTD->FTD,d2,o_min,m058521_o_min_ord14_rk00007,0.3426079186746857,0.3219951738907137
AD+FTD->FTD,d2,o_min,m066519_o_min_ord22_rk00005,0.3424497666496693,0.3219951738907137
AD+FTD->FTD,d2,o_min,m057534_o_min_ord13_rk00020,0.3422425545712362,0.3219951738907137
AD+FTD->FTD,d2,o_min,m056516_o_min_ord12_rk00002,0.3422150302059236,0.3219951738907137
AD+FTD->FTD,d2,o_min,m054527_o_min_ord10_rk00013,0.3420349150767608,0.3219951738907137
AD+FTD->FTD,d2,o_min,m074521_o_min_ord30_rk00007,0.3419476324644198,0.3219951738907137
AD+FTD->FTD,d2,o_min,m054526_o_min_ord10_rk00012,0.3412575744424094,0.3219951738907137
AD+FTD->FTD,d2,o_min,m059523_o_min_ord15_rk00009,0.3412035549442022,0.3219951738907137
AD+FTD->FTD,d2,o_min,m063515_o_min_ord19_rk00001,0.3411989234075929,0.3219951738907137
AD+FTD->FTD,d2,o_min,m063527_o_min_ord19_rk00013,0.3409087109057882,0.3219951738907137
AD+FTD->FTD,d2,o_min,m066522_o_min_ord22_rk00008,0.3406986737680612,0.3219951738907137
AD+FTD->FTD,d2,o_min,m053527_o_min_ord9_rk00013,0.3405731006022874,0.3219951738907137
AD+FTD->FTD,d2,o_min,m070531_o_min_ord26_rk00017,0.3405568296790251,0.3219951738907137
AD+FTD->FTD,d2,o_min,m074520_o_min_ord30_rk00006,0.3405312209632831,0.3219951738907137
AD+FTD->FTD,d2,o_min,m062517_o_min_ord18_rk00003,0.3404411077565916,0.3219951738907137
AD+FTD->FTD,d3,o_max,m002013_o_max_ord5_rk00014,0.3211704737918075,0.3155395599196874
AD+FTD->FTD,d3,o_max,m000002_o_max_ord3_rk00003,0.3208725831506068,0.3155395599196874
AD+FTD->FTD,d3,o_max,m000017_o_max_ord3_rk00018,0.3204636445592158,0.3155395599196874
AD+FTD->FTD,d3,o_max,m002011_o_max_ord5_rk00012,0.3204183887847136,0.3155395599196874
AD+FTD->FTD,d3,o_max,m004004_o_max_ord7_rk00005,0.3201745315732272,0.3155395599196874
AD+FTD->FTD,d3,o_max,m002012_o_max_ord5_rk00013,0.3200678849605108,0.3155395599196874
AD+FTD->FTD,d3,o_max,m000019_o_max_ord3_rk00020,0.319460379609281,0.3155395599196874
AD+FTD->FTD,d3,o_max,m000014_o_max_ord3_rk00015,0.3194080963450787,0.3155395599196874
AD+FTD->FTD,d3,o_max,m004010_o_max_ord7_rk00011,0.3190407141551333,0.3155395599196874
AD+FTD->FTD,d3,o_max,m004006_o_max_ord7_rk00007,0.3185262681189353,0.3155395599196874
AD+FTD->FTD,d3,o_max,m002006_o_max_ord5_rk00007,0.3185001385338467,0.3155395599196874
AD+FTD->FTD,d3,o_max,m004012_o_max_ord7_rk00013,0.3180090821167747,0.3155395599196874
AD+FTD->FTD,d3,o_max,m000000_o_max_ord3_rk00001,0.3180060668380601,0.3155395599196874
AD+FTD->FTD,d3,o_max,m001017_o_max_ord4_rk00018,0.317647607975442,0.3155395599196874
AD+FTD->FTD,d3,o_max,m007001_o_max_ord10_rk00002,0.3173938928071395,0.3155395599196874
AD+FTD->FTD,d3,o_max,m024017_o_max_ord27_rk00018,0.3172895905839429,0.3155395599196874
AD+FTD->FTD,d3,o_max,m002016_o_max_ord5_rk00017,0.3171155004713483,0.3155395599196874
AD+FTD->FTD,d3,o_max,m008019_o_max_ord11_rk00020,0.3167347715190373,0.3155395599196874
AD+FTD->FTD,d3,o_max,m001013_o_max_ord4_rk00014,0.3165941329783361,0.3155395599196874
AD+FTD->FTD,d3,o_max,m027004_o_max_ord30_rk00005,0.3165657314083763,0.3155395599196874
AD+FTD->FTD,d3,o_min,m074530_o_min_ord30_rk00016,0.3392252243142177,0.3155395599196874
AD+FTD->FTD,d3,o_min,m063515_o_min_ord19_rk00001,0.3382873212222648,0.3155395599196874
AD+FTD->FTD,d3,o_min,m065523_o_min_ord21_rk00009,0.3380449852835085,0.3155395599196874
AD+FTD->FTD,d3,o_min,m059523_o_min_ord15_rk00009,0.3378998752644819,0.3155395599196874
AD+FTD->FTD,d3,o_min,m058532_o_min_ord14_rk00018,0.3377000796033707,0.3155395599196874
AD+FTD->FTD,d3,o_min,m063520_o_min_ord19_rk00006,0.3374105811588457,0.3155395599196874
AD+FTD->FTD,d3,o_min,m067524_o_min_ord23_rk00010,0.3372446410116815,0.3155395599196874
AD+FTD->FTD,d3,o_min,m053522_o_min_ord9_rk00008,0.3364186126540115,0.3155395599196874
AD+FTD->FTD,d3,o_min,m052518_o_min_ord8_rk00004,0.3363451752573921,0.3155395599196874
AD+FTD->FTD,d3,o_min,m057517_o_min_ord13_rk00003,0.336301972294166,0.3155395599196874
AD+FTD->FTD,d3,o_min,m054534_o_min_ord10_rk00020,0.3361022948893621,0.3155395599196874
AD+FTD->FTD,d3,o_min,m058527_o_min_ord14_rk00013,0.335925423117121,0.3155395599196874
AD+FTD->FTD,d3,o_min,m058520_o_min_ord14_rk00006,0.3358334398125904,0.3155395599196874
AD+FTD->FTD,d3,o_min,m074532_o_min_ord30_rk00018,0.3358116671677491,0.3155395599196874
AD+FTD->FTD,d3,o_min,m063523_o_min_ord19_rk00009,0.3358027730914159,0.3155395599196874
AD+FTD->FTD,d3,o_min,m074520_o_min_ord30_rk00006,0.3355697880787763,0.3155395599196874
AD+FTD->FTD,d3,o_min,m068532_o_min_ord24_rk00018,0.3353357767763141,0.3155395599196874
AD+FTD->FTD,d3,o_min,m057526_o_min_ord13_rk00012,0.3352536977052557,0.3155395599196874
AD+FTD->FTD,d3,o_min,m059522_o_min_ord15_rk00008,0.3352471741997094,0.3155395599196874
AD+FTD->FTD,d3,o_min,m065524_o_min_ord21_rk00010,0.3350681226515591,0.3155395599196874
