condition,model_level,objective,candidate_id,n_triplets,n_synergistic_triplets,pct_synergistic_triplets,exposome_baseline_pct
Pooled,OLS,o_max,m000000_o_max_ord3_rk00001,1,0,0.0,33.23008738133011
Pooled,OLS,o_max,m000017_o_max_ord3_rk00018,1,0,0.0,33.23008738133011
Pooled,OLS,o_max,m001015_o_max_ord4_rk00016,4,0,0.0,33.23008738133011
Pooled,OLS,o_max,m001004_o_max_ord4_rk00005,4,0,0.0,33.23008738133011
Pooled,OLS,o_max,m001001_o_max_ord4_rk00002,4,0,0.0,33.23008738133011
Pooled,OLS,o_max,m001008_o_max_ord4_rk00009,4,0,0.0,33.23008738133011
Pooled,OLS,o_max,m000016_o_max_ord3_rk00017,1,0,0.0,33.23008738133011
Pooled,OLS,o_max,m001013_o_max_ord4_rk00014,4,0,0.0,33.23008738133011
Pooled,OLS,o_max,m001002_o_max_ord4_rk00003,4,0,0.0,33.23008738133011
Pooled,OLS,o_max,m001011_o_max_ord4_rk00012,4,0,0.0,33.23008738133011
Pooled,OLS,o_max,m001009_o_max_ord4_rk00010,4,0,0.0,33.23008738133011
Pooled,OLS,o_max,m002003_o_max_ord5_rk00004,10,0,0.0,33.23008738133011
Pooled,OLS,o_max,m000019_o_max_ord3_rk00020,1,0,0.0,33.23008738133011
Pooled,OLS,o_max,m000005_o_max_ord3_rk00006,1,0,0.0,33.23008738133011
Pooled,OLS,o_max,m002010_o_max_ord5_rk00011,10,0,0.0,33.23008738133011
Pooled,OLS,o_max,m002004_o_max_ord5_rk00005,10,0,0.0,33.23008738133011
Pooled,OLS,o_max,m000013_o_max_ord3_rk00014,1,0,0.0,33.23008738133011
Pooled,OLS,o_max,m001000_o_max_ord4_rk00001,4,0,0.0,33.23008738133011
Pooled,OLS,o_max,m000007_o_max_ord3_rk00008,1,0,0.0,33.23008738133011
Pooled,OLS,o_max,m000011_o_max_ord3_rk00012,1,0,0.0,33.23008738133011
Pooled,OLS,o_min,m048517_o_min_ord4_rk00003,4,3,75.0,33.23008738133011
Pooled,OLS,o_min,m048520_o_min_ord4_rk00006,4,4,100.0,33.23008738133011
Pooled,OLS,o_min,m048525_o_min_ord4_rk00011,4,4,100.0,33.23008738133011
Pooled,OLS,o_min,m048518_o_min_ord4_rk00004,4,4,100.0,33.23008738133011
Pooled,OLS,o_min,m048527_o_min_ord4_rk00013,4,3,75.0,33.23008738133011
Pooled,OLS,o_min,m048528_o_min_ord4_rk00014,4,4,100.0,33.23008738133011
Pooled,OLS,o_min,m049517_o_min_ord5_rk00003,10,5,50.0,33.23008738133011
Pooled,OLS,o_min,m048523_o_min_ord4_rk00009,4,3,75.0,33.23008738133011
Pooled,OLS,o_min,m048530_o_min_ord4_rk00016,4,3,75.0,33.23008738133011
Pooled,OLS,o_min,m049534_o_min_ord5_rk00020,10,7,70.0,33.23008738133011
Pooled,OLS,o_min,m049521_o_min_ord5_rk00007,10,6,60.0,33.23008738133011
Pooled,OLS,o_min,m051534_o_min_ord7_rk00020,35,18,51.42857142857143,33.23008738133011
Pooled,OLS,o_min,m050524_o_min_ord6_rk00010,20,12,60.0,33.23008738133011
Pooled,OLS,o_min,m049527_o_min_ord5_rk00013,10,5,50.0,33.23008738133011
Pooled,OLS,o_min,m050515_o_min_ord6_rk00001,20,11,55.0,33.23008738133011
Pooled,OLS,o_min,m051529_o_min_ord7_rk00015,35,16,45.714285714285715,33.23008738133011
Pooled,OLS,o_min,m054515_o_min_ord10_rk00001,120,62,51.666666666666664,33.23008738133011
Pooled,OLS,o_min,m051526_o_min_ord7_rk00012,35,19,54.285714285714285,33.23008738133011
Pooled,OLS,o_min,m047517_o_min_ord3_rk00003,1,1,100.0,33.23008738133011
Pooled,OLS,o_min,m048521_o_min_ord4_rk00007,4,2,50.0,33.23008738133011
Pooled,d1,o_max,m021019_o_max_ord24_rk00020,2024,387,19.120553359683793,33.23008738133011
Pooled,d1,o_max,m019004_o_max_ord22_rk00005,1540,184,11.948051948051948,33.23008738133011
Pooled,d1,o_max,m013003_o_max_ord16_rk00004,560,113,20.178571428571427,33.23008738133011
Pooled,d1,o_max,m019000_o_max_ord22_rk00001,1540,185,12.012987012987013,33.23008738133011
Pooled,d1,o_max,m018000_o_max_ord21_rk00001,1330,174,13.082706766917294,33.23008738133011
Pooled,d1,o_max,m020004_o_max_ord23_rk00005,1771,273,15.41501976284585,33.23008738133011
Pooled,d1,o_max,m018006_o_max_ord21_rk00007,1330,158,11.8796992481203,33.23008738133011
Pooled,d1,o_max,m015000_o_max_ord18_rk00001,816,131,16.05392156862745,33.23008738133011
Pooled,d1,o_max,m026018_o_max_ord29_rk00019,3654,538,14.72359058565955,33.23008738133011
Pooled,d1,o_max,m016000_o_max_ord19_rk00001,969,137,14.13828689370485,33.23008738133011
Pooled,d1,o_max,m020000_o_max_ord23_rk00001,1771,275,15.527950310559007,33.23008738133011
Pooled,d1,o_max,m020007_o_max_ord23_rk00008,1771,200,11.29305477131564,33.23008738133011
Pooled,d1,o_max,m014000_o_max_ord17_rk00001,680,123,18.08823529411765,33.23008738133011
Pooled,d1,o_max,m019014_o_max_ord22_rk00015,1540,260,16.883116883116884,33.23008738133011
Pooled,d1,o_max,m017011_o_max_ord20_rk00012,1140,142,12.456140350877194,33.23008738133011
Pooled,d1,o_max,m018004_o_max_ord21_rk00005,1330,170,12.781954887218046,33.23008738133011
Pooled,d1,o_max,m020002_o_max_ord23_rk00003,1771,292,16.487859966120837,33.23008738133011
Pooled,d1,o_max,m018015_o_max_ord21_rk00016,1330,161,12.105263157894736,33.23008738133011
Pooled,d1,o_max,m026003_o_max_ord29_rk00004,3654,2,0.05473453749315818,33.23008738133011
Pooled,d1,o_max,m017018_o_max_ord20_rk00019,1140,144,12.631578947368421,33.23008738133011
Pooled,d1,o_min,m048534_o_min_ord4_rk00020,4,3,75.0,33.23008738133011
Pooled,d1,o_min,m048531_o_min_ord4_rk00017,4,3,75.0,33.23008738133011
Pooled,d1,o_min,m048522_o_min_ord4_rk00008,4,3,75.0,33.23008738133011
Pooled,d1,o_min,m061517_o_min_ord17_rk00003,680,303,44.55882352941177,33.23008738133011
Pooled,d1,o_min,m050530_o_min_ord6_rk00016,20,12,60.0,33.23008738133011
Pooled,d1,o_min,m061534_o_min_ord17_rk00020,680,300,44.11764705882353,33.23008738133011
Pooled,d1,o_min,m047533_o_min_ord3_rk00019,1,1,100.0,33.23008738133011
Pooled,d1,o_min,m059518_o_min_ord15_rk00004,455,183,40.21978021978022,33.23008738133011
Pooled,d1,o_min,m061522_o_min_ord17_rk00008,680,319,46.911764705882355,33.23008738133011
Pooled,d1,o_min,m061527_o_min_ord17_rk00013,680,301,44.26470588235294,33.23008738133011
Pooled,d1,o_min,m053531_o_min_ord9_rk00017,84,42,50.0,33.23008738133011
Pooled,d1,o_min,m060524_o_min_ord16_rk00010,560,229,40.892857142857146,33.23008738133011
Pooled,d1,o_min,m052517_o_min_ord8_rk00003,56,28,50.0,33.23008738133011
Pooled,d1,o_min,m060527_o_min_ord16_rk00013,560,253,45.17857142857143,33.23008738133011
Pooled,d1,o_min,m059523_o_min_ord15_rk00009,455,208,45.714285714285715,33.23008738133011
Pooled,d1,o_min,m048529_o_min_ord4_rk00015,4,1,25.0,33.23008738133011
Pooled,d1,o_min,m060522_o_min_ord16_rk00008,560,259,46.25,33.23008738133011
Pooled,d1,o_min,m056527_o_min_ord12_rk00013,220,113,51.36363636363637,33.23008738133011
Pooled,d1,o_min,m052530_o_min_ord8_rk00016,56,27,48.214285714285715,33.23008738133011
Pooled,d1,o_min,m047520_o_min_ord3_rk00006,1,1,100.0,33.23008738133011
Pooled,d2,o_max,m025007_o_max_ord28_rk00008,3276,2,0.06105006105006105,33.23008738133011
Pooled,d2,o_max,m025003_o_max_ord28_rk00004,3276,8,0.2442002442002442,33.23008738133011
Pooled,d2,o_max,m023006_o_max_ord26_rk00007,2600,2,0.07692307692307693,33.23008738133011
Pooled,d2,o_max,m023009_o_max_ord26_rk00010,2600,1,0.038461538461538464,33.23008738133011
Pooled,d2,o_max,m026018_o_max_ord29_rk00019,3654,538,14.72359058565955,33.23008738133011
Pooled,d2,o_max,m025002_o_max_ord28_rk00003,3276,25,0.7631257631257631,33.23008738133011
Pooled,d2,o_max,m026005_o_max_ord29_rk00006,3654,26,0.7115489874110563,33.23008738133011
Pooled,d2,o_max,m026007_o_max_ord29_rk00008,3654,39,1.0673234811165846,33.23008738133011
Pooled,d2,o_max,m026012_o_max_ord29_rk00013,3654,8,0.21893814997263272,33.23008738133011
Pooled,d2,o_max,m027008_o_max_ord30_rk00009,4060,40,0.9852216748768473,33.23008738133011
Pooled,d2,o_max,m025017_o_max_ord28_rk00018,3276,38,1.15995115995116,33.23008738133011
Pooled,d2,o_max,m021015_o_max_ord24_rk00016,2024,1,0.04940711462450593,33.23008738133011
Pooled,d2,o_max,m026017_o_max_ord29_rk00018,3654,520,14.230979748221127,33.23008738133011
Pooled,d2,o_max,m018017_o_max_ord21_rk00018,1330,1,0.07518796992481203,33.23008738133011
Pooled,d2,o_max,m022014_o_max_ord25_rk00015,2300,1,0.043478260869565216,33.23008738133011
Pooled,d2,o_max,m022010_o_max_ord25_rk00011,2300,1,0.043478260869565216,33.23008738133011
Pooled,d2,o_max,m020013_o_max_ord23_rk00014,1771,1,0.05646527385657821,33.23008738133011
Pooled,d2,o_max,m027019_o_max_ord30_rk00020,4060,26,0.6403940886699507,33.23008738133011
Pooled,d2,o_max,m019009_o_max_ord22_rk00010,1540,1,0.06493506493506493,33.23008738133011
Pooled,d2,o_max,m026000_o_max_ord29_rk00001,3654,45,1.2315270935960592,33.23008738133011
Pooled,d2,o_min,m047520_o_min_ord3_rk00006,1,1,100.0,33.23008738133011
Pooled,d2,o_min,m055519_o_min_ord11_rk00005,165,63,38.18181818181818,33.23008738133011
Pooled,d2,o_min,m050517_o_min_ord6_rk00003,20,10,50.0,33.23008738133011
Pooled,d2,o_min,m048517_o_min_ord4_rk00003,4,3,75.0,33.23008738133011
Pooled,d2,o_min,m052521_o_min_ord8_rk00007,56,27,48.214285714285715,33.23008738133011
Pooled,d2,o_min,m049520_o_min_ord5_rk00006,10,6,60.0,33.23008738133011
Pooled,d2,o_min,m048520_o_min_ord4_rk00006,4,4,100.0,33.23008738133011
Pooled,d2,o_min,m048518_o_min_ord4_rk00004,4,4,100.0,33.23008738133011
Pooled,d2,o_min,m061529_o_min_ord17_rk00015,680,312,45.88235294117647,33.23008738133011
Pooled,d2,o_min,m049524_o_min_ord5_rk00010,10,6,60.0,33.23008738133011
Pooled,d2,o_min,m058524_o_min_ord14_rk00010,364,158,43.40659340659341,33.23008738133011
Pooled,d2,o_min,m065526_o_min_ord21_rk00012,1330,601,45.18796992481203,33.23008738133011
Pooled,d2,o_min,m057525_o_min_ord13_rk00011,286,99,34.61538461538461,33.23008738133011
Pooled,d2,o_min,m057519_o_min_ord13_rk00005,286,114,39.86013986013986,33.23008738133011
Pooled,d2,o_min,m053520_o_min_ord9_rk00006,84,42,50.0,33.23008738133011
Pooled,d2,o_min,m061524_o_min_ord17_rk00010,680,340,50.0,33.23008738133011
Pooled,d2,o_min,m061516_o_min_ord17_rk00002,680,318,46.76470588235294,33.23008738133011
Pooled,d2,o_min,m048529_o_min_ord4_rk00015,4,1,25.0,33.23008738133011
Pooled,d2,o_min,m057521_o_min_ord13_rk00007,286,122,42.65734265734266,33.23008738133011
Pooled,d2,o_min,m062532_o_min_ord18_rk00018,816,398,48.77450980392157,33.23008738133011
Pooled,d3,o_max,m026012_o_max_ord29_rk00013,3654,8,0.21893814997263272,33.23008738133011
Pooled,d3,o_max,m025008_o_max_ord28_rk00009,3276,16,0.4884004884004884,33.23008738133011
Pooled,d3,o_max,m026005_o_max_ord29_rk00006,3654,26,0.7115489874110563,33.23008738133011
Pooled,d3,o_max,m024001_o_max_ord27_rk00002,2925,2,0.06837606837606838,33.23008738133011
Pooled,d3,o_max,m026019_o_max_ord29_rk00020,3654,17,0.4652435686918446,33.23008738133011
Pooled,d3,o_max,m020013_o_max_ord23_rk00014,1771,1,0.05646527385657821,33.23008738133011
Pooled,d3,o_max,m026011_o_max_ord29_rk00012,3654,16,0.43787629994526545,33.23008738133011
Pooled,d3,o_max,m027019_o_max_ord30_rk00020,4060,26,0.6403940886699507,33.23008738133011
Pooled,d3,o_max,m026007_o_max_ord29_rk00008,3654,39,1.0673234811165846,33.23008738133011
Pooled,d3,o_max,m023006_o_max_ord26_rk00007,2600,2,0.07692307692307693,33.23008738133011
Pooled,d3,o_max,m023009_o_max_ord26_rk00010,2600,1,0.038461538461538464,33.23008738133011
Pooled,d3,o_max,m022010_o_max_ord25_rk00011,2300,1,0.043478260869565216,33.23008738133011
Pooled,d3,o_max,m023001_o_max_ord26_rk00002,2600,1,0.038461538461538464,33.23008738133011
Pooled,d3,o_max,m020015_o_max_ord23_rk00016,1771,0,0.0,33.23008738133011
Pooled,d3,o_max,m024016_o_max_ord27_rk00017,2925,15,0.5128205128205128,33.23008738133011
Pooled,d3,o_max,m027008_o_max_ord30_rk00009,4060,40,0.9852216748768473,33.23008738133011
Pooled,d3,o_max,m023007_o_max_ord26_rk00008,2600,24,0.9230769230769231,33.23008738133011
Pooled,d3,o_max,m025003_o_max_ord28_rk00004,3276,8,0.2442002442002442,33.23008738133011
Pooled,d3,o_max,m027018_o_max_ord30_rk00019,4060,25,0.6157635467980296,33.23008738133011
Pooled,d3,o_max,m026017_o_max_ord29_rk00018,3654,520,14.230979748221127,33.23008738133011
Pooled,d3,o_min,m048530_o_min_ord4_rk00016,4,3,75.0,33.23008738133011
Pooled,d3,o_min,m049520_o_min_ord5_rk00006,10,6,60.0,33.23008738133011
Pooled,d3,o_min,m049529_o_min_ord5_rk00015,10,6,60.0,33.23008738133011
Pooled,d3,o_min,m066519_o_min_ord22_rk00005,1540,718,46.62337662337662,33.23008738133011
Pooled,d3,o_min,m049524_o_min_ord5_rk00010,10,6,60.0,33.23008738133011
Pooled,d3,o_min,m066523_o_min_ord22_rk00009,1540,732,47.532467532467535,33.23008738133011
Pooled,d3,o_min,m062529_o_min_ord18_rk00015,816,402,49.26470588235294,33.23008738133011
Pooled,d3,o_min,m062532_o_min_ord18_rk00018,816,398,48.77450980392157,33.23008738133011
Pooled,d3,o_min,m072528_o_min_ord28_rk00014,3276,1538,46.947496947496944,33.23008738133011
Pooled,d3,o_min,m048529_o_min_ord4_rk00015,4,1,25.0,33.23008738133011
Pooled,d3,o_min,m048517_o_min_ord4_rk00003,4,3,75.0,33.23008738133011
Pooled,d3,o_min,m048520_o_min_ord4_rk00006,4,4,100.0,33.23008738133011
Pooled,d3,o_min,m063532_o_min_ord19_rk00018,969,469,48.40041279669763,33.23008738133011
Pooled,d3,o_min,m066520_o_min_ord22_rk00006,1540,740,48.05194805194805,33.23008738133011
Pooled,d3,o_min,m048521_o_min_ord4_rk00007,4,2,50.0,33.23008738133011
Pooled,d3,o_min,m047517_o_min_ord3_rk00003,1,1,100.0,33.23008738133011
Pooled,d3,o_min,m060531_o_min_ord16_rk00017,560,275,49.107142857142854,33.23008738133011
Pooled,d3,o_min,m063525_o_min_ord19_rk00011,969,479,49.43240454076368,33.23008738133011
Pooled,d3,o_min,m052530_o_min_ord8_rk00016,56,27,48.214285714285715,33.23008738133011
Pooled,d3,o_min,m048518_o_min_ord4_rk00004,4,4,100.0,33.23008738133011
CN->CN,OLS,o_max,m007012_o_max_ord10_rk00013,120,0,0.0,33.23008738133011
CN->CN,OLS,o_max,m005004_o_max_ord8_rk00005,56,0,0.0,33.23008738133011
CN->CN,OLS,o_max,m001011_o_max_ord4_rk00012,4,0,0.0,33.23008738133011
CN->CN,OLS,o_max,m005016_o_max_ord8_rk00017,56,0,0.0,33.23008738133011
CN->CN,OLS,o_max,m005005_o_max_ord8_rk00006,56,0,0.0,33.23008738133011
CN->CN,OLS,o_max,m005003_o_max_ord8_rk00004,56,0,0.0,33.23008738133011
CN->CN,OLS,o_max,m000000_o_max_ord3_rk00001,1,0,0.0,33.23008738133011
CN->CN,OLS,o_max,m004001_o_max_ord7_rk00002,35,0,0.0,33.23008738133011
CN->CN,OLS,o_max,m000017_o_max_ord3_rk00018,1,0,0.0,33.23008738133011
CN->CN,OLS,o_max,m001000_o_max_ord4_rk00001,4,0,0.0,33.23008738133011
CN->CN,OLS,o_max,m005011_o_max_ord8_rk00012,56,0,0.0,33.23008738133011
CN->CN,OLS,o_max,m002003_o_max_ord5_rk00004,10,0,0.0,33.23008738133011
CN->CN,OLS,o_max,m002013_o_max_ord5_rk00014,10,0,0.0,33.23008738133011
CN->CN,OLS,o_max,m003000_o_max_ord6_rk00001,20,0,0.0,33.23008738133011
CN->CN,OLS,o_max,m003015_o_max_ord6_rk00016,20,0,0.0,33.23008738133011
CN->CN,OLS,o_max,m001001_o_max_ord4_rk00002,4,0,0.0,33.23008738133011
CN->CN,OLS,o_max,m002008_o_max_ord5_rk00009,10,0,0.0,33.23008738133011
CN->CN,OLS,o_max,m004000_o_max_ord7_rk00001,35,0,0.0,33.23008738133011
CN->CN,OLS,o_max,m001015_o_max_ord4_rk00016,4,0,0.0,33.23008738133011
CN->CN,OLS,o_max,m002011_o_max_ord5_rk00012,10,0,0.0,33.23008738133011
CN->CN,OLS,o_min,m064520_o_min_ord20_rk00006,1140,565,49.56140350877193,33.23008738133011
CN->CN,OLS,o_min,m065530_o_min_ord21_rk00016,1330,664,49.92481203007519,33.23008738133011
CN->CN,OLS,o_min,m064532_o_min_ord20_rk00018,1140,531,46.578947368421055,33.23008738133011
CN->CN,OLS,o_min,m065521_o_min_ord21_rk00007,1330,660,49.62406015037594,33.23008738133011
CN->CN,OLS,o_min,m068533_o_min_ord24_rk00019,2024,995,49.1600790513834,33.23008738133011
CN->CN,OLS,o_min,m064531_o_min_ord20_rk00017,1140,565,49.56140350877193,33.23008738133011
CN->CN,OLS,o_min,m047531_o_min_ord3_rk00017,1,1,100.0,33.23008738133011
CN->CN,OLS,o_min,m065520_o_min_ord21_rk00006,1330,612,46.015037593984964,33.23008738133011
CN->CN,OLS,o_min,m048528_o_min_ord4_rk00014,4,4,100.0,33.23008738133011
CN->CN,OLS,o_min,m066529_o_min_ord22_rk00015,1540,765,49.675324675324674,33.23008738133011
CN->CN,OLS,o_min,m048523_o_min_ord4_rk00009,4,3,75.0,33.23008738133011
CN->CN,OLS,o_min,m048515_o_min_ord4_rk00001,4,3,75.0,33.23008738133011
CN->CN,OLS,o_min,m049518_o_min_ord5_rk00004,10,7,70.0,33.23008738133011
CN->CN,OLS,o_min,m048527_o_min_ord4_rk00013,4,3,75.0,33.23008738133011
CN->CN,OLS,o_min,m049519_o_min_ord5_rk00005,10,8,80.0,33.23008738133011
CN->CN,OLS,o_min,m049522_o_min_ord5_rk00008,10,5,50.0,33.23008738133011
CN->CN,OLS,o_min,m049527_o_min_ord5_rk00013,10,5,50.0,33.23008738133011
CN->CN,OLS,o_min,m049525_o_min_ord5_rk00011,10,6,60.0,33.23008738133011
CN->CN,OLS,o_min,m049516_o_min_ord5_rk00002,10,6,60.0,33.23008738133011
CN->CN,OLS,o_min,m050530_o_min_ord6_rk00016,20,12,60.0,33.23008738133011
CN->CN,d1,o_max,m025008_o_max_ord28_rk00009,3276,16,0.4884004884004884,33.23008738133011
CN->CN,d1,o_max,m017015_o_max_ord20_rk00016,1140,12,1.0526315789473684,33.23008738133011
CN->CN,d1,o_max,m017017_o_max_ord20_rk00018,1140,11,0.9649122807017544,33.23008738133011
CN->CN,d1,o_max,m018016_o_max_ord21_rk00017,1330,12,0.9022556390977443,33.23008738133011
CN->CN,d1,o_max,m024016_o_max_ord27_rk00017,2925,15,0.5128205128205128,33.23008738133011
CN->CN,d1,o_max,m019006_o_max_ord22_rk00007,1540,12,0.7792207792207793,33.23008738133011
CN->CN,d1,o_max,m019015_o_max_ord22_rk00016,1540,11,0.7142857142857143,33.23008738133011
CN->CN,d1,o_max,m027005_o_max_ord30_rk00006,4060,68,1.6748768472906403,33.23008738133011
CN->CN,d1,o_max,m023012_o_max_ord26_rk00013,2600,15,0.5769230769230769,33.23008738133011
CN->CN,d1,o_max,m016019_o_max_ord19_rk00020,969,11,1.1351909184726523,33.23008738133011
CN->CN,d1,o_max,m026011_o_max_ord29_rk00012,3654,16,0.43787629994526545,33.23008738133011
CN->CN,d1,o_max,m026008_o_max_ord29_rk00009,3654,2,0.05473453749315818,33.23008738133011
CN->CN,d1,o_max,m020017_o_max_ord23_rk00018,1771,12,0.6775832862789385,33.23008738133011
CN->CN,d1,o_max,m026006_o_max_ord29_rk00007,3654,66,1.80623973727422,33.23008738133011
CN->CN,d1,o_max,m026013_o_max_ord29_rk00014,3654,43,1.176792556102901,33.23008738133011
CN->CN,d1,o_max,m026019_o_max_ord29_rk00020,3654,17,0.4652435686918446,33.23008738133011
CN->CN,d1,o_max,m026002_o_max_ord29_rk00003,3654,2,0.05473453749315818,33.23008738133011
CN->CN,d1,o_max,m013003_o_max_ord16_rk00004,560,113,20.178571428571427,33.23008738133011
CN->CN,d1,o_max,m020018_o_max_ord23_rk00019,1771,0,0.0,33.23008738133011
CN->CN,d1,o_max,m027011_o_max_ord30_rk00012,4060,22,0.541871921182266,33.23008738133011
CN->CN,d1,o_min,m047532_o_min_ord3_rk00018,1,1,100.0,33.23008738133011
CN->CN,d1,o_min,m047534_o_min_ord3_rk00020,1,1,100.0,33.23008738133011
CN->CN,d1,o_min,m047523_o_min_ord3_rk00009,1,1,100.0,33.23008738133011
CN->CN,d1,o_min,m047533_o_min_ord3_rk00019,1,1,100.0,33.23008738133011
CN->CN,d1,o_min,m048519_o_min_ord4_rk00005,4,3,75.0,33.23008738133011
CN->CN,d1,o_min,m047529_o_min_ord3_rk00015,1,1,100.0,33.23008738133011
CN->CN,d1,o_min,m062532_o_min_ord18_rk00018,816,398,48.77450980392157,33.23008738133011
CN->CN,d1,o_min,m073534_o_min_ord29_rk00020,3654,1708,46.74329501915709,33.23008738133011
CN->CN,d1,o_min,m047528_o_min_ord3_rk00014,1,1,100.0,33.23008738133011
CN->CN,d1,o_min,m060534_o_min_ord16_rk00020,560,281,50.17857142857143,33.23008738133011
CN->CN,d1,o_min,m062525_o_min_ord18_rk00011,816,418,51.22549019607843,33.23008738133011
CN->CN,d1,o_min,m049530_o_min_ord5_rk00016,10,7,70.0,33.23008738133011
CN->CN,d1,o_min,m048526_o_min_ord4_rk00012,4,2,50.0,33.23008738133011
CN->CN,d1,o_min,m048516_o_min_ord4_rk00002,4,3,75.0,33.23008738133011
CN->CN,d1,o_min,m073531_o_min_ord29_rk00017,3654,1708,46.74329501915709,33.23008738133011
CN->CN,d1,o_min,m061520_o_min_ord17_rk00006,680,328,48.23529411764706,33.23008738133011
CN->CN,d1,o_min,m074524_o_min_ord30_rk00010,4060,1888,46.50246305418719,33.23008738133011
CN->CN,d1,o_min,m048521_o_min_ord4_rk00007,4,2,50.0,33.23008738133011
CN->CN,d1,o_min,m048524_o_min_ord4_rk00010,4,2,50.0,33.23008738133011
CN->CN,d1,o_min,m072519_o_min_ord28_rk00005,3276,1572,47.985347985347985,33.23008738133011
CN->CN,d2,o_max,m019015_o_max_ord22_rk00016,1540,11,0.7142857142857143,33.23008738133011
CN->CN,d2,o_max,m017015_o_max_ord20_rk00016,1140,12,1.0526315789473684,33.23008738133011
CN->CN,d2,o_max,m024016_o_max_ord27_rk00017,2925,15,0.5128205128205128,33.23008738133011
CN->CN,d2,o_max,m016019_o_max_ord19_rk00020,969,11,1.1351909184726523,33.23008738133011
CN->CN,d2,o_max,m025008_o_max_ord28_rk00009,3276,16,0.4884004884004884,33.23008738133011
CN->CN,d2,o_max,m025007_o_max_ord28_rk00008,3276,2,0.06105006105006105,33.23008738133011
CN->CN,d2,o_max,m017017_o_max_ord20_rk00018,1140,11,0.9649122807017544,33.23008738133011
CN->CN,d2,o_max,m025002_o_max_ord28_rk00003,3276,25,0.7631257631257631,33.23008738133011
CN->CN,d2,o_max,m025011_o_max_ord28_rk00012,3276,2,0.06105006105006105,33.23008738133011
CN->CN,d2,o_max,m025017_o_max_ord28_rk00018,3276,38,1.15995115995116,33.23008738133011
CN->CN,d2,o_max,m020017_o_max_ord23_rk00018,1771,12,0.6775832862789385,33.23008738133011
CN->CN,d2,o_max,m025005_o_max_ord28_rk00006,3276,43,1.3125763125763126,33.23008738133011
CN->CN,d2,o_max,m025013_o_max_ord28_rk00014,3276,45,1.3736263736263736,33.23008738133011
CN->CN,d2,o_max,m026009_o_max_ord29_rk00010,3654,22,0.60207991242474,33.23008738133011
CN->CN,d2,o_max,m018016_o_max_ord21_rk00017,1330,12,0.9022556390977443,33.23008738133011
CN->CN,d2,o_max,m024003_o_max_ord27_rk00004,2925,2,0.06837606837606838,33.23008738133011
CN->CN,d2,o_max,m021015_o_max_ord24_rk00016,2024,1,0.04940711462450593,33.23008738133011
CN->CN,d2,o_max,m023012_o_max_ord26_rk00013,2600,15,0.5769230769230769,33.23008738133011
CN->CN,d2,o_max,m019006_o_max_ord22_rk00007,1540,12,0.7792207792207793,33.23008738133011
CN->CN,d2,o_max,m023008_o_max_ord26_rk00009,2600,2,0.07692307692307693,33.23008738133011
CN->CN,d2,o_min,m051527_o_min_ord7_rk00013,35,18,51.42857142857143,33.23008738133011
CN->CN,d2,o_min,m051524_o_min_ord7_rk00010,35,19,54.285714285714285,33.23008738133011
CN->CN,d2,o_min,m051528_o_min_ord7_rk00014,35,17,48.57142857142857,33.23008738133011
CN->CN,d2,o_min,m049527_o_min_ord5_rk00013,10,5,50.0,33.23008738133011
CN->CN,d2,o_min,m047534_o_min_ord3_rk00020,1,1,100.0,33.23008738133011
CN->CN,d2,o_min,m049529_o_min_ord5_rk00015,10,6,60.0,33.23008738133011
CN->CN,d2,o_min,m049517_o_min_ord5_rk00003,10,5,50.0,33.23008738133011
CN->CN,d2,o_min,m049524_o_min_ord5_rk00010,10,6,60.0,33.23008738133011
CN->CN,d2,o_min,m048521_o_min_ord4_rk00007,4,2,50.0,33.23008738133011
CN->CN,d2,o_min,m048528_o_min_ord4_rk00014,4,4,100.0,33.23008738133011
CN->CN,d2,o_min,m049521_o_min_ord5_rk00007,10,6,60.0,33.23008738133011
CN->CN,d2,o_min,m048523_o_min_ord4_rk00009,4,3,75.0,33.23008738133011
CN->CN,d2,o_min,m050532_o_min_ord6_rk00018,20,9,45.0,33.23008738133011
CN->CN,d2,o_min,m048522_o_min_ord4_rk00008,4,3,75.0,33.23008738133011
CN->CN,d2,o_min,m052515_o_min_ord8_rk00001,56,31,55.357142857142854,33.23008738133011
CN->CN,d2,o_min,m047533_o_min_ord3_rk00019,1,1,100.0,33.23008738133011
CN->CN,d2,o_min,m048516_o_min_ord4_rk00002,4,3,75.0,33.23008738133011
CN->CN,d2,o_min,m048518_o_min_ord4_rk00004,4,4,100.0,33.23008738133011
CN->CN,d2,o_min,m052530_o_min_ord8_rk00016,56,27,48.214285714285715,33.23008738133011
CN->CN,d2,o_min,m047532_o_min_ord3_rk00018,1,1,100.0,33.23008738133011
CN->CN,d3,o_max,m017017_o_max_ord20_rk00018,1140,11,0.9649122807017544,33.23008738133011
CN->CN,d3,o_max,m023008_o_max_ord26_rk00009,2600,2,0.07692307692307693,33.23008738133011
CN->CN,d3,o_max,m023019_o_max_ord26_rk00020,2600,2,0.07692307692307693,33.23008738133011
CN->CN,d3,o_max,m026011_o_max_ord29_rk00012,3654,16,0.43787629994526545,33.23008738133011
CN->CN,d3,o_max,m027005_o_max_ord30_rk00006,4060,68,1.6748768472906403,33.23008738133011
CN->CN,d3,o_max,m023009_o_max_ord26_rk00010,2600,1,0.038461538461538464,33.23008738133011
CN->CN,d3,o_max,m026009_o_max_ord29_rk00010,3654,22,0.60207991242474,33.23008738133011
CN->CN,d3,o_max,m019015_o_max_ord22_rk00016,1540,11,0.7142857142857143,33.23008738133011
CN->CN,d3,o_max,m026006_o_max_ord29_rk00007,3654,66,1.80623973727422,33.23008738133011
CN->CN,d3,o_max,m023013_o_max_ord26_rk00014,2600,1,0.038461538461538464,33.23008738133011
CN->CN,d3,o_max,m023006_o_max_ord26_rk00007,2600,2,0.07692307692307693,33.23008738133011
CN->CN,d3,o_max,m020019_o_max_ord23_rk00020,1771,1,0.05646527385657821,33.23008738133011
CN->CN,d3,o_max,m020017_o_max_ord23_rk00018,1771,12,0.6775832862789385,33.23008738133011
CN->CN,d3,o_max,m020008_o_max_ord23_rk00009,1771,363,20.496894409937887,33.23008738133011
CN->CN,d3,o_max,m018017_o_max_ord21_rk00018,1330,1,0.07518796992481203,33.23008738133011
CN->CN,d3,o_max,m023002_o_max_ord26_rk00003,2600,1,0.038461538461538464,33.23008738133011
CN->CN,d3,o_max,m027019_o_max_ord30_rk00020,4060,26,0.6403940886699507,33.23008738133011
CN->CN,d3,o_max,m018015_o_max_ord21_rk00016,1330,161,12.105263157894736,33.23008738133011
CN->CN,d3,o_max,m024007_o_max_ord27_rk00008,2925,2,0.06837606837606838,33.23008738133011
CN->CN,d3,o_max,m025008_o_max_ord28_rk00009,3276,16,0.4884004884004884,33.23008738133011
CN->CN,d3,o_min,m047529_o_min_ord3_rk00015,1,1,100.0,33.23008738133011
CN->CN,d3,o_min,m047523_o_min_ord3_rk00009,1,1,100.0,33.23008738133011
CN->CN,d3,o_min,m052531_o_min_ord8_rk00017,56,31,55.357142857142854,33.23008738133011
CN->CN,d3,o_min,m048522_o_min_ord4_rk00008,4,3,75.0,33.23008738133011
CN->CN,d3,o_min,m052529_o_min_ord8_rk00015,56,29,51.785714285714285,33.23008738133011
CN->CN,d3,o_min,m052525_o_min_ord8_rk00011,56,32,57.142857142857146,33.23008738133011
CN->CN,d3,o_min,m065532_o_min_ord21_rk00018,1330,633,47.59398496240601,33.23008738133011
CN->CN,d3,o_min,m049527_o_min_ord5_rk00013,10,5,50.0,33.23008738133011
CN->CN,d3,o_min,m052530_o_min_ord8_rk00016,56,27,48.214285714285715,33.23008738133011
CN->CN,d3,o_min,m048534_o_min_ord4_rk00020,4,3,75.0,33.23008738133011
CN->CN,d3,o_min,m049517_o_min_ord5_rk00003,10,5,50.0,33.23008738133011
CN->CN,d3,o_min,m051528_o_min_ord7_rk00014,35,17,48.57142857142857,33.23008738133011
CN->CN,d3,o_min,m050518_o_min_ord6_rk00004,20,11,55.0,33.23008738133011
CN->CN,d3,o_min,m050530_o_min_ord6_rk00016,20,12,60.0,33.23008738133011
CN->CN,d3,o_min,m055526_o_min_ord11_rk00012,165,84,50.90909090909091,33.23008738133011
CN->CN,d3,o_min,m051524_o_min_ord7_rk00010,35,19,54.285714285714285,33.23008738133011
CN->CN,d3,o_min,m047532_o_min_ord3_rk00018,1,1,100.0,33.23008738133011
CN->CN,d3,o_min,m048528_o_min_ord4_rk00014,4,4,100.0,33.23008738133011
CN->CN,d3,o_min,m062532_o_min_ord18_rk00018,816,398,48.77450980392157,33.23008738133011
CN->CN,d3,o_min,m050528_o_min_ord6_rk00014,20,14,70.0,33.23008738133011
AD->AD,OLS,o_max,m000016_o_max_ord3_rk00017,1,0,0.0,33.23008738133011
AD->AD,OLS,o_max,m000019_o_max_ord3_rk00020,1,0,0.0,33.23008738133011
AD->AD,OLS,o_max,m000013_o_max_ord3_rk00014,1,0,0.0,33.23008738133011
AD->AD,OLS,o_max,m000018_o_max_ord3_rk00019,1,0,0.0,33.23008738133011
AD->AD,OLS,o_max,m000011_o_max_ord3_rk00012,1,0,0.0,33.23008738133011
AD->AD,OLS,o_max,m000009_o_max_ord3_rk00010,1,0,0.0,33.23008738133011
AD->AD,OLS,o_max,m000010_o_max_ord3_rk00011,1,0,0.0,33.23008738133011
AD->AD,OLS,o_max,m000002_o_max_ord3_rk00003,1,0,0.0,33.23008738133011
AD->AD,OLS,o_max,m000006_o_max_ord3_rk00007,1,0,0.0,33.23008738133011
AD->AD,OLS,o_max,m000007_o_max_ord3_rk00008,1,0,0.0,33.23008738133011
AD->AD,OLS,o_max,m000017_o_max_ord3_rk00018,1,0,0.0,33.23008738133011
AD->AD,OLS,o_max,m000000_o_max_ord3_rk00001,1,0,0.0,33.23008738133011
AD->AD,OLS,o_max,m000001_o_max_ord3_rk00002,1,0,0.0,33.23008738133011
AD->AD,OLS,o_max,m000008_o_max_ord3_rk00009,1,0,0.0,33.23008738133011
AD->AD,OLS,o_max,m002010_o_max_ord5_rk00011,10,0,0.0,33.23008738133011
AD->AD,OLS,o_max,m000014_o_max_ord3_rk00015,1,0,0.0,33.23008738133011
AD->AD,OLS,o_max,m002004_o_max_ord5_rk00005,10,0,0.0,33.23008738133011
AD->AD,OLS,o_max,m000004_o_max_ord3_rk00005,1,0,0.0,33.23008738133011
AD->AD,OLS,o_max,m000003_o_max_ord3_rk00004,1,0,0.0,33.23008738133011
AD->AD,OLS,o_max,m000012_o_max_ord3_rk00013,1,0,0.0,33.23008738133011
AD->AD,OLS,o_min,m048528_o_min_ord4_rk00014,4,4,100.0,33.23008738133011
AD->AD,OLS,o_min,m059533_o_min_ord15_rk00019,455,233,51.20879120879121,33.23008738133011
AD->AD,OLS,o_min,m058515_o_min_ord14_rk00001,364,167,45.879120879120876,33.23008738133011
AD->AD,OLS,o_min,m049527_o_min_ord5_rk00013,10,5,50.0,33.23008738133011
AD->AD,OLS,o_min,m058529_o_min_ord14_rk00015,364,176,48.35164835164835,33.23008738133011
AD->AD,OLS,o_min,m060532_o_min_ord16_rk00018,560,299,53.392857142857146,33.23008738133011
AD->AD,OLS,o_min,m057515_o_min_ord13_rk00001,286,142,49.65034965034965,33.23008738133011
AD->AD,OLS,o_min,m056521_o_min_ord12_rk00007,220,111,50.45454545454545,33.23008738133011
AD->AD,OLS,o_min,m058522_o_min_ord14_rk00008,364,184,50.54945054945055,33.23008738133011
AD->AD,OLS,o_min,m056515_o_min_ord12_rk00001,220,103,46.81818181818182,33.23008738133011
AD->AD,OLS,o_min,m048523_o_min_ord4_rk00009,4,3,75.0,33.23008738133011
AD->AD,OLS,o_min,m060528_o_min_ord16_rk00014,560,263,46.964285714285715,33.23008738133011
AD->AD,OLS,o_min,m056522_o_min_ord12_rk00008,220,94,42.72727272727273,33.23008738133011
AD->AD,OLS,o_min,m056526_o_min_ord12_rk00012,220,107,48.63636363636363,33.23008738133011
AD->AD,OLS,o_min,m056530_o_min_ord12_rk00016,220,90,40.90909090909091,33.23008738133011
AD->AD,OLS,o_min,m059515_o_min_ord15_rk00001,455,219,48.13186813186813,33.23008738133011
AD->AD,OLS,o_min,m057527_o_min_ord13_rk00013,286,141,49.3006993006993,33.23008738133011
AD->AD,OLS,o_min,m055516_o_min_ord11_rk00002,165,76,46.06060606060606,33.23008738133011
AD->AD,OLS,o_min,m055532_o_min_ord11_rk00018,165,65,39.39393939393939,33.23008738133011
AD->AD,OLS,o_min,m057518_o_min_ord13_rk00004,286,117,40.90909090909091,33.23008738133011
AD->AD,d1,o_max,m005019_o_max_ord8_rk00020,56,0,0.0,33.23008738133011
AD->AD,d1,o_max,m005014_o_max_ord8_rk00015,56,0,0.0,33.23008738133011
AD->AD,d1,o_max,m012002_o_max_ord15_rk00003,455,0,0.0,33.23008738133011
AD->AD,d1,o_max,m002011_o_max_ord5_rk00012,10,0,0.0,33.23008738133011
AD->AD,d1,o_max,m012016_o_max_ord15_rk00017,455,0,0.0,33.23008738133011
AD->AD,d1,o_max,m027012_o_max_ord30_rk00013,4060,63,1.5517241379310345,33.23008738133011
AD->AD,d1,o_max,m013009_o_max_ord16_rk00010,560,0,0.0,33.23008738133011
AD->AD,d1,o_max,m013011_o_max_ord16_rk00012,560,0,0.0,33.23008738133011
AD->AD,d1,o_max,m009018_o_max_ord12_rk00019,220,0,0.0,33.23008738133011
AD->AD,d1,o_max,m016008_o_max_ord19_rk00009,969,0,0.0,33.23008738133011
AD->AD,d1,o_max,m016005_o_max_ord19_rk00006,969,0,0.0,33.23008738133011
AD->AD,d1,o_max,m013016_o_max_ord16_rk00017,560,0,0.0,33.23008738133011
AD->AD,d1,o_max,m012004_o_max_ord15_rk00005,455,0,0.0,33.23008738133011
AD->AD,d1,o_max,m016003_o_max_ord19_rk00004,969,0,0.0,33.23008738133011
AD->AD,d1,o_max,m006014_o_max_ord9_rk00015,84,0,0.0,33.23008738133011
AD->AD,d1,o_max,m012001_o_max_ord15_rk00002,455,0,0.0,33.23008738133011
AD->AD,d1,o_max,m016002_o_max_ord19_rk00003,969,0,0.0,33.23008738133011
AD->AD,d1,o_max,m011001_o_max_ord14_rk00002,364,0,0.0,33.23008738133011
AD->AD,d1,o_max,m013000_o_max_ord16_rk00001,560,0,0.0,33.23008738133011
AD->AD,d1,o_max,m012013_o_max_ord15_rk00014,455,0,0.0,33.23008738133011
AD->AD,d1,o_min,m048523_o_min_ord4_rk00009,4,3,75.0,33.23008738133011
AD->AD,d1,o_min,m048516_o_min_ord4_rk00002,4,3,75.0,33.23008738133011
AD->AD,d1,o_min,m052531_o_min_ord8_rk00017,56,31,55.357142857142854,33.23008738133011
AD->AD,d1,o_min,m053518_o_min_ord9_rk00004,84,33,39.285714285714285,33.23008738133011
AD->AD,d1,o_min,m052518_o_min_ord8_rk00004,56,20,35.714285714285715,33.23008738133011
AD->AD,d1,o_min,m056528_o_min_ord12_rk00014,220,113,51.36363636363637,33.23008738133011
AD->AD,d1,o_min,m057524_o_min_ord13_rk00010,286,144,50.34965034965035,33.23008738133011
AD->AD,d1,o_min,m049521_o_min_ord5_rk00007,10,6,60.0,33.23008738133011
AD->AD,d1,o_min,m049517_o_min_ord5_rk00003,10,5,50.0,33.23008738133011
AD->AD,d1,o_min,m052530_o_min_ord8_rk00016,56,27,48.214285714285715,33.23008738133011
AD->AD,d1,o_min,m052529_o_min_ord8_rk00015,56,29,51.785714285714285,33.23008738133011
AD->AD,d1,o_min,m056533_o_min_ord12_rk00019,220,114,51.81818181818182,33.23008738133011
AD->AD,d1,o_min,m050532_o_min_ord6_rk00018,20,9,45.0,33.23008738133011
AD->AD,d1,o_min,m057517_o_min_ord13_rk00003,286,121,42.30769230769231,33.23008738133011
AD->AD,d1,o_min,m048517_o_min_ord4_rk00003,4,3,75.0,33.23008738133011
AD->AD,d1,o_min,m048529_o_min_ord4_rk00015,4,1,25.0,33.23008738133011
AD->AD,d1,o_min,m051527_o_min_ord7_rk00013,35,18,51.42857142857143,33.23008738133011
AD->AD,d1,o_min,m061521_o_min_ord17_rk00007,680,354,52.05882352941177,33.23008738133011
AD->AD,d1,o_min,m048518_o_min_ord4_rk00004,4,4,100.0,33.23008738133011
AD->AD,d1,o_min,m051524_o_min_ord7_rk00010,35,19,54.285714285714285,33.23008738133011
AD->AD,d2,o_max,m018003_o_max_ord21_rk00004,1330,0,0.0,33.23008738133011
AD->AD,d2,o_max,m011010_o_max_ord14_rk00011,364,0,0.0,33.23008738133011
AD->AD,d2,o_max,m014007_o_max_ord17_rk00008,680,0,0.0,33.23008738133011
AD->AD,d2,o_max,m016008_o_max_ord19_rk00009,969,0,0.0,33.23008738133011
AD->AD,d2,o_max,m010015_o_max_ord13_rk00016,286,0,0.0,33.23008738133011
AD->AD,d2,o_max,m002011_o_max_ord5_rk00012,10,0,0.0,33.23008738133011
AD->AD,d2,o_max,m009008_o_max_ord12_rk00009,220,0,0.0,33.23008738133011
AD->AD,d2,o_max,m019018_o_max_ord22_rk00019,1540,0,0.0,33.23008738133011
AD->AD,d2,o_max,m017012_o_max_ord20_rk00013,1140,0,0.0,33.23008738133011
AD->AD,d2,o_max,m016005_o_max_ord19_rk00006,969,0,0.0,33.23008738133011
AD->AD,d2,o_max,m014012_o_max_ord17_rk00013,680,0,0.0,33.23008738133011
AD->AD,d2,o_max,m018017_o_max_ord21_rk00018,1330,1,0.07518796992481203,33.23008738133011
AD->AD,d2,o_max,m019009_o_max_ord22_rk00010,1540,1,0.06493506493506493,33.23008738133011
AD->AD,d2,o_max,m001013_o_max_ord4_rk00014,4,0,0.0,33.23008738133011
AD->AD,d2,o_max,m009006_o_max_ord12_rk00007,220,0,0.0,33.23008738133011
AD->AD,d2,o_max,m014005_o_max_ord17_rk00006,680,0,0.0,33.23008738133011
AD->AD,d2,o_max,m014003_o_max_ord17_rk00004,680,0,0.0,33.23008738133011
AD->AD,d2,o_max,m015008_o_max_ord18_rk00009,816,0,0.0,33.23008738133011
AD->AD,d2,o_max,m014014_o_max_ord17_rk00015,680,0,0.0,33.23008738133011
AD->AD,d2,o_max,m011012_o_max_ord14_rk00013,364,1,0.27472527472527475,33.23008738133011
AD->AD,d2,o_min,m048523_o_min_ord4_rk00009,4,3,75.0,33.23008738133011
AD->AD,d2,o_min,m048516_o_min_ord4_rk00002,4,3,75.0,33.23008738133011
AD->AD,d2,o_min,m048529_o_min_ord4_rk00015,4,1,25.0,33.23008738133011
AD->AD,d2,o_min,m047517_o_min_ord3_rk00003,1,1,100.0,33.23008738133011
AD->AD,d2,o_min,m048521_o_min_ord4_rk00007,4,2,50.0,33.23008738133011
AD->AD,d2,o_min,m048525_o_min_ord4_rk00011,4,4,100.0,33.23008738133011
AD->AD,d2,o_min,m048530_o_min_ord4_rk00016,4,3,75.0,33.23008738133011
AD->AD,d2,o_min,m048528_o_min_ord4_rk00014,4,4,100.0,33.23008738133011
AD->AD,d2,o_min,m048532_o_min_ord4_rk00018,4,2,50.0,33.23008738133011
AD->AD,d2,o_min,m067522_o_min_ord23_rk00008,1771,873,49.294184076792774,33.23008738133011
AD->AD,d2,o_min,m048520_o_min_ord4_rk00006,4,4,100.0,33.23008738133011
AD->AD,d2,o_min,m054519_o_min_ord10_rk00005,120,49,40.833333333333336,33.23008738133011
AD->AD,d2,o_min,m048527_o_min_ord4_rk00013,4,3,75.0,33.23008738133011
AD->AD,d2,o_min,m052531_o_min_ord8_rk00017,56,31,55.357142857142854,33.23008738133011
AD->AD,d2,o_min,m048517_o_min_ord4_rk00003,4,3,75.0,33.23008738133011
AD->AD,d2,o_min,m048518_o_min_ord4_rk00004,4,4,100.0,33.23008738133011
AD->AD,d2,o_min,m050517_o_min_ord6_rk00003,20,10,50.0,33.23008738133011
AD->AD,d2,o_min,m067532_o_min_ord23_rk00018,1771,873,49.294184076792774,33.23008738133011
AD->AD,d2,o_min,m050532_o_min_ord6_rk00018,20,9,45.0,33.23008738133011
AD->AD,d2,o_min,m049521_o_min_ord5_rk00007,10,6,60.0,33.23008738133011
AD->AD,d3,o_max,m011002_o_max_ord14_rk00003,364,0,0.0,33.23008738133011
AD->AD,d3,o_max,m027012_o_max_ord30_rk00013,4060,63,1.5517241379310345,33.23008738133011
AD->AD,d3,o_max,m010004_o_max_ord13_rk00005,286,0,0.0,33.23008738133011
AD->AD,d3,o_max,m014015_o_max_ord17_rk00016,680,0,0.0,33.23008738133011
AD->AD,d3,o_max,m011004_o_max_ord14_rk00005,364,0,0.0,33.23008738133011
AD->AD,d3,o_max,m010015_o_max_ord13_rk00016,286,0,0.0,33.23008738133011
AD->AD,d3,o_max,m010014_o_max_ord13_rk00015,286,0,0.0,33.23008738133011
AD->AD,d3,o_max,m012016_o_max_ord15_rk00017,455,0,0.0,33.23008738133011
AD->AD,d3,o_max,m026015_o_max_ord29_rk00016,3654,8,0.21893814997263272,33.23008738133011
AD->AD,d3,o_max,m010016_o_max_ord13_rk00017,286,0,0.0,33.23008738133011
AD->AD,d3,o_max,m007006_o_max_ord10_rk00007,120,0,0.0,33.23008738133011
AD->AD,d3,o_max,m012013_o_max_ord15_rk00014,455,0,0.0,33.23008738133011
AD->AD,d3,o_max,m020013_o_max_ord23_rk00014,1771,1,0.05646527385657821,33.23008738133011
AD->AD,d3,o_max,m009018_o_max_ord12_rk00019,220,0,0.0,33.23008738133011
AD->AD,d3,o_max,m014013_o_max_ord17_rk00014,680,1,0.14705882352941177,33.23008738133011
AD->AD,d3,o_max,m013009_o_max_ord16_rk00010,560,0,0.0,33.23008738133011
AD->AD,d3,o_max,m014003_o_max_ord17_rk00004,680,0,0.0,33.23008738133011
AD->AD,d3,o_max,m010000_o_max_ord13_rk00001,286,0,0.0,33.23008738133011
AD->AD,d3,o_max,m002011_o_max_ord5_rk00012,10,0,0.0,33.23008738133011
AD->AD,d3,o_max,m013011_o_max_ord16_rk00012,560,0,0.0,33.23008738133011
AD->AD,d3,o_min,m047517_o_min_ord3_rk00003,1,1,100.0,33.23008738133011
AD->AD,d3,o_min,m048525_o_min_ord4_rk00011,4,4,100.0,33.23008738133011
AD->AD,d3,o_min,m057526_o_min_ord13_rk00012,286,129,45.10489510489511,33.23008738133011
AD->AD,d3,o_min,m054519_o_min_ord10_rk00005,120,49,40.833333333333336,33.23008738133011
AD->AD,d3,o_min,m048523_o_min_ord4_rk00009,4,3,75.0,33.23008738133011
AD->AD,d3,o_min,m048516_o_min_ord4_rk00002,4,3,75.0,33.23008738133011
AD->AD,d3,o_min,m048532_o_min_ord4_rk00018,4,2,50.0,33.23008738133011
AD->AD,d3,o_min,m057529_o_min_ord13_rk00015,286,136,47.55244755244755,33.23008738133011
AD->AD,d3,o_min,m057524_o_min_ord13_rk00010,286,144,50.34965034965035,33.23008738133011
AD->AD,d3,o_min,m048528_o_min_ord4_rk00014,4,4,100.0,33.23008738133011
AD->AD,d3,o_min,m048520_o_min_ord4_rk00006,4,4,100.0,33.23008738133011
AD->AD,d3,o_min,m048518_o_min_ord4_rk00004,4,4,100.0,33.23008738133011
AD->AD,d3,o_min,m058518_o_min_ord14_rk00004,364,174,47.8021978021978,33.23008738133011
AD->AD,d3,o_min,m060516_o_min_ord16_rk00002,560,253,45.17857142857143,33.23008738133011
AD->AD,d3,o_min,m052529_o_min_ord8_rk00015,56,29,51.785714285714285,33.23008738133011
AD->AD,d3,o_min,m061522_o_min_ord17_rk00008,680,319,46.911764705882355,33.23008738133011
AD->AD,d3,o_min,m056533_o_min_ord12_rk00019,220,114,51.81818181818182,33.23008738133011
AD->AD,d3,o_min,m054517_o_min_ord10_rk00003,120,55,45.833333333333336,33.23008738133011
AD->AD,d3,o_min,m048517_o_min_ord4_rk00003,4,3,75.0,33.23008738133011
AD->AD,d3,o_min,m057517_o_min_ord13_rk00003,286,121,42.30769230769231,33.23008738133011
AD->FTD,OLS,o_max,m000016_o_max_ord3_rk00017,1,0,0.0,33.23008738133011
AD->FTD,OLS,o_max,m000012_o_max_ord3_rk00013,1,0,0.0,33.23008738133011
AD->FTD,OLS,o_max,m000009_o_max_ord3_rk00010,1,0,0.0,33.23008738133011
AD->FTD,OLS,o_max,m000017_o_max_ord3_rk00018,1,0,0.0,33.23008738133011
AD->FTD,OLS,o_max,m000004_o_max_ord3_rk00005,1,0,0.0,33.23008738133011
AD->FTD,OLS,o_max,m000008_o_max_ord3_rk00009,1,0,0.0,33.23008738133011
AD->FTD,OLS,o_max,m001000_o_max_ord4_rk00001,4,0,0.0,33.23008738133011
AD->FTD,OLS,o_max,m001010_o_max_ord4_rk00011,4,0,0.0,33.23008738133011
AD->FTD,OLS,o_max,m001018_o_max_ord4_rk00019,4,0,0.0,33.23008738133011
AD->FTD,OLS,o_max,m000018_o_max_ord3_rk00019,1,0,0.0,33.23008738133011
AD->FTD,OLS,o_max,m000000_o_max_ord3_rk00001,1,0,0.0,33.23008738133011
AD->FTD,OLS,o_max,m000002_o_max_ord3_rk00003,1,0,0.0,33.23008738133011
AD->FTD,OLS,o_max,m000003_o_max_ord3_rk00004,1,0,0.0,33.23008738133011
AD->FTD,OLS,o_max,m001011_o_max_ord4_rk00012,4,0,0.0,33.23008738133011
AD->FTD,OLS,o_max,m000015_o_max_ord3_rk00016,1,0,0.0,33.23008738133011
AD->FTD,OLS,o_max,m000014_o_max_ord3_rk00015,1,0,0.0,33.23008738133011
AD->FTD,OLS,o_max,m001015_o_max_ord4_rk00016,4,0,0.0,33.23008738133011
AD->FTD,OLS,o_max,m002001_o_max_ord5_rk00002,10,0,0.0,33.23008738133011
AD->FTD,OLS,o_max,m002010_o_max_ord5_rk00011,10,0,0.0,33.23008738133011
AD->FTD,OLS,o_max,m001002_o_max_ord4_rk00003,4,0,0.0,33.23008738133011
AD->FTD,OLS,o_min,m056524_o_min_ord12_rk00010,220,95,43.18181818181818,33.23008738133011
AD->FTD,OLS,o_min,m063534_o_min_ord19_rk00020,969,444,45.82043343653251,33.23008738133011
AD->FTD,OLS,o_min,m051526_o_min_ord7_rk00012,35,19,54.285714285714285,33.23008738133011
AD->FTD,OLS,o_min,m052527_o_min_ord8_rk00013,56,30,53.57142857142857,33.23008738133011
AD->FTD,OLS,o_min,m048517_o_min_ord4_rk00003,4,3,75.0,33.23008738133011
AD->FTD,OLS,o_min,m048527_o_min_ord4_rk00013,4,3,75.0,33.23008738133011
AD->FTD,OLS,o_min,m048530_o_min_ord4_rk00016,4,3,75.0,33.23008738133011
AD->FTD,OLS,o_min,m049524_o_min_ord5_rk00010,10,6,60.0,33.23008738133011
AD->FTD,OLS,o_min,m056520_o_min_ord12_rk00006,220,87,39.54545454545455,33.23008738133011
AD->FTD,OLS,o_min,m048525_o_min_ord4_rk00011,4,4,100.0,33.23008738133011
AD->FTD,OLS,o_min,m048520_o_min_ord4_rk00006,4,4,100.0,33.23008738133011
AD->FTD,OLS,o_min,m050515_o_min_ord6_rk00001,20,11,55.0,33.23008738133011
AD->FTD,OLS,o_min,m049517_o_min_ord5_rk00003,10,5,50.0,33.23008738133011
AD->FTD,OLS,o_min,m051519_o_min_ord7_rk00005,35,18,51.42857142857143,33.23008738133011
AD->FTD,OLS,o_min,m051529_o_min_ord7_rk00015,35,16,45.714285714285715,33.23008738133011
AD->FTD,OLS,o_min,m053516_o_min_ord9_rk00002,84,41,48.80952380952381,33.23008738133011
AD->FTD,OLS,o_min,m048518_o_min_ord4_rk00004,4,4,100.0,33.23008738133011
AD->FTD,OLS,o_min,m055516_o_min_ord11_rk00002,165,76,46.06060606060606,33.23008738133011
AD->FTD,OLS,o_min,m051516_o_min_ord7_rk00002,35,22,62.857142857142854,33.23008738133011
AD->FTD,OLS,o_min,m050533_o_min_ord6_rk00019,20,10,50.0,33.23008738133011
AD->FTD,d1,o_max,m012007_o_max_ord15_rk00008,455,1,0.21978021978021978,33.23008738133011
AD->FTD,d1,o_max,m015019_o_max_ord18_rk00020,816,0,0.0,33.23008738133011
AD->FTD,d1,o_max,m008013_o_max_ord11_rk00014,165,0,0.0,33.23008738133011
AD->FTD,d1,o_max,m012015_o_max_ord15_rk00016,455,1,0.21978021978021978,33.23008738133011
AD->FTD,d1,o_max,m025016_o_max_ord28_rk00017,3276,25,0.7631257631257631,33.23008738133011
AD->FTD,d1,o_max,m025017_o_max_ord28_rk00018,3276,38,1.15995115995116,33.23008738133011
AD->FTD,d1,o_max,m011002_o_max_ord14_rk00003,364,0,0.0,33.23008738133011
AD->FTD,d1,o_max,m017009_o_max_ord20_rk00010,1140,0,0.0,33.23008738133011
AD->FTD,d1,o_max,m025005_o_max_ord28_rk00006,3276,43,1.3125763125763126,33.23008738133011
AD->FTD,d1,o_max,m023016_o_max_ord26_rk00017,2600,23,0.8846153846153846,33.23008738133011
AD->FTD,d1,o_max,m008015_o_max_ord11_rk00016,165,0,0.0,33.23008738133011
AD->FTD,d1,o_max,m011005_o_max_ord14_rk00006,364,0,0.0,33.23008738133011
AD->FTD,d1,o_max,m017001_o_max_ord20_rk00002,1140,0,0.0,33.23008738133011
AD->FTD,d1,o_max,m024010_o_max_ord27_rk00011,2925,1,0.03418803418803419,33.23008738133011
AD->FTD,d1,o_max,m008019_o_max_ord11_rk00020,165,0,0.0,33.23008738133011
AD->FTD,d1,o_max,m020007_o_max_ord23_rk00008,1771,200,11.29305477131564,33.23008738133011
AD->FTD,d1,o_max,m010016_o_max_ord13_rk00017,286,0,0.0,33.23008738133011
AD->FTD,d1,o_max,m017014_o_max_ord20_rk00015,1140,1,0.08771929824561403,33.23008738133011
AD->FTD,d1,o_max,m019005_o_max_ord22_rk00006,1540,1,0.06493506493506493,33.23008738133011
AD->FTD,d1,o_max,m020009_o_max_ord23_rk00010,1771,0,0.0,33.23008738133011
AD->FTD,d1,o_min,m059521_o_min_ord15_rk00007,455,181,39.78021978021978,33.23008738133011
AD->FTD,d1,o_min,m059532_o_min_ord15_rk00018,455,203,44.61538461538461,33.23008738133011
AD->FTD,d1,o_min,m074526_o_min_ord30_rk00012,4060,1893,46.6256157635468,33.23008738133011
AD->FTD,d1,o_min,m074516_o_min_ord30_rk00002,4060,1920,47.29064039408867,33.23008738133011
AD->FTD,d1,o_min,m074518_o_min_ord30_rk00004,4060,1927,47.46305418719212,33.23008738133011
AD->FTD,d1,o_min,m066527_o_min_ord22_rk00013,1540,748,48.57142857142857,33.23008738133011
AD->FTD,d1,o_min,m073518_o_min_ord29_rk00004,3654,1747,47.81061850027367,33.23008738133011
AD->FTD,d1,o_min,m074527_o_min_ord30_rk00013,4060,1923,47.364532019704434,33.23008738133011
AD->FTD,d1,o_min,m059534_o_min_ord15_rk00020,455,205,45.05494505494506,33.23008738133011
AD->FTD,d1,o_min,m062527_o_min_ord18_rk00013,816,376,46.07843137254902,33.23008738133011
AD->FTD,d1,o_min,m074534_o_min_ord30_rk00020,4060,1914,47.142857142857146,33.23008738133011
AD->FTD,d1,o_min,m067522_o_min_ord23_rk00008,1771,873,49.294184076792774,33.23008738133011
AD->FTD,d1,o_min,m060527_o_min_ord16_rk00013,560,253,45.17857142857143,33.23008738133011
AD->FTD,d1,o_min,m064516_o_min_ord20_rk00002,1140,551,48.333333333333336,33.23008738133011
AD->FTD,d1,o_min,m074521_o_min_ord30_rk00007,4060,1939,47.758620689655174,33.23008738133011
AD->FTD,d1,o_min,m073515_o_min_ord29_rk00001,3654,1770,48.44006568144499,33.23008738133011
AD->FTD,d1,o_min,m073521_o_min_ord29_rk00007,3654,1746,47.783251231527096,33.23008738133011
AD->FTD,d1,o_min,m052524_o_min_ord8_rk00010,56,28,50.0,33.23008738133011
AD->FTD,d1,o_min,m061534_o_min_ord17_rk00020,680,300,44.11764705882353,33.23008738133011
AD->FTD,d1,o_min,m059528_o_min_ord15_rk00014,455,204,44.83516483516483,33.23008738133011
AD->FTD,d2,o_max,m015019_o_max_ord18_rk00020,816,0,0.0,33.23008738133011
AD->FTD,d2,o_max,m007005_o_max_ord10_rk00006,120,0,0.0,33.23008738133011
AD->FTD,d2,o_max,m016008_o_max_ord19_rk00009,969,0,0.0,33.23008738133011
AD->FTD,d2,o_max,m009018_o_max_ord12_rk00019,220,0,0.0,33.23008738133011
AD->FTD,d2,o_max,m015017_o_max_ord18_rk00018,816,0,0.0,33.23008738133011
AD->FTD,d2,o_max,m008013_o_max_ord11_rk00014,165,0,0.0,33.23008738133011
AD->FTD,d2,o_max,m008019_o_max_ord11_rk00020,165,0,0.0,33.23008738133011
AD->FTD,d2,o_max,m019010_o_max_ord22_rk00011,1540,0,0.0,33.23008738133011
AD->FTD,d2,o_max,m012001_o_max_ord15_rk00002,455,0,0.0,33.23008738133011
AD->FTD,d2,o_max,m020000_o_max_ord23_rk00001,1771,275,15.527950310559007,33.23008738133011
AD->FTD,d2,o_max,m012002_o_max_ord15_rk00003,455,0,0.0,33.23008738133011
AD->FTD,d2,o_max,m001013_o_max_ord4_rk00014,4,0,0.0,33.23008738133011
AD->FTD,d2,o_max,m019018_o_max_ord22_rk00019,1540,0,0.0,33.23008738133011
AD->FTD,d2,o_max,m012016_o_max_ord15_rk00017,455,0,0.0,33.23008738133011
AD->FTD,d2,o_max,m010015_o_max_ord13_rk00016,286,0,0.0,33.23008738133011
AD->FTD,d2,o_max,m009010_o_max_ord12_rk00011,220,0,0.0,33.23008738133011
AD->FTD,d2,o_max,m017002_o_max_ord20_rk00003,1140,0,0.0,33.23008738133011
AD->FTD,d2,o_max,m019013_o_max_ord22_rk00014,1540,0,0.0,33.23008738133011
AD->FTD,d2,o_max,m004017_o_max_ord7_rk00018,35,0,0.0,33.23008738133011
AD->FTD,d2,o_max,m016005_o_max_ord19_rk00006,969,0,0.0,33.23008738133011
AD->FTD,d2,o_min,m062527_o_min_ord18_rk00013,816,376,46.07843137254902,33.23008738133011
AD->FTD,d2,o_min,m058521_o_min_ord14_rk00007,364,156,42.857142857142854,33.23008738133011
AD->FTD,d2,o_min,m050524_o_min_ord6_rk00010,20,12,60.0,33.23008738133011
AD->FTD,d2,o_min,m074531_o_min_ord30_rk00017,4060,1901,46.82266009852217,33.23008738133011
AD->FTD,d2,o_min,m053528_o_min_ord9_rk00014,84,34,40.476190476190474,33.23008738133011
AD->FTD,d2,o_min,m066530_o_min_ord22_rk00016,1540,756,49.09090909090909,33.23008738133011
AD->FTD,d2,o_min,m048533_o_min_ord4_rk00019,4,2,50.0,33.23008738133011
AD->FTD,d2,o_min,m053523_o_min_ord9_rk00009,84,39,46.42857142857143,33.23008738133011
AD->FTD,d2,o_min,m074524_o_min_ord30_rk00010,4060,1888,46.50246305418719,33.23008738133011
AD->FTD,d2,o_min,m062519_o_min_ord18_rk00005,816,358,43.872549019607845,33.23008738133011
AD->FTD,d2,o_min,m074522_o_min_ord30_rk00008,4060,1881,46.330049261083744,33.23008738133011
AD->FTD,d2,o_min,m059521_o_min_ord15_rk00007,455,181,39.78021978021978,33.23008738133011
AD->FTD,d2,o_min,m074532_o_min_ord30_rk00018,4060,1880,46.30541871921182,33.23008738133011
AD->FTD,d2,o_min,m061534_o_min_ord17_rk00020,680,300,44.11764705882353,33.23008738133011
AD->FTD,d2,o_min,m058526_o_min_ord14_rk00012,364,136,37.362637362637365,33.23008738133011
AD->FTD,d2,o_min,m058534_o_min_ord14_rk00020,364,153,42.032967032967036,33.23008738133011
AD->FTD,d2,o_min,m074527_o_min_ord30_rk00013,4060,1923,47.364532019704434,33.23008738133011
AD->FTD,d2,o_min,m059532_o_min_ord15_rk00018,455,203,44.61538461538461,33.23008738133011
AD->FTD,d2,o_min,m068524_o_min_ord24_rk00010,2024,1006,49.70355731225296,33.23008738133011
AD->FTD,d2,o_min,m055520_o_min_ord11_rk00006,165,61,36.96969696969697,33.23008738133011
AD->FTD,d3,o_max,m013011_o_max_ord16_rk00012,560,0,0.0,33.23008738133011
AD->FTD,d3,o_max,m008013_o_max_ord11_rk00014,165,0,0.0,33.23008738133011
AD->FTD,d3,o_max,m008004_o_max_ord11_rk00005,165,0,0.0,33.23008738133011
AD->FTD,d3,o_max,m012016_o_max_ord15_rk00017,455,0,0.0,33.23008738133011
AD->FTD,d3,o_max,m004017_o_max_ord7_rk00018,35,0,0.0,33.23008738133011
AD->FTD,d3,o_max,m000017_o_max_ord3_rk00018,1,0,0.0,33.23008738133011
AD->FTD,d3,o_max,m005012_o_max_ord8_rk00013,56,0,0.0,33.23008738133011
AD->FTD,d3,o_max,m008019_o_max_ord11_rk00020,165,0,0.0,33.23008738133011
AD->FTD,d3,o_max,m009011_o_max_ord12_rk00012,220,0,0.0,33.23008738133011
AD->FTD,d3,o_max,m006008_o_max_ord9_rk00009,84,0,0.0,33.23008738133011
AD->FTD,d3,o_max,m007018_o_max_ord10_rk00019,120,0,0.0,33.23008738133011
AD->FTD,d3,o_max,m026002_o_max_ord29_rk00003,3654,2,0.05473453749315818,33.23008738133011
AD->FTD,d3,o_max,m016009_o_max_ord19_rk00010,969,0,0.0,33.23008738133011
AD->FTD,d3,o_max,m002018_o_max_ord5_rk00019,10,0,0.0,33.23008738133011
AD->FTD,d3,o_max,m007005_o_max_ord10_rk00006,120,0,0.0,33.23008738133011
AD->FTD,d3,o_max,m016006_o_max_ord19_rk00007,969,0,0.0,33.23008738133011
AD->FTD,d3,o_max,m002004_o_max_ord5_rk00005,10,0,0.0,33.23008738133011
AD->FTD,d3,o_max,m011002_o_max_ord14_rk00003,364,0,0.0,33.23008738133011
AD->FTD,d3,o_max,m010016_o_max_ord13_rk00017,286,0,0.0,33.23008738133011
AD->FTD,d3,o_max,m016014_o_max_ord19_rk00015,969,0,0.0,33.23008738133011
AD->FTD,d3,o_min,m059522_o_min_ord15_rk00008,455,179,39.34065934065934,33.23008738133011
AD->FTD,d3,o_min,m053530_o_min_ord9_rk00016,84,45,53.57142857142857,33.23008738133011
AD->FTD,d3,o_min,m059532_o_min_ord15_rk00018,455,203,44.61538461538461,33.23008738133011
AD->FTD,d3,o_min,m055519_o_min_ord11_rk00005,165,63,38.18181818181818,33.23008738133011
AD->FTD,d3,o_min,m062527_o_min_ord18_rk00013,816,376,46.07843137254902,33.23008738133011
AD->FTD,d3,o_min,m059528_o_min_ord15_rk00014,455,204,44.83516483516483,33.23008738133011
AD->FTD,d3,o_min,m060524_o_min_ord16_rk00010,560,229,40.892857142857146,33.23008738133011
AD->FTD,d3,o_min,m060530_o_min_ord16_rk00016,560,251,44.82142857142857,33.23008738133011
AD->FTD,d3,o_min,m074531_o_min_ord30_rk00017,4060,1901,46.82266009852217,33.23008738133011
AD->FTD,d3,o_min,m062523_o_min_ord18_rk00009,816,382,46.81372549019608,33.23008738133011
AD->FTD,d3,o_min,m058521_o_min_ord14_rk00007,364,156,42.857142857142854,33.23008738133011
AD->FTD,d3,o_min,m058526_o_min_ord14_rk00012,364,136,37.362637362637365,33.23008738133011
AD->FTD,d3,o_min,m059521_o_min_ord15_rk00007,455,181,39.78021978021978,33.23008738133011
AD->FTD,d3,o_min,m062534_o_min_ord18_rk00020,816,371,45.46568627450981,33.23008738133011
AD->FTD,d3,o_min,m068519_o_min_ord24_rk00005,2024,1004,49.60474308300395,33.23008738133011
AD->FTD,d3,o_min,m068530_o_min_ord24_rk00016,2024,1010,49.901185770750985,33.23008738133011
AD->FTD,d3,o_min,m074530_o_min_ord30_rk00016,4060,1875,46.18226600985221,33.23008738133011
AD->FTD,d3,o_min,m063528_o_min_ord19_rk00014,969,480,49.53560371517028,33.23008738133011
AD->FTD,d3,o_min,m057531_o_min_ord13_rk00017,286,116,40.55944055944056,33.23008738133011
AD->FTD,d3,o_min,m069515_o_min_ord25_rk00001,2300,1135,49.34782608695652,33.23008738133011
FTD->FTD,OLS,o_max,m000017_o_max_ord3_rk00018,1,0,0.0,33.23008738133011
FTD->FTD,OLS,o_max,m000000_o_max_ord3_rk00001,1,0,0.0,33.23008738133011
FTD->FTD,OLS,o_max,m001004_o_max_ord4_rk00005,4,0,0.0,33.23008738133011
FTD->FTD,OLS,o_max,m001001_o_max_ord4_rk00002,4,0,0.0,33.23008738133011
FTD->FTD,OLS,o_max,m001002_o_max_ord4_rk00003,4,0,0.0,33.23008738133011
FTD->FTD,OLS,o_max,m001008_o_max_ord4_rk00009,4,0,0.0,33.23008738133011
FTD->FTD,OLS,o_max,m001011_o_max_ord4_rk00012,4,0,0.0,33.23008738133011
FTD->FTD,OLS,o_max,m001013_o_max_ord4_rk00014,4,0,0.0,33.23008738133011
FTD->FTD,OLS,o_max,m001015_o_max_ord4_rk00016,4,0,0.0,33.23008738133011
FTD->FTD,OLS,o_max,m002003_o_max_ord5_rk00004,10,0,0.0,33.23008738133011
FTD->FTD,OLS,o_max,m002002_o_max_ord5_rk00003,10,0,0.0,33.23008738133011
FTD->FTD,OLS,o_max,m002000_o_max_ord5_rk00001,10,0,0.0,33.23008738133011
FTD->FTD,OLS,o_max,m002017_o_max_ord5_rk00018,10,0,0.0,33.23008738133011
FTD->FTD,OLS,o_max,m003004_o_max_ord6_rk00005,20,0,0.0,33.23008738133011
FTD->FTD,OLS,o_max,m003011_o_max_ord6_rk00012,20,0,0.0,33.23008738133011
FTD->FTD,OLS,o_max,m001009_o_max_ord4_rk00010,4,0,0.0,33.23008738133011
FTD->FTD,OLS,o_max,m002010_o_max_ord5_rk00011,10,0,0.0,33.23008738133011
FTD->FTD,OLS,o_max,m003007_o_max_ord6_rk00008,20,0,0.0,33.23008738133011
FTD->FTD,OLS,o_max,m003002_o_max_ord6_rk00003,20,0,0.0,33.23008738133011
FTD->FTD,OLS,o_max,m003015_o_max_ord6_rk00016,20,0,0.0,33.23008738133011
FTD->FTD,OLS,o_min,m048530_o_min_ord4_rk00016,4,3,75.0,33.23008738133011
FTD->FTD,OLS,o_min,m047517_o_min_ord3_rk00003,1,1,100.0,33.23008738133011
FTD->FTD,OLS,o_min,m048519_o_min_ord4_rk00005,4,3,75.0,33.23008738133011
FTD->FTD,OLS,o_min,m049518_o_min_ord5_rk00004,10,7,70.0,33.23008738133011
FTD->FTD,OLS,o_min,m048529_o_min_ord4_rk00015,4,1,25.0,33.23008738133011
FTD->FTD,OLS,o_min,m050525_o_min_ord6_rk00011,20,16,80.0,33.23008738133011
FTD->FTD,OLS,o_min,m048532_o_min_ord4_rk00018,4,2,50.0,33.23008738133011
FTD->FTD,OLS,o_min,m050533_o_min_ord6_rk00019,20,10,50.0,33.23008738133011
FTD->FTD,OLS,o_min,m049516_o_min_ord5_rk00002,10,6,60.0,33.23008738133011
FTD->FTD,OLS,o_min,m050522_o_min_ord6_rk00008,20,13,65.0,33.23008738133011
FTD->FTD,OLS,o_min,m048521_o_min_ord4_rk00007,4,2,50.0,33.23008738133011
FTD->FTD,OLS,o_min,m050518_o_min_ord6_rk00004,20,11,55.0,33.23008738133011
FTD->FTD,OLS,o_min,m050516_o_min_ord6_rk00002,20,12,60.0,33.23008738133011
FTD->FTD,OLS,o_min,m049534_o_min_ord5_rk00020,10,7,70.0,33.23008738133011
FTD->FTD,OLS,o_min,m049533_o_min_ord5_rk00019,10,6,60.0,33.23008738133011
FTD->FTD,OLS,o_min,m047516_o_min_ord3_rk00002,1,1,100.0,33.23008738133011
FTD->FTD,OLS,o_min,m047518_o_min_ord3_rk00004,1,1,100.0,33.23008738133011
FTD->FTD,OLS,o_min,m047521_o_min_ord3_rk00007,1,1,100.0,33.23008738133011
FTD->FTD,OLS,o_min,m048516_o_min_ord4_rk00002,4,3,75.0,33.23008738133011
FTD->FTD,OLS,o_min,m047527_o_min_ord3_rk00013,1,1,100.0,33.23008738133011
FTD->FTD,d1,o_max,m014014_o_max_ord17_rk00015,680,0,0.0,33.23008738133011
FTD->FTD,d1,o_max,m011014_o_max_ord14_rk00015,364,0,0.0,33.23008738133011
FTD->FTD,d1,o_max,m015014_o_max_ord18_rk00015,816,0,0.0,33.23008738133011
FTD->FTD,d1,o_max,m006017_o_max_ord9_rk00018,84,0,0.0,33.23008738133011
FTD->FTD,d1,o_max,m014015_o_max_ord17_rk00016,680,0,0.0,33.23008738133011
FTD->FTD,d1,o_max,m003012_o_max_ord6_rk00013,20,0,0.0,33.23008738133011
FTD->FTD,d1,o_max,m006007_o_max_ord9_rk00008,84,0,0.0,33.23008738133011
FTD->FTD,d1,o_max,m014019_o_max_ord17_rk00020,680,0,0.0,33.23008738133011
FTD->FTD,d1,o_max,m014013_o_max_ord17_rk00014,680,1,0.14705882352941177,33.23008738133011
FTD->FTD,d1,o_max,m004010_o_max_ord7_rk00011,35,0,0.0,33.23008738133011
FTD->FTD,d1,o_max,m024009_o_max_ord27_rk00010,2925,7,0.23931623931623933,33.23008738133011
FTD->FTD,d1,o_max,m020008_o_max_ord23_rk00009,1771,363,20.496894409937887,33.23008738133011
FTD->FTD,d1,o_max,m006010_o_max_ord9_rk00011,84,0,0.0,33.23008738133011
FTD->FTD,d1,o_max,m008007_o_max_ord11_rk00008,165,0,0.0,33.23008738133011
FTD->FTD,d1,o_max,m014001_o_max_ord17_rk00002,680,0,0.0,33.23008738133011
FTD->FTD,d1,o_max,m027007_o_max_ord30_rk00008,4060,8,0.19704433497536947,33.23008738133011
FTD->FTD,d1,o_max,m014018_o_max_ord17_rk00019,680,0,0.0,33.23008738133011
FTD->FTD,d1,o_max,m002000_o_max_ord5_rk00001,10,0,0.0,33.23008738133011
FTD->FTD,d1,o_max,m015013_o_max_ord18_rk00014,816,0,0.0,33.23008738133011
FTD->FTD,d1,o_max,m010010_o_max_ord13_rk00011,286,0,0.0,33.23008738133011
FTD->FTD,d1,o_min,m069516_o_min_ord25_rk00002,2300,1134,49.30434782608695,33.23008738133011
FTD->FTD,d1,o_min,m069524_o_min_ord25_rk00010,2300,1131,49.17391304347826,33.23008738133011
FTD->FTD,d1,o_min,m067524_o_min_ord23_rk00010,1771,807,45.56747600225861,33.23008738133011
FTD->FTD,d1,o_min,m069527_o_min_ord25_rk00013,2300,1116,48.52173913043478,33.23008738133011
FTD->FTD,d1,o_min,m067519_o_min_ord23_rk00005,1771,877,49.520045172219085,33.23008738133011
FTD->FTD,d1,o_min,m067523_o_min_ord23_rk00009,1771,870,49.12478825522304,33.23008738133011
FTD->FTD,d1,o_min,m073527_o_min_ord29_rk00013,3654,1713,46.88013136288998,33.23008738133011
FTD->FTD,d1,o_min,m068526_o_min_ord24_rk00012,2024,994,49.11067193675889,33.23008738133011
FTD->FTD,d1,o_min,m069533_o_min_ord25_rk00019,2300,1132,49.21739130434783,33.23008738133011
FTD->FTD,d1,o_min,m068527_o_min_ord24_rk00013,2024,986,48.715415019762844,33.23008738133011
FTD->FTD,d1,o_min,m068529_o_min_ord24_rk00015,2024,986,48.715415019762844,33.23008738133011
FTD->FTD,d1,o_min,m064527_o_min_ord20_rk00013,1140,553,48.50877192982456,33.23008738133011
FTD->FTD,d1,o_min,m067525_o_min_ord23_rk00011,1771,872,49.23771880293619,33.23008738133011
FTD->FTD,d1,o_min,m069526_o_min_ord25_rk00012,2300,1121,48.73913043478261,33.23008738133011
FTD->FTD,d1,o_min,m064524_o_min_ord20_rk00010,1140,568,49.824561403508774,33.23008738133011
FTD->FTD,d1,o_min,m070529_o_min_ord26_rk00015,2600,1272,48.92307692307692,33.23008738133011
FTD->FTD,d1,o_min,m073534_o_min_ord29_rk00020,3654,1708,46.74329501915709,33.23008738133011
FTD->FTD,d1,o_min,m066530_o_min_ord22_rk00016,1540,756,49.09090909090909,33.23008738133011
FTD->FTD,d1,o_min,m072517_o_min_ord28_rk00003,3276,1556,47.4969474969475,33.23008738133011
FTD->FTD,d1,o_min,m068517_o_min_ord24_rk00003,2024,1004,49.60474308300395,33.23008738133011
FTD->FTD,d2,o_max,m003002_o_max_ord6_rk00003,20,0,0.0,33.23008738133011
FTD->FTD,d2,o_max,m003011_o_max_ord6_rk00012,20,0,0.0,33.23008738133011
FTD->FTD,d2,o_max,m002004_o_max_ord5_rk00005,10,0,0.0,33.23008738133011
FTD->FTD,d2,o_max,m002011_o_max_ord5_rk00012,10,0,0.0,33.23008738133011
FTD->FTD,d2,o_max,m004002_o_max_ord7_rk00003,35,0,0.0,33.23008738133011
FTD->FTD,d2,o_max,m001008_o_max_ord4_rk00009,4,0,0.0,33.23008738133011
FTD->FTD,d2,o_max,m006015_o_max_ord9_rk00016,84,0,0.0,33.23008738133011
FTD->FTD,d2,o_max,m004006_o_max_ord7_rk00007,35,0,0.0,33.23008738133011
FTD->FTD,d2,o_max,m004003_o_max_ord7_rk00004,35,0,0.0,33.23008738133011
FTD->FTD,d2,o_max,m004008_o_max_ord7_rk00009,35,0,0.0,33.23008738133011
FTD->FTD,d2,o_max,m000018_o_max_ord3_rk00019,1,0,0.0,33.23008738133011
FTD->FTD,d2,o_max,m001011_o_max_ord4_rk00012,4,0,0.0,33.23008738133011
FTD->FTD,d2,o_max,m004018_o_max_ord7_rk00019,35,0,0.0,33.23008738133011
FTD->FTD,d2,o_max,m005016_o_max_ord8_rk00017,56,0,0.0,33.23008738133011
FTD->FTD,d2,o_max,m004012_o_max_ord7_rk00013,35,0,0.0,33.23008738133011
FTD->FTD,d2,o_max,m003001_o_max_ord6_rk00002,20,0,0.0,33.23008738133011
FTD->FTD,d2,o_max,m000000_o_max_ord3_rk00001,1,0,0.0,33.23008738133011
FTD->FTD,d2,o_max,m005009_o_max_ord8_rk00010,56,0,0.0,33.23008738133011
FTD->FTD,d2,o_max,m006009_o_max_ord9_rk00010,84,0,0.0,33.23008738133011
FTD->FTD,d2,o_max,m002013_o_max_ord5_rk00014,10,0,0.0,33.23008738133011
FTD->FTD,d2,o_min,m071520_o_min_ord27_rk00006,2925,1422,48.61538461538461,33.23008738133011
FTD->FTD,d2,o_min,m066520_o_min_ord22_rk00006,1540,740,48.05194805194805,33.23008738133011
FTD->FTD,d2,o_min,m069520_o_min_ord25_rk00006,2300,1146,49.82608695652174,33.23008738133011
FTD->FTD,d2,o_min,m069532_o_min_ord25_rk00018,2300,1128,49.04347826086956,33.23008738133011
FTD->FTD,d2,o_min,m069521_o_min_ord25_rk00007,2300,1145,49.78260869565217,33.23008738133011
FTD->FTD,d2,o_min,m066516_o_min_ord22_rk00002,1540,750,48.701298701298704,33.23008738133011
FTD->FTD,d2,o_min,m066515_o_min_ord22_rk00001,1540,749,48.63636363636363,33.23008738133011
FTD->FTD,d2,o_min,m059529_o_min_ord15_rk00015,455,215,47.252747252747255,33.23008738133011
FTD->FTD,d2,o_min,m069529_o_min_ord25_rk00015,2300,1142,49.65217391304348,33.23008738133011
FTD->FTD,d2,o_min,m066529_o_min_ord22_rk00015,1540,765,49.675324675324674,33.23008738133011
FTD->FTD,d2,o_min,m069524_o_min_ord25_rk00010,2300,1131,49.17391304347826,33.23008738133011
FTD->FTD,d2,o_min,m071528_o_min_ord27_rk00014,2925,1395,47.69230769230769,33.23008738133011
FTD->FTD,d2,o_min,m072516_o_min_ord28_rk00002,3276,1612,49.20634920634921,33.23008738133011
FTD->FTD,d2,o_min,m066522_o_min_ord22_rk00008,1540,737,47.857142857142854,33.23008738133011
FTD->FTD,d2,o_min,m071534_o_min_ord27_rk00020,2925,1450,49.572649572649574,33.23008738133011
FTD->FTD,d2,o_min,m072534_o_min_ord28_rk00020,3276,1555,47.466422466422465,33.23008738133011
FTD->FTD,d2,o_min,m059516_o_min_ord15_rk00002,455,208,45.714285714285715,33.23008738133011
FTD->FTD,d2,o_min,m069523_o_min_ord25_rk00009,2300,1134,49.30434782608695,33.23008738133011
FTD->FTD,d2,o_min,m059526_o_min_ord15_rk00012,455,191,41.97802197802198,33.23008738133011
FTD->FTD,d2,o_min,m072520_o_min_ord28_rk00006,3276,1570,47.924297924297925,33.23008738133011
FTD->FTD,d3,o_max,m001008_o_max_ord4_rk00009,4,0,0.0,33.23008738133011
FTD->FTD,d3,o_max,m003002_o_max_ord6_rk00003,20,0,0.0,33.23008738133011
FTD->FTD,d3,o_max,m003005_o_max_ord6_rk00006,20,0,0.0,33.23008738133011
FTD->FTD,d3,o_max,m004006_o_max_ord7_rk00007,35,0,0.0,33.23008738133011
FTD->FTD,d3,o_max,m005010_o_max_ord8_rk00011,56,0,0.0,33.23008738133011
FTD->FTD,d3,o_max,m002004_o_max_ord5_rk00005,10,0,0.0,33.23008738133011
FTD->FTD,d3,o_max,m006012_o_max_ord9_rk00013,84,0,0.0,33.23008738133011
FTD->FTD,d3,o_max,m003004_o_max_ord6_rk00005,20,0,0.0,33.23008738133011
FTD->FTD,d3,o_max,m003011_o_max_ord6_rk00012,20,0,0.0,33.23008738133011
FTD->FTD,d3,o_max,m005016_o_max_ord8_rk00017,56,0,0.0,33.23008738133011
FTD->FTD,d3,o_max,m002006_o_max_ord5_rk00007,10,0,0.0,33.23008738133011
FTD->FTD,d3,o_max,m005015_o_max_ord8_rk00016,56,0,0.0,33.23008738133011
FTD->FTD,d3,o_max,m002015_o_max_ord5_rk00016,10,0,0.0,33.23008738133011
FTD->FTD,d3,o_max,m003001_o_max_ord6_rk00002,20,0,0.0,33.23008738133011
FTD->FTD,d3,o_max,m003006_o_max_ord6_rk00007,20,0,0.0,33.23008738133011
FTD->FTD,d3,o_max,m005012_o_max_ord8_rk00013,56,0,0.0,33.23008738133011
FTD->FTD,d3,o_max,m013014_o_max_ord16_rk00015,560,0,0.0,33.23008738133011
FTD->FTD,d3,o_max,m005001_o_max_ord8_rk00002,56,0,0.0,33.23008738133011
FTD->FTD,d3,o_max,m004012_o_max_ord7_rk00013,35,0,0.0,33.23008738133011
FTD->FTD,d3,o_max,m011000_o_max_ord14_rk00001,364,0,0.0,33.23008738133011
FTD->FTD,d3,o_min,m066520_o_min_ord22_rk00006,1540,740,48.05194805194805,33.23008738133011
FTD->FTD,d3,o_min,m072534_o_min_ord28_rk00020,3276,1555,47.466422466422465,33.23008738133011
FTD->FTD,d3,o_min,m066534_o_min_ord22_rk00020,1540,756,49.09090909090909,33.23008738133011
FTD->FTD,d3,o_min,m059529_o_min_ord15_rk00015,455,215,47.252747252747255,33.23008738133011
FTD->FTD,d3,o_min,m058524_o_min_ord14_rk00010,364,158,43.40659340659341,33.23008738133011
FTD->FTD,d3,o_min,m066527_o_min_ord22_rk00013,1540,748,48.57142857142857,33.23008738133011
FTD->FTD,d3,o_min,m052518_o_min_ord8_rk00004,56,20,35.714285714285715,33.23008738133011
FTD->FTD,d3,o_min,m072519_o_min_ord28_rk00005,3276,1572,47.985347985347985,33.23008738133011
FTD->FTD,d3,o_min,m073527_o_min_ord29_rk00013,3654,1713,46.88013136288998,33.23008738133011
FTD->FTD,d3,o_min,m066522_o_min_ord22_rk00008,1540,737,47.857142857142854,33.23008738133011
FTD->FTD,d3,o_min,m069524_o_min_ord25_rk00010,2300,1131,49.17391304347826,33.23008738133011
FTD->FTD,d3,o_min,m067529_o_min_ord23_rk00015,1771,872,49.23771880293619,33.23008738133011
FTD->FTD,d3,o_min,m066516_o_min_ord22_rk00002,1540,750,48.701298701298704,33.23008738133011
FTD->FTD,d3,o_min,m071528_o_min_ord27_rk00014,2925,1395,47.69230769230769,33.23008738133011
FTD->FTD,d3,o_min,m069516_o_min_ord25_rk00002,2300,1134,49.30434782608695,33.23008738133011
FTD->FTD,d3,o_min,m068529_o_min_ord24_rk00015,2024,986,48.715415019762844,33.23008738133011
FTD->FTD,d3,o_min,m071534_o_min_ord27_rk00020,2925,1450,49.572649572649574,33.23008738133011
FTD->FTD,d3,o_min,m069520_o_min_ord25_rk00006,2300,1146,49.82608695652174,33.23008738133011
FTD->FTD,d3,o_min,m072516_o_min_ord28_rk00002,3276,1612,49.20634920634921,33.23008738133011
FTD->FTD,d3,o_min,m061519_o_min_ord17_rk00005,680,299,43.970588235294116,33.23008738133011
FTD->AD,OLS,o_max,m003018_o_max_ord6_rk00019,20,0,0.0,33.23008738133011
FTD->AD,OLS,o_max,m003009_o_max_ord6_rk00010,20,0,0.0,33.23008738133011
FTD->AD,OLS,o_max,m004016_o_max_ord7_rk00017,35,0,0.0,33.23008738133011
FTD->AD,OLS,o_max,m003003_o_max_ord6_rk00004,20,0,0.0,33.23008738133011
FTD->AD,OLS,o_max,m002011_o_max_ord5_rk00012,10,0,0.0,33.23008738133011
FTD->AD,OLS,o_max,m004018_o_max_ord7_rk00019,35,0,0.0,33.23008738133011
FTD->AD,OLS,o_max,m004008_o_max_ord7_rk00009,35,0,0.0,33.23008738133011
FTD->AD,OLS,o_max,m002007_o_max_ord5_rk00008,10,0,0.0,33.23008738133011
FTD->AD,OLS,o_max,m005015_o_max_ord8_rk00016,56,0,0.0,33.23008738133011
FTD->AD,OLS,o_max,m001009_o_max_ord4_rk00010,4,0,0.0,33.23008738133011
FTD->AD,OLS,o_max,m003016_o_max_ord6_rk00017,20,0,0.0,33.23008738133011
FTD->AD,OLS,o_max,m004005_o_max_ord7_rk00006,35,0,0.0,33.23008738133011
FTD->AD,OLS,o_max,m002017_o_max_ord5_rk00018,10,0,0.0,33.23008738133011
FTD->AD,OLS,o_max,m003010_o_max_ord6_rk00011,20,0,0.0,33.23008738133011
FTD->AD,OLS,o_max,m000012_o_max_ord3_rk00013,1,0,0.0,33.23008738133011
FTD->AD,OLS,o_max,m003011_o_max_ord6_rk00012,20,0,0.0,33.23008738133011
FTD->AD,OLS,o_max,m002002_o_max_ord5_rk00003,10,0,0.0,33.23008738133011
FTD->AD,OLS,o_max,m000009_o_max_ord3_rk00010,1,0,0.0,33.23008738133011
FTD->AD,OLS,o_max,m003004_o_max_ord6_rk00005,20,0,0.0,33.23008738133011
FTD->AD,OLS,o_max,m004012_o_max_ord7_rk00013,35,0,0.0,33.23008738133011
FTD->AD,OLS,o_min,m047527_o_min_ord3_rk00013,1,1,100.0,33.23008738133011
FTD->AD,OLS,o_min,m047521_o_min_ord3_rk00007,1,1,100.0,33.23008738133011
FTD->AD,OLS,o_min,m047516_o_min_ord3_rk00002,1,1,100.0,33.23008738133011
FTD->AD,OLS,o_min,m047518_o_min_ord3_rk00004,1,1,100.0,33.23008738133011
FTD->AD,OLS,o_min,m048527_o_min_ord4_rk00013,4,3,75.0,33.23008738133011
FTD->AD,OLS,o_min,m048532_o_min_ord4_rk00018,4,2,50.0,33.23008738133011
FTD->AD,OLS,o_min,m048518_o_min_ord4_rk00004,4,4,100.0,33.23008738133011
FTD->AD,OLS,o_min,m051530_o_min_ord7_rk00016,35,19,54.285714285714285,33.23008738133011
FTD->AD,OLS,o_min,m050516_o_min_ord6_rk00002,20,12,60.0,33.23008738133011
FTD->AD,OLS,o_min,m048517_o_min_ord4_rk00003,4,3,75.0,33.23008738133011
FTD->AD,OLS,o_min,m048530_o_min_ord4_rk00016,4,3,75.0,33.23008738133011
FTD->AD,OLS,o_min,m051532_o_min_ord7_rk00018,35,20,57.142857142857146,33.23008738133011
FTD->AD,OLS,o_min,m050527_o_min_ord6_rk00013,20,13,65.0,33.23008738133011
FTD->AD,OLS,o_min,m047524_o_min_ord3_rk00010,1,1,100.0,33.23008738133011
FTD->AD,OLS,o_min,m047530_o_min_ord3_rk00016,1,1,100.0,33.23008738133011
FTD->AD,OLS,o_min,m047517_o_min_ord3_rk00003,1,1,100.0,33.23008738133011
FTD->AD,OLS,o_min,m048529_o_min_ord4_rk00015,4,1,25.0,33.23008738133011
FTD->AD,OLS,o_min,m048523_o_min_ord4_rk00009,4,3,75.0,33.23008738133011
FTD->AD,OLS,o_min,m048519_o_min_ord4_rk00005,4,3,75.0,33.23008738133011
FTD->AD,OLS,o_min,m049516_o_min_ord5_rk00002,10,6,60.0,33.23008738133011
FTD->AD,d1,o_max,m003012_o_max_ord6_rk00013,20,0,0.0,33.23008738133011
FTD->AD,d1,o_max,m006017_o_max_ord9_rk00018,84,0,0.0,33.23008738133011
FTD->AD,d1,o_max,m002013_o_max_ord5_rk00014,10,0,0.0,33.23008738133011
FTD->AD,d1,o_max,m014011_o_max_ord17_rk00012,680,0,0.0,33.23008738133011
FTD->AD,d1,o_max,m014019_o_max_ord17_rk00020,680,0,0.0,33.23008738133011
FTD->AD,d1,o_max,m014014_o_max_ord17_rk00015,680,0,0.0,33.23008738133011
FTD->AD,d1,o_max,m006007_o_max_ord9_rk00008,84,0,0.0,33.23008738133011
FTD->AD,d1,o_max,m011014_o_max_ord14_rk00015,364,0,0.0,33.23008738133011
FTD->AD,d1,o_max,m024009_o_max_ord27_rk00010,2925,7,0.23931623931623933,33.23008738133011
FTD->AD,d1,o_max,m014004_o_max_ord17_rk00005,680,0,0.0,33.23008738133011
FTD->AD,d1,o_max,m009011_o_max_ord12_rk00012,220,0,0.0,33.23008738133011
FTD->AD,d1,o_max,m008019_o_max_ord11_rk00020,165,0,0.0,33.23008738133011
FTD->AD,d1,o_max,m001019_o_max_ord4_rk00020,4,0,0.0,33.23008738133011
FTD->AD,d1,o_max,m006010_o_max_ord9_rk00011,84,0,0.0,33.23008738133011
FTD->AD,d1,o_max,m011004_o_max_ord14_rk00005,364,0,0.0,33.23008738133011
FTD->AD,d1,o_max,m015014_o_max_ord18_rk00015,816,0,0.0,33.23008738133011
FTD->AD,d1,o_max,m008009_o_max_ord11_rk00010,165,0,0.0,33.23008738133011
FTD->AD,d1,o_max,m001007_o_max_ord4_rk00008,4,0,0.0,33.23008738133011
FTD->AD,d1,o_max,m014010_o_max_ord17_rk00011,680,0,0.0,33.23008738133011
FTD->AD,d1,o_max,m002012_o_max_ord5_rk00013,10,0,0.0,33.23008738133011
FTD->AD,d1,o_min,m058520_o_min_ord14_rk00006,364,159,43.68131868131868,33.23008738133011
FTD->AD,d1,o_min,m061517_o_min_ord17_rk00003,680,303,44.55882352941177,33.23008738133011
FTD->AD,d1,o_min,m054532_o_min_ord10_rk00018,120,41,34.166666666666664,33.23008738133011
FTD->AD,d1,o_min,m061530_o_min_ord17_rk00016,680,296,43.529411764705884,33.23008738133011
FTD->AD,d1,o_min,m053522_o_min_ord9_rk00008,84,27,32.142857142857146,33.23008738133011
FTD->AD,d1,o_min,m061527_o_min_ord17_rk00013,680,301,44.26470588235294,33.23008738133011
FTD->AD,d1,o_min,m060516_o_min_ord16_rk00002,560,253,45.17857142857143,33.23008738133011
FTD->AD,d1,o_min,m057522_o_min_ord13_rk00008,286,123,43.00699300699301,33.23008738133011
FTD->AD,d1,o_min,m069527_o_min_ord25_rk00013,2300,1116,48.52173913043478,33.23008738133011
FTD->AD,d1,o_min,m069534_o_min_ord25_rk00020,2300,1110,48.26086956521739,33.23008738133011
FTD->AD,d1,o_min,m061531_o_min_ord17_rk00017,680,310,45.588235294117645,33.23008738133011
FTD->AD,d1,o_min,m054520_o_min_ord10_rk00006,120,45,37.5,33.23008738133011
FTD->AD,d1,o_min,m064530_o_min_ord20_rk00016,1140,562,49.29824561403509,33.23008738133011
FTD->AD,d1,o_min,m054518_o_min_ord10_rk00004,120,42,35.0,33.23008738133011
FTD->AD,d1,o_min,m055520_o_min_ord11_rk00006,165,61,36.96969696969697,33.23008738133011
FTD->AD,d1,o_min,m059527_o_min_ord15_rk00013,455,213,46.81318681318681,33.23008738133011
FTD->AD,d1,o_min,m057526_o_min_ord13_rk00012,286,129,45.10489510489511,33.23008738133011
FTD->AD,d1,o_min,m069533_o_min_ord25_rk00019,2300,1132,49.21739130434783,33.23008738133011
FTD->AD,d1,o_min,m057517_o_min_ord13_rk00003,286,121,42.30769230769231,33.23008738133011
FTD->AD,d1,o_min,m067533_o_min_ord23_rk00019,1771,839,47.374364765669114,33.23008738133011
FTD->AD,d2,o_max,m006017_o_max_ord9_rk00018,84,0,0.0,33.23008738133011
FTD->AD,d2,o_max,m002013_o_max_ord5_rk00014,10,0,0.0,33.23008738133011
FTD->AD,d2,o_max,m003012_o_max_ord6_rk00013,20,0,0.0,33.23008738133011
FTD->AD,d2,o_max,m006007_o_max_ord9_rk00008,84,0,0.0,33.23008738133011
FTD->AD,d2,o_max,m014019_o_max_ord17_rk00020,680,0,0.0,33.23008738133011
FTD->AD,d2,o_max,m023002_o_max_ord26_rk00003,2600,1,0.038461538461538464,33.23008738133011
FTD->AD,d2,o_max,m008019_o_max_ord11_rk00020,165,0,0.0,33.23008738133011
FTD->AD,d2,o_max,m014004_o_max_ord17_rk00005,680,0,0.0,33.23008738133011
FTD->AD,d2,o_max,m007016_o_max_ord10_rk00017,120,0,0.0,33.23008738133011
FTD->AD,d2,o_max,m014010_o_max_ord17_rk00011,680,0,0.0,33.23008738133011
FTD->AD,d2,o_max,m024010_o_max_ord27_rk00011,2925,1,0.03418803418803419,33.23008738133011
FTD->AD,d2,o_max,m008009_o_max_ord11_rk00010,165,0,0.0,33.23008738133011
FTD->AD,d2,o_max,m018000_o_max_ord21_rk00001,1330,174,13.082706766917294,33.23008738133011
FTD->AD,d2,o_max,m013009_o_max_ord16_rk00010,560,0,0.0,33.23008738133011
FTD->AD,d2,o_max,m023004_o_max_ord26_rk00005,2600,23,0.8846153846153846,33.23008738133011
FTD->AD,d2,o_max,m006010_o_max_ord9_rk00011,84,0,0.0,33.23008738133011
FTD->AD,d2,o_max,m014014_o_max_ord17_rk00015,680,0,0.0,33.23008738133011
FTD->AD,d2,o_max,m023003_o_max_ord26_rk00004,2600,1,0.038461538461538464,33.23008738133011
FTD->AD,d2,o_max,m004010_o_max_ord7_rk00011,35,0,0.0,33.23008738133011
FTD->AD,d2,o_max,m012012_o_max_ord15_rk00013,455,0,0.0,33.23008738133011
FTD->AD,d2,o_min,m054520_o_min_ord10_rk00006,120,45,37.5,33.23008738133011
FTD->AD,d2,o_min,m054518_o_min_ord10_rk00004,120,42,35.0,33.23008738133011
FTD->AD,d2,o_min,m057522_o_min_ord13_rk00008,286,123,43.00699300699301,33.23008738133011
FTD->AD,d2,o_min,m054532_o_min_ord10_rk00018,120,41,34.166666666666664,33.23008738133011
FTD->AD,d2,o_min,m061530_o_min_ord17_rk00016,680,296,43.529411764705884,33.23008738133011
FTD->AD,d2,o_min,m053518_o_min_ord9_rk00004,84,33,39.285714285714285,33.23008738133011
FTD->AD,d2,o_min,m057517_o_min_ord13_rk00003,286,121,42.30769230769231,33.23008738133011
FTD->AD,d2,o_min,m071520_o_min_ord27_rk00006,2925,1422,48.61538461538461,33.23008738133011
FTD->AD,d2,o_min,m055520_o_min_ord11_rk00006,165,61,36.96969696969697,33.23008738133011
FTD->AD,d2,o_min,m061531_o_min_ord17_rk00017,680,310,45.588235294117645,33.23008738133011
FTD->AD,d2,o_min,m058520_o_min_ord14_rk00006,364,159,43.68131868131868,33.23008738133011
FTD->AD,d2,o_min,m054519_o_min_ord10_rk00005,120,49,40.833333333333336,33.23008738133011
FTD->AD,d2,o_min,m058532_o_min_ord14_rk00018,364,155,42.582417582417584,33.23008738133011
FTD->AD,d2,o_min,m053522_o_min_ord9_rk00008,84,27,32.142857142857146,33.23008738133011
FTD->AD,d2,o_min,m059516_o_min_ord15_rk00002,455,208,45.714285714285715,33.23008738133011
FTD->AD,d2,o_min,m069534_o_min_ord25_rk00020,2300,1110,48.26086956521739,33.23008738133011
FTD->AD,d2,o_min,m069524_o_min_ord25_rk00010,2300,1131,49.17391304347826,33.23008738133011
FTD->AD,d2,o_min,m055529_o_min_ord11_rk00015,165,62,37.57575757575758,33.23008738133011
FTD->AD,d2,o_min,m061522_o_min_ord17_rk00008,680,319,46.911764705882355,33.23008738133011
FTD->AD,d2,o_min,m058521_o_min_ord14_rk00007,364,156,42.857142857142854,33.23008738133011
FTD->AD,d3,o_max,m006017_o_max_ord9_rk00018,84,0,0.0,33.23008738133011
FTD->AD,d3,o_max,m002013_o_max_ord5_rk00014,10,0,0.0,33.23008738133011
FTD->AD,d3,o_max,m006007_o_max_ord9_rk00008,84,0,0.0,33.23008738133011
FTD->AD,d3,o_max,m009015_o_max_ord12_rk00016,220,0,0.0,33.23008738133011
FTD->AD,d3,o_max,m007016_o_max_ord10_rk00017,120,0,0.0,33.23008738133011
FTD->AD,d3,o_max,m009009_o_max_ord12_rk00010,220,0,0.0,33.23008738133011
FTD->AD,d3,o_max,m007003_o_max_ord10_rk00004,120,0,0.0,33.23008738133011
FTD->AD,d3,o_max,m014019_o_max_ord17_rk00020,680,0,0.0,33.23008738133011
FTD->AD,d3,o_max,m009011_o_max_ord12_rk00012,220,0,0.0,33.23008738133011
FTD->AD,d3,o_max,m003012_o_max_ord6_rk00013,20,0,0.0,33.23008738133011
FTD->AD,d3,o_max,m009003_o_max_ord12_rk00004,220,0,0.0,33.23008738133011
FTD->AD,d3,o_max,m023002_o_max_ord26_rk00003,2600,1,0.038461538461538464,33.23008738133011
FTD->AD,d3,o_max,m005011_o_max_ord8_rk00012,56,0,0.0,33.23008738133011
FTD->AD,d3,o_max,m023004_o_max_ord26_rk00005,2600,23,0.8846153846153846,33.23008738133011
FTD->AD,d3,o_max,m009002_o_max_ord12_rk00003,220,0,0.0,33.23008738133011
FTD->AD,d3,o_max,m008003_o_max_ord11_rk00004,165,0,0.0,33.23008738133011
FTD->AD,d3,o_max,m014010_o_max_ord17_rk00011,680,0,0.0,33.23008738133011
FTD->AD,d3,o_max,m013007_o_max_ord16_rk00008,560,0,0.0,33.23008738133011
FTD->AD,d3,o_max,m004010_o_max_ord7_rk00011,35,0,0.0,33.23008738133011
FTD->AD,d3,o_max,m023017_o_max_ord26_rk00018,2600,1,0.038461538461538464,33.23008738133011
FTD->AD,d3,o_min,m055529_o_min_ord11_rk00015,165,62,37.57575757575758,33.23008738133011
FTD->AD,d3,o_min,m054518_o_min_ord10_rk00004,120,42,35.0,33.23008738133011
FTD->AD,d3,o_min,m056525_o_min_ord12_rk00011,220,87,39.54545454545455,33.23008738133011
FTD->AD,d3,o_min,m061530_o_min_ord17_rk00016,680,296,43.529411764705884,33.23008738133011
FTD->AD,d3,o_min,m052518_o_min_ord8_rk00004,56,20,35.714285714285715,33.23008738133011
FTD->AD,d3,o_min,m055532_o_min_ord11_rk00018,165,65,39.39393939393939,33.23008738133011
FTD->AD,d3,o_min,m054520_o_min_ord10_rk00006,120,45,37.5,33.23008738133011
FTD->AD,d3,o_min,m061517_o_min_ord17_rk00003,680,303,44.55882352941177,33.23008738133011
FTD->AD,d3,o_min,m056530_o_min_ord12_rk00016,220,90,40.90909090909091,33.23008738133011
FTD->AD,d3,o_min,m055520_o_min_ord11_rk00006,165,61,36.96969696969697,33.23008738133011
FTD->AD,d3,o_min,m053518_o_min_ord9_rk00004,84,33,39.285714285714285,33.23008738133011
FTD->AD,d3,o_min,m059516_o_min_ord15_rk00002,455,208,45.714285714285715,33.23008738133011
FTD->AD,d3,o_min,m054519_o_min_ord10_rk00005,120,49,40.833333333333336,33.23008738133011
FTD->AD,d3,o_min,m074523_o_min_ord30_rk00009,4060,1935,47.66009852216749,33.23008738133011
FTD->AD,d3,o_min,m061527_o_min_ord17_rk00013,680,301,44.26470588235294,33.23008738133011
FTD->AD,d3,o_min,m058521_o_min_ord14_rk00007,364,156,42.857142857142854,33.23008738133011
FTD->AD,d3,o_min,m054532_o_min_ord10_rk00018,120,41,34.166666666666664,33.23008738133011
FTD->AD,d3,o_min,m061532_o_min_ord17_rk00018,680,311,45.73529411764706,33.23008738133011
FTD->AD,d3,o_min,m053522_o_min_ord9_rk00008,84,27,32.142857142857146,33.23008738133011
FTD->AD,d3,o_min,m061531_o_min_ord17_rk00017,680,310,45.588235294117645,33.23008738133011
AD+FTD->AD,OLS,o_max,m000013_o_max_ord3_rk00014,1,0,0.0,33.23008738133011
AD+FTD->AD,OLS,o_max,m000016_o_max_ord3_rk00017,1,0,0.0,33.23008738133011
AD+FTD->AD,OLS,o_max,m000019_o_max_ord3_rk00020,1,0,0.0,33.23008738133011
AD+FTD->AD,OLS,o_max,m000001_o_max_ord3_rk00002,1,0,0.0,33.23008738133011
AD+FTD->AD,OLS,o_max,m000011_o_max_ord3_rk00012,1,0,0.0,33.23008738133011
AD+FTD->AD,OLS,o_max,m000018_o_max_ord3_rk00019,1,0,0.0,33.23008738133011
AD+FTD->AD,OLS,o_max,m000009_o_max_ord3_rk00010,1,0,0.0,33.23008738133011
AD+FTD->AD,OLS,o_max,m000010_o_max_ord3_rk00011,1,0,0.0,33.23008738133011
AD+FTD->AD,OLS,o_max,m000007_o_max_ord3_rk00008,1,0,0.0,33.23008738133011
AD+FTD->AD,OLS,o_max,m000002_o_max_ord3_rk00003,1,0,0.0,33.23008738133011
AD+FTD->AD,OLS,o_max,m000006_o_max_ord3_rk00007,1,0,0.0,33.23008738133011
AD+FTD->AD,OLS,o_max,m000000_o_max_ord3_rk00001,1,0,0.0,33.23008738133011
AD+FTD->AD,OLS,o_max,m000012_o_max_ord3_rk00013,1,0,0.0,33.23008738133011
AD+FTD->AD,OLS,o_max,m000017_o_max_ord3_rk00018,1,0,0.0,33.23008738133011
AD+FTD->AD,OLS,o_max,m000008_o_max_ord3_rk00009,1,0,0.0,33.23008738133011
AD+FTD->AD,OLS,o_max,m000014_o_max_ord3_rk00015,1,0,0.0,33.23008738133011
AD+FTD->AD,OLS,o_max,m002010_o_max_ord5_rk00011,10,0,0.0,33.23008738133011
AD+FTD->AD,OLS,o_max,m000004_o_max_ord3_rk00005,1,0,0.0,33.23008738133011
AD+FTD->AD,OLS,o_max,m001006_o_max_ord4_rk00007,4,0,0.0,33.23008738133011
AD+FTD->AD,OLS,o_max,m000003_o_max_ord3_rk00004,1,0,0.0,33.23008738133011
AD+FTD->AD,OLS,o_min,m048528_o_min_ord4_rk00014,4,4,100.0,33.23008738133011
AD+FTD->AD,OLS,o_min,m058515_o_min_ord14_rk00001,364,167,45.879120879120876,33.23008738133011
AD+FTD->AD,OLS,o_min,m059533_o_min_ord15_rk00019,455,233,51.20879120879121,33.23008738133011
AD+FTD->AD,OLS,o_min,m058522_o_min_ord14_rk00008,364,184,50.54945054945055,33.23008738133011
AD+FTD->AD,OLS,o_min,m049527_o_min_ord5_rk00013,10,5,50.0,33.23008738133011
AD+FTD->AD,OLS,o_min,m057515_o_min_ord13_rk00001,286,142,49.65034965034965,33.23008738133011
AD+FTD->AD,OLS,o_min,m057518_o_min_ord13_rk00004,286,117,40.90909090909091,33.23008738133011
AD+FTD->AD,OLS,o_min,m058529_o_min_ord14_rk00015,364,176,48.35164835164835,33.23008738133011
AD+FTD->AD,OLS,o_min,m056515_o_min_ord12_rk00001,220,103,46.81818181818182,33.23008738133011
AD+FTD->AD,OLS,o_min,m059515_o_min_ord15_rk00001,455,219,48.13186813186813,33.23008738133011
AD+FTD->AD,OLS,o_min,m060528_o_min_ord16_rk00014,560,263,46.964285714285715,33.23008738133011
AD+FTD->AD,OLS,o_min,m056530_o_min_ord12_rk00016,220,90,40.90909090909091,33.23008738133011
AD+FTD->AD,OLS,o_min,m056522_o_min_ord12_rk00008,220,94,42.72727272727273,33.23008738133011
AD+FTD->AD,OLS,o_min,m058531_o_min_ord14_rk00017,364,189,51.92307692307692,33.23008738133011
AD+FTD->AD,OLS,o_min,m057516_o_min_ord13_rk00002,286,132,46.15384615384615,33.23008738133011
AD+FTD->AD,OLS,o_min,m060532_o_min_ord16_rk00018,560,299,53.392857142857146,33.23008738133011
AD+FTD->AD,OLS,o_min,m055532_o_min_ord11_rk00018,165,65,39.39393939393939,33.23008738133011
AD+FTD->AD,OLS,o_min,m056526_o_min_ord12_rk00012,220,107,48.63636363636363,33.23008738133011
AD+FTD->AD,OLS,o_min,m048523_o_min_ord4_rk00009,4,3,75.0,33.23008738133011
AD+FTD->AD,OLS,o_min,m056521_o_min_ord12_rk00007,220,111,50.45454545454545,33.23008738133011
AD+FTD->AD,d1,o_max,m011002_o_max_ord14_rk00003,364,0,0.0,33.23008738133011
AD+FTD->AD,d1,o_max,m006014_o_max_ord9_rk00015,84,0,0.0,33.23008738133011
AD+FTD->AD,d1,o_max,m011009_o_max_ord14_rk00010,364,0,0.0,33.23008738133011
AD+FTD->AD,d1,o_max,m008005_o_max_ord11_rk00006,165,0,0.0,33.23008738133011
AD+FTD->AD,d1,o_max,m005014_o_max_ord8_rk00015,56,0,0.0,33.23008738133011
AD+FTD->AD,d1,o_max,m011012_o_max_ord14_rk00013,364,1,0.27472527472527475,33.23008738133011
AD+FTD->AD,d1,o_max,m001013_o_max_ord4_rk00014,4,0,0.0,33.23008738133011
AD+FTD->AD,d1,o_max,m005019_o_max_ord8_rk00020,56,0,0.0,33.23008738133011
AD+FTD->AD,d1,o_max,m009008_o_max_ord12_rk00009,220,0,0.0,33.23008738133011
AD+FTD->AD,d1,o_max,m002010_o_max_ord5_rk00011,10,0,0.0,33.23008738133011
AD+FTD->AD,d1,o_max,m008013_o_max_ord11_rk00014,165,0,0.0,33.23008738133011
AD+FTD->AD,d1,o_max,m002011_o_max_ord5_rk00012,10,0,0.0,33.23008738133011
AD+FTD->AD,d1,o_max,m011011_o_max_ord14_rk00012,364,0,0.0,33.23008738133011
AD+FTD->AD,d1,o_max,m008001_o_max_ord11_rk00002,165,0,0.0,33.23008738133011
AD+FTD->AD,d1,o_max,m027012_o_max_ord30_rk00013,4060,63,1.5517241379310345,33.23008738133011
AD+FTD->AD,d1,o_max,m011003_o_max_ord14_rk00004,364,0,0.0,33.23008738133011
AD+FTD->AD,d1,o_max,m011000_o_max_ord14_rk00001,364,0,0.0,33.23008738133011
AD+FTD->AD,d1,o_max,m011001_o_max_ord14_rk00002,364,0,0.0,33.23008738133011
AD+FTD->AD,d1,o_max,m009000_o_max_ord12_rk00001,220,0,0.0,33.23008738133011
AD+FTD->AD,d1,o_max,m008014_o_max_ord11_rk00015,165,0,0.0,33.23008738133011
AD+FTD->AD,d1,o_min,m050517_o_min_ord6_rk00003,20,10,50.0,33.23008738133011
AD+FTD->AD,d1,o_min,m051527_o_min_ord7_rk00013,35,18,51.42857142857143,33.23008738133011
AD+FTD->AD,d1,o_min,m051524_o_min_ord7_rk00010,35,19,54.285714285714285,33.23008738133011
AD+FTD->AD,d1,o_min,m051528_o_min_ord7_rk00014,35,17,48.57142857142857,33.23008738133011
AD+FTD->AD,d1,o_min,m049517_o_min_ord5_rk00003,10,5,50.0,33.23008738133011
AD+FTD->AD,d1,o_min,m049521_o_min_ord5_rk00007,10,6,60.0,33.23008738133011
AD+FTD->AD,d1,o_min,m048521_o_min_ord4_rk00007,4,2,50.0,33.23008738133011
AD+FTD->AD,d1,o_min,m049527_o_min_ord5_rk00013,10,5,50.0,33.23008738133011
AD+FTD->AD,d1,o_min,m048518_o_min_ord4_rk00004,4,4,100.0,33.23008738133011
AD+FTD->AD,d1,o_min,m048516_o_min_ord4_rk00002,4,3,75.0,33.23008738133011
AD+FTD->AD,d1,o_min,m047517_o_min_ord3_rk00003,1,1,100.0,33.23008738133011
AD+FTD->AD,d1,o_min,m048523_o_min_ord4_rk00009,4,3,75.0,33.23008738133011
AD+FTD->AD,d1,o_min,m048527_o_min_ord4_rk00013,4,3,75.0,33.23008738133011
AD+FTD->AD,d1,o_min,m048517_o_min_ord4_rk00003,4,3,75.0,33.23008738133011
AD+FTD->AD,d1,o_min,m048520_o_min_ord4_rk00006,4,4,100.0,33.23008738133011
AD+FTD->AD,d1,o_min,m055528_o_min_ord11_rk00014,165,80,48.484848484848484,33.23008738133011
AD+FTD->AD,d1,o_min,m049529_o_min_ord5_rk00015,10,6,60.0,33.23008738133011
AD+FTD->AD,d1,o_min,m048525_o_min_ord4_rk00011,4,4,100.0,33.23008738133011
AD+FTD->AD,d1,o_min,m050532_o_min_ord6_rk00018,20,9,45.0,33.23008738133011
AD+FTD->AD,d1,o_min,m048528_o_min_ord4_rk00014,4,4,100.0,33.23008738133011
AD+FTD->AD,d2,o_max,m011019_o_max_ord14_rk00020,364,1,0.27472527472527475,33.23008738133011
AD+FTD->AD,d2,o_max,m011009_o_max_ord14_rk00010,364,0,0.0,33.23008738133011
AD+FTD->AD,d2,o_max,m002011_o_max_ord5_rk00012,10,0,0.0,33.23008738133011
AD+FTD->AD,d2,o_max,m011001_o_max_ord14_rk00002,364,0,0.0,33.23008738133011
AD+FTD->AD,d2,o_max,m011000_o_max_ord14_rk00001,364,0,0.0,33.23008738133011
AD+FTD->AD,d2,o_max,m013002_o_max_ord16_rk00003,560,1,0.17857142857142858,33.23008738133011
AD+FTD->AD,d2,o_max,m027012_o_max_ord30_rk00013,4060,63,1.5517241379310345,33.23008738133011
AD+FTD->AD,d2,o_max,m011008_o_max_ord14_rk00009,364,0,0.0,33.23008738133011
AD+FTD->AD,d2,o_max,m011012_o_max_ord14_rk00013,364,1,0.27472527472527475,33.23008738133011
AD+FTD->AD,d2,o_max,m016016_o_max_ord19_rk00017,969,1,0.10319917440660474,33.23008738133011
AD+FTD->AD,d2,o_max,m008005_o_max_ord11_rk00006,165,0,0.0,33.23008738133011
AD+FTD->AD,d2,o_max,m011003_o_max_ord14_rk00004,364,0,0.0,33.23008738133011
AD+FTD->AD,d2,o_max,m011016_o_max_ord14_rk00017,364,0,0.0,33.23008738133011
AD+FTD->AD,d2,o_max,m012003_o_max_ord15_rk00004,455,0,0.0,33.23008738133011
AD+FTD->AD,d2,o_max,m003009_o_max_ord6_rk00010,20,0,0.0,33.23008738133011
AD+FTD->AD,d2,o_max,m012007_o_max_ord15_rk00008,455,1,0.21978021978021978,33.23008738133011
AD+FTD->AD,d2,o_max,m012017_o_max_ord15_rk00018,455,1,0.21978021978021978,33.23008738133011
AD+FTD->AD,d2,o_max,m017009_o_max_ord20_rk00010,1140,0,0.0,33.23008738133011
AD+FTD->AD,d2,o_max,m011013_o_max_ord14_rk00014,364,0,0.0,33.23008738133011
AD+FTD->AD,d2,o_max,m011010_o_max_ord14_rk00011,364,0,0.0,33.23008738133011
AD+FTD->AD,d2,o_min,m055523_o_min_ord11_rk00009,165,88,53.333333333333336,33.23008738133011
AD+FTD->AD,d2,o_min,m058523_o_min_ord14_rk00009,364,184,50.54945054945055,33.23008738133011
AD+FTD->AD,d2,o_min,m055521_o_min_ord11_rk00007,165,87,52.72727272727273,33.23008738133011
AD+FTD->AD,d2,o_min,m057524_o_min_ord13_rk00010,286,144,50.34965034965035,33.23008738133011
AD+FTD->AD,d2,o_min,m049521_o_min_ord5_rk00007,10,6,60.0,33.23008738133011
AD+FTD->AD,d2,o_min,m049527_o_min_ord5_rk00013,10,5,50.0,33.23008738133011
AD+FTD->AD,d2,o_min,m065520_o_min_ord21_rk00006,1330,612,46.015037593984964,33.23008738133011
AD+FTD->AD,d2,o_min,m052530_o_min_ord8_rk00016,56,27,48.214285714285715,33.23008738133011
AD+FTD->AD,d2,o_min,m051527_o_min_ord7_rk00013,35,18,51.42857142857143,33.23008738133011
AD+FTD->AD,d2,o_min,m052531_o_min_ord8_rk00017,56,31,55.357142857142854,33.23008738133011
AD+FTD->AD,d2,o_min,m051528_o_min_ord7_rk00014,35,17,48.57142857142857,33.23008738133011
AD+FTD->AD,d2,o_min,m049517_o_min_ord5_rk00003,10,5,50.0,33.23008738133011
AD+FTD->AD,d2,o_min,m055533_o_min_ord11_rk00019,165,91,55.15151515151515,33.23008738133011
AD+FTD->AD,d2,o_min,m065515_o_min_ord21_rk00001,1330,630,47.36842105263158,33.23008738133011
AD+FTD->AD,d2,o_min,m059527_o_min_ord15_rk00013,455,213,46.81318681318681,33.23008738133011
AD+FTD->AD,d2,o_min,m055522_o_min_ord11_rk00008,165,70,42.42424242424242,33.23008738133011
AD+FTD->AD,d2,o_min,m065516_o_min_ord21_rk00002,1330,659,49.54887218045113,33.23008738133011
AD+FTD->AD,d2,o_min,m051524_o_min_ord7_rk00010,35,19,54.285714285714285,33.23008738133011
AD+FTD->AD,d2,o_min,m055531_o_min_ord11_rk00017,165,84,50.90909090909091,33.23008738133011
AD+FTD->AD,d2,o_min,m050532_o_min_ord6_rk00018,20,9,45.0,33.23008738133011
AD+FTD->AD,d3,o_max,m013015_o_max_ord16_rk00016,560,1,0.17857142857142858,33.23008738133011
AD+FTD->AD,d3,o_max,m027012_o_max_ord30_rk00013,4060,63,1.5517241379310345,33.23008738133011
AD+FTD->AD,d3,o_max,m012007_o_max_ord15_rk00008,455,1,0.21978021978021978,33.23008738133011
AD+FTD->AD,d3,o_max,m012008_o_max_ord15_rk00009,455,1,0.21978021978021978,33.23008738133011
AD+FTD->AD,d3,o_max,m011012_o_max_ord14_rk00013,364,1,0.27472527472527475,33.23008738133011
AD+FTD->AD,d3,o_max,m003007_o_max_ord6_rk00008,20,0,0.0,33.23008738133011
AD+FTD->AD,d3,o_max,m013018_o_max_ord16_rk00019,560,1,0.17857142857142858,33.23008738133011
AD+FTD->AD,d3,o_max,m013012_o_max_ord16_rk00013,560,0,0.0,33.23008738133011
AD+FTD->AD,d3,o_max,m012017_o_max_ord15_rk00018,455,1,0.21978021978021978,33.23008738133011
AD+FTD->AD,d3,o_max,m013002_o_max_ord16_rk00003,560,1,0.17857142857142858,33.23008738133011
AD+FTD->AD,d3,o_max,m012019_o_max_ord15_rk00020,455,0,0.0,33.23008738133011
AD+FTD->AD,d3,o_max,m013004_o_max_ord16_rk00005,560,0,0.0,33.23008738133011
AD+FTD->AD,d3,o_max,m013009_o_max_ord16_rk00010,560,0,0.0,33.23008738133011
AD+FTD->AD,d3,o_max,m013014_o_max_ord16_rk00015,560,0,0.0,33.23008738133011
AD+FTD->AD,d3,o_max,m011017_o_max_ord14_rk00018,364,0,0.0,33.23008738133011
AD+FTD->AD,d3,o_max,m003009_o_max_ord6_rk00010,20,0,0.0,33.23008738133011
AD+FTD->AD,d3,o_max,m012003_o_max_ord15_rk00004,455,0,0.0,33.23008738133011
AD+FTD->AD,d3,o_max,m012010_o_max_ord15_rk00011,455,0,0.0,33.23008738133011
AD+FTD->AD,d3,o_max,m013011_o_max_ord16_rk00012,560,0,0.0,33.23008738133011
AD+FTD->AD,d3,o_max,m012005_o_max_ord15_rk00006,455,0,0.0,33.23008738133011
AD+FTD->AD,d3,o_min,m049529_o_min_ord5_rk00015,10,6,60.0,33.23008738133011
AD+FTD->AD,d3,o_min,m058523_o_min_ord14_rk00009,364,184,50.54945054945055,33.23008738133011
AD+FTD->AD,d3,o_min,m057526_o_min_ord13_rk00012,286,129,45.10489510489511,33.23008738133011
AD+FTD->AD,d3,o_min,m048532_o_min_ord4_rk00018,4,2,50.0,33.23008738133011
AD+FTD->AD,d3,o_min,m047517_o_min_ord3_rk00003,1,1,100.0,33.23008738133011
AD+FTD->AD,d3,o_min,m055527_o_min_ord11_rk00013,165,77,46.666666666666664,33.23008738133011
AD+FTD->AD,d3,o_min,m055520_o_min_ord11_rk00006,165,61,36.96969696969697,33.23008738133011
AD+FTD->AD,d3,o_min,m049521_o_min_ord5_rk00007,10,6,60.0,33.23008738133011
AD+FTD->AD,d3,o_min,m055523_o_min_ord11_rk00009,165,88,53.333333333333336,33.23008738133011
AD+FTD->AD,d3,o_min,m056516_o_min_ord12_rk00002,220,90,40.90909090909091,33.23008738133011
AD+FTD->AD,d3,o_min,m051528_o_min_ord7_rk00014,35,17,48.57142857142857,33.23008738133011
AD+FTD->AD,d3,o_min,m052518_o_min_ord8_rk00004,56,20,35.714285714285715,33.23008738133011
AD+FTD->AD,d3,o_min,m051527_o_min_ord7_rk00013,35,18,51.42857142857143,33.23008738133011
AD+FTD->AD,d3,o_min,m048521_o_min_ord4_rk00007,4,2,50.0,33.23008738133011
AD+FTD->AD,d3,o_min,m055530_o_min_ord11_rk00016,165,91,55.15151515151515,33.23008738133011
AD+FTD->AD,d3,o_min,m055524_o_min_ord11_rk00010,165,76,46.06060606060606,33.23008738133011
AD+FTD->AD,d3,o_min,m057517_o_min_ord13_rk00003,286,121,42.30769230769231,33.23008738133011
AD+FTD->AD,d3,o_min,m051520_o_min_ord7_rk00006,35,18,51.42857142857143,33.23008738133011
AD+FTD->AD,d3,o_min,m048525_o_min_ord4_rk00011,4,4,100.0,33.23008738133011
AD+FTD->AD,d3,o_min,m059529_o_min_ord15_rk00015,455,215,47.252747252747255,33.23008738133011
AD+FTD->FTD,OLS,o_max,m010002_o_max_ord13_rk00003,286,0,0.0,33.23008738133011
AD+FTD->FTD,OLS,o_max,m011000_o_max_ord14_rk00001,364,0,0.0,33.23008738133011
AD+FTD->FTD,OLS,o_max,m007003_o_max_ord10_rk00004,120,0,0.0,33.23008738133011
AD+FTD->FTD,OLS,o_max,m010001_o_max_ord13_rk00002,286,0,0.0,33.23008738133011
AD+FTD->FTD,OLS,o_max,m010006_o_max_ord13_rk00007,286,0,0.0,33.23008738133011
AD+FTD->FTD,OLS,o_max,m009002_o_max_ord12_rk00003,220,0,0.0,33.23008738133011
AD+FTD->FTD,OLS,o_max,m011017_o_max_ord14_rk00018,364,0,0.0,33.23008738133011
AD+FTD->FTD,OLS,o_max,m011001_o_max_ord14_rk00002,364,0,0.0,33.23008738133011
AD+FTD->FTD,OLS,o_max,m011007_o_max_ord14_rk00008,364,0,0.0,33.23008738133011
AD+FTD->FTD,OLS,o_max,m009004_o_max_ord12_rk00005,220,0,0.0,33.23008738133011
AD+FTD->FTD,OLS,o_max,m010019_o_max_ord13_rk00020,286,0,0.0,33.23008738133011
AD+FTD->FTD,OLS,o_max,m011004_o_max_ord14_rk00005,364,0,0.0,33.23008738133011
AD+FTD->FTD,OLS,o_max,m008007_o_max_ord11_rk00008,165,0,0.0,33.23008738133011
AD+FTD->FTD,OLS,o_max,m005008_o_max_ord8_rk00009,56,0,0.0,33.23008738133011
AD+FTD->FTD,OLS,o_max,m009016_o_max_ord12_rk00017,220,0,0.0,33.23008738133011
AD+FTD->FTD,OLS,o_max,m006000_o_max_ord9_rk00001,84,0,0.0,33.23008738133011
AD+FTD->FTD,OLS,o_max,m010008_o_max_ord13_rk00009,286,0,0.0,33.23008738133011
AD+FTD->FTD,OLS,o_max,m008008_o_max_ord11_rk00009,165,0,0.0,33.23008738133011
AD+FTD->FTD,OLS,o_max,m010003_o_max_ord13_rk00004,286,0,0.0,33.23008738133011
AD+FTD->FTD,OLS,o_max,m011006_o_max_ord14_rk00007,364,0,0.0,33.23008738133011
AD+FTD->FTD,OLS,o_min,m048518_o_min_ord4_rk00004,4,4,100.0,33.23008738133011
AD+FTD->FTD,OLS,o_min,m048523_o_min_ord4_rk00009,4,3,75.0,33.23008738133011
AD+FTD->FTD,OLS,o_min,m052532_o_min_ord8_rk00018,56,33,58.92857142857143,33.23008738133011
AD+FTD->FTD,OLS,o_min,m048521_o_min_ord4_rk00007,4,2,50.0,33.23008738133011
AD+FTD->FTD,OLS,o_min,m049530_o_min_ord5_rk00016,10,7,70.0,33.23008738133011
AD+FTD->FTD,OLS,o_min,m048529_o_min_ord4_rk00015,4,1,25.0,33.23008738133011
AD+FTD->FTD,OLS,o_min,m047517_o_min_ord3_rk00003,1,1,100.0,33.23008738133011
AD+FTD->FTD,OLS,o_min,m048517_o_min_ord4_rk00003,4,3,75.0,33.23008738133011
AD+FTD->FTD,OLS,o_min,m048525_o_min_ord4_rk00011,4,4,100.0,33.23008738133011
AD+FTD->FTD,OLS,o_min,m048520_o_min_ord4_rk00006,4,4,100.0,33.23008738133011
AD+FTD->FTD,OLS,o_min,m048530_o_min_ord4_rk00016,4,3,75.0,33.23008738133011
AD+FTD->FTD,OLS,o_min,m049528_o_min_ord5_rk00014,10,5,50.0,33.23008738133011
AD+FTD->FTD,OLS,o_min,m049523_o_min_ord5_rk00009,10,5,50.0,33.23008738133011
AD+FTD->FTD,OLS,o_min,m051526_o_min_ord7_rk00012,35,19,54.285714285714285,33.23008738133011
AD+FTD->FTD,OLS,o_min,m048516_o_min_ord4_rk00002,4,3,75.0,33.23008738133011
AD+FTD->FTD,OLS,o_min,m050533_o_min_ord6_rk00019,20,10,50.0,33.23008738133011
AD+FTD->FTD,OLS,o_min,m049531_o_min_ord5_rk00017,10,5,50.0,33.23008738133011
AD+FTD->FTD,OLS,o_min,m047518_o_min_ord3_rk00004,1,1,100.0,33.23008738133011
AD+FTD->FTD,OLS,o_min,m050526_o_min_ord6_rk00012,20,6,30.0,33.23008738133011
AD+FTD->FTD,OLS,o_min,m050523_o_min_ord6_rk00009,20,6,30.0,33.23008738133011
AD+FTD->FTD,d1,o_max,m002011_o_max_ord5_rk00012,10,0,0.0,33.23008738133011
AD+FTD->FTD,d1,o_max,m027009_o_max_ord30_rk00010,4060,8,0.19704433497536947,33.23008738133011
AD+FTD->FTD,d1,o_max,m021006_o_max_ord24_rk00007,2024,0,0.0,33.23008738133011
AD+FTD->FTD,d1,o_max,m027003_o_max_ord30_rk00004,4060,45,1.1083743842364533,33.23008738133011
AD+FTD->FTD,d1,o_max,m021013_o_max_ord24_rk00014,2024,0,0.0,33.23008738133011
AD+FTD->FTD,d1,o_max,m021018_o_max_ord24_rk00019,2024,0,0.0,33.23008738133011
AD+FTD->FTD,d1,o_max,m027012_o_max_ord30_rk00013,4060,63,1.5517241379310345,33.23008738133011
AD+FTD->FTD,d1,o_max,m002010_o_max_ord5_rk00011,10,0,0.0,33.23008738133011
AD+FTD->FTD,d1,o_max,m004014_o_max_ord7_rk00015,35,0,0.0,33.23008738133011
AD+FTD->FTD,d1,o_max,m027015_o_max_ord30_rk00016,4060,2,0.04926108374384237,33.23008738133011
AD+FTD->FTD,d1,o_max,m004008_o_max_ord7_rk00009,35,0,0.0,33.23008738133011
AD+FTD->FTD,d1,o_max,m020014_o_max_ord23_rk00015,1771,0,0.0,33.23008738133011
AD+FTD->FTD,d1,o_max,m006017_o_max_ord9_rk00018,84,0,0.0,33.23008738133011
AD+FTD->FTD,d1,o_max,m027004_o_max_ord30_rk00005,4060,2,0.04926108374384237,33.23008738133011
AD+FTD->FTD,d1,o_max,m027008_o_max_ord30_rk00009,4060,40,0.9852216748768473,33.23008738133011
AD+FTD->FTD,d1,o_max,m020018_o_max_ord23_rk00019,1771,0,0.0,33.23008738133011
AD+FTD->FTD,d1,o_max,m006010_o_max_ord9_rk00011,84,0,0.0,33.23008738133011
AD+FTD->FTD,d1,o_max,m000006_o_max_ord3_rk00007,1,0,0.0,33.23008738133011
AD+FTD->FTD,d1,o_max,m027014_o_max_ord30_rk00015,4060,2,0.04926108374384237,33.23008738133011
AD+FTD->FTD,d1,o_max,m000003_o_max_ord3_rk00004,1,0,0.0,33.23008738133011
AD+FTD->FTD,d1,o_min,m052515_o_min_ord8_rk00001,56,31,55.357142857142854,33.23008738133011
AD+FTD->FTD,d1,o_min,m061517_o_min_ord17_rk00003,680,303,44.55882352941177,33.23008738133011
AD+FTD->FTD,d1,o_min,m060527_o_min_ord16_rk00013,560,253,45.17857142857143,33.23008738133011
AD+FTD->FTD,d1,o_min,m057525_o_min_ord13_rk00011,286,99,34.61538461538461,33.23008738133011
AD+FTD->FTD,d1,o_min,m058521_o_min_ord14_rk00007,364,156,42.857142857142854,33.23008738133011
AD+FTD->FTD,d1,o_min,m061530_o_min_ord17_rk00016,680,296,43.529411764705884,33.23008738133011
AD+FTD->FTD,d1,o_min,m053531_o_min_ord9_rk00017,84,42,50.0,33.23008738133011
AD+FTD->FTD,d1,o_min,m060517_o_min_ord16_rk00003,560,232,41.42857142857143,33.23008738133011
AD+FTD->FTD,d1,o_min,m067524_o_min_ord23_rk00010,1771,807,45.56747600225861,33.23008738133011
AD+FTD->FTD,d1,o_min,m060522_o_min_ord16_rk00008,560,259,46.25,33.23008738133011
AD+FTD->FTD,d1,o_min,m061534_o_min_ord17_rk00020,680,300,44.11764705882353,33.23008738133011
AD+FTD->FTD,d1,o_min,m060524_o_min_ord16_rk00010,560,229,40.892857142857146,33.23008738133011
AD+FTD->FTD,d1,o_min,m061527_o_min_ord17_rk00013,680,301,44.26470588235294,33.23008738133011
AD+FTD->FTD,d1,o_min,m060518_o_min_ord16_rk00004,560,255,45.535714285714285,33.23008738133011
AD+FTD->FTD,d1,o_min,m061528_o_min_ord17_rk00014,680,283,41.61764705882353,33.23008738133011
AD+FTD->FTD,d1,o_min,m065517_o_min_ord21_rk00003,1330,628,47.21804511278196,33.23008738133011
AD+FTD->FTD,d1,o_min,m057531_o_min_ord13_rk00017,286,116,40.55944055944056,33.23008738133011
AD+FTD->FTD,d1,o_min,m064525_o_min_ord20_rk00011,1140,566,49.64912280701754,33.23008738133011
AD+FTD->FTD,d1,o_min,m057534_o_min_ord13_rk00020,286,137,47.9020979020979,33.23008738133011
AD+FTD->FTD,d1,o_min,m060521_o_min_ord16_rk00007,560,256,45.714285714285715,33.23008738133011
AD+FTD->FTD,d2,o_max,m000019_o_max_ord3_rk00020,1,0,0.0,33.23008738133011
AD+FTD->FTD,d2,o_max,m001013_o_max_ord4_rk00014,4,0,0.0,33.23008738133011
AD+FTD->FTD,d2,o_max,m003007_o_max_ord6_rk00008,20,0,0.0,33.23008738133011
AD+FTD->FTD,d2,o_max,m001018_o_max_ord4_rk00019,4,0,0.0,33.23008738133011
AD+FTD->FTD,d2,o_max,m001007_o_max_ord4_rk00008,4,0,0.0,33.23008738133011
AD+FTD->FTD,d2,o_max,m002003_o_max_ord5_rk00004,10,0,0.0,33.23008738133011
AD+FTD->FTD,d2,o_max,m024008_o_max_ord27_rk00009,2925,2,0.06837606837606838,33.23008738133011
AD+FTD->FTD,d2,o_max,m002006_o_max_ord5_rk00007,10,0,0.0,33.23008738133011
AD+FTD->FTD,d2,o_max,m001014_o_max_ord4_rk00015,4,0,0.0,33.23008738133011
AD+FTD->FTD,d2,o_max,m001017_o_max_ord4_rk00018,4,0,0.0,33.23008738133011
AD+FTD->FTD,d2,o_max,m000011_o_max_ord3_rk00012,1,0,0.0,33.23008738133011
AD+FTD->FTD,d2,o_max,m024010_o_max_ord27_rk00011,2925,1,0.03418803418803419,33.23008738133011
AD+FTD->FTD,d2,o_max,m000012_o_max_ord3_rk00013,1,0,0.0,33.23008738133011
AD+FTD->FTD,d2,o_max,m024009_o_max_ord27_rk00010,2925,7,0.23931623931623933,33.23008738133011
AD+FTD->FTD,d2,o_max,m006018_o_max_ord9_rk00019,84,0,0.0,33.23008738133011
AD+FTD->FTD,d2,o_max,m024018_o_max_ord27_rk00019,2925,2,0.06837606837606838,33.23008738133011
AD+FTD->FTD,d2,o_max,m006010_o_max_ord9_rk00011,84,0,0.0,33.23008738133011
AD+FTD->FTD,d2,o_max,m001000_o_max_ord4_rk00001,4,0,0.0,33.23008738133011
AD+FTD->FTD,d2,o_max,m011019_o_max_ord14_rk00020,364,1,0.27472527472527475,33.23008738133011
AD+FTD->FTD,d2,o_max,m000014_o_max_ord3_rk00015,1,0,0.0,33.23008738133011
AD+FTD->FTD,d2,o_min,m074530_o_min_ord30_rk00016,4060,1875,46.18226600985221,33.23008738133011
AD+FTD->FTD,d2,o_min,m058532_o_min_ord14_rk00018,364,155,42.582417582417584,33.23008738133011
AD+FTD->FTD,d2,o_min,m059522_o_min_ord15_rk00008,455,179,39.34065934065934,33.23008738133011
AD+FTD->FTD,d2,o_min,m052517_o_min_ord8_rk00003,56,28,50.0,33.23008738133011
AD+FTD->FTD,d2,o_min,m053517_o_min_ord9_rk00003,84,42,50.0,33.23008738133011
AD+FTD->FTD,d2,o_min,m058521_o_min_ord14_rk00007,364,156,42.857142857142854,33.23008738133011
AD+FTD->FTD,d2,o_min,m066519_o_min_ord22_rk00005,1540,718,46.62337662337662,33.23008738133011
AD+FTD->FTD,d2,o_min,m057534_o_min_ord13_rk00020,286,137,47.9020979020979,33.23008738133011
AD+FTD->FTD,d2,o_min,m056516_o_min_ord12_rk00002,220,90,40.90909090909091,33.23008738133011
AD+FTD->FTD,d2,o_min,m054527_o_min_ord10_rk00013,120,57,47.5,33.23008738133011
AD+FTD->FTD,d2,o_min,m074521_o_min_ord30_rk00007,4060,1939,47.758620689655174,33.23008738133011
AD+FTD->FTD,d2,o_min,m054526_o_min_ord10_rk00012,120,46,38.333333333333336,33.23008738133011
AD+FTD->FTD,d2,o_min,m059523_o_min_ord15_rk00009,455,208,45.714285714285715,33.23008738133011
AD+FTD->FTD,d2,o_min,m063515_o_min_ord19_rk00001,969,473,48.81320949432405,33.23008738133011
AD+FTD->FTD,d2,o_min,m063527_o_min_ord19_rk00013,969,460,47.47162022703819,33.23008738133011
AD+FTD->FTD,d2,o_min,m066522_o_min_ord22_rk00008,1540,737,47.857142857142854,33.23008738133011
AD+FTD->FTD,d2,o_min,m053527_o_min_ord9_rk00013,84,38,45.23809523809524,33.23008738133011
AD+FTD->FTD,d2,o_min,m070531_o_min_ord26_rk00017,2600,1240,47.69230769230769,33.23008738133011
AD+FTD->FTD,d2,o_min,m074520_o_min_ord30_rk00006,4060,1883,46.37931034482759,33.23008738133011
AD+FTD->FTD,d2,o_min,m062517_o_min_ord18_rk00003,816,391,47.916666666666664,33.23008738133011
AD+FTD->FTD,d3,o_max,m002013_o_max_ord5_rk00014,10,0,0.0,33.23008738133011
AD+FTD->FTD,d3,o_max,m000002_o_max_ord3_rk00003,1,0,0.0,33.23008738133011
AD+FTD->FTD,d3,o_max,m000017_o_max_ord3_rk00018,1,0,0.0,33.23008738133011
AD+FTD->FTD,d3,o_max,m002011_o_max_ord5_rk00012,10,0,0.0,33.23008738133011
AD+FTD->FTD,d3,o_max,m004004_o_max_ord7_rk00005,35,0,0.0,33.23008738133011
AD+FTD->FTD,d3,o_max,m002012_o_max_ord5_rk00013,10,0,0.0,33.23008738133011
AD+FTD->FTD,d3,o_max,m000019_o_max_ord3_rk00020,1,0,0.0,33.23008738133011
AD+FTD->FTD,d3,o_max,m000014_o_max_ord3_rk00015,1,0,0.0,33.23008738133011
AD+FTD->FTD,d3,o_max,m004010_o_max_ord7_rk00011,35,0,0.0,33.23008738133011
AD+FTD->FTD,d3,o_max,m004006_o_max_ord7_rk00007,35,0,0.0,33.23008738133011
AD+FTD->FTD,d3,o_max,m002006_o_max_ord5_rk00007,10,0,0.0,33.23008738133011
AD+FTD->FTD,d3,o_max,m004012_o_max_ord7_rk00013,35,0,0.0,33.23008738133011
AD+FTD->FTD,d3,o_max,m000000_o_max_ord3_rk00001,1,0,0.0,33.23008738133011
AD+FTD->FTD,d3,o_max,m001017_o_max_ord4_rk00018,4,0,0.0,33.23008738133011
AD+FTD->FTD,d3,o_max,m007001_o_max_ord10_rk00002,120,0,0.0,33.23008738133011
AD+FTD->FTD,d3,o_max,m024017_o_max_ord27_rk00018,2925,1,0.03418803418803419,33.23008738133011
AD+FTD->FTD,d3,o_max,m002016_o_max_ord5_rk00017,10,0,0.0,33.23008738133011
AD+FTD->FTD,d3,o_max,m008019_o_max_ord11_rk00020,165,0,0.0,33.23008738133011
AD+FTD->FTD,d3,o_max,m001013_o_max_ord4_rk00014,4,0,0.0,33.23008738133011
AD+FTD->FTD,d3,o_max,m027004_o_max_ord30_rk00005,4060,2,0.04926108374384237,33.23008738133011
AD+FTD->FTD,d3,o_min,m074530_o_min_ord30_rk00016,4060,1875,46.18226600985221,33.23008738133011
AD+FTD->FTD,d3,o_min,m063515_o_min_ord19_rk00001,969,473,48.81320949432405,33.23008738133011
AD+FTD->FTD,d3,o_min,m065523_o_min_ord21_rk00009,1330,657,49.3984962406015,33.23008738133011
AD+FTD->FTD,d3,o_min,m059523_o_min_ord15_rk00009,455,208,45.714285714285715,33.23008738133011
AD+FTD->FTD,d3,o_min,m058532_o_min_ord14_rk00018,364,155,42.582417582417584,33.23008738133011
AD+FTD->FTD,d3,o_min,m063520_o_min_ord19_rk00006,969,475,49.01960784313726,33.23008738133011
AD+FTD->FTD,d3,o_min,m067524_o_min_ord23_rk00010,1771,807,45.56747600225861,33.23008738133011
AD+FTD->FTD,d3,o_min,m053522_o_min_ord9_rk00008,84,27,32.142857142857146,33.23008738133011
AD+FTD->FTD,d3,o_min,m052518_o_min_ord8_rk00004,56,20,35.714285714285715,33.23008738133011
AD+FTD->FTD,d3,o_min,m057517_o_min_ord13_rk00003,286,121,42.30769230769231,33.23008738133011
AD+FTD->FTD,d3,o_min,m054534_o_min_ord10_rk00020,120,67,55.833333333333336,33.23008738133011
AD+FTD->FTD,d3,o_min,m058527_o_min_ord14_rk00013,364,165,45.32967032967033,33.23008738133011
AD+FTD->FTD,d3,o_min,m058520_o_min_ord14_rk00006,364,159,43.68131868131868,33.23008738133011
AD+FTD->FTD,d3,o_min,m074532_o_min_ord30_rk00018,4060,1880,46.30541871921182,33.23008738133011
AD+FTD->FTD,d3,o_min,m063523_o_min_ord19_rk00009,969,468,48.297213622291025,33.23008738133011
AD+FTD->FTD,d3,o_min,m074520_o_min_ord30_rk00006,4060,1883,46.37931034482759,33.23008738133011
AD+FTD->FTD,d3,o_min,m068532_o_min_ord24_rk00018,2024,942,46.541501976284586,33.23008738133011
AD+FTD->FTD,d3,o_min,m057526_o_min_ord13_rk00012,286,129,45.10489510489511,33.23008738133011
AD+FTD->FTD,d3,o_min,m059522_o_min_ord15_rk00008,455,179,39.34065934065934,33.23008738133011
AD+FTD->FTD,d3,o_min,m065524_o_min_ord21_rk00010,1330,656,49.32330827067669,33.23008738133011
