condition,objective,rung_id,candidate_id,order,r2,shannon_h,n_domains,dominant_domain
Pooled,o_min,xgb_tree_d3,m048530_o_min_ord4_rk00016,4,0.26727931442597974,2.0,4,Air Pollution
Pooled,o_min,xgb_tree_d3,m049520_o_min_ord5_rk00006,5,0.2667933693927603,1.9219280948873623,4,Air Pollution
Pooled,o_min,xgb_tree_d3,m049529_o_min_ord5_rk00015,5,0.2636044521958609,1.3709505944546687,3,Air Pollution
Pooled,o_min,xgb_tree_d3,m066519_o_min_ord22_rk00005,22,0.26236076551081866,2.9151512344992474,9,Temperature
Pooled,o_min,xgb_tree_d3,m049524_o_min_ord5_rk00010,5,0.2612380474803312,1.9219280948873623,4,Air Pollution
Pooled,o_min,xgb_tree_d3,m066523_o_min_ord22_rk00009,22,0.2611706496044861,2.8045965297024473,9,Democracy
Pooled,o_min,xgb_tree_d3,m062529_o_min_ord18_rk00015,18,0.26095708563409026,2.858278308418045,9,Democracy
Pooled,o_min,xgb_tree_d3,m062532_o_min_ord18_rk00018,18,0.2607507845147454,2.858278308418045,9,Democracy
Pooled,o_min,xgb_tree_d3,m072528_o_min_ord28_rk00014,28,0.2602806851567073,2.8962915290459277,9,Democracy
Pooled,o_min,xgb_tree_d3,m048529_o_min_ord4_rk00015,4,0.26026390523969123,1.5,3,Air Pollution
Pooled,o_min,xgb_tree_d3,m048517_o_min_ord4_rk00003,4,0.2601147951983991,1.5,3,Air Pollution
Pooled,o_min,xgb_tree_d3,m048520_o_min_ord4_rk00006,4,0.25972458449144864,1.5,3,Air Pollution
Pooled,o_min,xgb_tree_d3,m063532_o_min_ord19_rk00018,19,0.2596405313595175,2.8000446184790095,9,Democracy
Pooled,o_min,xgb_tree_d3,m066520_o_min_ord22_rk00006,22,0.25954191091678624,2.737872392231515,8,Democracy
Pooled,o_min,xgb_tree_d3,m048521_o_min_ord4_rk00007,4,0.25949429177895467,1.5,3,Air Pollution
Pooled,o_min,xgb_tree_d3,m047517_o_min_ord3_rk00003,3,0.25934016313257935,1.584962500721156,3,Air Pollution
Pooled,o_min,xgb_tree_d3,m060531_o_min_ord16_rk00017,16,0.2592758894282102,2.625,7,Temperature
Pooled,o_min,xgb_tree_d3,m063525_o_min_ord19_rk00011,19,0.2592146858694727,2.694781460584273,8,Democracy
Pooled,o_min,xgb_tree_d3,m052530_o_min_ord8_rk00016,8,0.25917453912348154,2.1556390622295662,5,Air Pollution
Pooled,o_min,xgb_tree_d3,m048518_o_min_ord4_rk00004,4,0.2591473792610599,1.5,3,Air Pollution
Pooled,o_min,xgb_tree_d3,m047533_o_min_ord3_rk00019,3,0.25847563570994503,0.9182958340544896,2,Socioeconomic
Pooled,o_min,xgb_tree_d3,m063534_o_min_ord19_rk00020,19,0.25842246532229085,2.984769618706743,9,Temperature
Pooled,o_min,xgb_tree_d3,m051527_o_min_ord7_rk00013,7,0.2582618802203188,1.8423709931771088,4,Air Pollution
Pooled,o_min,xgb_tree_d3,m048525_o_min_ord4_rk00011,4,0.25820434310406737,1.5,3,Air Pollution
Pooled,o_min,xgb_tree_d3,m064523_o_min_ord20_rk00009,20,0.2581452660538943,2.739353872167201,9,Democracy
Pooled,o_min,xgb_tree_d3,m064521_o_min_ord20_rk00007,20,0.2581394404330839,2.739353872167201,9,Democracy
Pooled,o_min,xgb_tree_d3,m052529_o_min_ord8_rk00015,8,0.25810171940674276,2.1556390622295662,5,Air Pollution
Pooled,o_min,xgb_tree_d3,m064532_o_min_ord20_rk00018,20,0.25805904822267123,2.9414460711655215,9,Democracy
Pooled,o_min,xgb_tree_d3,m065531_o_min_ord21_rk00017,21,0.258051474948207,2.9463875191311275,9,Democracy
Pooled,o_min,xgb_tree_d3,m066528_o_min_ord22_rk00014,22,0.25776561664681585,2.6405219626825924,8,Democracy
Pooled,o_min,xgb_tree_d3,m066533_o_min_ord22_rk00019,22,0.25763992376055156,2.8045965297024473,9,Democracy
Pooled,o_min,xgb_tree_d3,m061525_o_min_ord17_rk00011,17,0.2576092200549607,2.6601297526332566,8,Democracy
Pooled,o_min,xgb_tree_d3,m048523_o_min_ord4_rk00009,4,0.2575300208769179,1.5,3,Air Pollution
Pooled,o_min,xgb_tree_d3,m055527_o_min_ord11_rk00013,11,0.25751362760071317,2.1180782093497093,5,Temperature
Pooled,o_min,xgb_tree_d3,m056527_o_min_ord12_rk00013,12,0.25746935023473394,2.688721875540867,7,Air Pollution
Pooled,o_min,xgb_tree_d3,m064518_o_min_ord20_rk00004,20,0.25730726387383807,2.739353872167201,9,Democracy
Pooled,o_min,xgb_tree_d3,m052532_o_min_ord8_rk00018,8,0.2572451071374037,2.0,4,Air Pollution
Pooled,o_min,xgb_tree_d3,m047532_o_min_ord3_rk00018,3,0.25724507578139855,1.584962500721156,3,Air Pollution
Pooled,o_min,xgb_tree_d3,m047520_o_min_ord3_rk00006,3,0.2572412165346586,-0.0,1,Air Pollution
Pooled,o_min,xgb_tree_d3,m064526_o_min_ord20_rk00012,20,0.2572259995357542,2.739353872167201,9,Democracy
Pooled,o_min,xgb_tree_d3,m048516_o_min_ord4_rk00002,4,0.2571974787127185,1.5,3,Air Pollution
Pooled,o_min,xgb_tree_d3,m074529_o_min_ord30_rk00015,30,0.2571756255952228,2.8640835117703762,9,Democracy
Pooled,o_min,xgb_tree_d3,m068532_o_min_ord24_rk00018,24,0.2570232338568803,2.83429531609601,9,Democracy
Pooled,o_min,xgb_tree_d3,m051524_o_min_ord7_rk00010,7,0.2569702802721534,1.8423709931771088,4,Air Pollution
Pooled,o_min,xgb_tree_d3,m052533_o_min_ord8_rk00019,8,0.25691501954876284,2.5,6,Air Pollution
Pooled,o_min,xgb_tree_d3,m072515_o_min_ord28_rk00001,28,0.25686320102146365,2.780394654123194,8,Democracy
Pooled,o_min,xgb_tree_d3,m061520_o_min_ord17_rk00006,17,0.25675768816267386,2.939829017466402,9,Democracy
Pooled,o_min,xgb_tree_d3,m063517_o_min_ord19_rk00003,19,0.2566340201787326,2.8000446184790095,9,Democracy
Pooled,o_min,xgb_tree_d3,m051528_o_min_ord7_rk00014,7,0.2565535229161674,1.8423709931771088,4,Air Pollution
Pooled,o_min,xgb_tree_d3,m047531_o_min_ord3_rk00017,3,0.25652928135420683,0.9182958340544896,2,Air Pollution
Pooled,o_min,xgb_tree_d3,m062516_o_min_ord18_rk00002,18,0.25652563573066944,2.7107770844150676,7,Precipitation/droughts
Pooled,o_min,xgb_tree_d3,m061533_o_min_ord17_rk00019,17,0.25645053559326847,2.9109922530150456,9,Temperature
Pooled,o_min,xgb_tree_d3,m074525_o_min_ord30_rk00011,30,0.25640204568613867,2.8640835117703762,9,Democracy
Pooled,o_min,xgb_tree_d3,m056532_o_min_ord12_rk00018,12,0.2563903304875952,2.292481250360578,5,Temperature
Pooled,o_min,xgb_tree_d3,m064519_o_min_ord20_rk00005,20,0.25638614730746023,2.7464393446710154,7,Precipitation/droughts
Pooled,o_min,xgb_tree_d3,m057520_o_min_ord13_rk00006,13,0.2562099564449005,2.873140679513133,8,Precipitation/droughts
Pooled,o_min,xgb_tree_d3,m066515_o_min_ord22_rk00001,22,0.25616577914432803,2.9540036423298544,9,Democracy
Pooled,o_min,xgb_tree_d3,m056517_o_min_ord12_rk00003,12,0.2561034754372329,2.688721875540867,7,Temperature
Pooled,o_min,xgb_tree_d3,m060518_o_min_ord16_rk00004,16,0.2560734922589101,2.452819531114783,6,Temperature
Pooled,o_min,xgb_tree_d3,m065529_o_min_ord21_rk00015,21,0.2560414864455084,2.9463875191311275,9,Temperature
Pooled,o_min,xgb_tree_d3,m064530_o_min_ord20_rk00016,20,0.2560411152862254,2.6841837197791887,7,Temperature
Pooled,o_min,xgb_tree_d3,m052531_o_min_ord8_rk00017,8,0.25601660595122633,2.1556390622295662,5,Air Pollution
Pooled,o_min,xgb_tree_d3,m070521_o_min_ord26_rk00007,26,0.25600517844166815,2.8252517372886508,9,Democracy
Pooled,o_min,xgb_tree_d3,m060534_o_min_ord16_rk00020,16,0.2559220264866988,2.4834585933443494,7,Democracy
Pooled,o_min,xgb_tree_d3,m062515_o_min_ord18_rk00001,18,0.25576976069226565,2.858278308418045,9,Democracy
Pooled,o_min,xgb_tree_d3,m072522_o_min_ord28_rk00008,28,0.25576685103774977,2.780394654123194,8,Democracy
Pooled,o_min,xgb_tree_d3,m065522_o_min_ord21_rk00008,21,0.2556472066099409,2.7199643047423914,7,Democracy
Pooled,o_min,xgb_tree_d3,m066518_o_min_ord22_rk00004,22,0.2556388573536318,2.731431053591683,9,Democracy
Pooled,o_min,xgb_tree_d3,m063516_o_min_ord19_rk00002,19,0.2556183868061741,2.8000446184790095,9,Democracy
Pooled,o_min,xgb_tree_d3,m054517_o_min_ord10_rk00003,10,0.2555803975496467,2.170950594454669,5,Air Pollution
Pooled,o_min,xgb_tree_d3,m057519_o_min_ord13_rk00005,13,0.2555057606829034,2.6612262562697895,7,Temperature
Pooled,o_min,xgb_tree_d3,m065518_o_min_ord21_rk00004,21,0.2554142118984305,2.753918758180346,9,Democracy
Pooled,o_min,xgb_tree_d3,m047515_o_min_ord3_rk00001,3,0.25536738195945763,0.9182958340544896,2,Air Pollution
Pooled,o_min,xgb_tree_d3,m048528_o_min_ord4_rk00014,4,0.2553592498641558,1.5,3,Air Pollution
Pooled,o_min,xgb_tree_d3,m072517_o_min_ord28_rk00003,28,0.2553257418379563,2.7754316010011366,9,Democracy
Pooled,o_min,xgb_tree_d3,m049517_o_min_ord5_rk00003,5,0.2552850475671614,1.9219280948873623,4,Air Pollution
Pooled,o_min,xgb_tree_d3,m064516_o_min_ord20_rk00002,20,0.2551434761702889,2.746439344671016,8,Democracy
Pooled,o_min,xgb_tree_d3,m058518_o_min_ord14_rk00004,14,0.25514136400359855,2.610577243331642,7,Temperature
Pooled,o_min,xgb_tree_d3,m065526_o_min_ord21_rk00012,21,0.25513901292349994,2.7179717342678,8,Democracy
Pooled,o_min,xgb_tree_d3,m067527_o_min_ord23_rk00013,23,0.2550108104711879,2.7837353286220776,9,Democracy
Pooled,o_min,xgb_tree_d3,m069517_o_min_ord25_rk00003,25,0.25498941309166523,2.8530201924480454,9,Democracy
Pooled,o_min,xgb_tree_d3,m049530_o_min_ord5_rk00016,5,0.2548647864402973,1.5219280948873621,3,Air Pollution
Pooled,o_min,xgb_tree_d3,m058533_o_min_ord14_rk00019,14,0.2548631788052935,2.610577243331642,7,Temperature
Pooled,o_min,xgb_tree_d3,m062530_o_min_ord18_rk00016,18,0.25484962119434074,2.6688388898504303,8,Democracy
Pooled,o_min,xgb_tree_d3,m059523_o_min_ord15_rk00009,15,0.25474978766174394,2.256564762130954,5,Temperature
Pooled,o_min,xgb_tree_d3,m067520_o_min_ord23_rk00006,23,0.2546546871672011,2.9424955222917832,9,Democracy
Pooled,o_min,xgb_tree_d3,m070532_o_min_ord26_rk00018,26,0.25456820890802045,2.8536700092563416,9,Democracy
Pooled,o_min,xgb_tree_d3,m057523_o_min_ord13_rk00009,13,0.2545623348931334,2.873140679513133,8,Precipitation/droughts
Pooled,o_min,xgb_tree_d3,m062525_o_min_ord18_rk00011,18,0.25455847531935205,2.591793226077496,8,Democracy
Pooled,o_min,xgb_tree_d3,m065520_o_min_ord21_rk00006,21,0.2545150832779858,2.9463875191311275,9,Democracy
Pooled,o_min,xgb_tree_d3,m053532_o_min_ord9_rk00018,9,0.25448707114012514,2.0588138903312014,5,Democracy
Pooled,o_min,xgb_tree_d3,m067521_o_min_ord23_rk00007,23,0.25447426057207745,2.8927021732601896,9,Democracy
Pooled,o_min,xgb_tree_d3,m059526_o_min_ord15_rk00012,15,0.25442880881293695,2.4729055953200563,6,Temperature
Pooled,o_min,xgb_tree_d3,m053534_o_min_ord9_rk00020,9,0.2544086601560749,2.197159723424149,5,Air Pollution
Pooled,o_min,xgb_tree_d3,m057527_o_min_ord13_rk00013,13,0.2542419191504677,2.6031579868726,7,Temperature
Pooled,o_min,xgb_tree_d3,m067533_o_min_ord23_rk00019,23,0.2542150114090064,2.9424955222917832,9,Democracy
Pooled,o_min,xgb_tree_d3,m071521_o_min_ord27_rk00007,27,0.2542016248071768,2.8139107630313687,8,Democracy
Pooled,o_min,xgb_tree_d3,m070526_o_min_ord26_rk00012,26,0.2541611608447697,2.8536700092563416,9,Democracy
Pooled,o_min,xgb_tree_d3,m072523_o_min_ord28_rk00009,28,0.2541522835763439,2.865764637179023,9,Democracy
Pooled,o_min,xgb_tree_d3,m062533_o_min_ord18_rk00019,18,0.25407329995553085,2.6688388898504303,8,Democracy
Pooled,o_min,xgb_tree_d3,m072516_o_min_ord28_rk00002,28,0.25404007833924047,2.865764637179023,9,Democracy
Pooled,o_min,xgb_tree_d3,m070525_o_min_ord26_rk00011,26,0.2540257156147231,2.8536700092563416,9,Democracy
Pooled,o_min,xgb_tree_d3,m051520_o_min_ord7_rk00006,7,0.2538877615572803,2.1280852788913944,5,Air Pollution
Pooled,o_min,xgb_tree_d3,m072529_o_min_ord28_rk00015,28,0.2537892895122208,2.865764637179023,9,Democracy
Pooled,o_min,xgb_tree_d3,m062523_o_min_ord18_rk00009,18,0.2537408324896101,2.4613201402110088,6,Temperature
Pooled,o_min,xgb_tree_d3,m064528_o_min_ord20_rk00014,20,0.2536537494631811,2.7709505944546686,8,Democracy
Pooled,o_min,xgb_tree_d3,m072533_o_min_ord28_rk00019,28,0.25365068103138233,2.7754316010011366,9,Democracy
Pooled,o_min,xgb_tree_d3,m050522_o_min_ord6_rk00008,6,0.2536124047274486,1.9182958340544893,4,Air Pollution
Pooled,o_min,xgb_tree_d3,m057529_o_min_ord13_rk00015,13,0.25361240390004613,2.6031579868726,7,Temperature
Pooled,o_min,xgb_tree_d3,m070519_o_min_ord26_rk00005,26,0.25356546149013826,2.8536700092563416,9,Democracy
Pooled,o_min,xgb_tree_d3,m065519_o_min_ord21_rk00005,21,0.2534807680056863,2.7199643047423914,8,Democracy
Pooled,o_min,xgb_tree_d3,m053518_o_min_ord9_rk00004,9,0.2534593113676725,2.197159723424149,5,Temperature
Pooled,o_min,xgb_tree_d3,m070520_o_min_ord26_rk00006,26,0.25344574226774574,2.8252517372886508,9,Democracy
Pooled,o_min,xgb_tree_d3,m058531_o_min_ord14_rk00017,14,0.2534240065423182,2.6455933144511468,7,Temperature
Pooled,o_min,xgb_tree_d3,m071525_o_min_ord27_rk00011,27,0.2534163525665182,2.815460540067162,9,Democracy
Pooled,o_min,xgb_tree_d3,m062531_o_min_ord18_rk00017,18,0.2533961046991674,2.9057645846554525,9,Temperature
Pooled,o_min,xgb_tree_d3,m048519_o_min_ord4_rk00005,4,0.2533869516950603,1.5,3,Socioeconomic
Pooled,o_min,xgb_tree_d3,m061524_o_min_ord17_rk00010,17,0.25335830921979907,2.498077546623641,7,Democracy
Pooled,o_min,xgb_tree_d3,m068526_o_min_ord24_rk00012,24,0.2533474050790896,2.840199876515855,9,Democracy
Pooled,o_min,xgb_tree_d3,m055517_o_min_ord11_rk00003,11,0.2533116189913446,2.663532754804255,7,Temperature
Pooled,o_min,xgb_tree_d3,m069530_o_min_ord25_rk00016,25,0.25330242647142576,2.84307418942857,8,Democracy
Pooled,o_min,xgb_tree_d3,m060526_o_min_ord16_rk00012,16,0.25325769561301426,2.7806390622295662,8,Temperature
Pooled,o_min,xgb_tree_d3,m058527_o_min_ord14_rk00013,14,0.25324306607862535,2.5027361715940035,6,Air Pollution
Pooled,o_min,xgb_tree_d3,m057534_o_min_ord13_rk00020,13,0.25322182475078736,2.4116022179746714,6,Temperature
Pooled,o_min,xgb_tree_d3,m053519_o_min_ord9_rk00005,9,0.25321647981330375,2.2810361125534238,5,Air Pollution
Pooled,o_min,xgb_tree_d3,m050517_o_min_ord6_rk00003,6,0.2531710388311188,1.7924812503605778,4,Air Pollution
Pooled,o_min,xgb_tree_d3,m059534_o_min_ord15_rk00020,15,0.25314976450949533,2.689246428509158,7,Air Pollution
Pooled,o_min,xgb_tree_d3,m054532_o_min_ord10_rk00018,10,0.25304782453967656,2.4464393446710155,6,Temperature
Pooled,o_min,xgb_tree_d3,m065534_o_min_ord21_rk00020,21,0.2530451817288679,2.7606668272315975,8,Democracy
Pooled,o_min,xgb_tree_d3,m066522_o_min_ord22_rk00008,22,0.2529929795543835,2.9019469592513696,9,Democracy
Pooled,o_min,xgb_tree_d3,m057528_o_min_ord13_rk00014,13,0.252966046306493,2.6612262562697895,7,Temperature
Pooled,o_min,xgb_tree_d3,m070522_o_min_ord26_rk00008,26,0.2529611620848381,2.8536700092563416,9,Democracy
Pooled,o_min,xgb_tree_d3,m049533_o_min_ord5_rk00019,5,0.25295935282090787,1.5219280948873621,3,Air Pollution
Pooled,o_min,xgb_tree_d3,m072531_o_min_ord28_rk00017,28,0.2529471990422637,2.7754316010011366,9,Democracy
Pooled,o_min,xgb_tree_d3,m049525_o_min_ord5_rk00011,5,0.25292077774609467,1.5219280948873621,3,Air Pollution
Pooled,o_min,xgb_tree_d3,m047519_o_min_ord3_rk00005,3,0.25289798239568106,0.9182958340544896,2,Air Pollution
Pooled,o_min,xgb_tree_d3,m067524_o_min_ord23_rk00010,23,0.25287497855592855,2.8768531307993075,9,Democracy
Pooled,o_min,xgb_tree_d3,m068523_o_min_ord24_rk00009,24,0.2528241698824063,2.7509619827626763,9,Democracy
Pooled,o_min,xgb_tree_d3,m066531_o_min_ord22_rk00017,22,0.25281304944962035,2.9540036423298544,9,Democracy
Pooled,o_min,xgb_tree_d3,m049521_o_min_ord5_rk00007,5,0.2527371263410544,1.9219280948873623,4,Air Pollution
Pooled,o_min,xgb_tree_d3,m070530_o_min_ord26_rk00016,26,0.25267896068373663,2.8536700092563416,9,Democracy
Pooled,o_min,xgb_tree_d3,m061516_o_min_ord17_rk00002,17,0.25263407423860273,2.498077546623641,7,Democracy
Pooled,o_min,xgb_tree_d3,m065515_o_min_ord21_rk00001,21,0.2526203721225725,2.9463875191311275,9,Democracy
Pooled,o_min,xgb_tree_d3,m068530_o_min_ord24_rk00016,24,0.25261310625533295,2.8699100232740657,9,Democracy
Pooled,o_min,xgb_tree_d3,m064527_o_min_ord20_rk00013,20,0.2526082845914074,2.6841837197791887,7,Temperature
Pooled,o_min,xgb_tree_d3,m072532_o_min_ord28_rk00018,28,0.252577218869387,3.0210687638074782,10,Democracy
Pooled,o_min,xgb_tree_d3,m054518_o_min_ord10_rk00004,10,0.2525733279884125,2.4464393446710155,6,Temperature
Pooled,o_min,xgb_tree_d3,m072527_o_min_ord28_rk00013,28,0.25256381598631117,2.935698780751651,9,Democracy
Pooled,o_min,xgb_tree_d3,m066516_o_min_ord22_rk00002,22,0.25254929532466397,2.9019469592513696,9,Democracy
Pooled,o_min,xgb_tree_d3,m060519_o_min_ord16_rk00005,16,0.2525349431550036,2.7334585933443494,7,Air Pollution
Pooled,o_min,xgb_tree_d3,m055532_o_min_ord11_rk00018,11,0.2524689648563876,2.663532754804255,7,Temperature
Pooled,o_min,xgb_tree_d3,m074515_o_min_ord30_rk00001,30,0.25237859760722237,2.8640835117703762,9,Democracy
Pooled,o_min,xgb_tree_d3,m049522_o_min_ord5_rk00008,5,0.25237382811044184,1.5219280948873621,3,Air Pollution
Pooled,o_min,xgb_tree_d3,m056529_o_min_ord12_rk00015,12,0.25225666137281033,2.688721875540867,7,Air Pollution
Pooled,o_min,xgb_tree_d3,m072518_o_min_ord28_rk00004,28,0.2522316209048373,2.865764637179023,9,Democracy
Pooled,o_min,xgb_tree_d3,m068516_o_min_ord24_rk00002,24,0.252206391007751,2.907268229617389,9,Democracy
Pooled,o_min,xgb_tree_d3,m068518_o_min_ord24_rk00004,24,0.2521715686002227,2.8699100232740657,9,Democracy
Pooled,o_min,xgb_tree_d3,m064520_o_min_ord20_rk00006,20,0.2521696316224912,2.884183719779189,8,Precipitation/droughts
Pooled,o_min,xgb_tree_d3,m056519_o_min_ord12_rk00005,12,0.25207508785458943,2.6258145836939115,7,Temperature
Pooled,o_min,xgb_tree_d3,m066517_o_min_ord22_rk00003,22,0.2520587784421078,2.9540036423298544,9,Democracy
Pooled,o_min,xgb_tree_d3,m072526_o_min_ord28_rk00012,28,0.2520345444535085,2.865764637179023,9,Democracy
Pooled,o_min,xgb_tree_d3,m055518_o_min_ord11_rk00004,11,0.25201052225743836,2.663532754804255,7,Temperature
Pooled,o_min,xgb_tree_d3,m052524_o_min_ord8_rk00010,8,0.2519466625215858,1.561278124459133,3,Precipitation/droughts
Pooled,o_min,xgb_tree_d3,m066526_o_min_ord22_rk00012,22,0.2518749269280256,2.7136874387933565,8,Democracy
Pooled,o_min,xgb_tree_d3,m072524_o_min_ord28_rk00010,28,0.25180127548957987,2.865764637179023,9,Democracy
Pooled,o_min,xgb_tree_d3,m067531_o_min_ord23_rk00017,23,0.25176048160632647,2.8208985013296144,9,Democracy
Pooled,o_min,xgb_tree_d3,m063531_o_min_ord19_rk00017,19,0.25175040672579896,2.5820599105802575,8,Democracy
Pooled,o_min,xgb_tree_d3,m055530_o_min_ord11_rk00016,11,0.25172429777251193,2.481714572986073,6,Temperature
Pooled,o_min,xgb_tree_d3,m069518_o_min_ord25_rk00004,25,0.25169290770621355,2.8676013115120567,9,Democracy
Pooled,o_min,xgb_tree_d3,m052515_o_min_ord8_rk00001,8,0.2516281249203154,2.25,5,Air Pollution
Pooled,o_min,xgb_tree_d3,m066534_o_min_ord22_rk00020,22,0.2516067040417408,2.737872392231515,8,Democracy
Pooled,o_min,xgb_tree_d3,m067525_o_min_ord23_rk00011,23,0.2516064713753272,2.7029400873210467,8,Democracy
Pooled,o_min,xgb_tree_d3,m060525_o_min_ord16_rk00011,16,0.251602696625547,2.452819531114783,6,Temperature
Pooled,o_min,xgb_tree_d3,m049519_o_min_ord5_rk00005,5,0.2515850846915425,1.5219280948873621,3,Air Pollution
Pooled,o_min,xgb_tree_d3,m060529_o_min_ord16_rk00015,16,0.25155016075563097,2.5550365325772653,7,Democracy
Pooled,o_min,xgb_tree_d3,m068521_o_min_ord24_rk00007,24,0.2515458163236396,2.907268229617389,9,Democracy
Pooled,o_min,xgb_tree_d3,m062517_o_min_ord18_rk00003,18,0.25150937600460765,2.7107770844150676,7,Temperature
Pooled,o_min,xgb_tree_d3,m054519_o_min_ord10_rk00005,10,0.25146263886694264,2.2464393446710154,5,Democracy
Pooled,o_min,xgb_tree_d3,m064517_o_min_ord20_rk00003,20,0.25140860219524686,2.6841837197791887,7,Temperature
Pooled,o_min,xgb_tree_d3,m070515_o_min_ord26_rk00001,26,0.2513825160056774,2.8536700092563416,9,Democracy
Pooled,o_min,xgb_tree_d3,m068515_o_min_ord24_rk00001,24,0.25137840030754,2.8699100232740657,9,Democracy
Pooled,o_min,xgb_tree_d3,m058516_o_min_ord14_rk00002,14,0.2513190315373459,2.8423709931771084,8,Temperature
Pooled,o_min,xgb_tree_d3,m059525_o_min_ord15_rk00011,15,0.25124021041798705,2.5492553971685,7,Democracy
Pooled,o_min,xgb_tree_d3,m053528_o_min_ord9_rk00014,9,0.2512236918028665,2.5032583347756456,6,Temperature
Pooled,o_min,xgb_tree_d3,m070529_o_min_ord26_rk00015,26,0.2511922222298384,2.8536700092563416,9,Democracy
Pooled,o_min,xgb_tree_d3,m055524_o_min_ord11_rk00010,11,0.2511572938984715,2.413088436425758,6,Temperature
Pooled,o_min,xgb_tree_d3,m055522_o_min_ord11_rk00008,11,0.25111963703850604,2.481714572986073,6,Temperature
Pooled,o_min,xgb_tree_d3,m052518_o_min_ord8_rk00004,8,0.25111687193578447,2.25,5,Temperature
Pooled,o_min,xgb_tree_d3,m054530_o_min_ord10_rk00016,10,0.25110843459555743,2.4464393446710155,6,Temperature
Pooled,o_min,xgb_tree_d3,m061515_o_min_ord17_rk00001,17,0.25109936763419904,2.7333716642706998,7,Air Pollution
Pooled,o_min,xgb_tree_d3,m069528_o_min_ord25_rk00014,25,0.2510018234042436,2.8676013115120567,9,Democracy
Pooled,o_min,xgb_tree_d3,m055528_o_min_ord11_rk00014,11,0.2509984496559651,2.663532754804255,7,Temperature
Pooled,o_min,xgb_tree_d3,m061529_o_min_ord17_rk00015,17,0.2509921334409069,2.380430487800112,6,Democracy
Pooled,o_min,xgb_tree_d3,m059517_o_min_ord15_rk00003,15,0.250975038115135,2.8225797618424915,8,Temperature
Pooled,o_min,xgb_tree_d3,m069524_o_min_ord25_rk00010,25,0.25095705245561806,2.8888840705376357,9,Democracy
Pooled,o_min,xgb_tree_d3,m068531_o_min_ord24_rk00017,24,0.2509309997648205,2.8699100232740657,9,Democracy
Pooled,o_min,xgb_tree_d3,m069522_o_min_ord25_rk00008,25,0.25092192050435624,2.8676013115120567,9,Democracy
Pooled,o_min,xgb_tree_d3,m070534_o_min_ord26_rk00020,26,0.2509152183198733,2.8536700092563416,9,Democracy
Pooled,o_min,xgb_tree_d3,m065528_o_min_ord21_rk00014,21,0.25089219659621786,2.9463875191311275,9,Democracy
Pooled,o_min,xgb_tree_d3,m069527_o_min_ord25_rk00013,25,0.2508870232336867,2.8676013115120567,9,Democracy
Pooled,o_min,xgb_tree_d3,m055531_o_min_ord11_rk00017,11,0.25087416281680597,2.663532754804255,7,Precipitation/droughts
Pooled,o_min,xgb_tree_d3,m058515_o_min_ord14_rk00001,14,0.2508672138040876,2.8962915290459277,8,Temperature
Pooled,o_min,xgb_tree_d3,m050532_o_min_ord6_rk00018,6,0.2508259860611143,1.7924812503605778,4,Air Pollution
Pooled,o_min,xgb_tree_d3,m068517_o_min_ord24_rk00003,24,0.25078292056579776,2.907268229617389,9,Democracy
Pooled,o_min,xgb_tree_d3,m058519_o_min_ord14_rk00005,14,0.2507700449449797,2.8423709931771084,8,Temperature
Pooled,o_min,xgb_tree_d3,m066529_o_min_ord22_rk00015,22,0.250757553515898,2.9019469592513696,9,Democracy
Pooled,o_min,xgb_tree_d3,m052519_o_min_ord8_rk00005,8,0.25074837130397243,2.5,6,Air Pollution
Pooled,o_min,xgb_tree_d3,m054523_o_min_ord10_rk00009,10,0.25073470165272926,2.4464393446710155,6,Temperature
Pooled,o_min,xgb_tree_d3,m059520_o_min_ord15_rk00006,15,0.2507207605403039,2.8225797618424915,8,Temperature
Pooled,o_min,xgb_tree_d3,m055526_o_min_ord11_rk00012,11,0.25071819403823026,2.481714572986073,6,Air Pollution
Pooled,o_min,xgb_tree_d3,m059519_o_min_ord15_rk00005,15,0.2506965889701953,2.8225797618424915,8,Temperature
Pooled,o_min,xgb_tree_d3,m058532_o_min_ord14_rk00018,14,0.2506791640201175,2.270942421748537,5,Temperature
Pooled,o_min,xgb_tree_d3,m073525_o_min_ord29_rk00011,29,0.25060233266344045,2.900915908846073,9,Democracy
Pooled,o_min,xgb_tree_d3,m072520_o_min_ord28_rk00006,28,0.2505941209890774,2.937193208607594,10,Democracy
Pooled,o_min,xgb_tree_d3,m062528_o_min_ord18_rk00014,18,0.2505826118841301,2.4387439204017474,7,Democracy
Pooled,o_min,xgb_tree_d3,m047518_o_min_ord3_rk00004,3,0.25057492535623416,0.9182958340544896,2,Democracy
Pooled,o_min,xgb_tree_d3,m054521_o_min_ord10_rk00007,10,0.25054443071410615,2.4464393446710155,6,Temperature
Pooled,o_min,xgb_tree_d3,m053525_o_min_ord9_rk00011,9,0.25043153737976864,2.725480556997868,7,Air Pollution
Pooled,o_min,xgb_tree_d3,m058526_o_min_ord14_rk00012,14,0.2504122125873861,2.5027361715940035,6,Air Pollution
Pooled,o_min,xgb_tree_d3,m069534_o_min_ord25_rk00020,25,0.25040982692686087,2.833411192621123,9,Democracy
Pooled,o_min,xgb_tree_d3,m051518_o_min_ord7_rk00004,7,0.2504041279823256,1.9502120649147465,4,Air Pollution
Pooled,o_min,xgb_tree_d3,m054515_o_min_ord10_rk00001,10,0.2503632961681096,2.7219280948873625,7,Air Pollution
Pooled,o_min,xgb_tree_d3,m048515_o_min_ord4_rk00001,4,0.2503489807058771,1.0,2,Air Pollution
Pooled,o_min,xgb_tree_d3,m068520_o_min_ord24_rk00006,24,0.2503196714862086,2.8699100232740657,9,Democracy
Pooled,o_min,xgb_tree_d3,m054524_o_min_ord10_rk00010,10,0.25030114599585873,2.2464393446710154,5,Temperature
Pooled,o_min,xgb_tree_d3,m050520_o_min_ord6_rk00006,6,0.2502896533908825,1.9182958340544893,4,Air Pollution
Pooled,o_min,xgb_tree_d3,m049526_o_min_ord5_rk00012,5,0.2502473958391893,1.5219280948873621,3,Air Pollution
Pooled,o_min,xgb_tree_d3,m065532_o_min_ord21_rk00018,21,0.250173174092743,2.753918758180346,9,Democracy
Pooled,o_min,xgb_tree_d3,m067534_o_min_ord23_rk00020,23,0.25014251356738226,2.8598809775139515,9,Democracy
Pooled,o_min,xgb_tree_d3,m065533_o_min_ord21_rk00019,21,0.25013735955438476,2.7199643047423914,7,Democracy
Pooled,o_min,xgb_tree_d3,m049534_o_min_ord5_rk00020,5,0.2501194598121783,1.9219280948873623,4,Precipitation/droughts
Pooled,o_min,xgb_tree_d3,m055516_o_min_ord11_rk00002,11,0.2501095781252195,2.663532754804255,7,Temperature
Pooled,o_min,xgb_tree_d3,m061526_o_min_ord17_rk00012,17,0.2500884444950472,2.7045348998193433,7,Temperature
Pooled,o_min,xgb_tree_d3,m066524_o_min_ord22_rk00010,22,0.25007779891513127,2.9019469592513696,9,Democracy
Pooled,o_min,xgb_tree_d3,m069531_o_min_ord25_rk00017,25,0.25006017201887276,2.8888840705376357,9,Democracy
Pooled,o_min,xgb_tree_d3,m062520_o_min_ord18_rk00006,18,0.2500593146619021,2.752715278979705,7,Democracy
Pooled,o_min,xgb_tree_d3,m060524_o_min_ord16_rk00010,16,0.24999782145412264,2.6556390622295662,7,Temperature
Pooled,o_min,xgb_tree_d3,m054522_o_min_ord10_rk00008,10,0.24995981907738607,2.7219280948873625,7,Temperature
Pooled,o_min,xgb_tree_d3,m053531_o_min_ord9_rk00017,9,0.24993625433873123,2.197159723424149,5,Air Pollution
Pooled,o_min,xgb_tree_d3,m056526_o_min_ord12_rk00012,12,0.24991962490730268,2.8553885422075336,8,Precipitation/droughts
Pooled,o_min,xgb_tree_d3,m059531_o_min_ord15_rk00017,15,0.24989606839516676,2.8225797618424915,8,Temperature
Pooled,o_min,xgb_tree_d3,m048527_o_min_ord4_rk00013,4,0.24982220669555855,2.0,4,Air Pollution
Pooled,o_min,xgb_tree_d3,m060530_o_min_ord16_rk00016,16,0.2498221768784974,2.686278124459133,7,Air Pollution
Pooled,o_min,xgb_tree_d3,m067517_o_min_ord23_rk00003,23,0.24978729170973535,2.9424955222917832,9,Democracy
Pooled,o_min,xgb_tree_d3,m056520_o_min_ord12_rk00006,12,0.24977324998839445,2.6258145836939115,7,Temperature
Pooled,o_min,xgb_tree_d3,m061530_o_min_ord17_rk00016,17,0.2497302875464248,2.6312929881819,7,Temperature
Pooled,o_min,xgb_tree_d3,m047522_o_min_ord3_rk00008,3,0.24971509235188105,0.9182958340544896,2,Democracy
Pooled,o_min,xgb_tree_d3,m065525_o_min_ord21_rk00011,21,0.24970399760863482,2.7606668272315975,8,Democracy
Pooled,o_min,xgb_tree_d3,m061528_o_min_ord17_rk00014,17,0.24967621509646998,2.6601297526332566,7,Democracy
Pooled,o_min,xgb_tree_d3,m067516_o_min_ord23_rk00002,23,0.24966029712117066,2.9140163035068443,9,Democracy
Pooled,o_min,xgb_tree_d3,m071522_o_min_ord27_rk00008,27,0.2496476303010624,2.815460540067162,9,Democracy
Pooled,o_min,xgb_tree_d3,m060521_o_min_ord16_rk00007,16,0.24963027392439718,2.6556390622295662,7,Temperature
Pooled,o_min,xgb_tree_d3,m070527_o_min_ord26_rk00013,26,0.24961141842606793,2.8536700092563416,9,Democracy
Pooled,o_min,xgb_tree_d3,m058529_o_min_ord14_rk00015,14,0.2496088599373978,2.610577243331642,7,Temperature
Pooled,o_min,xgb_tree_d3,m047528_o_min_ord3_rk00014,3,0.24957677394812317,0.9182958340544896,2,Air Pollution
Pooled,o_min,xgb_tree_d3,m064515_o_min_ord20_rk00001,20,0.2494553332716396,2.6841837197791887,7,Temperature
Pooled,o_min,xgb_tree_d3,m072521_o_min_ord28_rk00007,28,0.24941626587117594,2.7754316010011366,9,Democracy
Pooled,o_min,xgb_tree_d3,m067532_o_min_ord23_rk00018,23,0.24939882445723016,2.766763175336722,9,Democracy
Pooled,o_min,xgb_tree_d3,m071530_o_min_ord27_rk00016,27,0.24937396613399276,2.976516671385561,10,Democracy
Pooled,o_min,xgb_tree_d3,m064525_o_min_ord20_rk00011,20,0.24936742954216506,2.6037016960573482,7,Democracy
Pooled,o_min,xgb_tree_d3,m060522_o_min_ord16_rk00008,16,0.24931677781585715,2.6556390622295662,7,Temperature
Pooled,o_min,xgb_tree_d3,m058534_o_min_ord14_rk00020,14,0.24929909888133395,2.5027361715940035,6,Air Pollution
Pooled,o_min,xgb_tree_d3,m048534_o_min_ord4_rk00020,4,0.24928352319303315,1.5,3,Air Pollution
Pooled,o_min,xgb_tree_d3,m063528_o_min_ord19_rk00014,19,0.24926963931302593,2.6100635408770723,7,Democracy
Pooled,o_min,xgb_tree_d3,m048531_o_min_ord4_rk00017,4,0.24923622595353534,1.5,3,Air Pollution
Pooled,o_min,xgb_tree_d3,m055523_o_min_ord11_rk00009,11,0.24922179220618645,2.299896391167891,5,Temperature
Pooled,o_min,xgb_tree_d3,m066525_o_min_ord22_rk00011,22,0.24917885106757942,2.9019469592513696,9,Democracy
Pooled,o_min,xgb_tree_d3,m073529_o_min_ord29_rk00015,29,0.24912907164011366,2.900915908846073,9,Democracy
Pooled,o_min,xgb_tree_d3,m047525_o_min_ord3_rk00011,3,0.24908840780574082,0.9182958340544896,2,Temperature
Pooled,o_min,xgb_tree_d3,m052516_o_min_ord8_rk00002,8,0.2490807759827669,2.25,5,Temperature
Pooled,o_min,xgb_tree_d3,m055519_o_min_ord11_rk00005,11,0.24905869793235746,2.663532754804255,7,Air Pollution
Pooled,o_min,xgb_tree_d3,m064524_o_min_ord20_rk00010,20,0.2490479080931297,2.6841837197791887,7,Temperature
Pooled,o_min,xgb_tree_d3,m065516_o_min_ord21_rk00002,21,0.24904362880454434,2.915195993795242,9,Democracy
Pooled,o_min,xgb_tree_d3,m051525_o_min_ord7_rk00011,7,0.24903256049052191,1.950212064914747,4,Air Pollution
Pooled,o_min,xgb_tree_d3,m060515_o_min_ord16_rk00001,16,0.24902152899738272,2.7334585933443494,7,Air Pollution
Pooled,o_min,xgb_tree_d3,m059529_o_min_ord15_rk00015,15,0.24900094395949202,2.656564762130954,7,Temperature
Pooled,o_min,xgb_tree_d3,m053520_o_min_ord9_rk00006,9,0.24896378657530982,2.2810361125534238,5,Air Pollution
Pooled,o_min,xgb_tree_d3,m069520_o_min_ord25_rk00006,25,0.24895164064888897,2.8676013115120567,9,Democracy
Pooled,o_min,xgb_tree_d3,m064529_o_min_ord20_rk00015,20,0.248875277352402,2.6841837197791887,7,Temperature
Pooled,o_min,xgb_tree_d3,m057531_o_min_ord13_rk00017,13,0.24887480977874799,2.2954656791802917,5,Air Pollution
Pooled,o_min,xgb_tree_d3,m059516_o_min_ord15_rk00002,15,0.24886540921253408,2.4729055953200563,6,Temperature
Pooled,o_min,xgb_tree_d3,m068525_o_min_ord24_rk00011,24,0.2488191105700518,2.892079563925711,9,Democracy
Pooled,o_min,xgb_tree_d3,m059527_o_min_ord15_rk00013,15,0.2487876375145326,2.8225797618424915,8,Temperature
Pooled,o_min,xgb_tree_d3,m066530_o_min_ord22_rk00016,22,0.24874551408428625,2.867633890971212,9,Democracy
Pooled,o_min,xgb_tree_d3,m063521_o_min_ord19_rk00007,19,0.24872536813469526,2.6292492238560348,7,Temperature
Pooled,o_min,xgb_tree_d3,m055525_o_min_ord11_rk00011,11,0.24871665908542462,2.2998963911678914,5,Socioeconomic
Pooled,o_min,xgb_tree_d3,m057521_o_min_ord13_rk00007,13,0.24870785865778833,2.6612262562697895,7,Temperature
Pooled,o_min,xgb_tree_d3,m067529_o_min_ord23_rk00015,23,0.24865605800921897,2.6967788068829472,8,Democracy
Pooled,o_min,xgb_tree_d3,m062518_o_min_ord18_rk00004,18,0.2486448752455609,2.4885548621928453,7,Democracy
Pooled,o_min,xgb_tree_d3,m068527_o_min_ord24_rk00013,24,0.2486158459413006,2.907268229617389,9,Democracy
Pooled,o_min,xgb_tree_d3,m058523_o_min_ord14_rk00009,14,0.24861109630504918,2.2359263506290326,5,Temperature
Pooled,o_min,xgb_tree_d3,m064533_o_min_ord20_rk00019,20,0.24860054276698573,2.7282129458410016,7,Democracy
Pooled,o_min,xgb_tree_d3,m067530_o_min_ord23_rk00016,23,0.24858531280432017,2.7837353286220776,9,Democracy
Pooled,o_min,xgb_tree_d3,m074517_o_min_ord30_rk00003,30,0.2485783231269777,2.8640835117703762,9,Democracy
Pooled,o_min,xgb_tree_d3,m068524_o_min_ord24_rk00010,24,0.248569457652129,2.907268229617389,9,Democracy
Pooled,o_min,xgb_tree_d3,m052528_o_min_ord8_rk00014,8,0.2485686394040546,2.25,5,Precipitation/droughts
Pooled,o_min,xgb_tree_d3,m058521_o_min_ord14_rk00007,14,0.24854585207304114,2.5027361715940035,6,Air Pollution
Pooled,o_min,xgb_tree_d3,m059524_o_min_ord15_rk00010,15,0.24852385408586708,2.8225797618424915,8,Temperature
Pooled,o_min,xgb_tree_d3,m054533_o_min_ord10_rk00019,10,0.2485210753676561,2.4464393446710155,6,Temperature
Pooled,o_min,xgb_tree_d3,m066532_o_min_ord22_rk00018,22,0.24850983205623056,2.7155894378827394,7,Democracy
Pooled,o_min,xgb_tree_d3,m055533_o_min_ord11_rk00019,11,0.24850061649502797,2.299896391167891,5,Temperature
Pooled,o_min,xgb_tree_d3,m073521_o_min_ord29_rk00007,29,0.24843337508332541,2.8271584782454653,9,Democracy
Pooled,o_min,xgb_tree_d3,m058525_o_min_ord14_rk00011,14,0.24842061779849334,2.8423709931771084,8,Temperature
Pooled,o_min,xgb_tree_d3,m054529_o_min_ord10_rk00015,10,0.24841963300871017,2.4464393446710155,6,Air Pollution
Pooled,o_min,xgb_tree_d3,m049527_o_min_ord5_rk00013,5,0.248406850991446,1.9219280948873623,4,Air Pollution
Pooled,o_min,xgb_tree_d3,m049518_o_min_ord5_rk00004,5,0.24838427861755075,1.5219280948873621,3,Air Pollution
Pooled,o_min,xgb_tree_d3,m063522_o_min_ord19_rk00008,19,0.24836952620138142,2.7153266987718094,7,Democracy
Pooled,o_min,xgb_tree_d3,m067518_o_min_ord23_rk00004,23,0.24830855583988187,2.9140163035068443,9,Democracy
Pooled,o_min,xgb_tree_d3,m062534_o_min_ord18_rk00020,18,0.24824276336863882,2.6416041678685938,7,Precipitation/droughts
Pooled,o_min,xgb_tree_d3,m051531_o_min_ord7_rk00017,7,0.248161357404157,1.5566567074628228,3,Democracy
Pooled,o_min,xgb_tree_d3,m069532_o_min_ord25_rk00018,25,0.2481486536084423,2.8888840705376357,9,Democracy
Pooled,o_min,xgb_tree_d3,m050518_o_min_ord6_rk00004,6,0.24809700588848804,1.9182958340544896,4,Air Pollution
Pooled,o_min,xgb_tree_d3,m056521_o_min_ord12_rk00007,12,0.24807721485016265,2.8553885422075336,8,Precipitation/droughts
Pooled,o_min,xgb_tree_d3,m071526_o_min_ord27_rk00012,27,0.24807089277120808,2.815460540067162,9,Democracy
Pooled,o_min,xgb_tree_d3,m070516_o_min_ord26_rk00002,26,0.2480441604573207,2.8536700092563416,9,Democracy
Pooled,o_min,xgb_tree_d3,m051517_o_min_ord7_rk00003,7,0.24796213609191464,2.2359263506290326,5,Precipitation/droughts
Pooled,o_min,xgb_tree_d3,m058517_o_min_ord14_rk00003,14,0.24792514578607883,2.8423709931771084,8,Temperature
Pooled,o_min,xgb_tree_d3,m073526_o_min_ord29_rk00012,29,0.24788253695973161,2.8566327186686844,9,Democracy
Pooled,o_min,xgb_tree_d3,m070533_o_min_ord26_rk00019,26,0.2478793522161301,2.8536700092563416,9,Democracy
Pooled,o_min,xgb_tree_d3,m067515_o_min_ord23_rk00001,23,0.2478772986842378,2.9140163035068443,9,Democracy
Pooled,o_min,xgb_tree_d3,m066521_o_min_ord22_rk00007,22,0.2478589560505018,2.9317206879810787,9,Democracy
Pooled,o_min,xgb_tree_d3,m059518_o_min_ord15_rk00004,15,0.24780364899506546,2.739572261986723,7,Air Pollution
Pooled,o_min,xgb_tree_d3,m073527_o_min_ord29_rk00013,29,0.2477837682337508,2.8961239954868447,10,Democracy
Pooled,o_min,xgb_tree_d3,m060523_o_min_ord16_rk00009,16,0.24776307302248213,2.7806390622295662,8,Democracy
Pooled,o_min,xgb_tree_d3,m050531_o_min_ord6_rk00017,6,0.24773816859846653,1.584962500721156,3,Air Pollution
Pooled,o_min,xgb_tree_d3,m065517_o_min_ord21_rk00003,21,0.2477197657390745,2.7373227798185953,7,Temperature
Pooled,o_min,xgb_tree_d3,m073532_o_min_ord29_rk00018,29,0.24769929068474394,2.8271584782454653,9,Democracy
Pooled,o_min,xgb_tree_d3,m055534_o_min_ord11_rk00020,11,0.24769698671538032,2.2998963911678914,6,Temperature
Pooled,o_min,xgb_tree_d3,m065523_o_min_ord21_rk00009,21,0.2476947356511774,2.6606732334168424,7,Democracy
Pooled,o_min,xgb_tree_d3,m063523_o_min_ord19_rk00009,19,0.2476840761537512,2.6292492238560348,7,Temperature
Pooled,o_min,xgb_tree_d3,m062527_o_min_ord18_rk00013,18,0.24762332487640193,2.683542362433231,7,Temperature
Pooled,o_min,xgb_tree_d3,m051530_o_min_ord7_rk00016,7,0.24760730970048572,1.9502120649147465,4,Air Pollution
Pooled,o_min,xgb_tree_d3,m055521_o_min_ord11_rk00007,11,0.2475767370569869,2.299896391167891,5,Temperature
Pooled,o_min,xgb_tree_d3,m073515_o_min_ord29_rk00001,29,0.24756290045386498,2.8271584782454653,9,Democracy
Pooled,o_min,xgb_tree_d3,m072525_o_min_ord28_rk00011,28,0.2475555937072531,2.7754316010011366,9,Democracy
Pooled,o_min,xgb_tree_d3,m056534_o_min_ord12_rk00020,12,0.24747496851281736,2.8553885422075336,8,Temperature
Pooled,o_min,xgb_tree_d3,m056518_o_min_ord12_rk00004,12,0.24745681198528058,2.584962500721156,7,Temperature
Pooled,o_min,xgb_tree_d3,m070517_o_min_ord26_rk00003,26,0.2473671793457941,2.8536700092563416,9,Democracy
Pooled,o_min,xgb_tree_d3,m047530_o_min_ord3_rk00016,3,0.24734457155802902,0.9182958340544896,2,Democracy
Pooled,o_min,xgb_tree_d3,m061531_o_min_ord17_rk00017,17,0.24729443737410828,2.6312929881819,7,Temperature
Pooled,o_min,xgb_tree_d3,m058528_o_min_ord14_rk00014,14,0.24727494206155143,2.699513850319966,7,Air Pollution
Pooled,o_min,xgb_tree_d3,m060527_o_min_ord16_rk00013,16,0.24725669379522286,2.6556390622295662,7,Temperature
Pooled,o_min,xgb_tree_d3,m073524_o_min_ord29_rk00010,29,0.24725239941446575,2.983342099382735,10,Democracy
Pooled,o_min,xgb_tree_d3,m067523_o_min_ord23_rk00009,23,0.2472064502213298,2.9140163035068443,9,Democracy
Pooled,o_min,xgb_tree_d3,m063533_o_min_ord19_rk00019,19,0.24719824449865857,2.694781460584273,7,Temperature
Pooled,o_min,xgb_tree_d3,m047527_o_min_ord3_rk00013,3,0.24718113404115316,0.9182958340544896,2,Democracy
Pooled,o_min,xgb_tree_d3,m066527_o_min_ord22_rk00013,22,0.24715086468876346,2.9019469592513696,9,Democracy
Pooled,o_min,xgb_tree_d3,m071518_o_min_ord27_rk00004,27,0.24714182532766038,2.815460540067162,9,Democracy
Pooled,o_min,xgb_tree_d3,m057516_o_min_ord13_rk00002,13,0.24712486686765522,2.6235166412180155,7,Temperature
Pooled,o_min,xgb_tree_d3,m073528_o_min_ord29_rk00014,29,0.24711374785595763,2.8271584782454653,9,Democracy
Pooled,o_min,xgb_tree_d3,m067519_o_min_ord23_rk00005,23,0.24710085870165788,2.859880977513952,9,Democracy
Pooled,o_min,xgb_tree_d3,m073530_o_min_ord29_rk00016,29,0.24709455268632907,2.8566327186686844,9,Democracy
Pooled,o_min,xgb_tree_d3,m061534_o_min_ord17_rk00020,17,0.24708975817755685,2.7045348998193433,7,Temperature
Pooled,o_min,xgb_tree_d3,m049516_o_min_ord5_rk00002,5,0.2470329204269217,1.5219280948873621,3,Air Pollution
Pooled,o_min,xgb_tree_d3,m064534_o_min_ord20_rk00020,20,0.2470135209975829,2.6841837197791887,7,Temperature
Pooled,o_min,xgb_tree_d3,m058524_o_min_ord14_rk00010,14,0.24699276006941062,2.8423709931771084,8,Temperature
Pooled,o_min,xgb_tree_d3,m071528_o_min_ord27_rk00014,27,0.24695958869376222,2.815460540067162,9,Democracy
Pooled,o_min,xgb_tree_d3,m070531_o_min_ord26_rk00017,26,0.24690339214372603,2.8536700092563416,9,Democracy
Pooled,o_min,xgb_tree_d3,m063527_o_min_ord19_rk00013,19,0.24683728633595037,2.6292492238560348,7,Temperature
Pooled,o_min,xgb_tree_d3,m067528_o_min_ord23_rk00014,23,0.24682609320279925,2.8927021732601896,9,Democracy
Pooled,o_min,xgb_tree_d3,m072534_o_min_ord28_rk00020,28,0.24682242190900294,2.937193208607594,10,Democracy
Pooled,o_min,xgb_tree_d3,m048524_o_min_ord4_rk00010,4,0.2467989576055305,1.5,3,Air Pollution
Pooled,o_min,xgb_tree_d3,m073516_o_min_ord29_rk00002,29,0.24678953175764062,2.900915908846073,9,Democracy
Pooled,o_min,xgb_tree_d3,m069526_o_min_ord25_rk00012,25,0.24674996614328149,2.8676013115120567,9,Democracy
Pooled,o_min,xgb_tree_d3,m057525_o_min_ord13_rk00011,13,0.24674206379616603,2.7192945256669794,7,Air Pollution
Pooled,o_min,xgb_tree_d3,m067522_o_min_ord23_rk00008,23,0.24674074909116073,2.9140163035068443,9,Democracy
Pooled,o_min,xgb_tree_d3,m061523_o_min_ord17_rk00009,17,0.2467216641132739,2.7333716642706998,7,Air Pollution
Pooled,o_min,xgb_tree_d3,m061519_o_min_ord17_rk00005,17,0.24667265460473087,2.6312929881819,7,Temperature
Pooled,o_min,xgb_tree_d3,m060532_o_min_ord16_rk00018,16,0.24666912731369994,2.8584585933443494,8,Temperature
Pooled,o_min,xgb_tree_d3,m060517_o_min_ord16_rk00003,16,0.24664297942146263,2.452819531114783,6,Temperature
Pooled,o_min,xgb_tree_d3,m068519_o_min_ord24_rk00005,24,0.24662378545332564,2.907268229617389,9,Democracy
Pooled,o_min,xgb_tree_d3,m070518_o_min_ord26_rk00004,26,0.24661691628087823,2.811231430496332,9,Democracy
Pooled,o_min,xgb_tree_d3,m053521_o_min_ord9_rk00007,9,0.2466168730704461,2.5032583347756456,6,Air Pollution
Pooled,o_min,xgb_tree_d3,m073533_o_min_ord29_rk00019,29,0.24658692851422925,2.8271584782454653,9,Democracy
Pooled,o_min,xgb_tree_d3,m052521_o_min_ord8_rk00007,8,0.2465593329975212,1.9056390622295665,4,Socioeconomic
Pooled,o_min,xgb_tree_d3,m069533_o_min_ord25_rk00019,25,0.24650189193501093,2.8676013115120567,9,Democracy
Pooled,o_min,xgb_tree_d3,m069525_o_min_ord25_rk00011,25,0.2464952996988481,2.8676013115120567,9,Democracy
Pooled,o_min,xgb_tree_d3,m067526_o_min_ord23_rk00012,23,0.2464774997136404,2.8440319350530703,9,Democracy
Pooled,o_min,xgb_tree_d3,m061518_o_min_ord17_rk00004,17,0.2464681678975763,2.6312929881819,7,Temperature
Pooled,o_min,xgb_tree_d3,m069519_o_min_ord25_rk00005,25,0.24642572246138938,2.823465189601647,9,Democracy
Pooled,o_min,xgb_tree_d3,m068533_o_min_ord24_rk00019,24,0.24639731463847225,2.8699100232740657,9,Democracy
Pooled,o_min,xgb_tree_d3,m068529_o_min_ord24_rk00015,24,0.2463682302380088,2.907268229617389,9,Democracy
Pooled,o_min,xgb_tree_d3,m062524_o_min_ord18_rk00010,18,0.2463361177333937,2.6416041678685938,7,Temperature
Pooled,o_min,xgb_tree_d3,m074533_o_min_ord30_rk00019,30,0.24632371167365275,2.7874302980927217,9,Democracy
Pooled,o_min,xgb_tree_d3,m073520_o_min_ord29_rk00006,29,0.24628571093644847,2.7447322877088034,8,Democracy
Pooled,o_min,xgb_tree_d3,m074521_o_min_ord30_rk00007,30,0.24628326997335936,2.7874302980927217,9,Democracy
Pooled,o_min,xgb_tree_d3,m073523_o_min_ord29_rk00009,29,0.24624023744871082,2.8271584782454653,9,Democracy
Pooled,o_min,xgb_tree_d3,m047516_o_min_ord3_rk00002,3,0.2462149368784381,0.9182958340544896,2,Democracy
Pooled,o_min,xgb_tree_d3,m068522_o_min_ord24_rk00008,24,0.2462029845562569,2.8699100232740657,9,Democracy
Pooled,o_min,xgb_tree_d3,m062522_o_min_ord18_rk00008,18,0.2461922067058432,2.905764584655453,8,Democracy
Pooled,o_min,xgb_tree_d3,m048533_o_min_ord4_rk00019,4,0.2461486160195696,1.5,3,Air Pollution
Pooled,o_min,xgb_tree_d3,m064522_o_min_ord20_rk00008,20,0.24612873934154333,2.865957320949175,8,Democracy
Pooled,o_min,xgb_tree_d3,m074519_o_min_ord30_rk00005,30,0.24612845792124927,2.8640835117703762,9,Democracy
Pooled,o_min,xgb_tree_d3,m061532_o_min_ord17_rk00018,17,0.24612488251317,2.4692407821722844,6,Temperature
Pooled,o_min,xgb_tree_d3,m053527_o_min_ord9_rk00013,9,0.24610555895379205,2.197159723424149,5,Socioeconomic
Pooled,o_min,xgb_tree_d3,m069515_o_min_ord25_rk00001,25,0.2460587239428792,2.8676013115120567,9,Democracy
Pooled,o_min,xgb_tree_d3,m056528_o_min_ord12_rk00014,12,0.24605573662667446,2.292481250360578,5,Temperature
Pooled,o_min,xgb_tree_d3,m054520_o_min_ord10_rk00006,10,0.24605094244921388,2.4464393446710155,6,Temperature
Pooled,o_min,xgb_tree_d3,m047524_o_min_ord3_rk00010,3,0.24601075500526082,0.9182958340544896,2,Democracy
Pooled,o_min,xgb_tree_d3,m059532_o_min_ord15_rk00018,15,0.24600996983063528,2.689246428509158,7,Air Pollution
Pooled,o_min,xgb_tree_d3,m073522_o_min_ord29_rk00008,29,0.24589532984324125,2.900915908846073,9,Democracy
Pooled,o_min,xgb_tree_d3,m057517_o_min_ord13_rk00003,13,0.2458921798530378,2.6612262562697895,7,Temperature
Pooled,o_min,xgb_tree_d3,m056523_o_min_ord12_rk00009,12,0.24589179389441607,2.688721875540867,7,Temperature
Pooled,o_min,xgb_tree_d3,m058522_o_min_ord14_rk00008,14,0.24586996857367793,2.6455933144511468,7,Temperature
Pooled,o_min,xgb_tree_d3,m059522_o_min_ord15_rk00008,15,0.2458379324839779,2.4729055953200563,6,Democracy
Pooled,o_min,xgb_tree_d3,m061517_o_min_ord17_rk00003,17,0.24576082612434424,2.7045348998193433,7,Temperature
Pooled,o_min,xgb_tree_d3,m068534_o_min_ord24_rk00020,24,0.24574388656358936,2.907268229617389,9,Democracy
Pooled,o_min,xgb_tree_d3,m071515_o_min_ord27_rk00001,27,0.2457307943263648,2.815460540067162,9,Democracy
Pooled,o_min,xgb_tree_d3,m074528_o_min_ord30_rk00014,30,0.24569070747451127,2.9437621626224817,10,Democracy
Pooled,o_min,xgb_tree_d3,m071516_o_min_ord27_rk00002,27,0.24567844106481962,2.815460540067162,9,Democracy
Pooled,o_min,xgb_tree_d3,m057530_o_min_ord13_rk00016,13,0.24567711881347898,2.7192945256669794,7,Temperature
Pooled,o_min,xgb_tree_d3,m058530_o_min_ord14_rk00016,14,0.24561895666377898,2.6455933144511468,7,Temperature
Pooled,o_min,xgb_tree_d3,m071529_o_min_ord27_rk00015,27,0.24561055238036522,2.9341001148030923,9,Democracy
Pooled,o_min,xgb_tree_d3,m070524_o_min_ord26_rk00010,26,0.24553684043556312,2.8252517372886508,9,Democracy
Pooled,o_min,xgb_tree_d3,m056530_o_min_ord12_rk00016,12,0.24550618263936763,2.688721875540867,7,Temperature
Pooled,o_min,xgb_tree_d3,m057515_o_min_ord13_rk00001,13,0.24549189009729877,2.6612262562697895,7,Temperature
Pooled,o_min,xgb_tree_d3,m059533_o_min_ord15_rk00019,15,0.24548583807772528,2.8225797618424915,8,Temperature
Pooled,o_min,xgb_tree_d3,m048532_o_min_ord4_rk00018,4,0.24534738608121665,1.5,3,Temperature
Pooled,o_min,xgb_tree_d3,m061527_o_min_ord17_rk00013,17,0.24524737082041814,2.7045348998193433,7,Temperature
Pooled,o_min,xgb_tree_d3,m069516_o_min_ord25_rk00002,25,0.24493628558163205,2.8676013115120567,9,Democracy
Pooled,o_min,xgb_tree_d3,m074530_o_min_ord30_rk00016,30,0.24492537588382113,2.8770954959558153,9,Democracy
Pooled,o_min,xgb_tree_d3,m071531_o_min_ord27_rk00017,27,0.24489702627160148,2.815460540067162,9,Democracy
Pooled,o_min,xgb_tree_d3,m074534_o_min_ord30_rk00020,30,0.24488825950357995,2.7874302980927217,9,Democracy
Pooled,o_min,xgb_tree_d3,m065527_o_min_ord21_rk00013,21,0.2448666314437894,2.6606732334168424,7,Democracy
Pooled,o_min,xgb_tree_d3,m071519_o_min_ord27_rk00005,27,0.24481803217877507,2.815460540067162,9,Democracy
Pooled,o_min,xgb_tree_d3,m060516_o_min_ord16_rk00002,16,0.2447792590096043,2.5306390622295662,6,Temperature
Pooled,o_min,xgb_tree_d3,m058520_o_min_ord14_rk00006,14,0.24477835672876558,2.8423709931771084,8,Temperature
Pooled,o_min,xgb_tree_d3,m057526_o_min_ord13_rk00012,13,0.2447655343777958,2.449311833026446,6,Temperature
Pooled,o_min,xgb_tree_d3,m062519_o_min_ord18_rk00005,18,0.24473793356099793,2.683542362433231,7,Temperature
Pooled,o_min,xgb_tree_d3,m048522_o_min_ord4_rk00008,4,0.2446808270510895,1.5,3,Air Pollution
Pooled,o_min,xgb_tree_d3,m053523_o_min_ord9_rk00009,9,0.24465128011940662,2.2810361125534238,5,Temperature
Pooled,o_min,xgb_tree_d3,m056533_o_min_ord12_rk00019,12,0.2446474278293984,2.292481250360578,5,Temperature
Pooled,o_min,xgb_tree_d3,m073534_o_min_ord29_rk00020,29,0.2446076772781317,2.983342099382735,10,Democracy
Pooled,o_min,xgb_tree_d3,m070523_o_min_ord26_rk00009,26,0.244586738839923,2.8252517372886508,9,Democracy
Pooled,o_min,xgb_tree_d3,m059530_o_min_ord15_rk00016,15,0.24456074656036075,2.256564762130954,5,Temperature
Pooled,o_min,xgb_tree_d3,m055529_o_min_ord11_rk00015,11,0.24455811284653994,2.663532754804255,7,Temperature
Pooled,o_min,xgb_tree_d3,m063519_o_min_ord19_rk00005,19,0.2445498224954712,2.7603136973125117,7,Precipitation/droughts
Pooled,o_min,xgb_tree_d3,m063529_o_min_ord19_rk00015,19,0.24451751573064118,2.4370658315190226,7,Democracy
Pooled,o_min,xgb_tree_d3,m057522_o_min_ord13_rk00008,13,0.244487551730875,2.6612262562697895,7,Temperature
Pooled,o_min,xgb_tree_d3,m054531_o_min_ord10_rk00017,10,0.24447774649705478,2.2464393446710154,5,Socioeconomic
Pooled,o_min,xgb_tree_d3,m050534_o_min_ord6_rk00020,6,0.2443161076641297,2.2516291673878226,5,Precipitation/droughts
Pooled,o_min,xgb_tree_d3,m059521_o_min_ord15_rk00007,15,0.24430047414590395,2.689246428509158,7,Air Pollution
Pooled,o_min,xgb_tree_d3,m070528_o_min_ord26_rk00014,26,0.24426399204529747,2.8252517372886508,9,Democracy
Pooled,o_min,xgb_tree_d3,m057524_o_min_ord13_rk00010,13,0.24423256150763528,2.2577560641285177,5,Temperature
Pooled,o_min,xgb_tree_d3,m069523_o_min_ord25_rk00009,25,0.24416348742920246,2.8676013115120567,9,Democracy
Pooled,o_min,xgb_tree_d3,m050528_o_min_ord6_rk00014,6,0.2441356681869552,1.4591479170272448,3,Socioeconomic
Pooled,o_min,xgb_tree_d3,m060520_o_min_ord16_rk00006,16,0.24410932897837012,2.8584585933443494,8,Temperature
Pooled,o_min,xgb_tree_d3,m054528_o_min_ord10_rk00014,10,0.24403564299483882,2.2464393446710154,5,Temperature
Pooled,o_min,xgb_tree_d3,m051534_o_min_ord7_rk00020,7,0.24402292297349126,2.5216406363433186,6,Precipitation/droughts
Pooled,o_min,xgb_tree_d3,m056515_o_min_ord12_rk00001,12,0.24399506176930907,2.688721875540867,7,Temperature
Pooled,o_min,xgb_tree_d3,m057518_o_min_ord13_rk00004,13,0.24396316888564662,2.873140679513133,8,Temperature
Pooled,o_min,xgb_tree_d3,m071533_o_min_ord27_rk00019,27,0.24394572367611866,2.815460540067162,9,Democracy
Pooled,o_min,xgb_tree_d3,m072519_o_min_ord28_rk00005,28,0.24393567704363994,2.704003029572565,8,Democracy
Pooled,o_min,xgb_tree_d3,m062526_o_min_ord18_rk00012,18,0.24393246622390918,2.4830067805200744,6,Democracy
Pooled,o_min,xgb_tree_d3,m073518_o_min_ord29_rk00004,29,0.24390148022006342,2.8271584782454653,9,Democracy
Pooled,o_min,xgb_tree_d3,m052527_o_min_ord8_rk00013,8,0.24386093733566616,2.25,5,Precipitation/droughts
Pooled,o_min,xgb_tree_d3,m063526_o_min_ord19_rk00012,19,0.24383093426162417,2.694781460584273,7,Precipitation/droughts
Pooled,o_min,xgb_tree_d3,m047526_o_min_ord3_rk00012,3,0.24381053570418354,0.9182958340544896,2,Air Pollution
Pooled,o_min,xgb_tree_d3,m063515_o_min_ord19_rk00001,19,0.24380811916985823,2.6947814605842733,7,Temperature
Pooled,o_min,xgb_tree_d3,m064531_o_min_ord20_rk00017,20,0.2437252979957215,2.865957320949175,8,Democracy
Pooled,o_min,xgb_tree_d3,m061522_o_min_ord17_rk00008,17,0.24368073551598646,2.513645929358371,6,Temperature
Pooled,o_min,xgb_tree_d3,m063530_o_min_ord19_rk00016,19,0.24356452511771787,2.9000516989995426,9,Democracy
Pooled,o_min,xgb_tree_d3,m050521_o_min_ord6_rk00007,6,0.2435572477421486,1.9182958340544893,4,Precipitation/droughts
Pooled,o_min,xgb_tree_d3,m068528_o_min_ord24_rk00014,24,0.2435343906490306,2.907268229617389,9,Democracy
Pooled,o_min,xgb_tree_d3,m057533_o_min_ord13_rk00019,13,0.24351308682116257,2.6612262562697895,7,Temperature
Pooled,o_min,xgb_tree_d3,m051516_o_min_ord7_rk00002,7,0.2434848278908046,1.3787834934861753,3,Democracy
Pooled,o_min,xgb_tree_d3,m052534_o_min_ord8_rk00020,8,0.24344066420803168,2.25,5,Air Pollution
Pooled,o_min,xgb_tree_d3,m052522_o_min_ord8_rk00008,8,0.24338957655436677,2.25,5,Temperature
Pooled,o_min,xgb_tree_d3,m059528_o_min_ord15_rk00014,15,0.24335257880752814,2.689246428509158,7,Air Pollution
Pooled,o_min,xgb_tree_d3,m049531_o_min_ord5_rk00017,5,0.24328542323709668,1.9219280948873623,4,Precipitation/droughts
Pooled,o_min,xgb_tree_d3,m074524_o_min_ord30_rk00010,30,0.24325591411829406,2.9437621626224817,10,Democracy
Pooled,o_min,xgb_tree_d3,m051523_o_min_ord7_rk00009,7,0.2432527127251004,1.9502120649147465,4,Precipitation/droughts
Pooled,o_min,xgb_tree_d3,m052520_o_min_ord8_rk00006,8,0.24319480071343813,2.25,5,Temperature
Pooled,o_min,xgb_tree_d3,m072530_o_min_ord28_rk00016,28,0.2431237603120312,2.935698780751651,9,Democracy
Pooled,o_min,xgb_tree_d3,m074526_o_min_ord30_rk00012,30,0.24303805423093527,2.7874302980927217,9,Democracy
Pooled,o_min,xgb_tree_d3,m074522_o_min_ord30_rk00008,30,0.24288167244917214,2.9437621626224817,10,Democracy
Pooled,o_min,xgb_tree_d3,m050527_o_min_ord6_rk00013,6,0.24282039452204507,1.9182958340544893,4,Air Pollution
Pooled,o_min,xgb_tree_d3,m065524_o_min_ord21_rk00010,21,0.24280935464826547,2.6606732334168424,7,Democracy
Pooled,o_min,xgb_tree_d3,m071524_o_min_ord27_rk00010,27,0.24273939779796005,2.815460540067162,9,Democracy
Pooled,o_min,xgb_tree_d3,m063524_o_min_ord19_rk00010,19,0.24254150279424969,2.694781460584273,7,Temperature
Pooled,o_min,xgb_tree_d3,m047521_o_min_ord3_rk00007,3,0.24252329758297164,0.9182958340544896,2,Democracy
Pooled,o_min,xgb_tree_d3,m060533_o_min_ord16_rk00019,16,0.24249300585366995,2.8584585933443494,8,Temperature
Pooled,o_min,xgb_tree_d3,m069521_o_min_ord25_rk00007,25,0.24242353067735622,2.8888840705376357,9,Democracy
Pooled,o_min,xgb_tree_d3,m074523_o_min_ord30_rk00009,30,0.24212875349127538,2.9437621626224817,10,Democracy
Pooled,o_min,xgb_tree_d3,m061521_o_min_ord17_rk00007,17,0.24208277686680169,2.41896119556797,6,Democracy
Pooled,o_min,xgb_tree_d3,m062521_o_min_ord18_rk00007,18,0.24198095658804286,2.7107770844150676,7,Precipitation/droughts
Pooled,o_min,xgb_tree_d3,m063518_o_min_ord19_rk00004,19,0.24197281261652503,2.9053077763737467,8,Democracy
Pooled,o_min,xgb_tree_d3,m071517_o_min_ord27_rk00003,27,0.24188061083795542,2.815460540067162,9,Democracy
Pooled,o_min,xgb_tree_d3,m073519_o_min_ord29_rk00005,29,0.24185246325102472,2.8271584782454653,9,Democracy
Pooled,o_min,xgb_tree_d3,m050519_o_min_ord6_rk00005,6,0.24182733383158483,1.9182958340544893,4,Air Pollution
Pooled,o_min,xgb_tree_d3,m071520_o_min_ord27_rk00006,27,0.24181520483180985,2.815460540067162,9,Democracy
Pooled,o_min,xgb_tree_d3,m071527_o_min_ord27_rk00013,27,0.2418039952904365,2.9024425973114867,9,Democracy
Pooled,o_min,xgb_tree_d3,m049532_o_min_ord5_rk00018,5,0.24167923018120196,1.5219280948873621,3,Air Pollution
Pooled,o_min,xgb_tree_d3,m053516_o_min_ord9_rk00002,9,0.24164219703799583,2.725480556997868,7,Precipitation/droughts
Pooled,o_min,xgb_tree_d3,m074520_o_min_ord30_rk00006,30,0.24161520524374847,2.9437621626224817,10,Democracy
Pooled,o_min,xgb_tree_d3,m065530_o_min_ord21_rk00016,21,0.24157056484554007,2.851149423893032,8,Democracy
Pooled,o_min,xgb_tree_d3,m063520_o_min_ord19_rk00006,19,0.2414879144205273,2.6947814605842733,7,Temperature
Pooled,o_min,xgb_tree_d3,m048526_o_min_ord4_rk00012,4,0.24134036070032283,1.5,3,Air Pollution
Pooled,o_min,xgb_tree_d3,m074516_o_min_ord30_rk00002,30,0.24132555712712878,2.7874302980927217,9,Democracy
Pooled,o_min,xgb_tree_d3,m074527_o_min_ord30_rk00013,30,0.24123564435094302,2.7874302980927217,9,Democracy
Pooled,o_min,xgb_tree_d3,m051526_o_min_ord7_rk00012,7,0.24122664887956768,1.8423709931771086,4,Democracy
Pooled,o_min,xgb_tree_d3,m056524_o_min_ord12_rk00010,12,0.24116419041306902,2.6258145836939115,7,Temperature
Pooled,o_min,xgb_tree_d3,m069529_o_min_ord25_rk00015,25,0.24114260432019585,2.8888840705376357,9,Democracy
Pooled,o_min,xgb_tree_d3,m074518_o_min_ord30_rk00004,30,0.24112962363394586,2.7874302980927217,9,Democracy
Pooled,o_min,xgb_tree_d3,m052526_o_min_ord8_rk00012,8,0.24099068568860926,2.25,5,Precipitation/droughts
Pooled,o_min,xgb_tree_d3,m047529_o_min_ord3_rk00015,3,0.24094362569881278,1.584962500721156,3,Air Pollution
Pooled,o_min,xgb_tree_d3,m050524_o_min_ord6_rk00010,6,0.24090037079546311,2.2516291673878226,5,Precipitation/droughts
Pooled,o_min,xgb_tree_d3,m056522_o_min_ord12_rk00008,12,0.24075006478434413,2.688721875540867,7,Temperature
Pooled,o_min,xgb_tree_d3,m073531_o_min_ord29_rk00017,29,0.2407452422183105,2.983342099382735,10,Democracy
Pooled,o_min,xgb_tree_d3,m071532_o_min_ord27_rk00018,27,0.24067594622401633,2.861575817764811,9,Democracy
Pooled,o_min,xgb_tree_d3,m053530_o_min_ord9_rk00016,9,0.24064644580817462,2.197159723424149,5,Democracy
Pooled,o_min,xgb_tree_d3,m050516_o_min_ord6_rk00002,6,0.24055581415125726,1.9182958340544896,4,Air Pollution
Pooled,o_min,xgb_tree_d3,m074532_o_min_ord30_rk00018,30,0.24054614873924707,2.9437621626224817,10,Democracy
Pooled,o_min,xgb_tree_d3,m065521_o_min_ord21_rk00007,21,0.2405172491007297,2.851149423893032,8,Democracy
Pooled,o_min,xgb_tree_d3,m053515_o_min_ord9_rk00001,9,0.240476615831691,2.197159723424149,5,Socioeconomic
Pooled,o_min,xgb_tree_d3,m071534_o_min_ord27_rk00020,27,0.240424191936073,2.9024425973114867,9,Democracy
Pooled,o_min,xgb_tree_d3,m054516_o_min_ord10_rk00002,10,0.24032119252653483,2.2464393446710154,5,Socioeconomic
Pooled,o_min,xgb_tree_d3,m056531_o_min_ord12_rk00017,12,0.24024956511954365,2.4591479170272446,6,Temperature
Pooled,o_min,xgb_tree_d3,m054526_o_min_ord10_rk00012,10,0.24021318573390993,2.4464393446710155,6,Air Pollution
Pooled,o_min,xgb_tree_d3,m073517_o_min_ord29_rk00003,29,0.24010472938471394,2.8271584782454653,9,Democracy
Pooled,o_min,xgb_tree_d3,m047534_o_min_ord3_rk00020,3,0.23996855828957864,1.584962500721156,3,Air Pollution
Pooled,o_min,xgb_tree_d3,m049515_o_min_ord5_rk00001,5,0.23989275436551505,1.5219280948873621,3,Precipitation/droughts
Pooled,o_min,xgb_tree_d3,m053526_o_min_ord9_rk00012,9,0.2398828079844455,2.197159723424149,5,Temperature
Pooled,o_min,xgb_tree_d3,m054525_o_min_ord10_rk00011,10,0.2398810752393914,2.2464393446710154,5,Socioeconomic
Pooled,o_min,xgb_tree_d3,m060528_o_min_ord16_rk00014,16,0.23964546270207399,2.8584585933443494,8,Temperature
Pooled,o_min,xgb_tree_d3,m047523_o_min_ord3_rk00009,3,0.23963428727064406,1.584962500721156,3,Air Pollution
Pooled,o_min,xgb_tree_d3,m055515_o_min_ord11_rk00001,11,0.239565631746246,2.7321588913645702,7,Air Pollution
Pooled,o_min,xgb_tree_d3,m053522_o_min_ord9_rk00008,9,0.23929607181331525,2.5032583347756456,6,Temperature
Pooled,o_min,xgb_tree_d3,m050526_o_min_ord6_rk00012,6,0.2392541568677573,1.9182958340544896,4,Precipitation/droughts
Pooled,o_min,xgb_tree_d3,m050533_o_min_ord6_rk00019,6,0.23920287765485249,1.9182958340544896,4,Precipitation/droughts
Pooled,o_min,xgb_tree_d3,m050529_o_min_ord6_rk00015,6,0.23915603322727286,1.9182958340544893,4,Air Pollution
Pooled,o_min,xgb_tree_d3,m054534_o_min_ord10_rk00020,10,0.23910131971310034,2.721928094887362,7,Air Pollution
Pooled,o_min,xgb_tree_d3,m059515_o_min_ord15_rk00001,15,0.23909408899268414,2.872905595320056,8,Temperature
Pooled,o_min,xgb_tree_d3,m051532_o_min_ord7_rk00018,7,0.2388933035284293,1.8423709931771086,4,Democracy
Pooled,o_min,xgb_tree_d3,m052517_o_min_ord8_rk00003,8,0.2386129488865154,2.1556390622295662,5,Socioeconomic
Pooled,o_min,xgb_tree_d3,m053524_o_min_ord9_rk00010,9,0.23804798467483113,2.197159723424149,5,Socioeconomic
Pooled,o_min,xgb_tree_d3,m055520_o_min_ord11_rk00006,11,0.23794925234167785,2.481714572986073,6,Democracy
Pooled,o_min,xgb_tree_d3,m051533_o_min_ord7_rk00019,7,0.23780422839285487,1.8423709931771086,4,Democracy
Pooled,o_min,xgb_tree_d3,m074531_o_min_ord30_rk00017,30,0.2376242071801551,2.9437621626224817,10,Democracy
Pooled,o_min,xgb_tree_d3,m053529_o_min_ord9_rk00015,9,0.23756853390894728,2.197159723424149,5,Socioeconomic
Pooled,o_min,xgb_tree_d3,m051519_o_min_ord7_rk00005,7,0.2375322644701584,1.3787834934861753,3,Democracy
Pooled,o_min,xgb_tree_d3,m054527_o_min_ord10_rk00013,10,0.2370956079321478,2.2464393446710154,5,Socioeconomic
Pooled,o_min,xgb_tree_d3,m051521_o_min_ord7_rk00007,7,0.2365845260906072,2.2359263506290326,5,Precipitation/droughts
Pooled,o_min,xgb_tree_d3,m052523_o_min_ord8_rk00009,8,0.23598305157068988,2.5,6,Precipitation/droughts
Pooled,o_min,xgb_tree_d3,m071523_o_min_ord27_rk00009,27,0.23589488433503436,2.741386465993088,8,Democracy
Pooled,o_min,xgb_tree_d3,m050523_o_min_ord6_rk00009,6,0.23583775181989064,1.9182958340544896,4,Precipitation/droughts
Pooled,o_min,xgb_tree_d3,m056525_o_min_ord12_rk00011,12,0.23572361385540208,2.688721875540867,7,Temperature
Pooled,o_min,xgb_tree_d3,m057532_o_min_ord13_rk00018,13,0.2349424399638148,2.7773627950641693,8,Temperature
Pooled,o_min,xgb_tree_d3,m056516_o_min_ord12_rk00002,12,0.2344365201619557,2.4591479170272446,6,Temperature
Pooled,o_min,xgb_tree_d3,m050515_o_min_ord6_rk00001,6,0.23397143436484436,1.4591479170272448,3,Democracy
Pooled,o_min,xgb_tree_d3,m050525_o_min_ord6_rk00011,6,0.23389272487884338,1.4591479170272448,3,Democracy
Pooled,o_min,xgb_tree_d3,m049528_o_min_ord5_rk00014,5,0.2334105942812975,1.5219280948873621,3,Precipitation/droughts
Pooled,o_min,xgb_tree_d3,m050530_o_min_ord6_rk00016,6,0.2332259545040709,1.9182958340544896,4,Air Pollution
Pooled,o_min,xgb_tree_d3,m053517_o_min_ord9_rk00003,9,0.2327699697362362,2.1971597234241496,5,Socioeconomic
Pooled,o_min,xgb_tree_d3,m051529_o_min_ord7_rk00015,7,0.23268859673439046,1.8423709931771086,4,Democracy
Pooled,o_min,xgb_tree_d3,m051522_o_min_ord7_rk00008,7,0.23264572541144268,2.2359263506290326,5,Precipitation/droughts
Pooled,o_min,xgb_tree_d3,m053533_o_min_ord9_rk00019,9,0.2322239867618412,2.1971597234241496,5,Socioeconomic
Pooled,o_min,xgb_tree_d3,m052525_o_min_ord8_rk00011,8,0.23148524311730623,1.75,4,Democracy
Pooled,o_min,xgb_tree_d3,m049523_o_min_ord5_rk00009,5,0.23099511218356406,1.5219280948873621,3,Precipitation/droughts
Pooled,o_min,xgb_tree_d3,m051515_o_min_ord7_rk00001,7,0.2284891166194979,2.2359263506290326,5,Precipitation/droughts
Pooled,o_max,xgb_tree_d3,m026012_o_max_ord29_rk00013,29,0.27055189615611996,1.1991018361613466,5,Democracy
Pooled,o_max,xgb_tree_d3,m025008_o_max_ord28_rk00009,28,0.2668202796255392,1.3432994441819814,6,Democracy
Pooled,o_max,xgb_tree_d3,m026005_o_max_ord29_rk00006,29,0.26454609974408483,1.1063667712836147,5,Democracy
Pooled,o_max,xgb_tree_d3,m024001_o_max_ord27_rk00002,27,0.2642733064973639,1.1625336732554155,5,Democracy
Pooled,o_max,xgb_tree_d3,m026019_o_max_ord29_rk00020,29,0.2631815113225894,1.3110022671212271,6,Democracy
Pooled,o_max,xgb_tree_d3,m020013_o_max_ord23_rk00014,23,0.2627362077025093,0.7653636126766978,4,Democracy
Pooled,o_max,xgb_tree_d3,m026011_o_max_ord29_rk00012,29,0.26254194258037933,1.3110022671212271,6,Democracy
Pooled,o_max,xgb_tree_d3,m027019_o_max_ord30_rk00020,30,0.2624916316421987,1.080424344959478,5,Democracy
Pooled,o_max,xgb_tree_d3,m026007_o_max_ord29_rk00008,29,0.26178698361667463,1.1991018361613466,5,Democracy
Pooled,o_max,xgb_tree_d3,m023006_o_max_ord26_rk00007,26,0.26155487520896026,1.1929993566060646,5,Democracy
Pooled,o_max,xgb_tree_d3,m023009_o_max_ord26_rk00010,26,0.2612644839314252,1.075875645896709,5,Democracy
Pooled,o_max,xgb_tree_d3,m022010_o_max_ord25_rk00011,25,0.2611967133695249,1.2252357794710609,5,Democracy
Pooled,o_max,xgb_tree_d3,m023001_o_max_ord26_rk00002,26,0.2609072061656249,0.969918434275037,4,Democracy
Pooled,o_max,xgb_tree_d3,m020015_o_max_ord23_rk00016,23,0.26079310487820995,1.0534081504863568,4,Democracy
Pooled,o_max,xgb_tree_d3,m024016_o_max_ord27_rk00017,27,0.26067991927377965,1.1625336732554155,5,Democracy
Pooled,o_max,xgb_tree_d3,m027008_o_max_ord30_rk00009,30,0.26066271359330206,1.1721597626314755,5,Democracy
Pooled,o_max,xgb_tree_d3,m023007_o_max_ord26_rk00008,26,0.26053303611098333,0.969918434275037,4,Democracy
Pooled,o_max,xgb_tree_d3,m025003_o_max_ord28_rk00004,28,0.260481934176636,1.2274025692592483,5,Democracy
Pooled,o_max,xgb_tree_d3,m027018_o_max_ord30_rk00019,30,0.26027276019479817,1.5656017329967198,7,Democracy
Pooled,o_max,xgb_tree_d3,m026017_o_max_ord29_rk00018,29,0.2598040490026504,1.1425175164144374,4,Democracy
Pooled,o_max,xgb_tree_d3,m026009_o_max_ord29_rk00010,29,0.25978949996249945,1.401475275184332,6,Democracy
Pooled,o_max,xgb_tree_d3,m022012_o_max_ord25_rk00013,25,0.259531074749595,1.32151018873626,5,Democracy
Pooled,o_max,xgb_tree_d3,m026002_o_max_ord29_rk00003,29,0.25947368474526067,1.1991018361613466,5,Democracy
Pooled,o_max,xgb_tree_d3,m025007_o_max_ord28_rk00008,28,0.25936747154182926,1.1336983823367468,5,Democracy
Pooled,o_max,xgb_tree_d3,m025002_o_max_ord28_rk00003,28,0.25901098549671064,1.1336983823367468,5,Democracy
Pooled,o_max,xgb_tree_d3,m024013_o_max_ord27_rk00014,27,0.258750738053126,1.1625336732554155,5,Democracy
Pooled,o_max,xgb_tree_d3,m018017_o_max_ord21_rk00018,21,0.25846775607465666,0.2761954276479391,2,Democracy
Pooled,o_max,xgb_tree_d3,m026008_o_max_ord29_rk00009,29,0.2581480655710635,1.1991018361613466,5,Democracy
Pooled,o_max,xgb_tree_d3,m023015_o_max_ord26_rk00016,26,0.2581003291386865,0.8501514254479945,4,Democracy
Pooled,o_max,xgb_tree_d3,m019009_o_max_ord22_rk00010,22,0.25795544158186035,0.5304060778306042,3,Democracy
Pooled,o_max,xgb_tree_d3,m018006_o_max_ord21_rk00007,21,0.2578559016157319,1.115520093581932,3,Democracy
Pooled,o_max,xgb_tree_d3,m023004_o_max_ord26_rk00005,26,0.2578242255345409,0.969918434275037,4,Democracy
Pooled,o_max,xgb_tree_d3,m026018_o_max_ord29_rk00019,29,0.25775891399724826,1.1425175164144374,4,Democracy
Pooled,o_max,xgb_tree_d3,m027011_o_max_ord30_rk00012,30,0.257736522217906,1.3699740752745007,6,Democracy
Pooled,o_max,xgb_tree_d3,m023011_o_max_ord26_rk00012,26,0.2573660369076314,0.969918434275037,4,Democracy
Pooled,o_max,xgb_tree_d3,m021015_o_max_ord24_rk00016,24,0.25730598757857925,0.9833557549816875,5,Democracy
Pooled,o_max,xgb_tree_d3,m018000_o_max_ord21_rk00001,21,0.25721544555136333,0.863120568566631,2,Democracy
Pooled,o_max,xgb_tree_d3,m014000_o_max_ord17_rk00001,17,0.25717088913317443,0.9366673818775624,2,Democracy
Pooled,o_max,xgb_tree_d3,m025017_o_max_ord28_rk00018,28,0.2570261507369598,1.2274025692592483,5,Democracy
Pooled,o_max,xgb_tree_d3,m020002_o_max_ord23_rk00003,23,0.25672035944995186,1.0666152167384504,3,Democracy
Pooled,o_max,xgb_tree_d3,m026006_o_max_ord29_rk00007,29,0.25667769336574353,1.3110022671212271,6,Democracy
Pooled,o_max,xgb_tree_d3,m012016_o_max_ord15_rk00017,15,0.2566388855951405,0.35335933502142136,2,Democracy
Pooled,o_max,xgb_tree_d3,m021018_o_max_ord24_rk00019,24,0.2565379482864075,1.0238995733215066,4,Democracy
Pooled,o_max,xgb_tree_d3,m027006_o_max_ord30_rk00007,30,0.256493546968102,1.3699740752745007,6,Democracy
Pooled,o_max,xgb_tree_d3,m021011_o_max_ord24_rk00012,24,0.2563967925611741,0.7416847557897409,4,Democracy
Pooled,o_max,xgb_tree_d3,m027003_o_max_ord30_rk00004,30,0.2562271781517975,1.1721597626314755,5,Democracy
Pooled,o_max,xgb_tree_d3,m026003_o_max_ord29_rk00004,29,0.256012720199396,1.1991018361613466,5,Democracy
Pooled,o_max,xgb_tree_d3,m022013_o_max_ord25_rk00014,25,0.25590293589062907,0.996118213778296,4,Democracy
Pooled,o_max,xgb_tree_d3,m022017_o_max_ord25_rk00018,25,0.25584747770484195,0.996118213778296,4,Democracy
Pooled,o_max,xgb_tree_d3,m015000_o_max_ord18_rk00001,18,0.25575427901068226,0.9182958340544896,2,Democracy
Pooled,o_max,xgb_tree_d3,m019016_o_max_ord22_rk00017,22,0.2557185109482629,0.266764987803026,2,Democracy
Pooled,o_max,xgb_tree_d3,m027015_o_max_ord30_rk00016,30,0.2556589137067734,1.1721597626314755,5,Democracy
Pooled,o_max,xgb_tree_d3,m022015_o_max_ord25_rk00016,25,0.25558649461337946,0.996118213778296,4,Democracy
Pooled,o_max,xgb_tree_d3,m018015_o_max_ord21_rk00016,21,0.2555774431717136,1.115520093581932,3,Democracy
Pooled,o_max,xgb_tree_d3,m023016_o_max_ord26_rk00017,26,0.25541625975068594,0.969918434275037,4,Democracy
Pooled,o_max,xgb_tree_d3,m025011_o_max_ord28_rk00012,28,0.25529143750785577,1.2274025692592483,5,Democracy
Pooled,o_max,xgb_tree_d3,m013009_o_max_ord16_rk00010,16,0.2551869386900293,0.3372900666170139,2,Democracy
Pooled,o_max,xgb_tree_d3,m026000_o_max_ord29_rk00001,29,0.25504585326539053,1.1991018361613466,5,Democracy
Pooled,o_max,xgb_tree_d3,m026004_o_max_ord29_rk00005,29,0.2548763637988275,1.2770049139968558,5,Democracy
Pooled,o_max,xgb_tree_d3,m019000_o_max_ord22_rk00001,22,0.2547397257487739,0.8453509366224364,2,Democracy
Pooled,o_max,xgb_tree_d3,m020012_o_max_ord23_rk00013,23,0.2547205097354497,0.5131851787372753,3,Democracy
Pooled,o_max,xgb_tree_d3,m018004_o_max_ord21_rk00005,21,0.2547096887187318,1.115520093581932,3,Democracy
Pooled,o_max,xgb_tree_d3,m027005_o_max_ord30_rk00006,30,0.25463046711934556,1.2803301792260264,6,Democracy
Pooled,o_max,xgb_tree_d3,m025004_o_max_ord28_rk00005,28,0.25450961573837594,1.2274025692592483,5,Democracy
Pooled,o_max,xgb_tree_d3,m022014_o_max_ord25_rk00015,25,0.2543901964346368,1.106313713864835,5,Democracy
Pooled,o_max,xgb_tree_d3,m022001_o_max_ord25_rk00002,25,0.25438146468519085,0.996118213778296,4,Democracy
Pooled,o_max,xgb_tree_d3,m021003_o_max_ord24_rk00004,24,0.2542543074363419,1.0238995733215066,4,Democracy
Pooled,o_max,xgb_tree_d3,m020004_o_max_ord23_rk00005,23,0.2541359779199065,1.0666152167384504,3,Democracy
Pooled,o_max,xgb_tree_d3,m019003_o_max_ord22_rk00004,22,0.2540839697623629,0.266764987803026,2,Democracy
Pooled,o_max,xgb_tree_d3,m017009_o_max_ord20_rk00010,20,0.25406931113034914,0.2863969571159562,2,Democracy
Pooled,o_max,xgb_tree_d3,m007014_o_max_ord10_rk00015,10,0.25379270687191013,0.4689955935892812,2,Democracy
Pooled,o_max,xgb_tree_d3,m027016_o_max_ord30_rk00017,30,0.2537780698236567,1.3699740752745007,6,Democracy
Pooled,o_max,xgb_tree_d3,m021006_o_max_ord24_rk00007,24,0.2537530910750837,0.8886865525783176,3,Democracy
Pooled,o_max,xgb_tree_d3,m026015_o_max_ord29_rk00016,29,0.2536407399809021,1.2770049139968558,5,Democracy
Pooled,o_max,xgb_tree_d3,m024010_o_max_ord27_rk00011,27,0.2536179100541136,0.9451696091196164,4,Democracy
Pooled,o_max,xgb_tree_d3,m019001_o_max_ord22_rk00002,22,0.253502325835278,1.090652803252992,3,Democracy
Pooled,o_max,xgb_tree_d3,m021012_o_max_ord24_rk00013,24,0.2534404280037952,0.5435644431995964,2,Democracy
Pooled,o_max,xgb_tree_d3,m024006_o_max_ord27_rk00007,27,0.2534384364093073,0.9451696091196164,4,Democracy
Pooled,o_max,xgb_tree_d3,m021019_o_max_ord24_rk00020,24,0.25323404331842514,1.2720552088742005,4,Democracy
Pooled,o_max,xgb_tree_d3,m024007_o_max_ord27_rk00008,27,0.25306249732241914,1.257162987432089,5,Democracy
Pooled,o_max,xgb_tree_d3,m019018_o_max_ord22_rk00019,22,0.2529694950587793,0.266764987803026,2,Democracy
Pooled,o_max,xgb_tree_d3,m025001_o_max_ord28_rk00002,28,0.252888508319304,1.2274025692592483,5,Democracy
Pooled,o_max,xgb_tree_d3,m026013_o_max_ord29_rk00014,29,0.25285874962773147,1.1991018361613466,5,Democracy
Pooled,o_max,xgb_tree_d3,m023008_o_max_ord26_rk00009,26,0.2527195373613048,1.2884926890861643,5,Democracy
Pooled,o_max,xgb_tree_d3,m023012_o_max_ord26_rk00013,26,0.2526194780167308,1.1929993566060646,5,Democracy
Pooled,o_max,xgb_tree_d3,m025015_o_max_ord28_rk00016,28,0.2526185895111476,1.0984868380293622,4,Democracy
Pooled,o_max,xgb_tree_d3,m019004_o_max_ord22_rk00005,22,0.25258588100211543,1.090652803252992,3,Democracy
Pooled,o_max,xgb_tree_d3,m018012_o_max_ord21_rk00013,21,0.2525825898655374,1.115520093581932,3,Democracy
Pooled,o_max,xgb_tree_d3,m026016_o_max_ord29_rk00017,29,0.2525820088649404,0.9944663403237343,4,Democracy
Pooled,o_max,xgb_tree_d3,m025016_o_max_ord28_rk00017,28,0.25256762422017465,0.9217544759335055,4,Democracy
Pooled,o_max,xgb_tree_d3,m017011_o_max_ord20_rk00012,20,0.2525406996620605,1.1411535278793057,3,Democracy
Pooled,o_max,xgb_tree_d3,m019014_o_max_ord22_rk00015,22,0.25248384609549024,1.3315796225857794,4,Democracy
Pooled,o_max,xgb_tree_d3,m024014_o_max_ord27_rk00015,27,0.2524233019484934,1.257162987432089,5,Democracy
Pooled,o_max,xgb_tree_d3,m027007_o_max_ord30_rk00008,30,0.2523691427247231,1.2496527261266068,5,Democracy
Pooled,o_max,xgb_tree_d3,m023000_o_max_ord26_rk00001,26,0.252277784099485,0.7793498372920851,2,Democracy
Pooled,o_max,xgb_tree_d3,m025013_o_max_ord28_rk00014,28,0.2522625758846109,1.2274025692592483,5,Democracy
Pooled,o_max,xgb_tree_d3,m024009_o_max_ord27_rk00010,27,0.25223989629779375,1.042344321483692,4,Democracy
Pooled,o_max,xgb_tree_d3,m024005_o_max_ord27_rk00006,27,0.2521334459342761,0.9451696091196164,4,Democracy
Pooled,o_max,xgb_tree_d3,m023002_o_max_ord26_rk00003,26,0.25210408004083884,1.0681873374585056,4,Democracy
Pooled,o_max,xgb_tree_d3,m027014_o_max_ord30_rk00015,30,0.2520943090435659,1.1721597626314755,5,Democracy
Pooled,o_max,xgb_tree_d3,m024008_o_max_ord27_rk00009,27,0.25198499670006813,1.042344321483692,4,Democracy
Pooled,o_max,xgb_tree_d3,m021014_o_max_ord24_rk00015,24,0.25179852983542694,1.2593984370492772,5,Democracy
Pooled,o_max,xgb_tree_d3,m021007_o_max_ord24_rk00008,24,0.25177908272506455,0.6583514224564075,3,Democracy
Pooled,o_max,xgb_tree_d3,m023019_o_max_ord26_rk00020,26,0.2516607927862199,1.2884926890861643,5,Democracy
Pooled,o_max,xgb_tree_d3,m025014_o_max_ord28_rk00015,28,0.2516234808136133,1.3056334087653163,5,Democracy
Pooled,o_max,xgb_tree_d3,m017000_o_max_ord20_rk00001,20,0.2515742387087281,0.8812908992306927,2,Democracy
Pooled,o_max,xgb_tree_d3,m020000_o_max_ord23_rk00001,23,0.251516390980035,0.828055725379504,2,Democracy
Pooled,o_max,xgb_tree_d3,m026001_o_max_ord29_rk00002,29,0.2515080099254181,1.1425175164144374,4,Democracy
Pooled,o_max,xgb_tree_d3,m013003_o_max_ord16_rk00004,16,0.2514500514543102,0.9544340029249649,2,Democracy
Pooled,o_max,xgb_tree_d3,m022019_o_max_ord25_rk00020,25,0.25120683431731106,1.2252357794710609,5,Democracy
Pooled,o_max,xgb_tree_d3,m021004_o_max_ord24_rk00005,24,0.2510901317873572,0.8886865525783176,3,Democracy
Pooled,o_max,xgb_tree_d3,m024012_o_max_ord27_rk00013,27,0.2510163070169321,1.1625336732554155,5,Democracy
Pooled,o_max,xgb_tree_d3,m027010_o_max_ord30_rk00011,30,0.25092563647202304,1.1721597626314755,5,Democracy
Pooled,o_max,xgb_tree_d3,m017012_o_max_ord20_rk00013,20,0.2505860123607523,0.2863969571159562,2,Democracy
Pooled,o_max,xgb_tree_d3,m025012_o_max_ord28_rk00013,28,0.2505683539234226,1.2274025692592483,5,Democracy
Pooled,o_max,xgb_tree_d3,m020007_o_max_ord23_rk00008,23,0.2505274347650489,1.0666152167384504,3,Democracy
Pooled,o_max,xgb_tree_d3,m017018_o_max_ord20_rk00019,20,0.2502707749869917,1.1411535278793057,3,Democracy
Pooled,o_max,xgb_tree_d3,m001007_o_max_ord4_rk00008,4,0.25018530500179104,-0.0,1,Air Pollution
Pooled,o_max,xgb_tree_d3,m021005_o_max_ord24_rk00006,24,0.250175200624452,0.6583514224564075,3,Democracy
Pooled,o_max,xgb_tree_d3,m027012_o_max_ord30_rk00013,30,0.25017330081823763,1.4989350663300531,6,Democracy
Pooled,o_max,xgb_tree_d3,m017008_o_max_ord20_rk00009,20,0.25017126967722936,0.2863969571159562,2,Democracy
Pooled,o_max,xgb_tree_d3,m027013_o_max_ord30_rk00014,30,0.25011293583438043,1.3699740752745007,6,Democracy
Pooled,o_max,xgb_tree_d3,m027001_o_max_ord30_rk00002,30,0.2500403529836238,1.1721597626314755,5,Democracy
Pooled,o_max,xgb_tree_d3,m023013_o_max_ord26_rk00014,26,0.24997014325353428,1.1929993566060646,5,Democracy
Pooled,o_max,xgb_tree_d3,m010010_o_max_ord13_rk00011,13,0.24994502251354567,-0.0,1,Democracy
Pooled,o_max,xgb_tree_d3,m027004_o_max_ord30_rk00005,30,0.24993053873124715,1.1721597626314755,5,Democracy
Pooled,o_max,xgb_tree_d3,m013017_o_max_ord16_rk00018,16,0.2499199540732886,0.3372900666170139,2,Democracy
Pooled,o_max,xgb_tree_d3,m008019_o_max_ord11_rk00020,11,0.2498176780899456,-0.0,1,Democracy
Pooled,o_max,xgb_tree_d3,m024018_o_max_ord27_rk00019,27,0.24980950638824617,1.257162987432089,5,Democracy
Pooled,o_max,xgb_tree_d3,m027009_o_max_ord30_rk00010,30,0.24968123400469489,1.2496527261266068,5,Democracy
Pooled,o_max,xgb_tree_d3,m024017_o_max_ord27_rk00018,27,0.24961705231825115,1.042344321483692,4,Democracy
Pooled,o_max,xgb_tree_d3,m022000_o_max_ord25_rk00001,25,0.24953349968175587,1.0954312795575998,4,Democracy
Pooled,o_max,xgb_tree_d3,m020008_o_max_ord23_rk00009,23,0.24949775218612003,1.3012517848198515,4,Democracy
Pooled,o_max,xgb_tree_d3,m023014_o_max_ord26_rk00015,26,0.2494209092364843,1.1929993566060646,5,Democracy
Pooled,o_max,xgb_tree_d3,m025005_o_max_ord28_rk00006,28,0.24940392023865188,1.2274025692592483,5,Democracy
Pooled,o_max,xgb_tree_d3,m013000_o_max_ord16_rk00001,16,0.24938003360934613,-0.0,1,Democracy
Pooled,o_max,xgb_tree_d3,m010009_o_max_ord13_rk00010,13,0.24934003838928143,-0.0,1,Democracy
Pooled,o_max,xgb_tree_d3,m027000_o_max_ord30_rk00001,30,0.249165771744426,1.2486092328524885,4,Democracy
Pooled,o_max,xgb_tree_d3,m025018_o_max_ord28_rk00019,28,0.24909894400693333,0.9591963191047147,3,Democracy
Pooled,o_max,xgb_tree_d3,m016000_o_max_ord19_rk00001,19,0.2490644049665932,0.8997437586982626,2,Democracy
Pooled,o_max,xgb_tree_d3,m010019_o_max_ord13_rk00020,13,0.2489753188234619,-0.0,1,Democracy
Pooled,o_max,xgb_tree_d3,m023003_o_max_ord26_rk00004,26,0.24896588070424086,0.8451064151274781,3,Democracy
Pooled,o_max,xgb_tree_d3,m022018_o_max_ord25_rk00019,25,0.24887604268137964,0.6395563653739031,3,Democracy
Pooled,o_max,xgb_tree_d3,m010017_o_max_ord13_rk00018,13,0.24868065489828073,-0.0,1,Democracy
Pooled,o_max,xgb_tree_d3,m022016_o_max_ord25_rk00017,25,0.24865974000978996,1.2252357794710609,5,Democracy
Pooled,o_max,xgb_tree_d3,m010015_o_max_ord13_rk00016,13,0.248618741290903,-0.0,1,Democracy
Pooled,o_max,xgb_tree_d3,m021009_o_max_ord24_rk00010,24,0.2485090574482941,1.0238995733215066,4,Democracy
Pooled,o_max,xgb_tree_d3,m009003_o_max_ord12_rk00004,12,0.2484716596529628,-0.0,1,Democracy
Pooled,o_max,xgb_tree_d3,m012000_o_max_ord15_rk00001,15,0.2484312318079488,-0.0,1,Democracy
Pooled,o_max,xgb_tree_d3,m011005_o_max_ord14_rk00006,14,0.2482669764458033,-0.0,1,Democracy
Pooled,o_max,xgb_tree_d3,m026010_o_max_ord29_rk00011,29,0.24822610759128327,0.9944663403237343,4,Democracy
Pooled,o_max,xgb_tree_d3,m013007_o_max_ord16_rk00008,16,0.248193745822321,0.3372900666170139,2,Democracy
Pooled,o_max,xgb_tree_d3,m025000_o_max_ord28_rk00001,28,0.24818360355913516,0.9591963191047147,3,Democracy
Pooled,o_max,xgb_tree_d3,m015009_o_max_ord18_rk00010,18,0.24818007664046626,-0.0,1,Democracy
Pooled,o_max,xgb_tree_d3,m017003_o_max_ord20_rk00004,20,0.24817841387483086,0.2863969571159562,2,Democracy
Pooled,o_max,xgb_tree_d3,m019017_o_max_ord22_rk00018,22,0.2481232403160073,0.9373012413074895,3,Democracy
Pooled,o_max,xgb_tree_d3,m024003_o_max_ord27_rk00004,27,0.2480208159164915,1.257162987432089,5,Democracy
Pooled,o_max,xgb_tree_d3,m023010_o_max_ord26_rk00011,26,0.24794213479185934,0.8451064151274781,3,Democracy
Pooled,o_max,xgb_tree_d3,m011013_o_max_ord14_rk00014,14,0.24788323133280632,-0.0,1,Democracy
Pooled,o_max,xgb_tree_d3,m021002_o_max_ord24_rk00003,24,0.2478535286164597,1.1241854163060885,4,Democracy
Pooled,o_max,xgb_tree_d3,m021001_o_max_ord24_rk00002,24,0.24781834527317814,0.8886865525783176,3,Democracy
Pooled,o_max,xgb_tree_d3,m009009_o_max_ord12_rk00010,12,0.24768690013841765,-0.0,1,Democracy
Pooled,o_max,xgb_tree_d3,m021017_o_max_ord24_rk00018,24,0.2476573043693442,1.3563429881688323,5,Democracy
Pooled,o_max,xgb_tree_d3,m007016_o_max_ord10_rk00017,10,0.2476192589413292,-0.0,1,Democracy
Pooled,o_max,xgb_tree_d3,m010000_o_max_ord13_rk00001,13,0.24760601618945188,-0.0,1,Democracy
Pooled,o_max,xgb_tree_d3,m011014_o_max_ord14_rk00015,14,0.24758344134506927,0.37123232664087563,2,Democracy
Pooled,o_max,xgb_tree_d3,m027002_o_max_ord30_rk00003,30,0.24757394671623822,1.2496527261266068,5,Democracy
Pooled,o_max,xgb_tree_d3,m009015_o_max_ord12_rk00016,12,0.24752496399630375,-0.0,1,Democracy
Pooled,o_max,xgb_tree_d3,m023005_o_max_ord26_rk00006,26,0.2474903461496818,1.0681873374585056,4,Democracy
Pooled,o_max,xgb_tree_d3,m011003_o_max_ord14_rk00004,14,0.24745959362509706,-0.0,1,Democracy
Pooled,o_max,xgb_tree_d3,m013014_o_max_ord16_rk00015,16,0.24743894723418103,0.3372900666170139,2,Democracy
Pooled,o_max,xgb_tree_d3,m003019_o_max_ord6_rk00020,6,0.2474335553175595,-0.0,1,Democracy
Pooled,o_max,xgb_tree_d3,m017014_o_max_ord20_rk00015,20,0.2473971835462323,-0.0,1,Democracy
Pooled,o_max,xgb_tree_d3,m022004_o_max_ord25_rk00005,25,0.2473743985212168,0.8663137138648347,3,Democracy
Pooled,o_max,xgb_tree_d3,m012010_o_max_ord15_rk00011,15,0.24733893992329947,-0.0,1,Democracy
Pooled,o_max,xgb_tree_d3,m024011_o_max_ord27_rk00012,27,0.24732259842489523,0.824980257347893,3,Democracy
Pooled,o_max,xgb_tree_d3,m022002_o_max_ord25_rk00003,25,0.24730895206283776,0.7950402793845223,2,Democracy
Pooled,o_max,xgb_tree_d3,m007003_o_max_ord10_rk00004,10,0.2472900823257389,-0.0,1,Democracy
Pooled,o_max,xgb_tree_d3,m018008_o_max_ord21_rk00009,21,0.24721643318344066,0.2761954276479391,2,Democracy
Pooled,o_max,xgb_tree_d3,m009004_o_max_ord12_rk00005,12,0.24716473605566547,-0.0,1,Democracy
Pooled,o_max,xgb_tree_d3,m018002_o_max_ord21_rk00003,21,0.2471340233983521,0.2761954276479391,2,Democracy
Pooled,o_max,xgb_tree_d3,m025009_o_max_ord28_rk00010,28,0.2470856779608026,1.0178015074140134,4,Democracy
Pooled,o_max,xgb_tree_d3,m025019_o_max_ord28_rk00020,28,0.24707405207296873,1.1336983823367468,5,Democracy
Pooled,o_max,xgb_tree_d3,m004010_o_max_ord7_rk00011,7,0.2470390990424164,-0.0,1,Democracy
Pooled,o_max,xgb_tree_d3,m019010_o_max_ord22_rk00011,22,0.2470079868386681,0.266764987803026,2,Democracy
Pooled,o_max,xgb_tree_d3,m019002_o_max_ord22_rk00003,22,0.2469834232107967,0.266764987803026,2,Democracy
Pooled,o_max,xgb_tree_d3,m003013_o_max_ord6_rk00014,6,0.24686259052985104,-0.0,1,Democracy
Pooled,o_max,xgb_tree_d3,m022011_o_max_ord25_rk00012,25,0.24685187441302914,0.7641140545540274,3,Democracy
Pooled,o_max,xgb_tree_d3,m011001_o_max_ord14_rk00002,14,0.24684618672968883,-0.0,1,Democracy
Pooled,o_max,xgb_tree_d3,m000019_o_max_ord3_rk00020,3,0.24676609139671624,-0.0,1,Democracy
Pooled,o_max,xgb_tree_d3,m025010_o_max_ord28_rk00011,28,0.24673462936091384,1.0178015074140134,4,Democracy
Pooled,o_max,xgb_tree_d3,m021010_o_max_ord24_rk00011,24,0.24668031839861382,1.0434356963218767,3,Democracy
Pooled,o_max,xgb_tree_d3,m000013_o_max_ord3_rk00014,3,0.24665269624521813,-0.0,1,Democracy
Pooled,o_max,xgb_tree_d3,m024000_o_max_ord27_rk00001,27,0.24664586719145276,0.7642045065086203,2,Democracy
Pooled,o_max,xgb_tree_d3,m000009_o_max_ord3_rk00010,3,0.24654858631384924,-0.0,1,Democracy
Pooled,o_max,xgb_tree_d3,m009002_o_max_ord12_rk00003,12,0.24654592311479517,-0.0,1,Democracy
Pooled,o_max,xgb_tree_d3,m002005_o_max_ord5_rk00006,5,0.24648862215840683,-0.0,1,Democracy
Pooled,o_max,xgb_tree_d3,m011004_o_max_ord14_rk00005,14,0.24647695818539028,-0.0,1,Democracy
Pooled,o_max,xgb_tree_d3,m010005_o_max_ord13_rk00006,13,0.24644554282803366,-0.0,1,Democracy
Pooled,o_max,xgb_tree_d3,m000015_o_max_ord3_rk00016,3,0.24643492293852765,-0.0,1,Democracy
Pooled,o_max,xgb_tree_d3,m000001_o_max_ord3_rk00002,3,0.2464087208097845,-0.0,1,Air Pollution
Pooled,o_max,xgb_tree_d3,m022009_o_max_ord25_rk00010,25,0.24638301714744382,0.6343095546405662,2,Democracy
Pooled,o_max,xgb_tree_d3,m008013_o_max_ord11_rk00014,11,0.24638147521032572,-0.0,1,Democracy
Pooled,o_max,xgb_tree_d3,m011015_o_max_ord14_rk00016,14,0.2463274470880341,-0.0,1,Democracy
Pooled,o_max,xgb_tree_d3,m000007_o_max_ord3_rk00008,3,0.24620608141549138,-0.0,1,Democracy
Pooled,o_max,xgb_tree_d3,m009000_o_max_ord12_rk00001,12,0.2461980273706691,-0.0,1,Democracy
Pooled,o_max,xgb_tree_d3,m018003_o_max_ord21_rk00004,21,0.246080883841595,0.2761954276479391,2,Democracy
Pooled,o_max,xgb_tree_d3,m011006_o_max_ord14_rk00007,14,0.24606411224219782,-0.0,1,Democracy
Pooled,o_max,xgb_tree_d3,m001016_o_max_ord4_rk00017,4,0.24606305390723404,-0.0,1,Democracy
Pooled,o_max,xgb_tree_d3,m025006_o_max_ord28_rk00007,28,0.24605938764195512,1.0178015074140134,4,Democracy
Pooled,o_max,xgb_tree_d3,m017007_o_max_ord20_rk00008,20,0.24602831332735453,0.2863969571159562,2,Democracy
Pooled,o_max,xgb_tree_d3,m009008_o_max_ord12_rk00009,12,0.24602502871864262,-0.0,1,Democracy
Pooled,o_max,xgb_tree_d3,m020005_o_max_ord23_rk00006,23,0.2459568184225961,1.1545676820893709,4,Democracy
Pooled,o_max,xgb_tree_d3,m009012_o_max_ord12_rk00013,12,0.24595010294769626,-0.0,1,Democracy
Pooled,o_max,xgb_tree_d3,m010012_o_max_ord13_rk00013,13,0.2459294677611521,-0.0,1,Democracy
Pooled,o_max,xgb_tree_d3,m008007_o_max_ord11_rk00008,11,0.24590242596915424,-0.0,1,Democracy
Pooled,o_max,xgb_tree_d3,m007018_o_max_ord10_rk00019,10,0.24588626365340271,-0.0,1,Democracy
Pooled,o_max,xgb_tree_d3,m006008_o_max_ord9_rk00009,9,0.2458628221774588,-0.0,1,Democracy
Pooled,o_max,xgb_tree_d3,m015001_o_max_ord18_rk00002,18,0.24578197891279818,-0.0,1,Democracy
Pooled,o_max,xgb_tree_d3,m017005_o_max_ord20_rk00006,20,0.2457793162739138,-0.0,1,Democracy
Pooled,o_max,xgb_tree_d3,m008009_o_max_ord11_rk00010,11,0.24577508108499946,-0.0,1,Democracy
Pooled,o_max,xgb_tree_d3,m011002_o_max_ord14_rk00003,14,0.24577431292660412,-0.0,1,Democracy
Pooled,o_max,xgb_tree_d3,m000011_o_max_ord3_rk00012,3,0.24577232411884709,-0.0,1,Democracy
Pooled,o_max,xgb_tree_d3,m023017_o_max_ord26_rk00018,26,0.24575660121415077,0.7441942138263227,3,Democracy
Pooled,o_max,xgb_tree_d3,m000005_o_max_ord3_rk00006,3,0.24575001908332683,-0.0,1,Democracy
Pooled,o_max,xgb_tree_d3,m009007_o_max_ord12_rk00008,12,0.24574970622205983,-0.0,1,Democracy
Pooled,o_max,xgb_tree_d3,m021013_o_max_ord24_rk00014,24,0.2457409422318294,0.785235442391543,3,Democracy
Pooled,o_max,xgb_tree_d3,m022008_o_max_ord25_rk00009,25,0.2456783264554001,0.7641140545540274,3,Democracy
Pooled,o_max,xgb_tree_d3,m017016_o_max_ord20_rk00017,20,0.24555229247711807,0.2863969571159562,2,Democracy
Pooled,o_max,xgb_tree_d3,m013006_o_max_ord16_rk00007,16,0.24554284737231435,-0.0,1,Democracy
Pooled,o_max,xgb_tree_d3,m010011_o_max_ord13_rk00012,13,0.24552587998163888,-0.0,1,Democracy
Pooled,o_max,xgb_tree_d3,m011007_o_max_ord14_rk00008,14,0.24552149325312456,-0.0,1,Democracy
Pooled,o_max,xgb_tree_d3,m010001_o_max_ord13_rk00002,13,0.24545839977289796,-0.0,1,Democracy
Pooled,o_max,xgb_tree_d3,m013011_o_max_ord16_rk00012,16,0.24544120682583648,-0.0,1,Democracy
Pooled,o_max,xgb_tree_d3,m013010_o_max_ord16_rk00011,16,0.24542957552246591,-0.0,1,Democracy
Pooled,o_max,xgb_tree_d3,m009006_o_max_ord12_rk00007,12,0.2454013259186385,-0.0,1,Democracy
Pooled,o_max,xgb_tree_d3,m013004_o_max_ord16_rk00005,16,0.24538942467427094,-0.0,1,Democracy
Pooled,o_max,xgb_tree_d3,m018011_o_max_ord21_rk00012,21,0.24535707021212283,0.2761954276479391,2,Democracy
Pooled,o_max,xgb_tree_d3,m026014_o_max_ord29_rk00015,29,0.24533178651770005,0.9944663403237343,4,Democracy
Pooled,o_max,xgb_tree_d3,m014015_o_max_ord17_rk00016,17,0.2453305477923362,-0.0,1,Democracy
Pooled,o_max,xgb_tree_d3,m015004_o_max_ord18_rk00005,18,0.24526464966825023,0.3095434291503252,2,Democracy
Pooled,o_max,xgb_tree_d3,m012001_o_max_ord15_rk00002,15,0.2452616997709408,-0.0,1,Democracy
Pooled,o_max,xgb_tree_d3,m013005_o_max_ord16_rk00006,16,0.24517529675256355,-0.0,1,Democracy
Pooled,o_max,xgb_tree_d3,m015019_o_max_ord18_rk00020,18,0.2451678871288847,-0.0,1,Democracy
Pooled,o_max,xgb_tree_d3,m000016_o_max_ord3_rk00017,3,0.24516311878809882,-0.0,1,Democracy
Pooled,o_max,xgb_tree_d3,m015008_o_max_ord18_rk00009,18,0.24502766225837913,-0.0,1,Democracy
Pooled,o_max,xgb_tree_d3,m008004_o_max_ord11_rk00005,11,0.24502513840128748,-0.0,1,Democracy
Pooled,o_max,xgb_tree_d3,m004019_o_max_ord7_rk00020,7,0.245004026910965,-0.0,1,Democracy
Pooled,o_max,xgb_tree_d3,m010003_o_max_ord13_rk00004,13,0.24494599384363158,-0.0,1,Democracy
Pooled,o_max,xgb_tree_d3,m013002_o_max_ord16_rk00003,16,0.24494410089092955,-0.0,1,Democracy
Pooled,o_max,xgb_tree_d3,m011000_o_max_ord14_rk00001,14,0.2449215631106243,-0.0,1,Democracy
Pooled,o_max,xgb_tree_d3,m009011_o_max_ord12_rk00012,12,0.24488760436640522,-0.0,1,Democracy
Pooled,o_max,xgb_tree_d3,m013012_o_max_ord16_rk00013,16,0.24486394513683185,-0.0,1,Democracy
Pooled,o_max,xgb_tree_d3,m019008_o_max_ord22_rk00009,22,0.24484182259068632,0.5304060778306042,3,Democracy
Pooled,o_max,xgb_tree_d3,m024002_o_max_ord27_rk00003,27,0.24484064176038922,1.042344321483692,4,Democracy
Pooled,o_max,xgb_tree_d3,m020010_o_max_ord23_rk00011,23,0.24483064620378037,0.5131851787372753,3,Democracy
Pooled,o_max,xgb_tree_d3,m019013_o_max_ord22_rk00014,22,0.24478685483815077,-0.0,1,Democracy
Pooled,o_max,xgb_tree_d3,m005011_o_max_ord8_rk00012,8,0.2447820723620442,-0.0,1,Democracy
Pooled,o_max,xgb_tree_d3,m002019_o_max_ord5_rk00020,5,0.24475312809560268,-0.0,1,Democracy
Pooled,o_max,xgb_tree_d3,m017004_o_max_ord20_rk00005,20,0.24475269720747017,-0.0,1,Democracy
Pooled,o_max,xgb_tree_d3,m010008_o_max_ord13_rk00009,13,0.24473116040590326,-0.0,1,Democracy
Pooled,o_max,xgb_tree_d3,m010014_o_max_ord13_rk00015,13,0.24467089143052112,-0.0,1,Democracy
Pooled,o_max,xgb_tree_d3,m012005_o_max_ord15_rk00006,15,0.24465831916262804,0.35335933502142136,2,Democracy
Pooled,o_max,xgb_tree_d3,m022006_o_max_ord25_rk00007,25,0.24465285963881567,0.8663137138648347,3,Democracy
Pooled,o_max,xgb_tree_d3,m015007_o_max_ord18_rk00008,18,0.24459527188642038,-0.0,1,Democracy
Pooled,o_max,xgb_tree_d3,m001019_o_max_ord4_rk00020,4,0.2445774639486159,-0.0,1,Air Pollution
Pooled,o_max,xgb_tree_d3,m012013_o_max_ord15_rk00014,15,0.24455692072418922,0.35335933502142136,2,Democracy
Pooled,o_max,xgb_tree_d3,m011017_o_max_ord14_rk00018,14,0.24449312273870571,-0.0,1,Democracy
Pooled,o_max,xgb_tree_d3,m007005_o_max_ord10_rk00006,10,0.24447737624042765,-0.0,1,Democracy
Pooled,o_max,xgb_tree_d3,m008017_o_max_ord11_rk00018,11,0.24446042494838627,0.4394969869215134,2,Democracy
Pooled,o_max,xgb_tree_d3,m021000_o_max_ord24_rk00001,24,0.2444274439981925,0.8112781244591328,2,Democracy
Pooled,o_max,xgb_tree_d3,m015017_o_max_ord18_rk00018,18,0.24441381936836948,-0.0,1,Democracy
Pooled,o_max,xgb_tree_d3,m006007_o_max_ord9_rk00008,9,0.24439264309409403,-0.0,1,Democracy
Pooled,o_max,xgb_tree_d3,m022003_o_max_ord25_rk00004,25,0.244345376988108,0.8743095546405661,4,Democracy
Pooled,o_max,xgb_tree_d3,m012004_o_max_ord15_rk00005,15,0.24432825468696828,-0.0,1,Democracy
Pooled,o_max,xgb_tree_d3,m009013_o_max_ord12_rk00014,12,0.2443282491063592,-0.0,1,Democracy
Pooled,o_max,xgb_tree_d3,m015012_o_max_ord18_rk00013,18,0.24423273680758706,-0.0,1,Democracy
Pooled,o_max,xgb_tree_d3,m006018_o_max_ord9_rk00019,9,0.2442094820570604,-0.0,1,Democracy
Pooled,o_max,xgb_tree_d3,m007019_o_max_ord10_rk00020,10,0.244201158177611,-0.0,1,Democracy
Pooled,o_max,xgb_tree_d3,m014019_o_max_ord17_rk00020,17,0.24419506997249063,0.3227569588973982,2,Democracy
Pooled,o_max,xgb_tree_d3,m008014_o_max_ord11_rk00015,11,0.2441709213494898,-0.0,1,Democracy
Pooled,o_max,xgb_tree_d3,m014008_o_max_ord17_rk00009,17,0.2441573717834804,-0.0,1,Democracy
Pooled,o_max,xgb_tree_d3,m001012_o_max_ord4_rk00013,4,0.2441414624256657,-0.0,1,Democracy
Pooled,o_max,xgb_tree_d3,m007015_o_max_ord10_rk00016,10,0.24413555250191532,-0.0,1,Democracy
Pooled,o_max,xgb_tree_d3,m000003_o_max_ord3_rk00004,3,0.24412190894426922,-0.0,1,Democracy
Pooled,o_max,xgb_tree_d3,m010002_o_max_ord13_rk00003,13,0.24411478423215627,-0.0,1,Democracy
Pooled,o_max,xgb_tree_d3,m015013_o_max_ord18_rk00014,18,0.2440770160348038,0.3095434291503252,2,Democracy
Pooled,o_max,xgb_tree_d3,m004013_o_max_ord7_rk00014,7,0.2440675557843156,-0.0,1,Democracy
Pooled,o_max,xgb_tree_d3,m015014_o_max_ord18_rk00015,18,0.24406735193673967,0.3095434291503252,2,Democracy
Pooled,o_max,xgb_tree_d3,m022005_o_max_ord25_rk00006,25,0.24405312761617926,0.996118213778296,4,Democracy
Pooled,o_max,xgb_tree_d3,m017001_o_max_ord20_rk00002,20,0.24399504868326993,-0.0,1,Democracy
Pooled,o_max,xgb_tree_d3,m007002_o_max_ord10_rk00003,10,0.2439855553679583,-0.0,1,Democracy
Pooled,o_max,xgb_tree_d3,m010006_o_max_ord13_rk00007,13,0.24397160700297604,-0.0,1,Democracy
Pooled,o_max,xgb_tree_d3,m018009_o_max_ord21_rk00010,21,0.2439585099473226,0.2761954276479391,2,Democracy
Pooled,o_max,xgb_tree_d3,m012017_o_max_ord15_rk00018,15,0.24390928545977975,-0.0,1,Democracy
Pooled,o_max,xgb_tree_d3,m008003_o_max_ord11_rk00004,11,0.24390209285470377,-0.0,1,Democracy
Pooled,o_max,xgb_tree_d3,m010013_o_max_ord13_rk00014,13,0.24389161469721787,-0.0,1,Democracy
Pooled,o_max,xgb_tree_d3,m023018_o_max_ord26_rk00019,26,0.24388115124515997,0.7441942138263227,3,Democracy
Pooled,o_max,xgb_tree_d3,m009017_o_max_ord12_rk00018,12,0.24386879137618322,-0.0,1,Democracy
Pooled,o_max,xgb_tree_d3,m005012_o_max_ord8_rk00013,8,0.24385097091698726,-0.0,1,Democracy
Pooled,o_max,xgb_tree_d3,m011018_o_max_ord14_rk00019,14,0.2438425444309994,0.37123232664087563,2,Democracy
Pooled,o_max,xgb_tree_d3,m015006_o_max_ord18_rk00007,18,0.24380383621343582,-0.0,1,Democracy
Pooled,o_max,xgb_tree_d3,m006004_o_max_ord9_rk00005,9,0.24377796895834425,-0.0,1,Democracy
Pooled,o_max,xgb_tree_d3,m012006_o_max_ord15_rk00007,15,0.24374268485293527,-0.0,1,Democracy
Pooled,o_max,xgb_tree_d3,m012002_o_max_ord15_rk00003,15,0.24359000607012493,-0.0,1,Democracy
Pooled,o_max,xgb_tree_d3,m009016_o_max_ord12_rk00017,12,0.24357072538638203,-0.0,1,Democracy
Pooled,o_max,xgb_tree_d3,m010007_o_max_ord13_rk00008,13,0.24353533972063024,-0.0,1,Democracy
Pooled,o_max,xgb_tree_d3,m013019_o_max_ord16_rk00020,16,0.2435283448089962,-0.0,1,Democracy
Pooled,o_max,xgb_tree_d3,m006014_o_max_ord9_rk00015,9,0.24341616626817486,-0.0,1,Democracy
Pooled,o_max,xgb_tree_d3,m021016_o_max_ord24_rk00017,24,0.2433773716284715,0.6583514224564075,3,Democracy
Pooled,o_max,xgb_tree_d3,m024004_o_max_ord27_rk00005,27,0.24334687860497206,1.042344321483692,4,Democracy
Pooled,o_max,xgb_tree_d3,m007012_o_max_ord10_rk00013,10,0.24333813271787297,-0.0,1,Democracy
Pooled,o_max,xgb_tree_d3,m003014_o_max_ord6_rk00015,6,0.2433284199170178,-0.0,1,Democracy
Pooled,o_max,xgb_tree_d3,m006001_o_max_ord9_rk00002,9,0.24329228167263062,-0.0,1,Democracy
Pooled,o_max,xgb_tree_d3,m010004_o_max_ord13_rk00005,13,0.24326012418040488,-0.0,1,Democracy
Pooled,o_max,xgb_tree_d3,m014014_o_max_ord17_rk00015,17,0.2432466486773639,0.3227569588973982,2,Democracy
Pooled,o_max,xgb_tree_d3,m007007_o_max_ord10_rk00008,10,0.24320593482083852,-0.0,1,Democracy
Pooled,o_max,xgb_tree_d3,m015011_o_max_ord18_rk00012,18,0.2432048360047524,0.3095434291503252,2,Democracy
Pooled,o_max,xgb_tree_d3,m009001_o_max_ord12_rk00002,12,0.24317360494780793,-0.0,1,Democracy
Pooled,o_max,xgb_tree_d3,m019015_o_max_ord22_rk00016,22,0.24316747329738586,0.266764987803026,2,Democracy
Pooled,o_max,xgb_tree_d3,m009018_o_max_ord12_rk00019,12,0.2431636219243084,-0.0,1,Democracy
Pooled,o_max,xgb_tree_d3,m014013_o_max_ord17_rk00014,17,0.24313580350941733,-0.0,1,Democracy
Pooled,o_max,xgb_tree_d3,m014017_o_max_ord17_rk00018,17,0.2431223253152588,0.3227569588973982,2,Democracy
Pooled,o_max,xgb_tree_d3,m000008_o_max_ord3_rk00009,3,0.2431046001979953,-0.0,1,Democracy
Pooled,o_max,xgb_tree_d3,m001006_o_max_ord4_rk00007,4,0.24307679437691065,-0.0,1,Democracy
Pooled,o_max,xgb_tree_d3,m008006_o_max_ord11_rk00007,11,0.2430754564582127,-0.0,1,Democracy
Pooled,o_max,xgb_tree_d3,m027017_o_max_ord30_rk00018,30,0.24307265878170214,0.972253928364927,4,Democracy
Pooled,o_max,xgb_tree_d3,m017006_o_max_ord20_rk00007,20,0.24304633631925376,0.2863969571159562,2,Democracy
Pooled,o_max,xgb_tree_d3,m006017_o_max_ord9_rk00018,9,0.24304155408355876,-0.0,1,Democracy
Pooled,o_max,xgb_tree_d3,m020014_o_max_ord23_rk00015,23,0.24302895291522164,0.8076702057269436,3,Democracy
Pooled,o_max,xgb_tree_d3,m001010_o_max_ord4_rk00011,4,0.24302848334472982,-0.0,1,Democracy
Pooled,o_max,xgb_tree_d3,m014003_o_max_ord17_rk00004,17,0.24300580117725723,-0.0,1,Democracy
Pooled,o_max,xgb_tree_d3,m003010_o_max_ord6_rk00011,6,0.24300560357682277,-0.0,1,Democracy
Pooled,o_max,xgb_tree_d3,m010016_o_max_ord13_rk00017,13,0.2430044206319013,-0.0,1,Democracy
Pooled,o_max,xgb_tree_d3,m021008_o_max_ord24_rk00009,24,0.24300224129807424,0.6583514224564075,3,Democracy
Pooled,o_max,xgb_tree_d3,m011010_o_max_ord14_rk00011,14,0.24299397123185318,0.37123232664087563,2,Democracy
Pooled,o_max,xgb_tree_d3,m015010_o_max_ord18_rk00011,18,0.24299027871570766,-0.0,1,Democracy
Pooled,o_max,xgb_tree_d3,m002013_o_max_ord5_rk00014,5,0.24298598405441485,-0.0,1,Democracy
Pooled,o_max,xgb_tree_d3,m020003_o_max_ord23_rk00004,23,0.24295482376070687,0.9123163027543336,3,Democracy
Pooled,o_max,xgb_tree_d3,m006009_o_max_ord9_rk00010,9,0.24295281477038133,-0.0,1,Democracy
Pooled,o_max,xgb_tree_d3,m015005_o_max_ord18_rk00006,18,0.2428814446521813,-0.0,1,Democracy
Pooled,o_max,xgb_tree_d3,m007000_o_max_ord10_rk00001,10,0.24273637807787685,-0.0,1,Democracy
Pooled,o_max,xgb_tree_d3,m005008_o_max_ord8_rk00009,8,0.2427251893820368,-0.0,1,Democracy
Pooled,o_max,xgb_tree_d3,m009005_o_max_ord12_rk00006,12,0.24270790082511695,-0.0,1,Democracy
Pooled,o_max,xgb_tree_d3,m019005_o_max_ord22_rk00006,22,0.24270511300131026,-0.0,1,Democracy
Pooled,o_max,xgb_tree_d3,m005003_o_max_ord8_rk00004,8,0.24270468332224537,-0.0,1,Democracy
Pooled,o_max,xgb_tree_d3,m012007_o_max_ord15_rk00008,15,0.2426445563304649,-0.0,1,Democracy
Pooled,o_max,xgb_tree_d3,m015002_o_max_ord18_rk00003,18,0.24263689578791914,-0.0,1,Democracy
Pooled,o_max,xgb_tree_d3,m008015_o_max_ord11_rk00016,11,0.2426248090866685,-0.0,1,Democracy
Pooled,o_max,xgb_tree_d3,m000018_o_max_ord3_rk00019,3,0.2425905572962166,-0.0,1,Democracy
Pooled,o_max,xgb_tree_d3,m011009_o_max_ord14_rk00010,14,0.24250993095187112,-0.0,1,Democracy
Pooled,o_max,xgb_tree_d3,m014012_o_max_ord17_rk00013,17,0.2425088284562208,-0.0,1,Democracy
Pooled,o_max,xgb_tree_d3,m005001_o_max_ord8_rk00002,8,0.2424991556487539,-0.0,1,Democracy
Pooled,o_max,xgb_tree_d3,m012009_o_max_ord15_rk00010,15,0.2424969633036662,-0.0,1,Democracy
Pooled,o_max,xgb_tree_d3,m001018_o_max_ord4_rk00019,4,0.24248096137053,-0.0,1,Democracy
Pooled,o_max,xgb_tree_d3,m002009_o_max_ord5_rk00010,5,0.2424768352200023,-0.0,1,Democracy
Pooled,o_max,xgb_tree_d3,m016014_o_max_ord19_rk00015,19,0.24247445533016299,0.2974722489192896,2,Democracy
Pooled,o_max,xgb_tree_d3,m008016_o_max_ord11_rk00017,11,0.24246710335851673,-0.0,1,Democracy
Pooled,o_max,xgb_tree_d3,m003006_o_max_ord6_rk00007,6,0.24239212997513293,-0.0,1,Democracy
Pooled,o_max,xgb_tree_d3,m018007_o_max_ord21_rk00008,21,0.24238910537137004,0.2761954276479391,2,Democracy
Pooled,o_max,xgb_tree_d3,m004011_o_max_ord7_rk00012,7,0.2423790853040816,-0.0,1,Democracy
Pooled,o_max,xgb_tree_d3,m019006_o_max_ord22_rk00007,22,0.24234741880787336,0.5304060778306042,3,Democracy
Pooled,o_max,xgb_tree_d3,m007011_o_max_ord10_rk00012,10,0.2422887992235644,0.4689955935892812,2,Democracy
Pooled,o_max,xgb_tree_d3,m006002_o_max_ord9_rk00003,9,0.24226405671259166,-0.0,1,Democracy
Pooled,o_max,xgb_tree_d3,m006013_o_max_ord9_rk00014,9,0.24224744532572784,-0.0,1,Democracy
Pooled,o_max,xgb_tree_d3,m020011_o_max_ord23_rk00012,23,0.2422255769440732,0.6784070909375675,3,Democracy
Pooled,o_max,xgb_tree_d3,m009019_o_max_ord12_rk00020,12,0.24220889656607603,-0.0,1,Democracy
Pooled,o_max,xgb_tree_d3,m024019_o_max_ord27_rk00020,27,0.24217623525076115,0.908653933541588,3,Democracy
Pooled,o_max,xgb_tree_d3,m019011_o_max_ord22_rk00012,22,0.24216516613868766,0.266764987803026,2,Democracy
Pooled,o_max,xgb_tree_d3,m020018_o_max_ord23_rk00019,23,0.24213446797614324,0.8076702057269436,3,Democracy
Pooled,o_max,xgb_tree_d3,m020006_o_max_ord23_rk00007,23,0.24211167812804046,0.5131851787372753,3,Democracy
Pooled,o_max,xgb_tree_d3,m008018_o_max_ord11_rk00019,11,0.24210426732433032,-0.0,1,Democracy
Pooled,o_max,xgb_tree_d3,m003001_o_max_ord6_rk00002,6,0.24205127114241798,-0.0,1,Democracy
Pooled,o_max,xgb_tree_d3,m019012_o_max_ord22_rk00013,22,0.24203548673288178,0.266764987803026,2,Democracy
Pooled,o_max,xgb_tree_d3,m001015_o_max_ord4_rk00016,4,0.24203384632252978,-0.0,1,Democracy
Pooled,o_max,xgb_tree_d3,m015018_o_max_ord18_rk00019,18,0.24203344155771467,-0.0,1,Democracy
Pooled,o_max,xgb_tree_d3,m016004_o_max_ord19_rk00005,19,0.24202027085608802,0.2974722489192896,2,Democracy
Pooled,o_max,xgb_tree_d3,m007013_o_max_ord10_rk00014,10,0.24200666461828457,-0.0,1,Democracy
Pooled,o_max,xgb_tree_d3,m008000_o_max_ord11_rk00001,11,0.2420062853206425,-0.0,1,Democracy
Pooled,o_max,xgb_tree_d3,m005017_o_max_ord8_rk00018,8,0.2419800468426513,-0.0,1,Democracy
Pooled,o_max,xgb_tree_d3,m013015_o_max_ord16_rk00016,16,0.2419512037071041,-0.0,1,Democracy
Pooled,o_max,xgb_tree_d3,m000012_o_max_ord3_rk00013,3,0.24193251127482307,-0.0,1,Democracy
Pooled,o_max,xgb_tree_d3,m007009_o_max_ord10_rk00010,10,0.24191131207211436,-0.0,1,Democracy
Pooled,o_max,xgb_tree_d3,m008002_o_max_ord11_rk00003,11,0.24186445317847027,-0.0,1,Democracy
Pooled,o_max,xgb_tree_d3,m003005_o_max_ord6_rk00006,6,0.2418349466680635,-0.0,1,Democracy
Pooled,o_max,xgb_tree_d3,m014010_o_max_ord17_rk00011,17,0.24183000715923442,-0.0,1,Democracy
Pooled,o_max,xgb_tree_d3,m006019_o_max_ord9_rk00020,9,0.24181065522462097,-0.0,1,Democracy
Pooled,o_max,xgb_tree_d3,m017010_o_max_ord20_rk00011,20,0.24180554782767238,-0.0,1,Democracy
Pooled,o_max,xgb_tree_d3,m020001_o_max_ord23_rk00002,23,0.2417034598142287,0.9123163027543336,3,Democracy
Pooled,o_max,xgb_tree_d3,m018013_o_max_ord21_rk00014,21,0.2416958295090018,0.2761954276479391,2,Democracy
Pooled,o_max,xgb_tree_d3,m002018_o_max_ord5_rk00019,5,0.24156992276565226,-0.0,1,Democracy
Pooled,o_max,xgb_tree_d3,m008005_o_max_ord11_rk00006,11,0.24156927801890582,-0.0,1,Democracy
Pooled,o_max,xgb_tree_d3,m018016_o_max_ord21_rk00017,21,0.24156026646837414,0.5489544344250401,3,Democracy
Pooled,o_max,xgb_tree_d3,m008012_o_max_ord11_rk00013,11,0.24153540273940133,-0.0,1,Democracy
Pooled,o_max,xgb_tree_d3,m014009_o_max_ord17_rk00010,17,0.24152210257729445,-0.0,1,Democracy
Pooled,o_max,xgb_tree_d3,m012003_o_max_ord15_rk00004,15,0.24150959151881513,-0.0,1,Democracy
Pooled,o_max,xgb_tree_d3,m006015_o_max_ord9_rk00016,9,0.2415082982900122,-0.0,1,Democracy
Pooled,o_max,xgb_tree_d3,m016003_o_max_ord19_rk00004,19,0.24148542499934356,-0.0,1,Democracy
Pooled,o_max,xgb_tree_d3,m007017_o_max_ord10_rk00018,10,0.24142246274303525,-0.0,1,Democracy
Pooled,o_max,xgb_tree_d3,m012019_o_max_ord15_rk00020,15,0.24139169239329572,0.35335933502142136,2,Democracy
Pooled,o_max,xgb_tree_d3,m008011_o_max_ord11_rk00012,11,0.24139136461166333,-0.0,1,Democracy
Pooled,o_max,xgb_tree_d3,m013018_o_max_ord16_rk00019,16,0.24134604533363269,-0.0,1,Democracy
Pooled,o_max,xgb_tree_d3,m002011_o_max_ord5_rk00012,5,0.24134552235167916,-0.0,1,Democracy
Pooled,o_max,xgb_tree_d3,m008001_o_max_ord11_rk00002,11,0.24132934535668005,-0.0,1,Democracy
Pooled,o_max,xgb_tree_d3,m019007_o_max_ord22_rk00008,22,0.24132109376279587,0.266764987803026,2,Democracy
Pooled,o_max,xgb_tree_d3,m001017_o_max_ord4_rk00018,4,0.24123878294229817,-0.0,1,Democracy
Pooled,o_max,xgb_tree_d3,m002016_o_max_ord5_rk00017,5,0.24123834135230882,-0.0,1,Democracy
Pooled,o_max,xgb_tree_d3,m018005_o_max_ord21_rk00006,21,0.24119872584786217,-0.0,1,Democracy
Pooled,o_max,xgb_tree_d3,m000006_o_max_ord3_rk00007,3,0.24114517617843545,-0.0,1,Democracy
Pooled,o_max,xgb_tree_d3,m015016_o_max_ord18_rk00017,18,0.24114276216296981,0.3095434291503252,2,Democracy
Pooled,o_max,xgb_tree_d3,m006000_o_max_ord9_rk00001,9,0.24106327815886042,-0.0,1,Democracy
Pooled,o_max,xgb_tree_d3,m005016_o_max_ord8_rk00017,8,0.24102318019804725,-0.0,1,Democracy
Pooled,o_max,xgb_tree_d3,m005015_o_max_ord8_rk00016,8,0.2410008991682292,-0.0,1,Democracy
Pooled,o_max,xgb_tree_d3,m002008_o_max_ord5_rk00009,5,0.24098747378404595,-0.0,1,Democracy
Pooled,o_max,xgb_tree_d3,m001014_o_max_ord4_rk00015,4,0.24093440217513884,-0.0,1,Democracy
Pooled,o_max,xgb_tree_d3,m016011_o_max_ord19_rk00012,19,0.240918495593738,0.2974722489192896,2,Democracy
Pooled,o_max,xgb_tree_d3,m000010_o_max_ord3_rk00011,3,0.2408817675955539,-0.0,1,Democracy
Pooled,o_max,xgb_tree_d3,m003012_o_max_ord6_rk00013,6,0.24082492027368552,-0.0,1,Democracy
Pooled,o_max,xgb_tree_d3,m017013_o_max_ord20_rk00014,20,0.24065251867510284,0.2863969571159562,2,Democracy
Pooled,o_max,xgb_tree_d3,m001004_o_max_ord4_rk00005,4,0.2406381946746985,-0.0,1,Democracy
Pooled,o_max,xgb_tree_d3,m009014_o_max_ord12_rk00015,12,0.240529475597426,-0.0,1,Democracy
Pooled,o_max,xgb_tree_d3,m000014_o_max_ord3_rk00015,3,0.24051831897413278,-0.0,1,Democracy
Pooled,o_max,xgb_tree_d3,m016018_o_max_ord19_rk00019,19,0.2404300329435869,0.2974722489192896,2,Democracy
Pooled,o_max,xgb_tree_d3,m008008_o_max_ord11_rk00009,11,0.24035591022795388,-0.0,1,Democracy
Pooled,o_max,xgb_tree_d3,m000002_o_max_ord3_rk00003,3,0.2403529207146976,-0.0,1,Democracy
Pooled,o_max,xgb_tree_d3,m013008_o_max_ord16_rk00009,16,0.24034155417387826,-0.0,1,Democracy
Pooled,o_max,xgb_tree_d3,m014016_o_max_ord17_rk00017,17,0.24033145291304825,-0.0,1,Democracy
Pooled,o_max,xgb_tree_d3,m006010_o_max_ord9_rk00011,9,0.24031515944557957,-0.0,1,Democracy
Pooled,o_max,xgb_tree_d3,m005002_o_max_ord8_rk00003,8,0.24022314833392455,-0.0,1,Democracy
Pooled,o_max,xgb_tree_d3,m014005_o_max_ord17_rk00006,17,0.2401955112481059,0.3227569588973982,2,Democracy
Pooled,o_max,xgb_tree_d3,m006005_o_max_ord9_rk00006,9,0.2401886920927947,-0.0,1,Democracy
Pooled,o_max,xgb_tree_d3,m017019_o_max_ord20_rk00020,20,0.24008828554021266,-0.0,1,Democracy
Pooled,o_max,xgb_tree_d3,m005004_o_max_ord8_rk00005,8,0.24008034437457515,-0.0,1,Democracy
Pooled,o_max,xgb_tree_d3,m004000_o_max_ord7_rk00001,7,0.2400704531440082,-0.0,1,Democracy
Pooled,o_max,xgb_tree_d3,m000000_o_max_ord3_rk00001,3,0.24006250853392663,-0.0,1,Democracy
Pooled,o_max,xgb_tree_d3,m013013_o_max_ord16_rk00014,16,0.2400058936244347,-0.0,1,Democracy
Pooled,o_max,xgb_tree_d3,m005000_o_max_ord8_rk00001,8,0.23998328526835022,-0.0,1,Democracy
Pooled,o_max,xgb_tree_d3,m006011_o_max_ord9_rk00012,9,0.23993074511531487,-0.0,1,Democracy
Pooled,o_max,xgb_tree_d3,m002017_o_max_ord5_rk00018,5,0.2399222408483931,-0.0,1,Democracy
Pooled,o_max,xgb_tree_d3,m024015_o_max_ord27_rk00016,27,0.23986324969634354,0.824980257347893,3,Democracy
Pooled,o_max,xgb_tree_d3,m014006_o_max_ord17_rk00007,17,0.23984595557446353,-0.0,1,Democracy
Pooled,o_max,xgb_tree_d3,m012008_o_max_ord15_rk00009,15,0.2398171479763398,-0.0,1,Democracy
Pooled,o_max,xgb_tree_d3,m007006_o_max_ord10_rk00007,10,0.23981545024197282,-0.0,1,Democracy
Pooled,o_max,xgb_tree_d3,m008010_o_max_ord11_rk00011,11,0.2397641880572159,-0.0,1,Democracy
Pooled,o_max,xgb_tree_d3,m014002_o_max_ord17_rk00003,17,0.23970093729985875,-0.0,1,Democracy
Pooled,o_max,xgb_tree_d3,m007010_o_max_ord10_rk00011,10,0.23969048893030875,-0.0,1,Democracy
Pooled,o_max,xgb_tree_d3,m003016_o_max_ord6_rk00017,6,0.23967902902858795,-0.0,1,Democracy
Pooled,o_max,xgb_tree_d3,m018001_o_max_ord21_rk00002,21,0.23967093314181798,-0.0,1,Democracy
Pooled,o_max,xgb_tree_d3,m005019_o_max_ord8_rk00020,8,0.23962919632412605,-0.0,1,Democracy
Pooled,o_max,xgb_tree_d3,m003008_o_max_ord6_rk00009,6,0.23958527641172445,-0.0,1,Democracy
Pooled,o_max,xgb_tree_d3,m014018_o_max_ord17_rk00019,17,0.23956681180188477,-0.0,1,Democracy
Pooled,o_max,xgb_tree_d3,m016015_o_max_ord19_rk00016,19,0.2395135748974102,-0.0,1,Democracy
Pooled,o_max,xgb_tree_d3,m002014_o_max_ord5_rk00015,5,0.2395096061833255,-0.0,1,Democracy
Pooled,o_max,xgb_tree_d3,m020017_o_max_ord23_rk00018,23,0.2394960184266569,0.5131851787372753,3,Democracy
Pooled,o_max,xgb_tree_d3,m000004_o_max_ord3_rk00005,3,0.23948755636114094,-0.0,1,Democracy
Pooled,o_max,xgb_tree_d3,m002015_o_max_ord5_rk00016,5,0.23947976022550654,-0.0,1,Democracy
Pooled,o_max,xgb_tree_d3,m004001_o_max_ord7_rk00002,7,0.23947496383282818,-0.0,1,Democracy
Pooled,o_max,xgb_tree_d3,m015003_o_max_ord18_rk00004,18,0.23946850652426788,-0.0,1,Democracy
Pooled,o_max,xgb_tree_d3,m003015_o_max_ord6_rk00016,6,0.23945439761449427,-0.0,1,Democracy
Pooled,o_max,xgb_tree_d3,m005006_o_max_ord8_rk00007,8,0.2394539943795161,-0.0,1,Democracy
Pooled,o_max,xgb_tree_d3,m002001_o_max_ord5_rk00002,5,0.23941110329284843,-0.0,1,Democracy
Pooled,o_max,xgb_tree_d3,m022007_o_max_ord25_rk00008,25,0.2393811353816696,0.8743095546405661,4,Democracy
Pooled,o_max,xgb_tree_d3,m012011_o_max_ord15_rk00012,15,0.23935295412023716,-0.0,1,Democracy
Pooled,o_max,xgb_tree_d3,m010018_o_max_ord13_rk00019,13,0.23934798545735692,-0.0,1,Democracy
Pooled,o_max,xgb_tree_d3,m006016_o_max_ord9_rk00017,9,0.2393404767515388,-0.0,1,Democracy
Pooled,o_max,xgb_tree_d3,m006012_o_max_ord9_rk00013,9,0.2392906669274889,-0.0,1,Democracy
Pooled,o_max,xgb_tree_d3,m009010_o_max_ord12_rk00011,12,0.23925657633903452,-0.0,1,Democracy
Pooled,o_max,xgb_tree_d3,m013001_o_max_ord16_rk00002,16,0.23920974104538462,-0.0,1,Democracy
Pooled,o_max,xgb_tree_d3,m014004_o_max_ord17_rk00005,17,0.23914969189580304,-0.0,1,Democracy
Pooled,o_max,xgb_tree_d3,m003003_o_max_ord6_rk00004,6,0.23912536550725927,-0.0,1,Democracy
Pooled,o_max,xgb_tree_d3,m005007_o_max_ord8_rk00008,8,0.23910867400864333,-0.0,1,Democracy
Pooled,o_max,xgb_tree_d3,m012014_o_max_ord15_rk00015,15,0.23907068144638777,-0.0,1,Democracy
Pooled,o_max,xgb_tree_d3,m003000_o_max_ord6_rk00001,6,0.23902518049342025,-0.0,1,Democracy
Pooled,o_max,xgb_tree_d3,m007001_o_max_ord10_rk00002,10,0.23895497237560537,-0.0,1,Democracy
Pooled,o_max,xgb_tree_d3,m000017_o_max_ord3_rk00018,3,0.2389369988549952,-0.0,1,Democracy
Pooled,o_max,xgb_tree_d3,m018014_o_max_ord21_rk00015,21,0.2389049072065621,-0.0,1,Democracy
Pooled,o_max,xgb_tree_d3,m007008_o_max_ord10_rk00009,10,0.23889718582456565,-0.0,1,Democracy
Pooled,o_max,xgb_tree_d3,m002003_o_max_ord5_rk00004,5,0.23877677316876922,-0.0,1,Democracy
Pooled,o_max,xgb_tree_d3,m004017_o_max_ord7_rk00018,7,0.23872054267090803,-0.0,1,Democracy
Pooled,o_max,xgb_tree_d3,m016013_o_max_ord19_rk00014,19,0.23871270344789253,-0.0,1,Democracy
Pooled,o_max,xgb_tree_d3,m003017_o_max_ord6_rk00018,6,0.23868475401832812,-0.0,1,Democracy
Pooled,o_max,xgb_tree_d3,m014001_o_max_ord17_rk00002,17,0.23867318629271161,-0.0,1,Democracy
Pooled,o_max,xgb_tree_d3,m017017_o_max_ord20_rk00018,20,0.2386116816238213,0.2863969571159562,2,Democracy
Pooled,o_max,xgb_tree_d3,m016001_o_max_ord19_rk00002,19,0.23855577965176333,-0.0,1,Democracy
Pooled,o_max,xgb_tree_d3,m002012_o_max_ord5_rk00013,5,0.2385245188206303,-0.0,1,Democracy
Pooled,o_max,xgb_tree_d3,m016002_o_max_ord19_rk00003,19,0.23845576707860916,-0.0,1,Democracy
Pooled,o_max,xgb_tree_d3,m005010_o_max_ord8_rk00011,8,0.2384530390982611,-0.0,1,Democracy
Pooled,o_max,xgb_tree_d3,m016007_o_max_ord19_rk00008,19,0.23837086517743444,-0.0,1,Democracy
Pooled,o_max,xgb_tree_d3,m006003_o_max_ord9_rk00004,9,0.23830374335501636,-0.0,1,Democracy
Pooled,o_max,xgb_tree_d3,m003002_o_max_ord6_rk00003,6,0.23820088457554078,-0.0,1,Democracy
Pooled,o_max,xgb_tree_d3,m005009_o_max_ord8_rk00010,8,0.23812688821818073,-0.0,1,Democracy
Pooled,o_max,xgb_tree_d3,m001005_o_max_ord4_rk00006,4,0.23802037792817854,-0.0,1,Democracy
Pooled,o_max,xgb_tree_d3,m016012_o_max_ord19_rk00013,19,0.23800339795037095,0.2974722489192896,2,Democracy
Pooled,o_max,xgb_tree_d3,m003009_o_max_ord6_rk00010,6,0.23796706833820314,-0.0,1,Democracy
Pooled,o_max,xgb_tree_d3,m011019_o_max_ord14_rk00020,14,0.2379151773819801,-0.0,1,Democracy
Pooled,o_max,xgb_tree_d3,m014007_o_max_ord17_rk00008,17,0.23779791619525503,-0.0,1,Democracy
Pooled,o_max,xgb_tree_d3,m020016_o_max_ord23_rk00017,23,0.2377865059815818,0.2580186686648155,2,Democracy
Pooled,o_max,xgb_tree_d3,m004005_o_max_ord7_rk00006,7,0.23774226078100513,-0.0,1,Democracy
Pooled,o_max,xgb_tree_d3,m012018_o_max_ord15_rk00019,15,0.23768002455801063,-0.0,1,Democracy
Pooled,o_max,xgb_tree_d3,m019019_o_max_ord22_rk00020,22,0.23756674328473337,0.266764987803026,2,Democracy
Pooled,o_max,xgb_tree_d3,m018018_o_max_ord21_rk00019,21,0.23756527492361945,-0.0,1,Democracy
Pooled,o_max,xgb_tree_d3,m002004_o_max_ord5_rk00005,5,0.23753189304140698,-0.0,1,Democracy
Pooled,o_max,xgb_tree_d3,m017015_o_max_ord20_rk00016,20,0.23748416317381948,0.5689955935892812,3,Democracy
Pooled,o_max,xgb_tree_d3,m004008_o_max_ord7_rk00009,7,0.23747101201568976,-0.0,1,Democracy
Pooled,o_max,xgb_tree_d3,m017002_o_max_ord20_rk00003,20,0.23743432032579492,-0.0,1,Democracy
Pooled,o_max,xgb_tree_d3,m002006_o_max_ord5_rk00007,5,0.23728088796279478,-0.0,1,Democracy
Pooled,o_max,xgb_tree_d3,m004014_o_max_ord7_rk00015,7,0.23714054172620613,-0.0,1,Democracy
Pooled,o_max,xgb_tree_d3,m016010_o_max_ord19_rk00011,19,0.2371357216606067,-0.0,1,Democracy
Pooled,o_max,xgb_tree_d3,m001011_o_max_ord4_rk00012,4,0.23712832110836535,-0.0,1,Democracy
Pooled,o_max,xgb_tree_d3,m004006_o_max_ord7_rk00007,7,0.23710774731897,-0.0,1,Democracy
Pooled,o_max,xgb_tree_d3,m003004_o_max_ord6_rk00005,6,0.236987922165797,-0.0,1,Democracy
Pooled,o_max,xgb_tree_d3,m001001_o_max_ord4_rk00002,4,0.23696767473444325,-0.0,1,Democracy
Pooled,o_max,xgb_tree_d3,m001000_o_max_ord4_rk00001,4,0.23695324802567874,-0.0,1,Democracy
Pooled,o_max,xgb_tree_d3,m003011_o_max_ord6_rk00012,6,0.2369234552298065,-0.0,1,Democracy
Pooled,o_max,xgb_tree_d3,m005013_o_max_ord8_rk00014,8,0.2368733008407451,-0.0,1,Democracy
Pooled,o_max,xgb_tree_d3,m001003_o_max_ord4_rk00004,4,0.2368721956061669,-0.0,1,Democracy
Pooled,o_max,xgb_tree_d3,m020009_o_max_ord23_rk00010,23,0.23679412449129822,0.4262286569981449,2,Democracy
Pooled,o_max,xgb_tree_d3,m018010_o_max_ord21_rk00011,21,0.23678120943148895,-0.0,1,Democracy
Pooled,o_max,xgb_tree_d3,m001002_o_max_ord4_rk00003,4,0.23666560742067178,-0.0,1,Democracy
Pooled,o_max,xgb_tree_d3,m002000_o_max_ord5_rk00001,5,0.23656781012038708,-0.0,1,Democracy
Pooled,o_max,xgb_tree_d3,m018019_o_max_ord21_rk00020,21,0.23640355302616078,0.2761954276479391,2,Democracy
Pooled,o_max,xgb_tree_d3,m011008_o_max_ord14_rk00009,14,0.23639243029648782,-0.0,1,Democracy
Pooled,o_max,xgb_tree_d3,m004012_o_max_ord7_rk00013,7,0.23624089005007565,-0.0,1,Democracy
Pooled,o_max,xgb_tree_d3,m016009_o_max_ord19_rk00010,19,0.2361477858980613,-0.0,1,Democracy
Pooled,o_max,xgb_tree_d3,m004009_o_max_ord7_rk00010,7,0.23614489152288143,-0.0,1,Democracy
Pooled,o_max,xgb_tree_d3,m013016_o_max_ord16_rk00017,16,0.2360960092389669,-0.0,1,Democracy
Pooled,o_max,xgb_tree_d3,m005018_o_max_ord8_rk00019,8,0.23605262964249896,-0.0,1,Democracy
Pooled,o_max,xgb_tree_d3,m007004_o_max_ord10_rk00005,10,0.2360358642732543,-0.0,1,Democracy
Pooled,o_max,xgb_tree_d3,m011016_o_max_ord14_rk00017,14,0.23597760117258593,-0.0,1,Democracy
Pooled,o_max,xgb_tree_d3,m004016_o_max_ord7_rk00017,7,0.2358751416031566,-0.0,1,Democracy
Pooled,o_max,xgb_tree_d3,m011012_o_max_ord14_rk00013,14,0.23584672097974702,-0.0,1,Democracy
Pooled,o_max,xgb_tree_d3,m005005_o_max_ord8_rk00006,8,0.23574580324269356,-0.0,1,Democracy
Pooled,o_max,xgb_tree_d3,m012012_o_max_ord15_rk00013,15,0.23574039183891327,-0.0,1,Democracy
Pooled,o_max,xgb_tree_d3,m004002_o_max_ord7_rk00003,7,0.23572273324939352,-0.0,1,Democracy
Pooled,o_max,xgb_tree_d3,m004004_o_max_ord7_rk00005,7,0.23554409106892993,-0.0,1,Democracy
Pooled,o_max,xgb_tree_d3,m001008_o_max_ord4_rk00009,4,0.23541607951517318,-0.0,1,Democracy
Pooled,o_max,xgb_tree_d3,m004003_o_max_ord7_rk00004,7,0.23533234717165052,-0.0,1,Democracy
Pooled,o_max,xgb_tree_d3,m004018_o_max_ord7_rk00019,7,0.23530745947684928,-0.0,1,Democracy
Pooled,o_max,xgb_tree_d3,m003018_o_max_ord6_rk00019,6,0.23522875833415124,-0.0,1,Democracy
Pooled,o_max,xgb_tree_d3,m016005_o_max_ord19_rk00006,19,0.2350729851333756,-0.0,1,Democracy
Pooled,o_max,xgb_tree_d3,m001009_o_max_ord4_rk00010,4,0.2349679633470656,-0.0,1,Democracy
Pooled,o_max,xgb_tree_d3,m016017_o_max_ord19_rk00018,19,0.23481889306725323,0.2974722489192896,2,Democracy
Pooled,o_max,xgb_tree_d3,m014011_o_max_ord17_rk00012,17,0.23456556712527188,-0.0,1,Democracy
Pooled,o_max,xgb_tree_d3,m011011_o_max_ord14_rk00012,14,0.2344731751220268,-0.0,1,Democracy
Pooled,o_max,xgb_tree_d3,m002010_o_max_ord5_rk00011,5,0.2343639332357449,-0.0,1,Democracy
Pooled,o_max,xgb_tree_d3,m005014_o_max_ord8_rk00015,8,0.23434923842763145,-0.0,1,Democracy
Pooled,o_max,xgb_tree_d3,m002007_o_max_ord5_rk00008,5,0.23428592219451205,-0.0,1,Democracy
Pooled,o_max,xgb_tree_d3,m006006_o_max_ord9_rk00007,9,0.23422564962356973,-0.0,1,Democracy
Pooled,o_max,xgb_tree_d3,m016008_o_max_ord19_rk00009,19,0.23414923639971186,-0.0,1,Democracy
Pooled,o_max,xgb_tree_d3,m016006_o_max_ord19_rk00007,19,0.23366068880232482,-0.0,1,Democracy
Pooled,o_max,xgb_tree_d3,m016019_o_max_ord19_rk00020,19,0.23324143372671602,0.2974722489192896,2,Democracy
Pooled,o_max,xgb_tree_d3,m002002_o_max_ord5_rk00003,5,0.23306929625175277,-0.0,1,Democracy
Pooled,o_max,xgb_tree_d3,m004007_o_max_ord7_rk00008,7,0.23291572635538227,-0.0,1,Democracy
Pooled,o_max,xgb_tree_d3,m020019_o_max_ord23_rk00020,23,0.23274172166204055,0.4262286569981449,2,Democracy
Pooled,o_max,xgb_tree_d3,m015015_o_max_ord18_rk00016,18,0.23267643929751447,-0.0,1,Democracy
Pooled,o_max,xgb_tree_d3,m003007_o_max_ord6_rk00008,6,0.23186658408782002,-0.0,1,Democracy
Pooled,o_max,xgb_tree_d3,m001013_o_max_ord4_rk00014,4,0.23132167599891296,-0.0,1,Democracy
Pooled,o_max,xgb_tree_d3,m016016_o_max_ord19_rk00017,19,0.23114628679934812,-0.0,1,Democracy
Pooled,o_max,xgb_tree_d3,m004015_o_max_ord7_rk00016,7,0.22817361507876865,-0.0,1,Democracy
Pooled,o_max,xgb_tree_d3,m012015_o_max_ord15_rk00016,15,0.22744426927868355,-0.0,1,Democracy
CN->CN,o_min,ols,m064520_o_min_ord20_rk00006,20,0.2273496738900383,2.884183719779189,8,Precipitation/droughts
CN->CN,o_min,ols,m065530_o_min_ord21_rk00016,21,0.2265739134179277,2.851149423893032,8,Democracy
CN->CN,o_min,ols,m064532_o_min_ord20_rk00018,20,0.2258555688353902,2.9414460711655215,9,Democracy
CN->CN,o_min,ols,m065521_o_min_ord21_rk00007,21,0.2254003075513135,2.851149423893032,8,Democracy
CN->CN,o_min,ols,m068533_o_min_ord24_rk00019,24,0.2213925810918574,2.8699100232740657,9,Democracy
CN->CN,o_min,ols,m064531_o_min_ord20_rk00017,20,0.2192650805296003,2.865957320949175,8,Democracy
CN->CN,o_min,ols,m047531_o_min_ord3_rk00017,3,0.2190089545187068,0.9182958340544896,2,Air Pollution
CN->CN,o_min,ols,m065520_o_min_ord21_rk00006,21,0.2184197212956812,2.9463875191311275,9,Democracy
CN->CN,o_min,ols,m048528_o_min_ord4_rk00014,4,0.2183837743422251,1.5,3,Air Pollution
CN->CN,o_min,ols,m066529_o_min_ord22_rk00015,22,0.2181859957820088,2.9019469592513696,9,Democracy
CN->CN,o_min,ols,m048523_o_min_ord4_rk00009,4,0.2181730677780365,1.5,3,Air Pollution
CN->CN,o_min,ols,m048515_o_min_ord4_rk00001,4,0.217553596486372,1.0,2,Air Pollution
CN->CN,o_min,ols,m049518_o_min_ord5_rk00004,5,0.2169585235619794,1.5219280948873621,3,Air Pollution
CN->CN,o_min,ols,m048527_o_min_ord4_rk00013,4,0.2163245747668779,2.0,4,Air Pollution
CN->CN,o_min,ols,m049519_o_min_ord5_rk00005,5,0.2158972652091908,1.5219280948873621,3,Air Pollution
CN->CN,o_min,ols,m049522_o_min_ord5_rk00008,5,0.2156661505832817,1.5219280948873621,3,Air Pollution
CN->CN,o_min,ols,m049527_o_min_ord5_rk00013,5,0.215565633442479,1.9219280948873623,4,Air Pollution
CN->CN,o_min,ols,m049525_o_min_ord5_rk00011,5,0.2155102896419815,1.5219280948873621,3,Air Pollution
CN->CN,o_min,ols,m049516_o_min_ord5_rk00002,5,0.2154367453324718,1.5219280948873621,3,Air Pollution
CN->CN,o_min,ols,m050530_o_min_ord6_rk00016,6,0.2153330613220454,1.9182958340544896,4,Air Pollution
CN->CN,o_min,ols,m055524_o_min_ord11_rk00010,11,0.2152048865555068,2.413088436425758,6,Temperature
CN->CN,o_min,ols,m063530_o_min_ord19_rk00016,19,0.2152034643604921,2.9000516989995426,9,Democracy
CN->CN,o_min,ols,m047515_o_min_ord3_rk00001,3,0.2149362723971996,0.9182958340544896,2,Air Pollution
CN->CN,o_min,ols,m048517_o_min_ord4_rk00003,4,0.2147017740889075,1.5,3,Air Pollution
CN->CN,o_min,ols,m048520_o_min_ord4_rk00006,4,0.2145535637423995,1.5,3,Air Pollution
CN->CN,o_min,ols,m051530_o_min_ord7_rk00016,7,0.2143951001630173,1.9502120649147465,4,Air Pollution
CN->CN,o_min,ols,m053515_o_min_ord9_rk00001,9,0.2141148031900757,2.197159723424149,5,Socioeconomic
CN->CN,o_min,ols,m050518_o_min_ord6_rk00004,6,0.2139757491676006,1.9182958340544896,4,Air Pollution
CN->CN,o_min,ols,m050516_o_min_ord6_rk00002,6,0.2139571384968075,1.9182958340544896,4,Air Pollution
CN->CN,o_min,ols,m067521_o_min_ord23_rk00007,23,0.213516046243154,2.8927021732601896,9,Democracy
CN->CN,o_min,ols,m048518_o_min_ord4_rk00004,4,0.213500069324398,1.5,3,Air Pollution
CN->CN,o_min,ols,m048525_o_min_ord4_rk00011,4,0.213021554388804,1.5,3,Air Pollution
CN->CN,o_min,ols,m056519_o_min_ord12_rk00005,12,0.2126926394088822,2.6258145836939115,7,Temperature
CN->CN,o_min,ols,m063518_o_min_ord19_rk00004,19,0.2126614982158331,2.9053077763737467,8,Democracy
CN->CN,o_min,ols,m050528_o_min_ord6_rk00014,6,0.2123235469492644,1.4591479170272448,3,Socioeconomic
CN->CN,o_min,ols,m049533_o_min_ord5_rk00019,5,0.2119581833664899,1.5219280948873621,3,Air Pollution
CN->CN,o_min,ols,m055534_o_min_ord11_rk00020,11,0.2119460596649746,2.2998963911678914,6,Temperature
CN->CN,o_min,ols,m069525_o_min_ord25_rk00011,25,0.2119115609757126,2.8676013115120567,9,Democracy
CN->CN,o_min,ols,m048529_o_min_ord4_rk00015,4,0.2117342509431727,1.5,3,Air Pollution
CN->CN,o_min,ols,m050529_o_min_ord6_rk00015,6,0.2115232565148234,1.9182958340544893,4,Air Pollution
CN->CN,o_min,ols,m049517_o_min_ord5_rk00003,5,0.2113858144866053,1.9219280948873623,4,Air Pollution
CN->CN,o_min,ols,m049521_o_min_ord5_rk00007,5,0.2103516210451744,1.9219280948873623,4,Air Pollution
CN->CN,o_min,ols,m068522_o_min_ord24_rk00008,24,0.209939166379837,2.8699100232740657,9,Democracy
CN->CN,o_min,ols,m071524_o_min_ord27_rk00010,27,0.2093244196986445,2.815460540067162,9,Democracy
CN->CN,o_min,ols,m068515_o_min_ord24_rk00001,24,0.2091307428461535,2.8699100232740657,9,Democracy
CN->CN,o_min,ols,m053524_o_min_ord9_rk00010,9,0.2090360465072638,2.197159723424149,5,Socioeconomic
CN->CN,o_min,ols,m048522_o_min_ord4_rk00008,4,0.2090254183773567,1.5,3,Air Pollution
CN->CN,o_min,ols,m048524_o_min_ord4_rk00010,4,0.2088951613293382,1.5,3,Air Pollution
CN->CN,o_min,ols,m069515_o_min_ord25_rk00001,25,0.2083859630135079,2.8676013115120567,9,Democracy
CN->CN,o_min,ols,m047533_o_min_ord3_rk00019,3,0.2083032724209383,0.9182958340544896,2,Socioeconomic
CN->CN,o_min,ols,m054516_o_min_ord10_rk00002,10,0.2081944537764186,2.2464393446710154,5,Socioeconomic
CN->CN,o_min,ols,m064522_o_min_ord20_rk00008,20,0.2080577545768193,2.865957320949175,8,Democracy
CN->CN,o_min,ols,m069518_o_min_ord25_rk00004,25,0.2080049622558827,2.8676013115120567,9,Democracy
CN->CN,o_min,ols,m050527_o_min_ord6_rk00013,6,0.2079888564488546,1.9182958340544893,4,Air Pollution
CN->CN,o_min,ols,m048533_o_min_ord4_rk00019,4,0.2078642449705613,1.5,3,Air Pollution
CN->CN,o_min,ols,m047517_o_min_ord3_rk00003,3,0.2070428092933181,1.584962500721156,3,Air Pollution
CN->CN,o_min,ols,m050531_o_min_ord6_rk00017,6,0.2068812792053851,1.584962500721156,3,Air Pollution
CN->CN,o_min,ols,m070527_o_min_ord26_rk00013,26,0.2061981192127964,2.8536700092563416,9,Democracy
CN->CN,o_min,ols,m067530_o_min_ord23_rk00016,23,0.206195678854099,2.7837353286220776,9,Democracy
CN->CN,o_min,ols,m047528_o_min_ord3_rk00014,3,0.2060229344700301,0.9182958340544896,2,Air Pollution
CN->CN,o_min,ols,m061524_o_min_ord17_rk00010,17,0.2058304941151467,2.498077546623641,7,Democracy
CN->CN,o_min,ols,m052534_o_min_ord8_rk00020,8,0.2058083471693476,2.25,5,Air Pollution
CN->CN,o_min,ols,m052532_o_min_ord8_rk00018,8,0.2055541430998907,2.0,4,Air Pollution
CN->CN,o_min,ols,m048526_o_min_ord4_rk00012,4,0.2052954958549564,1.5,3,Air Pollution
CN->CN,o_min,ols,m069519_o_min_ord25_rk00005,25,0.2052954349590691,2.823465189601647,9,Democracy
CN->CN,o_min,ols,m067528_o_min_ord23_rk00014,23,0.2049235927584515,2.8927021732601896,9,Democracy
CN->CN,o_min,ols,m055525_o_min_ord11_rk00011,11,0.204841845304407,2.2998963911678914,5,Socioeconomic
CN->CN,o_min,ols,m053519_o_min_ord9_rk00005,9,0.2044375616415413,2.2810361125534238,5,Air Pollution
CN->CN,o_min,ols,m057529_o_min_ord13_rk00015,13,0.2042996070414331,2.6031579868726,7,Temperature
CN->CN,o_min,ols,m070520_o_min_ord26_rk00006,26,0.2040805035879156,2.8252517372886508,9,Democracy
CN->CN,o_min,ols,m047526_o_min_ord3_rk00012,3,0.2040475927457002,0.9182958340544896,2,Air Pollution
CN->CN,o_min,ols,m057518_o_min_ord13_rk00004,13,0.2037479161341633,2.873140679513133,8,Temperature
CN->CN,o_min,ols,m049531_o_min_ord5_rk00017,5,0.2037152470909912,1.9219280948873623,4,Precipitation/droughts
CN->CN,o_min,ols,m048532_o_min_ord4_rk00018,4,0.2032488953152019,1.5,3,Temperature
CN->CN,o_min,ols,m050521_o_min_ord6_rk00007,6,0.2028638067225823,1.9182958340544893,4,Precipitation/droughts
CN->CN,o_min,ols,m069517_o_min_ord25_rk00003,25,0.2028588934844933,2.8530201924480454,9,Democracy
CN->CN,o_min,ols,m056532_o_min_ord12_rk00018,12,0.2026882668394192,2.292481250360578,5,Temperature
CN->CN,o_min,ols,m059530_o_min_ord15_rk00016,15,0.2023385442245291,2.256564762130954,5,Temperature
CN->CN,o_min,ols,m066525_o_min_ord22_rk00011,22,0.2017701809232578,2.9019469592513696,9,Democracy
CN->CN,o_min,ols,m051518_o_min_ord7_rk00004,7,0.2014691447751679,1.9502120649147465,4,Air Pollution
CN->CN,o_min,ols,m047520_o_min_ord3_rk00006,3,0.2013454474449769,-0.0,1,Air Pollution
CN->CN,o_min,ols,m066521_o_min_ord22_rk00007,22,0.2007410271531639,2.9317206879810787,9,Democracy
CN->CN,o_min,ols,m052521_o_min_ord8_rk00007,8,0.2001083481527202,1.9056390622295665,4,Socioeconomic
CN->CN,o_min,ols,m065528_o_min_ord21_rk00014,21,0.2000596869288072,2.9463875191311275,9,Democracy
CN->CN,o_min,ols,m070523_o_min_ord26_rk00009,26,0.1999421620591546,2.8252517372886508,9,Democracy
CN->CN,o_min,ols,m070515_o_min_ord26_rk00001,26,0.1992306264391279,2.8536700092563416,9,Democracy
CN->CN,o_min,ols,m056522_o_min_ord12_rk00008,12,0.1989711848979396,2.688721875540867,7,Temperature
CN->CN,o_min,ols,m065516_o_min_ord21_rk00002,21,0.1986960899159109,2.915195993795242,9,Democracy
CN->CN,o_min,ols,m070518_o_min_ord26_rk00004,26,0.1986699556703954,2.811231430496332,9,Democracy
CN->CN,o_min,ols,m054531_o_min_ord10_rk00017,10,0.1981256231445882,2.2464393446710154,5,Socioeconomic
CN->CN,o_min,ols,m047519_o_min_ord3_rk00005,3,0.1977960521557523,0.9182958340544896,2,Air Pollution
CN->CN,o_min,ols,m051533_o_min_ord7_rk00019,7,0.1977246710763891,1.8423709931771086,4,Democracy
CN->CN,o_min,ols,m058517_o_min_ord14_rk00003,14,0.1973965899837633,2.8423709931771084,8,Temperature
CN->CN,o_min,ols,m050522_o_min_ord6_rk00008,6,0.1972553635954789,1.9182958340544893,4,Air Pollution
CN->CN,o_min,ols,m059525_o_min_ord15_rk00011,15,0.1969933360272031,2.5492553971685,7,Democracy
CN->CN,o_min,ols,m048530_o_min_ord4_rk00016,4,0.1966262097265989,2.0,4,Air Pollution
CN->CN,o_min,ols,m047525_o_min_ord3_rk00011,3,0.1964845995113919,0.9182958340544896,2,Temperature
CN->CN,o_min,ols,m069522_o_min_ord25_rk00008,25,0.1962648171421728,2.8676013115120567,9,Democracy
CN->CN,o_min,ols,m070516_o_min_ord26_rk00002,26,0.1961640189838548,2.8536700092563416,9,Democracy
CN->CN,o_min,ols,m057516_o_min_ord13_rk00002,13,0.1960606073262767,2.6235166412180155,7,Temperature
CN->CN,o_min,ols,m071516_o_min_ord27_rk00002,27,0.195469936047012,2.815460540067162,9,Democracy
CN->CN,o_min,ols,m066516_o_min_ord22_rk00002,22,0.1952102925337093,2.9019469592513696,9,Democracy
CN->CN,o_min,ols,m065515_o_min_ord21_rk00001,21,0.1949137404986598,2.9463875191311275,9,Democracy
CN->CN,o_min,ols,m071515_o_min_ord27_rk00001,27,0.1948891390325909,2.815460540067162,9,Democracy
CN->CN,o_min,ols,m070533_o_min_ord26_rk00019,26,0.194883639808218,2.8536700092563416,9,Democracy
CN->CN,o_min,ols,m070522_o_min_ord26_rk00008,26,0.1948522141329554,2.8536700092563416,9,Democracy
CN->CN,o_min,ols,m049526_o_min_ord5_rk00012,5,0.1946640574403045,1.5219280948873621,3,Air Pollution
CN->CN,o_min,ols,m056515_o_min_ord12_rk00001,12,0.1942161988010163,2.688721875540867,7,Temperature
CN->CN,o_min,ols,m059533_o_min_ord15_rk00019,15,0.1941815876130213,2.8225797618424915,8,Temperature
CN->CN,o_min,ols,m070521_o_min_ord26_rk00007,26,0.1939838831269754,2.8252517372886508,9,Democracy
CN->CN,o_min,ols,m072534_o_min_ord28_rk00020,28,0.1939364771639685,2.937193208607594,10,Democracy
CN->CN,o_min,ols,m051525_o_min_ord7_rk00011,7,0.1938637540888345,1.950212064914747,4,Air Pollution
CN->CN,o_min,ols,m051519_o_min_ord7_rk00005,7,0.1937880934462428,1.3787834934861753,3,Democracy
CN->CN,o_min,ols,m055522_o_min_ord11_rk00008,11,0.1936440008793466,2.481714572986073,6,Temperature
CN->CN,o_min,ols,m050520_o_min_ord6_rk00006,6,0.1936290850441149,1.9182958340544893,4,Air Pollution
CN->CN,o_min,ols,m071518_o_min_ord27_rk00004,27,0.1935180531278332,2.815460540067162,9,Democracy
CN->CN,o_min,ols,m071531_o_min_ord27_rk00017,27,0.1933082466908386,2.815460540067162,9,Democracy
CN->CN,o_min,ols,m053526_o_min_ord9_rk00012,9,0.1928179606575168,2.197159723424149,5,Temperature
CN->CN,o_min,ols,m051529_o_min_ord7_rk00015,7,0.1927131919936024,1.8423709931771086,4,Democracy
CN->CN,o_min,ols,m056530_o_min_ord12_rk00016,12,0.1920165507055041,2.688721875540867,7,Temperature
CN->CN,o_min,ols,m068520_o_min_ord24_rk00006,24,0.1920035667345282,2.8699100232740657,9,Democracy
CN->CN,o_min,ols,m056525_o_min_ord12_rk00011,12,0.1914996756290226,2.688721875540867,7,Temperature
CN->CN,o_min,ols,m050519_o_min_ord6_rk00005,6,0.1914845355842183,1.9182958340544893,4,Air Pollution
CN->CN,o_min,ols,m047524_o_min_ord3_rk00010,3,0.1910682967655582,0.9182958340544896,2,Democracy
CN->CN,o_min,ols,m053521_o_min_ord9_rk00007,9,0.1906124759382699,2.5032583347756456,6,Air Pollution
CN->CN,o_min,ols,m071530_o_min_ord27_rk00016,27,0.1905919998902129,2.976516671385561,10,Democracy
CN->CN,o_min,ols,m058515_o_min_ord14_rk00001,14,0.190567243540733,2.8962915290459277,8,Temperature
CN->CN,o_min,ols,m066527_o_min_ord22_rk00013,22,0.1904358519654607,2.9019469592513696,9,Democracy
CN->CN,o_min,ols,m063534_o_min_ord19_rk00020,19,0.1903471015860871,2.984769618706743,9,Temperature
CN->CN,o_min,ols,m050515_o_min_ord6_rk00001,6,0.1898976177465129,1.4591479170272448,3,Democracy
CN->CN,o_min,ols,m056527_o_min_ord12_rk00013,12,0.1892915493048731,2.688721875540867,7,Air Pollution
CN->CN,o_min,ols,m062529_o_min_ord18_rk00015,18,0.1892238697386236,2.858278308418045,9,Democracy
CN->CN,o_min,ols,m062518_o_min_ord18_rk00004,18,0.1891826851712172,2.4885548621928453,7,Democracy
CN->CN,o_min,ols,m070524_o_min_ord26_rk00010,26,0.1887184024529815,2.8252517372886508,9,Democracy
CN->CN,o_min,ols,m060532_o_min_ord16_rk00018,16,0.1881707457722355,2.8584585933443494,8,Temperature
CN->CN,o_min,ols,m072520_o_min_ord28_rk00006,28,0.1878789295042594,2.937193208607594,10,Democracy
CN->CN,o_min,ols,m058531_o_min_ord14_rk00017,14,0.1876522257779208,2.6455933144511468,7,Temperature
CN->CN,o_min,ols,m057515_o_min_ord13_rk00001,13,0.1876076694671218,2.6612262562697895,7,Temperature
CN->CN,o_min,ols,m052518_o_min_ord8_rk00004,8,0.1875546906489096,2.25,5,Temperature
CN->CN,o_min,ols,m051523_o_min_ord7_rk00009,7,0.1873097915772577,1.9502120649147465,4,Precipitation/droughts
CN->CN,o_min,ols,m060520_o_min_ord16_rk00006,16,0.186939644752732,2.8584585933443494,8,Temperature
CN->CN,o_min,ols,m072531_o_min_ord28_rk00017,28,0.1868873364228958,2.7754316010011366,9,Democracy
CN->CN,o_min,ols,m049515_o_min_ord5_rk00001,5,0.186520391012872,1.5219280948873621,3,Precipitation/droughts
CN->CN,o_min,ols,m066522_o_min_ord22_rk00008,22,0.1864464779557803,2.9019469592513696,9,Democracy
CN->CN,o_min,ols,m061516_o_min_ord17_rk00002,17,0.1862318817518916,2.498077546623641,7,Democracy
CN->CN,o_min,ols,m058529_o_min_ord14_rk00015,14,0.1860219457973417,2.610577243331642,7,Temperature
CN->CN,o_min,ols,m069516_o_min_ord25_rk00002,25,0.1858562468692215,2.8676013115120567,9,Democracy
CN->CN,o_min,ols,m053518_o_min_ord9_rk00004,9,0.1852290927090586,2.197159723424149,5,Temperature
CN->CN,o_min,ols,m054534_o_min_ord10_rk00020,10,0.1848844592747269,2.721928094887362,7,Air Pollution
CN->CN,o_min,ols,m049532_o_min_ord5_rk00018,5,0.1845879709309087,1.5219280948873621,3,Air Pollution
CN->CN,o_min,ols,m053522_o_min_ord9_rk00008,9,0.1843697944149626,2.5032583347756456,6,Temperature
CN->CN,o_min,ols,m055515_o_min_ord11_rk00001,11,0.1838592519022293,2.7321588913645702,7,Air Pollution
CN->CN,o_min,ols,m063529_o_min_ord19_rk00015,19,0.1837035765628888,2.4370658315190226,7,Democracy
CN->CN,o_min,ols,m063517_o_min_ord19_rk00003,19,0.1836802483682844,2.8000446184790095,9,Democracy
CN->CN,o_min,ols,m054520_o_min_ord10_rk00006,10,0.183278489305118,2.4464393446710155,6,Temperature
CN->CN,o_min,ols,m070528_o_min_ord26_rk00014,26,0.1829769107744726,2.8252517372886508,9,Democracy
CN->CN,o_min,ols,m054515_o_min_ord10_rk00001,10,0.1828046091532429,2.7219280948873625,7,Air Pollution
CN->CN,o_min,ols,m051517_o_min_ord7_rk00003,7,0.1827352232688849,2.2359263506290326,5,Precipitation/droughts
CN->CN,o_min,ols,m058522_o_min_ord14_rk00008,14,0.1827309270014562,2.6455933144511468,7,Temperature
CN->CN,o_min,ols,m047522_o_min_ord3_rk00008,3,0.1825050044305203,0.9182958340544896,2,Democracy
CN->CN,o_min,ols,m052516_o_min_ord8_rk00002,8,0.1822809643501526,2.25,5,Temperature
CN->CN,o_min,ols,m052520_o_min_ord8_rk00006,8,0.1822258356773282,2.25,5,Temperature
CN->CN,o_min,ols,m051526_o_min_ord7_rk00012,7,0.1818400193086128,1.8423709931771086,4,Democracy
CN->CN,o_min,ols,m051515_o_min_ord7_rk00001,7,0.1816845704443253,2.2359263506290326,5,Precipitation/droughts
CN->CN,o_min,ols,m054518_o_min_ord10_rk00004,10,0.1815475119053274,2.4464393446710155,6,Temperature
CN->CN,o_min,ols,m049534_o_min_ord5_rk00020,5,0.1814492915039041,1.9219280948873623,4,Precipitation/droughts
CN->CN,o_min,ols,m050524_o_min_ord6_rk00010,6,0.1809950208369128,2.2516291673878226,5,Precipitation/droughts
CN->CN,o_min,ols,m062532_o_min_ord18_rk00018,18,0.1809616462054529,2.858278308418045,9,Democracy
CN->CN,o_min,ols,m051534_o_min_ord7_rk00020,7,0.1809357647865941,2.5216406363433186,6,Precipitation/droughts
CN->CN,o_min,ols,m054533_o_min_ord10_rk00019,10,0.180875855053941,2.4464393446710155,6,Temperature
CN->CN,o_min,ols,m052522_o_min_ord8_rk00008,8,0.1804465548615346,2.25,5,Temperature
CN->CN,o_min,ols,m058523_o_min_ord14_rk00009,14,0.1802729186553289,2.2359263506290326,5,Temperature
CN->CN,o_min,ols,m049530_o_min_ord5_rk00016,5,0.1798767772000616,1.5219280948873621,3,Air Pollution
CN->CN,o_min,ols,m050533_o_min_ord6_rk00019,6,0.1792542457070575,1.9182958340544896,4,Precipitation/droughts
CN->CN,o_min,ols,m056517_o_min_ord12_rk00003,12,0.1790909561447458,2.688721875540867,7,Temperature
CN->CN,o_min,ols,m062528_o_min_ord18_rk00014,18,0.1789771136483207,2.4387439204017474,7,Democracy
CN->CN,o_min,ols,m052525_o_min_ord8_rk00011,8,0.1783541693311923,1.75,4,Democracy
CN->CN,o_min,ols,m048521_o_min_ord4_rk00007,4,0.1782913371315416,1.5,3,Air Pollution
CN->CN,o_min,ols,m054519_o_min_ord10_rk00005,10,0.1781870638367989,2.2464393446710154,5,Democracy
CN->CN,o_min,ols,m048516_o_min_ord4_rk00002,4,0.1777140677962131,1.5,3,Air Pollution
CN->CN,o_min,ols,m051532_o_min_ord7_rk00018,7,0.1775879398692965,1.8423709931771086,4,Democracy
CN->CN,o_min,ols,m049524_o_min_ord5_rk00010,5,0.1774091356324874,1.9219280948873623,4,Air Pollution
CN->CN,o_min,ols,m059515_o_min_ord15_rk00001,15,0.1772408740919205,2.872905595320056,8,Temperature
CN->CN,o_min,ols,m050534_o_min_ord6_rk00020,6,0.1772298239665266,2.2516291673878226,5,Precipitation/droughts
CN->CN,o_min,ols,m052527_o_min_ord8_rk00013,8,0.1771727258674128,2.25,5,Precipitation/droughts
CN->CN,o_min,ols,m059534_o_min_ord15_rk00020,15,0.1771105190020633,2.689246428509158,7,Air Pollution
CN->CN,o_min,ols,m063531_o_min_ord19_rk00017,19,0.1770452738354893,2.5820599105802575,8,Democracy
CN->CN,o_min,ols,m047521_o_min_ord3_rk00007,3,0.17690506559375,0.9182958340544896,2,Democracy
CN->CN,o_min,ols,m053532_o_min_ord9_rk00018,9,0.1768749561699898,2.0588138903312014,5,Democracy
CN->CN,o_min,ols,m071519_o_min_ord27_rk00005,27,0.1767863505409053,2.815460540067162,9,Democracy
CN->CN,o_min,ols,m047527_o_min_ord3_rk00013,3,0.1764210256946899,0.9182958340544896,2,Democracy
CN->CN,o_min,ols,m054530_o_min_ord10_rk00016,10,0.1760586074350507,2.4464393446710155,6,Temperature
CN->CN,o_min,ols,m063516_o_min_ord19_rk00002,19,0.1757675397477996,2.8000446184790095,9,Democracy
CN->CN,o_min,ols,m057528_o_min_ord13_rk00014,13,0.1757264912229273,2.6612262562697895,7,Temperature
CN->CN,o_min,ols,m071525_o_min_ord27_rk00011,27,0.1756902536863663,2.815460540067162,9,Democracy
CN->CN,o_min,ols,m055520_o_min_ord11_rk00006,11,0.1753380057756699,2.481714572986073,6,Democracy
CN->CN,o_min,ols,m051516_o_min_ord7_rk00002,7,0.1745944520335868,1.3787834934861753,3,Democracy
CN->CN,o_min,ols,m053533_o_min_ord9_rk00019,9,0.174506871730978,2.1971597234241496,5,Socioeconomic
CN->CN,o_min,ols,m071533_o_min_ord27_rk00019,27,0.1736286350767495,2.815460540067162,9,Democracy
CN->CN,o_min,ols,m055532_o_min_ord11_rk00018,11,0.1735263901531974,2.663532754804255,7,Temperature
CN->CN,o_min,ols,m052528_o_min_ord8_rk00014,8,0.1733002073612233,2.25,5,Precipitation/droughts
CN->CN,o_min,ols,m056516_o_min_ord12_rk00002,12,0.1728418769169499,2.4591479170272446,6,Temperature
CN->CN,o_min,ols,m053525_o_min_ord9_rk00011,9,0.1727058306045901,2.725480556997868,7,Air Pollution
CN->CN,o_min,ols,m053517_o_min_ord9_rk00003,9,0.1720920939578195,2.1971597234241496,5,Socioeconomic
CN->CN,o_min,ols,m062533_o_min_ord18_rk00019,18,0.1720021356493959,2.6688388898504303,8,Democracy
CN->CN,o_min,ols,m062522_o_min_ord18_rk00008,18,0.17194416375263,2.905764584655453,8,Democracy
CN->CN,o_min,ols,m056526_o_min_ord12_rk00012,12,0.1714853831889962,2.8553885422075336,8,Precipitation/droughts
CN->CN,o_min,ols,m054525_o_min_ord10_rk00011,10,0.1712210812696056,2.2464393446710154,5,Socioeconomic
CN->CN,o_min,ols,m070517_o_min_ord26_rk00003,26,0.1711913926494177,2.8536700092563416,9,Democracy
CN->CN,o_min,ols,m051521_o_min_ord7_rk00007,7,0.1711167991893079,2.2359263506290326,5,Precipitation/droughts
CN->CN,o_min,ols,m068530_o_min_ord24_rk00016,24,0.1710944067772433,2.8699100232740657,9,Democracy
CN->CN,o_min,ols,m055529_o_min_ord11_rk00015,11,0.1710743069868994,2.663532754804255,7,Temperature
CN->CN,o_min,ols,m064521_o_min_ord20_rk00007,20,0.1710341723294036,2.739353872167201,9,Democracy
CN->CN,o_min,ols,m055531_o_min_ord11_rk00017,11,0.1710144246730542,2.663532754804255,7,Precipitation/droughts
CN->CN,o_min,ols,m052523_o_min_ord8_rk00009,8,0.1708613394853192,2.5,6,Precipitation/droughts
CN->CN,o_min,ols,m056521_o_min_ord12_rk00007,12,0.1707789662333756,2.8553885422075336,8,Precipitation/droughts
CN->CN,o_min,ols,m057524_o_min_ord13_rk00010,13,0.1699282521838631,2.2577560641285177,5,Temperature
CN->CN,o_min,ols,m051522_o_min_ord7_rk00008,7,0.1698978121525305,2.2359263506290326,5,Precipitation/droughts
CN->CN,o_min,ols,m055530_o_min_ord11_rk00016,11,0.1693854751101965,2.481714572986073,6,Temperature
CN->CN,o_min,ols,m052524_o_min_ord8_rk00010,8,0.1692647977004037,1.561278124459133,3,Precipitation/droughts
CN->CN,o_min,ols,m052519_o_min_ord8_rk00005,8,0.1690866917155087,2.5,6,Air Pollution
CN->CN,o_min,ols,m052533_o_min_ord8_rk00019,8,0.1690370562297136,2.5,6,Air Pollution
CN->CN,o_min,ols,m057520_o_min_ord13_rk00006,13,0.1687540698342764,2.873140679513133,8,Precipitation/droughts
CN->CN,o_min,ols,m051520_o_min_ord7_rk00006,7,0.1687405645209388,2.1280852788913944,5,Air Pollution
CN->CN,o_min,ols,m071517_o_min_ord27_rk00003,27,0.1678869628374445,2.815460540067162,9,Democracy
CN->CN,o_min,ols,m069520_o_min_ord25_rk00006,25,0.1677768310243651,2.8676013115120567,9,Democracy
CN->CN,o_min,ols,m051531_o_min_ord7_rk00017,7,0.1675554928943254,1.5566567074628228,3,Democracy
CN->CN,o_min,ols,m057523_o_min_ord13_rk00009,13,0.1674756451063317,2.873140679513133,8,Precipitation/droughts
CN->CN,o_min,ols,m067532_o_min_ord23_rk00018,23,0.1674262053057007,2.766763175336722,9,Democracy
CN->CN,o_min,ols,m057532_o_min_ord13_rk00018,13,0.1670584490833211,2.7773627950641693,8,Temperature
CN->CN,o_min,ols,m055516_o_min_ord11_rk00002,11,0.1664416463142913,2.663532754804255,7,Temperature
CN->CN,o_min,ols,m060533_o_min_ord16_rk00019,16,0.1664269867665242,2.8584585933443494,8,Temperature
CN->CN,o_min,ols,m062525_o_min_ord18_rk00011,18,0.165906641295114,2.591793226077496,8,Democracy
CN->CN,o_min,ols,m071520_o_min_ord27_rk00006,27,0.1653165846329629,2.815460540067162,9,Democracy
CN->CN,o_min,ols,m069523_o_min_ord25_rk00009,25,0.1648704162754127,2.8676013115120567,9,Democracy
CN->CN,o_min,ols,m047516_o_min_ord3_rk00002,3,0.1644585616993636,0.9182958340544896,2,Democracy
CN->CN,o_min,ols,m072525_o_min_ord28_rk00011,28,0.164425372809958,2.7754316010011366,9,Democracy
CN->CN,o_min,ols,m070534_o_min_ord26_rk00020,26,0.1641956925493679,2.8536700092563416,9,Democracy
CN->CN,o_min,ols,m072533_o_min_ord28_rk00019,28,0.1637027788908787,2.7754316010011366,9,Democracy
CN->CN,o_min,ols,m064518_o_min_ord20_rk00004,20,0.1633128518617512,2.739353872167201,9,Democracy
CN->CN,o_min,ols,m054532_o_min_ord10_rk00018,10,0.1632254167880055,2.4464393446710155,6,Temperature
CN->CN,o_min,ols,m054529_o_min_ord10_rk00015,10,0.1631563983455523,2.4464393446710155,6,Air Pollution
CN->CN,o_min,ols,m052526_o_min_ord8_rk00012,8,0.1627608396068698,2.25,5,Precipitation/droughts
CN->CN,o_min,ols,m064523_o_min_ord20_rk00009,20,0.162421689073495,2.739353872167201,9,Democracy
CN->CN,o_min,ols,m053527_o_min_ord9_rk00013,9,0.1623535473888929,2.197159723424149,5,Socioeconomic
CN->CN,o_min,ols,m068516_o_min_ord24_rk00002,24,0.162212857513943,2.907268229617389,9,Democracy
CN->CN,o_min,ols,m053530_o_min_ord9_rk00016,9,0.1618094547070198,2.197159723424149,5,Democracy
CN->CN,o_min,ols,m052529_o_min_ord8_rk00015,8,0.1617862804715301,2.1556390622295662,5,Air Pollution
CN->CN,o_min,ols,m047518_o_min_ord3_rk00004,3,0.1616970153462373,0.9182958340544896,2,Democracy
CN->CN,o_min,ols,m054527_o_min_ord10_rk00013,10,0.1616552923417319,2.2464393446710154,5,Socioeconomic
CN->CN,o_min,ols,m052517_o_min_ord8_rk00003,8,0.1611882354042461,2.1556390622295662,5,Socioeconomic
CN->CN,o_min,ols,m053516_o_min_ord9_rk00002,9,0.1608137232703393,2.725480556997868,7,Precipitation/droughts
CN->CN,o_min,ols,m065529_o_min_ord21_rk00015,21,0.1603387263585275,2.9463875191311275,9,Temperature
CN->CN,o_min,ols,m063532_o_min_ord19_rk00018,19,0.1602684870025528,2.8000446184790095,9,Democracy
CN->CN,o_min,ols,m055523_o_min_ord11_rk00009,11,0.1598622054149533,2.299896391167891,5,Temperature
CN->CN,o_min,ols,m050532_o_min_ord6_rk00018,6,0.1595571986242007,1.7924812503605778,4,Air Pollution
CN->CN,o_min,ols,m055526_o_min_ord11_rk00012,11,0.1592580606019441,2.481714572986073,6,Air Pollution
CN->CN,o_min,ols,m061529_o_min_ord17_rk00015,17,0.1590322393518431,2.380430487800112,6,Democracy
CN->CN,o_min,ols,m072521_o_min_ord28_rk00007,28,0.1585155215747064,2.7754316010011366,9,Democracy
CN->CN,o_min,ols,m056524_o_min_ord12_rk00010,12,0.1584591613718474,2.6258145836939115,7,Temperature
CN->CN,o_min,ols,m057526_o_min_ord13_rk00012,13,0.1581287845237693,2.449311833026446,6,Temperature
CN->CN,o_min,ols,m066519_o_min_ord22_rk00005,22,0.157525022010265,2.9151512344992474,9,Temperature
CN->CN,o_min,ols,m065531_o_min_ord21_rk00017,21,0.1574623223068896,2.9463875191311275,9,Democracy
CN->CN,o_min,ols,m058519_o_min_ord14_rk00005,14,0.1572725294316782,2.8423709931771084,8,Temperature
CN->CN,o_min,ols,m052530_o_min_ord8_rk00016,8,0.1571864779191236,2.1556390622295662,5,Air Pollution
CN->CN,o_min,ols,m053520_o_min_ord9_rk00006,9,0.1571414148876694,2.2810361125534238,5,Air Pollution
CN->CN,o_min,ols,m050525_o_min_ord6_rk00011,6,0.1569632914780691,1.4591479170272448,3,Democracy
CN->CN,o_min,ols,m058516_o_min_ord14_rk00002,14,0.1568826501009653,2.8423709931771084,8,Temperature
CN->CN,o_min,ols,m065518_o_min_ord21_rk00004,21,0.1563190414142033,2.753918758180346,9,Democracy
CN->CN,o_min,ols,m053528_o_min_ord9_rk00014,9,0.155748715509457,2.5032583347756456,6,Temperature
CN->CN,o_min,ols,m068524_o_min_ord24_rk00010,24,0.1556702524897362,2.907268229617389,9,Democracy
CN->CN,o_min,ols,m065532_o_min_ord21_rk00018,21,0.1555229901550988,2.753918758180346,9,Democracy
CN->CN,o_min,ols,m049529_o_min_ord5_rk00015,5,0.1545309734992936,1.3709505944546687,3,Air Pollution
CN->CN,o_min,ols,m056523_o_min_ord12_rk00009,12,0.1539451950713496,2.688721875540867,7,Temperature
CN->CN,o_min,ols,m055521_o_min_ord11_rk00007,11,0.1536769574338081,2.299896391167891,5,Temperature
CN->CN,o_min,ols,m050517_o_min_ord6_rk00003,6,0.1534926910104378,1.7924812503605778,4,Air Pollution
CN->CN,o_min,ols,m059519_o_min_ord15_rk00005,15,0.1533444686421157,2.8225797618424915,8,Temperature
CN->CN,o_min,ols,m067529_o_min_ord23_rk00015,23,0.1529979739008317,2.6967788068829472,8,Democracy
CN->CN,o_min,ols,m048531_o_min_ord4_rk00017,4,0.1524939573296645,1.5,3,Air Pollution
CN->CN,o_min,ols,m058524_o_min_ord14_rk00010,14,0.1524265318997625,2.8423709931771084,8,Temperature
CN->CN,o_min,ols,m054521_o_min_ord10_rk00007,10,0.1522504220963046,2.4464393446710155,6,Temperature
CN->CN,o_min,ols,m061525_o_min_ord17_rk00011,17,0.1522403972249828,2.6601297526332566,8,Democracy
CN->CN,o_min,ols,m054523_o_min_ord10_rk00009,10,0.151968394962058,2.4464393446710155,6,Temperature
CN->CN,o_min,ols,m071532_o_min_ord27_rk00018,27,0.1518128140324121,2.861575817764811,9,Democracy
CN->CN,o_min,ols,m057522_o_min_ord13_rk00008,13,0.151778357193107,2.6612262562697895,7,Temperature
CN->CN,o_min,ols,m057517_o_min_ord13_rk00003,13,0.1515232716745856,2.6612262562697895,7,Temperature
CN->CN,o_min,ols,m052515_o_min_ord8_rk00001,8,0.1511289433887396,2.25,5,Air Pollution
CN->CN,o_min,ols,m067526_o_min_ord23_rk00012,23,0.1511097015953139,2.8440319350530703,9,Democracy
CN->CN,o_min,ols,m053523_o_min_ord9_rk00009,9,0.1507171512906642,2.2810361125534238,5,Temperature
CN->CN,o_min,ols,m069530_o_min_ord25_rk00016,25,0.1502641440928779,2.84307418942857,8,Democracy
CN->CN,o_min,ols,m068519_o_min_ord24_rk00005,24,0.1502093762503867,2.907268229617389,9,Democracy
CN->CN,o_min,ols,m069521_o_min_ord25_rk00007,25,0.1496106240687038,2.8888840705376357,9,Democracy
CN->CN,o_min,ols,m055533_o_min_ord11_rk00019,11,0.1494589931056118,2.299896391167891,5,Temperature
CN->CN,o_min,ols,m059517_o_min_ord15_rk00003,15,0.1492063699510514,2.8225797618424915,8,Temperature
CN->CN,o_min,ols,m059520_o_min_ord15_rk00006,15,0.1491828573813781,2.8225797618424915,8,Temperature
CN->CN,o_min,ols,m054524_o_min_ord10_rk00010,10,0.1490834180623305,2.2464393446710154,5,Temperature
CN->CN,o_min,ols,m053529_o_min_ord9_rk00015,9,0.1486318145348042,2.197159723424149,5,Socioeconomic
CN->CN,o_min,ols,m048519_o_min_ord4_rk00005,4,0.1486038747430595,1.5,3,Socioeconomic
CN->CN,o_min,ols,m057533_o_min_ord13_rk00019,13,0.1483308226292937,2.6612262562697895,7,Temperature
CN->CN,o_min,ols,m068523_o_min_ord24_rk00009,24,0.1481494368372724,2.7509619827626763,9,Democracy
CN->CN,o_min,ols,m048534_o_min_ord4_rk00020,4,0.1479584063783287,1.5,3,Air Pollution
CN->CN,o_min,ols,m057521_o_min_ord13_rk00007,13,0.147837331919291,2.6612262562697895,7,Temperature
CN->CN,o_min,ols,m071528_o_min_ord27_rk00014,27,0.1470276432820995,2.815460540067162,9,Democracy
CN->CN,o_min,ols,m049520_o_min_ord5_rk00006,5,0.146295879728851,1.9219280948873623,4,Air Pollution
CN->CN,o_min,ols,m054522_o_min_ord10_rk00008,10,0.1462731379018599,2.7219280948873625,7,Temperature
CN->CN,o_min,ols,m058525_o_min_ord14_rk00011,14,0.1461852652872537,2.8423709931771084,8,Temperature
CN->CN,o_min,ols,m070519_o_min_ord26_rk00005,26,0.1454087659197538,2.8536700092563416,9,Democracy
CN->CN,o_min,ols,m069529_o_min_ord25_rk00015,25,0.1453228081326801,2.8888840705376357,9,Democracy
CN->CN,o_min,ols,m056531_o_min_ord12_rk00017,12,0.1452130877989763,2.4591479170272446,6,Temperature
CN->CN,o_min,ols,m068529_o_min_ord24_rk00015,24,0.1451885795165267,2.907268229617389,9,Democracy
CN->CN,o_min,ols,m051524_o_min_ord7_rk00010,7,0.1445600519716355,1.8423709931771088,4,Air Pollution
CN->CN,o_min,ols,m068517_o_min_ord24_rk00003,24,0.1444853763843976,2.907268229617389,9,Democracy
CN->CN,o_min,ols,m068518_o_min_ord24_rk00004,24,0.1442023024769397,2.8699100232740657,9,Democracy
CN->CN,o_min,ols,m067524_o_min_ord23_rk00010,23,0.1440823640536919,2.8768531307993075,9,Democracy
CN->CN,o_min,ols,m055518_o_min_ord11_rk00004,11,0.1439846983713792,2.663532754804255,7,Temperature
CN->CN,o_min,ols,m066518_o_min_ord22_rk00004,22,0.1430430777596063,2.731431053591683,9,Democracy
CN->CN,o_min,ols,m049528_o_min_ord5_rk00014,5,0.1429485785336183,1.5219280948873621,3,Precipitation/droughts
CN->CN,o_min,ols,m060519_o_min_ord16_rk00005,16,0.1428462086584859,2.7334585933443494,7,Air Pollution
CN->CN,o_min,ols,m058520_o_min_ord14_rk00006,14,0.1426251409213058,2.8423709931771084,8,Temperature
CN->CN,o_min,ols,m055517_o_min_ord11_rk00003,11,0.1424608226805193,2.663532754804255,7,Temperature
CN->CN,o_min,ols,m057519_o_min_ord13_rk00005,13,0.1421609593129258,2.6612262562697895,7,Temperature
CN->CN,o_min,ols,m069532_o_min_ord25_rk00018,25,0.1413471399362119,2.8888840705376357,9,Democracy
CN->CN,o_min,ols,m052531_o_min_ord8_rk00017,8,0.1410473213108406,2.1556390622295662,5,Air Pollution
CN->CN,o_min,ols,m062530_o_min_ord18_rk00016,18,0.1407057315715486,2.6688388898504303,8,Democracy
CN->CN,o_min,ols,m055519_o_min_ord11_rk00005,11,0.1404242046964636,2.663532754804255,7,Air Pollution
CN->CN,o_min,ols,m059531_o_min_ord15_rk00017,15,0.140306658085639,2.8225797618424915,8,Temperature
CN->CN,o_min,ols,m069524_o_min_ord25_rk00010,25,0.1402899334441638,2.8888840705376357,9,Democracy
CN->CN,o_min,ols,m060526_o_min_ord16_rk00012,16,0.1397241693723098,2.7806390622295662,8,Temperature
CN->CN,o_min,ols,m067531_o_min_ord23_rk00017,23,0.139694090211063,2.8208985013296144,9,Democracy
CN->CN,o_min,ols,m056520_o_min_ord12_rk00006,12,0.1395281020348271,2.6258145836939115,7,Temperature
CN->CN,o_min,ols,m068528_o_min_ord24_rk00014,24,0.1387423855871847,2.907268229617389,9,Democracy
CN->CN,o_min,ols,m066520_o_min_ord22_rk00006,22,0.1385649990827089,2.737872392231515,8,Democracy
CN->CN,o_min,ols,m068532_o_min_ord24_rk00018,24,0.1382749047268997,2.83429531609601,9,Democracy
CN->CN,o_min,ols,m068526_o_min_ord24_rk00012,24,0.1382444419096797,2.840199876515855,9,Democracy
CN->CN,o_min,ols,m073531_o_min_ord29_rk00017,29,0.1377826553032634,2.983342099382735,10,Democracy
CN->CN,o_min,ols,m070525_o_min_ord26_rk00011,26,0.1376463601059708,2.8536700092563416,9,Democracy
CN->CN,o_min,ols,m058533_o_min_ord14_rk00019,14,0.1369843823221854,2.610577243331642,7,Temperature
CN->CN,o_min,ols,m051527_o_min_ord7_rk00013,7,0.136836637884791,1.8423709931771088,4,Air Pollution
CN->CN,o_min,ols,m071526_o_min_ord27_rk00012,27,0.136806099607158,2.815460540067162,9,Democracy
CN->CN,o_min,ols,m055528_o_min_ord11_rk00014,11,0.1363222502501828,2.663532754804255,7,Temperature
CN->CN,o_min,ols,m070526_o_min_ord26_rk00012,26,0.1362582212732613,2.8536700092563416,9,Democracy
CN->CN,o_min,ols,m068525_o_min_ord24_rk00011,24,0.136232558055833,2.892079563925711,9,Democracy
CN->CN,o_min,ols,m069533_o_min_ord25_rk00019,25,0.1362241554537849,2.8676013115120567,9,Democracy
CN->CN,o_min,ols,m070532_o_min_ord26_rk00018,26,0.1360752413640565,2.8536700092563416,9,Democracy
CN->CN,o_min,ols,m070529_o_min_ord26_rk00015,26,0.1360223415878236,2.8536700092563416,9,Democracy
CN->CN,o_min,ols,m060525_o_min_ord16_rk00011,16,0.1354726946508122,2.452819531114783,6,Temperature
CN->CN,o_min,ols,m049523_o_min_ord5_rk00009,5,0.1346743827490081,1.5219280948873621,3,Precipitation/droughts
CN->CN,o_min,ols,m050523_o_min_ord6_rk00009,6,0.1345818504671365,1.9182958340544896,4,Precipitation/droughts
CN->CN,o_min,ols,m058530_o_min_ord14_rk00016,14,0.1334292872135444,2.6455933144511468,7,Temperature
CN->CN,o_min,ols,m074532_o_min_ord30_rk00018,30,0.1333637728313235,2.9437621626224817,10,Democracy
CN->CN,o_min,ols,m058518_o_min_ord14_rk00004,14,0.1330258954048085,2.610577243331642,7,Temperature
CN->CN,o_min,ols,m066526_o_min_ord22_rk00012,22,0.1328578961169472,2.7136874387933565,8,Democracy
CN->CN,o_min,ols,m050526_o_min_ord6_rk00012,6,0.1327861903920868,1.9182958340544896,4,Precipitation/droughts
CN->CN,o_min,ols,m059529_o_min_ord15_rk00015,15,0.1326123812035832,2.656564762130954,7,Temperature
CN->CN,o_min,ols,m069531_o_min_ord25_rk00017,25,0.131963501834997,2.8888840705376357,9,Democracy
CN->CN,o_min,ols,m065526_o_min_ord21_rk00012,21,0.1309976167408284,2.7179717342678,8,Democracy
CN->CN,o_min,ols,m061523_o_min_ord17_rk00009,17,0.130857741800468,2.7333716642706998,7,Air Pollution
CN->CN,o_min,ols,m059524_o_min_ord15_rk00010,15,0.1299125500429397,2.8225797618424915,8,Temperature
CN->CN,o_min,ols,m072517_o_min_ord28_rk00003,28,0.1293788824002624,2.7754316010011366,9,Democracy
CN->CN,o_min,ols,m051528_o_min_ord7_rk00014,7,0.1286240755591016,1.8423709931771088,4,Air Pollution
CN->CN,o_min,ols,m059527_o_min_ord15_rk00013,15,0.1285695891545627,2.8225797618424915,8,Temperature
CN->CN,o_min,ols,m067519_o_min_ord23_rk00005,23,0.12786731243563,2.859880977513952,9,Democracy
CN->CN,o_min,ols,m074522_o_min_ord30_rk00008,30,0.1271026770038356,2.9437621626224817,10,Democracy
CN->CN,o_min,ols,m070530_o_min_ord26_rk00016,26,0.1267331756699302,2.8536700092563416,9,Democracy
CN->CN,o_min,ols,m067522_o_min_ord23_rk00008,23,0.1266188443862334,2.9140163035068443,9,Democracy
CN->CN,o_min,ols,m047534_o_min_ord3_rk00020,3,0.1263891382575389,1.584962500721156,3,Air Pollution
CN->CN,o_min,ols,m064528_o_min_ord20_rk00014,20,0.1260389890306132,2.7709505944546686,8,Democracy
CN->CN,o_min,ols,m065525_o_min_ord21_rk00011,21,0.1258878213328126,2.7606668272315975,8,Democracy
CN->CN,o_min,ols,m047523_o_min_ord3_rk00009,3,0.1243845529139263,1.584962500721156,3,Air Pollution
CN->CN,o_min,ols,m067523_o_min_ord23_rk00009,23,0.1235367549406839,2.9140163035068443,9,Democracy
CN->CN,o_min,ols,m066531_o_min_ord22_rk00017,22,0.1234361248773092,2.9540036423298544,9,Democracy
CN->CN,o_min,ols,m060529_o_min_ord16_rk00015,16,0.1226015443766573,2.5550365325772653,7,Democracy
CN->CN,o_min,ols,m065534_o_min_ord21_rk00020,21,0.1206699570680464,2.7606668272315975,8,Democracy
CN->CN,o_min,ols,m060531_o_min_ord16_rk00017,16,0.1200591732457817,2.625,7,Temperature
CN->CN,o_min,ols,m069528_o_min_ord25_rk00014,25,0.1197521228146031,2.8676013115120567,9,Democracy
CN->CN,o_min,ols,m061533_o_min_ord17_rk00019,17,0.1194343649928435,2.9109922530150456,9,Temperature
CN->CN,o_min,ols,m073527_o_min_ord29_rk00013,29,0.1194342431555862,2.8961239954868447,10,Democracy
CN->CN,o_min,ols,m067515_o_min_ord23_rk00001,23,0.1193631656310195,2.9140163035068443,9,Democracy
CN->CN,o_min,ols,m053531_o_min_ord9_rk00017,9,0.1191773370531322,2.197159723424149,5,Air Pollution
CN->CN,o_min,ols,m068521_o_min_ord24_rk00007,24,0.1186373658851984,2.907268229617389,9,Democracy
CN->CN,o_min,ols,m072524_o_min_ord28_rk00010,28,0.1182388467771133,2.865764637179023,9,Democracy
CN->CN,o_min,ols,m066515_o_min_ord22_rk00001,22,0.117996535888554,2.9540036423298544,9,Democracy
CN->CN,o_min,ols,m066533_o_min_ord22_rk00019,22,0.1178272248526599,2.8045965297024473,9,Democracy
CN->CN,o_min,ols,m061520_o_min_ord17_rk00006,17,0.1173713235360781,2.939829017466402,9,Democracy
CN->CN,o_min,ols,m057527_o_min_ord13_rk00013,13,0.1169102084142047,2.6031579868726,7,Temperature
CN->CN,o_min,ols,m067517_o_min_ord23_rk00003,23,0.1168671067162763,2.9424955222917832,9,Democracy
CN->CN,o_min,ols,m060523_o_min_ord16_rk00009,16,0.1162423862384947,2.7806390622295662,8,Democracy
CN->CN,o_min,ols,m056534_o_min_ord12_rk00020,12,0.1156420344605908,2.8553885422075336,8,Temperature
CN->CN,o_min,ols,m047532_o_min_ord3_rk00018,3,0.1134326721148718,1.584962500721156,3,Air Pollution
CN->CN,o_min,ols,m066534_o_min_ord22_rk00020,22,0.113217374843703,2.737872392231515,8,Democracy
CN->CN,o_min,ols,m071522_o_min_ord27_rk00008,27,0.1124368032227308,2.815460540067162,9,Democracy
CN->CN,o_min,ols,m067520_o_min_ord23_rk00006,23,0.1115946767955623,2.9424955222917832,9,Democracy
CN->CN,o_min,ols,m066530_o_min_ord22_rk00016,22,0.1102724372645284,2.867633890971212,9,Democracy
CN->CN,o_min,ols,m056533_o_min_ord12_rk00019,12,0.1086138131467686,2.292481250360578,5,Temperature
CN->CN,o_min,ols,m056528_o_min_ord12_rk00014,12,0.1066406214535508,2.292481250360578,5,Temperature
CN->CN,o_min,ols,m062531_o_min_ord18_rk00017,18,0.1058892332780296,2.9057645846554525,9,Temperature
CN->CN,o_min,ols,m066528_o_min_ord22_rk00014,22,0.105535126725513,2.6405219626825924,8,Democracy
CN->CN,o_min,ols,m056518_o_min_ord12_rk00004,12,0.1052831431916697,2.584962500721156,7,Temperature
CN->CN,o_min,ols,m067518_o_min_ord23_rk00004,23,0.1052263710046815,2.9140163035068443,9,Democracy
CN->CN,o_max,xgb_tree_d1,m025008_o_max_ord28_rk00009,28,0.227528004622375,1.3432994441819814,6,Democracy
CN->CN,o_max,xgb_tree_d1,m017015_o_max_ord20_rk00016,20,0.2271678129957212,0.5689955935892812,3,Democracy
CN->CN,o_max,xgb_tree_d1,m017017_o_max_ord20_rk00018,20,0.2271468135499499,0.2863969571159562,2,Democracy
CN->CN,o_max,xgb_tree_d1,m018016_o_max_ord21_rk00017,21,0.2264213234724427,0.5489544344250401,3,Democracy
CN->CN,o_max,xgb_tree_d1,m024016_o_max_ord27_rk00017,27,0.2261742769384657,1.1625336732554155,5,Democracy
CN->CN,o_max,xgb_tree_d1,m019006_o_max_ord22_rk00007,22,0.2259615573318683,0.5304060778306042,3,Democracy
CN->CN,o_max,xgb_tree_d1,m019015_o_max_ord22_rk00016,22,0.2258766761329602,0.266764987803026,2,Democracy
CN->CN,o_max,xgb_tree_d1,m027005_o_max_ord30_rk00006,30,0.2251948420252792,1.2803301792260264,6,Democracy
CN->CN,o_max,xgb_tree_d1,m023012_o_max_ord26_rk00013,26,0.2249949226559709,1.1929993566060646,5,Democracy
CN->CN,o_max,xgb_tree_d1,m016019_o_max_ord19_rk00020,19,0.2242450702421167,0.2974722489192896,2,Democracy
CN->CN,o_max,xgb_tree_d1,m026011_o_max_ord29_rk00012,29,0.2240180115746802,1.3110022671212271,6,Democracy
CN->CN,o_max,xgb_tree_d1,m026008_o_max_ord29_rk00009,29,0.2234929869750422,1.1991018361613466,5,Democracy
CN->CN,o_max,xgb_tree_d1,m020017_o_max_ord23_rk00018,23,0.2232753179586115,0.5131851787372753,3,Democracy
CN->CN,o_max,xgb_tree_d1,m026006_o_max_ord29_rk00007,29,0.2232146607539478,1.3110022671212271,6,Democracy
CN->CN,o_max,xgb_tree_d1,m026013_o_max_ord29_rk00014,29,0.2231874263824442,1.1991018361613466,5,Democracy
CN->CN,o_max,xgb_tree_d1,m026019_o_max_ord29_rk00020,29,0.2231041779932467,1.3110022671212271,6,Democracy
CN->CN,o_max,xgb_tree_d1,m026002_o_max_ord29_rk00003,29,0.2227998364127863,1.1991018361613466,5,Democracy
CN->CN,o_max,xgb_tree_d1,m013003_o_max_ord16_rk00004,16,0.2223258457534509,0.9544340029249649,2,Democracy
CN->CN,o_max,xgb_tree_d1,m020018_o_max_ord23_rk00019,23,0.2221507896006748,0.8076702057269436,3,Democracy
CN->CN,o_max,xgb_tree_d1,m027011_o_max_ord30_rk00012,30,0.2220247692933766,1.3699740752745007,6,Democracy
CN->CN,o_max,xgb_tree_d1,m024001_o_max_ord27_rk00002,27,0.221965326544508,1.1625336732554155,5,Democracy
CN->CN,o_max,xgb_tree_d1,m022010_o_max_ord25_rk00011,25,0.2218713369199221,1.2252357794710609,5,Democracy
CN->CN,o_max,xgb_tree_d1,m027006_o_max_ord30_rk00007,30,0.2217847187127989,1.3699740752745007,6,Democracy
CN->CN,o_max,xgb_tree_d1,m026005_o_max_ord29_rk00006,29,0.2215674921530555,1.1063667712836147,5,Democracy
CN->CN,o_max,xgb_tree_d1,m016000_o_max_ord19_rk00001,19,0.2214672876408976,0.8997437586982626,2,Democracy
CN->CN,o_max,xgb_tree_d1,m025004_o_max_ord28_rk00005,28,0.221354577301312,1.2274025692592483,5,Democracy
CN->CN,o_max,xgb_tree_d1,m023006_o_max_ord26_rk00007,26,0.2212260658390102,1.1929993566060646,5,Democracy
CN->CN,o_max,xgb_tree_d1,m027018_o_max_ord30_rk00019,30,0.2212033883922629,1.5656017329967198,7,Democracy
CN->CN,o_max,xgb_tree_d1,m024013_o_max_ord27_rk00014,27,0.2211526421922991,1.1625336732554155,5,Democracy
CN->CN,o_max,xgb_tree_d1,m026009_o_max_ord29_rk00010,29,0.2211461276549802,1.401475275184332,6,Democracy
CN->CN,o_max,xgb_tree_d1,m026018_o_max_ord29_rk00019,29,0.2211166010860785,1.1425175164144374,4,Democracy
CN->CN,o_max,xgb_tree_d1,m015000_o_max_ord18_rk00001,18,0.2210401717035395,0.9182958340544896,2,Democracy
CN->CN,o_max,xgb_tree_d1,m024008_o_max_ord27_rk00009,27,0.2210286573078426,1.042344321483692,4,Democracy
CN->CN,o_max,xgb_tree_d1,m017018_o_max_ord20_rk00019,20,0.2209479915329919,1.1411535278793057,3,Democracy
CN->CN,o_max,xgb_tree_d1,m025002_o_max_ord28_rk00003,28,0.2209099588523715,1.1336983823367468,5,Democracy
CN->CN,o_max,xgb_tree_d1,m026000_o_max_ord29_rk00001,29,0.2206990860944315,1.1991018361613466,5,Democracy
CN->CN,o_max,xgb_tree_d1,m020019_o_max_ord23_rk00020,23,0.2205572235523941,0.4262286569981449,2,Democracy
CN->CN,o_max,xgb_tree_d1,m027003_o_max_ord30_rk00004,30,0.2205295290044719,1.1721597626314755,5,Democracy
CN->CN,o_max,xgb_tree_d1,m027013_o_max_ord30_rk00014,30,0.2205257381862999,1.3699740752745007,6,Democracy
CN->CN,o_max,xgb_tree_d1,m022018_o_max_ord25_rk00019,25,0.2205060752352156,0.6395563653739031,3,Democracy
CN->CN,o_max,xgb_tree_d1,m011014_o_max_ord14_rk00015,14,0.2205042582873653,0.37123232664087563,2,Democracy
CN->CN,o_max,xgb_tree_d1,m021015_o_max_ord24_rk00016,24,0.2204870205559747,0.9833557549816875,5,Democracy
CN->CN,o_max,xgb_tree_d1,m025001_o_max_ord28_rk00002,28,0.2204867074535644,1.2274025692592483,5,Democracy
CN->CN,o_max,xgb_tree_d1,m021000_o_max_ord24_rk00001,24,0.2204589408276711,0.8112781244591328,2,Democracy
CN->CN,o_max,xgb_tree_d1,m025012_o_max_ord28_rk00013,28,0.2203713281786569,1.2274025692592483,5,Democracy
CN->CN,o_max,xgb_tree_d1,m025007_o_max_ord28_rk00008,28,0.2203500956260596,1.1336983823367468,5,Democracy
CN->CN,o_max,xgb_tree_d1,m026003_o_max_ord29_rk00004,29,0.2201784169499947,1.1991018361613466,5,Democracy
CN->CN,o_max,xgb_tree_d1,m022012_o_max_ord25_rk00013,25,0.220160737198943,1.32151018873626,5,Democracy
CN->CN,o_max,xgb_tree_d1,m020003_o_max_ord23_rk00004,23,0.2201196331310226,0.9123163027543336,3,Democracy
CN->CN,o_max,xgb_tree_d1,m027015_o_max_ord30_rk00016,30,0.2201159816631148,1.1721597626314755,5,Democracy
CN->CN,o_max,xgb_tree_d1,m020005_o_max_ord23_rk00006,23,0.2200603147836248,1.1545676820893709,4,Democracy
CN->CN,o_max,xgb_tree_d1,m009002_o_max_ord12_rk00003,12,0.2200149976408022,-0.0,1,Democracy
CN->CN,o_max,xgb_tree_d1,m021012_o_max_ord24_rk00013,24,0.2199987018130677,0.5435644431995964,2,Democracy
CN->CN,o_max,xgb_tree_d1,m021019_o_max_ord24_rk00020,24,0.219954036398653,1.2720552088742005,4,Democracy
CN->CN,o_max,xgb_tree_d1,m021006_o_max_ord24_rk00007,24,0.2199329747684563,0.8886865525783176,3,Democracy
CN->CN,o_max,xgb_tree_d1,m017006_o_max_ord20_rk00007,20,0.2198655455953121,0.2863969571159562,2,Democracy
CN->CN,o_max,xgb_tree_d1,m022002_o_max_ord25_rk00003,25,0.2198254445037055,0.7950402793845223,2,Democracy
CN->CN,o_max,xgb_tree_d1,m022013_o_max_ord25_rk00014,25,0.2197885017172869,0.996118213778296,4,Democracy
CN->CN,o_max,xgb_tree_d1,m024014_o_max_ord27_rk00015,27,0.2197129198506996,1.257162987432089,5,Democracy
CN->CN,o_max,xgb_tree_d1,m017011_o_max_ord20_rk00012,20,0.2196766477905329,1.1411535278793057,3,Democracy
CN->CN,o_max,xgb_tree_d1,m027004_o_max_ord30_rk00005,30,0.2196765658105269,1.1721597626314755,5,Democracy
CN->CN,o_max,xgb_tree_d1,m017000_o_max_ord20_rk00001,20,0.2196245078066399,0.8812908992306927,2,Democracy
CN->CN,o_max,xgb_tree_d1,m023018_o_max_ord26_rk00019,26,0.2196046828560145,0.7441942138263227,3,Democracy
CN->CN,o_max,xgb_tree_d1,m017013_o_max_ord20_rk00014,20,0.2196042329483907,0.2863969571159562,2,Democracy
CN->CN,o_max,xgb_tree_d1,m009009_o_max_ord12_rk00010,12,0.2195777687817259,-0.0,1,Democracy
CN->CN,o_max,xgb_tree_d1,m018000_o_max_ord21_rk00001,21,0.2195269354702327,0.863120568566631,2,Democracy
CN->CN,o_max,xgb_tree_d1,m025018_o_max_ord28_rk00019,28,0.2195129152707785,0.9591963191047147,3,Democracy
CN->CN,o_max,xgb_tree_d1,m027019_o_max_ord30_rk00020,30,0.2195022100821089,1.080424344959478,5,Democracy
CN->CN,o_max,xgb_tree_d1,m009015_o_max_ord12_rk00016,12,0.2194947509143163,-0.0,1,Democracy
CN->CN,o_max,xgb_tree_d1,m014018_o_max_ord17_rk00019,17,0.21949159899355,-0.0,1,Democracy
CN->CN,o_max,xgb_tree_d1,m019001_o_max_ord22_rk00002,22,0.21947994366557,1.090652803252992,3,Democracy
CN->CN,o_max,xgb_tree_d1,m012010_o_max_ord15_rk00011,15,0.2194599383651843,-0.0,1,Democracy
CN->CN,o_max,xgb_tree_d1,m025013_o_max_ord28_rk00014,28,0.2194447268228868,1.2274025692592483,5,Democracy
CN->CN,o_max,xgb_tree_d1,m014000_o_max_ord17_rk00001,17,0.2194338950998101,0.9366673818775624,2,Democracy
CN->CN,o_max,xgb_tree_d1,m002013_o_max_ord5_rk00014,5,0.2194293661717813,-0.0,1,Democracy
CN->CN,o_max,xgb_tree_d1,m017003_o_max_ord20_rk00004,20,0.2194197848162506,0.2863969571159562,2,Democracy
CN->CN,o_max,xgb_tree_d1,m018004_o_max_ord21_rk00005,21,0.2193968720849241,1.115520093581932,3,Democracy
CN->CN,o_max,xgb_tree_d1,m025009_o_max_ord28_rk00010,28,0.2193956241654129,1.0178015074140134,4,Democracy
CN->CN,o_max,xgb_tree_d1,m023008_o_max_ord26_rk00009,26,0.2193652229004166,1.2884926890861643,5,Democracy
CN->CN,o_max,xgb_tree_d1,m026014_o_max_ord29_rk00015,29,0.219354994504612,0.9944663403237343,4,Democracy
CN->CN,o_max,xgb_tree_d1,m009003_o_max_ord12_rk00004,12,0.2193507498224943,-0.0,1,Democracy
CN->CN,o_max,xgb_tree_d1,m013017_o_max_ord16_rk00018,16,0.2193401809542076,0.3372900666170139,2,Democracy
CN->CN,o_max,xgb_tree_d1,m024018_o_max_ord27_rk00019,27,0.2193102070855016,1.257162987432089,5,Democracy
CN->CN,o_max,xgb_tree_d1,m027001_o_max_ord30_rk00002,30,0.2193029781136568,1.1721597626314755,5,Democracy
CN->CN,o_max,xgb_tree_d1,m013014_o_max_ord16_rk00015,16,0.2192741808148026,0.3372900666170139,2,Democracy
CN->CN,o_max,xgb_tree_d1,m022011_o_max_ord25_rk00012,25,0.2192731157401443,0.7641140545540274,3,Democracy
CN->CN,o_max,xgb_tree_d1,m021010_o_max_ord24_rk00011,24,0.2192481178055819,1.0434356963218767,3,Democracy
CN->CN,o_max,xgb_tree_d1,m024019_o_max_ord27_rk00020,27,0.219244511511884,0.908653933541588,3,Democracy
CN->CN,o_max,xgb_tree_d1,m025011_o_max_ord28_rk00012,28,0.2192259048821498,1.2274025692592483,5,Democracy
CN->CN,o_max,xgb_tree_d1,m018012_o_max_ord21_rk00013,21,0.2192043841729715,1.115520093581932,3,Democracy
CN->CN,o_max,xgb_tree_d1,m013012_o_max_ord16_rk00013,16,0.2191369941888514,-0.0,1,Democracy
CN->CN,o_max,xgb_tree_d1,m018017_o_max_ord21_rk00018,21,0.2191208017627101,0.2761954276479391,2,Democracy
CN->CN,o_max,xgb_tree_d1,m019014_o_max_ord22_rk00015,22,0.2191022028172236,1.3315796225857794,4,Democracy
CN->CN,o_max,xgb_tree_d1,m021017_o_max_ord24_rk00018,24,0.2190981751029521,1.3563429881688323,5,Democracy
CN->CN,o_max,xgb_tree_d1,m016012_o_max_ord19_rk00013,19,0.2190806792042776,0.2974722489192896,2,Democracy
CN->CN,o_max,xgb_tree_d1,m017007_o_max_ord20_rk00008,20,0.2190785185493102,0.2863969571159562,2,Democracy
CN->CN,o_max,xgb_tree_d1,m027016_o_max_ord30_rk00017,30,0.2190777118177106,1.3699740752745007,6,Democracy
CN->CN,o_max,xgb_tree_d1,m024000_o_max_ord27_rk00001,27,0.2190760025860129,0.7642045065086203,2,Democracy
CN->CN,o_max,xgb_tree_d1,m025005_o_max_ord28_rk00006,28,0.2190567330681573,1.2274025692592483,5,Democracy
CN->CN,o_max,xgb_tree_d1,m017016_o_max_ord20_rk00017,20,0.2190354098656709,0.2863969571159562,2,Democracy
CN->CN,o_max,xgb_tree_d1,m022015_o_max_ord25_rk00016,25,0.2190225828319612,0.996118213778296,4,Democracy
CN->CN,o_max,xgb_tree_d1,m026017_o_max_ord29_rk00018,29,0.2189851068812226,1.1425175164144374,4,Democracy
CN->CN,o_max,xgb_tree_d1,m026015_o_max_ord29_rk00016,29,0.218972393128196,1.2770049139968558,5,Democracy
CN->CN,o_max,xgb_tree_d1,m026016_o_max_ord29_rk00017,29,0.2189578774244193,0.9944663403237343,4,Democracy
CN->CN,o_max,xgb_tree_d1,m003003_o_max_ord6_rk00004,6,0.2189553634205706,-0.0,1,Democracy
CN->CN,o_max,xgb_tree_d1,m015005_o_max_ord18_rk00006,18,0.2189456679491783,-0.0,1,Democracy
CN->CN,o_max,xgb_tree_d1,m012005_o_max_ord15_rk00006,15,0.2189073256739102,0.35335933502142136,2,Democracy
CN->CN,o_max,xgb_tree_d1,m017010_o_max_ord20_rk00011,20,0.2188960008262395,-0.0,1,Democracy
CN->CN,o_max,xgb_tree_d1,m026010_o_max_ord29_rk00011,29,0.2188044094020259,0.9944663403237343,4,Democracy
CN->CN,o_max,xgb_tree_d1,m026001_o_max_ord29_rk00002,29,0.2188037300466996,1.1425175164144374,4,Democracy
CN->CN,o_max,xgb_tree_d1,m025015_o_max_ord28_rk00016,28,0.218757437476235,1.0984868380293622,4,Democracy
CN->CN,o_max,xgb_tree_d1,m017009_o_max_ord20_rk00010,20,0.218737746120915,0.2863969571159562,2,Democracy
CN->CN,o_max,xgb_tree_d1,m017012_o_max_ord20_rk00013,20,0.2187293314533499,0.2863969571159562,2,Democracy
CN->CN,o_max,xgb_tree_d1,m027017_o_max_ord30_rk00018,30,0.2187255478702938,0.972253928364927,4,Democracy
CN->CN,o_max,xgb_tree_d1,m022017_o_max_ord25_rk00018,25,0.2187031810473263,0.996118213778296,4,Democracy
CN->CN,o_max,xgb_tree_d1,m015015_o_max_ord18_rk00016,18,0.2186982242635927,-0.0,1,Democracy
CN->CN,o_max,xgb_tree_d1,m012019_o_max_ord15_rk00020,15,0.2186484169915934,0.35335933502142136,2,Democracy
CN->CN,o_max,xgb_tree_d1,m019017_o_max_ord22_rk00018,22,0.2186478390926072,0.9373012413074895,3,Democracy
CN->CN,o_max,xgb_tree_d1,m015002_o_max_ord18_rk00003,18,0.2186393823092174,-0.0,1,Democracy
CN->CN,o_max,xgb_tree_d1,m015018_o_max_ord18_rk00019,18,0.2185946980999317,-0.0,1,Democracy
CN->CN,o_max,xgb_tree_d1,m024017_o_max_ord27_rk00018,27,0.218580297268189,1.042344321483692,4,Democracy
CN->CN,o_max,xgb_tree_d1,m015003_o_max_ord18_rk00004,18,0.2185719487258833,-0.0,1,Democracy
CN->CN,o_max,xgb_tree_d1,m015014_o_max_ord18_rk00015,18,0.2185590060409338,0.3095434291503252,2,Democracy
CN->CN,o_max,xgb_tree_d1,m017005_o_max_ord20_rk00006,20,0.2185466125396865,-0.0,1,Democracy
CN->CN,o_max,xgb_tree_d1,m022006_o_max_ord25_rk00007,25,0.2185452781642121,0.8663137138648347,3,Democracy
CN->CN,o_max,xgb_tree_d1,m021002_o_max_ord24_rk00003,24,0.218543762276171,1.1241854163060885,4,Democracy
CN->CN,o_max,xgb_tree_d1,m017001_o_max_ord20_rk00002,20,0.2185350787030817,-0.0,1,Democracy
CN->CN,o_max,xgb_tree_d1,m023019_o_max_ord26_rk00020,26,0.2185304211246184,1.2884926890861643,5,Democracy
CN->CN,o_max,xgb_tree_d1,m004010_o_max_ord7_rk00011,7,0.2185165568663488,-0.0,1,Democracy
CN->CN,o_max,xgb_tree_d1,m015001_o_max_ord18_rk00002,18,0.2184828705426932,-0.0,1,Democracy
CN->CN,o_max,xgb_tree_d1,m024003_o_max_ord27_rk00004,27,0.2184718621131195,1.257162987432089,5,Democracy
CN->CN,o_max,xgb_tree_d1,m019009_o_max_ord22_rk00010,22,0.2184679935897858,0.5304060778306042,3,Democracy
CN->CN,o_max,xgb_tree_d1,m025006_o_max_ord28_rk00007,28,0.2184478513993725,1.0178015074140134,4,Democracy
CN->CN,o_max,xgb_tree_d1,m004009_o_max_ord7_rk00010,7,0.2184469265812435,-0.0,1,Democracy
CN->CN,o_max,xgb_tree_d1,m007016_o_max_ord10_rk00017,10,0.2184418526088382,-0.0,1,Democracy
CN->CN,o_max,xgb_tree_d1,m016018_o_max_ord19_rk00019,19,0.2184386615817077,0.2974722489192896,2,Democracy
CN->CN,o_max,xgb_tree_d1,m024011_o_max_ord27_rk00012,27,0.2184020599535755,0.824980257347893,3,Democracy
CN->CN,o_max,xgb_tree_d1,m013007_o_max_ord16_rk00008,16,0.2183999728893543,0.3372900666170139,2,Democracy
CN->CN,o_max,xgb_tree_d1,m020009_o_max_ord23_rk00010,23,0.218396197527258,0.4262286569981449,2,Democracy
CN->CN,o_max,xgb_tree_d1,m024007_o_max_ord27_rk00008,27,0.218351570512195,1.257162987432089,5,Democracy
CN->CN,o_max,xgb_tree_d1,m024002_o_max_ord27_rk00003,27,0.2183313985626263,1.042344321483692,4,Democracy
CN->CN,o_max,xgb_tree_d1,m020008_o_max_ord23_rk00009,23,0.2183197625236785,1.3012517848198515,4,Democracy
CN->CN,o_max,xgb_tree_d1,m026012_o_max_ord29_rk00013,29,0.2183161040782557,1.1991018361613466,5,Democracy
CN->CN,o_max,xgb_tree_d1,m018018_o_max_ord21_rk00019,21,0.2183160086915739,-0.0,1,Democracy
CN->CN,o_max,xgb_tree_d1,m020013_o_max_ord23_rk00014,23,0.2182910079448229,0.7653636126766978,4,Democracy
CN->CN,o_max,xgb_tree_d1,m016014_o_max_ord19_rk00015,19,0.2182525740581308,0.2974722489192896,2,Democracy
CN->CN,o_max,xgb_tree_d1,m001009_o_max_ord4_rk00010,4,0.2182505062637708,-0.0,1,Democracy
CN->CN,o_max,xgb_tree_d1,m025014_o_max_ord28_rk00015,28,0.2182372299198441,1.3056334087653163,5,Democracy
CN->CN,o_max,xgb_tree_d1,m002017_o_max_ord5_rk00018,5,0.2182297574317575,-0.0,1,Democracy
CN->CN,o_max,xgb_tree_d1,m021013_o_max_ord24_rk00014,24,0.218208295170865,0.785235442391543,3,Democracy
CN->CN,o_max,xgb_tree_d1,m027010_o_max_ord30_rk00011,30,0.2182073235243701,1.1721597626314755,5,Democracy
CN->CN,o_max,xgb_tree_d1,m025000_o_max_ord28_rk00001,28,0.2182063595201512,0.9591963191047147,3,Democracy
CN->CN,o_max,xgb_tree_d1,m014001_o_max_ord17_rk00002,17,0.2181820024283318,-0.0,1,Democracy
CN->CN,o_max,xgb_tree_d1,m017002_o_max_ord20_rk00003,20,0.2181744108061357,-0.0,1,Democracy
CN->CN,o_max,xgb_tree_d1,m018006_o_max_ord21_rk00007,21,0.2181673277396779,1.115520093581932,3,Democracy
CN->CN,o_max,xgb_tree_d1,m020001_o_max_ord23_rk00002,23,0.218164531861137,0.9123163027543336,3,Democracy
CN->CN,o_max,xgb_tree_d1,m011000_o_max_ord14_rk00001,14,0.2181373868375782,-0.0,1,Democracy
CN->CN,o_max,xgb_tree_d1,m027009_o_max_ord30_rk00010,30,0.218129874007187,1.2496527261266068,5,Democracy
CN->CN,o_max,xgb_tree_d1,m025016_o_max_ord28_rk00017,28,0.218128671076222,0.9217544759335055,4,Democracy
CN->CN,o_max,xgb_tree_d1,m025010_o_max_ord28_rk00011,28,0.2181084483547117,1.0178015074140134,4,Democracy
CN->CN,o_max,xgb_tree_d1,m026004_o_max_ord29_rk00005,29,0.2180986206129609,1.2770049139968558,5,Democracy
CN->CN,o_max,xgb_tree_d1,m017008_o_max_ord20_rk00009,20,0.2180825413584095,0.2863969571159562,2,Democracy
CN->CN,o_max,xgb_tree_d1,m018015_o_max_ord21_rk00016,21,0.2180820667082337,1.115520093581932,3,Democracy
CN->CN,o_max,xgb_tree_d1,m017004_o_max_ord20_rk00005,20,0.2180673786521091,-0.0,1,Democracy
CN->CN,o_max,xgb_tree_d1,m003009_o_max_ord6_rk00010,6,0.218039211645031,-0.0,1,Democracy
CN->CN,o_max,xgb_tree_d1,m006017_o_max_ord9_rk00018,9,0.2180260703511375,-0.0,1,Democracy
CN->CN,o_max,xgb_tree_d1,m017014_o_max_ord20_rk00015,20,0.2180093441650251,-0.0,1,Democracy
CN->CN,o_max,xgb_tree_d1,m016015_o_max_ord19_rk00016,19,0.2179941789897257,-0.0,1,Democracy
CN->CN,o_max,xgb_tree_d1,m020015_o_max_ord23_rk00016,23,0.217958086950225,1.0534081504863568,4,Democracy
CN->CN,o_max,xgb_tree_d1,m022009_o_max_ord25_rk00010,25,0.2179508516101455,0.6343095546405662,2,Democracy
CN->CN,o_max,xgb_tree_d1,m015017_o_max_ord18_rk00018,18,0.2179365366803811,-0.0,1,Democracy
CN->CN,o_max,xgb_tree_d1,m006007_o_max_ord9_rk00008,9,0.2179248550387337,-0.0,1,Democracy
CN->CN,o_max,xgb_tree_d1,m009011_o_max_ord12_rk00012,12,0.2179113807759654,-0.0,1,Democracy
CN->CN,o_max,xgb_tree_d1,m016011_o_max_ord19_rk00012,19,0.2179050519203176,0.2974722489192896,2,Democracy
CN->CN,o_max,xgb_tree_d1,m014012_o_max_ord17_rk00013,17,0.2178890449308949,-0.0,1,Democracy
CN->CN,o_max,xgb_tree_d1,m003012_o_max_ord6_rk00013,6,0.2178884269173745,-0.0,1,Democracy
CN->CN,o_max,xgb_tree_d1,m014006_o_max_ord17_rk00007,17,0.2178844204133977,-0.0,1,Democracy
CN->CN,o_max,xgb_tree_d1,m022001_o_max_ord25_rk00002,25,0.2178834312175914,0.996118213778296,4,Democracy
CN->CN,o_max,xgb_tree_d1,m025017_o_max_ord28_rk00018,28,0.2178828774854166,1.2274025692592483,5,Democracy
CN->CN,o_max,xgb_tree_d1,m013016_o_max_ord16_rk00017,16,0.2178805535062818,-0.0,1,Democracy
CN->CN,o_max,xgb_tree_d1,m013006_o_max_ord16_rk00007,16,0.2178576961417646,-0.0,1,Democracy
CN->CN,o_max,xgb_tree_d1,m015006_o_max_ord18_rk00007,18,0.2178443102104673,-0.0,1,Democracy
CN->CN,o_max,xgb_tree_d1,m011015_o_max_ord14_rk00016,14,0.2178277896498986,-0.0,1,Democracy
CN->CN,o_max,xgb_tree_d1,m010009_o_max_ord13_rk00010,13,0.2178057300519311,-0.0,1,Democracy
CN->CN,o_max,xgb_tree_d1,m019000_o_max_ord22_rk00001,22,0.2178046506981624,0.8453509366224364,2,Democracy
CN->CN,o_max,xgb_tree_d1,m024010_o_max_ord27_rk00011,27,0.2178032740045771,0.9451696091196164,4,Democracy
CN->CN,o_max,xgb_tree_d1,m013005_o_max_ord16_rk00006,16,0.2177911369773985,-0.0,1,Democracy
CN->CN,o_max,xgb_tree_d1,m003018_o_max_ord6_rk00019,6,0.2177886136939819,-0.0,1,Democracy
CN->CN,o_max,xgb_tree_d1,m005007_o_max_ord8_rk00008,8,0.2177791453416694,-0.0,1,Democracy
CN->CN,o_max,xgb_tree_d1,m007015_o_max_ord10_rk00016,10,0.2177541517333183,-0.0,1,Democracy
CN->CN,o_max,xgb_tree_d1,m008017_o_max_ord11_rk00018,11,0.2176987493331835,0.4394969869215134,2,Democracy
CN->CN,o_max,xgb_tree_d1,m027002_o_max_ord30_rk00003,30,0.2176803255057081,1.2496527261266068,5,Democracy
CN->CN,o_max,xgb_tree_d1,m016004_o_max_ord19_rk00005,19,0.217679567120814,0.2974722489192896,2,Democracy
CN->CN,o_max,xgb_tree_d1,m011010_o_max_ord14_rk00011,14,0.2176702728176223,0.37123232664087563,2,Democracy
CN->CN,o_max,xgb_tree_d1,m010005_o_max_ord13_rk00006,13,0.2176695577671369,-0.0,1,Democracy
CN->CN,o_max,xgb_tree_d1,m016001_o_max_ord19_rk00002,19,0.2176665314899575,-0.0,1,Democracy
CN->CN,o_max,xgb_tree_d1,m019018_o_max_ord22_rk00019,22,0.2176172874978695,0.266764987803026,2,Democracy
CN->CN,o_max,xgb_tree_d1,m008003_o_max_ord11_rk00004,11,0.2176158894873268,-0.0,1,Democracy
CN->CN,o_max,xgb_tree_d1,m013019_o_max_ord16_rk00020,16,0.2176148706497186,-0.0,1,Democracy
CN->CN,o_max,xgb_tree_d1,m014007_o_max_ord17_rk00008,17,0.2176118752285647,-0.0,1,Democracy
CN->CN,o_max,xgb_tree_d1,m019019_o_max_ord22_rk00020,22,0.2176073322862034,0.266764987803026,2,Democracy
CN->CN,o_max,xgb_tree_d1,m012006_o_max_ord15_rk00007,15,0.2175865415792998,-0.0,1,Democracy
CN->CN,o_max,xgb_tree_d1,m018014_o_max_ord21_rk00015,21,0.2175852406104481,-0.0,1,Democracy
CN->CN,o_max,xgb_tree_d1,m016007_o_max_ord19_rk00008,19,0.2175849971156854,-0.0,1,Democracy
CN->CN,o_max,xgb_tree_d1,m027012_o_max_ord30_rk00013,30,0.217576518604421,1.4989350663300531,6,Democracy
CN->CN,o_max,xgb_tree_d1,m021004_o_max_ord24_rk00005,24,0.2175762209193789,0.8886865525783176,3,Democracy
CN->CN,o_max,xgb_tree_d1,m026007_o_max_ord29_rk00008,29,0.2175591283416417,1.1991018361613466,5,Democracy
CN->CN,o_max,xgb_tree_d1,m020014_o_max_ord23_rk00015,23,0.2175586852795519,0.8076702057269436,3,Democracy
CN->CN,o_max,xgb_tree_d1,m016010_o_max_ord19_rk00011,19,0.2175493256147196,-0.0,1,Democracy
CN->CN,o_max,xgb_tree_d1,m021001_o_max_ord24_rk00002,24,0.2175232107714465,0.8886865525783176,3,Democracy
CN->CN,o_max,xgb_tree_d1,m018002_o_max_ord21_rk00003,21,0.2175216969690178,0.2761954276479391,2,Democracy
CN->CN,o_max,xgb_tree_d1,m008009_o_max_ord11_rk00010,11,0.2175198263544339,-0.0,1,Democracy
CN->CN,o_max,xgb_tree_d1,m012004_o_max_ord15_rk00005,15,0.2175154516172391,-0.0,1,Democracy
CN->CN,o_max,xgb_tree_d1,m018013_o_max_ord21_rk00014,21,0.2174952156917148,0.2761954276479391,2,Democracy
CN->CN,o_max,xgb_tree_d1,m005011_o_max_ord8_rk00012,8,0.2174888320384351,-0.0,1,Democracy
CN->CN,o_max,xgb_tree_d1,m013010_o_max_ord16_rk00011,16,0.2174811757122459,-0.0,1,Democracy
CN->CN,o_max,xgb_tree_d1,m016016_o_max_ord19_rk00017,19,0.2174757815751549,-0.0,1,Democracy
CN->CN,o_max,xgb_tree_d1,m020000_o_max_ord23_rk00001,23,0.2174754856275406,0.828055725379504,2,Democracy
CN->CN,o_max,xgb_tree_d1,m025003_o_max_ord28_rk00004,28,0.217470454684196,1.2274025692592483,5,Democracy
CN->CN,o_max,xgb_tree_d1,m016002_o_max_ord19_rk00003,19,0.2174544658405264,-0.0,1,Democracy
CN->CN,o_max,xgb_tree_d1,m022000_o_max_ord25_rk00001,25,0.2174528858286131,1.0954312795575998,4,Democracy
CN->CN,o_max,xgb_tree_d1,m016008_o_max_ord19_rk00009,19,0.2174464638233794,-0.0,1,Democracy
CN->CN,o_max,xgb_tree_d1,m010011_o_max_ord13_rk00012,13,0.2174370316648409,-0.0,1,Democracy
CN->CN,o_max,xgb_tree_d1,m014019_o_max_ord17_rk00020,17,0.2174290179217493,0.3227569588973982,2,Democracy
CN->CN,o_max,xgb_tree_d1,m016003_o_max_ord19_rk00004,19,0.2174268527353224,-0.0,1,Democracy
CN->CN,o_max,xgb_tree_d1,m010001_o_max_ord13_rk00002,13,0.2174220305217995,-0.0,1,Democracy
CN->CN,o_max,xgb_tree_d1,m020002_o_max_ord23_rk00003,23,0.2174175962892696,1.0666152167384504,3,Democracy
CN->CN,o_max,xgb_tree_d1,m012001_o_max_ord15_rk00002,15,0.217409828097753,-0.0,1,Democracy
CN->CN,o_max,xgb_tree_d1,m014011_o_max_ord17_rk00012,17,0.2174088349015657,-0.0,1,Democracy
CN->CN,o_max,xgb_tree_d1,m019010_o_max_ord22_rk00011,22,0.2173984817627542,0.266764987803026,2,Democracy
CN->CN,o_max,xgb_tree_d1,m015019_o_max_ord18_rk00020,18,0.217391679495367,-0.0,1,Democracy
CN->CN,o_max,xgb_tree_d1,m023000_o_max_ord26_rk00001,26,0.217362721690153,0.7793498372920851,2,Democracy
CN->CN,o_max,xgb_tree_d1,m021003_o_max_ord24_rk00004,24,0.2173204276093379,1.0238995733215066,4,Democracy
CN->CN,o_max,xgb_tree_d1,m015004_o_max_ord18_rk00005,18,0.2173171124677576,0.3095434291503252,2,Democracy
CN->CN,o_max,xgb_tree_d1,m012003_o_max_ord15_rk00004,15,0.2173009976579276,-0.0,1,Democracy
CN->CN,o_max,xgb_tree_d1,m016006_o_max_ord19_rk00007,19,0.2172849184330748,-0.0,1,Democracy
CN->CN,o_max,xgb_tree_d1,m011017_o_max_ord14_rk00018,14,0.2172639358892393,-0.0,1,Democracy
CN->CN,o_max,xgb_tree_d1,m004014_o_max_ord7_rk00015,7,0.217259125988293,-0.0,1,Democracy
CN->CN,o_max,xgb_tree_d1,m011007_o_max_ord14_rk00008,14,0.2172587307742998,-0.0,1,Democracy
CN->CN,o_max,xgb_tree_d1,m014004_o_max_ord17_rk00005,17,0.2172442022914523,-0.0,1,Democracy
CN->CN,o_max,xgb_tree_d1,m024015_o_max_ord27_rk00016,27,0.2172357311144164,0.824980257347893,3,Democracy
CN->CN,o_max,xgb_tree_d1,m014010_o_max_ord17_rk00011,17,0.2172222221971664,-0.0,1,Democracy
CN->CN,o_max,xgb_tree_d1,m024006_o_max_ord27_rk00007,27,0.217210326547092,0.9451696091196164,4,Democracy
CN->CN,o_max,xgb_tree_d1,m019004_o_max_ord22_rk00005,22,0.2171832298800182,1.090652803252992,3,Democracy
CN->CN,o_max,xgb_tree_d1,m027007_o_max_ord30_rk00008,30,0.2171718248709828,1.2496527261266068,5,Democracy
CN->CN,o_max,xgb_tree_d1,m016009_o_max_ord19_rk00010,19,0.2171623030441155,-0.0,1,Democracy
CN->CN,o_max,xgb_tree_d1,m000001_o_max_ord3_rk00002,3,0.2171580177222649,-0.0,1,Air Pollution
CN->CN,o_max,xgb_tree_d1,m021008_o_max_ord24_rk00009,24,0.2171491087452098,0.6583514224564075,3,Democracy
CN->CN,o_max,xgb_tree_d1,m018007_o_max_ord21_rk00008,21,0.2171473182271283,0.2761954276479391,2,Democracy
CN->CN,o_max,xgb_tree_d1,m007007_o_max_ord10_rk00008,10,0.2171359450932274,-0.0,1,Democracy
CN->CN,o_max,xgb_tree_d1,m010014_o_max_ord13_rk00015,13,0.2171062033137231,-0.0,1,Democracy
CN->CN,o_max,xgb_tree_d1,m014014_o_max_ord17_rk00015,17,0.217078652602767,0.3227569588973982,2,Democracy
CN->CN,o_max,xgb_tree_d1,m010002_o_max_ord13_rk00003,13,0.2170562627855222,-0.0,1,Democracy
CN->CN,o_max,xgb_tree_d1,m019005_o_max_ord22_rk00006,22,0.2170452985943843,-0.0,1,Democracy
CN->CN,o_max,xgb_tree_d1,m015007_o_max_ord18_rk00008,18,0.2170295676693117,-0.0,1,Democracy
CN->CN,o_max,xgb_tree_d1,m022004_o_max_ord25_rk00005,25,0.2169871140750133,0.8663137138648347,3,Democracy
CN->CN,o_max,xgb_tree_d1,m008018_o_max_ord11_rk00019,11,0.2169868590745652,-0.0,1,Democracy
CN->CN,o_max,xgb_tree_d1,m011003_o_max_ord14_rk00004,14,0.2169851333626714,-0.0,1,Democracy
CN->CN,o_max,xgb_tree_d1,m021018_o_max_ord24_rk00019,24,0.2169631705481512,1.0238995733215066,4,Democracy
CN->CN,o_max,xgb_tree_d1,m004005_o_max_ord7_rk00006,7,0.2169495553821842,-0.0,1,Democracy
CN->CN,o_max,xgb_tree_d1,m013009_o_max_ord16_rk00010,16,0.2169405826386676,0.3372900666170139,2,Democracy
CN->CN,o_max,xgb_tree_d1,m004016_o_max_ord7_rk00017,7,0.2169264286978141,-0.0,1,Democracy
CN->CN,o_max,xgb_tree_d1,m019003_o_max_ord22_rk00004,22,0.2169051817192258,0.266764987803026,2,Democracy
CN->CN,o_max,xgb_tree_d1,m001001_o_max_ord4_rk00002,4,0.2168834362979913,-0.0,1,Democracy
CN->CN,o_max,xgb_tree_d1,m011019_o_max_ord14_rk00020,14,0.2168814427918631,-0.0,1,Democracy
CN->CN,o_max,xgb_tree_d1,m019002_o_max_ord22_rk00003,22,0.2168812126779478,0.266764987803026,2,Democracy
CN->CN,o_max,xgb_tree_d1,m027014_o_max_ord30_rk00015,30,0.2168377986050438,1.1721597626314755,5,Democracy
CN->CN,o_max,xgb_tree_d1,m023010_o_max_ord26_rk00011,26,0.2168159116441657,0.8451064151274781,3,Democracy
CN->CN,o_max,xgb_tree_d1,m015009_o_max_ord18_rk00010,18,0.2168001572484754,-0.0,1,Democracy
CN->CN,o_max,xgb_tree_d1,m020006_o_max_ord23_rk00007,23,0.2167964199311696,0.5131851787372753,3,Democracy
CN->CN,o_max,xgb_tree_d1,m023001_o_max_ord26_rk00002,26,0.2167961601821082,0.969918434275037,4,Democracy
CN->CN,o_max,xgb_tree_d1,m002011_o_max_ord5_rk00012,5,0.2167960749526878,-0.0,1,Democracy
CN->CN,o_max,xgb_tree_d1,m019012_o_max_ord22_rk00013,22,0.2167804380919826,0.266764987803026,2,Democracy
CN->CN,o_max,xgb_tree_d1,m023003_o_max_ord26_rk00004,26,0.2167791910626543,0.8451064151274781,3,Democracy
CN->CN,o_max,xgb_tree_d1,m016013_o_max_ord19_rk00014,19,0.2167605728963582,-0.0,1,Democracy
CN->CN,o_max,xgb_tree_d1,m003010_o_max_ord6_rk00011,6,0.2167599675707315,-0.0,1,Democracy
CN->CN,o_max,xgb_tree_d1,m012012_o_max_ord15_rk00013,15,0.2167565455612203,-0.0,1,Democracy
CN->CN,o_max,xgb_tree_d1,m012007_o_max_ord15_rk00008,15,0.2167379296804961,-0.0,1,Democracy
CN->CN,o_max,xgb_tree_d1,m013018_o_max_ord16_rk00019,16,0.2167334359207576,-0.0,1,Democracy
CN->CN,o_max,xgb_tree_d1,m010007_o_max_ord13_rk00008,13,0.2167256780754347,-0.0,1,Democracy
CN->CN,o_max,xgb_tree_d1,m024005_o_max_ord27_rk00006,27,0.2167240288917361,0.9451696091196164,4,Democracy
CN->CN,o_max,xgb_tree_d1,m015016_o_max_ord18_rk00017,18,0.2167203916960461,0.3095434291503252,2,Democracy
CN->CN,o_max,xgb_tree_d1,m023017_o_max_ord26_rk00018,26,0.2167013631720682,0.7441942138263227,3,Democracy
CN->CN,o_max,xgb_tree_d1,m002007_o_max_ord5_rk00008,5,0.2166913116842288,-0.0,1,Democracy
CN->CN,o_max,xgb_tree_d1,m022014_o_max_ord25_rk00015,25,0.2166852284710599,1.106313713864835,5,Democracy
CN->CN,o_max,xgb_tree_d1,m003016_o_max_ord6_rk00017,6,0.2166463500430209,-0.0,1,Democracy
CN->CN,o_max,xgb_tree_d1,m023005_o_max_ord26_rk00006,26,0.2166444138461157,1.0681873374585056,4,Democracy
CN->CN,o_max,xgb_tree_d1,m006002_o_max_ord9_rk00003,9,0.2166237471517803,-0.0,1,Democracy
CN->CN,o_max,xgb_tree_d1,m019013_o_max_ord22_rk00014,22,0.2166119442434454,-0.0,1,Democracy
CN->CN,o_max,xgb_tree_d1,m020012_o_max_ord23_rk00013,23,0.2165877039984413,0.5131851787372753,3,Democracy
CN->CN,o_max,xgb_tree_d1,m013002_o_max_ord16_rk00003,16,0.2165811087266115,-0.0,1,Democracy
CN->CN,o_max,xgb_tree_d1,m018010_o_max_ord21_rk00011,21,0.2165677084281074,-0.0,1,Democracy
CN->CN,o_max,xgb_tree_d1,m023007_o_max_ord26_rk00008,26,0.216557432242476,0.969918434275037,4,Democracy
CN->CN,o_max,xgb_tree_d1,m006018_o_max_ord9_rk00019,9,0.2165509044710367,-0.0,1,Democracy
CN->CN,o_max,xgb_tree_d1,m017019_o_max_ord20_rk00020,20,0.2165411495909246,-0.0,1,Democracy
CN->CN,o_max,xgb_tree_d1,m024009_o_max_ord27_rk00010,27,0.2165347197201018,1.042344321483692,4,Democracy
CN->CN,o_max,xgb_tree_d1,m013011_o_max_ord16_rk00012,16,0.2165197475251492,-0.0,1,Democracy
CN->CN,o_max,xgb_tree_d1,m006005_o_max_ord9_rk00006,9,0.2164921000845369,-0.0,1,Democracy
CN->CN,o_max,xgb_tree_d1,m018011_o_max_ord21_rk00012,21,0.2164831052111903,0.2761954276479391,2,Democracy
CN->CN,o_max,xgb_tree_d1,m018003_o_max_ord21_rk00004,21,0.216481464337168,0.2761954276479391,2,Democracy
CN->CN,o_max,xgb_tree_d1,m007009_o_max_ord10_rk00010,10,0.216472760609109,-0.0,1,Democracy
CN->CN,o_max,xgb_tree_d1,m020016_o_max_ord23_rk00017,23,0.2164709955946384,0.2580186686648155,2,Democracy
CN->CN,o_max,xgb_tree_d1,m007003_o_max_ord10_rk00004,10,0.2164526774208338,-0.0,1,Democracy
CN->CN,o_max,xgb_tree_d1,m010010_o_max_ord13_rk00011,13,0.2164427035103493,-0.0,1,Democracy
CN->CN,o_max,xgb_tree_d1,m023011_o_max_ord26_rk00012,26,0.2164402067387394,0.969918434275037,4,Democracy
CN->CN,o_max,xgb_tree_d1,m009000_o_max_ord12_rk00001,12,0.2164127277575528,-0.0,1,Democracy
CN->CN,o_max,xgb_tree_d1,m003001_o_max_ord6_rk00002,6,0.2164074916508456,-0.0,1,Democracy
CN->CN,o_max,xgb_tree_d1,m019016_o_max_ord22_rk00017,22,0.216399786476791,0.266764987803026,2,Democracy
CN->CN,o_max,xgb_tree_d1,m010019_o_max_ord13_rk00020,13,0.2163972567562996,-0.0,1,Democracy
CN->CN,o_max,xgb_tree_d1,m018005_o_max_ord21_rk00006,21,0.216371975544826,-0.0,1,Democracy
CN->CN,o_max,xgb_tree_d1,m019008_o_max_ord22_rk00009,22,0.2163664407708481,0.5304060778306042,3,Democracy
CN->CN,o_max,xgb_tree_d1,m021011_o_max_ord24_rk00012,24,0.2163551090646165,0.7416847557897409,4,Democracy
CN->CN,o_max,xgb_tree_d1,m018008_o_max_ord21_rk00009,21,0.2163549360776143,0.2761954276479391,2,Democracy
CN->CN,o_max,xgb_tree_d1,m023004_o_max_ord26_rk00005,26,0.2163293450471818,0.969918434275037,4,Democracy
CN->CN,o_max,xgb_tree_d1,m001003_o_max_ord4_rk00004,4,0.2162902337646979,-0.0,1,Democracy
CN->CN,o_max,xgb_tree_d1,m012015_o_max_ord15_rk00016,15,0.2162599148310394,-0.0,1,Democracy
CN->CN,o_max,xgb_tree_d1,m012017_o_max_ord15_rk00018,15,0.2162598850383265,-0.0,1,Democracy
CN->CN,o_max,xgb_tree_d1,m005006_o_max_ord8_rk00007,8,0.2162548073897831,-0.0,1,Democracy
CN->CN,o_max,xgb_tree_d1,m005003_o_max_ord8_rk00004,8,0.2162328347942713,-0.0,1,Democracy
CN->CN,o_max,xgb_tree_d1,m007012_o_max_ord10_rk00013,10,0.2162317573059377,-0.0,1,Democracy
CN->CN,o_max,xgb_tree_d1,m006010_o_max_ord9_rk00011,9,0.2162205389479433,-0.0,1,Democracy
CN->CN,o_max,xgb_tree_d1,m011011_o_max_ord14_rk00012,14,0.2161904470514795,-0.0,1,Democracy
CN->CN,o_max,xgb_tree_d1,m006001_o_max_ord9_rk00002,9,0.2161735324491208,-0.0,1,Democracy
CN->CN,o_max,xgb_tree_d1,m011018_o_max_ord14_rk00019,14,0.2161475749508892,0.37123232664087563,2,Democracy
CN->CN,o_max,xgb_tree_d1,m020004_o_max_ord23_rk00005,23,0.2161459589882877,1.0666152167384504,3,Democracy
CN->CN,o_max,xgb_tree_d1,m012000_o_max_ord15_rk00001,15,0.2161417509871872,-0.0,1,Democracy
CN->CN,o_max,xgb_tree_d1,m018001_o_max_ord21_rk00002,21,0.2161385575810737,-0.0,1,Democracy
CN->CN,o_max,xgb_tree_d1,m015013_o_max_ord18_rk00014,18,0.2161357523056593,0.3095434291503252,2,Democracy
CN->CN,o_max,xgb_tree_d1,m009010_o_max_ord12_rk00011,12,0.2161123648136529,-0.0,1,Democracy
CN->CN,o_max,xgb_tree_d1,m014002_o_max_ord17_rk00003,17,0.2160526884562567,-0.0,1,Democracy
CN->CN,o_max,xgb_tree_d1,m005014_o_max_ord8_rk00015,8,0.2160491508190943,-0.0,1,Democracy
CN->CN,o_max,xgb_tree_d1,m007019_o_max_ord10_rk00020,10,0.2160398710474987,-0.0,1,Democracy
CN->CN,o_max,xgb_tree_d1,m002003_o_max_ord5_rk00004,5,0.2160217683828105,-0.0,1,Democracy
CN->CN,o_max,xgb_tree_d1,m004008_o_max_ord7_rk00009,7,0.2160044498374784,-0.0,1,Democracy
CN->CN,o_max,xgb_tree_d1,m027000_o_max_ord30_rk00001,30,0.2159891101834293,1.2486092328524885,4,Democracy
CN->CN,o_max,xgb_tree_d1,m005004_o_max_ord8_rk00005,8,0.2159478239843261,-0.0,1,Democracy
CN->CN,o_max,xgb_tree_d1,m002000_o_max_ord5_rk00001,5,0.215944727045114,-0.0,1,Democracy
CN->CN,o_max,xgb_tree_d1,m007000_o_max_ord10_rk00001,10,0.2159032754888868,-0.0,1,Democracy
CN->CN,o_max,xgb_tree_d1,m009001_o_max_ord12_rk00002,12,0.2158425398803872,-0.0,1,Democracy
CN->CN,o_max,xgb_tree_d1,m012018_o_max_ord15_rk00019,15,0.2158303383036757,-0.0,1,Democracy
CN->CN,o_max,xgb_tree_d1,m018009_o_max_ord21_rk00010,21,0.2158253604713333,0.2761954276479391,2,Democracy
CN->CN,o_max,xgb_tree_d1,m014005_o_max_ord17_rk00006,17,0.2157849757523829,0.3227569588973982,2,Democracy
CN->CN,o_max,xgb_tree_d1,m009008_o_max_ord12_rk00009,12,0.2157792440831911,-0.0,1,Democracy
CN->CN,o_max,xgb_tree_d1,m015012_o_max_ord18_rk00013,18,0.2157721312351563,-0.0,1,Democracy
CN->CN,o_max,xgb_tree_d1,m024004_o_max_ord27_rk00005,27,0.2157494343203335,1.042344321483692,4,Democracy
CN->CN,o_max,xgb_tree_d1,m001004_o_max_ord4_rk00005,4,0.2157452432911933,-0.0,1,Democracy
CN->CN,o_max,xgb_tree_d1,m023002_o_max_ord26_rk00003,26,0.2157443669612304,1.0681873374585056,4,Democracy
CN->CN,o_max,xgb_tree_d1,m011005_o_max_ord14_rk00006,14,0.2157171867298017,-0.0,1,Democracy
CN->CN,o_max,xgb_tree_d1,m009006_o_max_ord12_rk00007,12,0.2156999386172136,-0.0,1,Democracy
CN->CN,o_max,xgb_tree_d1,m003005_o_max_ord6_rk00006,6,0.2156976600573144,-0.0,1,Democracy
CN->CN,o_max,xgb_tree_d1,m001014_o_max_ord4_rk00015,4,0.2156961481166281,-0.0,1,Democracy
CN->CN,o_max,xgb_tree_d1,m016005_o_max_ord19_rk00006,19,0.2156452252654437,-0.0,1,Democracy
CN->CN,o_max,xgb_tree_d1,m023016_o_max_ord26_rk00017,26,0.2156170773058083,0.969918434275037,4,Democracy
CN->CN,o_max,xgb_tree_d1,m014013_o_max_ord17_rk00014,17,0.2155959292420904,-0.0,1,Democracy
CN->CN,o_max,xgb_tree_d1,m002015_o_max_ord5_rk00016,5,0.2155594594893688,-0.0,1,Democracy
CN->CN,o_max,xgb_tree_d1,m009017_o_max_ord12_rk00018,12,0.2155087120940869,-0.0,1,Democracy
CN->CN,o_max,xgb_tree_d1,m007011_o_max_ord10_rk00012,10,0.2155084541123305,0.4689955935892812,2,Democracy
CN->CN,o_max,xgb_tree_d1,m013004_o_max_ord16_rk00005,16,0.2154819012385962,-0.0,1,Democracy
CN->CN,o_max,xgb_tree_d1,m002016_o_max_ord5_rk00017,5,0.2154811663286313,-0.0,1,Democracy
CN->CN,o_max,xgb_tree_d1,m001015_o_max_ord4_rk00016,4,0.2154802330057919,-0.0,1,Democracy
CN->CN,o_max,xgb_tree_d1,m001007_o_max_ord4_rk00008,4,0.2154780228801099,-0.0,1,Air Pollution
CN->CN,o_max,xgb_tree_d1,m015011_o_max_ord18_rk00012,18,0.2154643743146,0.3095434291503252,2,Democracy
CN->CN,o_max,xgb_tree_d1,m009012_o_max_ord12_rk00013,12,0.2154543521488868,-0.0,1,Democracy
CN->CN,o_max,xgb_tree_d1,m019007_o_max_ord22_rk00008,22,0.2154514783460824,0.266764987803026,2,Democracy
CN->CN,o_max,xgb_tree_d1,m015008_o_max_ord18_rk00009,18,0.2154436558231908,-0.0,1,Democracy
CN->CN,o_max,xgb_tree_d1,m009014_o_max_ord12_rk00015,12,0.2153646785325385,-0.0,1,Democracy
CN->CN,o_max,xgb_tree_d1,m013000_o_max_ord16_rk00001,16,0.2153629867976481,-0.0,1,Democracy
CN->CN,o_max,xgb_tree_d1,m020007_o_max_ord23_rk00008,23,0.2153589826840971,1.0666152167384504,3,Democracy
CN->CN,o_max,xgb_tree_d1,m008002_o_max_ord11_rk00003,11,0.2153584469940873,-0.0,1,Democracy
CN->CN,o_max,xgb_tree_d1,m014015_o_max_ord17_rk00016,17,0.2153572978846282,-0.0,1,Democracy
CN->CN,o_max,xgb_tree_d1,m005019_o_max_ord8_rk00020,8,0.2153412013845549,-0.0,1,Democracy
CN->CN,o_max,xgb_tree_d1,m002005_o_max_ord5_rk00006,5,0.2152994380931934,-0.0,1,Democracy
CN->CN,o_max,xgb_tree_d1,m008001_o_max_ord11_rk00002,11,0.2152821711956745,-0.0,1,Democracy
CN->CN,o_max,xgb_tree_d1,m000006_o_max_ord3_rk00007,3,0.2152721245531834,-0.0,1,Democracy
CN->CN,o_max,xgb_tree_d1,m008000_o_max_ord11_rk00001,11,0.2152441777346032,-0.0,1,Democracy
CN->CN,o_max,xgb_tree_d1,m008016_o_max_ord11_rk00017,11,0.2152029694839291,-0.0,1,Democracy
CN->CN,o_max,xgb_tree_d1,m015010_o_max_ord18_rk00011,18,0.2151895995163943,-0.0,1,Democracy
CN->CN,o_max,xgb_tree_d1,m001002_o_max_ord4_rk00003,4,0.2150566532468539,-0.0,1,Democracy
CN->CN,o_max,xgb_tree_d1,m001006_o_max_ord4_rk00007,4,0.2149840066256723,-0.0,1,Democracy
CN->CN,o_max,xgb_tree_d1,m001011_o_max_ord4_rk00012,4,0.2149697818404649,-0.0,1,Democracy
CN->CN,o_max,xgb_tree_d1,m003013_o_max_ord6_rk00014,6,0.214928418873957,-0.0,1,Democracy
CN->CN,o_max,xgb_tree_d1,m002014_o_max_ord5_rk00015,5,0.2149199119282897,-0.0,1,Democracy
CN->CN,o_max,xgb_tree_d1,m002018_o_max_ord5_rk00019,5,0.2148409374389684,-0.0,1,Democracy
CN->CN,o_max,xgb_tree_d1,m000010_o_max_ord3_rk00011,3,0.2148191644766357,-0.0,1,Democracy
CN->CN,o_max,xgb_tree_d1,m011008_o_max_ord14_rk00009,14,0.2148113979385874,-0.0,1,Democracy
CN->CN,o_max,xgb_tree_d1,m009007_o_max_ord12_rk00008,12,0.2147910268076426,-0.0,1,Democracy
CN->CN,o_max,xgb_tree_d1,m002002_o_max_ord5_rk00003,5,0.2147862234432919,-0.0,1,Democracy
CN->CN,o_max,xgb_tree_d1,m002008_o_max_ord5_rk00009,5,0.214782984408643,-0.0,1,Democracy
CN->CN,o_max,xgb_tree_d1,m008007_o_max_ord11_rk00008,11,0.2147782761942065,-0.0,1,Democracy
CN->CN,o_max,xgb_tree_d1,m001000_o_max_ord4_rk00001,4,0.2147499480710529,-0.0,1,Democracy
CN->CN,o_max,xgb_tree_d1,m011013_o_max_ord14_rk00014,14,0.2147488457424787,-0.0,1,Democracy
CN->CN,o_max,xgb_tree_d1,m008006_o_max_ord11_rk00007,11,0.2147477778461775,-0.0,1,Democracy
CN->CN,o_max,xgb_tree_d1,m011004_o_max_ord14_rk00005,14,0.2147317899544784,-0.0,1,Democracy
CN->CN,o_max,xgb_tree_d1,m002019_o_max_ord5_rk00020,5,0.2147086674454587,-0.0,1,Democracy
CN->CN,o_max,xgb_tree_d1,m018019_o_max_ord21_rk00020,21,0.214708265207097,0.2761954276479391,2,Democracy
CN->CN,o_max,xgb_tree_d1,m001016_o_max_ord4_rk00017,4,0.2146824088620126,-0.0,1,Democracy
CN->CN,o_max,xgb_tree_d1,m003006_o_max_ord6_rk00007,6,0.2146799302869563,-0.0,1,Democracy
CN->CN,o_max,xgb_tree_d1,m002001_o_max_ord5_rk00002,5,0.2146259396322242,-0.0,1,Democracy
CN->CN,o_max,xgb_tree_d1,m010012_o_max_ord13_rk00013,13,0.2146233474793536,-0.0,1,Democracy
CN->CN,o_max,xgb_tree_d1,m002006_o_max_ord5_rk00007,5,0.2146143251358893,-0.0,1,Democracy
CN->CN,o_max,xgb_tree_d1,m003000_o_max_ord6_rk00001,6,0.2146135964136468,-0.0,1,Democracy
CN->CN,o_max,xgb_tree_d1,m006012_o_max_ord9_rk00013,9,0.2145951591875206,-0.0,1,Democracy
CN->CN,o_max,xgb_tree_d1,m013001_o_max_ord16_rk00002,16,0.2145871992752208,-0.0,1,Democracy
CN->CN,o_max,xgb_tree_d1,m003002_o_max_ord6_rk00003,6,0.2145724872138356,-0.0,1,Democracy
CN->CN,o_max,xgb_tree_d1,m005015_o_max_ord8_rk00016,8,0.2145606324213821,-0.0,1,Democracy
CN->CN,o_max,xgb_tree_d1,m007017_o_max_ord10_rk00018,10,0.2144966731010098,-0.0,1,Democracy
CN->CN,o_max,xgb_tree_d1,m001013_o_max_ord4_rk00014,4,0.2144811074304223,-0.0,1,Democracy
CN->CN,o_max,xgb_tree_d1,m023015_o_max_ord26_rk00016,26,0.2144683338625417,0.8501514254479945,4,Democracy
CN->CN,o_max,xgb_tree_d1,m004003_o_max_ord7_rk00004,7,0.2144582869638316,-0.0,1,Democracy
CN->CN,o_max,xgb_tree_d1,m003015_o_max_ord6_rk00016,6,0.2144461960287375,-0.0,1,Democracy
CN->CN,o_max,xgb_tree_d1,m001010_o_max_ord4_rk00011,4,0.2144424296523214,-0.0,1,Democracy
CN->CN,o_max,xgb_tree_d1,m008019_o_max_ord11_rk00020,11,0.2144193429856763,-0.0,1,Democracy
CN->CN,o_max,xgb_tree_d1,m008012_o_max_ord11_rk00013,11,0.2144192200547938,-0.0,1,Democracy
CN->CN,o_max,xgb_tree_d1,m021016_o_max_ord24_rk00017,24,0.2143214210988558,0.6583514224564075,3,Democracy
CN->CN,o_max,xgb_tree_d1,m012011_o_max_ord15_rk00012,15,0.2143141863511609,-0.0,1,Democracy
CN->CN,o_max,xgb_tree_d1,m014003_o_max_ord17_rk00004,17,0.2143056230113643,-0.0,1,Democracy
CN->CN,o_max,xgb_tree_d1,m007014_o_max_ord10_rk00015,10,0.2142802275160603,0.4689955935892812,2,Democracy
CN->CN,o_max,xgb_tree_d1,m009019_o_max_ord12_rk00020,12,0.2142706490492129,-0.0,1,Democracy
CN->CN,o_max,xgb_tree_d1,m013008_o_max_ord16_rk00009,16,0.214247132973484,-0.0,1,Democracy
CN->CN,o_max,xgb_tree_d1,m006006_o_max_ord9_rk00007,9,0.2142275257703358,-0.0,1,Democracy
CN->CN,o_max,xgb_tree_d1,m006014_o_max_ord9_rk00015,9,0.214206711733355,-0.0,1,Democracy
CN->CN,o_max,xgb_tree_d1,m004002_o_max_ord7_rk00003,7,0.2142038622013129,-0.0,1,Democracy
CN->CN,o_max,xgb_tree_d1,m006004_o_max_ord9_rk00005,9,0.2141905083993093,-0.0,1,Democracy
CN->CN,o_max,xgb_tree_d1,m007002_o_max_ord10_rk00003,10,0.2141863180465741,-0.0,1,Democracy
CN->CN,o_max,xgb_tree_d1,m007013_o_max_ord10_rk00014,10,0.2141786572746369,-0.0,1,Democracy
CN->CN,o_max,xgb_tree_d1,m011009_o_max_ord14_rk00010,14,0.2141520253875484,-0.0,1,Democracy
CN->CN,o_max,xgb_tree_d1,m020010_o_max_ord23_rk00011,23,0.2141389126994524,0.5131851787372753,3,Democracy
CN->CN,o_max,xgb_tree_d1,m010006_o_max_ord13_rk00007,13,0.2141336365648182,-0.0,1,Democracy
CN->CN,o_max,xgb_tree_d1,m005017_o_max_ord8_rk00018,8,0.2141328038260705,-0.0,1,Democracy
CN->CN,o_max,xgb_tree_d1,m010003_o_max_ord13_rk00004,13,0.2141323752502039,-0.0,1,Democracy
CN->CN,o_max,xgb_tree_d1,m009004_o_max_ord12_rk00005,12,0.2140970220216368,-0.0,1,Democracy
CN->CN,o_max,xgb_tree_d1,m003004_o_max_ord6_rk00005,6,0.2140715270454567,-0.0,1,Democracy
CN->CN,o_max,xgb_tree_d1,m013013_o_max_ord16_rk00014,16,0.2140610020911117,-0.0,1,Democracy
CN->CN,o_max,xgb_tree_d1,m001012_o_max_ord4_rk00013,4,0.214058584298364,-0.0,1,Democracy
CN->CN,o_max,xgb_tree_d1,m008011_o_max_ord11_rk00012,11,0.214050349899787,-0.0,1,Democracy
CN->CN,o_max,xgb_tree_d1,m024012_o_max_ord27_rk00013,27,0.2140406162809001,1.1625336732554155,5,Democracy
CN->CN,o_max,xgb_tree_d1,m003011_o_max_ord6_rk00012,6,0.214036898765645,-0.0,1,Democracy
CN->CN,o_max,xgb_tree_d1,m002010_o_max_ord5_rk00011,5,0.2140004929913025,-0.0,1,Democracy
CN->CN,o_max,xgb_tree_d1,m014017_o_max_ord17_rk00018,17,0.2139711821665021,0.3227569588973982,2,Democracy
CN->CN,o_max,xgb_tree_d1,m000007_o_max_ord3_rk00008,3,0.2139316605731933,-0.0,1,Democracy
CN->CN,o_max,xgb_tree_d1,m000000_o_max_ord3_rk00001,3,0.2139210336445326,-0.0,1,Democracy
CN->CN,o_max,xgb_tree_d1,m009018_o_max_ord12_rk00019,12,0.2138827258781532,-0.0,1,Democracy
CN->CN,o_max,xgb_tree_d1,m004006_o_max_ord7_rk00007,7,0.2138469397846407,-0.0,1,Democracy
CN->CN,o_max,xgb_tree_d1,m023009_o_max_ord26_rk00010,26,0.2138396560719885,1.075875645896709,5,Democracy
CN->CN,o_max,xgb_tree_d1,m016017_o_max_ord19_rk00018,19,0.2138116678754648,0.2974722489192896,2,Democracy
CN->CN,o_max,xgb_tree_d1,m003008_o_max_ord6_rk00009,6,0.2137977033802894,-0.0,1,Democracy
CN->CN,o_max,xgb_tree_d1,m005012_o_max_ord8_rk00013,8,0.2137772604628516,-0.0,1,Democracy
CN->CN,o_max,xgb_tree_d1,m002004_o_max_ord5_rk00005,5,0.213773399367695,-0.0,1,Democracy
CN->CN,o_max,xgb_tree_d1,m008004_o_max_ord11_rk00005,11,0.213772335581637,-0.0,1,Democracy
CN->CN,o_max,xgb_tree_d1,m011016_o_max_ord14_rk00017,14,0.2137693277425899,-0.0,1,Democracy
CN->CN,o_max,xgb_tree_d1,m010017_o_max_ord13_rk00018,13,0.213741280462536,-0.0,1,Democracy
CN->CN,o_max,xgb_tree_d1,m000011_o_max_ord3_rk00012,3,0.2137374476414877,-0.0,1,Democracy
CN->CN,o_max,xgb_tree_d1,m000019_o_max_ord3_rk00020,3,0.2137127176744983,-0.0,1,Democracy
CN->CN,o_max,xgb_tree_d1,m000013_o_max_ord3_rk00014,3,0.2137113687030334,-0.0,1,Democracy
CN->CN,o_max,xgb_tree_d1,m009005_o_max_ord12_rk00006,12,0.2137016079770066,-0.0,1,Democracy
CN->CN,o_max,xgb_tree_d1,m010013_o_max_ord13_rk00014,13,0.2136918262434958,-0.0,1,Democracy
CN->CN,o_max,xgb_tree_d1,m027008_o_max_ord30_rk00009,30,0.2136875633954271,1.1721597626314755,5,Democracy
CN->CN,o_max,xgb_tree_d1,m004017_o_max_ord7_rk00018,7,0.2136252855001221,-0.0,1,Democracy
CN->CN,o_max,xgb_tree_d1,m019011_o_max_ord22_rk00012,22,0.2135691395202913,0.266764987803026,2,Democracy
CN->CN,o_max,xgb_tree_d1,m010000_o_max_ord13_rk00001,13,0.2135614938479968,-0.0,1,Democracy
CN->CN,o_max,xgb_tree_d1,m014009_o_max_ord17_rk00010,17,0.2135430307083808,-0.0,1,Democracy
CN->CN,o_max,xgb_tree_d1,m001008_o_max_ord4_rk00009,4,0.2135198397729892,-0.0,1,Democracy
CN->CN,o_max,xgb_tree_d1,m003014_o_max_ord6_rk00015,6,0.2134938214935167,-0.0,1,Democracy
CN->CN,o_max,xgb_tree_d1,m006013_o_max_ord9_rk00014,9,0.213485697669257,-0.0,1,Democracy
CN->CN,o_max,xgb_tree_d1,m025019_o_max_ord28_rk00020,28,0.2134452112266506,1.1336983823367468,5,Democracy
CN->CN,o_max,xgb_tree_d1,m005016_o_max_ord8_rk00017,8,0.2134438277844509,-0.0,1,Democracy
CN->CN,o_max,xgb_tree_d1,m014016_o_max_ord17_rk00017,17,0.2134393633235354,-0.0,1,Democracy
CN->CN,o_max,xgb_tree_d1,m022003_o_max_ord25_rk00004,25,0.2133976265900887,0.8743095546405661,4,Democracy
CN->CN,o_max,xgb_tree_d1,m007018_o_max_ord10_rk00019,10,0.2133962291287966,-0.0,1,Democracy
CN->CN,o_max,xgb_tree_d1,m004012_o_max_ord7_rk00013,7,0.2133528570725956,-0.0,1,Democracy
CN->CN,o_max,xgb_tree_d1,m005005_o_max_ord8_rk00006,8,0.2133519641012671,-0.0,1,Democracy
CN->CN,o_max,xgb_tree_d1,m003017_o_max_ord6_rk00018,6,0.2133353313505339,-0.0,1,Democracy
CN->CN,o_max,xgb_tree_d1,m003007_o_max_ord6_rk00008,6,0.2133154529883749,-0.0,1,Democracy
CN->CN,o_max,xgb_tree_d1,m001005_o_max_ord4_rk00006,4,0.2133005309318889,-0.0,1,Democracy
CN->CN,o_max,xgb_tree_d1,m004018_o_max_ord7_rk00019,7,0.2132735910643916,-0.0,1,Democracy
CN->CN,o_max,xgb_tree_d1,m004007_o_max_ord7_rk00008,7,0.2132720439408497,-0.0,1,Democracy
CN->CN,o_max,xgb_tree_d1,m007006_o_max_ord10_rk00007,10,0.2132644702827363,-0.0,1,Democracy
CN->CN,o_max,xgb_tree_d1,m004004_o_max_ord7_rk00005,7,0.2132552534206302,-0.0,1,Democracy
CN->CN,o_max,xgb_tree_d1,m005001_o_max_ord8_rk00002,8,0.2132528521261221,-0.0,1,Democracy
CN->CN,o_max,xgb_tree_d1,m001019_o_max_ord4_rk00020,4,0.2132466749982553,-0.0,1,Air Pollution
CN->CN,o_max,xgb_tree_d1,m005018_o_max_ord8_rk00019,8,0.2132173273247429,-0.0,1,Democracy
CN->CN,o_max,xgb_tree_d1,m021005_o_max_ord24_rk00006,24,0.2132166744026227,0.6583514224564075,3,Democracy
CN->CN,o_max,xgb_tree_d1,m014008_o_max_ord17_rk00009,17,0.2131936500672677,-0.0,1,Democracy
CN->CN,o_max,xgb_tree_d1,m009013_o_max_ord12_rk00014,12,0.2131866088889142,-0.0,1,Democracy
CN->CN,o_max,xgb_tree_d1,m010018_o_max_ord13_rk00019,13,0.2131771635358733,-0.0,1,Democracy
CN->CN,o_max,xgb_tree_d1,m003019_o_max_ord6_rk00020,6,0.2131642173403216,-0.0,1,Democracy
CN->CN,o_max,xgb_tree_d1,m005000_o_max_ord8_rk00001,8,0.2131363925045925,-0.0,1,Democracy
CN->CN,o_max,xgb_tree_d1,m012014_o_max_ord15_rk00015,15,0.2131104395740078,-0.0,1,Democracy
CN->CN,o_max,xgb_tree_d1,m010015_o_max_ord13_rk00016,13,0.2130707546843078,-0.0,1,Democracy
CN->CN,o_max,xgb_tree_d1,m002009_o_max_ord5_rk00010,5,0.2130484722396342,-0.0,1,Democracy
CN->CN,o_max,xgb_tree_d1,m004000_o_max_ord7_rk00001,7,0.2130419263332624,-0.0,1,Democracy
CN->CN,o_max,xgb_tree_d1,m002012_o_max_ord5_rk00013,5,0.2130357004894845,-0.0,1,Democracy
CN->CN,o_max,xgb_tree_d1,m008013_o_max_ord11_rk00014,11,0.2130355465650106,-0.0,1,Democracy
CN->CN,o_max,xgb_tree_d1,m005002_o_max_ord8_rk00003,8,0.2130039839154749,-0.0,1,Democracy
CN->CN,o_max,xgb_tree_d1,m004001_o_max_ord7_rk00002,7,0.2129874321860625,-0.0,1,Democracy
CN->CN,o_max,xgb_tree_d1,m022008_o_max_ord25_rk00009,25,0.2129285538149997,0.7641140545540274,3,Democracy
CN->CN,o_max,xgb_tree_d1,m012009_o_max_ord15_rk00010,15,0.2129211870955288,-0.0,1,Democracy
CN->CN,o_max,xgb_tree_d1,m011012_o_max_ord14_rk00013,14,0.212883978446303,-0.0,1,Democracy
CN->CN,o_max,xgb_tree_d1,m022007_o_max_ord25_rk00008,25,0.2128800067412296,0.8743095546405661,4,Democracy
CN->CN,o_max,xgb_tree_d1,m001018_o_max_ord4_rk00019,4,0.2128482630818284,-0.0,1,Democracy
CN->CN,o_max,xgb_tree_d1,m000004_o_max_ord3_rk00005,3,0.2128450830869924,-0.0,1,Democracy
CN->CN,o_max,xgb_tree_d1,m005009_o_max_ord8_rk00010,8,0.2128220736043377,-0.0,1,Democracy
CN->CN,o_max,xgb_tree_d1,m009016_o_max_ord12_rk00017,12,0.2127798185259639,-0.0,1,Democracy
CN->CN,o_max,xgb_tree_d1,m011002_o_max_ord14_rk00003,14,0.212731958949904,-0.0,1,Democracy
CN->CN,o_max,xgb_tree_d1,m005010_o_max_ord8_rk00011,8,0.2125962516929077,-0.0,1,Democracy
CN->CN,o_max,xgb_tree_d1,m006000_o_max_ord9_rk00001,9,0.2125516243899271,-0.0,1,Democracy
CN->CN,o_max,xgb_tree_d1,m006009_o_max_ord9_rk00010,9,0.2124952502591611,-0.0,1,Democracy
CN->CN,o_max,xgb_tree_d1,m021014_o_max_ord24_rk00015,24,0.2124631240030018,1.2593984370492772,5,Democracy
CN->CN,o_max,xgb_tree_d1,m004019_o_max_ord7_rk00020,7,0.2124500245483495,-0.0,1,Democracy
CN->CN,o_max,xgb_tree_d1,m007004_o_max_ord10_rk00005,10,0.2124202342240335,-0.0,1,Democracy
CN->CN,o_max,xgb_tree_d1,m000015_o_max_ord3_rk00016,3,0.212359013517023,-0.0,1,Democracy
CN->CN,o_max,xgb_tree_d1,m000014_o_max_ord3_rk00015,3,0.2123218182050296,-0.0,1,Democracy
CN->CN,o_max,xgb_tree_d1,m004015_o_max_ord7_rk00016,7,0.2122913430000345,-0.0,1,Democracy
CN->CN,o_max,xgb_tree_d1,m000005_o_max_ord3_rk00006,3,0.2122746509863383,-0.0,1,Democracy
CN->CN,o_max,xgb_tree_d1,m010016_o_max_ord13_rk00017,13,0.2122199712218541,-0.0,1,Democracy
CN->CN,o_max,xgb_tree_d1,m000002_o_max_ord3_rk00003,3,0.212215040809004,-0.0,1,Democracy
CN->CN,o_max,xgb_tree_d1,m000016_o_max_ord3_rk00017,3,0.2122137766194927,-0.0,1,Democracy
CN->CN,o_max,xgb_tree_d1,m006015_o_max_ord9_rk00016,9,0.2122090560186337,-0.0,1,Democracy
CN->CN,o_max,xgb_tree_d1,m005008_o_max_ord8_rk00009,8,0.2121973469698526,-0.0,1,Democracy
CN->CN,o_max,xgb_tree_d1,m006011_o_max_ord9_rk00012,9,0.21219551212198,-0.0,1,Democracy
CN->CN,o_max,xgb_tree_d1,m000009_o_max_ord3_rk00010,3,0.2121668913545945,-0.0,1,Democracy
CN->CN,o_max,xgb_tree_d1,m006003_o_max_ord9_rk00004,9,0.2120974724959524,-0.0,1,Democracy
CN->CN,o_max,xgb_tree_d1,m008014_o_max_ord11_rk00015,11,0.2120604330780935,-0.0,1,Democracy
CN->CN,o_max,xgb_tree_d1,m022019_o_max_ord25_rk00020,25,0.212034526873335,1.2252357794710609,5,Democracy
CN->CN,o_max,xgb_tree_d1,m007010_o_max_ord10_rk00011,10,0.2119386153066538,-0.0,1,Democracy
CN->CN,o_max,xgb_tree_d1,m005013_o_max_ord8_rk00014,8,0.2119273834115645,-0.0,1,Democracy
CN->CN,o_max,xgb_tree_d1,m008005_o_max_ord11_rk00006,11,0.2119184009642355,-0.0,1,Democracy
CN->CN,o_max,xgb_tree_d1,m004011_o_max_ord7_rk00012,7,0.2118852133693123,-0.0,1,Democracy
CN->CN,o_max,xgb_tree_d1,m007001_o_max_ord10_rk00002,10,0.2118456387500288,-0.0,1,Democracy
CN->CN,o_max,xgb_tree_d1,m006016_o_max_ord9_rk00017,9,0.2117828350497301,-0.0,1,Democracy
CN->CN,o_max,xgb_tree_d1,m013015_o_max_ord16_rk00016,16,0.2117225505529908,-0.0,1,Democracy
CN->CN,o_max,xgb_tree_d1,m010004_o_max_ord13_rk00005,13,0.2117196227546862,-0.0,1,Democracy
CN->CN,o_max,xgb_tree_d1,m006019_o_max_ord9_rk00020,9,0.2116883837312333,-0.0,1,Democracy
CN->CN,o_max,xgb_tree_d1,m020011_o_max_ord23_rk00012,23,0.2116642486431444,0.6784070909375675,3,Democracy
CN->CN,o_max,xgb_tree_d1,m006008_o_max_ord9_rk00009,9,0.2115917370743496,-0.0,1,Democracy
CN->CN,o_max,xgb_tree_d1,m007005_o_max_ord10_rk00006,10,0.2115774693740173,-0.0,1,Democracy
CN->CN,o_max,xgb_tree_d1,m000008_o_max_ord3_rk00009,3,0.2113010499118175,-0.0,1,Democracy
CN->CN,o_max,xgb_tree_d1,m007008_o_max_ord10_rk00009,10,0.2112009292297704,-0.0,1,Democracy
CN->CN,o_max,xgb_tree_d1,m000017_o_max_ord3_rk00018,3,0.2111774169109005,-0.0,1,Democracy
CN->CN,o_max,xgb_tree_d1,m011001_o_max_ord14_rk00002,14,0.2110884267833259,-0.0,1,Democracy
CN->CN,o_max,xgb_tree_d1,m001017_o_max_ord4_rk00018,4,0.2110883339191244,-0.0,1,Democracy
CN->CN,o_max,xgb_tree_d1,m008008_o_max_ord11_rk00009,11,0.2110711218010496,-0.0,1,Democracy
CN->CN,o_max,xgb_tree_d1,m011006_o_max_ord14_rk00007,14,0.2108940781790651,-0.0,1,Democracy
CN->CN,o_max,xgb_tree_d1,m000018_o_max_ord3_rk00019,3,0.210872157025751,-0.0,1,Democracy
CN->CN,o_max,xgb_tree_d1,m010008_o_max_ord13_rk00009,13,0.2108599517286166,-0.0,1,Democracy
CN->CN,o_max,xgb_tree_d1,m008015_o_max_ord11_rk00016,11,0.2108167704420415,-0.0,1,Democracy
CN->CN,o_max,xgb_tree_d1,m000003_o_max_ord3_rk00004,3,0.2107243357623044,-0.0,1,Democracy
CN->CN,o_max,xgb_tree_d1,m004013_o_max_ord7_rk00014,7,0.2107081631946302,-0.0,1,Democracy
CN->CN,o_max,xgb_tree_d1,m012008_o_max_ord15_rk00009,15,0.2104633443745405,-0.0,1,Democracy
CN->CN,o_max,xgb_tree_d1,m021007_o_max_ord24_rk00008,24,0.2104511214533531,0.6583514224564075,3,Democracy
CN->CN,o_max,xgb_tree_d1,m012013_o_max_ord15_rk00014,15,0.2103829333037108,0.35335933502142136,2,Democracy
CN->CN,o_max,xgb_tree_d1,m008010_o_max_ord11_rk00011,11,0.2103158944730443,-0.0,1,Democracy
CN->CN,o_max,xgb_tree_d1,m022016_o_max_ord25_rk00017,25,0.210305218468208,1.2252357794710609,5,Democracy
CN->CN,o_max,xgb_tree_d1,m000012_o_max_ord3_rk00013,3,0.2102813549471688,-0.0,1,Democracy
CN->CN,o_max,xgb_tree_d1,m021009_o_max_ord24_rk00010,24,0.2100151382914419,1.0238995733215066,4,Democracy
CN->CN,o_max,xgb_tree_d1,m022005_o_max_ord25_rk00006,25,0.2099951677295869,0.996118213778296,4,Democracy
CN->CN,o_max,xgb_tree_d1,m023014_o_max_ord26_rk00015,26,0.2098622714857915,1.1929993566060646,5,Democracy
CN->CN,o_max,xgb_tree_d1,m023013_o_max_ord26_rk00014,26,0.2094929814522229,1.1929993566060646,5,Democracy
CN->CN,o_max,xgb_tree_d1,m012016_o_max_ord15_rk00017,15,0.2079130588277576,0.35335933502142136,2,Democracy
CN->CN,o_max,xgb_tree_d1,m012002_o_max_ord15_rk00003,15,0.2069948082179948,-0.0,1,Democracy
AD->AD,o_min,ols,m048528_o_min_ord4_rk00014,4,0.2709230257325024,1.5,3,Air Pollution
AD->AD,o_min,ols,m059533_o_min_ord15_rk00019,15,0.2597490835991624,2.8225797618424915,8,Temperature
AD->AD,o_min,ols,m058515_o_min_ord14_rk00001,14,0.2588990361341123,2.8962915290459277,8,Temperature
AD->AD,o_min,ols,m049527_o_min_ord5_rk00013,5,0.2540696866563766,1.9219280948873623,4,Air Pollution
AD->AD,o_min,ols,m058529_o_min_ord14_rk00015,14,0.2537882360384728,2.610577243331642,7,Temperature
AD->AD,o_min,ols,m060532_o_min_ord16_rk00018,16,0.2525461788478508,2.8584585933443494,8,Temperature
AD->AD,o_min,ols,m057515_o_min_ord13_rk00001,13,0.2479043674778702,2.6612262562697895,7,Temperature
AD->AD,o_min,ols,m056521_o_min_ord12_rk00007,12,0.2461934085304236,2.8553885422075336,8,Precipitation/droughts
AD->AD,o_min,ols,m058522_o_min_ord14_rk00008,14,0.2444781398094686,2.6455933144511468,7,Temperature
AD->AD,o_min,ols,m056515_o_min_ord12_rk00001,12,0.2398701808570817,2.688721875540867,7,Temperature
AD->AD,o_min,ols,m048523_o_min_ord4_rk00009,4,0.2382113865326158,1.5,3,Air Pollution
AD->AD,o_min,ols,m060528_o_min_ord16_rk00014,16,0.2380842279074007,2.8584585933443494,8,Temperature
AD->AD,o_min,ols,m056522_o_min_ord12_rk00008,12,0.2375099240037819,2.688721875540867,7,Temperature
AD->AD,o_min,ols,m056526_o_min_ord12_rk00012,12,0.2362322666448482,2.8553885422075336,8,Precipitation/droughts
AD->AD,o_min,ols,m056530_o_min_ord12_rk00016,12,0.2311091545053744,2.688721875540867,7,Temperature
AD->AD,o_min,ols,m059515_o_min_ord15_rk00001,15,0.2308592781101112,2.872905595320056,8,Temperature
AD->AD,o_min,ols,m057527_o_min_ord13_rk00013,13,0.2299771492655459,2.6031579868726,7,Temperature
AD->AD,o_min,ols,m055516_o_min_ord11_rk00002,11,0.2270253258347735,2.663532754804255,7,Temperature
AD->AD,o_min,ols,m055532_o_min_ord11_rk00018,11,0.2259128149172611,2.663532754804255,7,Temperature
AD->AD,o_min,ols,m057518_o_min_ord13_rk00004,13,0.2252832508606437,2.873140679513133,8,Temperature
AD->AD,o_min,ols,m059527_o_min_ord15_rk00013,15,0.22230363238602,2.8225797618424915,8,Temperature
AD->AD,o_min,ols,m057516_o_min_ord13_rk00002,13,0.2222992393134779,2.6235166412180155,7,Temperature
AD->AD,o_min,ols,m058520_o_min_ord14_rk00006,14,0.2218624434503691,2.8423709931771084,8,Temperature
AD->AD,o_min,ols,m058531_o_min_ord14_rk00017,14,0.2203901285743082,2.6455933144511468,7,Temperature
AD->AD,o_min,ols,m057517_o_min_ord13_rk00003,13,0.2175585570680656,2.6612262562697895,7,Temperature
AD->AD,o_min,ols,m055515_o_min_ord11_rk00001,11,0.2146543126596335,2.7321588913645702,7,Air Pollution
AD->AD,o_min,ols,m058517_o_min_ord14_rk00003,14,0.2012401040876666,2.8423709931771084,8,Temperature
AD->AD,o_min,ols,m061533_o_min_ord17_rk00019,17,0.2009900246713025,2.9109922530150456,9,Temperature
AD->AD,o_min,ols,m060526_o_min_ord16_rk00012,16,0.2003992001375811,2.7806390622295662,8,Temperature
AD->AD,o_min,ols,m055529_o_min_ord11_rk00015,11,0.2001207470905234,2.663532754804255,7,Temperature
AD->AD,o_min,ols,m056520_o_min_ord12_rk00006,12,0.2000221849805296,2.6258145836939115,7,Temperature
AD->AD,o_min,ols,m056525_o_min_ord12_rk00011,12,0.1989670845186847,2.688721875540867,7,Temperature
AD->AD,o_min,ols,m055531_o_min_ord11_rk00017,11,0.1965810172335252,2.663532754804255,7,Precipitation/droughts
AD->AD,o_min,ols,m063534_o_min_ord19_rk00020,19,0.1957575623936756,2.984769618706743,9,Temperature
AD->AD,o_min,ols,m056524_o_min_ord12_rk00010,12,0.1942275914584287,2.6258145836939115,7,Temperature
AD->AD,o_min,ols,m057533_o_min_ord13_rk00019,13,0.1917254432402303,2.6612262562697895,7,Temperature
AD->AD,o_min,ols,m057521_o_min_ord13_rk00007,13,0.1889200542239009,2.6612262562697895,7,Temperature
AD->AD,o_min,ols,m055528_o_min_ord11_rk00014,11,0.1840509464397297,2.663532754804255,7,Temperature
AD->AD,o_min,ols,m067520_o_min_ord23_rk00006,23,0.1804925393734925,2.9424955222917832,9,Democracy
AD->AD,o_min,ols,m058533_o_min_ord14_rk00019,14,0.1790703100087384,2.610577243331642,7,Temperature
AD->AD,o_min,ols,m048517_o_min_ord4_rk00003,4,0.1781109171465544,1.5,3,Air Pollution
AD->AD,o_min,ols,m048527_o_min_ord4_rk00013,4,0.1713122789068992,2.0,4,Air Pollution
AD->AD,o_min,ols,m058530_o_min_ord14_rk00016,14,0.1696292866693081,2.6455933144511468,7,Temperature
AD->AD,o_min,ols,m054533_o_min_ord10_rk00019,10,0.1677466289395399,2.4464393446710155,6,Temperature
AD->AD,o_min,ols,m066531_o_min_ord22_rk00017,22,0.1669368227729178,2.9540036423298544,9,Democracy
AD->AD,o_min,ols,m057523_o_min_ord13_rk00009,13,0.1668788423144592,2.873140679513133,8,Precipitation/droughts
AD->AD,o_min,ols,m060520_o_min_ord16_rk00006,16,0.1660963042262392,2.8584585933443494,8,Temperature
AD->AD,o_min,ols,m063517_o_min_ord19_rk00003,19,0.1620919886501508,2.8000446184790095,9,Democracy
AD->AD,o_min,ols,m058519_o_min_ord14_rk00005,14,0.1612962601318731,2.8423709931771084,8,Temperature
AD->AD,o_min,ols,m059531_o_min_ord15_rk00017,15,0.1575226356442803,2.8225797618424915,8,Temperature
AD->AD,o_min,ols,m047525_o_min_ord3_rk00011,3,0.1544784412388604,0.9182958340544896,2,Temperature
AD->AD,o_min,ols,m048520_o_min_ord4_rk00006,4,0.1538610662698222,1.5,3,Air Pollution
AD->AD,o_min,ols,m062531_o_min_ord18_rk00017,18,0.1536560860307034,2.9057645846554525,9,Temperature
AD->AD,o_min,ols,m057520_o_min_ord13_rk00006,13,0.1491286164629609,2.873140679513133,8,Precipitation/droughts
AD->AD,o_min,ols,m058525_o_min_ord14_rk00011,14,0.1478876905787624,2.8423709931771084,8,Temperature
AD->AD,o_min,ols,m058516_o_min_ord14_rk00002,14,0.1461186046796369,2.8423709931771084,8,Temperature
AD->AD,o_min,ols,m059520_o_min_ord15_rk00006,15,0.1453618375103373,2.8225797618424915,8,Temperature
AD->AD,o_min,ols,m059524_o_min_ord15_rk00010,15,0.144952105312521,2.8225797618424915,8,Temperature
AD->AD,o_min,ols,m048530_o_min_ord4_rk00016,4,0.1447192801598952,2.0,4,Air Pollution
AD->AD,o_min,ols,m048525_o_min_ord4_rk00011,4,0.1403810954251616,1.5,3,Air Pollution
AD->AD,o_min,ols,m057519_o_min_ord13_rk00005,13,0.1388447009060279,2.6612262562697895,7,Temperature
AD->AD,o_min,ols,m060523_o_min_ord16_rk00009,16,0.136177153932217,2.7806390622295662,8,Democracy
AD->AD,o_min,ols,m059519_o_min_ord15_rk00005,15,0.1357246364100923,2.8225797618424915,8,Temperature
AD->AD,o_min,ols,m051526_o_min_ord7_rk00012,7,0.1332730906912715,1.8423709931771086,4,Democracy
AD->AD,o_min,ols,m054515_o_min_ord10_rk00001,10,0.1316714246667268,2.7219280948873625,7,Air Pollution
AD->AD,o_min,ols,m048518_o_min_ord4_rk00004,4,0.1308627840861583,1.5,3,Air Pollution
AD->AD,o_min,ols,m059517_o_min_ord15_rk00003,15,0.1238371388160081,2.8225797618424915,8,Temperature
AD->AD,o_min,ols,m054521_o_min_ord10_rk00007,10,0.1231734307651493,2.4464393446710155,6,Temperature
AD->AD,o_min,ols,m068524_o_min_ord24_rk00010,24,0.120065804989588,2.907268229617389,9,Democracy
AD->AD,o_min,ols,m057522_o_min_ord13_rk00008,13,0.1183983390380736,2.6612262562697895,7,Temperature
AD->AD,o_min,ols,m049524_o_min_ord5_rk00010,5,0.1182886018016029,1.9219280948873623,4,Air Pollution
AD->AD,o_min,ols,m056518_o_min_ord12_rk00004,12,0.1181866479871291,2.584962500721156,7,Temperature
AD->AD,o_min,ols,m052527_o_min_ord8_rk00013,8,0.1167822928912288,2.25,5,Precipitation/droughts
AD->AD,o_min,ols,m054523_o_min_ord10_rk00009,10,0.1092397867556468,2.4464393446710155,6,Temperature
AD->AD,o_min,ols,m053516_o_min_ord9_rk00002,9,0.1078155138467381,2.725480556997868,7,Precipitation/droughts
AD->AD,o_min,ols,m058524_o_min_ord14_rk00010,14,0.1060268308529834,2.8423709931771084,8,Temperature
AD->AD,o_min,ols,m048534_o_min_ord4_rk00020,4,0.1053678256410308,1.5,3,Air Pollution
AD->AD,o_min,ols,m057530_o_min_ord13_rk00016,13,0.1014777382482302,2.7192945256669794,7,Temperature
AD->AD,o_min,ols,m066521_o_min_ord22_rk00007,22,0.1005425927122054,2.9317206879810787,9,Democracy
AD->AD,o_max,xgb_tree_d2,m018003_o_max_ord21_rk00004,21,0.1881576517386148,0.2761954276479391,2,Democracy
AD->AD,o_max,xgb_tree_d2,m011010_o_max_ord14_rk00011,14,0.1881490330023449,0.37123232664087563,2,Democracy
AD->AD,o_max,xgb_tree_d2,m014007_o_max_ord17_rk00008,17,0.1875271667456437,-0.0,1,Democracy
AD->AD,o_max,xgb_tree_d2,m016008_o_max_ord19_rk00009,19,0.1859191154525581,-0.0,1,Democracy
AD->AD,o_max,xgb_tree_d2,m010015_o_max_ord13_rk00016,13,0.1855958297296653,-0.0,1,Democracy
AD->AD,o_max,xgb_tree_d2,m002011_o_max_ord5_rk00012,5,0.1855577780156635,-0.0,1,Democracy
AD->AD,o_max,xgb_tree_d2,m009008_o_max_ord12_rk00009,12,0.1854938344123263,-0.0,1,Democracy
AD->AD,o_max,xgb_tree_d2,m019018_o_max_ord22_rk00019,22,0.1853060701480856,0.266764987803026,2,Democracy
AD->AD,o_max,xgb_tree_d2,m017012_o_max_ord20_rk00013,20,0.185272293283534,0.2863969571159562,2,Democracy
AD->AD,o_max,xgb_tree_d2,m016005_o_max_ord19_rk00006,19,0.1849180095810259,-0.0,1,Democracy
AD->AD,o_max,xgb_tree_d2,m014012_o_max_ord17_rk00013,17,0.184830268822676,-0.0,1,Democracy
AD->AD,o_max,xgb_tree_d2,m018017_o_max_ord21_rk00018,21,0.1841528061511871,0.2761954276479391,2,Democracy
AD->AD,o_max,xgb_tree_d2,m019009_o_max_ord22_rk00010,22,0.1840691731402545,0.5304060778306042,3,Democracy
AD->AD,o_max,xgb_tree_d2,m001013_o_max_ord4_rk00014,4,0.1837122510807728,-0.0,1,Democracy
AD->AD,o_max,xgb_tree_d2,m009006_o_max_ord12_rk00007,12,0.1834309347937984,-0.0,1,Democracy
AD->AD,o_max,xgb_tree_d2,m014005_o_max_ord17_rk00006,17,0.1830314358741984,0.3227569588973982,2,Democracy
AD->AD,o_max,xgb_tree_d2,m014003_o_max_ord17_rk00004,17,0.1828407289092953,-0.0,1,Democracy
AD->AD,o_max,xgb_tree_d2,m015008_o_max_ord18_rk00009,18,0.1828129137237399,-0.0,1,Democracy
AD->AD,o_max,xgb_tree_d2,m014014_o_max_ord17_rk00015,17,0.1827928283205919,0.3227569588973982,2,Democracy
AD->AD,o_max,xgb_tree_d2,m011012_o_max_ord14_rk00013,14,0.1827256230141235,-0.0,1,Democracy
AD->AD,o_max,xgb_tree_d2,m008011_o_max_ord11_rk00012,11,0.1820449517962059,-0.0,1,Democracy
AD->AD,o_max,xgb_tree_d2,m005019_o_max_ord8_rk00020,8,0.1819896657756118,-0.0,1,Democracy
AD->AD,o_max,xgb_tree_d2,m001009_o_max_ord4_rk00010,4,0.1819823900408869,-0.0,1,Democracy
AD->AD,o_max,xgb_tree_d2,m003009_o_max_ord6_rk00010,6,0.1819439318958918,-0.0,1,Democracy
AD->AD,o_max,xgb_tree_d2,m009010_o_max_ord12_rk00011,12,0.1818883570741852,-0.0,1,Democracy
AD->AD,o_max,xgb_tree_d2,m013009_o_max_ord16_rk00010,16,0.1817557948203341,0.3372900666170139,2,Democracy
AD->AD,o_max,xgb_tree_d2,m013011_o_max_ord16_rk00012,16,0.1817344507845583,-0.0,1,Democracy
AD->AD,o_max,xgb_tree_d2,m008013_o_max_ord11_rk00014,11,0.181691402090622,-0.0,1,Democracy
AD->AD,o_max,xgb_tree_d2,m011002_o_max_ord14_rk00003,14,0.1816216028405853,-0.0,1,Democracy
AD->AD,o_max,xgb_tree_d2,m002017_o_max_ord5_rk00018,5,0.1815857672563323,-0.0,1,Democracy
AD->AD,o_max,xgb_tree_d2,m011013_o_max_ord14_rk00014,14,0.1814753871829131,-0.0,1,Democracy
AD->AD,o_max,xgb_tree_d2,m016002_o_max_ord19_rk00003,19,0.1810481518253187,-0.0,1,Democracy
AD->AD,o_max,xgb_tree_d2,m019013_o_max_ord22_rk00014,22,0.1807538482361249,-0.0,1,Democracy
AD->AD,o_max,xgb_tree_d2,m020013_o_max_ord23_rk00014,23,0.1806711966432436,0.7653636126766978,4,Democracy
AD->AD,o_max,xgb_tree_d2,m013015_o_max_ord16_rk00016,16,0.1805337625222292,-0.0,1,Democracy
AD->AD,o_max,xgb_tree_d2,m005014_o_max_ord8_rk00015,8,0.1805107426447822,-0.0,1,Democracy
AD->AD,o_max,xgb_tree_d2,m017019_o_max_ord20_rk00020,20,0.1804567637949099,-0.0,1,Democracy
AD->AD,o_max,xgb_tree_d2,m009018_o_max_ord12_rk00019,12,0.1804460302757793,-0.0,1,Democracy
AD->AD,o_max,xgb_tree_d2,m016019_o_max_ord19_rk00020,19,0.1804187593285211,0.2974722489192896,2,Democracy
AD->AD,o_max,xgb_tree_d2,m011008_o_max_ord14_rk00009,14,0.1801975522965286,-0.0,1,Democracy
AD->AD,o_max,xgb_tree_d2,m011018_o_max_ord14_rk00019,14,0.1801394330652116,0.37123232664087563,2,Democracy
AD->AD,o_max,xgb_tree_d2,m012016_o_max_ord15_rk00017,15,0.1791858400465262,0.35335933502142136,2,Democracy
AD->AD,o_max,xgb_tree_d2,m006018_o_max_ord9_rk00019,9,0.1788264290048279,-0.0,1,Democracy
AD->AD,o_max,xgb_tree_d2,m015017_o_max_ord18_rk00018,18,0.1786021946026618,-0.0,1,Democracy
AD->AD,o_max,xgb_tree_d2,m016003_o_max_ord19_rk00004,19,0.1784448616067731,-0.0,1,Democracy
AD->AD,o_max,xgb_tree_d2,m021015_o_max_ord24_rk00016,24,0.1782608889447361,0.9833557549816875,5,Democracy
AD->AD,o_max,xgb_tree_d2,m016016_o_max_ord19_rk00017,19,0.1782182515612776,-0.0,1,Democracy
AD->AD,o_max,xgb_tree_d2,m023008_o_max_ord26_rk00009,26,0.1779809233627689,1.2884926890861643,5,Democracy
AD->AD,o_max,xgb_tree_d2,m019003_o_max_ord22_rk00004,22,0.1779648552716886,0.266764987803026,2,Democracy
AD->AD,o_max,xgb_tree_d2,m009000_o_max_ord12_rk00001,12,0.1779243395690861,-0.0,1,Democracy
AD->AD,o_max,xgb_tree_d2,m012013_o_max_ord15_rk00014,15,0.1778790189330585,0.35335933502142136,2,Democracy
AD->AD,o_max,xgb_tree_d2,m009003_o_max_ord12_rk00004,12,0.1778473767613775,-0.0,1,Democracy
AD->AD,o_max,xgb_tree_d2,m020019_o_max_ord23_rk00020,23,0.1778071980060326,0.4262286569981449,2,Democracy
AD->AD,o_max,xgb_tree_d2,m013000_o_max_ord16_rk00001,16,0.1777988336550952,-0.0,1,Democracy
AD->AD,o_max,xgb_tree_d2,m014001_o_max_ord17_rk00002,17,0.1777785838305446,-0.0,1,Democracy
AD->AD,o_max,xgb_tree_d2,m014009_o_max_ord17_rk00010,17,0.1776811720832729,-0.0,1,Democracy
AD->AD,o_max,xgb_tree_d2,m018018_o_max_ord21_rk00019,21,0.1776791125720055,-0.0,1,Democracy
AD->AD,o_max,xgb_tree_d2,m013002_o_max_ord16_rk00003,16,0.177564432056636,-0.0,1,Democracy
AD->AD,o_max,xgb_tree_d2,m015006_o_max_ord18_rk00007,18,0.1775628427106523,-0.0,1,Democracy
AD->AD,o_max,xgb_tree_d2,m015019_o_max_ord18_rk00020,18,0.1775304898603676,-0.0,1,Democracy
AD->AD,o_max,xgb_tree_d2,m012010_o_max_ord15_rk00011,15,0.1774892955540297,-0.0,1,Democracy
AD->AD,o_max,xgb_tree_d2,m002007_o_max_ord5_rk00008,5,0.1774502690537283,-0.0,1,Democracy
AD->AD,o_max,xgb_tree_d2,m018001_o_max_ord21_rk00002,21,0.1772135072771633,-0.0,1,Democracy
AD->AD,o_max,xgb_tree_d2,m018008_o_max_ord21_rk00009,21,0.1770946280067955,0.2761954276479391,2,Democracy
AD->AD,o_max,xgb_tree_d2,m016014_o_max_ord19_rk00015,19,0.1769214206885895,0.2974722489192896,2,Democracy
AD->AD,o_max,xgb_tree_d2,m019015_o_max_ord22_rk00016,22,0.176866733310515,0.266764987803026,2,Democracy
AD->AD,o_max,xgb_tree_d2,m015002_o_max_ord18_rk00003,18,0.1766578535607387,-0.0,1,Democracy
AD->AD,o_max,xgb_tree_d2,m017001_o_max_ord20_rk00002,20,0.1766392127189131,-0.0,1,Democracy
AD->AD,o_max,xgb_tree_d2,m019012_o_max_ord22_rk00013,22,0.176570763292578,0.266764987803026,2,Democracy
AD->AD,o_max,xgb_tree_d2,m010000_o_max_ord13_rk00001,13,0.1764928600519661,-0.0,1,Democracy
AD->AD,o_max,xgb_tree_d2,m006005_o_max_ord9_rk00006,9,0.176483201334566,-0.0,1,Democracy
AD->AD,o_max,xgb_tree_d2,m014011_o_max_ord17_rk00012,17,0.1764481566589263,-0.0,1,Democracy
AD->AD,o_max,xgb_tree_d2,m002008_o_max_ord5_rk00009,5,0.1762991384873835,-0.0,1,Democracy
AD->AD,o_max,xgb_tree_d2,m007017_o_max_ord10_rk00018,10,0.1762072352010019,-0.0,1,Democracy
AD->AD,o_max,xgb_tree_d2,m020009_o_max_ord23_rk00010,23,0.1761554884746942,0.4262286569981449,2,Democracy
AD->AD,o_max,xgb_tree_d2,m003007_o_max_ord6_rk00008,6,0.1760772766186552,-0.0,1,Democracy
AD->AD,o_max,xgb_tree_d2,m024012_o_max_ord27_rk00013,27,0.1759009472934347,1.1625336732554155,5,Democracy
AD->AD,o_max,xgb_tree_d2,m011009_o_max_ord14_rk00010,14,0.1758780135023766,-0.0,1,Democracy
AD->AD,o_max,xgb_tree_d2,m014013_o_max_ord17_rk00014,17,0.1757670856225206,-0.0,1,Democracy
AD->AD,o_max,xgb_tree_d2,m022019_o_max_ord25_rk00020,25,0.1755704011224571,1.2252357794710609,5,Democracy
AD->AD,o_max,xgb_tree_d2,m024011_o_max_ord27_rk00012,27,0.1755228629001157,0.824980257347893,3,Democracy
AD->AD,o_max,xgb_tree_d2,m020016_o_max_ord23_rk00017,23,0.1754992814711949,0.2580186686648155,2,Democracy
AD->AD,o_max,xgb_tree_d2,m018013_o_max_ord21_rk00014,21,0.1754947276966834,0.2761954276479391,2,Democracy
AD->AD,o_max,xgb_tree_d2,m013001_o_max_ord16_rk00002,16,0.1752327999002116,-0.0,1,Democracy
AD->AD,o_max,xgb_tree_d2,m014010_o_max_ord17_rk00011,17,0.1752185584254897,-0.0,1,Democracy
AD->AD,o_max,xgb_tree_d2,m021014_o_max_ord24_rk00015,24,0.1749951084137145,1.2593984370492772,5,Democracy
AD->AD,o_max,xgb_tree_d2,m003004_o_max_ord6_rk00005,6,0.1749779989867622,-0.0,1,Democracy
AD->AD,o_max,xgb_tree_d2,m008005_o_max_ord11_rk00006,11,0.1749289945469709,-0.0,1,Democracy
AD->AD,o_max,xgb_tree_d2,m012009_o_max_ord15_rk00010,15,0.1749271188208636,-0.0,1,Democracy
AD->AD,o_max,xgb_tree_d2,m023019_o_max_ord26_rk00020,26,0.1749065999106717,1.2884926890861643,5,Democracy
AD->AD,o_max,xgb_tree_d2,m014017_o_max_ord17_rk00018,17,0.1748163476490138,0.3227569588973982,2,Democracy
AD->AD,o_max,xgb_tree_d2,m022016_o_max_ord25_rk00017,25,0.1746919010564971,1.2252357794710609,5,Democracy
AD->AD,o_max,xgb_tree_d2,m007002_o_max_ord10_rk00003,10,0.1745921565330752,-0.0,1,Democracy
AD->AD,o_max,xgb_tree_d2,m025005_o_max_ord28_rk00006,28,0.1745459845887607,1.2274025692592483,5,Democracy
AD->AD,o_max,xgb_tree_d2,m025012_o_max_ord28_rk00013,28,0.174517267474578,1.2274025692592483,5,Democracy
AD->AD,o_max,xgb_tree_d2,m011000_o_max_ord14_rk00001,14,0.1744814379575764,-0.0,1,Democracy
AD->AD,o_max,xgb_tree_d2,m016001_o_max_ord19_rk00002,19,0.1744559771480703,-0.0,1,Democracy
AD->AD,o_max,xgb_tree_d2,m010016_o_max_ord13_rk00017,13,0.1744551000536496,-0.0,1,Democracy
AD->AD,o_max,xgb_tree_d2,m012002_o_max_ord15_rk00003,15,0.1744526816487208,-0.0,1,Democracy
AD->AD,o_max,xgb_tree_d2,m005018_o_max_ord8_rk00019,8,0.174370642600928,-0.0,1,Democracy
AD->AD,o_max,xgb_tree_d2,m007009_o_max_ord10_rk00010,10,0.1742863438276856,-0.0,1,Democracy
AD->AD,o_max,xgb_tree_d2,m019006_o_max_ord22_rk00007,22,0.1742544226948097,0.5304060778306042,3,Democracy
AD->AD,o_max,xgb_tree_d2,m012001_o_max_ord15_rk00002,15,0.1742464375637357,-0.0,1,Democracy
AD->AD,o_max,xgb_tree_d2,m017008_o_max_ord20_rk00009,20,0.1742072373331179,0.2863969571159562,2,Democracy
AD->AD,o_max,xgb_tree_d2,m003016_o_max_ord6_rk00017,6,0.1741752004988785,-0.0,1,Democracy
AD->AD,o_max,xgb_tree_d2,m016009_o_max_ord19_rk00010,19,0.174173259397822,-0.0,1,Democracy
AD->AD,o_max,xgb_tree_d2,m005007_o_max_ord8_rk00008,8,0.1740252366006198,-0.0,1,Democracy
AD->AD,o_max,xgb_tree_d2,m026016_o_max_ord29_rk00017,29,0.1739995415582403,0.9944663403237343,4,Democracy
AD->AD,o_max,xgb_tree_d2,m019007_o_max_ord22_rk00008,22,0.1739960373005872,0.266764987803026,2,Democracy
AD->AD,o_max,xgb_tree_d2,m014015_o_max_ord17_rk00016,17,0.1739887606450433,-0.0,1,Democracy
AD->AD,o_max,xgb_tree_d2,m015015_o_max_ord18_rk00016,18,0.1739126754305926,-0.0,1,Democracy
AD->AD,o_max,xgb_tree_d2,m020005_o_max_ord23_rk00006,23,0.1738920871545004,1.1545676820893709,4,Democracy
AD->AD,o_max,xgb_tree_d2,m019001_o_max_ord22_rk00002,22,0.1738862480236186,1.090652803252992,3,Democracy
AD->AD,o_max,xgb_tree_d2,m023009_o_max_ord26_rk00010,26,0.1737193107855921,1.075875645896709,5,Democracy
AD->AD,o_max,xgb_tree_d2,m014002_o_max_ord17_rk00003,17,0.173712298859184,-0.0,1,Democracy
AD->AD,o_max,xgb_tree_d2,m022018_o_max_ord25_rk00019,25,0.1737122138810978,0.6395563653739031,3,Democracy
AD->AD,o_max,xgb_tree_d2,m012007_o_max_ord15_rk00008,15,0.1736571552649232,-0.0,1,Democracy
AD->AD,o_max,xgb_tree_d2,m026012_o_max_ord29_rk00013,29,0.1736537680855328,1.1991018361613466,5,Democracy
AD->AD,o_max,xgb_tree_d2,m023014_o_max_ord26_rk00015,26,0.1735768787992568,1.1929993566060646,5,Democracy
AD->AD,o_max,xgb_tree_d2,m013007_o_max_ord16_rk00008,16,0.1735738497436387,0.3372900666170139,2,Democracy
AD->AD,o_max,xgb_tree_d2,m017014_o_max_ord20_rk00015,20,0.1735628149251027,-0.0,1,Democracy
AD->AD,o_max,xgb_tree_d2,m018014_o_max_ord21_rk00015,21,0.173492387299124,-0.0,1,Democracy
AD->AD,o_max,xgb_tree_d2,m004016_o_max_ord7_rk00017,7,0.1731541869504682,-0.0,1,Democracy
AD->AD,o_max,xgb_tree_d2,m012005_o_max_ord15_rk00006,15,0.1731095495748081,0.35335933502142136,2,Democracy
AD->AD,o_max,xgb_tree_d2,m015005_o_max_ord18_rk00006,18,0.1730643164012438,-0.0,1,Democracy
AD->AD,o_max,xgb_tree_d2,m018007_o_max_ord21_rk00008,21,0.1730071092205639,0.2761954276479391,2,Democracy
AD->AD,o_max,xgb_tree_d2,m014004_o_max_ord17_rk00005,17,0.172986425039139,-0.0,1,Democracy
AD->AD,o_max,xgb_tree_d2,m013012_o_max_ord16_rk00013,16,0.1729810139367132,-0.0,1,Democracy
AD->AD,o_max,xgb_tree_d2,m013006_o_max_ord16_rk00007,16,0.1728847023749405,-0.0,1,Democracy
AD->AD,o_max,xgb_tree_d2,m010006_o_max_ord13_rk00007,13,0.1727764495973077,-0.0,1,Democracy
AD->AD,o_max,xgb_tree_d2,m024004_o_max_ord27_rk00005,27,0.1727050955306217,1.042344321483692,4,Democracy
AD->AD,o_max,xgb_tree_d2,m027012_o_max_ord30_rk00013,30,0.1726015290665444,1.4989350663300531,6,Democracy
AD->AD,o_max,xgb_tree_d2,m004014_o_max_ord7_rk00015,7,0.1725344002621974,-0.0,1,Democracy
AD->AD,o_max,xgb_tree_d2,m023011_o_max_ord26_rk00012,26,0.1724903829314074,0.969918434275037,4,Democracy
AD->AD,o_max,xgb_tree_d2,m006014_o_max_ord9_rk00015,9,0.1724839360539487,-0.0,1,Democracy
AD->AD,o_max,xgb_tree_d2,m016017_o_max_ord19_rk00018,19,0.172475976074458,0.2974722489192896,2,Democracy
AD->AD,o_max,xgb_tree_d2,m013018_o_max_ord16_rk00019,16,0.1724246114498521,-0.0,1,Democracy
AD->AD,o_max,xgb_tree_d2,m006019_o_max_ord9_rk00020,9,0.1723624262947806,-0.0,1,Democracy
AD->AD,o_max,xgb_tree_d2,m017017_o_max_ord20_rk00018,20,0.1723612811480125,0.2863969571159562,2,Democracy
AD->AD,o_max,xgb_tree_d2,m011001_o_max_ord14_rk00002,14,0.1722956790184806,-0.0,1,Democracy
AD->AD,o_max,xgb_tree_d2,m010017_o_max_ord13_rk00018,13,0.1722847908009949,-0.0,1,Democracy
AD->AD,o_max,xgb_tree_d2,m002010_o_max_ord5_rk00011,5,0.1722380889248608,-0.0,1,Democracy
AD->AD,o_max,xgb_tree_d2,m010005_o_max_ord13_rk00006,13,0.1722284646746686,-0.0,1,Democracy
AD->AD,o_max,xgb_tree_d2,m019010_o_max_ord22_rk00011,22,0.1720916850608247,0.266764987803026,2,Democracy
AD->AD,o_max,xgb_tree_d2,m026003_o_max_ord29_rk00004,29,0.1720541795187231,1.1991018361613466,5,Democracy
AD->AD,o_max,xgb_tree_d2,m009019_o_max_ord12_rk00020,12,0.1720407830795022,-0.0,1,Democracy
AD->AD,o_max,xgb_tree_d2,m017009_o_max_ord20_rk00010,20,0.1719228006474469,0.2863969571159562,2,Democracy
AD->AD,o_max,xgb_tree_d2,m026019_o_max_ord29_rk00020,29,0.1718516863788228,1.3110022671212271,6,Democracy
AD->AD,o_max,xgb_tree_d2,m011019_o_max_ord14_rk00020,14,0.1718483744310157,-0.0,1,Democracy
AD->AD,o_max,xgb_tree_d2,m010003_o_max_ord13_rk00004,13,0.1718406511892728,-0.0,1,Democracy
AD->AD,o_max,xgb_tree_d2,m020012_o_max_ord23_rk00013,23,0.1718224403843133,0.5131851787372753,3,Democracy
AD->AD,o_max,xgb_tree_d2,m024014_o_max_ord27_rk00015,27,0.17170583679822,1.257162987432089,5,Democracy
AD->AD,o_max,xgb_tree_d2,m015014_o_max_ord18_rk00015,18,0.1716776510985049,0.3095434291503252,2,Democracy
AD->AD,o_max,xgb_tree_d2,m014019_o_max_ord17_rk00020,17,0.1716405048383391,0.3227569588973982,2,Democracy
AD->AD,o_max,xgb_tree_d2,m024010_o_max_ord27_rk00011,27,0.1716320481622585,0.9451696091196164,4,Democracy
AD->AD,o_max,xgb_tree_d2,m023012_o_max_ord26_rk00013,26,0.1715804213894799,1.1929993566060646,5,Democracy
AD->AD,o_max,xgb_tree_d2,m006011_o_max_ord9_rk00012,9,0.1713684836532115,-0.0,1,Democracy
AD->AD,o_max,xgb_tree_d2,m012000_o_max_ord15_rk00001,15,0.1713205421377899,-0.0,1,Democracy
AD->AD,o_max,xgb_tree_d2,m021009_o_max_ord24_rk00010,24,0.1712789017155632,1.0238995733215066,4,Democracy
AD->AD,o_max,xgb_tree_d2,m003018_o_max_ord6_rk00019,6,0.1711961727264341,-0.0,1,Democracy
AD->AD,o_max,xgb_tree_d2,m014018_o_max_ord17_rk00019,17,0.1711143081437276,-0.0,1,Democracy
AD->AD,o_max,xgb_tree_d2,m013013_o_max_ord16_rk00014,16,0.1710707189362155,-0.0,1,Democracy
AD->AD,o_max,xgb_tree_d2,m019002_o_max_ord22_rk00003,22,0.1710672165723902,0.266764987803026,2,Democracy
AD->AD,o_max,xgb_tree_d2,m023018_o_max_ord26_rk00019,26,0.1710304751322748,0.7441942138263227,3,Democracy
AD->AD,o_max,xgb_tree_d2,m009001_o_max_ord12_rk00002,12,0.1709721059959852,-0.0,1,Democracy
AD->AD,o_max,xgb_tree_d2,m025002_o_max_ord28_rk00003,28,0.1709245769522159,1.1336983823367468,5,Democracy
AD->AD,o_max,xgb_tree_d2,m023013_o_max_ord26_rk00014,26,0.1709210481428072,1.1929993566060646,5,Democracy
AD->AD,o_max,xgb_tree_d2,m021008_o_max_ord24_rk00009,24,0.1709196301577474,0.6583514224564075,3,Democracy
AD->AD,o_max,xgb_tree_d2,m026011_o_max_ord29_rk00012,29,0.1708943306299393,1.3110022671212271,6,Democracy
AD->AD,o_max,xgb_tree_d2,m023001_o_max_ord26_rk00002,26,0.1708150164016849,0.969918434275037,4,Democracy
AD->AD,o_max,xgb_tree_d2,m015010_o_max_ord18_rk00011,18,0.1707999975168674,-0.0,1,Democracy
AD->AD,o_max,xgb_tree_d2,m014016_o_max_ord17_rk00017,17,0.1707630488675408,-0.0,1,Democracy
AD->AD,o_max,xgb_tree_d2,m011016_o_max_ord14_rk00017,14,0.1707573486595992,-0.0,1,Democracy
AD->AD,o_max,xgb_tree_d2,m008002_o_max_ord11_rk00003,11,0.170742737723189,-0.0,1,Democracy
AD->AD,o_max,xgb_tree_d2,m010013_o_max_ord13_rk00014,13,0.1707092576954093,-0.0,1,Democracy
AD->AD,o_max,xgb_tree_d2,m026008_o_max_ord29_rk00009,29,0.1706724657058845,1.1991018361613466,5,Democracy
AD->AD,o_max,xgb_tree_d2,m024005_o_max_ord27_rk00006,27,0.170566254028838,0.9451696091196164,4,Democracy
AD->AD,o_max,xgb_tree_d2,m008004_o_max_ord11_rk00005,11,0.1705493264228937,-0.0,1,Democracy
AD->AD,o_max,xgb_tree_d2,m005004_o_max_ord8_rk00005,8,0.1704854172646466,-0.0,1,Democracy
AD->AD,o_max,xgb_tree_d2,m003017_o_max_ord6_rk00018,6,0.1704825395776967,-0.0,1,Democracy
AD->AD,o_max,xgb_tree_d2,m004008_o_max_ord7_rk00009,7,0.1704367617779917,-0.0,1,Democracy
AD->AD,o_max,xgb_tree_d2,m024007_o_max_ord27_rk00008,27,0.1703616497976773,1.257162987432089,5,Democracy
AD->AD,o_max,xgb_tree_d2,m025010_o_max_ord28_rk00011,28,0.1703459685369915,1.0178015074140134,4,Democracy
AD->AD,o_max,xgb_tree_d2,m023006_o_max_ord26_rk00007,26,0.1703186466156785,1.1929993566060646,5,Democracy
AD->AD,o_max,xgb_tree_d2,m016007_o_max_ord19_rk00008,19,0.1702882703607411,-0.0,1,Democracy
AD->AD,o_max,xgb_tree_d2,m016006_o_max_ord19_rk00007,19,0.1702431015083462,-0.0,1,Democracy
AD->AD,o_max,xgb_tree_d2,m001007_o_max_ord4_rk00008,4,0.1702220394709044,-0.0,1,Air Pollution
AD->AD,o_max,xgb_tree_d2,m015003_o_max_ord18_rk00004,18,0.1701509856405353,-0.0,1,Democracy
AD->AD,o_max,xgb_tree_d2,m024006_o_max_ord27_rk00007,27,0.1700754504629186,0.9451696091196164,4,Democracy
AD->AD,o_max,xgb_tree_d2,m024017_o_max_ord27_rk00018,27,0.170030621709734,1.042344321483692,4,Democracy
AD->AD,o_max,xgb_tree_d2,m010004_o_max_ord13_rk00005,13,0.1698978134355567,-0.0,1,Democracy
AD->AD,o_max,xgb_tree_d2,m001019_o_max_ord4_rk00020,4,0.169892590553511,-0.0,1,Air Pollution
AD->AD,o_max,xgb_tree_d2,m012008_o_max_ord15_rk00009,15,0.1698797173365304,-0.0,1,Democracy
AD->AD,o_max,xgb_tree_d2,m020007_o_max_ord23_rk00008,23,0.1698493450878658,1.0666152167384504,3,Democracy
AD->AD,o_max,xgb_tree_d2,m009013_o_max_ord12_rk00014,12,0.1697756868300403,-0.0,1,Democracy
AD->AD,o_max,xgb_tree_d2,m019016_o_max_ord22_rk00017,22,0.1696790718507298,0.266764987803026,2,Democracy
AD->AD,o_max,xgb_tree_d2,m010012_o_max_ord13_rk00013,13,0.1696649478141051,-0.0,1,Democracy
AD->AD,o_max,xgb_tree_d2,m015001_o_max_ord18_rk00002,18,0.1696597004689226,-0.0,1,Democracy
AD->AD,o_max,xgb_tree_d2,m011011_o_max_ord14_rk00012,14,0.1696091089789219,-0.0,1,Democracy
AD->AD,o_max,xgb_tree_d2,m010009_o_max_ord13_rk00010,13,0.169583801054333,-0.0,1,Democracy
AD->AD,o_max,xgb_tree_d2,m001001_o_max_ord4_rk00002,4,0.1695767738986315,-0.0,1,Democracy
AD->AD,o_max,xgb_tree_d2,m018002_o_max_ord21_rk00003,21,0.1695625313163179,0.2761954276479391,2,Democracy
AD->AD,o_max,xgb_tree_d2,m022010_o_max_ord25_rk00011,25,0.1694390343209404,1.2252357794710609,5,Democracy
AD->AD,o_max,xgb_tree_d2,m012006_o_max_ord15_rk00007,15,0.1694332643210249,-0.0,1,Democracy
AD->AD,o_max,xgb_tree_d2,m009014_o_max_ord12_rk00015,12,0.1693835415016646,-0.0,1,Democracy
AD->AD,o_max,xgb_tree_d2,m024003_o_max_ord27_rk00004,27,0.1693499548865616,1.257162987432089,5,Democracy
AD->AD,o_max,xgb_tree_d2,m019014_o_max_ord22_rk00015,22,0.1693076928113632,1.3315796225857794,4,Democracy
AD->AD,o_max,xgb_tree_d2,m006004_o_max_ord9_rk00005,9,0.1692696028733132,-0.0,1,Democracy
AD->AD,o_max,xgb_tree_d2,m006003_o_max_ord9_rk00004,9,0.1692643855975726,-0.0,1,Democracy
AD->AD,o_max,xgb_tree_d2,m012011_o_max_ord15_rk00012,15,0.1692294519971516,-0.0,1,Democracy
AD->AD,o_max,xgb_tree_d2,m001008_o_max_ord4_rk00009,4,0.1692034407049039,-0.0,1,Democracy
AD->AD,o_max,xgb_tree_d2,m019008_o_max_ord22_rk00009,22,0.1691933214045411,0.5304060778306042,3,Democracy
AD->AD,o_max,xgb_tree_d2,m020017_o_max_ord23_rk00018,23,0.1691674787286923,0.5131851787372753,3,Democracy
AD->AD,o_max,xgb_tree_d2,m011006_o_max_ord14_rk00007,14,0.1691126755344547,-0.0,1,Democracy
AD->AD,o_max,xgb_tree_d2,m026000_o_max_ord29_rk00001,29,0.1690955609226522,1.1991018361613466,5,Democracy
AD->AD,o_max,xgb_tree_d2,m014008_o_max_ord17_rk00009,17,0.1690823435748031,-0.0,1,Democracy
AD->AD,o_max,xgb_tree_d2,m006006_o_max_ord9_rk00007,9,0.1690622247415132,-0.0,1,Democracy
AD->AD,o_max,xgb_tree_d2,m023015_o_max_ord26_rk00016,26,0.1690611095843569,0.8501514254479945,4,Democracy
AD->AD,o_max,xgb_tree_d2,m016013_o_max_ord19_rk00014,19,0.169054845825284,-0.0,1,Democracy
AD->AD,o_max,xgb_tree_d2,m014006_o_max_ord17_rk00007,17,0.1690449087032346,-0.0,1,Democracy
AD->AD,o_max,xgb_tree_d2,m026007_o_max_ord29_rk00008,29,0.1690386876943342,1.1991018361613466,5,Democracy
AD->AD,o_max,xgb_tree_d2,m013004_o_max_ord16_rk00005,16,0.1690368163142777,-0.0,1,Democracy
AD->AD,o_max,xgb_tree_d2,m015007_o_max_ord18_rk00008,18,0.1689811482593416,-0.0,1,Democracy
AD->AD,o_max,xgb_tree_d2,m012014_o_max_ord15_rk00015,15,0.1689093633134462,-0.0,1,Democracy
AD->AD,o_max,xgb_tree_d2,m025014_o_max_ord28_rk00015,28,0.1689033494572551,1.3056334087653163,5,Democracy
AD->AD,o_max,xgb_tree_d2,m020018_o_max_ord23_rk00019,23,0.1688549699781265,0.8076702057269436,3,Democracy
AD->AD,o_max,xgb_tree_d2,m023002_o_max_ord26_rk00003,26,0.1688383399764147,1.0681873374585056,4,Democracy
AD->AD,o_max,xgb_tree_d2,m020006_o_max_ord23_rk00007,23,0.1688267359278346,0.5131851787372753,3,Democracy
AD->AD,o_max,xgb_tree_d2,m012004_o_max_ord15_rk00005,15,0.1688257443731792,-0.0,1,Democracy
AD->AD,o_max,xgb_tree_d2,m013016_o_max_ord16_rk00017,16,0.168807325555505,-0.0,1,Democracy
AD->AD,o_max,xgb_tree_d2,m005015_o_max_ord8_rk00016,8,0.1687619700179766,-0.0,1,Democracy
AD->AD,o_max,xgb_tree_d2,m021003_o_max_ord24_rk00004,24,0.1686698225781864,1.0238995733215066,4,Democracy
AD->AD,o_max,xgb_tree_d2,m022017_o_max_ord25_rk00018,25,0.1686161130007546,0.996118213778296,4,Democracy
AD->AD,o_max,xgb_tree_d2,m026015_o_max_ord29_rk00016,29,0.1685874807153768,1.2770049139968558,5,Democracy
AD->AD,o_max,xgb_tree_d2,m013005_o_max_ord16_rk00006,16,0.168579888234436,-0.0,1,Democracy
AD->AD,o_max,xgb_tree_d2,m001015_o_max_ord4_rk00016,4,0.1685749861225357,-0.0,1,Democracy
AD->AD,o_max,xgb_tree_d2,m025019_o_max_ord28_rk00020,28,0.1684929971568044,1.1336983823367468,5,Democracy
AD->AD,o_max,xgb_tree_d2,m011004_o_max_ord14_rk00005,14,0.1684907478482292,-0.0,1,Democracy
AD->AD,o_max,xgb_tree_d2,m025011_o_max_ord28_rk00012,28,0.1684858817940498,1.2274025692592483,5,Democracy
AD->AD,o_max,xgb_tree_d2,m021007_o_max_ord24_rk00008,24,0.1684685255678453,0.6583514224564075,3,Democracy
AD->AD,o_max,xgb_tree_d2,m019005_o_max_ord22_rk00006,22,0.168465498182165,-0.0,1,Democracy
AD->AD,o_max,xgb_tree_d2,m009011_o_max_ord12_rk00012,12,0.1684433007795125,-0.0,1,Democracy
AD->AD,o_max,xgb_tree_d2,m005006_o_max_ord8_rk00007,8,0.1684119358377617,-0.0,1,Democracy
AD->AD,o_max,xgb_tree_d2,m021012_o_max_ord24_rk00013,24,0.1684048701385497,0.5435644431995964,2,Democracy
AD->AD,o_max,xgb_tree_d2,m017006_o_max_ord20_rk00007,20,0.1683896710208428,0.2863969571159562,2,Democracy
AD->AD,o_max,xgb_tree_d2,m005012_o_max_ord8_rk00013,8,0.1683697449324428,-0.0,1,Democracy
AD->AD,o_max,xgb_tree_d2,m021002_o_max_ord24_rk00003,24,0.168173030965676,1.1241854163060885,4,Democracy
AD->AD,o_max,xgb_tree_d2,m009002_o_max_ord12_rk00003,12,0.1680109362981069,-0.0,1,Democracy
AD->AD,o_max,xgb_tree_d2,m012019_o_max_ord15_rk00020,15,0.1680039747353148,0.35335933502142136,2,Democracy
AD->AD,o_max,xgb_tree_d2,m016010_o_max_ord19_rk00011,19,0.1679921048242917,-0.0,1,Democracy
AD->AD,o_max,xgb_tree_d2,m015018_o_max_ord18_rk00019,18,0.1679665018807983,-0.0,1,Democracy
AD->AD,o_max,xgb_tree_d2,m008009_o_max_ord11_rk00010,11,0.1679547414039851,-0.0,1,Democracy
AD->AD,o_max,xgb_tree_d2,m020011_o_max_ord23_rk00012,23,0.1679342189274821,0.6784070909375675,3,Democracy
AD->AD,o_max,xgb_tree_d2,m024018_o_max_ord27_rk00019,27,0.1679080866934492,1.257162987432089,5,Democracy
AD->AD,o_max,xgb_tree_d2,m003010_o_max_ord6_rk00011,6,0.1678878590666516,-0.0,1,Democracy
AD->AD,o_max,xgb_tree_d2,m025004_o_max_ord28_rk00005,28,0.1678858206608217,1.2274025692592483,5,Democracy
AD->AD,o_max,xgb_tree_d2,m025003_o_max_ord28_rk00004,28,0.1678342453722031,1.2274025692592483,5,Democracy
AD->AD,o_max,xgb_tree_d2,m023005_o_max_ord26_rk00006,26,0.1678299238353432,1.0681873374585056,4,Democracy
AD->AD,o_max,xgb_tree_d2,m011015_o_max_ord14_rk00016,14,0.1677922952004678,-0.0,1,Democracy
AD->AD,o_max,xgb_tree_d2,m026006_o_max_ord29_rk00007,29,0.1677624246079547,1.3110022671212271,6,Democracy
AD->AD,o_max,xgb_tree_d2,m023007_o_max_ord26_rk00008,26,0.16774525268663,0.969918434275037,4,Democracy
AD->AD,o_max,xgb_tree_d2,m005003_o_max_ord8_rk00004,8,0.1676241996552404,-0.0,1,Democracy
AD->AD,o_max,xgb_tree_d2,m007007_o_max_ord10_rk00008,10,0.1675393823377775,-0.0,1,Democracy
AD->AD,o_max,xgb_tree_d2,m016015_o_max_ord19_rk00016,19,0.1675308505731444,-0.0,1,Democracy
AD->AD,o_max,xgb_tree_d2,m000000_o_max_ord3_rk00001,3,0.1675279977134941,-0.0,1,Democracy
AD->AD,o_max,xgb_tree_d2,m026004_o_max_ord29_rk00005,29,0.1675040549105723,1.2770049139968558,5,Democracy
AD->AD,o_max,xgb_tree_d2,m008001_o_max_ord11_rk00002,11,0.1673722731906155,-0.0,1,Democracy
AD->AD,o_max,xgb_tree_d2,m005017_o_max_ord8_rk00018,8,0.1673040384163804,-0.0,1,Democracy
AD->AD,o_max,xgb_tree_d2,m023017_o_max_ord26_rk00018,26,0.1671779602879352,0.7441942138263227,3,Democracy
AD->AD,o_max,xgb_tree_d2,m024002_o_max_ord27_rk00003,27,0.1671458187192125,1.042344321483692,4,Democracy
AD->AD,o_max,xgb_tree_d2,m026002_o_max_ord29_rk00003,29,0.1670994793823244,1.1991018361613466,5,Democracy
AD->AD,o_max,xgb_tree_d2,m006015_o_max_ord9_rk00016,9,0.1670676539401692,-0.0,1,Democracy
AD->AD,o_max,xgb_tree_d2,m024019_o_max_ord27_rk00020,27,0.1668591834550103,0.908653933541588,3,Democracy
AD->AD,o_max,xgb_tree_d2,m010014_o_max_ord13_rk00015,13,0.1668230592818018,-0.0,1,Democracy
AD->AD,o_max,xgb_tree_d2,m007018_o_max_ord10_rk00019,10,0.1668188788551121,-0.0,1,Democracy
AD->AD,o_max,xgb_tree_d2,m011003_o_max_ord14_rk00004,14,0.1668074348639343,-0.0,1,Democracy
AD->AD,o_max,xgb_tree_d2,m007006_o_max_ord10_rk00007,10,0.1667713990695769,-0.0,1,Democracy
AD->AD,o_max,xgb_tree_d2,m015009_o_max_ord18_rk00010,18,0.1667470871200745,-0.0,1,Democracy
AD->AD,o_max,xgb_tree_d2,m018009_o_max_ord21_rk00010,21,0.1667252198907873,0.2761954276479391,2,Democracy
AD->AD,o_max,xgb_tree_d2,m005002_o_max_ord8_rk00003,8,0.1667090134078996,-0.0,1,Democracy
AD->AD,o_max,xgb_tree_d2,m023004_o_max_ord26_rk00005,26,0.1666344279185033,0.969918434275037,4,Democracy
AD->AD,o_max,xgb_tree_d2,m021017_o_max_ord24_rk00018,24,0.1666082279552403,1.3563429881688323,5,Democracy
AD->AD,o_max,xgb_tree_d2,m025016_o_max_ord28_rk00017,28,0.1665403729595642,0.9217544759335055,4,Democracy
AD->AD,o_max,xgb_tree_d2,m015012_o_max_ord18_rk00013,18,0.1664108044053293,-0.0,1,Democracy
AD->AD,o_max,xgb_tree_d2,m021013_o_max_ord24_rk00014,24,0.1662049421452113,0.785235442391543,3,Democracy
AD->AD,o_max,xgb_tree_d2,m012018_o_max_ord15_rk00019,15,0.1661849925601088,-0.0,1,Democracy
AD->AD,o_max,xgb_tree_d2,m001011_o_max_ord4_rk00012,4,0.1661641101126142,-0.0,1,Democracy
AD->AD,o_max,xgb_tree_d2,m002001_o_max_ord5_rk00002,5,0.1660931053034299,-0.0,1,Democracy
AD->AD,o_max,xgb_tree_d2,m017005_o_max_ord20_rk00006,20,0.1659862339347648,-0.0,1,Democracy
AD->AD,o_max,xgb_tree_d2,m020000_o_max_ord23_rk00001,23,0.1659528703617327,0.828055725379504,2,Democracy
AD->AD,o_max,xgb_tree_d2,m021011_o_max_ord24_rk00012,24,0.1659523815009344,0.7416847557897409,4,Democracy
AD->AD,o_max,xgb_tree_d2,m022013_o_max_ord25_rk00014,25,0.1658503350644145,0.996118213778296,4,Democracy
AD->AD,o_max,xgb_tree_d2,m009005_o_max_ord12_rk00006,12,0.1658246798250146,-0.0,1,Democracy
AD->AD,o_max,xgb_tree_d2,m015013_o_max_ord18_rk00014,18,0.1657932493253598,0.3095434291503252,2,Democracy
AD->AD,o_max,xgb_tree_d2,m007014_o_max_ord10_rk00015,10,0.1657645076532778,0.4689955935892812,2,Democracy
AD->AD,o_max,xgb_tree_d2,m009016_o_max_ord12_rk00017,12,0.1656802609737379,-0.0,1,Democracy
AD->AD,o_max,xgb_tree_d2,m017015_o_max_ord20_rk00016,20,0.16562566492867,0.5689955935892812,3,Democracy
AD->AD,o_max,xgb_tree_d2,m009017_o_max_ord12_rk00018,12,0.1655589662311576,-0.0,1,Democracy
AD->AD,o_max,xgb_tree_d2,m004015_o_max_ord7_rk00016,7,0.1655257661173236,-0.0,1,Democracy
AD->AD,o_max,xgb_tree_d2,m013008_o_max_ord16_rk00009,16,0.1654567490239232,-0.0,1,Democracy
AD->AD,o_max,xgb_tree_d2,m025001_o_max_ord28_rk00002,28,0.1654473657391452,1.2274025692592483,5,Democracy
AD->AD,o_max,xgb_tree_d2,m022006_o_max_ord25_rk00007,25,0.1654186147064504,0.8663137138648347,3,Democracy
AD->AD,o_max,xgb_tree_d2,m002006_o_max_ord5_rk00007,5,0.1652773825248226,-0.0,1,Democracy
AD->AD,o_max,xgb_tree_d2,m024013_o_max_ord27_rk00014,27,0.1652651292654628,1.1625336732554155,5,Democracy
AD->AD,o_max,xgb_tree_d2,m025017_o_max_ord28_rk00018,28,0.165153412923924,1.2274025692592483,5,Democracy
AD->AD,o_max,xgb_tree_d2,m025007_o_max_ord28_rk00008,28,0.1650818496377544,1.1336983823367468,5,Democracy
AD->AD,o_max,xgb_tree_d2,m023016_o_max_ord26_rk00017,26,0.1650734576584255,0.969918434275037,4,Democracy
AD->AD,o_max,xgb_tree_d2,m020010_o_max_ord23_rk00011,23,0.1650510808328228,0.5131851787372753,3,Democracy
AD->AD,o_max,xgb_tree_d2,m020015_o_max_ord23_rk00016,23,0.1650474929675992,1.0534081504863568,4,Democracy
AD->AD,o_max,xgb_tree_d2,m006013_o_max_ord9_rk00014,9,0.1650117801463924,-0.0,1,Democracy
AD->AD,o_max,xgb_tree_d2,m005005_o_max_ord8_rk00006,8,0.1649789862447374,-0.0,1,Democracy
AD->AD,o_max,xgb_tree_d2,m027011_o_max_ord30_rk00012,30,0.1649277663659679,1.3699740752745007,6,Democracy
AD->AD,o_max,xgb_tree_d2,m001003_o_max_ord4_rk00004,4,0.1649139055304237,-0.0,1,Democracy
AD->AD,o_max,xgb_tree_d2,m022008_o_max_ord25_rk00009,25,0.1649071312447398,0.7641140545540274,3,Democracy
AD->AD,o_max,xgb_tree_d2,m027004_o_max_ord30_rk00005,30,0.1648867969886863,1.1721597626314755,5,Democracy
AD->AD,o_max,xgb_tree_d2,m007000_o_max_ord10_rk00001,10,0.1647633442557599,-0.0,1,Democracy
AD->AD,o_max,xgb_tree_d2,m011014_o_max_ord14_rk00015,14,0.1647307073996706,0.37123232664087563,2,Democracy
AD->AD,o_max,xgb_tree_d2,m004007_o_max_ord7_rk00008,7,0.1646595770754729,-0.0,1,Democracy
AD->AD,o_max,xgb_tree_d2,m023000_o_max_ord26_rk00001,26,0.1645010337311833,0.7793498372920851,2,Democracy
AD->AD,o_max,xgb_tree_d2,m010018_o_max_ord13_rk00019,13,0.164358914679613,-0.0,1,Democracy
AD->AD,o_max,xgb_tree_d2,m012003_o_max_ord15_rk00004,15,0.1642244351703085,-0.0,1,Democracy
AD->AD,o_max,xgb_tree_d2,m015016_o_max_ord18_rk00017,18,0.1642139046865496,0.3095434291503252,2,Democracy
AD->AD,o_max,xgb_tree_d2,m019011_o_max_ord22_rk00012,22,0.1641953599042086,0.266764987803026,2,Democracy
AD->AD,o_max,xgb_tree_d2,m021005_o_max_ord24_rk00006,24,0.1641730360620489,0.6583514224564075,3,Democracy
AD->AD,o_max,xgb_tree_d2,m005013_o_max_ord8_rk00014,8,0.1641709149864534,-0.0,1,Democracy
AD->AD,o_max,xgb_tree_d2,m026017_o_max_ord29_rk00018,29,0.1641257561353699,1.1425175164144374,4,Democracy
AD->AD,o_max,xgb_tree_d2,m009007_o_max_ord12_rk00008,12,0.1640970777713152,-0.0,1,Democracy
AD->AD,o_max,xgb_tree_d2,m012015_o_max_ord15_rk00016,15,0.1640838097372087,-0.0,1,Democracy
AD->AD,o_max,xgb_tree_d2,m024001_o_max_ord27_rk00002,27,0.1640440642286188,1.1625336732554155,5,Democracy
AD->AD,o_max,xgb_tree_d2,m003005_o_max_ord6_rk00006,6,0.1640290074926355,-0.0,1,Democracy
AD->AD,o_max,xgb_tree_d2,m016004_o_max_ord19_rk00005,19,0.1640009997648146,0.2974722489192896,2,Democracy
AD->AD,o_max,xgb_tree_d2,m013017_o_max_ord16_rk00018,16,0.1639923045303162,0.3372900666170139,2,Democracy
AD->AD,o_max,xgb_tree_d2,m020014_o_max_ord23_rk00015,23,0.163934139451695,0.8076702057269436,3,Democracy
AD->AD,o_max,xgb_tree_d2,m025013_o_max_ord28_rk00014,28,0.1639030629084865,1.2274025692592483,5,Democracy
AD->AD,o_max,xgb_tree_d2,m010001_o_max_ord13_rk00002,13,0.1638911833350665,-0.0,1,Democracy
AD->AD,o_max,xgb_tree_d2,m018019_o_max_ord21_rk00020,21,0.1638468958854894,0.2761954276479391,2,Democracy
AD->AD,o_max,xgb_tree_d2,m022002_o_max_ord25_rk00003,25,0.1638415679580305,0.7950402793845223,2,Democracy
AD->AD,o_max,xgb_tree_d2,m025008_o_max_ord28_rk00009,28,0.1638292863196343,1.3432994441819814,6,Democracy
AD->AD,o_max,xgb_tree_d2,m019000_o_max_ord22_rk00001,22,0.1637717101159834,0.8453509366224364,2,Democracy
AD->AD,o_max,xgb_tree_d2,m001014_o_max_ord4_rk00015,4,0.1637332247317583,-0.0,1,Democracy
AD->AD,o_max,xgb_tree_d2,m006002_o_max_ord9_rk00003,9,0.1636884580397396,-0.0,1,Democracy
AD->AD,o_max,xgb_tree_d2,m025015_o_max_ord28_rk00016,28,0.1636141250704265,1.0984868380293622,4,Democracy
AD->AD,o_max,xgb_tree_d2,m022003_o_max_ord25_rk00004,25,0.1636137287246261,0.8743095546405661,4,Democracy
AD->AD,o_max,xgb_tree_d2,m026010_o_max_ord29_rk00011,29,0.1635955134727915,0.9944663403237343,4,Democracy
AD->AD,o_max,xgb_tree_d2,m001012_o_max_ord4_rk00013,4,0.1635879618794574,-0.0,1,Democracy
AD->AD,o_max,xgb_tree_d2,m017007_o_max_ord20_rk00008,20,0.1635138948063949,0.2863969571159562,2,Democracy
AD->AD,o_max,xgb_tree_d2,m024016_o_max_ord27_rk00017,27,0.1634492022713557,1.1625336732554155,5,Democracy
AD->AD,o_max,xgb_tree_d2,m022014_o_max_ord25_rk00015,25,0.1634391724807756,1.106313713864835,5,Democracy
AD->AD,o_max,xgb_tree_d2,m017002_o_max_ord20_rk00003,20,0.1632784291797612,-0.0,1,Democracy
AD->AD,o_max,xgb_tree_d2,m008015_o_max_ord11_rk00016,11,0.1631771453917248,-0.0,1,Democracy
AD->AD,o_max,xgb_tree_d2,m021018_o_max_ord24_rk00019,24,0.1630676384816785,1.0238995733215066,4,Democracy
AD->AD,o_max,xgb_tree_d2,m015004_o_max_ord18_rk00005,18,0.1628911714651352,0.3095434291503252,2,Democracy
AD->AD,o_max,xgb_tree_d2,m027014_o_max_ord30_rk00015,30,0.162861164465743,1.1721597626314755,5,Democracy
AD->AD,o_max,xgb_tree_d2,m020003_o_max_ord23_rk00004,23,0.1627858303503915,0.9123163027543336,3,Democracy
AD->AD,o_max,xgb_tree_d2,m016012_o_max_ord19_rk00013,19,0.1626024117739932,0.2974722489192896,2,Democracy
AD->AD,o_max,xgb_tree_d2,m007005_o_max_ord10_rk00006,10,0.1625766863356899,-0.0,1,Democracy
AD->AD,o_max,xgb_tree_d2,m006008_o_max_ord9_rk00009,9,0.1625409567432062,-0.0,1,Democracy
AD->AD,o_max,xgb_tree_d2,m010008_o_max_ord13_rk00009,13,0.1625363474971703,-0.0,1,Democracy
AD->AD,o_max,xgb_tree_d2,m024015_o_max_ord27_rk00016,27,0.1625252173517983,0.824980257347893,3,Democracy
AD->AD,o_max,xgb_tree_d2,m018010_o_max_ord21_rk00011,21,0.1624788970327093,-0.0,1,Democracy
AD->AD,o_max,xgb_tree_d2,m004003_o_max_ord7_rk00004,7,0.16239221661389,-0.0,1,Democracy
AD->AD,o_max,xgb_tree_d2,m002013_o_max_ord5_rk00014,5,0.1623581690802235,-0.0,1,Democracy
AD->AD,o_max,xgb_tree_d2,m020001_o_max_ord23_rk00002,23,0.1623195526980264,0.9123163027543336,3,Democracy
AD->AD,o_max,xgb_tree_d2,m021000_o_max_ord24_rk00001,24,0.1622386030648056,0.8112781244591328,2,Democracy
AD->AD,o_max,xgb_tree_d2,m022015_o_max_ord25_rk00016,25,0.1621598057978019,0.996118213778296,4,Democracy
AD->AD,o_max,xgb_tree_d2,m016018_o_max_ord19_rk00019,19,0.1620939088172581,0.2974722489192896,2,Democracy
AD->AD,o_max,xgb_tree_d2,m019004_o_max_ord22_rk00005,22,0.1620657317963219,1.090652803252992,3,Democracy
AD->AD,o_max,xgb_tree_d2,m027003_o_max_ord30_rk00004,30,0.1619730579109158,1.1721597626314755,5,Democracy
AD->AD,o_max,xgb_tree_d2,m004009_o_max_ord7_rk00010,7,0.1619504053387055,-0.0,1,Democracy
AD->AD,o_max,xgb_tree_d2,m021001_o_max_ord24_rk00002,24,0.1619320773789596,0.8886865525783176,3,Democracy
AD->AD,o_max,xgb_tree_d2,m025009_o_max_ord28_rk00010,28,0.1619268667856485,1.0178015074140134,4,Democracy
AD->AD,o_max,xgb_tree_d2,m023003_o_max_ord26_rk00004,26,0.1618971130515754,0.8451064151274781,3,Democracy
AD->AD,o_max,xgb_tree_d2,m006001_o_max_ord9_rk00002,9,0.1618726074626416,-0.0,1,Democracy
AD->AD,o_max,xgb_tree_d2,m027013_o_max_ord30_rk00014,30,0.1618593450649096,1.3699740752745007,6,Democracy
AD->AD,o_max,xgb_tree_d2,m006017_o_max_ord9_rk00018,9,0.1618357289996801,-0.0,1,Democracy
AD->AD,o_max,xgb_tree_d2,m022009_o_max_ord25_rk00010,25,0.1618148427820879,0.6343095546405662,2,Democracy
AD->AD,o_max,xgb_tree_d2,m026018_o_max_ord29_rk00019,29,0.1617758270255904,1.1425175164144374,4,Democracy
AD->AD,o_max,xgb_tree_d2,m008018_o_max_ord11_rk00019,11,0.161722154884223,-0.0,1,Democracy
AD->AD,o_max,xgb_tree_d2,m013010_o_max_ord16_rk00011,16,0.1615982218072096,-0.0,1,Democracy
AD->AD,o_max,xgb_tree_d2,m008016_o_max_ord11_rk00017,11,0.1614300370948481,-0.0,1,Democracy
AD->AD,o_max,xgb_tree_d2,m021016_o_max_ord24_rk00017,24,0.1613957496302002,0.6583514224564075,3,Democracy
AD->AD,o_max,xgb_tree_d2,m022011_o_max_ord25_rk00012,25,0.161247853717624,0.7641140545540274,3,Democracy
AD->AD,o_max,xgb_tree_d2,m027005_o_max_ord30_rk00006,30,0.1612377784192562,1.2803301792260264,6,Democracy
AD->AD,o_max,xgb_tree_d2,m011007_o_max_ord14_rk00008,14,0.1611824974667094,-0.0,1,Democracy
AD->AD,o_max,xgb_tree_d2,m017003_o_max_ord20_rk00004,20,0.1611712319513523,0.2863969571159562,2,Democracy
AD->AD,o_max,xgb_tree_d2,m023010_o_max_ord26_rk00011,26,0.1611418996063375,0.8451064151274781,3,Democracy
AD->AD,o_max,xgb_tree_d2,m000017_o_max_ord3_rk00018,3,0.1610844959118266,-0.0,1,Democracy
AD->AD,o_max,xgb_tree_d2,m013014_o_max_ord16_rk00015,16,0.1609939860967247,0.3372900666170139,2,Democracy
AD->AD,o_max,xgb_tree_d2,m008000_o_max_ord11_rk00001,11,0.1609451184903603,-0.0,1,Democracy
AD->AD,o_max,xgb_tree_d2,m010002_o_max_ord13_rk00003,13,0.1609254251153906,-0.0,1,Democracy
AD->AD,o_max,xgb_tree_d2,m003008_o_max_ord6_rk00009,6,0.1608718528629443,-0.0,1,Democracy
AD->AD,o_max,xgb_tree_d2,m006009_o_max_ord9_rk00010,9,0.1608211935621045,-0.0,1,Democracy
AD->AD,o_max,xgb_tree_d2,m004005_o_max_ord7_rk00006,7,0.1608185197390585,-0.0,1,Democracy
AD->AD,o_max,xgb_tree_d2,m001010_o_max_ord4_rk00011,4,0.1606965811776736,-0.0,1,Democracy
AD->AD,o_max,xgb_tree_d2,m026009_o_max_ord29_rk00010,29,0.160696098657584,1.401475275184332,6,Democracy
AD->AD,o_max,xgb_tree_d2,m006000_o_max_ord9_rk00001,9,0.1605957655782981,-0.0,1,Democracy
AD->AD,o_max,xgb_tree_d2,m024009_o_max_ord27_rk00010,27,0.1605871141998611,1.042344321483692,4,Democracy
AD->AD,o_max,xgb_tree_d2,m012017_o_max_ord15_rk00018,15,0.160565613590026,-0.0,1,Democracy
AD->AD,o_max,xgb_tree_d2,m019019_o_max_ord22_rk00020,22,0.1605498598713084,0.266764987803026,2,Democracy
AD->AD,o_max,xgb_tree_d2,m008008_o_max_ord11_rk00009,11,0.1604737620963836,-0.0,1,Democracy
AD->AD,o_max,xgb_tree_d2,m003003_o_max_ord6_rk00004,6,0.160472054102401,-0.0,1,Democracy
AD->AD,o_max,xgb_tree_d2,m015011_o_max_ord18_rk00012,18,0.1604202939319228,0.3095434291503252,2,Democracy
AD->AD,o_max,xgb_tree_d2,m011005_o_max_ord14_rk00006,14,0.1604121677851153,-0.0,1,Democracy
AD->AD,o_max,xgb_tree_d2,m022000_o_max_ord25_rk00001,25,0.1602028808653689,1.0954312795575998,4,Democracy
AD->AD,o_max,xgb_tree_d2,m012012_o_max_ord15_rk00013,15,0.1598903498866645,-0.0,1,Democracy
AD->AD,o_max,xgb_tree_d2,m006012_o_max_ord9_rk00013,9,0.1598808825217508,-0.0,1,Democracy
AD->AD,o_max,xgb_tree_d2,m010007_o_max_ord13_rk00008,13,0.1597851892721994,-0.0,1,Democracy
AD->AD,o_max,xgb_tree_d2,m016011_o_max_ord19_rk00012,19,0.1596099918227008,0.2974722489192896,2,Democracy
AD->AD,o_max,xgb_tree_d2,m007012_o_max_ord10_rk00013,10,0.1593892909715877,-0.0,1,Democracy
AD->AD,o_max,xgb_tree_d2,m022007_o_max_ord25_rk00008,25,0.1593411292662222,0.8743095546405661,4,Democracy
AD->AD,o_max,xgb_tree_d2,m021010_o_max_ord24_rk00011,24,0.1593299011490397,1.0434356963218767,3,Democracy
AD->AD,o_max,xgb_tree_d2,m027009_o_max_ord30_rk00010,30,0.1593289013579354,1.2496527261266068,5,Democracy
AD->AD,o_max,xgb_tree_d2,m008019_o_max_ord11_rk00020,11,0.1593212696410539,-0.0,1,Democracy
AD->AD,o_max,xgb_tree_d2,m008012_o_max_ord11_rk00013,11,0.1593001586983283,-0.0,1,Democracy
AD->AD,o_max,xgb_tree_d2,m024008_o_max_ord27_rk00009,27,0.159180869227119,1.042344321483692,4,Democracy
AD->AD,o_max,xgb_tree_d2,m008003_o_max_ord11_rk00004,11,0.1591420009439181,-0.0,1,Democracy
AD->AD,o_max,xgb_tree_d2,m025006_o_max_ord28_rk00007,28,0.1590761992046432,1.0178015074140134,4,Democracy
AD->AD,o_max,xgb_tree_d2,m010011_o_max_ord13_rk00012,13,0.1590601968869357,-0.0,1,Democracy
AD->AD,o_max,xgb_tree_d2,m018005_o_max_ord21_rk00006,21,0.159021729657375,-0.0,1,Democracy
AD->AD,o_max,xgb_tree_d2,m018016_o_max_ord21_rk00017,21,0.158892080704853,0.5489544344250401,3,Democracy
AD->AD,o_max,xgb_tree_d2,m008014_o_max_ord11_rk00015,11,0.1588003400461405,-0.0,1,Democracy
AD->AD,o_max,xgb_tree_d2,m001006_o_max_ord4_rk00007,4,0.1587719637782353,-0.0,1,Democracy
AD->AD,o_max,xgb_tree_d2,m027015_o_max_ord30_rk00016,30,0.1586135943639066,1.1721597626314755,5,Democracy
AD->AD,o_max,xgb_tree_d2,m025000_o_max_ord28_rk00001,28,0.158584974371704,0.9591963191047147,3,Democracy
AD->AD,o_max,xgb_tree_d2,m026014_o_max_ord29_rk00015,29,0.1584873402848552,0.9944663403237343,4,Democracy
AD->AD,o_max,xgb_tree_d2,m003015_o_max_ord6_rk00016,6,0.1583334971580936,-0.0,1,Democracy
AD->AD,o_max,xgb_tree_d2,m025018_o_max_ord28_rk00019,28,0.1582811402918414,0.9591963191047147,3,Democracy
AD->AD,o_max,xgb_tree_d2,m022004_o_max_ord25_rk00005,25,0.1582791057267623,0.8663137138648347,3,Democracy
AD->AD,o_max,xgb_tree_d2,m002015_o_max_ord5_rk00016,5,0.1582477133632095,-0.0,1,Democracy
AD->AD,o_max,xgb_tree_d2,m009004_o_max_ord12_rk00005,12,0.1581659852422243,-0.0,1,Democracy
AD->AD,o_max,xgb_tree_d2,m004017_o_max_ord7_rk00018,7,0.1581364389493033,-0.0,1,Democracy
AD->AD,o_max,xgb_tree_d2,m017013_o_max_ord20_rk00014,20,0.1580967022457982,0.2863969571159562,2,Democracy
AD->AD,o_max,xgb_tree_d2,m017004_o_max_ord20_rk00005,20,0.1578283373302854,-0.0,1,Democracy
AD->AD,o_max,xgb_tree_d2,m001004_o_max_ord4_rk00005,4,0.157799814347082,-0.0,1,Democracy
AD->AD,o_max,xgb_tree_d2,m001002_o_max_ord4_rk00003,4,0.1575600394491219,-0.0,1,Democracy
AD->AD,o_max,xgb_tree_d2,m011017_o_max_ord14_rk00018,14,0.1575379356999212,-0.0,1,Democracy
AD->AD,o_max,xgb_tree_d2,m001018_o_max_ord4_rk00019,4,0.1575125608544819,-0.0,1,Democracy
AD->AD,o_max,xgb_tree_d2,m027002_o_max_ord30_rk00003,30,0.1574878531037526,1.2496527261266068,5,Democracy
AD->AD,o_max,xgb_tree_d2,m027006_o_max_ord30_rk00007,30,0.1574769868481252,1.3699740752745007,6,Democracy
AD->AD,o_max,xgb_tree_d2,m018004_o_max_ord21_rk00005,21,0.1573500694651824,1.115520093581932,3,Democracy
AD->AD,o_max,xgb_tree_d2,m009009_o_max_ord12_rk00010,12,0.1571508757919617,-0.0,1,Democracy
AD->AD,o_max,xgb_tree_d2,m010010_o_max_ord13_rk00011,13,0.1571466214803649,-0.0,1,Democracy
AD->AD,o_max,xgb_tree_d2,m001000_o_max_ord4_rk00001,4,0.1571381330452087,-0.0,1,Democracy
AD->AD,o_max,xgb_tree_d2,m006016_o_max_ord9_rk00017,9,0.1569656629385335,-0.0,1,Democracy
AD->AD,o_max,xgb_tree_d2,m007001_o_max_ord10_rk00002,10,0.1568286421676628,-0.0,1,Democracy
AD->AD,o_max,xgb_tree_d2,m002018_o_max_ord5_rk00019,5,0.156778840272551,-0.0,1,Democracy
AD->AD,o_max,xgb_tree_d2,m010019_o_max_ord13_rk00020,13,0.1566985128075728,-0.0,1,Democracy
AD->AD,o_max,xgb_tree_d2,m004002_o_max_ord7_rk00003,7,0.1566540938009889,-0.0,1,Democracy
AD->AD,o_max,xgb_tree_d2,m013019_o_max_ord16_rk00020,16,0.1566056001794372,-0.0,1,Democracy
AD->AD,o_max,xgb_tree_d2,m008010_o_max_ord11_rk00011,11,0.1565848381387261,-0.0,1,Democracy
AD->AD,o_max,xgb_tree_d2,m000006_o_max_ord3_rk00007,3,0.1565773112792672,-0.0,1,Democracy
AD->AD,o_max,xgb_tree_d2,m017011_o_max_ord20_rk00012,20,0.156356893984504,1.1411535278793057,3,Democracy
AD->AD,o_max,xgb_tree_d2,m014000_o_max_ord17_rk00001,17,0.1562872200750411,0.9366673818775624,2,Democracy
AD->AD,o_max,xgb_tree_d2,m018000_o_max_ord21_rk00001,21,0.1561677116551859,0.863120568566631,2,Democracy
AD->AD,o_max,xgb_tree_d2,m018011_o_max_ord21_rk00012,21,0.1560758770016421,0.2761954276479391,2,Democracy
AD->AD,o_max,xgb_tree_d2,m017018_o_max_ord20_rk00019,20,0.1558319341176467,1.1411535278793057,3,Democracy
AD->AD,o_max,xgb_tree_d2,m018015_o_max_ord21_rk00016,21,0.1556503484040103,1.115520093581932,3,Democracy
AD->AD,o_max,xgb_tree_d2,m026001_o_max_ord29_rk00002,29,0.1556180456332011,1.1425175164144374,4,Democracy
AD->AD,o_max,xgb_tree_d2,m026005_o_max_ord29_rk00006,29,0.155092744942295,1.1063667712836147,5,Democracy
AD->AD,o_max,xgb_tree_d2,m002005_o_max_ord5_rk00006,5,0.1550850498862779,-0.0,1,Democracy
AD->AD,o_max,xgb_tree_d2,m006007_o_max_ord9_rk00008,9,0.1550760980009384,-0.0,1,Democracy
AD->AD,o_max,xgb_tree_d2,m017010_o_max_ord20_rk00011,20,0.1549095740140557,-0.0,1,Democracy
AD->AD,o_max,xgb_tree_d2,m024000_o_max_ord27_rk00001,27,0.1547641923892395,0.7642045065086203,2,Democracy
AD->AD,o_max,xgb_tree_d2,m003012_o_max_ord6_rk00013,6,0.154573667046272,-0.0,1,Democracy
AD->AD,o_max,xgb_tree_d2,m002000_o_max_ord5_rk00001,5,0.1544461354920259,-0.0,1,Democracy
AD->AD,o_max,xgb_tree_d2,m027001_o_max_ord30_rk00002,30,0.1544062635607206,1.1721597626314755,5,Democracy
AD->AD,o_max,xgb_tree_d2,m009012_o_max_ord12_rk00013,12,0.154265648069265,-0.0,1,Democracy
AD->AD,o_max,xgb_tree_d2,m027008_o_max_ord30_rk00009,30,0.154224655185044,1.1721597626314755,5,Democracy
AD->AD,o_max,xgb_tree_d2,m027018_o_max_ord30_rk00019,30,0.1541216170286135,1.5656017329967198,7,Democracy
AD->AD,o_max,xgb_tree_d2,m027007_o_max_ord30_rk00008,30,0.1540460267980157,1.2496527261266068,5,Democracy
AD->AD,o_max,xgb_tree_d2,m018006_o_max_ord21_rk00007,21,0.1539812177228564,1.115520093581932,3,Democracy
AD->AD,o_max,xgb_tree_d2,m021006_o_max_ord24_rk00007,24,0.1538016602841593,0.8886865525783176,3,Democracy
AD->AD,o_max,xgb_tree_d2,m021004_o_max_ord24_rk00005,24,0.1536946260630557,0.8886865525783176,3,Democracy
AD->AD,o_max,xgb_tree_d2,m000014_o_max_ord3_rk00015,3,0.1536282731215392,-0.0,1,Democracy
AD->AD,o_max,xgb_tree_d2,m006010_o_max_ord9_rk00011,9,0.1536269329222508,-0.0,1,Democracy
AD->AD,o_max,xgb_tree_d2,m004001_o_max_ord7_rk00002,7,0.1535410511149897,-0.0,1,Democracy
AD->AD,o_max,xgb_tree_d2,m002019_o_max_ord5_rk00020,5,0.1534493300675076,-0.0,1,Democracy
AD->AD,o_max,xgb_tree_d2,m020002_o_max_ord23_rk00003,23,0.1534051193539094,1.0666152167384504,3,Democracy
AD->AD,o_max,xgb_tree_d2,m005010_o_max_ord8_rk00011,8,0.1532734787101146,-0.0,1,Democracy
AD->AD,o_max,xgb_tree_d2,m002012_o_max_ord5_rk00013,5,0.153091507544731,-0.0,1,Democracy
AD->AD,o_max,xgb_tree_d2,m027017_o_max_ord30_rk00018,30,0.1528066051767399,0.972253928364927,4,Democracy
AD->AD,o_max,xgb_tree_d2,m002003_o_max_ord5_rk00004,5,0.1525023668911064,-0.0,1,Democracy
AD->AD,o_max,xgb_tree_d2,m007019_o_max_ord10_rk00020,10,0.1524940879086453,-0.0,1,Democracy
AD->AD,o_max,xgb_tree_d2,m003013_o_max_ord6_rk00014,6,0.1523881862451577,-0.0,1,Democracy
AD->AD,o_max,xgb_tree_d2,m009015_o_max_ord12_rk00016,12,0.1523208477872324,-0.0,1,Democracy
AD->AD,o_max,xgb_tree_d2,m007015_o_max_ord10_rk00016,10,0.1521616761462616,-0.0,1,Democracy
AD->AD,o_max,xgb_tree_d2,m003000_o_max_ord6_rk00001,6,0.1520216193151581,-0.0,1,Democracy
AD->AD,o_max,xgb_tree_d2,m003019_o_max_ord6_rk00020,6,0.1517692803642788,-0.0,1,Democracy
AD->AD,o_max,xgb_tree_d2,m003001_o_max_ord6_rk00002,6,0.1514747648695515,-0.0,1,Democracy
AD->AD,o_max,xgb_tree_d2,m005008_o_max_ord8_rk00009,8,0.1513031147929717,-0.0,1,Democracy
AD->AD,o_max,xgb_tree_d2,m002004_o_max_ord5_rk00005,5,0.1511581831210109,-0.0,1,Democracy
AD->AD,o_max,xgb_tree_d2,m022001_o_max_ord25_rk00002,25,0.1504835364552093,0.996118213778296,4,Democracy
AD->AD,o_max,xgb_tree_d2,m021019_o_max_ord24_rk00020,24,0.1501168078908167,1.2720552088742005,4,Democracy
AD->AD,o_max,xgb_tree_d2,m007016_o_max_ord10_rk00017,10,0.1501119855383134,-0.0,1,Democracy
AD->AD,o_max,xgb_tree_d2,m017016_o_max_ord20_rk00017,20,0.150077293375874,0.2863969571159562,2,Democracy
AD->AD,o_max,xgb_tree_d2,m003014_o_max_ord6_rk00015,6,0.1499955674720862,-0.0,1,Democracy
AD->AD,o_max,xgb_tree_d2,m026013_o_max_ord29_rk00014,29,0.1499105242233618,1.1991018361613466,5,Democracy
AD->AD,o_max,xgb_tree_d2,m022005_o_max_ord25_rk00006,25,0.1498694412028222,0.996118213778296,4,Democracy
AD->AD,o_max,xgb_tree_d2,m008007_o_max_ord11_rk00008,11,0.1498672875695007,-0.0,1,Democracy
AD->AD,o_max,xgb_tree_d2,m004000_o_max_ord7_rk00001,7,0.1497319324889963,-0.0,1,Democracy
AD->AD,o_max,xgb_tree_d2,m007008_o_max_ord10_rk00009,10,0.1496884361340215,-0.0,1,Democracy
AD->AD,o_max,xgb_tree_d2,m005001_o_max_ord8_rk00002,8,0.1496723088057505,-0.0,1,Democracy
AD->AD,o_max,xgb_tree_d2,m001017_o_max_ord4_rk00018,4,0.1495574612229807,-0.0,1,Democracy
AD->AD,o_max,xgb_tree_d2,m027010_o_max_ord30_rk00011,30,0.149471804125266,1.1721597626314755,5,Democracy
AD->AD,o_max,xgb_tree_d2,m004019_o_max_ord7_rk00020,7,0.1493790234172715,-0.0,1,Democracy
AD->AD,o_max,xgb_tree_d2,m002002_o_max_ord5_rk00003,5,0.1492815916441219,-0.0,1,Democracy
AD->AD,o_max,xgb_tree_d2,m016000_o_max_ord19_rk00001,19,0.1490880969441166,0.8997437586982626,2,Democracy
AD->AD,o_max,xgb_tree_d2,m022012_o_max_ord25_rk00013,25,0.1490389454425589,1.32151018873626,5,Democracy
AD->AD,o_max,xgb_tree_d2,m027019_o_max_ord30_rk00020,30,0.1488903834609596,1.080424344959478,5,Democracy
AD->AD,o_max,xgb_tree_d2,m018012_o_max_ord21_rk00013,21,0.1487385887694144,1.115520093581932,3,Democracy
AD->AD,o_max,xgb_tree_d2,m027016_o_max_ord30_rk00017,30,0.1486068490232319,1.3699740752745007,6,Democracy
AD->AD,o_max,xgb_tree_d2,m002016_o_max_ord5_rk00017,5,0.1482384862844921,-0.0,1,Democracy
AD->AD,o_max,xgb_tree_d2,m020004_o_max_ord23_rk00005,23,0.1480741674896428,1.0666152167384504,3,Democracy
AD->AD,o_max,xgb_tree_d2,m002009_o_max_ord5_rk00010,5,0.148011829891584,-0.0,1,Democracy
AD->AD,o_max,xgb_tree_d2,m004018_o_max_ord7_rk00019,7,0.147869030573479,-0.0,1,Democracy
AD->AD,o_max,xgb_tree_d2,m004010_o_max_ord7_rk00011,7,0.14777190635337,-0.0,1,Democracy
AD->AD,o_max,xgb_tree_d2,m020008_o_max_ord23_rk00009,23,0.1477425611371789,1.3012517848198515,4,Democracy
AD->AD,o_max,xgb_tree_d2,m007011_o_max_ord10_rk00012,10,0.1477116195660994,0.4689955935892812,2,Democracy
AD->AD,o_max,xgb_tree_d2,m003002_o_max_ord6_rk00003,6,0.1475854855492329,-0.0,1,Democracy
AD->AD,o_max,xgb_tree_d2,m007003_o_max_ord10_rk00004,10,0.1475098493373458,-0.0,1,Democracy
AD->AD,o_max,xgb_tree_d2,m002014_o_max_ord5_rk00015,5,0.147465926735422,-0.0,1,Democracy
AD->AD,o_max,xgb_tree_d2,m005000_o_max_ord8_rk00001,8,0.1473349852069608,-0.0,1,Democracy
AD->AD,o_max,xgb_tree_d2,m001016_o_max_ord4_rk00017,4,0.1472180089507122,-0.0,1,Democracy
AD->AD,o_max,xgb_tree_d2,m027000_o_max_ord30_rk00001,30,0.1470029416929319,1.2486092328524885,4,Democracy
AD->AD,o_max,xgb_tree_d2,m001005_o_max_ord4_rk00006,4,0.1469683503846401,-0.0,1,Democracy
AD->AD,o_max,xgb_tree_d2,m003011_o_max_ord6_rk00012,6,0.1469599148654643,-0.0,1,Democracy
AD->AD,o_max,xgb_tree_d2,m000011_o_max_ord3_rk00012,3,0.1465473219080095,-0.0,1,Democracy
AD->AD,o_max,xgb_tree_d2,m007004_o_max_ord10_rk00005,10,0.1465471578238795,-0.0,1,Democracy
AD->AD,o_max,xgb_tree_d2,m000002_o_max_ord3_rk00003,3,0.1465282874306877,-0.0,1,Democracy
AD->AD,o_max,xgb_tree_d2,m008006_o_max_ord11_rk00007,11,0.1462869370143845,-0.0,1,Democracy
AD->AD,o_max,xgb_tree_d2,m017000_o_max_ord20_rk00001,20,0.1462326016754667,0.8812908992306927,2,Democracy
AD->AD,o_max,xgb_tree_d2,m005011_o_max_ord8_rk00012,8,0.1460828369067072,-0.0,1,Democracy
AD->AD,o_max,xgb_tree_d2,m004011_o_max_ord7_rk00012,7,0.145894473348893,-0.0,1,Democracy
AD->AD,o_max,xgb_tree_d2,m004012_o_max_ord7_rk00013,7,0.1453627532115512,-0.0,1,Democracy
AD->AD,o_max,xgb_tree_d2,m007013_o_max_ord10_rk00014,10,0.1444727815410372,-0.0,1,Democracy
AD->AD,o_max,xgb_tree_d2,m007010_o_max_ord10_rk00011,10,0.1441388644810107,-0.0,1,Democracy
AD->AD,o_max,xgb_tree_d2,m008017_o_max_ord11_rk00018,11,0.1438835024071775,0.4394969869215134,2,Democracy
AD->AD,o_max,xgb_tree_d2,m013003_o_max_ord16_rk00004,16,0.1435908063590624,0.9544340029249649,2,Democracy
AD->AD,o_max,xgb_tree_d2,m019017_o_max_ord22_rk00018,22,0.1432936149710415,0.9373012413074895,3,Democracy
AD->AD,o_max,xgb_tree_d2,m004013_o_max_ord7_rk00014,7,0.1432156203795139,-0.0,1,Democracy
AD->AD,o_max,xgb_tree_d2,m004004_o_max_ord7_rk00005,7,0.1424876795804955,-0.0,1,Democracy
AD->AD,o_max,xgb_tree_d2,m000007_o_max_ord3_rk00008,3,0.1424319124552081,-0.0,1,Democracy
AD->AD,o_max,xgb_tree_d2,m000012_o_max_ord3_rk00013,3,0.1423791582820577,-0.0,1,Democracy
AD->AD,o_max,xgb_tree_d2,m015000_o_max_ord18_rk00001,18,0.1418528265178552,0.9182958340544896,2,Democracy
AD->AD,o_max,xgb_tree_d2,m000013_o_max_ord3_rk00014,3,0.1409320574911432,-0.0,1,Democracy
AD->AD,o_max,xgb_tree_d2,m000010_o_max_ord3_rk00011,3,0.140694128222186,-0.0,1,Democracy
AD->AD,o_max,xgb_tree_d2,m004006_o_max_ord7_rk00007,7,0.1405715915495743,-0.0,1,Democracy
AD->AD,o_max,xgb_tree_d2,m000009_o_max_ord3_rk00010,3,0.1402104767308687,-0.0,1,Democracy
AD->AD,o_max,xgb_tree_d2,m003006_o_max_ord6_rk00007,6,0.1401685274425864,-0.0,1,Democracy
AD->AD,o_max,xgb_tree_d2,m000004_o_max_ord3_rk00005,3,0.1401044097077377,-0.0,1,Democracy
AD->AD,o_max,xgb_tree_d2,m000001_o_max_ord3_rk00002,3,0.1399231955223996,-0.0,1,Air Pollution
AD->AD,o_max,xgb_tree_d2,m000019_o_max_ord3_rk00020,3,0.1395217774983354,-0.0,1,Democracy
AD->AD,o_max,xgb_tree_d2,m000005_o_max_ord3_rk00006,3,0.139363325701351,-0.0,1,Democracy
AD->AD,o_max,xgb_tree_d2,m000016_o_max_ord3_rk00017,3,0.1387752117189195,-0.0,1,Democracy
AD->AD,o_max,xgb_tree_d2,m000003_o_max_ord3_rk00004,3,0.1383947214327311,-0.0,1,Democracy
AD->AD,o_max,xgb_tree_d2,m000018_o_max_ord3_rk00019,3,0.1377311010807588,-0.0,1,Democracy
AD->AD,o_max,xgb_tree_d2,m000015_o_max_ord3_rk00016,3,0.1361407271389333,-0.0,1,Democracy
AD->AD,o_max,xgb_tree_d2,m005009_o_max_ord8_rk00010,8,0.1355185422417767,-0.0,1,Democracy
AD->AD,o_max,xgb_tree_d2,m005016_o_max_ord8_rk00017,8,0.134812324554665,-0.0,1,Democracy
AD->AD,o_max,xgb_tree_d2,m000008_o_max_ord3_rk00009,3,0.1343007248036923,-0.0,1,Democracy
AD->FTD,o_min,xgb_tree_d3,m059522_o_min_ord15_rk00008,15,0.3261429396540775,2.4729055953200563,6,Democracy
AD->FTD,o_min,xgb_tree_d3,m053530_o_min_ord9_rk00016,9,0.3230479969013039,2.197159723424149,5,Democracy
AD->FTD,o_min,xgb_tree_d3,m059532_o_min_ord15_rk00018,15,0.3230125570125924,2.689246428509158,7,Air Pollution
AD->FTD,o_min,xgb_tree_d3,m055519_o_min_ord11_rk00005,11,0.3220794140734471,2.663532754804255,7,Air Pollution
AD->FTD,o_min,xgb_tree_d3,m062527_o_min_ord18_rk00013,18,0.3218582247444188,2.683542362433231,7,Temperature
AD->FTD,o_min,xgb_tree_d3,m059528_o_min_ord15_rk00014,15,0.3217799336884074,2.689246428509158,7,Air Pollution
AD->FTD,o_min,xgb_tree_d3,m060524_o_min_ord16_rk00010,16,0.3213765319759151,2.6556390622295662,7,Temperature
AD->FTD,o_min,xgb_tree_d3,m060530_o_min_ord16_rk00016,16,0.3209245790585888,2.686278124459133,7,Air Pollution
AD->FTD,o_min,xgb_tree_d3,m074531_o_min_ord30_rk00017,30,0.3208684160261617,2.9437621626224817,10,Democracy
AD->FTD,o_min,xgb_tree_d3,m062523_o_min_ord18_rk00009,18,0.3208143440589982,2.4613201402110088,6,Temperature
AD->FTD,o_min,xgb_tree_d3,m058521_o_min_ord14_rk00007,14,0.3205135455095229,2.5027361715940035,6,Air Pollution
AD->FTD,o_min,xgb_tree_d3,m058526_o_min_ord14_rk00012,14,0.3204886347913525,2.5027361715940035,6,Air Pollution
AD->FTD,o_min,xgb_tree_d3,m059521_o_min_ord15_rk00007,15,0.3197095075750519,2.689246428509158,7,Air Pollution
AD->FTD,o_min,xgb_tree_d3,m062534_o_min_ord18_rk00020,18,0.319543241800998,2.6416041678685938,7,Precipitation/droughts
AD->FTD,o_min,xgb_tree_d3,m068519_o_min_ord24_rk00005,24,0.3192070961882276,2.907268229617389,9,Democracy
AD->FTD,o_min,xgb_tree_d3,m068530_o_min_ord24_rk00016,24,0.3190857165219523,2.8699100232740657,9,Democracy
AD->FTD,o_min,xgb_tree_d3,m074530_o_min_ord30_rk00016,30,0.3189617426152021,2.8770954959558153,9,Democracy
AD->FTD,o_min,xgb_tree_d3,m063528_o_min_ord19_rk00014,19,0.3188177498766926,2.6100635408770723,7,Democracy
AD->FTD,o_min,xgb_tree_d3,m057531_o_min_ord13_rk00017,13,0.3187974415555664,2.2954656791802917,5,Air Pollution
AD->FTD,o_min,xgb_tree_d3,m069515_o_min_ord25_rk00001,25,0.3186694148679712,2.8676013115120567,9,Democracy
AD->FTD,o_min,xgb_tree_d3,m068533_o_min_ord24_rk00019,24,0.3184436399430852,2.8699100232740657,9,Democracy
AD->FTD,o_min,xgb_tree_d3,m055520_o_min_ord11_rk00006,11,0.3183341665991445,2.481714572986073,6,Democracy
AD->FTD,o_min,xgb_tree_d3,m063524_o_min_ord19_rk00010,19,0.3181240249748323,2.694781460584273,7,Temperature
AD->FTD,o_min,xgb_tree_d3,m069521_o_min_ord25_rk00007,25,0.3177534541425014,2.8888840705376357,9,Democracy
AD->FTD,o_min,xgb_tree_d3,m067523_o_min_ord23_rk00009,23,0.3173530515367005,2.9140163035068443,9,Democracy
AD->FTD,o_min,xgb_tree_d3,m058534_o_min_ord14_rk00020,14,0.317265865657841,2.5027361715940035,6,Air Pollution
AD->FTD,o_min,xgb_tree_d3,m067528_o_min_ord23_rk00014,23,0.3171914501461702,2.8927021732601896,9,Democracy
AD->FTD,o_min,xgb_tree_d3,m069525_o_min_ord25_rk00011,25,0.3170098942136655,2.8676013115120567,9,Democracy
AD->FTD,o_min,xgb_tree_d3,m066532_o_min_ord22_rk00018,22,0.3169855295095003,2.7155894378827394,7,Democracy
AD->FTD,o_min,xgb_tree_d3,m055525_o_min_ord11_rk00011,11,0.3166444679619891,2.2998963911678914,5,Socioeconomic
AD->FTD,o_min,xgb_tree_d3,m059534_o_min_ord15_rk00020,15,0.316609775524953,2.689246428509158,7,Air Pollution
AD->FTD,o_min,xgb_tree_d3,m063533_o_min_ord19_rk00019,19,0.3165437738983644,2.694781460584273,7,Temperature
AD->FTD,o_min,xgb_tree_d3,m071529_o_min_ord27_rk00015,27,0.3164400330290601,2.9341001148030923,9,Democracy
AD->FTD,o_min,xgb_tree_d3,m060522_o_min_ord16_rk00008,16,0.3163079786526587,2.6556390622295662,7,Temperature
AD->FTD,o_min,xgb_tree_d3,m069517_o_min_ord25_rk00003,25,0.3159394399000617,2.8530201924480454,9,Democracy
AD->FTD,o_min,xgb_tree_d3,m068517_o_min_ord24_rk00003,24,0.3159348640525047,2.907268229617389,9,Democracy
AD->FTD,o_min,xgb_tree_d3,m060516_o_min_ord16_rk00002,16,0.3158839167050276,2.5306390622295662,6,Temperature
AD->FTD,o_min,xgb_tree_d3,m069520_o_min_ord25_rk00006,25,0.3157235825014325,2.8676013115120567,9,Democracy
AD->FTD,o_min,xgb_tree_d3,m065531_o_min_ord21_rk00017,21,0.315658978283755,2.9463875191311275,9,Democracy
AD->FTD,o_min,xgb_tree_d3,m063521_o_min_ord19_rk00007,19,0.3153825045013929,2.6292492238560348,7,Temperature
AD->FTD,o_min,xgb_tree_d3,m073534_o_min_ord29_rk00020,29,0.3153776037622362,2.983342099382735,10,Democracy
AD->FTD,o_min,xgb_tree_d3,m072528_o_min_ord28_rk00014,28,0.3153520471020971,2.8962915290459277,9,Democracy
AD->FTD,o_min,xgb_tree_d3,m069529_o_min_ord25_rk00015,25,0.3152344233969781,2.8888840705376357,9,Democracy
AD->FTD,o_min,xgb_tree_d3,m070520_o_min_ord26_rk00006,26,0.3151459862699907,2.8252517372886508,9,Democracy
AD->FTD,o_min,xgb_tree_d3,m069532_o_min_ord25_rk00018,25,0.3150590463356445,2.8888840705376357,9,Democracy
AD->FTD,o_min,xgb_tree_d3,m072534_o_min_ord28_rk00020,28,0.3150425098049247,2.937193208607594,10,Democracy
AD->FTD,o_min,xgb_tree_d3,m053528_o_min_ord9_rk00014,9,0.3150222399791258,2.5032583347756456,6,Temperature
AD->FTD,o_min,xgb_tree_d3,m068525_o_min_ord24_rk00011,24,0.3150081983640956,2.892079563925711,9,Democracy
AD->FTD,o_min,xgb_tree_d3,m068528_o_min_ord24_rk00014,24,0.3149431104954643,2.907268229617389,9,Democracy
AD->FTD,o_min,xgb_tree_d3,m072522_o_min_ord28_rk00008,28,0.3148221198469446,2.780394654123194,8,Democracy
AD->FTD,o_min,xgb_tree_d3,m059523_o_min_ord15_rk00009,15,0.3148110334620804,2.256564762130954,5,Temperature
AD->FTD,o_min,xgb_tree_d3,m058532_o_min_ord14_rk00018,14,0.3148055918674224,2.270942421748537,5,Temperature
AD->FTD,o_min,xgb_tree_d3,m066516_o_min_ord22_rk00002,22,0.3147920658396228,2.9019469592513696,9,Democracy
AD->FTD,o_min,xgb_tree_d3,m074518_o_min_ord30_rk00004,30,0.3147872450335197,2.7874302980927217,9,Democracy
AD->FTD,o_min,xgb_tree_d3,m069518_o_min_ord25_rk00004,25,0.314768446697135,2.8676013115120567,9,Democracy
AD->FTD,o_min,xgb_tree_d3,m072519_o_min_ord28_rk00005,28,0.314754060777164,2.704003029572565,8,Democracy
AD->FTD,o_min,xgb_tree_d3,m071527_o_min_ord27_rk00013,27,0.3146996758811136,2.9024425973114867,9,Democracy
AD->FTD,o_min,xgb_tree_d3,m065516_o_min_ord21_rk00002,21,0.3146574312693229,2.915195993795242,9,Democracy
AD->FTD,o_min,xgb_tree_d3,m074524_o_min_ord30_rk00010,30,0.3146494254398675,2.9437621626224817,10,Democracy
AD->FTD,o_min,xgb_tree_d3,m053523_o_min_ord9_rk00009,9,0.3145459312528392,2.2810361125534238,5,Temperature
AD->FTD,o_min,xgb_tree_d3,m060527_o_min_ord16_rk00013,16,0.3144883459575557,2.6556390622295662,7,Temperature
AD->FTD,o_min,xgb_tree_d3,m063515_o_min_ord19_rk00001,19,0.3144416087837949,2.6947814605842733,7,Temperature
AD->FTD,o_min,xgb_tree_d3,m049530_o_min_ord5_rk00016,5,0.3143922266049562,1.5219280948873621,3,Air Pollution
AD->FTD,o_min,xgb_tree_d3,m063517_o_min_ord19_rk00003,19,0.3143337039905276,2.8000446184790095,9,Democracy
AD->FTD,o_min,xgb_tree_d3,m074521_o_min_ord30_rk00007,30,0.3142024346368668,2.7874302980927217,9,Democracy
AD->FTD,o_min,xgb_tree_d3,m068532_o_min_ord24_rk00018,24,0.3140798415491742,2.83429531609601,9,Democracy
AD->FTD,o_min,xgb_tree_d3,m057516_o_min_ord13_rk00002,13,0.3139896119790153,2.6235166412180155,7,Temperature
AD->FTD,o_min,xgb_tree_d3,m068518_o_min_ord24_rk00004,24,0.3138099192393357,2.8699100232740657,9,Democracy
AD->FTD,o_min,xgb_tree_d3,m069522_o_min_ord25_rk00008,25,0.3137103024315781,2.8676013115120567,9,Democracy
AD->FTD,o_min,xgb_tree_d3,m065517_o_min_ord21_rk00003,21,0.3137089941496997,2.7373227798185953,7,Temperature
AD->FTD,o_min,xgb_tree_d3,m068515_o_min_ord24_rk00001,24,0.3136672130372496,2.8699100232740657,9,Democracy
AD->FTD,o_min,xgb_tree_d3,m059516_o_min_ord15_rk00002,15,0.3136333983605713,2.4729055953200563,6,Temperature
AD->FTD,o_min,xgb_tree_d3,m067529_o_min_ord23_rk00015,23,0.3136094048710132,2.6967788068829472,8,Democracy
AD->FTD,o_min,xgb_tree_d3,m068526_o_min_ord24_rk00012,24,0.3135195794992714,2.840199876515855,9,Democracy
AD->FTD,o_min,xgb_tree_d3,m072532_o_min_ord28_rk00018,28,0.3135117414798259,3.0210687638074782,10,Democracy
AD->FTD,o_min,xgb_tree_d3,m066522_o_min_ord22_rk00008,22,0.3133432594164924,2.9019469592513696,9,Democracy
AD->FTD,o_min,xgb_tree_d3,m068521_o_min_ord24_rk00007,24,0.3133354048890889,2.907268229617389,9,Democracy
AD->FTD,o_min,xgb_tree_d3,m072533_o_min_ord28_rk00019,28,0.3132843003774768,2.7754316010011366,9,Democracy
AD->FTD,o_min,xgb_tree_d3,m059526_o_min_ord15_rk00012,15,0.3132427956603762,2.4729055953200563,6,Temperature
AD->FTD,o_min,xgb_tree_d3,m063516_o_min_ord19_rk00002,19,0.3129714854157795,2.8000446184790095,9,Democracy
AD->FTD,o_min,xgb_tree_d3,m066520_o_min_ord22_rk00006,22,0.3129226736113077,2.737872392231515,8,Democracy
AD->FTD,o_min,xgb_tree_d3,m057534_o_min_ord13_rk00020,13,0.3128493279649448,2.4116022179746714,6,Temperature
AD->FTD,o_min,xgb_tree_d3,m053517_o_min_ord9_rk00003,9,0.3128360050628131,2.1971597234241496,5,Socioeconomic
AD->FTD,o_min,xgb_tree_d3,m068520_o_min_ord24_rk00006,24,0.312814138091442,2.8699100232740657,9,Democracy
AD->FTD,o_min,xgb_tree_d3,m074520_o_min_ord30_rk00006,30,0.312732092672043,2.9437621626224817,10,Democracy
AD->FTD,o_min,xgb_tree_d3,m062517_o_min_ord18_rk00003,18,0.3127296030786969,2.7107770844150676,7,Temperature
AD->FTD,o_min,xgb_tree_d3,m061518_o_min_ord17_rk00004,17,0.3126910689961136,2.6312929881819,7,Temperature
AD->FTD,o_min,xgb_tree_d3,m054529_o_min_ord10_rk00015,10,0.3126814425540805,2.4464393446710155,6,Air Pollution
AD->FTD,o_min,xgb_tree_d3,m060518_o_min_ord16_rk00004,16,0.3126596988646301,2.452819531114783,6,Temperature
AD->FTD,o_min,xgb_tree_d3,m054517_o_min_ord10_rk00003,10,0.3126527988234248,2.170950594454669,5,Air Pollution
AD->FTD,o_min,xgb_tree_d3,m074534_o_min_ord30_rk00020,30,0.3126374070158418,2.7874302980927217,9,Democracy
AD->FTD,o_min,xgb_tree_d3,m067518_o_min_ord23_rk00004,23,0.3124719170378158,2.9140163035068443,9,Democracy
AD->FTD,o_min,xgb_tree_d3,m058515_o_min_ord14_rk00001,14,0.3124485610892421,2.8962915290459277,8,Temperature
AD->FTD,o_min,xgb_tree_d3,m061515_o_min_ord17_rk00001,17,0.3124309218550917,2.7333716642706998,7,Air Pollution
AD->FTD,o_min,xgb_tree_d3,m055516_o_min_ord11_rk00002,11,0.3123704660258296,2.663532754804255,7,Temperature
AD->FTD,o_min,xgb_tree_d3,m068534_o_min_ord24_rk00020,24,0.3123049449183614,2.907268229617389,9,Democracy
AD->FTD,o_min,xgb_tree_d3,m066534_o_min_ord22_rk00020,22,0.3122737930780175,2.737872392231515,8,Democracy
AD->FTD,o_min,xgb_tree_d3,m063523_o_min_ord19_rk00009,19,0.3122540884992941,2.6292492238560348,7,Temperature
AD->FTD,o_min,xgb_tree_d3,m061522_o_min_ord17_rk00008,17,0.3121506727805699,2.513645929358371,6,Temperature
AD->FTD,o_min,xgb_tree_d3,m065523_o_min_ord21_rk00009,21,0.3120936973908346,2.6606732334168424,7,Democracy
AD->FTD,o_min,xgb_tree_d3,m062519_o_min_ord18_rk00005,18,0.3120260211715401,2.683542362433231,7,Temperature
AD->FTD,o_min,xgb_tree_d3,m068527_o_min_ord24_rk00013,24,0.3120162068368897,2.907268229617389,9,Democracy
AD->FTD,o_min,xgb_tree_d3,m061528_o_min_ord17_rk00014,17,0.3118603303496078,2.6601297526332566,7,Democracy
AD->FTD,o_min,xgb_tree_d3,m069528_o_min_ord25_rk00014,25,0.3118274363822233,2.8676013115120567,9,Democracy
AD->FTD,o_min,xgb_tree_d3,m065527_o_min_ord21_rk00013,21,0.3118091713227453,2.6606732334168424,7,Democracy
AD->FTD,o_min,xgb_tree_d3,m068522_o_min_ord24_rk00008,24,0.3117067398670403,2.8699100232740657,9,Democracy
AD->FTD,o_min,xgb_tree_d3,m068531_o_min_ord24_rk00017,24,0.3116584044021939,2.8699100232740657,9,Democracy
AD->FTD,o_min,xgb_tree_d3,m069516_o_min_ord25_rk00002,25,0.3116385780111518,2.8676013115120567,9,Democracy
AD->FTD,o_min,xgb_tree_d3,m061517_o_min_ord17_rk00003,17,0.3116243044317204,2.7045348998193433,7,Temperature
AD->FTD,o_min,xgb_tree_d3,m065524_o_min_ord21_rk00010,21,0.3115837599026595,2.6606732334168424,7,Democracy
AD->FTD,o_min,xgb_tree_d3,m072515_o_min_ord28_rk00001,28,0.3115774037698333,2.780394654123194,8,Democracy
AD->FTD,o_min,xgb_tree_d3,m048526_o_min_ord4_rk00012,4,0.3115437058624392,1.5,3,Air Pollution
AD->FTD,o_min,xgb_tree_d3,m061521_o_min_ord17_rk00007,17,0.3113479639048483,2.41896119556797,6,Democracy
AD->FTD,o_min,xgb_tree_d3,m071533_o_min_ord27_rk00019,27,0.3112826858637566,2.815460540067162,9,Democracy
AD->FTD,o_min,xgb_tree_d3,m054526_o_min_ord10_rk00012,10,0.3112057941386649,2.4464393446710155,6,Air Pollution
AD->FTD,o_min,xgb_tree_d3,m069519_o_min_ord25_rk00005,25,0.3111683540250327,2.823465189601647,9,Democracy
AD->FTD,o_min,xgb_tree_d3,m053534_o_min_ord9_rk00020,9,0.3110888942089268,2.197159723424149,5,Air Pollution
AD->FTD,o_min,xgb_tree_d3,m066527_o_min_ord22_rk00013,22,0.3110254251266281,2.9019469592513696,9,Democracy
AD->FTD,o_min,xgb_tree_d3,m053531_o_min_ord9_rk00017,9,0.3110153572889056,2.197159723424149,5,Air Pollution
AD->FTD,o_min,xgb_tree_d3,m066519_o_min_ord22_rk00005,22,0.3109256945141599,2.9151512344992474,9,Temperature
AD->FTD,o_min,xgb_tree_d3,m062528_o_min_ord18_rk00014,18,0.3109104195964699,2.4387439204017474,7,Democracy
AD->FTD,o_min,xgb_tree_d3,m062516_o_min_ord18_rk00002,18,0.3108865480109881,2.7107770844150676,7,Precipitation/droughts
AD->FTD,o_min,xgb_tree_d3,m059518_o_min_ord15_rk00004,15,0.3107984309400005,2.739572261986723,7,Air Pollution
AD->FTD,o_min,xgb_tree_d3,m074515_o_min_ord30_rk00001,30,0.3107834547581201,2.8640835117703762,9,Democracy
AD->FTD,o_min,xgb_tree_d3,m073525_o_min_ord29_rk00011,29,0.3106651560294161,2.900915908846073,9,Democracy
AD->FTD,o_min,xgb_tree_d3,m060521_o_min_ord16_rk00007,16,0.3104038649273326,2.6556390622295662,7,Temperature
AD->FTD,o_min,xgb_tree_d3,m054530_o_min_ord10_rk00016,10,0.3103922118796529,2.4464393446710155,6,Temperature
AD->FTD,o_min,xgb_tree_d3,m062521_o_min_ord18_rk00007,18,0.3103847875548724,2.7107770844150676,7,Precipitation/droughts
AD->FTD,o_min,xgb_tree_d3,m063520_o_min_ord19_rk00006,19,0.3103717477297462,2.6947814605842733,7,Temperature
AD->FTD,o_min,xgb_tree_d3,m061531_o_min_ord17_rk00017,17,0.3103248029270052,2.6312929881819,7,Temperature
AD->FTD,o_min,xgb_tree_d3,m071523_o_min_ord27_rk00009,27,0.3102892371465534,2.741386465993088,8,Democracy
AD->FTD,o_min,xgb_tree_d3,m073523_o_min_ord29_rk00009,29,0.3102441160434259,2.8271584782454653,9,Democracy
AD->FTD,o_min,xgb_tree_d3,m069534_o_min_ord25_rk00020,25,0.3102237299632473,2.833411192621123,9,Democracy
AD->FTD,o_min,xgb_tree_d3,m072527_o_min_ord28_rk00013,28,0.3102205667873391,2.935698780751651,9,Democracy
AD->FTD,o_min,xgb_tree_d3,m063526_o_min_ord19_rk00012,19,0.3101862665855199,2.694781460584273,7,Precipitation/droughts
AD->FTD,o_min,xgb_tree_d3,m072526_o_min_ord28_rk00012,28,0.3101723479734637,2.865764637179023,9,Democracy
AD->FTD,o_min,xgb_tree_d3,m074517_o_min_ord30_rk00003,30,0.3101655825479786,2.8640835117703762,9,Democracy
AD->FTD,o_min,xgb_tree_d3,m073529_o_min_ord29_rk00015,29,0.3101586340628367,2.900915908846073,9,Democracy
AD->FTD,o_min,xgb_tree_d3,m054527_o_min_ord10_rk00013,10,0.3101551073408464,2.2464393446710154,5,Socioeconomic
AD->FTD,o_min,xgb_tree_d3,m050523_o_min_ord6_rk00009,6,0.3101261899656583,1.9182958340544896,4,Precipitation/droughts
AD->FTD,o_min,xgb_tree_d3,m053533_o_min_ord9_rk00019,9,0.310124330672782,2.1971597234241496,5,Socioeconomic
AD->FTD,o_min,xgb_tree_d3,m072523_o_min_ord28_rk00009,28,0.3101230888683751,2.865764637179023,9,Democracy
AD->FTD,o_min,xgb_tree_d3,m067534_o_min_ord23_rk00020,23,0.3100400669555498,2.8598809775139515,9,Democracy
AD->FTD,o_min,xgb_tree_d3,m071518_o_min_ord27_rk00004,27,0.3099892944830242,2.815460540067162,9,Democracy
AD->FTD,o_min,xgb_tree_d3,m070521_o_min_ord26_rk00007,26,0.3099734342321294,2.8252517372886508,9,Democracy
AD->FTD,o_min,xgb_tree_d3,m065518_o_min_ord21_rk00004,21,0.309943811752329,2.753918758180346,9,Democracy
AD->FTD,o_min,xgb_tree_d3,m073519_o_min_ord29_rk00005,29,0.3099411757171433,2.8271584782454653,9,Democracy
AD->FTD,o_min,xgb_tree_d3,m071517_o_min_ord27_rk00003,27,0.3099293348287926,2.815460540067162,9,Democracy
AD->FTD,o_min,xgb_tree_d3,m074522_o_min_ord30_rk00008,30,0.3098726486346007,2.9437621626224817,10,Democracy
AD->FTD,o_min,xgb_tree_d3,m074528_o_min_ord30_rk00014,30,0.3097521874284974,2.9437621626224817,10,Democracy
AD->FTD,o_min,xgb_tree_d3,m074519_o_min_ord30_rk00005,30,0.3097453954126382,2.8640835117703762,9,Democracy
AD->FTD,o_min,xgb_tree_d3,m068524_o_min_ord24_rk00010,24,0.3097421317084866,2.907268229617389,9,Democracy
AD->FTD,o_min,xgb_tree_d3,m062524_o_min_ord18_rk00010,18,0.3097005558830219,2.6416041678685938,7,Temperature
AD->FTD,o_min,xgb_tree_d3,m073517_o_min_ord29_rk00003,29,0.3095838788930732,2.8271584782454653,9,Democracy
AD->FTD,o_min,xgb_tree_d3,m071515_o_min_ord27_rk00001,27,0.3095768954153574,2.815460540067162,9,Democracy
AD->FTD,o_min,xgb_tree_d3,m065534_o_min_ord21_rk00020,21,0.3094584819909288,2.7606668272315975,8,Democracy
AD->FTD,o_min,xgb_tree_d3,m072521_o_min_ord28_rk00007,28,0.3094426710751375,2.7754316010011366,9,Democracy
AD->FTD,o_min,xgb_tree_d3,m061534_o_min_ord17_rk00020,17,0.3093924282308012,2.7045348998193433,7,Temperature
AD->FTD,o_min,xgb_tree_d3,m054523_o_min_ord10_rk00009,10,0.3092638609149772,2.4464393446710155,6,Temperature
AD->FTD,o_min,xgb_tree_d3,m055527_o_min_ord11_rk00013,11,0.3092465593245963,2.1180782093497093,5,Temperature
AD->FTD,o_min,xgb_tree_d3,m074527_o_min_ord30_rk00013,30,0.3092142686135697,2.7874302980927217,9,Democracy
AD->FTD,o_min,xgb_tree_d3,m063527_o_min_ord19_rk00013,19,0.3091814596745015,2.6292492238560348,7,Temperature
AD->FTD,o_min,xgb_tree_d3,m072520_o_min_ord28_rk00006,28,0.3091789378066104,2.937193208607594,10,Democracy
AD->FTD,o_min,xgb_tree_d3,m054533_o_min_ord10_rk00019,10,0.3090607036776873,2.4464393446710155,6,Temperature
AD->FTD,o_min,xgb_tree_d3,m067519_o_min_ord23_rk00005,23,0.3090391823035903,2.859880977513952,9,Democracy
AD->FTD,o_min,xgb_tree_d3,m067522_o_min_ord23_rk00008,23,0.3090167482525188,2.9140163035068443,9,Democracy
AD->FTD,o_min,xgb_tree_d3,m066528_o_min_ord22_rk00014,22,0.3089796545325758,2.6405219626825924,8,Democracy
AD->FTD,o_min,xgb_tree_d3,m067524_o_min_ord23_rk00010,23,0.3089671366581629,2.8768531307993075,9,Democracy
AD->FTD,o_min,xgb_tree_d3,m056532_o_min_ord12_rk00018,12,0.3088205325183308,2.292481250360578,5,Temperature
AD->FTD,o_min,xgb_tree_d3,m067531_o_min_ord23_rk00017,23,0.308562555209165,2.8208985013296144,9,Democracy
AD->FTD,o_min,xgb_tree_d3,m071532_o_min_ord27_rk00018,27,0.3085001978770967,2.861575817764811,9,Democracy
AD->FTD,o_min,xgb_tree_d3,m074516_o_min_ord30_rk00002,30,0.3084930984570094,2.7874302980927217,9,Democracy
AD->FTD,o_min,xgb_tree_d3,m069533_o_min_ord25_rk00019,25,0.3084876235505107,2.8676013115120567,9,Democracy
AD->FTD,o_min,xgb_tree_d3,m055534_o_min_ord11_rk00020,11,0.3083414860240718,2.2998963911678914,6,Temperature
AD->FTD,o_min,xgb_tree_d3,m066533_o_min_ord22_rk00019,22,0.3083116199586755,2.8045965297024473,9,Democracy
AD->FTD,o_min,xgb_tree_d3,m055531_o_min_ord11_rk00017,11,0.3082369626792272,2.663532754804255,7,Precipitation/droughts
AD->FTD,o_min,xgb_tree_d3,m074526_o_min_ord30_rk00012,30,0.3082210244627412,2.7874302980927217,9,Democracy
AD->FTD,o_min,xgb_tree_d3,m073531_o_min_ord29_rk00017,29,0.3081943679222578,2.983342099382735,10,Democracy
AD->FTD,o_min,xgb_tree_d3,m074529_o_min_ord30_rk00015,30,0.3081884901822551,2.8640835117703762,9,Democracy
AD->FTD,o_min,xgb_tree_d3,m066517_o_min_ord22_rk00003,22,0.3081773837483212,2.9540036423298544,9,Democracy
AD->FTD,o_min,xgb_tree_d3,m066529_o_min_ord22_rk00015,22,0.3081388720238235,2.9019469592513696,9,Democracy
AD->FTD,o_min,xgb_tree_d3,m071520_o_min_ord27_rk00006,27,0.3081239703999947,2.815460540067162,9,Democracy
AD->FTD,o_min,xgb_tree_d3,m071526_o_min_ord27_rk00012,27,0.3081028576367889,2.815460540067162,9,Democracy
AD->FTD,o_min,xgb_tree_d3,m073532_o_min_ord29_rk00018,29,0.3080115254866539,2.8271584782454653,9,Democracy
AD->FTD,o_min,xgb_tree_d3,m067525_o_min_ord23_rk00011,23,0.3079642020681487,2.7029400873210467,8,Democracy
AD->FTD,o_min,xgb_tree_d3,m053532_o_min_ord9_rk00018,9,0.3079387931366882,2.0588138903312014,5,Democracy
AD->FTD,o_min,xgb_tree_d3,m065529_o_min_ord21_rk00015,21,0.3079205204103932,2.9463875191311275,9,Temperature
AD->FTD,o_min,xgb_tree_d3,m061526_o_min_ord17_rk00012,17,0.3078745921924114,2.7045348998193433,7,Temperature
AD->FTD,o_min,xgb_tree_d3,m068516_o_min_ord24_rk00002,24,0.3078132661809295,2.907268229617389,9,Democracy
AD->FTD,o_min,xgb_tree_d3,m066518_o_min_ord22_rk00004,22,0.3078075423077323,2.731431053591683,9,Democracy
AD->FTD,o_min,xgb_tree_d3,m056531_o_min_ord12_rk00017,12,0.3076600300197949,2.4591479170272446,6,Temperature
AD->FTD,o_min,xgb_tree_d3,m051522_o_min_ord7_rk00008,7,0.307643278417393,2.2359263506290326,5,Precipitation/droughts
AD->FTD,o_min,xgb_tree_d3,m056529_o_min_ord12_rk00015,12,0.3074894608941375,2.688721875540867,7,Air Pollution
AD->FTD,o_min,xgb_tree_d3,m064531_o_min_ord20_rk00017,20,0.3074794442100231,2.865957320949175,8,Democracy
AD->FTD,o_min,xgb_tree_d3,m061532_o_min_ord17_rk00018,17,0.3074632171162317,2.4692407821722844,6,Temperature
AD->FTD,o_min,xgb_tree_d3,m067515_o_min_ord23_rk00001,23,0.3074468375652093,2.9140163035068443,9,Democracy
AD->FTD,o_min,xgb_tree_d3,m074532_o_min_ord30_rk00018,30,0.3074399243306146,2.9437621626224817,10,Democracy
AD->FTD,o_min,xgb_tree_d3,m065532_o_min_ord21_rk00018,21,0.3074391997616285,2.753918758180346,9,Democracy
AD->FTD,o_min,xgb_tree_d3,m063518_o_min_ord19_rk00004,19,0.3073979133881306,2.9053077763737467,8,Democracy
AD->FTD,o_min,xgb_tree_d3,m072531_o_min_ord28_rk00017,28,0.3073666693569247,2.7754316010011366,9,Democracy
AD->FTD,o_min,xgb_tree_d3,m069527_o_min_ord25_rk00013,25,0.3073425085586319,2.8676013115120567,9,Democracy
AD->FTD,o_min,xgb_tree_d3,m055518_o_min_ord11_rk00004,11,0.307314684158653,2.663532754804255,7,Temperature
AD->FTD,o_min,xgb_tree_d3,m053522_o_min_ord9_rk00008,9,0.3072389770339567,2.5032583347756456,6,Temperature
AD->FTD,o_min,xgb_tree_d3,m070523_o_min_ord26_rk00009,26,0.3072001919457003,2.8252517372886508,9,Democracy
AD->FTD,o_min,xgb_tree_d3,m066526_o_min_ord22_rk00012,22,0.3071815241205833,2.7136874387933565,8,Democracy
AD->FTD,o_min,xgb_tree_d3,m063522_o_min_ord19_rk00008,19,0.3071734676276573,2.7153266987718094,7,Democracy
AD->FTD,o_min,xgb_tree_d3,m058523_o_min_ord14_rk00009,14,0.3071614960442796,2.2359263506290326,5,Temperature
AD->FTD,o_min,xgb_tree_d3,m071531_o_min_ord27_rk00017,27,0.3071095080078939,2.815460540067162,9,Democracy
AD->FTD,o_min,xgb_tree_d3,m073515_o_min_ord29_rk00001,29,0.3071094516149445,2.8271584782454653,9,Democracy
AD->FTD,o_min,xgb_tree_d3,m060534_o_min_ord16_rk00020,16,0.3070805706855463,2.4834585933443494,7,Democracy
AD->FTD,o_min,xgb_tree_d3,m056527_o_min_ord12_rk00013,12,0.3070559598596561,2.688721875540867,7,Air Pollution
AD->FTD,o_min,xgb_tree_d3,m073528_o_min_ord29_rk00014,29,0.307026904562823,2.8271584782454653,9,Democracy
AD->FTD,o_min,xgb_tree_d3,m067516_o_min_ord23_rk00002,23,0.3069712368603393,2.9140163035068443,9,Democracy
AD->FTD,o_min,xgb_tree_d3,m058518_o_min_ord14_rk00004,14,0.3069531006390419,2.610577243331642,7,Temperature
AD->FTD,o_min,xgb_tree_d3,m066525_o_min_ord22_rk00011,22,0.3068560892900507,2.9019469592513696,9,Democracy
AD->FTD,o_min,xgb_tree_d3,m055528_o_min_ord11_rk00014,11,0.3068448771868283,2.663532754804255,7,Temperature
AD->FTD,o_min,xgb_tree_d3,m066515_o_min_ord22_rk00001,22,0.3068245595496265,2.9540036423298544,9,Democracy
AD->FTD,o_min,xgb_tree_d3,m065530_o_min_ord21_rk00016,21,0.3068091903609541,2.851149423893032,8,Democracy
AD->FTD,o_min,xgb_tree_d3,m069531_o_min_ord25_rk00017,25,0.3067762548032212,2.8888840705376357,9,Democracy
AD->FTD,o_min,xgb_tree_d3,m069526_o_min_ord25_rk00012,25,0.3067259592653617,2.8676013115120567,9,Democracy
AD->FTD,o_min,xgb_tree_d3,m047528_o_min_ord3_rk00014,3,0.3066232495892204,0.9182958340544896,2,Air Pollution
AD->FTD,o_min,xgb_tree_d3,m055530_o_min_ord11_rk00016,11,0.306576842296743,2.481714572986073,6,Temperature
AD->FTD,o_min,xgb_tree_d3,m064533_o_min_ord20_rk00019,20,0.3065515221380607,2.7282129458410016,7,Democracy
AD->FTD,o_min,xgb_tree_d3,m054521_o_min_ord10_rk00007,10,0.3065410166778213,2.4464393446710155,6,Temperature
AD->FTD,o_min,xgb_tree_d3,m065528_o_min_ord21_rk00014,21,0.306527376754009,2.9463875191311275,9,Democracy
AD->FTD,o_min,xgb_tree_d3,m050526_o_min_ord6_rk00012,6,0.3064560121169521,1.9182958340544896,4,Precipitation/droughts
AD->FTD,o_min,xgb_tree_d3,m054525_o_min_ord10_rk00011,10,0.306372501684055,2.2464393446710154,5,Socioeconomic
AD->FTD,o_min,xgb_tree_d3,m064529_o_min_ord20_rk00015,20,0.3063440497575084,2.6841837197791887,7,Temperature
AD->FTD,o_min,xgb_tree_d3,m068523_o_min_ord24_rk00009,24,0.3063430431354699,2.7509619827626763,9,Democracy
AD->FTD,o_min,xgb_tree_d3,m063529_o_min_ord19_rk00015,19,0.3063154407552763,2.4370658315190226,7,Democracy
AD->FTD,o_min,xgb_tree_d3,m059531_o_min_ord15_rk00017,15,0.3062905832309798,2.8225797618424915,8,Temperature
AD->FTD,o_min,xgb_tree_d3,m061525_o_min_ord17_rk00011,17,0.3062800601664763,2.6601297526332566,8,Democracy
AD->FTD,o_min,xgb_tree_d3,m064515_o_min_ord20_rk00001,20,0.3062591858653428,2.6841837197791887,7,Temperature
AD->FTD,o_min,xgb_tree_d3,m064525_o_min_ord20_rk00011,20,0.3061972542731414,2.6037016960573482,7,Democracy
AD->FTD,o_min,xgb_tree_d3,m066523_o_min_ord22_rk00009,22,0.3061639990099698,2.8045965297024473,9,Democracy
AD->FTD,o_min,xgb_tree_d3,m069524_o_min_ord25_rk00010,25,0.3061558423244683,2.8888840705376357,9,Democracy
AD->FTD,o_min,xgb_tree_d3,m053519_o_min_ord9_rk00005,9,0.3061091581040739,2.2810361125534238,5,Air Pollution
AD->FTD,o_min,xgb_tree_d3,m070524_o_min_ord26_rk00010,26,0.3060537151383058,2.8252517372886508,9,Democracy
AD->FTD,o_min,xgb_tree_d3,m073527_o_min_ord29_rk00013,29,0.3059789221466918,2.8961239954868447,10,Democracy
AD->FTD,o_min,xgb_tree_d3,m067527_o_min_ord23_rk00013,23,0.305970371693289,2.7837353286220776,9,Democracy
AD->FTD,o_min,xgb_tree_d3,m071534_o_min_ord27_rk00020,27,0.3059211513593309,2.9024425973114867,9,Democracy
AD->FTD,o_min,xgb_tree_d3,m064520_o_min_ord20_rk00006,20,0.3059154165492848,2.884183719779189,8,Precipitation/droughts
AD->FTD,o_min,xgb_tree_d3,m069530_o_min_ord25_rk00016,25,0.3058925907510755,2.84307418942857,8,Democracy
AD->FTD,o_min,xgb_tree_d3,m072530_o_min_ord28_rk00016,28,0.3058661619474717,2.935698780751651,9,Democracy
AD->FTD,o_min,xgb_tree_d3,m071524_o_min_ord27_rk00010,27,0.3057541759339304,2.815460540067162,9,Democracy
AD->FTD,o_min,xgb_tree_d3,m068529_o_min_ord24_rk00015,24,0.3055851692174715,2.907268229617389,9,Democracy
AD->FTD,o_min,xgb_tree_d3,m058528_o_min_ord14_rk00014,14,0.3055516239388767,2.699513850319966,7,Air Pollution
AD->FTD,o_min,xgb_tree_d3,m054528_o_min_ord10_rk00014,10,0.3055497521144159,2.2464393446710154,5,Temperature
AD->FTD,o_min,xgb_tree_d3,m057532_o_min_ord13_rk00018,13,0.3055170457884796,2.7773627950641693,8,Temperature
AD->FTD,o_min,xgb_tree_d3,m058527_o_min_ord14_rk00013,14,0.3055059814525879,2.5027361715940035,6,Air Pollution
AD->FTD,o_min,xgb_tree_d3,m071516_o_min_ord27_rk00002,27,0.3054488911163031,2.815460540067162,9,Democracy
AD->FTD,o_min,xgb_tree_d3,m064527_o_min_ord20_rk00013,20,0.3053932987571095,2.6841837197791887,7,Temperature
AD->FTD,o_min,xgb_tree_d3,m057526_o_min_ord13_rk00012,13,0.3053585763475436,2.449311833026446,6,Temperature
AD->FTD,o_min,xgb_tree_d3,m055515_o_min_ord11_rk00001,11,0.3053504449478884,2.7321588913645702,7,Air Pollution
AD->FTD,o_min,xgb_tree_d3,m056516_o_min_ord12_rk00002,12,0.3052256437794546,2.4591479170272446,6,Temperature
AD->FTD,o_min,xgb_tree_d3,m073524_o_min_ord29_rk00010,29,0.3051979567955341,2.983342099382735,10,Democracy
AD->FTD,o_min,xgb_tree_d3,m067530_o_min_ord23_rk00016,23,0.3051620816486087,2.7837353286220776,9,Democracy
AD->FTD,o_min,xgb_tree_d3,m064524_o_min_ord20_rk00010,20,0.3051510793207351,2.6841837197791887,7,Temperature
AD->FTD,o_min,xgb_tree_d3,m071522_o_min_ord27_rk00008,27,0.304954648067422,2.815460540067162,9,Democracy
AD->FTD,o_min,xgb_tree_d3,m073521_o_min_ord29_rk00007,29,0.3049453008730666,2.8271584782454653,9,Democracy
AD->FTD,o_min,xgb_tree_d3,m054520_o_min_ord10_rk00006,10,0.3049352634594601,2.4464393446710155,6,Temperature
AD->FTD,o_min,xgb_tree_d3,m069523_o_min_ord25_rk00009,25,0.3049066395860194,2.8676013115120567,9,Democracy
AD->FTD,o_min,xgb_tree_d3,m062530_o_min_ord18_rk00016,18,0.3048868985049582,2.6688388898504303,8,Democracy
AD->FTD,o_min,xgb_tree_d3,m061519_o_min_ord17_rk00005,17,0.3048795832587828,2.6312929881819,7,Temperature
AD->FTD,o_min,xgb_tree_d3,m074523_o_min_ord30_rk00009,30,0.3048464364414923,2.9437621626224817,10,Democracy
AD->FTD,o_min,xgb_tree_d3,m067517_o_min_ord23_rk00003,23,0.3048272706807025,2.9424955222917832,9,Democracy
AD->FTD,o_min,xgb_tree_d3,m058533_o_min_ord14_rk00019,14,0.304803508121763,2.610577243331642,7,Temperature
AD->FTD,o_min,xgb_tree_d3,m059515_o_min_ord15_rk00001,15,0.3047572917774844,2.872905595320056,8,Temperature
AD->FTD,o_min,xgb_tree_d3,m064528_o_min_ord20_rk00014,20,0.3047418510302584,2.7709505944546686,8,Democracy
AD->FTD,o_min,xgb_tree_d3,m066530_o_min_ord22_rk00016,22,0.3046462715541559,2.867633890971212,9,Democracy
AD->FTD,o_min,xgb_tree_d3,m058520_o_min_ord14_rk00006,14,0.3046352981205094,2.8423709931771084,8,Temperature
AD->FTD,o_min,xgb_tree_d3,m073516_o_min_ord29_rk00002,29,0.304583576012257,2.900915908846073,9,Democracy
AD->FTD,o_min,xgb_tree_d3,m073518_o_min_ord29_rk00004,29,0.3045005062679676,2.8271584782454653,9,Democracy
AD->FTD,o_min,xgb_tree_d3,m072516_o_min_ord28_rk00002,28,0.3044601989469071,2.865764637179023,9,Democracy
AD->FTD,o_min,xgb_tree_d3,m058530_o_min_ord14_rk00016,14,0.3044318200876106,2.6455933144511468,7,Temperature
AD->FTD,o_min,xgb_tree_d3,m065519_o_min_ord21_rk00005,21,0.3043946293106528,2.7199643047423914,8,Democracy
AD->FTD,o_min,xgb_tree_d3,m065522_o_min_ord21_rk00008,21,0.3042835284688171,2.7199643047423914,7,Democracy
AD->FTD,o_min,xgb_tree_d3,m060520_o_min_ord16_rk00006,16,0.304149674263392,2.8584585933443494,8,Temperature
AD->FTD,o_min,xgb_tree_d3,m067520_o_min_ord23_rk00006,23,0.3041415604833564,2.9424955222917832,9,Democracy
AD->FTD,o_min,xgb_tree_d3,m073526_o_min_ord29_rk00012,29,0.3040528707427512,2.8566327186686844,9,Democracy
AD->FTD,o_min,xgb_tree_d3,m053521_o_min_ord9_rk00007,9,0.3040147877615449,2.5032583347756456,6,Air Pollution
AD->FTD,o_min,xgb_tree_d3,m073522_o_min_ord29_rk00008,29,0.3039887986804755,2.900915908846073,9,Democracy
AD->FTD,o_min,xgb_tree_d3,m065526_o_min_ord21_rk00012,21,0.3039003332809356,2.7179717342678,8,Democracy
AD->FTD,o_min,xgb_tree_d3,m066531_o_min_ord22_rk00017,22,0.3039000815362873,2.9540036423298544,9,Democracy
AD->FTD,o_min,xgb_tree_d3,m070522_o_min_ord26_rk00008,26,0.3038158287357638,2.8536700092563416,9,Democracy
AD->FTD,o_min,xgb_tree_d3,m056530_o_min_ord12_rk00016,12,0.3035508468652125,2.688721875540867,7,Temperature
AD->FTD,o_min,xgb_tree_d3,m074525_o_min_ord30_rk00011,30,0.3035397512729411,2.8640835117703762,9,Democracy
AD->FTD,o_min,xgb_tree_d3,m066521_o_min_ord22_rk00007,22,0.3033980201153514,2.9317206879810787,9,Democracy
AD->FTD,o_min,xgb_tree_d3,m070531_o_min_ord26_rk00017,26,0.3033702675764367,2.8536700092563416,9,Democracy
AD->FTD,o_min,xgb_tree_d3,m067521_o_min_ord23_rk00007,23,0.3033522979648823,2.8927021732601896,9,Democracy
AD->FTD,o_min,xgb_tree_d3,m053524_o_min_ord9_rk00010,9,0.3032834662725181,2.197159723424149,5,Socioeconomic
AD->FTD,o_min,xgb_tree_d3,m071521_o_min_ord27_rk00007,27,0.30326421305539,2.8139107630313687,8,Democracy
AD->FTD,o_min,xgb_tree_d3,m063534_o_min_ord19_rk00020,19,0.3032507982128229,2.984769618706743,9,Temperature
AD->FTD,o_min,xgb_tree_d3,m059520_o_min_ord15_rk00006,15,0.3031657019002685,2.8225797618424915,8,Temperature
AD->FTD,o_min,xgb_tree_d3,m062518_o_min_ord18_rk00004,18,0.3031118296348472,2.4885548621928453,7,Democracy
AD->FTD,o_min,xgb_tree_d3,m067533_o_min_ord23_rk00019,23,0.3030814104535541,2.9424955222917832,9,Democracy
AD->FTD,o_min,xgb_tree_d3,m074533_o_min_ord30_rk00019,30,0.3030686030409578,2.7874302980927217,9,Democracy
AD->FTD,o_min,xgb_tree_d3,m061530_o_min_ord17_rk00016,17,0.3030410442733255,2.6312929881819,7,Temperature
AD->FTD,o_min,xgb_tree_d3,m065521_o_min_ord21_rk00007,21,0.3030335623191212,2.851149423893032,8,Democracy
AD->FTD,o_min,xgb_tree_d3,m064523_o_min_ord20_rk00009,20,0.3029148312376399,2.739353872167201,9,Democracy
AD->FTD,o_min,xgb_tree_d3,m064518_o_min_ord20_rk00004,20,0.302851544442579,2.739353872167201,9,Democracy
AD->FTD,o_min,xgb_tree_d3,m057525_o_min_ord13_rk00011,13,0.3028487810228352,2.7192945256669794,7,Air Pollution
AD->FTD,o_min,xgb_tree_d3,m048533_o_min_ord4_rk00019,4,0.3028195407941719,1.5,3,Air Pollution
AD->FTD,o_min,xgb_tree_d3,m055532_o_min_ord11_rk00018,11,0.3028011524620353,2.663532754804255,7,Temperature
AD->FTD,o_min,xgb_tree_d3,m067526_o_min_ord23_rk00012,23,0.3026819569401922,2.8440319350530703,9,Democracy
AD->FTD,o_min,xgb_tree_d3,m063531_o_min_ord19_rk00017,19,0.3026429006935395,2.5820599105802575,8,Democracy
AD->FTD,o_min,xgb_tree_d3,m061523_o_min_ord17_rk00009,17,0.3025431561495666,2.7333716642706998,7,Air Pollution
AD->FTD,o_min,xgb_tree_d3,m056517_o_min_ord12_rk00003,12,0.3025149453541979,2.688721875540867,7,Temperature
AD->FTD,o_min,xgb_tree_d3,m052525_o_min_ord8_rk00011,8,0.3024826751875074,1.75,4,Democracy
AD->FTD,o_min,xgb_tree_d3,m072524_o_min_ord28_rk00010,28,0.3023992223371573,2.865764637179023,9,Democracy
AD->FTD,o_min,xgb_tree_d3,m051515_o_min_ord7_rk00001,7,0.3023666667149863,2.2359263506290326,5,Precipitation/droughts
AD->FTD,o_min,xgb_tree_d3,m052524_o_min_ord8_rk00010,8,0.3023392678681958,1.561278124459133,3,Precipitation/droughts
AD->FTD,o_min,xgb_tree_d3,m053527_o_min_ord9_rk00013,9,0.3022523206466846,2.197159723424149,5,Socioeconomic
AD->FTD,o_min,xgb_tree_d3,m064516_o_min_ord20_rk00002,20,0.30221341550693,2.746439344671016,8,Democracy
AD->FTD,o_min,xgb_tree_d3,m066524_o_min_ord22_rk00010,22,0.3021787657723611,2.9019469592513696,9,Democracy
AD->FTD,o_min,xgb_tree_d3,m059527_o_min_ord15_rk00013,15,0.3021636263060181,2.8225797618424915,8,Temperature
AD->FTD,o_min,xgb_tree_d3,m051534_o_min_ord7_rk00020,7,0.3021130338476959,2.5216406363433186,6,Precipitation/droughts
AD->FTD,o_min,xgb_tree_d3,m062533_o_min_ord18_rk00019,18,0.3019354392762566,2.6688388898504303,8,Democracy
AD->FTD,o_min,xgb_tree_d3,m059517_o_min_ord15_rk00003,15,0.3018602511643377,2.8225797618424915,8,Temperature
AD->FTD,o_min,xgb_tree_d3,m072518_o_min_ord28_rk00004,28,0.3018516027486415,2.865764637179023,9,Democracy
AD->FTD,o_min,xgb_tree_d3,m070533_o_min_ord26_rk00019,26,0.3018392783602225,2.8536700092563416,9,Democracy
AD->FTD,o_min,xgb_tree_d3,m063519_o_min_ord19_rk00005,19,0.301725394883663,2.7603136973125117,7,Precipitation/droughts
AD->FTD,o_min,xgb_tree_d3,m073533_o_min_ord29_rk00019,29,0.3017090418214612,2.8271584782454653,9,Democracy
AD->FTD,o_min,xgb_tree_d3,m063525_o_min_ord19_rk00011,19,0.3015790024749781,2.694781460584273,8,Democracy
AD->FTD,o_min,xgb_tree_d3,m057533_o_min_ord13_rk00019,13,0.3013871025200988,2.6612262562697895,7,Temperature
AD->FTD,o_min,xgb_tree_d3,m064517_o_min_ord20_rk00003,20,0.3013402889935012,2.6841837197791887,7,Temperature
AD->FTD,o_min,xgb_tree_d3,m051531_o_min_ord7_rk00017,7,0.301291570252387,1.5566567074628228,3,Democracy
AD->FTD,o_min,xgb_tree_d3,m053526_o_min_ord9_rk00012,9,0.3012216097761448,2.197159723424149,5,Temperature
AD->FTD,o_min,xgb_tree_d3,m053515_o_min_ord9_rk00001,9,0.3011874718419983,2.197159723424149,5,Socioeconomic
AD->FTD,o_min,xgb_tree_d3,m067532_o_min_ord23_rk00018,23,0.301145989494659,2.766763175336722,9,Democracy
AD->FTD,o_min,xgb_tree_d3,m070529_o_min_ord26_rk00015,26,0.3009661433107363,2.8536700092563416,9,Democracy
AD->FTD,o_min,xgb_tree_d3,m064519_o_min_ord20_rk00005,20,0.3009207322822748,2.7464393446710154,7,Precipitation/droughts
AD->FTD,o_min,xgb_tree_d3,m056523_o_min_ord12_rk00009,12,0.3009199014725565,2.688721875540867,7,Temperature
AD->FTD,o_min,xgb_tree_d3,m070515_o_min_ord26_rk00001,26,0.300866194318263,2.8536700092563416,9,Democracy
AD->FTD,o_min,xgb_tree_d3,m061516_o_min_ord17_rk00002,17,0.300782613727326,2.498077546623641,7,Democracy
AD->FTD,o_min,xgb_tree_d3,m064521_o_min_ord20_rk00007,20,0.3006724399931582,2.739353872167201,9,Democracy
AD->FTD,o_min,xgb_tree_d3,m065515_o_min_ord21_rk00001,21,0.3004634403321181,2.9463875191311275,9,Democracy
AD->FTD,o_min,xgb_tree_d3,m064530_o_min_ord20_rk00016,20,0.3004444165493894,2.6841837197791887,7,Temperature
AD->FTD,o_min,xgb_tree_d3,m053520_o_min_ord9_rk00006,9,0.3004142818322959,2.2810361125534238,5,Air Pollution
AD->FTD,o_min,xgb_tree_d3,m070518_o_min_ord26_rk00004,26,0.3003965085982064,2.811231430496332,9,Democracy
AD->FTD,o_min,xgb_tree_d3,m054534_o_min_ord10_rk00020,10,0.300317149455867,2.721928094887362,7,Air Pollution
AD->FTD,o_min,xgb_tree_d3,m060519_o_min_ord16_rk00005,16,0.3002717211590551,2.7334585933443494,7,Air Pollution
AD->FTD,o_min,xgb_tree_d3,m061529_o_min_ord17_rk00015,17,0.3001457368398518,2.380430487800112,6,Democracy
AD->FTD,o_min,xgb_tree_d3,m058524_o_min_ord14_rk00010,14,0.3001001744126841,2.8423709931771084,8,Temperature
AD->FTD,o_min,xgb_tree_d3,m058529_o_min_ord14_rk00015,14,0.2999084193465403,2.610577243331642,7,Temperature
AD->FTD,o_min,xgb_tree_d3,m061524_o_min_ord17_rk00010,17,0.2998956420713069,2.498077546623641,7,Democracy
AD->FTD,o_min,xgb_tree_d3,m070528_o_min_ord26_rk00014,26,0.2998463582132487,2.8252517372886508,9,Democracy
AD->FTD,o_min,xgb_tree_d3,m072529_o_min_ord28_rk00015,28,0.2996264472503064,2.865764637179023,9,Democracy
AD->FTD,o_min,xgb_tree_d3,m070517_o_min_ord26_rk00003,26,0.2996038127066115,2.8536700092563416,9,Democracy
AD->FTD,o_min,xgb_tree_d3,m051521_o_min_ord7_rk00007,7,0.2995420079756749,2.2359263506290326,5,Precipitation/droughts
AD->FTD,o_min,xgb_tree_d3,m051517_o_min_ord7_rk00003,7,0.2995047247067683,2.2359263506290326,5,Precipitation/droughts
AD->FTD,o_min,xgb_tree_d3,m058522_o_min_ord14_rk00008,14,0.2994567781343309,2.6455933144511468,7,Temperature
AD->FTD,o_min,xgb_tree_d3,m065533_o_min_ord21_rk00019,21,0.2993777316907058,2.7199643047423914,7,Democracy
AD->FTD,o_min,xgb_tree_d3,m048524_o_min_ord4_rk00010,4,0.2993117883812692,1.5,3,Air Pollution
AD->FTD,o_min,xgb_tree_d3,m062522_o_min_ord18_rk00008,18,0.2993025154918396,2.905764584655453,8,Democracy
AD->FTD,o_min,xgb_tree_d3,m055524_o_min_ord11_rk00010,11,0.2992785378357617,2.413088436425758,6,Temperature
AD->FTD,o_min,xgb_tree_d3,m070525_o_min_ord26_rk00011,26,0.2990963976203913,2.8536700092563416,9,Democracy
AD->FTD,o_min,xgb_tree_d3,m056534_o_min_ord12_rk00020,12,0.2990793703204664,2.8553885422075336,8,Temperature
AD->FTD,o_min,xgb_tree_d3,m053529_o_min_ord9_rk00015,9,0.2990001883830659,2.197159723424149,5,Socioeconomic
AD->FTD,o_min,xgb_tree_d3,m052520_o_min_ord8_rk00006,8,0.2989781056517864,2.25,5,Temperature
AD->FTD,o_min,xgb_tree_d3,m065520_o_min_ord21_rk00006,21,0.2989268379531729,2.9463875191311275,9,Democracy
AD->FTD,o_min,xgb_tree_d3,m049526_o_min_ord5_rk00012,5,0.2983509015985111,1.5219280948873621,3,Air Pollution
AD->FTD,o_min,xgb_tree_d3,m057520_o_min_ord13_rk00006,13,0.2982181725043791,2.873140679513133,8,Precipitation/droughts
AD->FTD,o_min,xgb_tree_d3,m064534_o_min_ord20_rk00020,20,0.2979440981995366,2.6841837197791887,7,Temperature
AD->FTD,o_min,xgb_tree_d3,m059525_o_min_ord15_rk00011,15,0.2979421428282687,2.5492553971685,7,Democracy
AD->FTD,o_min,xgb_tree_d3,m064532_o_min_ord20_rk00018,20,0.2977778262367404,2.9414460711655215,9,Democracy
AD->FTD,o_min,xgb_tree_d3,m056526_o_min_ord12_rk00012,12,0.2973708577668609,2.8553885422075336,8,Precipitation/droughts
AD->FTD,o_min,xgb_tree_d3,m053516_o_min_ord9_rk00002,9,0.2972058475637753,2.725480556997868,7,Precipitation/droughts
AD->FTD,o_min,xgb_tree_d3,m055526_o_min_ord11_rk00012,11,0.2971331861746857,2.481714572986073,6,Air Pollution
AD->FTD,o_min,xgb_tree_d3,m065525_o_min_ord21_rk00011,21,0.2970568326636621,2.7606668272315975,8,Democracy
AD->FTD,o_min,xgb_tree_d3,m070519_o_min_ord26_rk00005,26,0.2970404541378592,2.8536700092563416,9,Democracy
AD->FTD,o_min,xgb_tree_d3,m062525_o_min_ord18_rk00011,18,0.296949535530396,2.591793226077496,8,Democracy
AD->FTD,o_min,xgb_tree_d3,m058517_o_min_ord14_rk00003,14,0.2969038055910293,2.8423709931771084,8,Temperature
AD->FTD,o_min,xgb_tree_d3,m060525_o_min_ord16_rk00011,16,0.2967515363824921,2.452819531114783,6,Temperature
AD->FTD,o_min,xgb_tree_d3,m070527_o_min_ord26_rk00013,26,0.2967490830757333,2.8536700092563416,9,Democracy
AD->FTD,o_min,xgb_tree_d3,m052523_o_min_ord8_rk00009,8,0.2967452336962058,2.5,6,Precipitation/droughts
AD->FTD,o_min,xgb_tree_d3,m063530_o_min_ord19_rk00016,19,0.296718156888658,2.9000516989995426,9,Democracy
AD->FTD,o_min,xgb_tree_d3,m058519_o_min_ord14_rk00005,14,0.2967138647210277,2.8423709931771084,8,Temperature
AD->FTD,o_min,xgb_tree_d3,m054531_o_min_ord10_rk00017,10,0.2967012945664352,2.2464393446710154,5,Socioeconomic
AD->FTD,o_min,xgb_tree_d3,m055517_o_min_ord11_rk00003,11,0.2962635690336987,2.663532754804255,7,Temperature
AD->FTD,o_min,xgb_tree_d3,m070516_o_min_ord26_rk00002,26,0.2960958078128991,2.8536700092563416,9,Democracy
AD->FTD,o_min,xgb_tree_d3,m070534_o_min_ord26_rk00020,26,0.2960602651212241,2.8536700092563416,9,Democracy
AD->FTD,o_min,xgb_tree_d3,m073530_o_min_ord29_rk00016,29,0.2959201620046504,2.8566327186686844,9,Democracy
AD->FTD,o_min,xgb_tree_d3,m071530_o_min_ord27_rk00016,27,0.2957247089081661,2.976516671385561,10,Democracy
AD->FTD,o_min,xgb_tree_d3,m059519_o_min_ord15_rk00005,15,0.2957165668401796,2.8225797618424915,8,Temperature
AD->FTD,o_min,xgb_tree_d3,m054518_o_min_ord10_rk00004,10,0.2956270569441168,2.4464393446710155,6,Temperature
AD->FTD,o_min,xgb_tree_d3,m057523_o_min_ord13_rk00009,13,0.2955216271674097,2.873140679513133,8,Precipitation/droughts
AD->FTD,o_min,xgb_tree_d3,m070530_o_min_ord26_rk00016,26,0.2954926791822188,2.8536700092563416,9,Democracy
AD->FTD,o_min,xgb_tree_d3,m062526_o_min_ord18_rk00012,18,0.295392513210041,2.4830067805200744,6,Democracy
AD->FTD,o_min,xgb_tree_d3,m062520_o_min_ord18_rk00006,18,0.2952560435985051,2.752715278979705,7,Democracy
AD->FTD,o_min,xgb_tree_d3,m051528_o_min_ord7_rk00014,7,0.2951825096684841,1.8423709931771088,4,Air Pollution
AD->FTD,o_min,xgb_tree_d3,m048528_o_min_ord4_rk00014,4,0.2949487788533811,1.5,3,Air Pollution
AD->FTD,o_min,xgb_tree_d3,m058525_o_min_ord14_rk00011,14,0.294934547847441,2.8423709931771084,8,Temperature
AD->FTD,o_min,xgb_tree_d3,m047517_o_min_ord3_rk00003,3,0.2949089813278505,1.584962500721156,3,Air Pollution
AD->FTD,o_min,xgb_tree_d3,m056522_o_min_ord12_rk00008,12,0.2947995910664165,2.688721875540867,7,Temperature
AD->FTD,o_min,xgb_tree_d3,m073520_o_min_ord29_rk00006,29,0.2947635799060119,2.7447322877088034,8,Democracy
AD->FTD,o_min,xgb_tree_d3,m070532_o_min_ord26_rk00018,26,0.2946825154478466,2.8536700092563416,9,Democracy
AD->FTD,o_min,xgb_tree_d3,m070526_o_min_ord26_rk00012,26,0.2946461829993005,2.8536700092563416,9,Democracy
AD->FTD,o_min,xgb_tree_d3,m064526_o_min_ord20_rk00012,20,0.2946298843724496,2.739353872167201,9,Democracy
AD->FTD,o_min,xgb_tree_d3,m058531_o_min_ord14_rk00017,14,0.2944916566771883,2.6455933144511468,7,Temperature
AD->FTD,o_min,xgb_tree_d3,m050534_o_min_ord6_rk00020,6,0.2944743604063565,2.2516291673878226,5,Precipitation/droughts
AD->FTD,o_min,xgb_tree_d3,m048515_o_min_ord4_rk00001,4,0.2943093519541085,1.0,2,Air Pollution
AD->FTD,o_min,xgb_tree_d3,m072525_o_min_ord28_rk00011,28,0.2940699788694904,2.7754316010011366,9,Democracy
AD->FTD,o_min,xgb_tree_d3,m055533_o_min_ord11_rk00019,11,0.2937049059225178,2.299896391167891,5,Temperature
AD->FTD,o_min,xgb_tree_d3,m057527_o_min_ord13_rk00013,13,0.2936158468485901,2.6031579868726,7,Temperature
AD->FTD,o_min,xgb_tree_d3,m054524_o_min_ord10_rk00010,10,0.293570070434671,2.2464393446710154,5,Temperature
AD->FTD,o_min,xgb_tree_d3,m050524_o_min_ord6_rk00010,6,0.2935391051348488,2.2516291673878226,5,Precipitation/droughts
AD->FTD,o_min,xgb_tree_d3,m054516_o_min_ord10_rk00002,10,0.2934768616608848,2.2464393446710154,5,Socioeconomic
AD->FTD,o_min,xgb_tree_d3,m049525_o_min_ord5_rk00011,5,0.2933819957876106,1.5219280948873621,3,Air Pollution
AD->FTD,o_min,xgb_tree_d3,m055529_o_min_ord11_rk00015,11,0.293321419515358,2.663532754804255,7,Temperature
AD->FTD,o_min,xgb_tree_d3,m047530_o_min_ord3_rk00016,3,0.2932320212409354,0.9182958340544896,2,Democracy
AD->FTD,o_min,xgb_tree_d3,m050522_o_min_ord6_rk00008,6,0.2927473384100135,1.9182958340544893,4,Air Pollution
AD->FTD,o_min,xgb_tree_d3,m057517_o_min_ord13_rk00003,13,0.2924589441068987,2.6612262562697895,7,Temperature
AD->FTD,o_min,xgb_tree_d3,m062515_o_min_ord18_rk00001,18,0.2922587849922968,2.858278308418045,9,Democracy
AD->FTD,o_min,xgb_tree_d3,m056524_o_min_ord12_rk00010,12,0.2922480747884932,2.6258145836939115,7,Temperature
AD->FTD,o_min,xgb_tree_d3,m050521_o_min_ord6_rk00007,6,0.2922152669607845,1.9182958340544893,4,Precipitation/droughts
AD->FTD,o_min,xgb_tree_d3,m056533_o_min_ord12_rk00019,12,0.2918895342131732,2.292481250360578,5,Temperature
AD->FTD,o_min,xgb_tree_d3,m064522_o_min_ord20_rk00008,20,0.2916008178658071,2.865957320949175,8,Democracy
AD->FTD,o_min,xgb_tree_d3,m054532_o_min_ord10_rk00018,10,0.291479712740407,2.4464393446710155,6,Temperature
AD->FTD,o_min,xgb_tree_d3,m057528_o_min_ord13_rk00014,13,0.2913917125916662,2.6612262562697895,7,Temperature
AD->FTD,o_min,xgb_tree_d3,m071519_o_min_ord27_rk00005,27,0.2909486858718241,2.815460540067162,9,Democracy
AD->FTD,o_min,xgb_tree_d3,m052521_o_min_ord8_rk00007,8,0.2908868790625302,1.9056390622295665,4,Socioeconomic
AD->FTD,o_min,xgb_tree_d3,m057530_o_min_ord13_rk00016,13,0.2907893361343528,2.7192945256669794,7,Temperature
AD->FTD,o_min,xgb_tree_d3,m051523_o_min_ord7_rk00009,7,0.2907016985853234,1.9502120649147465,4,Precipitation/droughts
AD->FTD,o_min,xgb_tree_d3,m052526_o_min_ord8_rk00012,8,0.290660615051853,2.25,5,Precipitation/droughts
AD->FTD,o_min,xgb_tree_d3,m072517_o_min_ord28_rk00003,28,0.2903806160701353,2.7754316010011366,9,Democracy
AD->FTD,o_min,xgb_tree_d3,m061520_o_min_ord17_rk00006,17,0.2903506790285673,2.939829017466402,9,Democracy
AD->FTD,o_min,xgb_tree_d3,m057515_o_min_ord13_rk00001,13,0.2902883073632039,2.6612262562697895,7,Temperature
AD->FTD,o_min,xgb_tree_d3,m059533_o_min_ord15_rk00019,15,0.2897633473710398,2.8225797618424915,8,Temperature
AD->FTD,o_min,xgb_tree_d3,m054515_o_min_ord10_rk00001,10,0.2895912792775255,2.7219280948873625,7,Air Pollution
AD->FTD,o_min,xgb_tree_d3,m063532_o_min_ord19_rk00018,19,0.2894767766357085,2.8000446184790095,9,Democracy
AD->FTD,o_min,xgb_tree_d3,m061527_o_min_ord17_rk00013,17,0.289444939097715,2.7045348998193433,7,Temperature
AD->FTD,o_min,xgb_tree_d3,m047522_o_min_ord3_rk00008,3,0.2893438850548403,0.9182958340544896,2,Democracy
AD->FTD,o_min,xgb_tree_d3,m050520_o_min_ord6_rk00006,6,0.2890679949176276,1.9182958340544893,4,Air Pollution
AD->FTD,o_min,xgb_tree_d3,m071525_o_min_ord27_rk00011,27,0.2889968904882353,2.815460540067162,9,Democracy
AD->FTD,o_min,xgb_tree_d3,m047527_o_min_ord3_rk00013,3,0.2889919354768595,0.9182958340544896,2,Democracy
AD->FTD,o_min,xgb_tree_d3,m061533_o_min_ord17_rk00019,17,0.2889299087758925,2.9109922530150456,9,Temperature
AD->FTD,o_min,xgb_tree_d3,m052517_o_min_ord8_rk00003,8,0.288920681684148,2.1556390622295662,5,Socioeconomic
AD->FTD,o_min,xgb_tree_d3,m060529_o_min_ord16_rk00015,16,0.2887520398755018,2.5550365325772653,7,Democracy
AD->FTD,o_min,xgb_tree_d3,m049518_o_min_ord5_rk00004,5,0.288714269514171,1.5219280948873621,3,Air Pollution
AD->FTD,o_min,xgb_tree_d3,m057529_o_min_ord13_rk00015,13,0.288561745524705,2.6031579868726,7,Temperature
AD->FTD,o_min,xgb_tree_d3,m060532_o_min_ord16_rk00018,16,0.2884625836526541,2.8584585933443494,8,Temperature
AD->FTD,o_min,xgb_tree_d3,m060528_o_min_ord16_rk00014,16,0.2882449561301555,2.8584585933443494,8,Temperature
AD->FTD,o_min,xgb_tree_d3,m052515_o_min_ord8_rk00001,8,0.2881600663018685,2.25,5,Air Pollution
AD->FTD,o_min,xgb_tree_d3,m060533_o_min_ord16_rk00019,16,0.287945166483961,2.8584585933443494,8,Temperature
AD->FTD,o_min,xgb_tree_d3,m050528_o_min_ord6_rk00014,6,0.2879393833228542,1.4591479170272448,3,Socioeconomic
AD->FTD,o_min,xgb_tree_d3,m056525_o_min_ord12_rk00011,12,0.2878453987778938,2.688721875540867,7,Temperature
AD->FTD,o_min,xgb_tree_d3,m052522_o_min_ord8_rk00008,8,0.2877421398874491,2.25,5,Temperature
AD->FTD,o_min,xgb_tree_d3,m060523_o_min_ord16_rk00009,16,0.2873179512350962,2.7806390622295662,8,Democracy
AD->FTD,o_min,xgb_tree_d3,m054522_o_min_ord10_rk00008,10,0.2868344473347403,2.7219280948873625,7,Temperature
AD->FTD,o_min,xgb_tree_d3,m056518_o_min_ord12_rk00004,12,0.2868224451304596,2.584962500721156,7,Temperature
AD->FTD,o_min,xgb_tree_d3,m048520_o_min_ord4_rk00006,4,0.2868196510935626,1.5,3,Air Pollution
AD->FTD,o_min,xgb_tree_d3,m052527_o_min_ord8_rk00013,8,0.2866673590364237,2.25,5,Precipitation/droughts
AD->FTD,o_min,xgb_tree_d3,m071528_o_min_ord27_rk00014,27,0.2866336760522782,2.815460540067162,9,Democracy
AD->FTD,o_min,xgb_tree_d3,m056515_o_min_ord12_rk00001,12,0.2866296881670379,2.688721875540867,7,Temperature
AD->FTD,o_min,xgb_tree_d3,m057521_o_min_ord13_rk00007,13,0.2862782736468627,2.6612262562697895,7,Temperature
AD->FTD,o_min,xgb_tree_d3,m057524_o_min_ord13_rk00010,13,0.2860277008509563,2.2577560641285177,5,Temperature
AD->FTD,o_min,xgb_tree_d3,m056521_o_min_ord12_rk00007,12,0.2854233802902282,2.8553885422075336,8,Precipitation/droughts
AD->FTD,o_min,xgb_tree_d3,m048525_o_min_ord4_rk00011,4,0.2852556021267117,1.5,3,Air Pollution
AD->FTD,o_min,xgb_tree_d3,m049529_o_min_ord5_rk00015,5,0.2850921760240337,1.3709505944546687,3,Air Pollution
AD->FTD,o_min,xgb_tree_d3,m060517_o_min_ord16_rk00003,16,0.2842102027360725,2.452819531114783,6,Temperature
AD->FTD,o_min,xgb_tree_d3,m047524_o_min_ord3_rk00010,3,0.2828834952587689,0.9182958340544896,2,Democracy
AD->FTD,o_min,xgb_tree_d3,m048518_o_min_ord4_rk00004,4,0.2822704017475778,1.5,3,Air Pollution
AD->FTD,o_min,xgb_tree_d3,m062529_o_min_ord18_rk00015,18,0.2820779233659919,2.858278308418045,9,Democracy
AD->FTD,o_min,xgb_tree_d3,m052528_o_min_ord8_rk00014,8,0.2814932556140483,2.25,5,Precipitation/droughts
AD->FTD,o_min,xgb_tree_d3,m047531_o_min_ord3_rk00017,3,0.2809446318671171,0.9182958340544896,2,Air Pollution
AD->FTD,o_min,xgb_tree_d3,m057519_o_min_ord13_rk00005,13,0.2808743944384128,2.6612262562697895,7,Temperature
AD->FTD,o_min,xgb_tree_d3,m057522_o_min_ord13_rk00008,13,0.2808454305461815,2.6612262562697895,7,Temperature
AD->FTD,o_min,xgb_tree_d3,m059530_o_min_ord15_rk00016,15,0.2807778186421469,2.256564762130954,5,Temperature
AD->FTD,o_min,xgb_tree_d3,m062532_o_min_ord18_rk00018,18,0.2806414285234238,2.858278308418045,9,Democracy
AD->FTD,o_min,xgb_tree_d3,m054519_o_min_ord10_rk00005,10,0.2803062248064227,2.2464393446710154,5,Democracy
AD->FTD,o_min,xgb_tree_d3,m047529_o_min_ord3_rk00015,3,0.2801323272297209,1.584962500721156,3,Air Pollution
AD->FTD,o_min,xgb_tree_d3,m058516_o_min_ord14_rk00002,14,0.280043726452678,2.8423709931771084,8,Temperature
AD->FTD,o_min,xgb_tree_d3,m052531_o_min_ord8_rk00017,8,0.2799740091634405,2.1556390622295662,5,Air Pollution
AD->FTD,o_min,xgb_tree_d3,m057518_o_min_ord13_rk00004,13,0.2799242004594163,2.873140679513133,8,Temperature
AD->FTD,o_min,xgb_tree_d3,m060531_o_min_ord16_rk00017,16,0.2792191270705522,2.625,7,Temperature
AD->FTD,o_min,xgb_tree_d3,m048532_o_min_ord4_rk00018,4,0.2788302399196964,1.5,3,Temperature
AD->FTD,o_min,xgb_tree_d3,m060515_o_min_ord16_rk00001,16,0.2787191335164081,2.7334585933443494,7,Air Pollution
AD->FTD,o_min,xgb_tree_d3,m048517_o_min_ord4_rk00003,4,0.2783839135040167,1.5,3,Air Pollution
AD->FTD,o_min,xgb_tree_d3,m059524_o_min_ord15_rk00010,15,0.2778446984247471,2.8225797618424915,8,Temperature
AD->FTD,o_min,xgb_tree_d3,m049533_o_min_ord5_rk00019,5,0.2775700773464415,1.5219280948873621,3,Air Pollution
AD->FTD,o_min,xgb_tree_d3,m048527_o_min_ord4_rk00013,4,0.2775193037343061,2.0,4,Air Pollution
AD->FTD,o_min,xgb_tree_d3,m052534_o_min_ord8_rk00020,8,0.2773957030381371,2.25,5,Air Pollution
AD->FTD,o_min,xgb_tree_d3,m059529_o_min_ord15_rk00015,15,0.2771895430664219,2.656564762130954,7,Temperature
AD->FTD,o_min,xgb_tree_d3,m052532_o_min_ord8_rk00018,8,0.2770613382125179,2.0,4,Air Pollution
AD->FTD,o_min,xgb_tree_d3,m052516_o_min_ord8_rk00002,8,0.2768587039523201,2.25,5,Temperature
AD->FTD,o_min,xgb_tree_d3,m050531_o_min_ord6_rk00017,6,0.2764969657246722,1.584962500721156,3,Air Pollution
AD->FTD,o_min,xgb_tree_d3,m048523_o_min_ord4_rk00009,4,0.2748849550304666,1.5,3,Air Pollution
AD->FTD,o_min,xgb_tree_d3,m062531_o_min_ord18_rk00017,18,0.2744241400060149,2.9057645846554525,9,Temperature
AD->FTD,o_min,xgb_tree_d3,m056528_o_min_ord12_rk00014,12,0.2743975535258431,2.292481250360578,5,Temperature
AD->FTD,o_min,xgb_tree_d3,m055521_o_min_ord11_rk00007,11,0.2742020359399123,2.299896391167891,5,Temperature
AD->FTD,o_min,xgb_tree_d3,m048516_o_min_ord4_rk00002,4,0.2737116624464156,1.5,3,Air Pollution
AD->FTD,o_min,xgb_tree_d3,m048529_o_min_ord4_rk00015,4,0.273349941153959,1.5,3,Air Pollution
AD->FTD,o_min,xgb_tree_d3,m053518_o_min_ord9_rk00004,9,0.2729477561590422,2.197159723424149,5,Temperature
AD->FTD,o_min,xgb_tree_d3,m047526_o_min_ord3_rk00012,3,0.2719651272392821,0.9182958340544896,2,Air Pollution
AD->FTD,o_min,xgb_tree_d3,m047520_o_min_ord3_rk00006,3,0.2715320510222028,-0.0,1,Air Pollution
AD->FTD,o_min,xgb_tree_d3,m047525_o_min_ord3_rk00011,3,0.2712772869194697,0.9182958340544896,2,Temperature
AD->FTD,o_min,xgb_tree_d3,m047516_o_min_ord3_rk00002,3,0.2706116992043933,0.9182958340544896,2,Democracy
AD->FTD,o_min,xgb_tree_d3,m047533_o_min_ord3_rk00019,3,0.2705349653837989,0.9182958340544896,2,Socioeconomic
AD->FTD,o_min,xgb_tree_d3,m047515_o_min_ord3_rk00001,3,0.2697614038555851,0.9182958340544896,2,Air Pollution
AD->FTD,o_min,xgb_tree_d3,m048530_o_min_ord4_rk00016,4,0.2687092976231339,2.0,4,Air Pollution
AD->FTD,o_min,xgb_tree_d3,m060526_o_min_ord16_rk00012,16,0.268330047400914,2.7806390622295662,8,Temperature
AD->FTD,o_min,xgb_tree_d3,m047521_o_min_ord3_rk00007,3,0.2676614351953486,0.9182958340544896,2,Democracy
AD->FTD,o_min,xgb_tree_d3,m049519_o_min_ord5_rk00005,5,0.2676275963143791,1.5219280948873621,3,Air Pollution
AD->FTD,o_min,xgb_tree_d3,m056519_o_min_ord12_rk00005,12,0.2666479628158443,2.6258145836939115,7,Temperature
AD->FTD,o_min,xgb_tree_d3,m048521_o_min_ord4_rk00007,4,0.2661816976301915,1.5,3,Air Pollution
AD->FTD,o_min,xgb_tree_d3,m047523_o_min_ord3_rk00009,3,0.2660488735517919,1.584962500721156,3,Air Pollution
AD->FTD,o_min,xgb_tree_d3,m056520_o_min_ord12_rk00006,12,0.2659967496602818,2.6258145836939115,7,Temperature
AD->FTD,o_min,xgb_tree_d3,m048519_o_min_ord4_rk00005,4,0.2655325869800893,1.5,3,Socioeconomic
AD->FTD,o_min,xgb_tree_d3,m055523_o_min_ord11_rk00009,11,0.2643519898192169,2.299896391167891,5,Temperature
AD->FTD,o_min,xgb_tree_d3,m049524_o_min_ord5_rk00010,5,0.261539856231019,1.9219280948873623,4,Air Pollution
AD->FTD,o_min,xgb_tree_d3,m050517_o_min_ord6_rk00003,6,0.2615178714849678,1.7924812503605778,4,Air Pollution
AD->FTD,o_min,xgb_tree_d3,m050532_o_min_ord6_rk00018,6,0.2614229953575036,1.7924812503605778,4,Air Pollution
AD->FTD,o_min,xgb_tree_d3,m051519_o_min_ord7_rk00005,7,0.2604969625727493,1.3787834934861753,3,Democracy
AD->FTD,o_min,xgb_tree_d3,m049527_o_min_ord5_rk00013,5,0.2600253296391671,1.9219280948873623,4,Air Pollution
AD->FTD,o_min,xgb_tree_d3,m049522_o_min_ord5_rk00008,5,0.2594040810778851,1.5219280948873621,3,Air Pollution
AD->FTD,o_min,xgb_tree_d3,m047519_o_min_ord3_rk00005,3,0.2591873734928355,0.9182958340544896,2,Air Pollution
AD->FTD,o_min,xgb_tree_d3,m052518_o_min_ord8_rk00004,8,0.2574079416431427,2.25,5,Temperature
AD->FTD,o_min,xgb_tree_d3,m049521_o_min_ord5_rk00007,5,0.2572473553529941,1.9219280948873623,4,Air Pollution
AD->FTD,o_min,xgb_tree_d3,m049531_o_min_ord5_rk00017,5,0.2558566067525278,1.9219280948873623,4,Precipitation/droughts
AD->FTD,o_min,xgb_tree_d3,m051518_o_min_ord7_rk00004,7,0.2551987095346578,1.9502120649147465,4,Air Pollution
AD->FTD,o_min,xgb_tree_d3,m050525_o_min_ord6_rk00011,6,0.2541025969963637,1.4591479170272448,3,Democracy
AD->FTD,o_min,xgb_tree_d3,m049520_o_min_ord5_rk00006,5,0.253410346308932,1.9219280948873623,4,Air Pollution
AD->FTD,o_min,xgb_tree_d3,m050519_o_min_ord6_rk00005,6,0.2532542731766427,1.9182958340544893,4,Air Pollution
AD->FTD,o_min,xgb_tree_d3,m055522_o_min_ord11_rk00008,11,0.2523069789600582,2.481714572986073,6,Temperature
AD->FTD,o_min,xgb_tree_d3,m047518_o_min_ord3_rk00004,3,0.2522109856995239,0.9182958340544896,2,Democracy
AD->FTD,o_min,xgb_tree_d3,m051525_o_min_ord7_rk00011,7,0.2508770433049659,1.950212064914747,4,Air Pollution
AD->FTD,o_min,xgb_tree_d3,m051516_o_min_ord7_rk00002,7,0.2500520504544563,1.3787834934861753,3,Democracy
AD->FTD,o_min,xgb_tree_d3,m051520_o_min_ord7_rk00006,7,0.2497950151772869,2.1280852788913944,5,Air Pollution
AD->FTD,o_min,xgb_tree_d3,m049517_o_min_ord5_rk00003,5,0.249585842288138,1.9219280948873623,4,Air Pollution
AD->FTD,o_min,xgb_tree_d3,m052530_o_min_ord8_rk00016,8,0.2450568429558256,2.1556390622295662,5,Air Pollution
AD->FTD,o_min,xgb_tree_d3,m051526_o_min_ord7_rk00012,7,0.2429974841586862,1.8423709931771086,4,Democracy
AD->FTD,o_min,xgb_tree_d3,m050515_o_min_ord6_rk00001,6,0.2420964934492232,1.4591479170272448,3,Democracy
AD->FTD,o_min,xgb_tree_d3,m047534_o_min_ord3_rk00020,3,0.2409261586270934,1.584962500721156,3,Air Pollution
AD->FTD,o_min,xgb_tree_d3,m052519_o_min_ord8_rk00005,8,0.2400532360665994,2.5,6,Air Pollution
AD->FTD,o_min,xgb_tree_d3,m051533_o_min_ord7_rk00019,7,0.2381475182041924,1.8423709931771086,4,Democracy
AD->FTD,o_min,xgb_tree_d3,m052529_o_min_ord8_rk00015,8,0.2376569330170905,2.1556390622295662,5,Air Pollution
AD->FTD,o_min,xgb_tree_d3,m050533_o_min_ord6_rk00019,6,0.2298977610449132,1.9182958340544896,4,Precipitation/droughts
AD->FTD,o_min,xgb_tree_d3,m051527_o_min_ord7_rk00013,7,0.2290403370470444,1.8423709931771088,4,Air Pollution
AD->FTD,o_min,xgb_tree_d3,m052533_o_min_ord8_rk00019,8,0.2287418916121185,2.5,6,Air Pollution
AD->FTD,o_min,xgb_tree_d3,m049534_o_min_ord5_rk00020,5,0.2261059079284518,1.9219280948873623,4,Precipitation/droughts
AD->FTD,o_min,xgb_tree_d3,m051524_o_min_ord7_rk00010,7,0.2247189008607396,1.8423709931771088,4,Air Pollution
AD->FTD,o_min,xgb_tree_d3,m048531_o_min_ord4_rk00017,4,0.2241311477479297,1.5,3,Air Pollution
AD->FTD,o_min,xgb_tree_d3,m051532_o_min_ord7_rk00018,7,0.2217042091082842,1.8423709931771086,4,Democracy
AD->FTD,o_min,xgb_tree_d3,m051529_o_min_ord7_rk00015,7,0.2194438438940003,1.8423709931771086,4,Democracy
AD->FTD,o_min,xgb_tree_d3,m048534_o_min_ord4_rk00020,4,0.2182568610090299,1.5,3,Air Pollution
AD->FTD,o_min,xgb_tree_d3,m048522_o_min_ord4_rk00008,4,0.2175680228037818,1.5,3,Air Pollution
AD->FTD,o_min,xgb_tree_d3,m051530_o_min_ord7_rk00016,7,0.207177256264281,1.9502120649147465,4,Air Pollution
AD->FTD,o_min,xgb_tree_d3,m049532_o_min_ord5_rk00018,5,0.1968693308054239,1.5219280948873621,3,Air Pollution
AD->FTD,o_min,xgb_tree_d3,m049516_o_min_ord5_rk00002,5,0.194586476938317,1.5219280948873621,3,Air Pollution
AD->FTD,o_min,xgb_tree_d3,m053525_o_min_ord9_rk00011,9,0.1942948816558339,2.725480556997868,7,Air Pollution
AD->FTD,o_min,xgb_tree_d3,m050518_o_min_ord6_rk00004,6,0.191809368549266,1.9182958340544896,4,Air Pollution
AD->FTD,o_min,xgb_tree_d3,m049515_o_min_ord5_rk00001,5,0.1866066253283194,1.5219280948873621,3,Precipitation/droughts
AD->FTD,o_min,xgb_tree_d3,m049528_o_min_ord5_rk00014,5,0.1834703925092498,1.5219280948873621,3,Precipitation/droughts
AD->FTD,o_min,xgb_tree_d3,m049523_o_min_ord5_rk00009,5,0.1832903706982926,1.5219280948873621,3,Precipitation/droughts
AD->FTD,o_min,xgb_tree_d3,m047532_o_min_ord3_rk00018,3,0.1824662510211121,1.584962500721156,3,Air Pollution
AD->FTD,o_min,xgb_tree_d3,m050530_o_min_ord6_rk00016,6,0.1817444139478102,1.9182958340544896,4,Air Pollution
AD->FTD,o_min,xgb_tree_d3,m050527_o_min_ord6_rk00013,6,0.1797662642463579,1.9182958340544893,4,Air Pollution
AD->FTD,o_min,xgb_tree_d3,m050516_o_min_ord6_rk00002,6,0.1796536674102583,1.9182958340544896,4,Air Pollution
AD->FTD,o_min,xgb_tree_d3,m050529_o_min_ord6_rk00015,6,0.1772290171705528,1.9182958340544893,4,Air Pollution
AD->FTD,o_max,xgb_tree_d3,m013011_o_max_ord16_rk00012,16,0.3154290914978863,-0.0,1,Democracy
AD->FTD,o_max,xgb_tree_d3,m008013_o_max_ord11_rk00014,11,0.3139562903557753,-0.0,1,Democracy
AD->FTD,o_max,xgb_tree_d3,m008004_o_max_ord11_rk00005,11,0.3128199531858356,-0.0,1,Democracy
AD->FTD,o_max,xgb_tree_d3,m012016_o_max_ord15_rk00017,15,0.3123570816398674,0.35335933502142136,2,Democracy
AD->FTD,o_max,xgb_tree_d3,m004017_o_max_ord7_rk00018,7,0.3114261813377045,-0.0,1,Democracy
AD->FTD,o_max,xgb_tree_d3,m000017_o_max_ord3_rk00018,3,0.3113851065583536,-0.0,1,Democracy
AD->FTD,o_max,xgb_tree_d3,m005012_o_max_ord8_rk00013,8,0.310333123894998,-0.0,1,Democracy
AD->FTD,o_max,xgb_tree_d3,m008019_o_max_ord11_rk00020,11,0.3093960797441992,-0.0,1,Democracy
AD->FTD,o_max,xgb_tree_d3,m009011_o_max_ord12_rk00012,12,0.308151443131314,-0.0,1,Democracy
AD->FTD,o_max,xgb_tree_d3,m006008_o_max_ord9_rk00009,9,0.3075217911210383,-0.0,1,Democracy
AD->FTD,o_max,xgb_tree_d3,m007018_o_max_ord10_rk00019,10,0.3073571335966522,-0.0,1,Democracy
AD->FTD,o_max,xgb_tree_d3,m026002_o_max_ord29_rk00003,29,0.3058918455497674,1.1991018361613466,5,Democracy
AD->FTD,o_max,xgb_tree_d3,m016009_o_max_ord19_rk00010,19,0.3055049211595454,-0.0,1,Democracy
AD->FTD,o_max,xgb_tree_d3,m002018_o_max_ord5_rk00019,5,0.3054322117932958,-0.0,1,Democracy
AD->FTD,o_max,xgb_tree_d3,m007005_o_max_ord10_rk00006,10,0.3051808930435404,-0.0,1,Democracy
AD->FTD,o_max,xgb_tree_d3,m016006_o_max_ord19_rk00007,19,0.3048415714815675,-0.0,1,Democracy
AD->FTD,o_max,xgb_tree_d3,m002004_o_max_ord5_rk00005,5,0.303342998217656,-0.0,1,Democracy
AD->FTD,o_max,xgb_tree_d3,m011002_o_max_ord14_rk00003,14,0.3029564137961801,-0.0,1,Democracy
AD->FTD,o_max,xgb_tree_d3,m010016_o_max_ord13_rk00017,13,0.3028893559486716,-0.0,1,Democracy
AD->FTD,o_max,xgb_tree_d3,m016014_o_max_ord19_rk00015,19,0.3026223992927498,0.2974722489192896,2,Democracy
AD->FTD,o_max,xgb_tree_d3,m009006_o_max_ord12_rk00007,12,0.3021752366154411,-0.0,1,Democracy
AD->FTD,o_max,xgb_tree_d3,m009018_o_max_ord12_rk00019,12,0.3021372936509217,-0.0,1,Democracy
AD->FTD,o_max,xgb_tree_d3,m019018_o_max_ord22_rk00019,22,0.3010968061166404,0.266764987803026,2,Democracy
AD->FTD,o_max,xgb_tree_d3,m011004_o_max_ord14_rk00005,14,0.3008087071525768,-0.0,1,Democracy
AD->FTD,o_max,xgb_tree_d3,m019009_o_max_ord22_rk00010,22,0.3006338083686448,0.5304060778306042,3,Democracy
AD->FTD,o_max,xgb_tree_d3,m019000_o_max_ord22_rk00001,22,0.3005378898414775,0.8453509366224364,2,Democracy
AD->FTD,o_max,xgb_tree_d3,m011006_o_max_ord14_rk00007,14,0.30042152741165,-0.0,1,Democracy
AD->FTD,o_max,xgb_tree_d3,m000019_o_max_ord3_rk00020,3,0.3001717386268557,-0.0,1,Democracy
AD->FTD,o_max,xgb_tree_d3,m010005_o_max_ord13_rk00006,13,0.2997433668773247,-0.0,1,Democracy
AD->FTD,o_max,xgb_tree_d3,m015017_o_max_ord18_rk00018,18,0.2990742482379018,-0.0,1,Democracy
AD->FTD,o_max,xgb_tree_d3,m002000_o_max_ord5_rk00001,5,0.2989455715988427,-0.0,1,Democracy
AD->FTD,o_max,xgb_tree_d3,m017009_o_max_ord20_rk00010,20,0.2980065741545131,0.2863969571159562,2,Democracy
AD->FTD,o_max,xgb_tree_d3,m010012_o_max_ord13_rk00013,13,0.297603902372794,-0.0,1,Democracy
AD->FTD,o_max,xgb_tree_d3,m013007_o_max_ord16_rk00008,16,0.296750437209363,0.3372900666170139,2,Democracy
AD->FTD,o_max,xgb_tree_d3,m011005_o_max_ord14_rk00006,14,0.296588491892869,-0.0,1,Democracy
AD->FTD,o_max,xgb_tree_d3,m002011_o_max_ord5_rk00012,5,0.2960618586464556,-0.0,1,Democracy
AD->FTD,o_max,xgb_tree_d3,m002006_o_max_ord5_rk00007,5,0.2958689397746891,-0.0,1,Democracy
AD->FTD,o_max,xgb_tree_d3,m013016_o_max_ord16_rk00017,16,0.2954139672134809,-0.0,1,Democracy
AD->FTD,o_max,xgb_tree_d3,m010004_o_max_ord13_rk00005,13,0.2953507619610084,-0.0,1,Democracy
AD->FTD,o_max,xgb_tree_d3,m015009_o_max_ord18_rk00010,18,0.2949450391837479,-0.0,1,Democracy
AD->FTD,o_max,xgb_tree_d3,m016013_o_max_ord19_rk00014,19,0.2945200731137369,-0.0,1,Democracy
AD->FTD,o_max,xgb_tree_d3,m001015_o_max_ord4_rk00016,4,0.293443341287062,-0.0,1,Democracy
AD->FTD,o_max,xgb_tree_d3,m003002_o_max_ord6_rk00003,6,0.2930926206712156,-0.0,1,Democracy
AD->FTD,o_max,xgb_tree_d3,m020005_o_max_ord23_rk00006,23,0.2929071912990821,1.1545676820893709,4,Democracy
AD->FTD,o_max,xgb_tree_d3,m017014_o_max_ord20_rk00015,20,0.2926615425942447,-0.0,1,Democracy
AD->FTD,o_max,xgb_tree_d3,m019010_o_max_ord22_rk00011,22,0.2922803765730806,0.266764987803026,2,Democracy
AD->FTD,o_max,xgb_tree_d3,m020012_o_max_ord23_rk00013,23,0.2918544550029587,0.5131851787372753,3,Democracy
AD->FTD,o_max,xgb_tree_d3,m010014_o_max_ord13_rk00015,13,0.2917872885168429,-0.0,1,Democracy
AD->FTD,o_max,xgb_tree_d3,m013009_o_max_ord16_rk00010,16,0.2917456955355119,0.3372900666170139,2,Democracy
AD->FTD,o_max,xgb_tree_d3,m020017_o_max_ord23_rk00018,23,0.2916081444014499,0.5131851787372753,3,Democracy
AD->FTD,o_max,xgb_tree_d3,m015006_o_max_ord18_rk00007,18,0.29154938803141,-0.0,1,Democracy
AD->FTD,o_max,xgb_tree_d3,m020006_o_max_ord23_rk00007,23,0.2902568561481456,0.5131851787372753,3,Democracy
AD->FTD,o_max,xgb_tree_d3,m019016_o_max_ord22_rk00017,22,0.2902373102878478,0.266764987803026,2,Democracy
AD->FTD,o_max,xgb_tree_d3,m026004_o_max_ord29_rk00005,29,0.2897353710617777,1.2770049139968558,5,Democracy
AD->FTD,o_max,xgb_tree_d3,m001007_o_max_ord4_rk00008,4,0.2892969653003729,-0.0,1,Air Pollution
AD->FTD,o_max,xgb_tree_d3,m020009_o_max_ord23_rk00010,23,0.2881107573785482,0.4262286569981449,2,Democracy
AD->FTD,o_max,xgb_tree_d3,m012004_o_max_ord15_rk00005,15,0.2878594489381185,-0.0,1,Democracy
AD->FTD,o_max,xgb_tree_d3,m002008_o_max_ord5_rk00009,5,0.2877566837946897,-0.0,1,Democracy
AD->FTD,o_max,xgb_tree_d3,m026016_o_max_ord29_rk00017,29,0.2873930681804808,0.9944663403237343,4,Democracy
AD->FTD,o_max,xgb_tree_d3,m002019_o_max_ord5_rk00020,5,0.286940820663901,-0.0,1,Democracy
AD->FTD,o_max,xgb_tree_d3,m014015_o_max_ord17_rk00016,17,0.2866565766048305,-0.0,1,Democracy
AD->FTD,o_max,xgb_tree_d3,m026015_o_max_ord29_rk00016,29,0.286352736547007,1.2770049139968558,5,Democracy
AD->FTD,o_max,xgb_tree_d3,m019005_o_max_ord22_rk00006,22,0.2858193997609796,-0.0,1,Democracy
AD->FTD,o_max,xgb_tree_d3,m020007_o_max_ord23_rk00008,23,0.2858035922922887,1.0666152167384504,3,Democracy
AD->FTD,o_max,xgb_tree_d3,m019013_o_max_ord22_rk00014,22,0.2856283456564881,-0.0,1,Democracy
AD->FTD,o_max,xgb_tree_d3,m001019_o_max_ord4_rk00020,4,0.2854256342023014,-0.0,1,Air Pollution
AD->FTD,o_max,xgb_tree_d3,m021000_o_max_ord24_rk00001,24,0.285254613294005,0.8112781244591328,2,Democracy
AD->FTD,o_max,xgb_tree_d3,m026008_o_max_ord29_rk00009,29,0.2848365075839792,1.1991018361613466,5,Democracy
AD->FTD,o_max,xgb_tree_d3,m020019_o_max_ord23_rk00020,23,0.2848257384725843,0.4262286569981449,2,Democracy
AD->FTD,o_max,xgb_tree_d3,m013000_o_max_ord16_rk00001,16,0.2847137473867434,-0.0,1,Democracy
AD->FTD,o_max,xgb_tree_d3,m012002_o_max_ord15_rk00003,15,0.2842002296751708,-0.0,1,Democracy
AD->FTD,o_max,xgb_tree_d3,m012015_o_max_ord15_rk00016,15,0.283723012593612,-0.0,1,Democracy
AD->FTD,o_max,xgb_tree_d3,m017001_o_max_ord20_rk00002,20,0.2835635692642436,-0.0,1,Democracy
AD->FTD,o_max,xgb_tree_d3,m019007_o_max_ord22_rk00008,22,0.2830580588394685,0.266764987803026,2,Democracy
AD->FTD,o_max,xgb_tree_d3,m010007_o_max_ord13_rk00008,13,0.2830179719789264,-0.0,1,Democracy
AD->FTD,o_max,xgb_tree_d3,m000014_o_max_ord3_rk00015,3,0.2829754477303579,-0.0,1,Democracy
AD->FTD,o_max,xgb_tree_d3,m026003_o_max_ord29_rk00004,29,0.282522945533458,1.1991018361613466,5,Democracy
AD->FTD,o_max,xgb_tree_d3,m026013_o_max_ord29_rk00014,29,0.2823897577455774,1.1991018361613466,5,Democracy
AD->FTD,o_max,xgb_tree_d3,m022017_o_max_ord25_rk00018,25,0.2819461674245896,0.996118213778296,4,Democracy
AD->FTD,o_max,xgb_tree_d3,m026006_o_max_ord29_rk00007,29,0.2816865001859633,1.3110022671212271,6,Democracy
AD->FTD,o_max,xgb_tree_d3,m014000_o_max_ord17_rk00001,17,0.281677725110762,0.9366673818775624,2,Democracy
AD->FTD,o_max,xgb_tree_d3,m020016_o_max_ord23_rk00017,23,0.2816548261875178,0.2580186686648155,2,Democracy
AD->FTD,o_max,xgb_tree_d3,m026007_o_max_ord29_rk00008,29,0.2815727085726499,1.1991018361613466,5,Democracy
AD->FTD,o_max,xgb_tree_d3,m001002_o_max_ord4_rk00003,4,0.2815463647396888,-0.0,1,Democracy
AD->FTD,o_max,xgb_tree_d3,m017007_o_max_ord20_rk00008,20,0.2812581187814267,0.2863969571159562,2,Democracy
AD->FTD,o_max,xgb_tree_d3,m013018_o_max_ord16_rk00019,16,0.2811285399757757,-0.0,1,Democracy
AD->FTD,o_max,xgb_tree_d3,m002010_o_max_ord5_rk00011,5,0.2809316630979067,-0.0,1,Democracy
AD->FTD,o_max,xgb_tree_d3,m026000_o_max_ord29_rk00001,29,0.2806875286741034,1.1991018361613466,5,Democracy
AD->FTD,o_max,xgb_tree_d3,m002001_o_max_ord5_rk00002,5,0.2803358224815888,-0.0,1,Democracy
AD->FTD,o_max,xgb_tree_d3,m020000_o_max_ord23_rk00001,23,0.280215945170625,0.828055725379504,2,Democracy
AD->FTD,o_max,xgb_tree_d3,m002013_o_max_ord5_rk00014,5,0.2798184155692054,-0.0,1,Democracy
AD->FTD,o_max,xgb_tree_d3,m021017_o_max_ord24_rk00018,24,0.2796336739025087,1.3563429881688323,5,Democracy
AD->FTD,o_max,xgb_tree_d3,m012001_o_max_ord15_rk00002,15,0.2788449159460529,-0.0,1,Democracy
AD->FTD,o_max,xgb_tree_d3,m026001_o_max_ord29_rk00002,29,0.2782151795157692,1.1425175164144374,4,Democracy
AD->FTD,o_max,xgb_tree_d3,m018005_o_max_ord21_rk00006,21,0.2781435496579015,-0.0,1,Democracy
AD->FTD,o_max,xgb_tree_d3,m005009_o_max_ord8_rk00010,8,0.2777736460584373,-0.0,1,Democracy
AD->FTD,o_max,xgb_tree_d3,m001011_o_max_ord4_rk00012,4,0.276839585701797,-0.0,1,Democracy
AD->FTD,o_max,xgb_tree_d3,m026005_o_max_ord29_rk00006,29,0.2761601198329713,1.1063667712836147,5,Democracy
AD->FTD,o_max,xgb_tree_d3,m026011_o_max_ord29_rk00012,29,0.2757344136313424,1.3110022671212271,6,Democracy
AD->FTD,o_max,xgb_tree_d3,m000016_o_max_ord3_rk00017,3,0.2757288337552732,-0.0,1,Democracy
AD->FTD,o_max,xgb_tree_d3,m013013_o_max_ord16_rk00014,16,0.2755170303295835,-0.0,1,Democracy
AD->FTD,o_max,xgb_tree_d3,m026012_o_max_ord29_rk00013,29,0.2752816249240706,1.1991018361613466,5,Democracy
AD->FTD,o_max,xgb_tree_d3,m020015_o_max_ord23_rk00016,23,0.2750515278299731,1.0534081504863568,4,Democracy
AD->FTD,o_max,xgb_tree_d3,m026019_o_max_ord29_rk00020,29,0.2749807057536536,1.3110022671212271,6,Democracy
AD->FTD,o_max,xgb_tree_d3,m017005_o_max_ord20_rk00006,20,0.2749424884368676,-0.0,1,Democracy
AD->FTD,o_max,xgb_tree_d3,m014010_o_max_ord17_rk00011,17,0.2748326488628148,-0.0,1,Democracy
AD->FTD,o_max,xgb_tree_d3,m003007_o_max_ord6_rk00008,6,0.2747407966820198,-0.0,1,Democracy
AD->FTD,o_max,xgb_tree_d3,m026010_o_max_ord29_rk00011,29,0.274588043508171,0.9944663403237343,4,Democracy
AD->FTD,o_max,xgb_tree_d3,m026014_o_max_ord29_rk00015,29,0.2742338562771297,0.9944663403237343,4,Democracy
AD->FTD,o_max,xgb_tree_d3,m006015_o_max_ord9_rk00016,9,0.2740411071093902,-0.0,1,Democracy
AD->FTD,o_max,xgb_tree_d3,m023018_o_max_ord26_rk00019,26,0.2737717748729428,0.7441942138263227,3,Democracy
AD->FTD,o_max,xgb_tree_d3,m001000_o_max_ord4_rk00001,4,0.27351548133959,-0.0,1,Democracy
AD->FTD,o_max,xgb_tree_d3,m001013_o_max_ord4_rk00014,4,0.2734888688163321,-0.0,1,Democracy
AD->FTD,o_max,xgb_tree_d3,m008015_o_max_ord11_rk00016,11,0.2734546732563019,-0.0,1,Democracy
AD->FTD,o_max,xgb_tree_d3,m010015_o_max_ord13_rk00016,13,0.2734420831665954,-0.0,1,Democracy
AD->FTD,o_max,xgb_tree_d3,m017006_o_max_ord20_rk00007,20,0.273298535254023,0.2863969571159562,2,Democracy
AD->FTD,o_max,xgb_tree_d3,m017018_o_max_ord20_rk00019,20,0.273102083448376,1.1411535278793057,3,Democracy
AD->FTD,o_max,xgb_tree_d3,m012012_o_max_ord15_rk00013,15,0.2729494050678989,-0.0,1,Democracy
AD->FTD,o_max,xgb_tree_d3,m025018_o_max_ord28_rk00019,28,0.2725655239156422,0.9591963191047147,3,Democracy
AD->FTD,o_max,xgb_tree_d3,m016003_o_max_ord19_rk00004,19,0.272503285179923,-0.0,1,Democracy
AD->FTD,o_max,xgb_tree_d3,m002015_o_max_ord5_rk00016,5,0.2724929793844187,-0.0,1,Democracy
AD->FTD,o_max,xgb_tree_d3,m014017_o_max_ord17_rk00018,17,0.2724615710536583,0.3227569588973982,2,Democracy
AD->FTD,o_max,xgb_tree_d3,m022002_o_max_ord25_rk00003,25,0.2722835429725861,0.7950402793845223,2,Democracy
AD->FTD,o_max,xgb_tree_d3,m015015_o_max_ord18_rk00016,18,0.2722052649860554,-0.0,1,Democracy
AD->FTD,o_max,xgb_tree_d3,m014013_o_max_ord17_rk00014,17,0.2717657223957189,-0.0,1,Democracy
AD->FTD,o_max,xgb_tree_d3,m021014_o_max_ord24_rk00015,24,0.2716598193775568,1.2593984370492772,5,Democracy
AD->FTD,o_max,xgb_tree_d3,m006016_o_max_ord9_rk00017,9,0.271496128251271,-0.0,1,Democracy
AD->FTD,o_max,xgb_tree_d3,m013015_o_max_ord16_rk00016,16,0.2711137704498815,-0.0,1,Democracy
AD->FTD,o_max,xgb_tree_d3,m013004_o_max_ord16_rk00005,16,0.2708023774105833,-0.0,1,Democracy
AD->FTD,o_max,xgb_tree_d3,m020013_o_max_ord23_rk00014,23,0.2707130518242784,0.7653636126766978,4,Democracy
AD->FTD,o_max,xgb_tree_d3,m022005_o_max_ord25_rk00006,25,0.2705830156295719,0.996118213778296,4,Democracy
AD->FTD,o_max,xgb_tree_d3,m016002_o_max_ord19_rk00003,19,0.2705722188731686,-0.0,1,Democracy
AD->FTD,o_max,xgb_tree_d3,m026017_o_max_ord29_rk00018,29,0.2700328580519152,1.1425175164144374,4,Democracy
AD->FTD,o_max,xgb_tree_d3,m023003_o_max_ord26_rk00004,26,0.2700159537066111,0.8451064151274781,3,Democracy
AD->FTD,o_max,xgb_tree_d3,m023014_o_max_ord26_rk00015,26,0.2700060161768544,1.1929993566060646,5,Democracy
AD->FTD,o_max,xgb_tree_d3,m014003_o_max_ord17_rk00004,17,0.2698868809882682,-0.0,1,Democracy
AD->FTD,o_max,xgb_tree_d3,m013008_o_max_ord16_rk00009,16,0.2697127585491912,-0.0,1,Democracy
AD->FTD,o_max,xgb_tree_d3,m021009_o_max_ord24_rk00010,24,0.2696562555926005,1.0238995733215066,4,Democracy
AD->FTD,o_max,xgb_tree_d3,m019008_o_max_ord22_rk00009,22,0.2696032575158863,0.5304060778306042,3,Democracy
AD->FTD,o_max,xgb_tree_d3,m025000_o_max_ord28_rk00001,28,0.2694659773050502,0.9591963191047147,3,Democracy
AD->FTD,o_max,xgb_tree_d3,m003008_o_max_ord6_rk00009,6,0.269323083524873,-0.0,1,Democracy
AD->FTD,o_max,xgb_tree_d3,m000001_o_max_ord3_rk00002,3,0.2692742274822973,-0.0,1,Air Pollution
AD->FTD,o_max,xgb_tree_d3,m022018_o_max_ord25_rk00019,25,0.2689993480489966,0.6395563653739031,3,Democracy
AD->FTD,o_max,xgb_tree_d3,m014009_o_max_ord17_rk00010,17,0.2689399861748324,-0.0,1,Democracy
AD->FTD,o_max,xgb_tree_d3,m006010_o_max_ord9_rk00011,9,0.2689018084566105,-0.0,1,Democracy
AD->FTD,o_max,xgb_tree_d3,m022016_o_max_ord25_rk00017,25,0.2688243609943861,1.2252357794710609,5,Democracy
AD->FTD,o_max,xgb_tree_d3,m009010_o_max_ord12_rk00011,12,0.2687616946381941,-0.0,1,Democracy
AD->FTD,o_max,xgb_tree_d3,m016008_o_max_ord19_rk00009,19,0.2686945946831096,-0.0,1,Democracy
AD->FTD,o_max,xgb_tree_d3,m023013_o_max_ord26_rk00014,26,0.268660220017259,1.1929993566060646,5,Democracy
AD->FTD,o_max,xgb_tree_d3,m019011_o_max_ord22_rk00012,22,0.2683066632965071,0.266764987803026,2,Democracy
AD->FTD,o_max,xgb_tree_d3,m025015_o_max_ord28_rk00016,28,0.2682906052622184,1.0984868380293622,4,Democracy
AD->FTD,o_max,xgb_tree_d3,m006012_o_max_ord9_rk00013,9,0.2680981610139352,-0.0,1,Democracy
AD->FTD,o_max,xgb_tree_d3,m012003_o_max_ord15_rk00004,15,0.2676897239569898,-0.0,1,Democracy
AD->FTD,o_max,xgb_tree_d3,m011011_o_max_ord14_rk00012,14,0.2675428061059323,-0.0,1,Democracy
AD->FTD,o_max,xgb_tree_d3,m011016_o_max_ord14_rk00017,14,0.2671427363368512,-0.0,1,Democracy
AD->FTD,o_max,xgb_tree_d3,m021003_o_max_ord24_rk00004,24,0.2670716959171145,1.0238995733215066,4,Democracy
AD->FTD,o_max,xgb_tree_d3,m021013_o_max_ord24_rk00014,24,0.2662717136194824,0.785235442391543,3,Democracy
AD->FTD,o_max,xgb_tree_d3,m013005_o_max_ord16_rk00006,16,0.2662392260933122,-0.0,1,Democracy
AD->FTD,o_max,xgb_tree_d3,m007011_o_max_ord10_rk00012,10,0.2662248628461299,0.4689955935892812,2,Democracy
AD->FTD,o_max,xgb_tree_d3,m012019_o_max_ord15_rk00020,15,0.2660979263333656,0.35335933502142136,2,Democracy
AD->FTD,o_max,xgb_tree_d3,m019004_o_max_ord22_rk00005,22,0.266069130688716,1.090652803252992,3,Democracy
AD->FTD,o_max,xgb_tree_d3,m025001_o_max_ord28_rk00002,28,0.2659885852824226,1.2274025692592483,5,Democracy
AD->FTD,o_max,xgb_tree_d3,m007003_o_max_ord10_rk00004,10,0.2659613858678092,-0.0,1,Democracy
AD->FTD,o_max,xgb_tree_d3,m021002_o_max_ord24_rk00003,24,0.2658896865363963,1.1241854163060885,4,Democracy
AD->FTD,o_max,xgb_tree_d3,m023010_o_max_ord26_rk00011,26,0.2658572805668152,0.8451064151274781,3,Democracy
AD->FTD,o_max,xgb_tree_d3,m025003_o_max_ord28_rk00004,28,0.2658166432187653,1.2274025692592483,5,Democracy
AD->FTD,o_max,xgb_tree_d3,m025012_o_max_ord28_rk00013,28,0.2657167016318486,1.2274025692592483,5,Democracy
AD->FTD,o_max,xgb_tree_d3,m023008_o_max_ord26_rk00009,26,0.2656405093358014,1.2884926890861643,5,Democracy
AD->FTD,o_max,xgb_tree_d3,m023019_o_max_ord26_rk00020,26,0.2655865464699229,1.2884926890861643,5,Democracy
AD->FTD,o_max,xgb_tree_d3,m012011_o_max_ord15_rk00012,15,0.2653120787533658,-0.0,1,Democracy
AD->FTD,o_max,xgb_tree_d3,m023001_o_max_ord26_rk00002,26,0.2652494192222961,0.969918434275037,4,Democracy
AD->FTD,o_max,xgb_tree_d3,m021015_o_max_ord24_rk00016,24,0.2651301161510824,0.9833557549816875,5,Democracy
AD->FTD,o_max,xgb_tree_d3,m021006_o_max_ord24_rk00007,24,0.2650778082593221,0.8886865525783176,3,Democracy
AD->FTD,o_max,xgb_tree_d3,m002007_o_max_ord5_rk00008,5,0.2650761759744138,-0.0,1,Democracy
AD->FTD,o_max,xgb_tree_d3,m023002_o_max_ord26_rk00003,26,0.2650746008780308,1.0681873374585056,4,Democracy
AD->FTD,o_max,xgb_tree_d3,m007019_o_max_ord10_rk00020,10,0.2650622389884063,-0.0,1,Democracy
AD->FTD,o_max,xgb_tree_d3,m007004_o_max_ord10_rk00005,10,0.2649386280468985,-0.0,1,Democracy
AD->FTD,o_max,xgb_tree_d3,m025004_o_max_ord28_rk00005,28,0.2647770774215441,1.2274025692592483,5,Democracy
AD->FTD,o_max,xgb_tree_d3,m023011_o_max_ord26_rk00012,26,0.2647531622427004,0.969918434275037,4,Democracy
AD->FTD,o_max,xgb_tree_d3,m023012_o_max_ord26_rk00013,26,0.2644496235492769,1.1929993566060646,5,Democracy
AD->FTD,o_max,xgb_tree_d3,m017000_o_max_ord20_rk00001,20,0.2644003962626701,0.8812908992306927,2,Democracy
AD->FTD,o_max,xgb_tree_d3,m000005_o_max_ord3_rk00006,3,0.2643988523367274,-0.0,1,Democracy
AD->FTD,o_max,xgb_tree_d3,m021011_o_max_ord24_rk00012,24,0.2643573841586223,0.7416847557897409,4,Democracy
AD->FTD,o_max,xgb_tree_d3,m007015_o_max_ord10_rk00016,10,0.2643493283809477,-0.0,1,Democracy
AD->FTD,o_max,xgb_tree_d3,m003010_o_max_ord6_rk00011,6,0.2641787908427304,-0.0,1,Democracy
AD->FTD,o_max,xgb_tree_d3,m025010_o_max_ord28_rk00011,28,0.2641239803216424,1.0178015074140134,4,Democracy
AD->FTD,o_max,xgb_tree_d3,m023000_o_max_ord26_rk00001,26,0.2640064625251442,0.7793498372920851,2,Democracy
AD->FTD,o_max,xgb_tree_d3,m009013_o_max_ord12_rk00014,12,0.2638893982402117,-0.0,1,Democracy
AD->FTD,o_max,xgb_tree_d3,m017008_o_max_ord20_rk00009,20,0.2638446768244201,0.2863969571159562,2,Democracy
AD->FTD,o_max,xgb_tree_d3,m016000_o_max_ord19_rk00001,19,0.2636169149879769,0.8997437586982626,2,Democracy
AD->FTD,o_max,xgb_tree_d3,m025013_o_max_ord28_rk00014,28,0.2635377565578383,1.2274025692592483,5,Democracy
AD->FTD,o_max,xgb_tree_d3,m000000_o_max_ord3_rk00001,3,0.2633701307799801,-0.0,1,Democracy
AD->FTD,o_max,xgb_tree_d3,m006017_o_max_ord9_rk00018,9,0.2632427390927219,-0.0,1,Democracy
AD->FTD,o_max,xgb_tree_d3,m025011_o_max_ord28_rk00012,28,0.2632046186660601,1.2274025692592483,5,Democracy
AD->FTD,o_max,xgb_tree_d3,m023017_o_max_ord26_rk00018,26,0.2631820105352036,0.7441942138263227,3,Democracy
AD->FTD,o_max,xgb_tree_d3,m013012_o_max_ord16_rk00013,16,0.2631758329120779,-0.0,1,Democracy
AD->FTD,o_max,xgb_tree_d3,m007006_o_max_ord10_rk00007,10,0.2630135804319135,-0.0,1,Democracy
AD->FTD,o_max,xgb_tree_d3,m000011_o_max_ord3_rk00012,3,0.2629139018011699,-0.0,1,Democracy
AD->FTD,o_max,xgb_tree_d3,m015013_o_max_ord18_rk00014,18,0.2627235372911569,0.3095434291503252,2,Democracy
AD->FTD,o_max,xgb_tree_d3,m023006_o_max_ord26_rk00007,26,0.262663052413973,1.1929993566060646,5,Democracy
AD->FTD,o_max,xgb_tree_d3,m021010_o_max_ord24_rk00011,24,0.2626225845447919,1.0434356963218767,3,Democracy
AD->FTD,o_max,xgb_tree_d3,m012013_o_max_ord15_rk00014,15,0.262452164033555,0.35335933502142136,2,Democracy
AD->FTD,o_max,xgb_tree_d3,m007000_o_max_ord10_rk00001,10,0.2622714895226624,-0.0,1,Democracy
AD->FTD,o_max,xgb_tree_d3,m026018_o_max_ord29_rk00019,29,0.2617870972933471,1.1425175164144374,4,Democracy
AD->FTD,o_max,xgb_tree_d3,m003015_o_max_ord6_rk00016,6,0.2616565114406916,-0.0,1,Democracy
AD->FTD,o_max,xgb_tree_d3,m013006_o_max_ord16_rk00007,16,0.2615579005638793,-0.0,1,Democracy
AD->FTD,o_max,xgb_tree_d3,m019019_o_max_ord22_rk00020,22,0.2613194116232078,0.266764987803026,2,Democracy
AD->FTD,o_max,xgb_tree_d3,m018017_o_max_ord21_rk00018,21,0.2611183225623252,0.2761954276479391,2,Democracy
AD->FTD,o_max,xgb_tree_d3,m019002_o_max_ord22_rk00003,22,0.2609580112833287,0.266764987803026,2,Democracy
AD->FTD,o_max,xgb_tree_d3,m019012_o_max_ord22_rk00013,22,0.2609353706393882,0.266764987803026,2,Democracy
AD->FTD,o_max,xgb_tree_d3,m021019_o_max_ord24_rk00020,24,0.2608892096193271,1.2720552088742005,4,Democracy
AD->FTD,o_max,xgb_tree_d3,m023009_o_max_ord26_rk00010,26,0.2608677933374099,1.075875645896709,5,Democracy
AD->FTD,o_max,xgb_tree_d3,m003013_o_max_ord6_rk00014,6,0.2608333997767488,-0.0,1,Democracy
AD->FTD,o_max,xgb_tree_d3,m023005_o_max_ord26_rk00006,26,0.2607181608279466,1.0681873374585056,4,Democracy
AD->FTD,o_max,xgb_tree_d3,m023016_o_max_ord26_rk00017,26,0.2604023158799712,0.969918434275037,4,Democracy
AD->FTD,o_max,xgb_tree_d3,m027000_o_max_ord30_rk00001,30,0.2603944342458201,1.2486092328524885,4,Democracy
AD->FTD,o_max,xgb_tree_d3,m025014_o_max_ord28_rk00015,28,0.2603680361743333,1.3056334087653163,5,Democracy
AD->FTD,o_max,xgb_tree_d3,m022008_o_max_ord25_rk00009,25,0.2603491469325458,0.7641140545540274,3,Democracy
AD->FTD,o_max,xgb_tree_d3,m025005_o_max_ord28_rk00006,28,0.2601483282040453,1.2274025692592483,5,Democracy
AD->FTD,o_max,xgb_tree_d3,m007008_o_max_ord10_rk00009,10,0.2600546315757079,-0.0,1,Democracy
AD->FTD,o_max,xgb_tree_d3,m018007_o_max_ord21_rk00008,21,0.2596700109090196,0.2761954276479391,2,Democracy
AD->FTD,o_max,xgb_tree_d3,m023007_o_max_ord26_rk00008,26,0.2595840845764113,0.969918434275037,4,Democracy
AD->FTD,o_max,xgb_tree_d3,m019015_o_max_ord22_rk00016,22,0.2594794561407372,0.266764987803026,2,Democracy
AD->FTD,o_max,xgb_tree_d3,m023004_o_max_ord26_rk00005,26,0.2591515227734559,0.969918434275037,4,Democracy
AD->FTD,o_max,xgb_tree_d3,m025017_o_max_ord28_rk00018,28,0.2587765869691434,1.2274025692592483,5,Democracy
AD->FTD,o_max,xgb_tree_d3,m017011_o_max_ord20_rk00012,20,0.2587727936328716,1.1411535278793057,3,Democracy
AD->FTD,o_max,xgb_tree_d3,m027012_o_max_ord30_rk00013,30,0.2587111615472959,1.4989350663300531,6,Democracy
AD->FTD,o_max,xgb_tree_d3,m012005_o_max_ord15_rk00006,15,0.258530245620776,0.35335933502142136,2,Democracy
AD->FTD,o_max,xgb_tree_d3,m013002_o_max_ord16_rk00003,16,0.2584536055685463,-0.0,1,Democracy
AD->FTD,o_max,xgb_tree_d3,m025019_o_max_ord28_rk00020,28,0.2581905108839309,1.1336983823367468,5,Democracy
AD->FTD,o_max,xgb_tree_d3,m003012_o_max_ord6_rk00013,6,0.258056037208246,-0.0,1,Democracy
AD->FTD,o_max,xgb_tree_d3,m006014_o_max_ord9_rk00015,9,0.2580230194705433,-0.0,1,Democracy
AD->FTD,o_max,xgb_tree_d3,m016017_o_max_ord19_rk00018,19,0.2579671526294678,0.2974722489192896,2,Democracy
AD->FTD,o_max,xgb_tree_d3,m017019_o_max_ord20_rk00020,20,0.2579638596528272,-0.0,1,Democracy
AD->FTD,o_max,xgb_tree_d3,m022014_o_max_ord25_rk00015,25,0.2579539419364726,1.106313713864835,5,Democracy
AD->FTD,o_max,xgb_tree_d3,m025009_o_max_ord28_rk00010,28,0.2578581302216994,1.0178015074140134,4,Democracy
AD->FTD,o_max,xgb_tree_d3,m026009_o_max_ord29_rk00010,29,0.2578207920000228,1.401475275184332,6,Democracy
AD->FTD,o_max,xgb_tree_d3,m023015_o_max_ord26_rk00016,26,0.2576209808421326,0.8501514254479945,4,Democracy
AD->FTD,o_max,xgb_tree_d3,m000002_o_max_ord3_rk00003,3,0.2573933844593912,-0.0,1,Democracy
AD->FTD,o_max,xgb_tree_d3,m007002_o_max_ord10_rk00003,10,0.2572974241701389,-0.0,1,Democracy
AD->FTD,o_max,xgb_tree_d3,m012018_o_max_ord15_rk00019,15,0.2571329683458805,-0.0,1,Democracy
AD->FTD,o_max,xgb_tree_d3,m025016_o_max_ord28_rk00017,28,0.2571185264246841,0.9217544759335055,4,Democracy
AD->FTD,o_max,xgb_tree_d3,m003009_o_max_ord6_rk00010,6,0.2568359073255266,-0.0,1,Democracy
AD->FTD,o_max,xgb_tree_d3,m017012_o_max_ord20_rk00013,20,0.2566600511120339,0.2863969571159562,2,Democracy
AD->FTD,o_max,xgb_tree_d3,m022003_o_max_ord25_rk00004,25,0.2565646733824689,0.8743095546405661,4,Democracy
AD->FTD,o_max,xgb_tree_d3,m011008_o_max_ord14_rk00009,14,0.2565029792652602,-0.0,1,Democracy
AD->FTD,o_max,xgb_tree_d3,m017002_o_max_ord20_rk00003,20,0.256377312376295,-0.0,1,Democracy
AD->FTD,o_max,xgb_tree_d3,m025006_o_max_ord28_rk00007,28,0.2557035650717187,1.0178015074140134,4,Democracy
AD->FTD,o_max,xgb_tree_d3,m025002_o_max_ord28_rk00003,28,0.2556752862110666,1.1336983823367468,5,Democracy
AD->FTD,o_max,xgb_tree_d3,m006002_o_max_ord9_rk00003,9,0.2556086224717573,-0.0,1,Democracy
AD->FTD,o_max,xgb_tree_d3,m015000_o_max_ord18_rk00001,18,0.2555653680226326,0.9182958340544896,2,Democracy
AD->FTD,o_max,xgb_tree_d3,m014012_o_max_ord17_rk00013,17,0.2553739825117329,-0.0,1,Democracy
AD->FTD,o_max,xgb_tree_d3,m001018_o_max_ord4_rk00019,4,0.2553335155571584,-0.0,1,Democracy
AD->FTD,o_max,xgb_tree_d3,m025007_o_max_ord28_rk00008,28,0.2553182967134528,1.1336983823367468,5,Democracy
AD->FTD,o_max,xgb_tree_d3,m003019_o_max_ord6_rk00020,6,0.2552151818200137,-0.0,1,Democracy
AD->FTD,o_max,xgb_tree_d3,m014007_o_max_ord17_rk00008,17,0.2551429065219702,-0.0,1,Democracy
AD->FTD,o_max,xgb_tree_d3,m018002_o_max_ord21_rk00003,21,0.2549462499217089,0.2761954276479391,2,Democracy
AD->FTD,o_max,xgb_tree_d3,m001006_o_max_ord4_rk00007,4,0.2546539141834797,-0.0,1,Democracy
AD->FTD,o_max,xgb_tree_d3,m003006_o_max_ord6_rk00007,6,0.2545315668615213,-0.0,1,Democracy
AD->FTD,o_max,xgb_tree_d3,m013003_o_max_ord16_rk00004,16,0.2544269659432082,0.9544340029249649,2,Democracy
AD->FTD,o_max,xgb_tree_d3,m013019_o_max_ord16_rk00020,16,0.254252025673047,-0.0,1,Democracy
AD->FTD,o_max,xgb_tree_d3,m001008_o_max_ord4_rk00009,4,0.2542303760632519,-0.0,1,Democracy
AD->FTD,o_max,xgb_tree_d3,m025008_o_max_ord28_rk00009,28,0.2541255510030602,1.3432994441819814,6,Democracy
AD->FTD,o_max,xgb_tree_d3,m018014_o_max_ord21_rk00015,21,0.2539346777280591,-0.0,1,Democracy
AD->FTD,o_max,xgb_tree_d3,m014004_o_max_ord17_rk00005,17,0.2539292566544766,-0.0,1,Democracy
AD->FTD,o_max,xgb_tree_d3,m019001_o_max_ord22_rk00002,22,0.2537398899918738,1.090652803252992,3,Democracy
AD->FTD,o_max,xgb_tree_d3,m010017_o_max_ord13_rk00018,13,0.2537216757891779,-0.0,1,Democracy
AD->FTD,o_max,xgb_tree_d3,m014008_o_max_ord17_rk00009,17,0.2533856740437084,-0.0,1,Democracy
AD->FTD,o_max,xgb_tree_d3,m019003_o_max_ord22_rk00004,22,0.2533730873493386,0.266764987803026,2,Democracy
AD->FTD,o_max,xgb_tree_d3,m020002_o_max_ord23_rk00003,23,0.2530783944694649,1.0666152167384504,3,Democracy
AD->FTD,o_max,xgb_tree_d3,m027017_o_max_ord30_rk00018,30,0.2528600933130335,0.972253928364927,4,Democracy
AD->FTD,o_max,xgb_tree_d3,m011007_o_max_ord14_rk00008,14,0.2526595354062523,-0.0,1,Democracy
AD->FTD,o_max,xgb_tree_d3,m022019_o_max_ord25_rk00020,25,0.2522336688003669,1.2252357794710609,5,Democracy
AD->FTD,o_max,xgb_tree_d3,m018009_o_max_ord21_rk00010,21,0.2521394055029184,0.2761954276479391,2,Democracy
AD->FTD,o_max,xgb_tree_d3,m014016_o_max_ord17_rk00017,17,0.2519855626997195,-0.0,1,Democracy
AD->FTD,o_max,xgb_tree_d3,m020010_o_max_ord23_rk00011,23,0.2519434053543006,0.5131851787372753,3,Democracy
AD->FTD,o_max,xgb_tree_d3,m005016_o_max_ord8_rk00017,8,0.2518068591459981,-0.0,1,Democracy
AD->FTD,o_max,xgb_tree_d3,m004007_o_max_ord7_rk00008,7,0.2518048055492923,-0.0,1,Democracy
AD->FTD,o_max,xgb_tree_d3,m003003_o_max_ord6_rk00004,6,0.2517783036748523,-0.0,1,Democracy
AD->FTD,o_max,xgb_tree_d3,m001010_o_max_ord4_rk00011,4,0.2516987036454069,-0.0,1,Democracy
AD->FTD,o_max,xgb_tree_d3,m021012_o_max_ord24_rk00013,24,0.2514107350804935,0.5435644431995964,2,Democracy
AD->FTD,o_max,xgb_tree_d3,m012014_o_max_ord15_rk00015,15,0.251294032741162,-0.0,1,Democracy
AD->FTD,o_max,xgb_tree_d3,m003014_o_max_ord6_rk00015,6,0.2511292935448339,-0.0,1,Democracy
AD->FTD,o_max,xgb_tree_d3,m021001_o_max_ord24_rk00002,24,0.2505511370699772,0.8886865525783176,3,Democracy
AD->FTD,o_max,xgb_tree_d3,m003000_o_max_ord6_rk00001,6,0.2504480618706795,-0.0,1,Democracy
AD->FTD,o_max,xgb_tree_d3,m027015_o_max_ord30_rk00016,30,0.2502077927657963,1.1721597626314755,5,Democracy
AD->FTD,o_max,xgb_tree_d3,m014002_o_max_ord17_rk00003,17,0.2500749265890285,-0.0,1,Democracy
AD->FTD,o_max,xgb_tree_d3,m013014_o_max_ord16_rk00015,16,0.249857318503146,0.3372900666170139,2,Democracy
AD->FTD,o_max,xgb_tree_d3,m020001_o_max_ord23_rk00002,23,0.2497925399866669,0.9123163027543336,3,Democracy
AD->FTD,o_max,xgb_tree_d3,m027007_o_max_ord30_rk00008,30,0.2495759750126049,1.2496527261266068,5,Democracy
AD->FTD,o_max,xgb_tree_d3,m003011_o_max_ord6_rk00012,6,0.2495612112352579,-0.0,1,Democracy
AD->FTD,o_max,xgb_tree_d3,m010008_o_max_ord13_rk00009,13,0.2494395459127436,-0.0,1,Democracy
AD->FTD,o_max,xgb_tree_d3,m014011_o_max_ord17_rk00012,17,0.2493195036106471,-0.0,1,Democracy
AD->FTD,o_max,xgb_tree_d3,m001012_o_max_ord4_rk00013,4,0.2492541734503144,-0.0,1,Democracy
AD->FTD,o_max,xgb_tree_d3,m014006_o_max_ord17_rk00007,17,0.2489967929970258,-0.0,1,Democracy
AD->FTD,o_max,xgb_tree_d3,m000018_o_max_ord3_rk00019,3,0.2487838342756428,-0.0,1,Democracy
AD->FTD,o_max,xgb_tree_d3,m021008_o_max_ord24_rk00009,24,0.2485445574793157,0.6583514224564075,3,Democracy
AD->FTD,o_max,xgb_tree_d3,m004006_o_max_ord7_rk00007,7,0.248124895050995,-0.0,1,Democracy
AD->FTD,o_max,xgb_tree_d3,m006000_o_max_ord9_rk00001,9,0.2479668000574453,-0.0,1,Democracy
AD->FTD,o_max,xgb_tree_d3,m010010_o_max_ord13_rk00011,13,0.2479629516595234,-0.0,1,Democracy
AD->FTD,o_max,xgb_tree_d3,m001009_o_max_ord4_rk00010,4,0.2477477058537223,-0.0,1,Democracy
AD->FTD,o_max,xgb_tree_d3,m004019_o_max_ord7_rk00020,7,0.2476644860212608,-0.0,1,Democracy
AD->FTD,o_max,xgb_tree_d3,m005013_o_max_ord8_rk00014,8,0.2474446161407404,-0.0,1,Democracy
AD->FTD,o_max,xgb_tree_d3,m003004_o_max_ord6_rk00005,6,0.2472739734160157,-0.0,1,Democracy
AD->FTD,o_max,xgb_tree_d3,m027008_o_max_ord30_rk00009,30,0.2472249926891969,1.1721597626314755,5,Democracy
AD->FTD,o_max,xgb_tree_d3,m001016_o_max_ord4_rk00017,4,0.2471871772157682,-0.0,1,Democracy
AD->FTD,o_max,xgb_tree_d3,m004012_o_max_ord7_rk00013,7,0.2471135142013425,-0.0,1,Democracy
AD->FTD,o_max,xgb_tree_d3,m021005_o_max_ord24_rk00006,24,0.2470720625927737,0.6583514224564075,3,Democracy
AD->FTD,o_max,xgb_tree_d3,m003001_o_max_ord6_rk00002,6,0.247051096997837,-0.0,1,Democracy
AD->FTD,o_max,xgb_tree_d3,m003018_o_max_ord6_rk00019,6,0.2465401612067692,-0.0,1,Democracy
AD->FTD,o_max,xgb_tree_d3,m022012_o_max_ord25_rk00013,25,0.2459845024280817,1.32151018873626,5,Democracy
AD->FTD,o_max,xgb_tree_d3,m013001_o_max_ord16_rk00002,16,0.2458615906738136,-0.0,1,Democracy
AD->FTD,o_max,xgb_tree_d3,m022011_o_max_ord25_rk00012,25,0.2458247558321261,0.7641140545540274,3,Democracy
AD->FTD,o_max,xgb_tree_d3,m010000_o_max_ord13_rk00001,13,0.2457430199455162,-0.0,1,Democracy
AD->FTD,o_max,xgb_tree_d3,m020004_o_max_ord23_rk00005,23,0.2456212813481402,1.0666152167384504,3,Democracy
AD->FTD,o_max,xgb_tree_d3,m001004_o_max_ord4_rk00005,4,0.2450808272215802,-0.0,1,Democracy
AD->FTD,o_max,xgb_tree_d3,m008002_o_max_ord11_rk00003,11,0.2450450447780358,-0.0,1,Democracy
AD->FTD,o_max,xgb_tree_d3,m000006_o_max_ord3_rk00007,3,0.245003452420104,-0.0,1,Democracy
AD->FTD,o_max,xgb_tree_d3,m000009_o_max_ord3_rk00010,3,0.2449366297932623,-0.0,1,Democracy
AD->FTD,o_max,xgb_tree_d3,m027013_o_max_ord30_rk00014,30,0.2444921127251712,1.3699740752745007,6,Democracy
AD->FTD,o_max,xgb_tree_d3,m019006_o_max_ord22_rk00007,22,0.243930222147176,0.5304060778306042,3,Democracy
AD->FTD,o_max,xgb_tree_d3,m027014_o_max_ord30_rk00015,30,0.2438304081872239,1.1721597626314755,5,Democracy
AD->FTD,o_max,xgb_tree_d3,m019017_o_max_ord22_rk00018,22,0.2437006517789415,0.9373012413074895,3,Democracy
AD->FTD,o_max,xgb_tree_d3,m013010_o_max_ord16_rk00011,16,0.24369619371506,-0.0,1,Democracy
AD->FTD,o_max,xgb_tree_d3,m021007_o_max_ord24_rk00008,24,0.2427672685260439,0.6583514224564075,3,Democracy
AD->FTD,o_max,xgb_tree_d3,m027003_o_max_ord30_rk00004,30,0.2424979516856351,1.1721597626314755,5,Democracy
AD->FTD,o_max,xgb_tree_d3,m011017_o_max_ord14_rk00018,14,0.2424923364793785,-0.0,1,Democracy
AD->FTD,o_max,xgb_tree_d3,m014014_o_max_ord17_rk00015,17,0.2418816425767291,0.3227569588973982,2,Democracy
AD->FTD,o_max,xgb_tree_d3,m011003_o_max_ord14_rk00004,14,0.2417321684637652,-0.0,1,Democracy
AD->FTD,o_max,xgb_tree_d3,m006009_o_max_ord9_rk00010,9,0.2416798913428527,-0.0,1,Democracy
AD->FTD,o_max,xgb_tree_d3,m027009_o_max_ord30_rk00010,30,0.2413388576357871,1.2496527261266068,5,Democracy
AD->FTD,o_max,xgb_tree_d3,m001001_o_max_ord4_rk00002,4,0.2412464520379154,-0.0,1,Democracy
AD->FTD,o_max,xgb_tree_d3,m027010_o_max_ord30_rk00011,30,0.2410312726719888,1.1721597626314755,5,Democracy
AD->FTD,o_max,xgb_tree_d3,m011018_o_max_ord14_rk00019,14,0.2400795678999645,0.37123232664087563,2,Democracy
AD->FTD,o_max,xgb_tree_d3,m024018_o_max_ord27_rk00019,27,0.2399806403720309,1.257162987432089,5,Democracy
AD->FTD,o_max,xgb_tree_d3,m016018_o_max_ord19_rk00019,19,0.2398268345448427,0.2974722489192896,2,Democracy
AD->FTD,o_max,xgb_tree_d3,m024009_o_max_ord27_rk00010,27,0.2398012427934912,1.042344321483692,4,Democracy
AD->FTD,o_max,xgb_tree_d3,m010001_o_max_ord13_rk00002,13,0.2397507858595428,-0.0,1,Democracy
AD->FTD,o_max,xgb_tree_d3,m021016_o_max_ord24_rk00017,24,0.2396777298293426,0.6583514224564075,3,Democracy
AD->FTD,o_max,xgb_tree_d3,m016001_o_max_ord19_rk00002,19,0.2396140878743774,-0.0,1,Democracy
AD->FTD,o_max,xgb_tree_d3,m008001_o_max_ord11_rk00002,11,0.2395496120288491,-0.0,1,Democracy
AD->FTD,o_max,xgb_tree_d3,m011014_o_max_ord14_rk00015,14,0.2394118686667963,0.37123232664087563,2,Democracy
AD->FTD,o_max,xgb_tree_d3,m006006_o_max_ord9_rk00007,9,0.2394002706328442,-0.0,1,Democracy
AD->FTD,o_max,xgb_tree_d3,m003005_o_max_ord6_rk00006,6,0.239338489310568,-0.0,1,Democracy
AD->FTD,o_max,xgb_tree_d3,m021004_o_max_ord24_rk00005,24,0.239057386926528,0.8886865525783176,3,Democracy
AD->FTD,o_max,xgb_tree_d3,m010011_o_max_ord13_rk00012,13,0.2389861638297914,-0.0,1,Democracy
AD->FTD,o_max,xgb_tree_d3,m001017_o_max_ord4_rk00018,4,0.2389547097975138,-0.0,1,Democracy
AD->FTD,o_max,xgb_tree_d3,m018008_o_max_ord21_rk00009,21,0.238904836271363,0.2761954276479391,2,Democracy
AD->FTD,o_max,xgb_tree_d3,m016010_o_max_ord19_rk00011,19,0.2388501123213476,-0.0,1,Democracy
AD->FTD,o_max,xgb_tree_d3,m020018_o_max_ord23_rk00019,23,0.2387525188366068,0.8076702057269436,3,Democracy
AD->FTD,o_max,xgb_tree_d3,m024011_o_max_ord27_rk00012,27,0.2386583044578373,0.824980257347893,3,Democracy
AD->FTD,o_max,xgb_tree_d3,m016019_o_max_ord19_rk00020,19,0.2386399438628855,0.2974722489192896,2,Democracy
AD->FTD,o_max,xgb_tree_d3,m005011_o_max_ord8_rk00012,8,0.2386001065795694,-0.0,1,Democracy
AD->FTD,o_max,xgb_tree_d3,m022007_o_max_ord25_rk00008,25,0.237978368433771,0.8743095546405661,4,Democracy
AD->FTD,o_max,xgb_tree_d3,m006011_o_max_ord9_rk00012,9,0.2374926157354331,-0.0,1,Democracy
AD->FTD,o_max,xgb_tree_d3,m011019_o_max_ord14_rk00020,14,0.2374701683149076,-0.0,1,Democracy
AD->FTD,o_max,xgb_tree_d3,m001005_o_max_ord4_rk00006,4,0.2374577098348075,-0.0,1,Democracy
AD->FTD,o_max,xgb_tree_d3,m010006_o_max_ord13_rk00007,13,0.2373721654178443,-0.0,1,Democracy
AD->FTD,o_max,xgb_tree_d3,m008003_o_max_ord11_rk00004,11,0.2372851784374199,-0.0,1,Democracy
AD->FTD,o_max,xgb_tree_d3,m018012_o_max_ord21_rk00013,21,0.2371093097469526,1.115520093581932,3,Democracy
AD->FTD,o_max,xgb_tree_d3,m016005_o_max_ord19_rk00006,19,0.2369694920285757,-0.0,1,Democracy
AD->FTD,o_max,xgb_tree_d3,m008010_o_max_ord11_rk00011,11,0.2368642058097285,-0.0,1,Democracy
AD->FTD,o_max,xgb_tree_d3,m016007_o_max_ord19_rk00008,19,0.236792741223312,-0.0,1,Democracy
AD->FTD,o_max,xgb_tree_d3,m010019_o_max_ord13_rk00020,13,0.2365447139045976,-0.0,1,Democracy
AD->FTD,o_max,xgb_tree_d3,m011010_o_max_ord14_rk00011,14,0.2365134546473266,0.37123232664087563,2,Democracy
AD->FTD,o_max,xgb_tree_d3,m003016_o_max_ord6_rk00017,6,0.236455287454864,-0.0,1,Democracy
AD->FTD,o_max,xgb_tree_d3,m019014_o_max_ord22_rk00015,22,0.2364419518888411,1.3315796225857794,4,Democracy
AD->FTD,o_max,xgb_tree_d3,m006007_o_max_ord9_rk00008,9,0.2363444722935861,-0.0,1,Democracy
AD->FTD,o_max,xgb_tree_d3,m007001_o_max_ord10_rk00002,10,0.2363369108612807,-0.0,1,Democracy
AD->FTD,o_max,xgb_tree_d3,m027011_o_max_ord30_rk00012,30,0.2361742262756836,1.3699740752745007,6,Democracy
AD->FTD,o_max,xgb_tree_d3,m010003_o_max_ord13_rk00004,13,0.2357536367343392,-0.0,1,Democracy
AD->FTD,o_max,xgb_tree_d3,m006019_o_max_ord9_rk00020,9,0.2356784150440554,-0.0,1,Democracy
AD->FTD,o_max,xgb_tree_d3,m003017_o_max_ord6_rk00018,6,0.235490412308391,-0.0,1,Democracy
AD->FTD,o_max,xgb_tree_d3,m001003_o_max_ord4_rk00004,4,0.2353618024306767,-0.0,1,Democracy
AD->FTD,o_max,xgb_tree_d3,m006001_o_max_ord9_rk00002,9,0.235359660770493,-0.0,1,Democracy
AD->FTD,o_max,xgb_tree_d3,m024010_o_max_ord27_rk00011,27,0.2352969203709537,0.9451696091196164,4,Democracy
AD->FTD,o_max,xgb_tree_d3,m024007_o_max_ord27_rk00008,27,0.2352008192653796,1.257162987432089,5,Democracy
AD->FTD,o_max,xgb_tree_d3,m027005_o_max_ord30_rk00006,30,0.2351849233684073,1.2803301792260264,6,Democracy
AD->FTD,o_max,xgb_tree_d3,m010002_o_max_ord13_rk00003,13,0.2351415886418101,-0.0,1,Democracy
AD->FTD,o_max,xgb_tree_d3,m008017_o_max_ord11_rk00018,11,0.2350632339508631,0.4394969869215134,2,Democracy
AD->FTD,o_max,xgb_tree_d3,m010009_o_max_ord13_rk00010,13,0.2350625059728803,-0.0,1,Democracy
AD->FTD,o_max,xgb_tree_d3,m006013_o_max_ord9_rk00014,9,0.2350296709364326,-0.0,1,Democracy
AD->FTD,o_max,xgb_tree_d3,m024019_o_max_ord27_rk00020,27,0.2348200502997049,0.908653933541588,3,Democracy
AD->FTD,o_max,xgb_tree_d3,m007013_o_max_ord10_rk00014,10,0.2347481630030145,-0.0,1,Democracy
AD->FTD,o_max,xgb_tree_d3,m007014_o_max_ord10_rk00015,10,0.2345335246529176,0.4689955935892812,2,Democracy
AD->FTD,o_max,xgb_tree_d3,m016012_o_max_ord19_rk00013,19,0.2344292218874452,0.2974722489192896,2,Democracy
AD->FTD,o_max,xgb_tree_d3,m008018_o_max_ord11_rk00019,11,0.2343342704397072,-0.0,1,Democracy
AD->FTD,o_max,xgb_tree_d3,m020003_o_max_ord23_rk00004,23,0.2342046295575153,0.9123163027543336,3,Democracy
AD->FTD,o_max,xgb_tree_d3,m027001_o_max_ord30_rk00002,30,0.2340182627398954,1.1721597626314755,5,Democracy
AD->FTD,o_max,xgb_tree_d3,m004004_o_max_ord7_rk00005,7,0.2337509435290269,-0.0,1,Democracy
AD->FTD,o_max,xgb_tree_d3,m007016_o_max_ord10_rk00017,10,0.2336820183779513,-0.0,1,Democracy
AD->FTD,o_max,xgb_tree_d3,m008009_o_max_ord11_rk00010,11,0.233527025232387,-0.0,1,Democracy
AD->FTD,o_max,xgb_tree_d3,m018000_o_max_ord21_rk00001,21,0.2332171023953678,0.863120568566631,2,Democracy
AD->FTD,o_max,xgb_tree_d3,m004018_o_max_ord7_rk00019,7,0.2331484800575574,-0.0,1,Democracy
AD->FTD,o_max,xgb_tree_d3,m016015_o_max_ord19_rk00016,19,0.2325779283651416,-0.0,1,Democracy
AD->FTD,o_max,xgb_tree_d3,m007009_o_max_ord10_rk00010,10,0.2325232540907683,-0.0,1,Democracy
AD->FTD,o_max,xgb_tree_d3,m027006_o_max_ord30_rk00007,30,0.2321996974342137,1.3699740752745007,6,Democracy
AD->FTD,o_max,xgb_tree_d3,m018006_o_max_ord21_rk00007,21,0.2319213017250253,1.115520093581932,3,Democracy
AD->FTD,o_max,xgb_tree_d3,m007010_o_max_ord10_rk00011,10,0.2318313253318545,-0.0,1,Democracy
AD->FTD,o_max,xgb_tree_d3,m010013_o_max_ord13_rk00014,13,0.2316472243233654,-0.0,1,Democracy
AD->FTD,o_max,xgb_tree_d3,m011012_o_max_ord14_rk00013,14,0.2314517409980294,-0.0,1,Democracy
AD->FTD,o_max,xgb_tree_d3,m018015_o_max_ord21_rk00016,21,0.2314005772594451,1.115520093581932,3,Democracy
AD->FTD,o_max,xgb_tree_d3,m018004_o_max_ord21_rk00005,21,0.2311136626385448,1.115520093581932,3,Democracy
AD->FTD,o_max,xgb_tree_d3,m002003_o_max_ord5_rk00004,5,0.2308612969446127,-0.0,1,Democracy
AD->FTD,o_max,xgb_tree_d3,m017004_o_max_ord20_rk00005,20,0.2303577231485694,-0.0,1,Democracy
AD->FTD,o_max,xgb_tree_d3,m015005_o_max_ord18_rk00006,18,0.2302797596892909,-0.0,1,Democracy
AD->FTD,o_max,xgb_tree_d3,m027019_o_max_ord30_rk00020,30,0.2294890395046597,1.080424344959478,5,Democracy
AD->FTD,o_max,xgb_tree_d3,m008011_o_max_ord11_rk00012,11,0.2293719545257559,-0.0,1,Democracy
AD->FTD,o_max,xgb_tree_d3,m015008_o_max_ord18_rk00009,18,0.2277007695188353,-0.0,1,Democracy
AD->FTD,o_max,xgb_tree_d3,m024008_o_max_ord27_rk00009,27,0.2275905511910252,1.042344321483692,4,Democracy
AD->FTD,o_max,xgb_tree_d3,m016004_o_max_ord19_rk00005,19,0.2271744725541371,0.2974722489192896,2,Democracy
AD->FTD,o_max,xgb_tree_d3,m010018_o_max_ord13_rk00019,13,0.2271213451155462,-0.0,1,Democracy
AD->FTD,o_max,xgb_tree_d3,m020011_o_max_ord23_rk00012,23,0.2269047336385499,0.6784070909375675,3,Democracy
AD->FTD,o_max,xgb_tree_d3,m005010_o_max_ord8_rk00011,8,0.2265052381986504,-0.0,1,Democracy
AD->FTD,o_max,xgb_tree_d3,m009019_o_max_ord12_rk00020,12,0.2259898557064502,-0.0,1,Democracy
AD->FTD,o_max,xgb_tree_d3,m004010_o_max_ord7_rk00011,7,0.2259822336137668,-0.0,1,Democracy
AD->FTD,o_max,xgb_tree_d3,m008016_o_max_ord11_rk00017,11,0.2258938044774057,-0.0,1,Democracy
AD->FTD,o_max,xgb_tree_d3,m016016_o_max_ord19_rk00017,19,0.2258041585632103,-0.0,1,Democracy
AD->FTD,o_max,xgb_tree_d3,m022013_o_max_ord25_rk00014,25,0.2257894512126685,0.996118213778296,4,Democracy
AD->FTD,o_max,xgb_tree_d3,m016011_o_max_ord19_rk00012,19,0.225504663006312,0.2974722489192896,2,Democracy
AD->FTD,o_max,xgb_tree_d3,m024016_o_max_ord27_rk00017,27,0.2251720352843325,1.1625336732554155,5,Democracy
AD->FTD,o_max,xgb_tree_d3,m017013_o_max_ord20_rk00014,20,0.2250459920298113,0.2863969571159562,2,Democracy
AD->FTD,o_max,xgb_tree_d3,m020014_o_max_ord23_rk00015,23,0.2249611778995733,0.8076702057269436,3,Democracy
AD->FTD,o_max,xgb_tree_d3,m004000_o_max_ord7_rk00001,7,0.2248572187952893,-0.0,1,Democracy
AD->FTD,o_max,xgb_tree_d3,m017017_o_max_ord20_rk00018,20,0.2248221776411036,0.2863969571159562,2,Democracy
AD->FTD,o_max,xgb_tree_d3,m018003_o_max_ord21_rk00004,21,0.224609624621377,0.2761954276479391,2,Democracy
AD->FTD,o_max,xgb_tree_d3,m004008_o_max_ord7_rk00009,7,0.2245932388018189,-0.0,1,Democracy
AD->FTD,o_max,xgb_tree_d3,m004003_o_max_ord7_rk00004,7,0.2243270289969959,-0.0,1,Democracy
AD->FTD,o_max,xgb_tree_d3,m018013_o_max_ord21_rk00014,21,0.2242128699384388,0.2761954276479391,2,Democracy
AD->FTD,o_max,xgb_tree_d3,m005000_o_max_ord8_rk00001,8,0.223960065564912,-0.0,1,Democracy
AD->FTD,o_max,xgb_tree_d3,m002017_o_max_ord5_rk00018,5,0.22369729501892,-0.0,1,Democracy
AD->FTD,o_max,xgb_tree_d3,m005017_o_max_ord8_rk00018,8,0.2236153026486727,-0.0,1,Democracy
AD->FTD,o_max,xgb_tree_d3,m007012_o_max_ord10_rk00013,10,0.223397734320029,-0.0,1,Democracy
AD->FTD,o_max,xgb_tree_d3,m004016_o_max_ord7_rk00017,7,0.2228857382635044,-0.0,1,Democracy
AD->FTD,o_max,xgb_tree_d3,m008012_o_max_ord11_rk00013,11,0.2227873481612734,-0.0,1,Democracy
AD->FTD,o_max,xgb_tree_d3,m004013_o_max_ord7_rk00014,7,0.2227863643989457,-0.0,1,Democracy
AD->FTD,o_max,xgb_tree_d3,m015004_o_max_ord18_rk00005,18,0.2225820622955105,0.3095434291503252,2,Democracy
AD->FTD,o_max,xgb_tree_d3,m004002_o_max_ord7_rk00003,7,0.2223386635812539,-0.0,1,Democracy
AD->FTD,o_max,xgb_tree_d3,m017003_o_max_ord20_rk00004,20,0.2220513241946031,0.2863969571159562,2,Democracy
AD->FTD,o_max,xgb_tree_d3,m006018_o_max_ord9_rk00019,9,0.2216429982048876,-0.0,1,Democracy
AD->FTD,o_max,xgb_tree_d3,m017010_o_max_ord20_rk00011,20,0.2215423229510965,-0.0,1,Democracy
AD->FTD,o_max,xgb_tree_d3,m018018_o_max_ord21_rk00019,21,0.2212874073639927,-0.0,1,Democracy
AD->FTD,o_max,xgb_tree_d3,m004015_o_max_ord7_rk00016,7,0.2212606487933325,-0.0,1,Democracy
AD->FTD,o_max,xgb_tree_d3,m001014_o_max_ord4_rk00015,4,0.220847851407641,-0.0,1,Democracy
AD->FTD,o_max,xgb_tree_d3,m011000_o_max_ord14_rk00001,14,0.2206258395846376,-0.0,1,Democracy
AD->FTD,o_max,xgb_tree_d3,m011013_o_max_ord14_rk00014,14,0.2204894420329237,-0.0,1,Democracy
AD->FTD,o_max,xgb_tree_d3,m005002_o_max_ord8_rk00003,8,0.2200394148783024,-0.0,1,Democracy
AD->FTD,o_max,xgb_tree_d3,m004001_o_max_ord7_rk00002,7,0.2200375438452453,-0.0,1,Democracy
AD->FTD,o_max,xgb_tree_d3,m022000_o_max_ord25_rk00001,25,0.2199591163324958,1.0954312795575998,4,Democracy
AD->FTD,o_max,xgb_tree_d3,m022004_o_max_ord25_rk00005,25,0.2193181838171861,0.8663137138648347,3,Democracy
AD->FTD,o_max,xgb_tree_d3,m005005_o_max_ord8_rk00006,8,0.2190279370913015,-0.0,1,Democracy
AD->FTD,o_max,xgb_tree_d3,m004009_o_max_ord7_rk00010,7,0.2189918946841841,-0.0,1,Democracy
AD->FTD,o_max,xgb_tree_d3,m000012_o_max_ord3_rk00013,3,0.2189806432255688,-0.0,1,Democracy
AD->FTD,o_max,xgb_tree_d3,m027004_o_max_ord30_rk00005,30,0.2189711158647568,1.1721597626314755,5,Democracy
AD->FTD,o_max,xgb_tree_d3,m022009_o_max_ord25_rk00010,25,0.2184744749366781,0.6343095546405662,2,Democracy
AD->FTD,o_max,xgb_tree_d3,m008007_o_max_ord11_rk00008,11,0.2184445619831821,-0.0,1,Democracy
AD->FTD,o_max,xgb_tree_d3,m005008_o_max_ord8_rk00009,8,0.218291482291833,-0.0,1,Democracy
AD->FTD,o_max,xgb_tree_d3,m005004_o_max_ord8_rk00005,8,0.2181041502058976,-0.0,1,Democracy
AD->FTD,o_max,xgb_tree_d3,m022015_o_max_ord25_rk00016,25,0.2176046312206843,0.996118213778296,4,Democracy
AD->FTD,o_max,xgb_tree_d3,m005018_o_max_ord8_rk00019,8,0.2174702118120707,-0.0,1,Democracy
AD->FTD,o_max,xgb_tree_d3,m008005_o_max_ord11_rk00006,11,0.2173214659062499,-0.0,1,Democracy
AD->FTD,o_max,xgb_tree_d3,m008008_o_max_ord11_rk00009,11,0.2169594130206241,-0.0,1,Democracy
AD->FTD,o_max,xgb_tree_d3,m018011_o_max_ord21_rk00012,21,0.2168505168954567,0.2761954276479391,2,Democracy
AD->FTD,o_max,xgb_tree_d3,m004011_o_max_ord7_rk00012,7,0.2166643406353875,-0.0,1,Democracy
AD->FTD,o_max,xgb_tree_d3,m024002_o_max_ord27_rk00003,27,0.2164905086391012,1.042344321483692,4,Democracy
AD->FTD,o_max,xgb_tree_d3,m005014_o_max_ord8_rk00015,8,0.2161187142242238,-0.0,1,Democracy
AD->FTD,o_max,xgb_tree_d3,m013017_o_max_ord16_rk00018,16,0.2159774245993598,0.3372900666170139,2,Democracy
AD->FTD,o_max,xgb_tree_d3,m004014_o_max_ord7_rk00015,7,0.2157364208131955,-0.0,1,Democracy
AD->FTD,o_max,xgb_tree_d3,m024017_o_max_ord27_rk00018,27,0.2156323963834591,1.042344321483692,4,Democracy
AD->FTD,o_max,xgb_tree_d3,m022001_o_max_ord25_rk00002,25,0.2154807169273339,0.996118213778296,4,Democracy
AD->FTD,o_max,xgb_tree_d3,m008006_o_max_ord11_rk00007,11,0.2151293741368811,-0.0,1,Democracy
AD->FTD,o_max,xgb_tree_d3,m005001_o_max_ord8_rk00002,8,0.2151166761986402,-0.0,1,Democracy
AD->FTD,o_max,xgb_tree_d3,m021018_o_max_ord24_rk00019,24,0.2145109952315577,1.0238995733215066,4,Democracy
AD->FTD,o_max,xgb_tree_d3,m005007_o_max_ord8_rk00008,8,0.214276723703399,-0.0,1,Democracy
AD->FTD,o_max,xgb_tree_d3,m008014_o_max_ord11_rk00015,11,0.2142380605237263,-0.0,1,Democracy
AD->FTD,o_max,xgb_tree_d3,m024012_o_max_ord27_rk00013,27,0.2140998574385793,1.1625336732554155,5,Democracy
AD->FTD,o_max,xgb_tree_d3,m005019_o_max_ord8_rk00020,8,0.213907890073373,-0.0,1,Democracy
AD->FTD,o_max,xgb_tree_d3,m008000_o_max_ord11_rk00001,11,0.2121055808195405,-0.0,1,Democracy
AD->FTD,o_max,xgb_tree_d3,m006003_o_max_ord9_rk00004,9,0.2118167957173482,-0.0,1,Democracy
AD->FTD,o_max,xgb_tree_d3,m014019_o_max_ord17_rk00020,17,0.2117344182974301,0.3227569588973982,2,Democracy
AD->FTD,o_max,xgb_tree_d3,m014005_o_max_ord17_rk00006,17,0.2112699207820327,0.3227569588973982,2,Democracy
AD->FTD,o_max,xgb_tree_d3,m014001_o_max_ord17_rk00002,17,0.2110883283796228,-0.0,1,Democracy
AD->FTD,o_max,xgb_tree_d3,m005006_o_max_ord8_rk00007,8,0.2107112840665111,-0.0,1,Democracy
AD->FTD,o_max,xgb_tree_d3,m022010_o_max_ord25_rk00011,25,0.2102031695417296,1.2252357794710609,5,Democracy
AD->FTD,o_max,xgb_tree_d3,m018010_o_max_ord21_rk00011,21,0.2098476067470395,-0.0,1,Democracy
AD->FTD,o_max,xgb_tree_d3,m024001_o_max_ord27_rk00002,27,0.209665765131087,1.1625336732554155,5,Democracy
AD->FTD,o_max,xgb_tree_d3,m011015_o_max_ord14_rk00016,14,0.2090882144944585,-0.0,1,Democracy
AD->FTD,o_max,xgb_tree_d3,m014018_o_max_ord17_rk00019,17,0.208097094788604,-0.0,1,Democracy
AD->FTD,o_max,xgb_tree_d3,m006004_o_max_ord9_rk00005,9,0.208043099113653,-0.0,1,Democracy
AD->FTD,o_max,xgb_tree_d3,m007017_o_max_ord10_rk00018,10,0.2078973530464128,-0.0,1,Democracy
AD->FTD,o_max,xgb_tree_d3,m024014_o_max_ord27_rk00015,27,0.2076438247562643,1.257162987432089,5,Democracy
AD->FTD,o_max,xgb_tree_d3,m024006_o_max_ord27_rk00007,27,0.2075736784611416,0.9451696091196164,4,Democracy
AD->FTD,o_max,xgb_tree_d3,m018001_o_max_ord21_rk00002,21,0.2071179928145834,-0.0,1,Democracy
AD->FTD,o_max,xgb_tree_d3,m015001_o_max_ord18_rk00002,18,0.2069448912605764,-0.0,1,Democracy
AD->FTD,o_max,xgb_tree_d3,m007007_o_max_ord10_rk00008,10,0.2067680654646752,-0.0,1,Democracy
AD->FTD,o_max,xgb_tree_d3,m027016_o_max_ord30_rk00017,30,0.2062471698832151,1.3699740752745007,6,Democracy
AD->FTD,o_max,xgb_tree_d3,m009017_o_max_ord12_rk00018,12,0.20603324181221,-0.0,1,Democracy
AD->FTD,o_max,xgb_tree_d3,m017015_o_max_ord20_rk00016,20,0.2059704544410551,0.5689955935892812,3,Democracy
AD->FTD,o_max,xgb_tree_d3,m024013_o_max_ord27_rk00014,27,0.2058354654958484,1.1625336732554155,5,Democracy
AD->FTD,o_max,xgb_tree_d3,m024003_o_max_ord27_rk00004,27,0.2057970075896914,1.257162987432089,5,Democracy
AD->FTD,o_max,xgb_tree_d3,m024004_o_max_ord27_rk00005,27,0.205646073653359,1.042344321483692,4,Democracy
AD->FTD,o_max,xgb_tree_d3,m024005_o_max_ord27_rk00006,27,0.2053236360420721,0.9451696091196164,4,Democracy
AD->FTD,o_max,xgb_tree_d3,m009015_o_max_ord12_rk00016,12,0.2049426543747698,-0.0,1,Democracy
AD->FTD,o_max,xgb_tree_d3,m006005_o_max_ord9_rk00006,9,0.2047936528843145,-0.0,1,Democracy
AD->FTD,o_max,xgb_tree_d3,m009012_o_max_ord12_rk00013,12,0.2044811394096186,-0.0,1,Democracy
AD->FTD,o_max,xgb_tree_d3,m009003_o_max_ord12_rk00004,12,0.2043317235876444,-0.0,1,Democracy
AD->FTD,o_max,xgb_tree_d3,m027018_o_max_ord30_rk00019,30,0.2043289059633698,1.5656017329967198,7,Democracy
AD->FTD,o_max,xgb_tree_d3,m005003_o_max_ord8_rk00004,8,0.2039014357655876,-0.0,1,Democracy
AD->FTD,o_max,xgb_tree_d3,m009009_o_max_ord12_rk00010,12,0.2036139771555588,-0.0,1,Democracy
AD->FTD,o_max,xgb_tree_d3,m020008_o_max_ord23_rk00009,23,0.2034645636549653,1.3012517848198515,4,Democracy
AD->FTD,o_max,xgb_tree_d3,m009004_o_max_ord12_rk00005,12,0.2033231423554424,-0.0,1,Democracy
AD->FTD,o_max,xgb_tree_d3,m009007_o_max_ord12_rk00008,12,0.2029242912766212,-0.0,1,Democracy
AD->FTD,o_max,xgb_tree_d3,m015019_o_max_ord18_rk00020,18,0.2024913781958496,-0.0,1,Democracy
AD->FTD,o_max,xgb_tree_d3,m009001_o_max_ord12_rk00002,12,0.2024450051901781,-0.0,1,Democracy
AD->FTD,o_max,xgb_tree_d3,m000013_o_max_ord3_rk00014,3,0.2022612864306754,-0.0,1,Democracy
AD->FTD,o_max,xgb_tree_d3,m009002_o_max_ord12_rk00003,12,0.2019699272281344,-0.0,1,Democracy
AD->FTD,o_max,xgb_tree_d3,m009005_o_max_ord12_rk00006,12,0.2018059193352421,-0.0,1,Democracy
AD->FTD,o_max,xgb_tree_d3,m009008_o_max_ord12_rk00009,12,0.2016037455636314,-0.0,1,Democracy
AD->FTD,o_max,xgb_tree_d3,m000008_o_max_ord3_rk00009,3,0.2013613551028711,-0.0,1,Democracy
AD->FTD,o_max,xgb_tree_d3,m015003_o_max_ord18_rk00004,18,0.2012927490272978,-0.0,1,Democracy
AD->FTD,o_max,xgb_tree_d3,m024000_o_max_ord27_rk00001,27,0.2011762311718946,0.7642045065086203,2,Democracy
AD->FTD,o_max,xgb_tree_d3,m002016_o_max_ord5_rk00017,5,0.2006685018206957,-0.0,1,Democracy
AD->FTD,o_max,xgb_tree_d3,m005015_o_max_ord8_rk00016,8,0.200220843072838,-0.0,1,Democracy
AD->FTD,o_max,xgb_tree_d3,m017016_o_max_ord20_rk00017,20,0.1998254680620887,0.2863969571159562,2,Democracy
AD->FTD,o_max,xgb_tree_d3,m009014_o_max_ord12_rk00015,12,0.1997560219527581,-0.0,1,Democracy
AD->FTD,o_max,xgb_tree_d3,m012017_o_max_ord15_rk00018,15,0.19953025861556,-0.0,1,Democracy
AD->FTD,o_max,xgb_tree_d3,m004005_o_max_ord7_rk00006,7,0.1992566789296728,-0.0,1,Democracy
AD->FTD,o_max,xgb_tree_d3,m009016_o_max_ord12_rk00017,12,0.1989551658664863,-0.0,1,Democracy
AD->FTD,o_max,xgb_tree_d3,m015002_o_max_ord18_rk00003,18,0.1983092941848349,-0.0,1,Democracy
AD->FTD,o_max,xgb_tree_d3,m015007_o_max_ord18_rk00008,18,0.1979553090090954,-0.0,1,Democracy
AD->FTD,o_max,xgb_tree_d3,m000007_o_max_ord3_rk00008,3,0.1975645036123616,-0.0,1,Democracy
AD->FTD,o_max,xgb_tree_d3,m009000_o_max_ord12_rk00001,12,0.1961702130082866,-0.0,1,Democracy
AD->FTD,o_max,xgb_tree_d3,m002009_o_max_ord5_rk00010,5,0.1960763607538865,-0.0,1,Democracy
AD->FTD,o_max,xgb_tree_d3,m012007_o_max_ord15_rk00008,15,0.1959251766768348,-0.0,1,Democracy
AD->FTD,o_max,xgb_tree_d3,m015018_o_max_ord18_rk00019,18,0.195758983295425,-0.0,1,Democracy
AD->FTD,o_max,xgb_tree_d3,m002012_o_max_ord5_rk00013,5,0.1954393297570922,-0.0,1,Democracy
AD->FTD,o_max,xgb_tree_d3,m012006_o_max_ord15_rk00007,15,0.1954131292846964,-0.0,1,Democracy
AD->FTD,o_max,xgb_tree_d3,m012008_o_max_ord15_rk00009,15,0.1950531190331156,-0.0,1,Democracy
AD->FTD,o_max,xgb_tree_d3,m015012_o_max_ord18_rk00013,18,0.1947160882454334,-0.0,1,Democracy
AD->FTD,o_max,xgb_tree_d3,m015016_o_max_ord18_rk00017,18,0.1946665350674121,0.3095434291503252,2,Democracy
AD->FTD,o_max,xgb_tree_d3,m022006_o_max_ord25_rk00007,25,0.1943010916136048,0.8663137138648347,3,Democracy
AD->FTD,o_max,xgb_tree_d3,m012010_o_max_ord15_rk00011,15,0.1937904225112942,-0.0,1,Democracy
AD->FTD,o_max,xgb_tree_d3,m024015_o_max_ord27_rk00016,27,0.1936523985916273,0.824980257347893,3,Democracy
AD->FTD,o_max,xgb_tree_d3,m012000_o_max_ord15_rk00001,15,0.1933067895546233,-0.0,1,Democracy
AD->FTD,o_max,xgb_tree_d3,m015014_o_max_ord18_rk00015,18,0.1905339005977118,0.3095434291503252,2,Democracy
AD->FTD,o_max,xgb_tree_d3,m000003_o_max_ord3_rk00004,3,0.1903866492314815,-0.0,1,Democracy
AD->FTD,o_max,xgb_tree_d3,m012009_o_max_ord15_rk00010,15,0.1901136113577396,-0.0,1,Democracy
AD->FTD,o_max,xgb_tree_d3,m011001_o_max_ord14_rk00002,14,0.1898785347807653,-0.0,1,Democracy
AD->FTD,o_max,xgb_tree_d3,m027002_o_max_ord30_rk00003,30,0.1897637416851976,1.2496527261266068,5,Democracy
AD->FTD,o_max,xgb_tree_d3,m015011_o_max_ord18_rk00012,18,0.1897361983450176,0.3095434291503252,2,Democracy
AD->FTD,o_max,xgb_tree_d3,m000015_o_max_ord3_rk00016,3,0.1895855273174408,-0.0,1,Democracy
AD->FTD,o_max,xgb_tree_d3,m015010_o_max_ord18_rk00011,18,0.1893227232212175,-0.0,1,Democracy
AD->FTD,o_max,xgb_tree_d3,m018019_o_max_ord21_rk00020,21,0.1849955600395053,0.2761954276479391,2,Democracy
AD->FTD,o_max,xgb_tree_d3,m011009_o_max_ord14_rk00010,14,0.1840007779226025,-0.0,1,Democracy
AD->FTD,o_max,xgb_tree_d3,m018016_o_max_ord21_rk00017,21,0.1837593432415267,0.5489544344250401,3,Democracy
AD->FTD,o_max,xgb_tree_d3,m002002_o_max_ord5_rk00003,5,0.1830126497859618,-0.0,1,Democracy
AD->FTD,o_max,xgb_tree_d3,m000004_o_max_ord3_rk00005,3,0.1810344023760316,-0.0,1,Democracy
AD->FTD,o_max,xgb_tree_d3,m000010_o_max_ord3_rk00011,3,0.1810294360591089,-0.0,1,Democracy
AD->FTD,o_max,xgb_tree_d3,m002014_o_max_ord5_rk00015,5,0.1778278000814637,-0.0,1,Democracy
AD->FTD,o_max,xgb_tree_d3,m002005_o_max_ord5_rk00006,5,0.1749104524741346,-0.0,1,Democracy
FTD->FTD,o_min,xgb_tree_d1,m069516_o_min_ord25_rk00002,25,0.3328950724499748,2.8676013115120567,9,Democracy
FTD->FTD,o_min,xgb_tree_d1,m069524_o_min_ord25_rk00010,25,0.3319929636483689,2.8888840705376357,9,Democracy
FTD->FTD,o_min,xgb_tree_d1,m067524_o_min_ord23_rk00010,23,0.331775597213175,2.8768531307993075,9,Democracy
FTD->FTD,o_min,xgb_tree_d1,m069527_o_min_ord25_rk00013,25,0.3314021731055365,2.8676013115120567,9,Democracy
FTD->FTD,o_min,xgb_tree_d1,m067519_o_min_ord23_rk00005,23,0.3312416781022421,2.859880977513952,9,Democracy
FTD->FTD,o_min,xgb_tree_d1,m067523_o_min_ord23_rk00009,23,0.3310769385731198,2.9140163035068443,9,Democracy
FTD->FTD,o_min,xgb_tree_d1,m073527_o_min_ord29_rk00013,29,0.3308702686197861,2.8961239954868447,10,Democracy
FTD->FTD,o_min,xgb_tree_d1,m068526_o_min_ord24_rk00012,24,0.3306628273068327,2.840199876515855,9,Democracy
FTD->FTD,o_min,xgb_tree_d1,m069533_o_min_ord25_rk00019,25,0.330541414738887,2.8676013115120567,9,Democracy
FTD->FTD,o_min,xgb_tree_d1,m068527_o_min_ord24_rk00013,24,0.3304798767063688,2.907268229617389,9,Democracy
FTD->FTD,o_min,xgb_tree_d1,m068529_o_min_ord24_rk00015,24,0.3303684844460829,2.907268229617389,9,Democracy
FTD->FTD,o_min,xgb_tree_d1,m064527_o_min_ord20_rk00013,20,0.3302993202614893,2.6841837197791887,7,Temperature
FTD->FTD,o_min,xgb_tree_d1,m067525_o_min_ord23_rk00011,23,0.3302234754137076,2.7029400873210467,8,Democracy
FTD->FTD,o_min,xgb_tree_d1,m069526_o_min_ord25_rk00012,25,0.3301389013935679,2.8676013115120567,9,Democracy
FTD->FTD,o_min,xgb_tree_d1,m064524_o_min_ord20_rk00010,20,0.3301069692513484,2.6841837197791887,7,Temperature
FTD->FTD,o_min,xgb_tree_d1,m070529_o_min_ord26_rk00015,26,0.329679163628237,2.8536700092563416,9,Democracy
FTD->FTD,o_min,xgb_tree_d1,m073534_o_min_ord29_rk00020,29,0.3294797238311807,2.983342099382735,10,Democracy
FTD->FTD,o_min,xgb_tree_d1,m066530_o_min_ord22_rk00016,22,0.3289938745871242,2.867633890971212,9,Democracy
FTD->FTD,o_min,xgb_tree_d1,m072517_o_min_ord28_rk00003,28,0.3286740845773162,2.7754316010011366,9,Democracy
FTD->FTD,o_min,xgb_tree_d1,m068517_o_min_ord24_rk00003,24,0.3286443579038726,2.907268229617389,9,Democracy
FTD->FTD,o_min,xgb_tree_d1,m068519_o_min_ord24_rk00005,24,0.3286124310758196,2.907268229617389,9,Democracy
FTD->FTD,o_min,xgb_tree_d1,m064530_o_min_ord20_rk00016,20,0.3284236426095922,2.6841837197791887,7,Temperature
FTD->FTD,o_min,xgb_tree_d1,m073528_o_min_ord29_rk00014,29,0.3283934395892215,2.8271584782454653,9,Democracy
FTD->FTD,o_min,xgb_tree_d1,m053525_o_min_ord9_rk00011,9,0.3282613894893594,2.725480556997868,7,Air Pollution
FTD->FTD,o_min,xgb_tree_d1,m061519_o_min_ord17_rk00005,17,0.3281507266080771,2.6312929881819,7,Temperature
FTD->FTD,o_min,xgb_tree_d1,m069534_o_min_ord25_rk00020,25,0.3280055488408564,2.833411192621123,9,Democracy
FTD->FTD,o_min,xgb_tree_d1,m060518_o_min_ord16_rk00004,16,0.3278965035894524,2.452819531114783,6,Temperature
FTD->FTD,o_min,xgb_tree_d1,m067533_o_min_ord23_rk00019,23,0.327792675889171,2.9424955222917832,9,Democracy
FTD->FTD,o_min,xgb_tree_d1,m068532_o_min_ord24_rk00018,24,0.3277679646123058,2.83429531609601,9,Democracy
FTD->FTD,o_min,xgb_tree_d1,m066525_o_min_ord22_rk00011,22,0.3277008872249242,2.9019469592513696,9,Democracy
FTD->FTD,o_min,xgb_tree_d1,m060516_o_min_ord16_rk00002,16,0.3276707455900353,2.5306390622295662,6,Temperature
FTD->FTD,o_min,xgb_tree_d1,m061522_o_min_ord17_rk00008,17,0.3272714391618504,2.513645929358371,6,Temperature
FTD->FTD,o_min,xgb_tree_d1,m065528_o_min_ord21_rk00014,21,0.3270593566980152,2.9463875191311275,9,Democracy
FTD->FTD,o_min,xgb_tree_d1,m063527_o_min_ord19_rk00013,19,0.3269609326880813,2.6292492238560348,7,Temperature
FTD->FTD,o_min,xgb_tree_d1,m067528_o_min_ord23_rk00014,23,0.3268332339295917,2.8927021732601896,9,Democracy
FTD->FTD,o_min,xgb_tree_d1,m064515_o_min_ord20_rk00001,20,0.3268227852030816,2.6841837197791887,7,Temperature
FTD->FTD,o_min,xgb_tree_d1,m074523_o_min_ord30_rk00009,30,0.326566512249447,2.9437621626224817,10,Democracy
FTD->FTD,o_min,xgb_tree_d1,m067517_o_min_ord23_rk00003,23,0.3265300054482792,2.9424955222917832,9,Democracy
FTD->FTD,o_min,xgb_tree_d1,m072526_o_min_ord28_rk00012,28,0.3265117578886599,2.865764637179023,9,Democracy
FTD->FTD,o_min,xgb_tree_d1,m070517_o_min_ord26_rk00003,26,0.3264864085134182,2.8536700092563416,9,Democracy
FTD->FTD,o_min,xgb_tree_d1,m061530_o_min_ord17_rk00016,17,0.3264551236504962,2.6312929881819,7,Temperature
FTD->FTD,o_min,xgb_tree_d1,m054532_o_min_ord10_rk00018,10,0.3264136707343175,2.4464393446710155,6,Temperature
FTD->FTD,o_min,xgb_tree_d1,m072523_o_min_ord28_rk00009,28,0.3262335682456376,2.865764637179023,9,Democracy
FTD->FTD,o_min,xgb_tree_d1,m061531_o_min_ord17_rk00017,17,0.3261633978057376,2.6312929881819,7,Temperature
FTD->FTD,o_min,xgb_tree_d1,m064534_o_min_ord20_rk00020,20,0.3257191848040784,2.6841837197791887,7,Temperature
FTD->FTD,o_min,xgb_tree_d1,m061532_o_min_ord17_rk00018,17,0.3256516066017103,2.4692407821722844,6,Temperature
FTD->FTD,o_min,xgb_tree_d1,m059527_o_min_ord15_rk00013,15,0.3255931276294301,2.8225797618424915,8,Temperature
FTD->FTD,o_min,xgb_tree_d1,m071527_o_min_ord27_rk00013,27,0.3255764370102337,2.9024425973114867,9,Democracy
FTD->FTD,o_min,xgb_tree_d1,m062524_o_min_ord18_rk00010,18,0.3255260428573007,2.6416041678685938,7,Temperature
FTD->FTD,o_min,xgb_tree_d1,m070531_o_min_ord26_rk00017,26,0.3252390389887206,2.8536700092563416,9,Democracy
FTD->FTD,o_min,xgb_tree_d1,m061517_o_min_ord17_rk00003,17,0.3250654645797199,2.7045348998193433,7,Temperature
FTD->FTD,o_min,xgb_tree_d1,m053521_o_min_ord9_rk00007,9,0.3250222908950343,2.5032583347756456,6,Air Pollution
FTD->FTD,o_min,xgb_tree_d1,m067534_o_min_ord23_rk00020,23,0.3249123374800345,2.8598809775139515,9,Democracy
FTD->FTD,o_min,xgb_tree_d1,m074521_o_min_ord30_rk00007,30,0.3248676722829808,2.7874302980927217,9,Democracy
FTD->FTD,o_min,xgb_tree_d1,m055520_o_min_ord11_rk00006,11,0.3247438948421995,2.481714572986073,6,Democracy
FTD->FTD,o_min,xgb_tree_d1,m054519_o_min_ord10_rk00005,10,0.3246600534301456,2.2464393446710154,5,Democracy
FTD->FTD,o_min,xgb_tree_d1,m052533_o_min_ord8_rk00019,8,0.3246389650129234,2.5,6,Air Pollution
FTD->FTD,o_min,xgb_tree_d1,m065529_o_min_ord21_rk00015,21,0.3243950260641439,2.9463875191311275,9,Temperature
FTD->FTD,o_min,xgb_tree_d1,m074528_o_min_ord30_rk00014,30,0.3242827380490739,2.9437621626224817,10,Democracy
FTD->FTD,o_min,xgb_tree_d1,m063534_o_min_ord19_rk00020,19,0.3241102640381016,2.984769618706743,9,Temperature
FTD->FTD,o_min,xgb_tree_d1,m073523_o_min_ord29_rk00009,29,0.3241056911622106,2.8271584782454653,9,Democracy
FTD->FTD,o_min,xgb_tree_d1,m064529_o_min_ord20_rk00015,20,0.3239309434714105,2.6841837197791887,7,Temperature
FTD->FTD,o_min,xgb_tree_d1,m062517_o_min_ord18_rk00003,18,0.3238502433671942,2.7107770844150676,7,Temperature
FTD->FTD,o_min,xgb_tree_d1,m064532_o_min_ord20_rk00018,20,0.3236626234676251,2.9414460711655215,9,Democracy
FTD->FTD,o_min,xgb_tree_d1,m052519_o_min_ord8_rk00005,8,0.3235758549066547,2.5,6,Air Pollution
FTD->FTD,o_min,xgb_tree_d1,m065524_o_min_ord21_rk00010,21,0.3235244634240164,2.6606732334168424,7,Democracy
FTD->FTD,o_min,xgb_tree_d1,m067515_o_min_ord23_rk00001,23,0.3231966400854118,2.9140163035068443,9,Democracy
FTD->FTD,o_min,xgb_tree_d1,m071520_o_min_ord27_rk00006,27,0.3229817606577378,2.815460540067162,9,Democracy
FTD->FTD,o_min,xgb_tree_d1,m053518_o_min_ord9_rk00004,9,0.322891685386339,2.197159723424149,5,Temperature
FTD->FTD,o_min,xgb_tree_d1,m066527_o_min_ord22_rk00013,22,0.3228602261088736,2.9019469592513696,9,Democracy
FTD->FTD,o_min,xgb_tree_d1,m073519_o_min_ord29_rk00005,29,0.322834943060537,2.8271584782454653,9,Democracy
FTD->FTD,o_min,xgb_tree_d1,m054518_o_min_ord10_rk00004,10,0.3227988864619378,2.4464393446710155,6,Temperature
FTD->FTD,o_min,xgb_tree_d1,m069530_o_min_ord25_rk00016,25,0.3227175156540437,2.84307418942857,8,Democracy
FTD->FTD,o_min,xgb_tree_d1,m058530_o_min_ord14_rk00016,14,0.3223802194630287,2.6455933144511468,7,Temperature
FTD->FTD,o_min,xgb_tree_d1,m057531_o_min_ord13_rk00017,13,0.322332063716186,2.2954656791802917,5,Air Pollution
FTD->FTD,o_min,xgb_tree_d1,m067522_o_min_ord23_rk00008,23,0.3220210192135707,2.9140163035068443,9,Democracy
FTD->FTD,o_min,xgb_tree_d1,m057522_o_min_ord13_rk00008,13,0.3220207299181635,2.6612262562697895,7,Temperature
FTD->FTD,o_min,xgb_tree_d1,m058520_o_min_ord14_rk00006,14,0.3220028897732777,2.8423709931771084,8,Temperature
FTD->FTD,o_min,xgb_tree_d1,m072532_o_min_ord28_rk00018,28,0.3220015738931627,3.0210687638074782,10,Democracy
FTD->FTD,o_min,xgb_tree_d1,m069531_o_min_ord25_rk00017,25,0.3219941754869352,2.8888840705376357,9,Democracy
FTD->FTD,o_min,xgb_tree_d1,m064517_o_min_ord20_rk00003,20,0.321967129147953,2.6841837197791887,7,Temperature
FTD->FTD,o_min,xgb_tree_d1,m068525_o_min_ord24_rk00011,24,0.3218753487458895,2.892079563925711,9,Democracy
FTD->FTD,o_min,xgb_tree_d1,m071534_o_min_ord27_rk00020,27,0.3216581935453455,2.9024425973114867,9,Democracy
FTD->FTD,o_min,xgb_tree_d1,m070530_o_min_ord26_rk00016,26,0.3214909508989477,2.8536700092563416,9,Democracy
FTD->FTD,o_min,xgb_tree_d1,m062527_o_min_ord18_rk00013,18,0.3214752666843278,2.683542362433231,7,Temperature
FTD->FTD,o_min,xgb_tree_d1,m064525_o_min_ord20_rk00011,20,0.3214258794014232,2.6037016960573482,7,Democracy
FTD->FTD,o_min,xgb_tree_d1,m061527_o_min_ord17_rk00013,17,0.3213838858615204,2.7045348998193433,7,Temperature
FTD->FTD,o_min,xgb_tree_d1,m062534_o_min_ord18_rk00020,18,0.3212797857881406,2.6416041678685938,7,Precipitation/droughts
FTD->FTD,o_min,xgb_tree_d1,m069521_o_min_ord25_rk00007,25,0.3212430755537907,2.8888840705376357,9,Democracy
FTD->FTD,o_min,xgb_tree_d1,m065517_o_min_ord21_rk00003,21,0.3211986233123506,2.7373227798185953,7,Temperature
FTD->FTD,o_min,xgb_tree_d1,m069529_o_min_ord25_rk00015,25,0.320828644766674,2.8888840705376357,9,Democracy
FTD->FTD,o_min,xgb_tree_d1,m063523_o_min_ord19_rk00009,19,0.3208155132783251,2.6292492238560348,7,Temperature
FTD->FTD,o_min,xgb_tree_d1,m060527_o_min_ord16_rk00013,16,0.3207233932772397,2.6556390622295662,7,Temperature
FTD->FTD,o_min,xgb_tree_d1,m068518_o_min_ord24_rk00004,24,0.3205732089139144,2.8699100232740657,9,Democracy
FTD->FTD,o_min,xgb_tree_d1,m072531_o_min_ord28_rk00017,28,0.3205549966540355,2.7754316010011366,9,Democracy
FTD->FTD,o_min,xgb_tree_d1,m069520_o_min_ord25_rk00006,25,0.3204884606992422,2.8676013115120567,9,Democracy
FTD->FTD,o_min,xgb_tree_d1,m063515_o_min_ord19_rk00001,19,0.3204777103949358,2.6947814605842733,7,Temperature
FTD->FTD,o_min,xgb_tree_d1,m063533_o_min_ord19_rk00019,19,0.3204607046387714,2.694781460584273,7,Temperature
FTD->FTD,o_min,xgb_tree_d1,m073533_o_min_ord29_rk00019,29,0.3202875278266862,2.8271584782454653,9,Democracy
FTD->FTD,o_min,xgb_tree_d1,m070526_o_min_ord26_rk00012,26,0.3202331264007062,2.8536700092563416,9,Democracy
FTD->FTD,o_min,xgb_tree_d1,m072520_o_min_ord28_rk00006,28,0.3201725661438086,2.937193208607594,10,Democracy
FTD->FTD,o_min,xgb_tree_d1,m065531_o_min_ord21_rk00017,21,0.3201178557257108,2.9463875191311275,9,Democracy
FTD->FTD,o_min,xgb_tree_d1,m057526_o_min_ord13_rk00012,13,0.320061674364355,2.449311833026446,6,Temperature
FTD->FTD,o_min,xgb_tree_d1,m061528_o_min_ord17_rk00014,17,0.3199129096308654,2.6601297526332566,7,Democracy
FTD->FTD,o_min,xgb_tree_d1,m066521_o_min_ord22_rk00007,22,0.3198649100199378,2.9317206879810787,9,Democracy
FTD->FTD,o_min,xgb_tree_d1,m068528_o_min_ord24_rk00014,24,0.3197730489370874,2.907268229617389,9,Democracy
FTD->FTD,o_min,xgb_tree_d1,m071528_o_min_ord27_rk00014,27,0.3197348570056197,2.815460540067162,9,Democracy
FTD->FTD,o_min,xgb_tree_d1,m062523_o_min_ord18_rk00009,18,0.319631713987526,2.4613201402110088,6,Temperature
FTD->FTD,o_min,xgb_tree_d1,m071516_o_min_ord27_rk00002,27,0.3195948040371876,2.815460540067162,9,Democracy
FTD->FTD,o_min,xgb_tree_d1,m069532_o_min_ord25_rk00018,25,0.3195676248565974,2.8888840705376357,9,Democracy
FTD->FTD,o_min,xgb_tree_d1,m070532_o_min_ord26_rk00018,26,0.3195459877434977,2.8536700092563416,9,Democracy
FTD->FTD,o_min,xgb_tree_d1,m070519_o_min_ord26_rk00005,26,0.3194111678141392,2.8536700092563416,9,Democracy
FTD->FTD,o_min,xgb_tree_d1,m071515_o_min_ord27_rk00001,27,0.3193798720605748,2.815460540067162,9,Democracy
FTD->FTD,o_min,xgb_tree_d1,m061518_o_min_ord17_rk00004,17,0.3193308649546443,2.6312929881819,7,Temperature
FTD->FTD,o_min,xgb_tree_d1,m069517_o_min_ord25_rk00003,25,0.3190450622827273,2.8530201924480454,9,Democracy
FTD->FTD,o_min,xgb_tree_d1,m074525_o_min_ord30_rk00011,30,0.3189836850561826,2.8640835117703762,9,Democracy
FTD->FTD,o_min,xgb_tree_d1,m072525_o_min_ord28_rk00011,28,0.3189764119977102,2.7754316010011366,9,Democracy
FTD->FTD,o_min,xgb_tree_d1,m054534_o_min_ord10_rk00020,10,0.3189003771634203,2.721928094887362,7,Air Pollution
FTD->FTD,o_min,xgb_tree_d1,m069515_o_min_ord25_rk00001,25,0.3188553653101121,2.8676013115120567,9,Democracy
FTD->FTD,o_min,xgb_tree_d1,m062532_o_min_ord18_rk00018,18,0.3187740736853228,2.858278308418045,9,Democracy
FTD->FTD,o_min,xgb_tree_d1,m073520_o_min_ord29_rk00006,29,0.3187609437392954,2.7447322877088034,8,Democracy
FTD->FTD,o_min,xgb_tree_d1,m067529_o_min_ord23_rk00015,23,0.3186920802999986,2.6967788068829472,8,Democracy
FTD->FTD,o_min,xgb_tree_d1,m074519_o_min_ord30_rk00005,30,0.3186905012375419,2.8640835117703762,9,Democracy
FTD->FTD,o_min,xgb_tree_d1,m071530_o_min_ord27_rk00016,27,0.3186312200527139,2.976516671385561,10,Democracy
FTD->FTD,o_min,xgb_tree_d1,m069518_o_min_ord25_rk00004,25,0.3186139475298509,2.8676013115120567,9,Democracy
FTD->FTD,o_min,xgb_tree_d1,m054520_o_min_ord10_rk00006,10,0.3186099260381542,2.4464393446710155,6,Temperature
FTD->FTD,o_min,xgb_tree_d1,m065515_o_min_ord21_rk00001,21,0.3186085075412497,2.9463875191311275,9,Democracy
FTD->FTD,o_min,xgb_tree_d1,m068522_o_min_ord24_rk00008,24,0.3185279649349587,2.8699100232740657,9,Democracy
FTD->FTD,o_min,xgb_tree_d1,m059517_o_min_ord15_rk00003,15,0.3185268665027546,2.8225797618424915,8,Temperature
FTD->FTD,o_min,xgb_tree_d1,m067521_o_min_ord23_rk00007,23,0.3183434226275736,2.8927021732601896,9,Democracy
FTD->FTD,o_min,xgb_tree_d1,m064531_o_min_ord20_rk00017,20,0.3182915531751824,2.865957320949175,8,Democracy
FTD->FTD,o_min,xgb_tree_d1,m068533_o_min_ord24_rk00019,24,0.3182462962744278,2.8699100232740657,9,Democracy
FTD->FTD,o_min,xgb_tree_d1,m071526_o_min_ord27_rk00012,27,0.318229208056022,2.815460540067162,9,Democracy
FTD->FTD,o_min,xgb_tree_d1,m068530_o_min_ord24_rk00016,24,0.3181434700258302,2.8699100232740657,9,Democracy
FTD->FTD,o_min,xgb_tree_d1,m069525_o_min_ord25_rk00011,25,0.3181374549782771,2.8676013115120567,9,Democracy
FTD->FTD,o_min,xgb_tree_d1,m066532_o_min_ord22_rk00018,22,0.3181268057421181,2.7155894378827394,7,Democracy
FTD->FTD,o_min,xgb_tree_d1,m071531_o_min_ord27_rk00017,27,0.3180226542859736,2.815460540067162,9,Democracy
FTD->FTD,o_min,xgb_tree_d1,m057517_o_min_ord13_rk00003,13,0.3179639876133924,2.6612262562697895,7,Temperature
FTD->FTD,o_min,xgb_tree_d1,m060517_o_min_ord16_rk00003,16,0.3179297708672627,2.452819531114783,6,Temperature
FTD->FTD,o_min,xgb_tree_d1,m068515_o_min_ord24_rk00001,24,0.317926973902131,2.8699100232740657,9,Democracy
FTD->FTD,o_min,xgb_tree_d1,m053529_o_min_ord9_rk00015,9,0.3179081240129268,2.197159723424149,5,Socioeconomic
FTD->FTD,o_min,xgb_tree_d1,m065516_o_min_ord21_rk00002,21,0.3177343135038833,2.915195993795242,9,Democracy
FTD->FTD,o_min,xgb_tree_d1,m053522_o_min_ord9_rk00008,9,0.3176673345111019,2.5032583347756456,6,Temperature
FTD->FTD,o_min,xgb_tree_d1,m048531_o_min_ord4_rk00017,4,0.3176446505275562,1.5,3,Air Pollution
FTD->FTD,o_min,xgb_tree_d1,m059519_o_min_ord15_rk00005,15,0.3176229475588977,2.8225797618424915,8,Temperature
FTD->FTD,o_min,xgb_tree_d1,m072522_o_min_ord28_rk00008,28,0.3174924144419462,2.780394654123194,8,Democracy
FTD->FTD,o_min,xgb_tree_d1,m071518_o_min_ord27_rk00004,27,0.3174592762562972,2.815460540067162,9,Democracy
FTD->FTD,o_min,xgb_tree_d1,m065530_o_min_ord21_rk00016,21,0.3173893728520155,2.851149423893032,8,Democracy
FTD->FTD,o_min,xgb_tree_d1,m071519_o_min_ord27_rk00005,27,0.3173517581137561,2.815460540067162,9,Democracy
FTD->FTD,o_min,xgb_tree_d1,m073532_o_min_ord29_rk00018,29,0.3172915939784091,2.8271584782454653,9,Democracy
FTD->FTD,o_min,xgb_tree_d1,m062519_o_min_ord18_rk00005,18,0.3172832233520396,2.683542362433231,7,Temperature
FTD->FTD,o_min,xgb_tree_d1,m068516_o_min_ord24_rk00002,24,0.3171013669392465,2.907268229617389,9,Democracy
FTD->FTD,o_min,xgb_tree_d1,m066519_o_min_ord22_rk00005,22,0.3169999617041877,2.9151512344992474,9,Temperature
FTD->FTD,o_min,xgb_tree_d1,m059523_o_min_ord15_rk00009,15,0.3169517386185151,2.256564762130954,5,Temperature
FTD->FTD,o_min,xgb_tree_d1,m063520_o_min_ord19_rk00006,19,0.3169375101164826,2.6947814605842733,7,Temperature
FTD->FTD,o_min,xgb_tree_d1,m072528_o_min_ord28_rk00014,28,0.3167794387486732,2.8962915290459277,9,Democracy
FTD->FTD,o_min,xgb_tree_d1,m056525_o_min_ord12_rk00011,12,0.3167704536441416,2.688721875540867,7,Temperature
FTD->FTD,o_min,xgb_tree_d1,m074518_o_min_ord30_rk00004,30,0.3167694615194357,2.7874302980927217,9,Democracy
FTD->FTD,o_min,xgb_tree_d1,m071517_o_min_ord27_rk00003,27,0.3165512623692565,2.815460540067162,9,Democracy
FTD->FTD,o_min,xgb_tree_d1,m062531_o_min_ord18_rk00017,18,0.3164780475401737,2.9057645846554525,9,Temperature
FTD->FTD,o_min,xgb_tree_d1,m063521_o_min_ord19_rk00007,19,0.316460012260211,2.6292492238560348,7,Temperature
FTD->FTD,o_min,xgb_tree_d1,m072534_o_min_ord28_rk00020,28,0.3163978771413844,2.937193208607594,10,Democracy
FTD->FTD,o_min,xgb_tree_d1,m067518_o_min_ord23_rk00004,23,0.3163835038252992,2.9140163035068443,9,Democracy
FTD->FTD,o_min,xgb_tree_d1,m059520_o_min_ord15_rk00006,15,0.3163183921272928,2.8225797618424915,8,Temperature
FTD->FTD,o_min,xgb_tree_d1,m062529_o_min_ord18_rk00015,18,0.3162895530229613,2.858278308418045,9,Democracy
FTD->FTD,o_min,xgb_tree_d1,m061520_o_min_ord17_rk00006,17,0.3162043278222587,2.939829017466402,9,Democracy
FTD->FTD,o_min,xgb_tree_d1,m066522_o_min_ord22_rk00008,22,0.3160907587572091,2.9019469592513696,9,Democracy
FTD->FTD,o_min,xgb_tree_d1,m063530_o_min_ord19_rk00016,19,0.3159746180572028,2.9000516989995426,9,Democracy
FTD->FTD,o_min,xgb_tree_d1,m074527_o_min_ord30_rk00013,30,0.3159655928676926,2.7874302980927217,9,Democracy
FTD->FTD,o_min,xgb_tree_d1,m065534_o_min_ord21_rk00020,21,0.3159492991428947,2.7606668272315975,8,Democracy
FTD->FTD,o_min,xgb_tree_d1,m067531_o_min_ord23_rk00017,23,0.3159345858709678,2.8208985013296144,9,Democracy
FTD->FTD,o_min,xgb_tree_d1,m058521_o_min_ord14_rk00007,14,0.3159099976754733,2.5027361715940035,6,Air Pollution
FTD->FTD,o_min,xgb_tree_d1,m071533_o_min_ord27_rk00019,27,0.3159020082930061,2.815460540067162,9,Democracy
FTD->FTD,o_min,xgb_tree_d1,m064516_o_min_ord20_rk00002,20,0.3157313042810025,2.746439344671016,8,Democracy
FTD->FTD,o_min,xgb_tree_d1,m071524_o_min_ord27_rk00010,27,0.3156986938331145,2.815460540067162,9,Democracy
FTD->FTD,o_min,xgb_tree_d1,m060523_o_min_ord16_rk00009,16,0.3156819892302007,2.7806390622295662,8,Democracy
FTD->FTD,o_min,xgb_tree_d1,m066515_o_min_ord22_rk00001,22,0.3156122582299802,2.9540036423298544,9,Democracy
FTD->FTD,o_min,xgb_tree_d1,m069523_o_min_ord25_rk00009,25,0.3154836172293322,2.8676013115120567,9,Democracy
FTD->FTD,o_min,xgb_tree_d1,m070522_o_min_ord26_rk00008,26,0.3154710508210893,2.8536700092563416,9,Democracy
FTD->FTD,o_min,xgb_tree_d1,m070527_o_min_ord26_rk00013,26,0.3154411174612018,2.8536700092563416,9,Democracy
FTD->FTD,o_min,xgb_tree_d1,m054527_o_min_ord10_rk00013,10,0.3152826081354049,2.2464393446710154,5,Socioeconomic
FTD->FTD,o_min,xgb_tree_d1,m072533_o_min_ord28_rk00019,28,0.3151273926670725,2.7754316010011366,9,Democracy
FTD->FTD,o_min,xgb_tree_d1,m073522_o_min_ord29_rk00008,29,0.3150350008141527,2.900915908846073,9,Democracy
FTD->FTD,o_min,xgb_tree_d1,m071529_o_min_ord27_rk00015,27,0.3149045224366122,2.9341001148030923,9,Democracy
FTD->FTD,o_min,xgb_tree_d1,m067527_o_min_ord23_rk00013,23,0.3148099038789103,2.7837353286220776,9,Democracy
FTD->FTD,o_min,xgb_tree_d1,m060526_o_min_ord16_rk00012,16,0.3147220496920271,2.7806390622295662,8,Temperature
FTD->FTD,o_min,xgb_tree_d1,m056530_o_min_ord12_rk00016,12,0.3146532984561209,2.688721875540867,7,Temperature
FTD->FTD,o_min,xgb_tree_d1,m072518_o_min_ord28_rk00004,28,0.314496243759243,2.865764637179023,9,Democracy
FTD->FTD,o_min,xgb_tree_d1,m074533_o_min_ord30_rk00019,30,0.3144886971543186,2.7874302980927217,9,Democracy
FTD->FTD,o_min,xgb_tree_d1,m072519_o_min_ord28_rk00005,28,0.3144446612338285,2.704003029572565,8,Democracy
FTD->FTD,o_min,xgb_tree_d1,m073526_o_min_ord29_rk00012,29,0.3144190518161417,2.8566327186686844,9,Democracy
FTD->FTD,o_min,xgb_tree_d1,m056516_o_min_ord12_rk00002,12,0.3143127344426748,2.4591479170272446,6,Temperature
FTD->FTD,o_min,xgb_tree_d1,m066516_o_min_ord22_rk00002,22,0.3142747009419858,2.9019469592513696,9,Democracy
FTD->FTD,o_min,xgb_tree_d1,m059525_o_min_ord15_rk00011,15,0.3142154138544957,2.5492553971685,7,Democracy
FTD->FTD,o_min,xgb_tree_d1,m072527_o_min_ord28_rk00013,28,0.3141862742924832,2.935698780751651,9,Democracy
FTD->FTD,o_min,xgb_tree_d1,m058524_o_min_ord14_rk00010,14,0.3141385017557134,2.8423709931771084,8,Temperature
FTD->FTD,o_min,xgb_tree_d1,m072529_o_min_ord28_rk00015,28,0.3140670047216154,2.865764637179023,9,Democracy
FTD->FTD,o_min,xgb_tree_d1,m067526_o_min_ord23_rk00012,23,0.3140035526089363,2.8440319350530703,9,Democracy
FTD->FTD,o_min,xgb_tree_d1,m066534_o_min_ord22_rk00020,22,0.3139770617633685,2.737872392231515,8,Democracy
FTD->FTD,o_min,xgb_tree_d1,m059524_o_min_ord15_rk00010,15,0.313930901381996,2.8225797618424915,8,Temperature
FTD->FTD,o_min,xgb_tree_d1,m070520_o_min_ord26_rk00006,26,0.3139039421884003,2.8252517372886508,9,Democracy
FTD->FTD,o_min,xgb_tree_d1,m069519_o_min_ord25_rk00005,25,0.313803450341351,2.823465189601647,9,Democracy
FTD->FTD,o_min,xgb_tree_d1,m064522_o_min_ord20_rk00008,20,0.3137731243972278,2.865957320949175,8,Democracy
FTD->FTD,o_min,xgb_tree_d1,m074520_o_min_ord30_rk00006,30,0.3137459268264088,2.9437621626224817,10,Democracy
FTD->FTD,o_min,xgb_tree_d1,m070521_o_min_ord26_rk00007,26,0.3137203199879966,2.8252517372886508,9,Democracy
FTD->FTD,o_min,xgb_tree_d1,m072516_o_min_ord28_rk00002,28,0.3135857000189185,2.865764637179023,9,Democracy
FTD->FTD,o_min,xgb_tree_d1,m058516_o_min_ord14_rk00002,14,0.3135629485261714,2.8423709931771084,8,Temperature
FTD->FTD,o_min,xgb_tree_d1,m066523_o_min_ord22_rk00009,22,0.3135163710437302,2.8045965297024473,9,Democracy
FTD->FTD,o_min,xgb_tree_d1,m065519_o_min_ord21_rk00005,21,0.3134983126167076,2.7199643047423914,8,Democracy
FTD->FTD,o_min,xgb_tree_d1,m055522_o_min_ord11_rk00008,11,0.3134440324374569,2.481714572986073,6,Temperature
FTD->FTD,o_min,xgb_tree_d1,m070523_o_min_ord26_rk00009,26,0.3133914045517342,2.8252517372886508,9,Democracy
FTD->FTD,o_min,xgb_tree_d1,m071525_o_min_ord27_rk00011,27,0.313287148341265,2.815460540067162,9,Democracy
FTD->FTD,o_min,xgb_tree_d1,m059522_o_min_ord15_rk00008,15,0.3132615051342428,2.4729055953200563,6,Democracy
FTD->FTD,o_min,xgb_tree_d1,m070525_o_min_ord26_rk00011,26,0.3131676574340979,2.8536700092563416,9,Democracy
FTD->FTD,o_min,xgb_tree_d1,m052529_o_min_ord8_rk00015,8,0.3131147926384853,2.1556390622295662,5,Air Pollution
FTD->FTD,o_min,xgb_tree_d1,m058526_o_min_ord14_rk00012,14,0.312950068692558,2.5027361715940035,6,Air Pollution
FTD->FTD,o_min,xgb_tree_d1,m066529_o_min_ord22_rk00015,22,0.3129060742984334,2.9019469592513696,9,Democracy
FTD->FTD,o_min,xgb_tree_d1,m054525_o_min_ord10_rk00011,10,0.3128104969779167,2.2464393446710154,5,Socioeconomic
FTD->FTD,o_min,xgb_tree_d1,m050523_o_min_ord6_rk00009,6,0.3127570849915411,1.9182958340544896,4,Precipitation/droughts
FTD->FTD,o_min,xgb_tree_d1,m051521_o_min_ord7_rk00007,7,0.3126596898873951,2.2359263506290326,5,Precipitation/droughts
FTD->FTD,o_min,xgb_tree_d1,m070516_o_min_ord26_rk00002,26,0.3126047966272959,2.8536700092563416,9,Democracy
FTD->FTD,o_min,xgb_tree_d1,m065523_o_min_ord21_rk00009,21,0.3124398930125248,2.6606732334168424,7,Democracy
FTD->FTD,o_min,xgb_tree_d1,m070515_o_min_ord26_rk00001,26,0.3124292880412408,2.8536700092563416,9,Democracy
FTD->FTD,o_min,xgb_tree_d1,m072521_o_min_ord28_rk00007,28,0.3124246911145536,2.7754316010011366,9,Democracy
FTD->FTD,o_min,xgb_tree_d1,m068531_o_min_ord24_rk00017,24,0.312411420913555,2.8699100232740657,9,Democracy
FTD->FTD,o_min,xgb_tree_d1,m063529_o_min_ord19_rk00015,19,0.3123921829851688,2.4370658315190226,7,Democracy
FTD->FTD,o_min,xgb_tree_d1,m057520_o_min_ord13_rk00006,13,0.3123116953846497,2.873140679513133,8,Precipitation/droughts
FTD->FTD,o_min,xgb_tree_d1,m073524_o_min_ord29_rk00010,29,0.3121790188121606,2.983342099382735,10,Democracy
FTD->FTD,o_min,xgb_tree_d1,m074517_o_min_ord30_rk00003,30,0.3121772407080376,2.8640835117703762,9,Democracy
FTD->FTD,o_min,xgb_tree_d1,m073530_o_min_ord29_rk00016,29,0.3121693078073017,2.8566327186686844,9,Democracy
FTD->FTD,o_min,xgb_tree_d1,m070518_o_min_ord26_rk00004,26,0.3121172403134798,2.811231430496332,9,Democracy
FTD->FTD,o_min,xgb_tree_d1,m056521_o_min_ord12_rk00007,12,0.3120346846552891,2.8553885422075336,8,Precipitation/droughts
FTD->FTD,o_min,xgb_tree_d1,m068521_o_min_ord24_rk00007,24,0.3119905007041239,2.907268229617389,9,Democracy
FTD->FTD,o_min,xgb_tree_d1,m070528_o_min_ord26_rk00014,26,0.3119542032556186,2.8252517372886508,9,Democracy
FTD->FTD,o_min,xgb_tree_d1,m052518_o_min_ord8_rk00004,8,0.3119354492726932,2.25,5,Temperature
FTD->FTD,o_min,xgb_tree_d1,m066533_o_min_ord22_rk00019,22,0.3119123529979745,2.8045965297024473,9,Democracy
FTD->FTD,o_min,xgb_tree_d1,m074526_o_min_ord30_rk00012,30,0.3119077635818268,2.7874302980927217,9,Democracy
FTD->FTD,o_min,xgb_tree_d1,m058525_o_min_ord14_rk00011,14,0.3117646687300596,2.8423709931771084,8,Temperature
FTD->FTD,o_min,xgb_tree_d1,m074516_o_min_ord30_rk00002,30,0.3116928726343237,2.7874302980927217,9,Democracy
FTD->FTD,o_min,xgb_tree_d1,m053527_o_min_ord9_rk00013,9,0.3115812843036173,2.197159723424149,5,Socioeconomic
FTD->FTD,o_min,xgb_tree_d1,m065520_o_min_ord21_rk00006,21,0.311511990597607,2.9463875191311275,9,Democracy
FTD->FTD,o_min,xgb_tree_d1,m065526_o_min_ord21_rk00012,21,0.3115052345973292,2.7179717342678,8,Democracy
FTD->FTD,o_min,xgb_tree_d1,m064528_o_min_ord20_rk00014,20,0.3114611505854688,2.7709505944546686,8,Democracy
FTD->FTD,o_min,xgb_tree_d1,m061533_o_min_ord17_rk00019,17,0.3114230597661827,2.9109922530150456,9,Temperature
FTD->FTD,o_min,xgb_tree_d1,m068524_o_min_ord24_rk00010,24,0.3113632163727283,2.907268229617389,9,Democracy
FTD->FTD,o_min,xgb_tree_d1,m068534_o_min_ord24_rk00020,24,0.311308126723799,2.907268229617389,9,Democracy
FTD->FTD,o_min,xgb_tree_d1,m063524_o_min_ord19_rk00010,19,0.3112983680180998,2.694781460584273,7,Temperature
FTD->FTD,o_min,xgb_tree_d1,m053533_o_min_ord9_rk00019,9,0.3112233202154931,2.1971597234241496,5,Socioeconomic
FTD->FTD,o_min,xgb_tree_d1,m068520_o_min_ord24_rk00006,24,0.3112192185504819,2.8699100232740657,9,Democracy
FTD->FTD,o_min,xgb_tree_d1,m063532_o_min_ord19_rk00018,19,0.3111707979515166,2.8000446184790095,9,Democracy
FTD->FTD,o_min,xgb_tree_d1,m065521_o_min_ord21_rk00007,21,0.3110823799171943,2.851149423893032,8,Democracy
FTD->FTD,o_min,xgb_tree_d1,m071523_o_min_ord27_rk00009,27,0.3110696564093709,2.741386465993088,8,Democracy
FTD->FTD,o_min,xgb_tree_d1,m058519_o_min_ord14_rk00005,14,0.3110529552766562,2.8423709931771084,8,Temperature
FTD->FTD,o_min,xgb_tree_d1,m055529_o_min_ord11_rk00015,11,0.3107670694137494,2.663532754804255,7,Temperature
FTD->FTD,o_min,xgb_tree_d1,m058522_o_min_ord14_rk00008,14,0.3106912557453418,2.6455933144511468,7,Temperature
FTD->FTD,o_min,xgb_tree_d1,m059531_o_min_ord15_rk00017,15,0.3106597070642953,2.8225797618424915,8,Temperature
FTD->FTD,o_min,xgb_tree_d1,m048516_o_min_ord4_rk00002,4,0.3106387874926167,1.5,3,Air Pollution
FTD->FTD,o_min,xgb_tree_d1,m067516_o_min_ord23_rk00002,23,0.3105130505153095,2.9140163035068443,9,Democracy
FTD->FTD,o_min,xgb_tree_d1,m058532_o_min_ord14_rk00018,14,0.3104877229048512,2.270942421748537,5,Temperature
FTD->FTD,o_min,xgb_tree_d1,m073518_o_min_ord29_rk00004,29,0.3104427983730287,2.8271584782454653,9,Democracy
FTD->FTD,o_min,xgb_tree_d1,m049528_o_min_ord5_rk00014,5,0.3103548587936056,1.5219280948873621,3,Precipitation/droughts
FTD->FTD,o_min,xgb_tree_d1,m053520_o_min_ord9_rk00006,9,0.3101400292406319,2.2810361125534238,5,Air Pollution
FTD->FTD,o_min,xgb_tree_d1,m060531_o_min_ord16_rk00017,16,0.3100717981666141,2.625,7,Temperature
FTD->FTD,o_min,xgb_tree_d1,m063526_o_min_ord19_rk00012,19,0.3100399594710491,2.694781460584273,7,Precipitation/droughts
FTD->FTD,o_min,xgb_tree_d1,m053526_o_min_ord9_rk00012,9,0.3098254027732137,2.197159723424149,5,Temperature
FTD->FTD,o_min,xgb_tree_d1,m064518_o_min_ord20_rk00004,20,0.3097508686999983,2.739353872167201,9,Democracy
FTD->FTD,o_min,xgb_tree_d1,m055532_o_min_ord11_rk00018,11,0.3097350941721637,2.663532754804255,7,Temperature
FTD->FTD,o_min,xgb_tree_d1,m070524_o_min_ord26_rk00010,26,0.3096748111431445,2.8252517372886508,9,Democracy
FTD->FTD,o_min,xgb_tree_d1,m047528_o_min_ord3_rk00014,3,0.309673788134608,0.9182958340544896,2,Air Pollution
FTD->FTD,o_min,xgb_tree_d1,m059533_o_min_ord15_rk00019,15,0.3096615063646563,2.8225797618424915,8,Temperature
FTD->FTD,o_min,xgb_tree_d1,m052527_o_min_ord8_rk00013,8,0.3096072179181235,2.25,5,Precipitation/droughts
FTD->FTD,o_min,xgb_tree_d1,m068523_o_min_ord24_rk00009,24,0.309540421960823,2.7509619827626763,9,Democracy
FTD->FTD,o_min,xgb_tree_d1,m056517_o_min_ord12_rk00003,12,0.309376582278875,2.688721875540867,7,Temperature
FTD->FTD,o_min,xgb_tree_d1,m049523_o_min_ord5_rk00009,5,0.3092703104383737,1.5219280948873621,3,Precipitation/droughts
FTD->FTD,o_min,xgb_tree_d1,m067530_o_min_ord23_rk00016,23,0.3092438058365698,2.7837353286220776,9,Democracy
FTD->FTD,o_min,xgb_tree_d1,m065525_o_min_ord21_rk00011,21,0.3091876889886473,2.7606668272315975,8,Democracy
FTD->FTD,o_min,xgb_tree_d1,m053523_o_min_ord9_rk00009,9,0.3091836665331955,2.2810361125534238,5,Temperature
FTD->FTD,o_min,xgb_tree_d1,m059516_o_min_ord15_rk00002,15,0.3090808935642407,2.4729055953200563,6,Temperature
FTD->FTD,o_min,xgb_tree_d1,m057521_o_min_ord13_rk00007,13,0.3090792464107236,2.6612262562697895,7,Temperature
FTD->FTD,o_min,xgb_tree_d1,m051524_o_min_ord7_rk00010,7,0.3090350690790382,1.8423709931771088,4,Air Pollution
FTD->FTD,o_min,xgb_tree_d1,m074534_o_min_ord30_rk00020,30,0.3089382683480929,2.7874302980927217,9,Democracy
FTD->FTD,o_min,xgb_tree_d1,m048526_o_min_ord4_rk00012,4,0.308902965718756,1.5,3,Air Pollution
FTD->FTD,o_min,xgb_tree_d1,m049520_o_min_ord5_rk00006,5,0.3088432791984287,1.9219280948873623,4,Air Pollution
FTD->FTD,o_min,xgb_tree_d1,m074531_o_min_ord30_rk00017,30,0.3088257812690086,2.9437621626224817,10,Democracy
FTD->FTD,o_min,xgb_tree_d1,m065518_o_min_ord21_rk00004,21,0.3088159274060281,2.753918758180346,9,Democracy
FTD->FTD,o_min,xgb_tree_d1,m057530_o_min_ord13_rk00016,13,0.3087732587134107,2.7192945256669794,7,Temperature
FTD->FTD,o_min,xgb_tree_d1,m059521_o_min_ord15_rk00007,15,0.3087139597450917,2.689246428509158,7,Air Pollution
FTD->FTD,o_min,xgb_tree_d1,m058529_o_min_ord14_rk00015,14,0.3084611697520955,2.610577243331642,7,Temperature
FTD->FTD,o_min,xgb_tree_d1,m064520_o_min_ord20_rk00006,20,0.3084320280857705,2.884183719779189,8,Precipitation/droughts
FTD->FTD,o_min,xgb_tree_d1,m067532_o_min_ord23_rk00018,23,0.3084005935302436,2.766763175336722,9,Democracy
FTD->FTD,o_min,xgb_tree_d1,m063522_o_min_ord19_rk00008,19,0.3083807070909345,2.7153266987718094,7,Democracy
FTD->FTD,o_min,xgb_tree_d1,m052517_o_min_ord8_rk00003,8,0.30832531859747,2.1556390622295662,5,Socioeconomic
FTD->FTD,o_min,xgb_tree_d1,m049519_o_min_ord5_rk00005,5,0.3082752869372209,1.5219280948873621,3,Air Pollution
FTD->FTD,o_min,xgb_tree_d1,m058523_o_min_ord14_rk00009,14,0.3082290822489308,2.2359263506290326,5,Temperature
FTD->FTD,o_min,xgb_tree_d1,m050516_o_min_ord6_rk00002,6,0.3081700527322797,1.9182958340544896,4,Air Pollution
FTD->FTD,o_min,xgb_tree_d1,m059529_o_min_ord15_rk00015,15,0.3081214105756349,2.656564762130954,7,Temperature
FTD->FTD,o_min,xgb_tree_d1,m058515_o_min_ord14_rk00001,14,0.3080996789323539,2.8962915290459277,8,Temperature
FTD->FTD,o_min,xgb_tree_d1,m053517_o_min_ord9_rk00003,9,0.3080012960448097,2.1971597234241496,5,Socioeconomic
FTD->FTD,o_min,xgb_tree_d1,m058517_o_min_ord14_rk00003,14,0.3079909142454629,2.8423709931771084,8,Temperature
FTD->FTD,o_min,xgb_tree_d1,m059534_o_min_ord15_rk00020,15,0.3079841259728603,2.689246428509158,7,Air Pollution
FTD->FTD,o_min,xgb_tree_d1,m064526_o_min_ord20_rk00012,20,0.3079814749822978,2.739353872167201,9,Democracy
FTD->FTD,o_min,xgb_tree_d1,m056526_o_min_ord12_rk00012,12,0.3079024503134318,2.8553885422075336,8,Precipitation/droughts
FTD->FTD,o_min,xgb_tree_d1,m058533_o_min_ord14_rk00019,14,0.3076711758117701,2.610577243331642,7,Temperature
FTD->FTD,o_min,xgb_tree_d1,m062521_o_min_ord18_rk00007,18,0.3075665011679506,2.7107770844150676,7,Precipitation/droughts
FTD->FTD,o_min,xgb_tree_d1,m053524_o_min_ord9_rk00010,9,0.3074939523959061,2.197159723424149,5,Socioeconomic
FTD->FTD,o_min,xgb_tree_d1,m061524_o_min_ord17_rk00010,17,0.3074245825012844,2.498077546623641,7,Democracy
FTD->FTD,o_min,xgb_tree_d1,m054524_o_min_ord10_rk00010,10,0.3073279342034943,2.2464393446710154,5,Temperature
FTD->FTD,o_min,xgb_tree_d1,m065527_o_min_ord21_rk00013,21,0.3072845471576839,2.6606732334168424,7,Democracy
FTD->FTD,o_min,xgb_tree_d1,m059515_o_min_ord15_rk00001,15,0.307229270834111,2.872905595320056,8,Temperature
FTD->FTD,o_min,xgb_tree_d1,m066520_o_min_ord22_rk00006,22,0.3072161414796875,2.737872392231515,8,Democracy
FTD->FTD,o_min,xgb_tree_d1,m052522_o_min_ord8_rk00008,8,0.3072074730866514,2.25,5,Temperature
FTD->FTD,o_min,xgb_tree_d1,m073521_o_min_ord29_rk00007,29,0.307180490531595,2.8271584782454653,9,Democracy
FTD->FTD,o_min,xgb_tree_d1,m062515_o_min_ord18_rk00001,18,0.3071660393251477,2.858278308418045,9,Democracy
FTD->FTD,o_min,xgb_tree_d1,m069528_o_min_ord25_rk00014,25,0.3070796594362321,2.8676013115120567,9,Democracy
FTD->FTD,o_min,xgb_tree_d1,m059526_o_min_ord15_rk00012,15,0.3070181091938084,2.4729055953200563,6,Temperature
FTD->FTD,o_min,xgb_tree_d1,m069522_o_min_ord25_rk00008,25,0.306871967806878,2.8676013115120567,9,Democracy
FTD->FTD,o_min,xgb_tree_d1,m058531_o_min_ord14_rk00017,14,0.3068532996184715,2.6455933144511468,7,Temperature
FTD->FTD,o_min,xgb_tree_d1,m060530_o_min_ord16_rk00016,16,0.3068335658339279,2.686278124459133,7,Air Pollution
FTD->FTD,o_min,xgb_tree_d1,m073515_o_min_ord29_rk00001,29,0.3066026248375586,2.8271584782454653,9,Democracy
FTD->FTD,o_min,xgb_tree_d1,m061516_o_min_ord17_rk00002,17,0.306589973831274,2.498077546623641,7,Democracy
FTD->FTD,o_min,xgb_tree_d1,m071522_o_min_ord27_rk00008,27,0.3065785846681857,2.815460540067162,9,Democracy
FTD->FTD,o_min,xgb_tree_d1,m063528_o_min_ord19_rk00014,19,0.3064910906429152,2.6100635408770723,7,Democracy
FTD->FTD,o_min,xgb_tree_d1,m074530_o_min_ord30_rk00016,30,0.306458046349147,2.8770954959558153,9,Democracy
FTD->FTD,o_min,xgb_tree_d1,m057523_o_min_ord13_rk00009,13,0.3064409750960208,2.873140679513133,8,Precipitation/droughts
FTD->FTD,o_min,xgb_tree_d1,m074532_o_min_ord30_rk00018,30,0.3063610120068041,2.9437621626224817,10,Democracy
FTD->FTD,o_min,xgb_tree_d1,m073525_o_min_ord29_rk00011,29,0.3063145246957057,2.900915908846073,9,Democracy
FTD->FTD,o_min,xgb_tree_d1,m065522_o_min_ord21_rk00008,21,0.306150377369945,2.7199643047423914,7,Democracy
FTD->FTD,o_min,xgb_tree_d1,m066528_o_min_ord22_rk00014,22,0.3060758494909873,2.6405219626825924,8,Democracy
FTD->FTD,o_min,xgb_tree_d1,m053519_o_min_ord9_rk00005,9,0.3058492619918093,2.2810361125534238,5,Air Pollution
FTD->FTD,o_min,xgb_tree_d1,m057518_o_min_ord13_rk00004,13,0.3058407250393763,2.873140679513133,8,Temperature
FTD->FTD,o_min,xgb_tree_d1,m061534_o_min_ord17_rk00020,17,0.3057984879059233,2.7045348998193433,7,Temperature
FTD->FTD,o_min,xgb_tree_d1,m072524_o_min_ord28_rk00010,28,0.3056716919930816,2.865764637179023,9,Democracy
FTD->FTD,o_min,xgb_tree_d1,m066517_o_min_ord22_rk00003,22,0.3056429640406074,2.9540036423298544,9,Democracy
FTD->FTD,o_min,xgb_tree_d1,m051517_o_min_ord7_rk00003,7,0.3056330062812556,2.2359263506290326,5,Precipitation/droughts
FTD->FTD,o_min,xgb_tree_d1,m060532_o_min_ord16_rk00018,16,0.3056271335395514,2.8584585933443494,8,Temperature
FTD->FTD,o_min,xgb_tree_d1,m051532_o_min_ord7_rk00018,7,0.3056083415862404,1.8423709931771086,4,Democracy
FTD->FTD,o_min,xgb_tree_d1,m071532_o_min_ord27_rk00018,27,0.3054399882128586,2.861575817764811,9,Democracy
FTD->FTD,o_min,xgb_tree_d1,m048522_o_min_ord4_rk00008,4,0.305425245820659,1.5,3,Air Pollution
FTD->FTD,o_min,xgb_tree_d1,m048534_o_min_ord4_rk00020,4,0.3054045636073684,1.5,3,Air Pollution
FTD->FTD,o_min,xgb_tree_d1,m061525_o_min_ord17_rk00011,17,0.3053812619731149,2.6601297526332566,8,Democracy
FTD->FTD,o_min,xgb_tree_d1,m051533_o_min_ord7_rk00019,7,0.3052742452971421,1.8423709931771086,4,Democracy
FTD->FTD,o_min,xgb_tree_d1,m058518_o_min_ord14_rk00004,14,0.3050794037501431,2.610577243331642,7,Temperature
FTD->FTD,o_min,xgb_tree_d1,m053531_o_min_ord9_rk00017,9,0.3050149893862051,2.197159723424149,5,Air Pollution
FTD->FTD,o_min,xgb_tree_d1,m052520_o_min_ord8_rk00006,8,0.3050132746241815,2.25,5,Temperature
FTD->FTD,o_min,xgb_tree_d1,m074522_o_min_ord30_rk00008,30,0.3048456961042523,2.9437621626224817,10,Democracy
FTD->FTD,o_min,xgb_tree_d1,m067520_o_min_ord23_rk00006,23,0.3048315527497877,2.9424955222917832,9,Democracy
FTD->FTD,o_min,xgb_tree_d1,m057529_o_min_ord13_rk00015,13,0.3048259488967212,2.6031579868726,7,Temperature
FTD->FTD,o_min,xgb_tree_d1,m060529_o_min_ord16_rk00015,16,0.3047870514226766,2.5550365325772653,7,Democracy
FTD->FTD,o_min,xgb_tree_d1,m061521_o_min_ord17_rk00007,17,0.3046584248958995,2.41896119556797,6,Democracy
FTD->FTD,o_min,xgb_tree_d1,m056519_o_min_ord12_rk00005,12,0.304654787905091,2.6258145836939115,7,Temperature
FTD->FTD,o_min,xgb_tree_d1,m063531_o_min_ord19_rk00017,19,0.3046312449759976,2.5820599105802575,8,Democracy
FTD->FTD,o_min,xgb_tree_d1,m057519_o_min_ord13_rk00005,13,0.3044632771488164,2.6612262562697895,7,Temperature
FTD->FTD,o_min,xgb_tree_d1,m074524_o_min_ord30_rk00010,30,0.3043592832799282,2.9437621626224817,10,Democracy
FTD->FTD,o_min,xgb_tree_d1,m058527_o_min_ord14_rk00013,14,0.3041012842708571,2.5027361715940035,6,Air Pollution
FTD->FTD,o_min,xgb_tree_d1,m059518_o_min_ord15_rk00004,15,0.3040008932409309,2.739572261986723,7,Air Pollution
FTD->FTD,o_min,xgb_tree_d1,m060524_o_min_ord16_rk00010,16,0.3039939896031777,2.6556390622295662,7,Temperature
FTD->FTD,o_min,xgb_tree_d1,m060522_o_min_ord16_rk00008,16,0.3039891172315417,2.6556390622295662,7,Temperature
FTD->FTD,o_min,xgb_tree_d1,m063519_o_min_ord19_rk00005,19,0.3038765941862493,2.7603136973125117,7,Precipitation/droughts
FTD->FTD,o_min,xgb_tree_d1,m051530_o_min_ord7_rk00016,7,0.303841653276232,1.9502120649147465,4,Air Pollution
FTD->FTD,o_min,xgb_tree_d1,m064533_o_min_ord20_rk00019,20,0.3038254716092651,2.7282129458410016,7,Democracy
FTD->FTD,o_min,xgb_tree_d1,m061529_o_min_ord17_rk00015,17,0.3038242807201891,2.380430487800112,6,Democracy
FTD->FTD,o_min,xgb_tree_d1,m060520_o_min_ord16_rk00006,16,0.3037511324931414,2.8584585933443494,8,Temperature
FTD->FTD,o_min,xgb_tree_d1,m056534_o_min_ord12_rk00020,12,0.3034841997517937,2.8553885422075336,8,Temperature
FTD->FTD,o_min,xgb_tree_d1,m056531_o_min_ord12_rk00017,12,0.3034697900486185,2.4591479170272446,6,Temperature
FTD->FTD,o_min,xgb_tree_d1,m048533_o_min_ord4_rk00019,4,0.3034105056721199,1.5,3,Air Pollution
FTD->FTD,o_min,xgb_tree_d1,m057528_o_min_ord13_rk00014,13,0.3031742912544172,2.6612262562697895,7,Temperature
FTD->FTD,o_min,xgb_tree_d1,m066526_o_min_ord22_rk00012,22,0.3029232041738345,2.7136874387933565,8,Democracy
FTD->FTD,o_min,xgb_tree_d1,m066524_o_min_ord22_rk00010,22,0.3028116085052651,2.9019469592513696,9,Democracy
FTD->FTD,o_min,xgb_tree_d1,m062522_o_min_ord18_rk00008,18,0.3027787206946627,2.905764584655453,8,Democracy
FTD->FTD,o_min,xgb_tree_d1,m062530_o_min_ord18_rk00016,18,0.3026065011394661,2.6688388898504303,8,Democracy
FTD->FTD,o_min,xgb_tree_d1,m064521_o_min_ord20_rk00007,20,0.3026024498871068,2.739353872167201,9,Democracy
FTD->FTD,o_min,xgb_tree_d1,m072515_o_min_ord28_rk00001,28,0.3025518791010231,2.780394654123194,8,Democracy
FTD->FTD,o_min,xgb_tree_d1,m061515_o_min_ord17_rk00001,17,0.3025444262681074,2.7333716642706998,7,Air Pollution
FTD->FTD,o_min,xgb_tree_d1,m049530_o_min_ord5_rk00016,5,0.3023806159289843,1.5219280948873621,3,Air Pollution
FTD->FTD,o_min,xgb_tree_d1,m057527_o_min_ord13_rk00013,13,0.3021774352383438,2.6031579868726,7,Temperature
FTD->FTD,o_min,xgb_tree_d1,m052526_o_min_ord8_rk00012,8,0.3020992272903749,2.25,5,Precipitation/droughts
FTD->FTD,o_min,xgb_tree_d1,m055531_o_min_ord11_rk00017,11,0.3020646478598479,2.663532754804255,7,Precipitation/droughts
FTD->FTD,o_min,xgb_tree_d1,m063518_o_min_ord19_rk00004,19,0.3020101544001544,2.9053077763737467,8,Democracy
FTD->FTD,o_min,xgb_tree_d1,m054531_o_min_ord10_rk00017,10,0.3019785756197756,2.2464393446710154,5,Socioeconomic
FTD->FTD,o_min,xgb_tree_d1,m056524_o_min_ord12_rk00010,12,0.3019168471343304,2.6258145836939115,7,Temperature
FTD->FTD,o_min,xgb_tree_d1,m055517_o_min_ord11_rk00003,11,0.3017105057541771,2.663532754804255,7,Temperature
FTD->FTD,o_min,xgb_tree_d1,m062518_o_min_ord18_rk00004,18,0.3015627578052287,2.4885548621928453,7,Democracy
FTD->FTD,o_min,xgb_tree_d1,m055534_o_min_ord11_rk00020,11,0.3015446970775175,2.2998963911678914,6,Temperature
FTD->FTD,o_min,xgb_tree_d1,m060533_o_min_ord16_rk00019,16,0.3014451076138986,2.8584585933443494,8,Temperature
FTD->FTD,o_min,xgb_tree_d1,m071521_o_min_ord27_rk00007,27,0.3014211758665268,2.8139107630313687,8,Democracy
FTD->FTD,o_min,xgb_tree_d1,m048529_o_min_ord4_rk00015,4,0.3014101219315849,1.5,3,Air Pollution
FTD->FTD,o_min,xgb_tree_d1,m053530_o_min_ord9_rk00016,9,0.3012006914677704,2.197159723424149,5,Democracy
FTD->FTD,o_min,xgb_tree_d1,m063517_o_min_ord19_rk00003,19,0.3009328150976936,2.8000446184790095,9,Democracy
FTD->FTD,o_min,xgb_tree_d1,m049516_o_min_ord5_rk00002,5,0.3008966986954642,1.5219280948873621,3,Air Pollution
FTD->FTD,o_min,xgb_tree_d1,m065533_o_min_ord21_rk00019,21,0.3008090089773279,2.7199643047423914,7,Democracy
FTD->FTD,o_min,xgb_tree_d1,m051525_o_min_ord7_rk00011,7,0.3007536379308489,1.950212064914747,4,Air Pollution
FTD->FTD,o_min,xgb_tree_d1,m048521_o_min_ord4_rk00007,4,0.3007394493431843,1.5,3,Air Pollution
FTD->FTD,o_min,xgb_tree_d1,m050525_o_min_ord6_rk00011,6,0.3006424755646695,1.4591479170272448,3,Democracy
FTD->FTD,o_min,xgb_tree_d1,m073517_o_min_ord29_rk00003,29,0.3006256292133504,2.8271584782454653,9,Democracy
FTD->FTD,o_min,xgb_tree_d1,m048519_o_min_ord4_rk00005,4,0.3005713577391669,1.5,3,Socioeconomic
FTD->FTD,o_min,xgb_tree_d1,m056523_o_min_ord12_rk00009,12,0.3005541068289481,2.688721875540867,7,Temperature
FTD->FTD,o_min,xgb_tree_d1,m054521_o_min_ord10_rk00007,10,0.3002518519979293,2.4464393446710155,6,Temperature
FTD->FTD,o_min,xgb_tree_d1,m048523_o_min_ord4_rk00009,4,0.3001766519025968,1.5,3,Air Pollution
FTD->FTD,o_min,xgb_tree_d1,m066518_o_min_ord22_rk00004,22,0.3000715890889419,2.731431053591683,9,Democracy
FTD->FTD,o_min,xgb_tree_d1,m056518_o_min_ord12_rk00004,12,0.2999779094316828,2.584962500721156,7,Temperature
FTD->FTD,o_min,xgb_tree_d1,m062533_o_min_ord18_rk00019,18,0.2999177615124152,2.6688388898504303,8,Democracy
FTD->FTD,o_min,xgb_tree_d1,m060528_o_min_ord16_rk00014,16,0.2997849535663479,2.8584585933443494,8,Temperature
FTD->FTD,o_min,xgb_tree_d1,m059528_o_min_ord15_rk00014,15,0.2996831949957371,2.689246428509158,7,Air Pollution
FTD->FTD,o_min,xgb_tree_d1,m051531_o_min_ord7_rk00017,7,0.2995975423724691,1.5566567074628228,3,Democracy
FTD->FTD,o_min,xgb_tree_d1,m055524_o_min_ord11_rk00010,11,0.2995297409478596,2.413088436425758,6,Temperature
FTD->FTD,o_min,xgb_tree_d1,m056515_o_min_ord12_rk00001,12,0.299514596734608,2.688721875540867,7,Temperature
FTD->FTD,o_min,xgb_tree_d1,m054533_o_min_ord10_rk00019,10,0.2994883835070416,2.4464393446710155,6,Temperature
FTD->FTD,o_min,xgb_tree_d1,m062525_o_min_ord18_rk00011,18,0.2993639462623254,2.591793226077496,8,Democracy
FTD->FTD,o_min,xgb_tree_d1,m049532_o_min_ord5_rk00018,5,0.2991125903915166,1.5219280948873621,3,Air Pollution
FTD->FTD,o_min,xgb_tree_d1,m057525_o_min_ord13_rk00011,13,0.2991111096839844,2.7192945256669794,7,Air Pollution
FTD->FTD,o_min,xgb_tree_d1,m062520_o_min_ord18_rk00006,18,0.2990777206053533,2.752715278979705,7,Democracy
FTD->FTD,o_min,xgb_tree_d1,m064519_o_min_ord20_rk00005,20,0.298974883189204,2.7464393446710154,7,Precipitation/droughts
FTD->FTD,o_min,xgb_tree_d1,m066531_o_min_ord22_rk00017,22,0.2989507778911364,2.9540036423298544,9,Democracy
FTD->FTD,o_min,xgb_tree_d1,m073531_o_min_ord29_rk00017,29,0.2987821708462711,2.983342099382735,10,Democracy
FTD->FTD,o_min,xgb_tree_d1,m052530_o_min_ord8_rk00016,8,0.298615092843184,2.1556390622295662,5,Air Pollution
FTD->FTD,o_min,xgb_tree_d1,m054530_o_min_ord10_rk00016,10,0.2984406908108425,2.4464393446710155,6,Temperature
FTD->FTD,o_min,xgb_tree_d1,m062526_o_min_ord18_rk00012,18,0.2983610736738017,2.4830067805200744,6,Democracy
FTD->FTD,o_min,xgb_tree_d1,m050526_o_min_ord6_rk00012,6,0.2982669525687103,1.9182958340544896,4,Precipitation/droughts
FTD->FTD,o_min,xgb_tree_d1,m060534_o_min_ord16_rk00020,16,0.2982129250265172,2.4834585933443494,7,Democracy
FTD->FTD,o_min,xgb_tree_d1,m049526_o_min_ord5_rk00012,5,0.2981100133165051,1.5219280948873621,3,Air Pollution
FTD->FTD,o_min,xgb_tree_d1,m062516_o_min_ord18_rk00002,18,0.2980697706021141,2.7107770844150676,7,Precipitation/droughts
FTD->FTD,o_min,xgb_tree_d1,m052516_o_min_ord8_rk00002,8,0.2980020119061871,2.25,5,Temperature
FTD->FTD,o_min,xgb_tree_d1,m065532_o_min_ord21_rk00018,21,0.2976555539884061,2.753918758180346,9,Democracy
FTD->FTD,o_min,xgb_tree_d1,m060521_o_min_ord16_rk00007,16,0.2976484578976199,2.6556390622295662,7,Temperature
FTD->FTD,o_min,xgb_tree_d1,m061523_o_min_ord17_rk00009,17,0.2974994811397806,2.7333716642706998,7,Air Pollution
FTD->FTD,o_min,xgb_tree_d1,m052528_o_min_ord8_rk00014,8,0.2974965396547758,2.25,5,Precipitation/droughts
FTD->FTD,o_min,xgb_tree_d1,m070534_o_min_ord26_rk00020,26,0.2972494911684309,2.8536700092563416,9,Democracy
FTD->FTD,o_min,xgb_tree_d1,m053528_o_min_ord9_rk00014,9,0.2972186127475318,2.5032583347756456,6,Temperature
FTD->FTD,o_min,xgb_tree_d1,m049527_o_min_ord5_rk00013,5,0.2971914310516718,1.9219280948873623,4,Air Pollution
FTD->FTD,o_min,xgb_tree_d1,m055528_o_min_ord11_rk00014,11,0.2970174213833266,2.663532754804255,7,Temperature
FTD->FTD,o_min,xgb_tree_d1,m057516_o_min_ord13_rk00002,13,0.2966415818947663,2.6235166412180155,7,Temperature
FTD->FTD,o_min,xgb_tree_d1,m057532_o_min_ord13_rk00018,13,0.2966270537385695,2.7773627950641693,8,Temperature
FTD->FTD,o_min,xgb_tree_d1,m055515_o_min_ord11_rk00001,11,0.2965555420415158,2.7321588913645702,7,Air Pollution
FTD->FTD,o_min,xgb_tree_d1,m063525_o_min_ord19_rk00011,19,0.296480641040442,2.694781460584273,8,Democracy
FTD->FTD,o_min,xgb_tree_d1,m050520_o_min_ord6_rk00006,6,0.2963376787152195,1.9182958340544893,4,Air Pollution
FTD->FTD,o_min,xgb_tree_d1,m051527_o_min_ord7_rk00013,7,0.2961588433109371,1.8423709931771088,4,Air Pollution
FTD->FTD,o_min,xgb_tree_d1,m054523_o_min_ord10_rk00009,10,0.2960567725236225,2.4464393446710155,6,Temperature
FTD->FTD,o_min,xgb_tree_d1,m055519_o_min_ord11_rk00005,11,0.2960158652620328,2.663532754804255,7,Air Pollution
FTD->FTD,o_min,xgb_tree_d1,m056532_o_min_ord12_rk00018,12,0.2958610421229344,2.292481250360578,5,Temperature
FTD->FTD,o_min,xgb_tree_d1,m056522_o_min_ord12_rk00008,12,0.2956511682597543,2.688721875540867,7,Temperature
FTD->FTD,o_min,xgb_tree_d1,m053532_o_min_ord9_rk00018,9,0.2955944999418842,2.0588138903312014,5,Democracy
FTD->FTD,o_min,xgb_tree_d1,m051526_o_min_ord7_rk00012,7,0.2955731101172173,1.8423709931771086,4,Democracy
FTD->FTD,o_min,xgb_tree_d1,m052525_o_min_ord8_rk00011,8,0.2952738852680285,1.75,4,Democracy
FTD->FTD,o_min,xgb_tree_d1,m057534_o_min_ord13_rk00020,13,0.2951780588990461,2.4116022179746714,6,Temperature
FTD->FTD,o_min,xgb_tree_d1,m048528_o_min_ord4_rk00014,4,0.295173306628586,1.5,3,Air Pollution
FTD->FTD,o_min,xgb_tree_d1,m050533_o_min_ord6_rk00019,6,0.2951169880905989,1.9182958340544896,4,Precipitation/droughts
FTD->FTD,o_min,xgb_tree_d1,m060519_o_min_ord16_rk00005,16,0.2950097888116086,2.7334585933443494,7,Air Pollution
FTD->FTD,o_min,xgb_tree_d1,m058528_o_min_ord14_rk00014,14,0.2948238982192033,2.699513850319966,7,Air Pollution
FTD->FTD,o_min,xgb_tree_d1,m062528_o_min_ord18_rk00014,18,0.2948162833319599,2.4387439204017474,7,Democracy
FTD->FTD,o_min,xgb_tree_d1,m055516_o_min_ord11_rk00002,11,0.294791902051255,2.663532754804255,7,Temperature
FTD->FTD,o_min,xgb_tree_d1,m055525_o_min_ord11_rk00011,11,0.2945549337626019,2.2998963911678914,5,Socioeconomic
FTD->FTD,o_min,xgb_tree_d1,m048524_o_min_ord4_rk00010,4,0.2943930460274767,1.5,3,Air Pollution
FTD->FTD,o_min,xgb_tree_d1,m056520_o_min_ord12_rk00006,12,0.2942490201969885,2.6258145836939115,7,Temperature
FTD->FTD,o_min,xgb_tree_d1,m051529_o_min_ord7_rk00015,7,0.2941513444269664,1.8423709931771086,4,Democracy
FTD->FTD,o_min,xgb_tree_d1,m049534_o_min_ord5_rk00020,5,0.2940020705179255,1.9219280948873623,4,Precipitation/droughts
FTD->FTD,o_min,xgb_tree_d1,m051522_o_min_ord7_rk00008,7,0.2939887504597843,2.2359263506290326,5,Precipitation/droughts
FTD->FTD,o_min,xgb_tree_d1,m051515_o_min_ord7_rk00001,7,0.2939760286510664,2.2359263506290326,5,Precipitation/droughts
FTD->FTD,o_min,xgb_tree_d1,m048530_o_min_ord4_rk00016,4,0.2939630106745041,2.0,4,Air Pollution
FTD->FTD,o_min,xgb_tree_d1,m055518_o_min_ord11_rk00004,11,0.293962633968937,2.663532754804255,7,Temperature
FTD->FTD,o_min,xgb_tree_d1,m059530_o_min_ord15_rk00016,15,0.2938500909398981,2.256564762130954,5,Temperature
FTD->FTD,o_min,xgb_tree_d1,m047525_o_min_ord3_rk00011,3,0.2936545935687968,0.9182958340544896,2,Temperature
FTD->FTD,o_min,xgb_tree_d1,m053516_o_min_ord9_rk00002,9,0.2934520624024452,2.725480556997868,7,Precipitation/droughts
FTD->FTD,o_min,xgb_tree_d1,m055523_o_min_ord11_rk00009,11,0.2934062983935684,2.299896391167891,5,Temperature
FTD->FTD,o_min,xgb_tree_d1,m057515_o_min_ord13_rk00001,13,0.2930443360705098,2.6612262562697895,7,Temperature
FTD->FTD,o_min,xgb_tree_d1,m049525_o_min_ord5_rk00011,5,0.2930173381115483,1.5219280948873621,3,Air Pollution
FTD->FTD,o_min,xgb_tree_d1,m057533_o_min_ord13_rk00019,13,0.2924694741700383,2.6612262562697895,7,Temperature
FTD->FTD,o_min,xgb_tree_d1,m052515_o_min_ord8_rk00001,8,0.2924682934044924,2.25,5,Air Pollution
FTD->FTD,o_min,xgb_tree_d1,m052524_o_min_ord8_rk00010,8,0.2923835765261585,1.561278124459133,3,Precipitation/droughts
FTD->FTD,o_min,xgb_tree_d1,m050534_o_min_ord6_rk00020,6,0.2922616768084086,2.2516291673878226,5,Precipitation/droughts
FTD->FTD,o_min,xgb_tree_d1,m050530_o_min_ord6_rk00016,6,0.2919836358035587,1.9182958340544896,4,Air Pollution
FTD->FTD,o_min,xgb_tree_d1,m047527_o_min_ord3_rk00013,3,0.2917312307936069,0.9182958340544896,2,Democracy
FTD->FTD,o_min,xgb_tree_d1,m074515_o_min_ord30_rk00001,30,0.2917124563315104,2.8640835117703762,9,Democracy
FTD->FTD,o_min,xgb_tree_d1,m055527_o_min_ord11_rk00013,11,0.2915570912250241,2.1180782093497093,5,Temperature
FTD->FTD,o_min,xgb_tree_d1,m051534_o_min_ord7_rk00020,7,0.2915377291555013,2.5216406363433186,6,Precipitation/droughts
FTD->FTD,o_min,xgb_tree_d1,m049522_o_min_ord5_rk00008,5,0.2915342698301978,1.5219280948873621,3,Air Pollution
FTD->FTD,o_min,xgb_tree_d1,m060515_o_min_ord16_rk00001,16,0.2914798476691198,2.7334585933443494,7,Air Pollution
FTD->FTD,o_min,xgb_tree_d1,m048517_o_min_ord4_rk00003,4,0.2913287384189851,1.5,3,Air Pollution
FTD->FTD,o_min,xgb_tree_d1,m074529_o_min_ord30_rk00015,30,0.2907564512361652,2.8640835117703762,9,Democracy
FTD->FTD,o_min,xgb_tree_d1,m064523_o_min_ord20_rk00009,20,0.290564259353852,2.739353872167201,9,Democracy
FTD->FTD,o_min,xgb_tree_d1,m054526_o_min_ord10_rk00012,10,0.2905464514547425,2.4464393446710155,6,Air Pollution
FTD->FTD,o_min,xgb_tree_d1,m047524_o_min_ord3_rk00010,3,0.2904729646933098,0.9182958340544896,2,Democracy
FTD->FTD,o_min,xgb_tree_d1,m072530_o_min_ord28_rk00016,28,0.2903225294566398,2.935698780751651,9,Democracy
FTD->FTD,o_min,xgb_tree_d1,m049518_o_min_ord5_rk00004,5,0.290204368355846,1.5219280948873621,3,Air Pollution
FTD->FTD,o_min,xgb_tree_d1,m054522_o_min_ord10_rk00008,10,0.2900228717853397,2.7219280948873625,7,Temperature
FTD->FTD,o_min,xgb_tree_d1,m050524_o_min_ord6_rk00010,6,0.2898038586898841,2.2516291673878226,5,Precipitation/droughts
FTD->FTD,o_min,xgb_tree_d1,m070533_o_min_ord26_rk00019,26,0.2895178426495405,2.8536700092563416,9,Democracy
FTD->FTD,o_min,xgb_tree_d1,m050515_o_min_ord6_rk00001,6,0.2894349723658621,1.4591479170272448,3,Democracy
FTD->FTD,o_min,xgb_tree_d1,m050532_o_min_ord6_rk00018,6,0.2891723809245384,1.7924812503605778,4,Air Pollution
FTD->FTD,o_min,xgb_tree_d1,m054528_o_min_ord10_rk00014,10,0.2887749262244792,2.2464393446710154,5,Temperature
FTD->FTD,o_min,xgb_tree_d1,m048532_o_min_ord4_rk00018,4,0.2885814082907817,1.5,3,Temperature
FTD->FTD,o_min,xgb_tree_d1,m049533_o_min_ord5_rk00019,5,0.2885699924308141,1.5219280948873621,3,Air Pollution
FTD->FTD,o_min,xgb_tree_d1,m049515_o_min_ord5_rk00001,5,0.2884468038479004,1.5219280948873621,3,Precipitation/droughts
FTD->FTD,o_min,xgb_tree_d1,m047534_o_min_ord3_rk00020,3,0.2883680175001342,1.584962500721156,3,Air Pollution
FTD->FTD,o_min,xgb_tree_d1,m050522_o_min_ord6_rk00008,6,0.2883066272077363,1.9182958340544893,4,Air Pollution
FTD->FTD,o_min,xgb_tree_d1,m051523_o_min_ord7_rk00009,7,0.2881289823466935,1.9502120649147465,4,Precipitation/droughts
FTD->FTD,o_min,xgb_tree_d1,m054515_o_min_ord10_rk00001,10,0.2878800920520388,2.7219280948873625,7,Air Pollution
FTD->FTD,o_min,xgb_tree_d1,m052532_o_min_ord8_rk00018,8,0.2871313298952319,2.0,4,Air Pollution
FTD->FTD,o_min,xgb_tree_d1,m047523_o_min_ord3_rk00009,3,0.2870885345734186,1.584962500721156,3,Air Pollution
FTD->FTD,o_min,xgb_tree_d1,m063516_o_min_ord19_rk00002,19,0.2867454010468211,2.8000446184790095,9,Democracy
FTD->FTD,o_min,xgb_tree_d1,m060525_o_min_ord16_rk00011,16,0.2866307424074746,2.452819531114783,6,Temperature
FTD->FTD,o_min,xgb_tree_d1,m050518_o_min_ord6_rk00004,6,0.2865414613803346,1.9182958340544896,4,Air Pollution
FTD->FTD,o_min,xgb_tree_d1,m047517_o_min_ord3_rk00003,3,0.2864061385016769,1.584962500721156,3,Air Pollution
FTD->FTD,o_min,xgb_tree_d1,m047518_o_min_ord3_rk00004,3,0.2864057980135266,0.9182958340544896,2,Democracy
FTD->FTD,o_min,xgb_tree_d1,m055521_o_min_ord11_rk00007,11,0.2863133278086371,2.299896391167891,5,Temperature
FTD->FTD,o_min,xgb_tree_d1,m061526_o_min_ord17_rk00012,17,0.2859503663165408,2.7045348998193433,7,Temperature
FTD->FTD,o_min,xgb_tree_d1,m055530_o_min_ord11_rk00016,11,0.2858901461185559,2.481714572986073,6,Temperature
FTD->FTD,o_min,xgb_tree_d1,m052531_o_min_ord8_rk00017,8,0.2857834918817736,2.1556390622295662,5,Air Pollution
FTD->FTD,o_min,xgb_tree_d1,m052534_o_min_ord8_rk00020,8,0.2855401331040403,2.25,5,Air Pollution
FTD->FTD,o_min,xgb_tree_d1,m047522_o_min_ord3_rk00008,3,0.2852033728862559,0.9182958340544896,2,Democracy
FTD->FTD,o_min,xgb_tree_d1,m050521_o_min_ord6_rk00007,6,0.2850605312995441,1.9182958340544893,4,Precipitation/droughts
FTD->FTD,o_min,xgb_tree_d1,m056533_o_min_ord12_rk00019,12,0.2847428953039567,2.292481250360578,5,Temperature
FTD->FTD,o_min,xgb_tree_d1,m054516_o_min_ord10_rk00002,10,0.2845828141337264,2.2464393446710154,5,Socioeconomic
FTD->FTD,o_min,xgb_tree_d1,m051528_o_min_ord7_rk00014,7,0.2844791622035494,1.8423709931771088,4,Air Pollution
FTD->FTD,o_min,xgb_tree_d1,m054517_o_min_ord10_rk00003,10,0.2839918499320145,2.170950594454669,5,Air Pollution
FTD->FTD,o_min,xgb_tree_d1,m050527_o_min_ord6_rk00013,6,0.2838907530487781,1.9182958340544893,4,Air Pollution
FTD->FTD,o_min,xgb_tree_d1,m047521_o_min_ord3_rk00007,3,0.2838864668407633,0.9182958340544896,2,Democracy
FTD->FTD,o_min,xgb_tree_d1,m050531_o_min_ord6_rk00017,6,0.2837998984034533,1.584962500721156,3,Air Pollution
FTD->FTD,o_min,xgb_tree_d1,m073529_o_min_ord29_rk00015,29,0.2835540537132667,2.900915908846073,9,Democracy
FTD->FTD,o_min,xgb_tree_d1,m051518_o_min_ord7_rk00004,7,0.2834944606624842,1.9502120649147465,4,Air Pollution
FTD->FTD,o_min,xgb_tree_d1,m056529_o_min_ord12_rk00015,12,0.2833887846210124,2.688721875540867,7,Air Pollution
FTD->FTD,o_min,xgb_tree_d1,m050529_o_min_ord6_rk00015,6,0.2832997546004342,1.9182958340544893,4,Air Pollution
FTD->FTD,o_min,xgb_tree_d1,m051516_o_min_ord7_rk00002,7,0.2825383080539191,1.3787834934861753,3,Democracy
FTD->FTD,o_min,xgb_tree_d1,m050519_o_min_ord6_rk00005,6,0.2821819228311625,1.9182958340544893,4,Air Pollution
FTD->FTD,o_min,xgb_tree_d1,m050528_o_min_ord6_rk00014,6,0.2820429834951573,1.4591479170272448,3,Socioeconomic
FTD->FTD,o_min,xgb_tree_d1,m049531_o_min_ord5_rk00017,5,0.2819300284227073,1.9219280948873623,4,Precipitation/droughts
FTD->FTD,o_min,xgb_tree_d1,m058534_o_min_ord14_rk00020,14,0.2816772525052038,2.5027361715940035,6,Air Pollution
FTD->FTD,o_min,xgb_tree_d1,m047529_o_min_ord3_rk00015,3,0.2816702916011381,1.584962500721156,3,Air Pollution
FTD->FTD,o_min,xgb_tree_d1,m047516_o_min_ord3_rk00002,3,0.2813237662804715,0.9182958340544896,2,Democracy
FTD->FTD,o_min,xgb_tree_d1,m048520_o_min_ord4_rk00006,4,0.280969518737734,1.5,3,Air Pollution
FTD->FTD,o_min,xgb_tree_d1,m059532_o_min_ord15_rk00018,15,0.2803196150304676,2.689246428509158,7,Air Pollution
FTD->FTD,o_min,xgb_tree_d1,m055526_o_min_ord11_rk00012,11,0.2801518332683784,2.481714572986073,6,Air Pollution
FTD->FTD,o_min,xgb_tree_d1,m048525_o_min_ord4_rk00011,4,0.279955190762671,1.5,3,Air Pollution
FTD->FTD,o_min,xgb_tree_d1,m048515_o_min_ord4_rk00001,4,0.2787441893368099,1.0,2,Air Pollution
FTD->FTD,o_min,xgb_tree_d1,m073516_o_min_ord29_rk00002,29,0.2782962838870922,2.900915908846073,9,Democracy
FTD->FTD,o_min,xgb_tree_d1,m056527_o_min_ord12_rk00013,12,0.2781551981865913,2.688721875540867,7,Air Pollution
FTD->FTD,o_min,xgb_tree_d1,m055533_o_min_ord11_rk00019,11,0.2777757644100408,2.299896391167891,5,Temperature
FTD->FTD,o_min,xgb_tree_d1,m048518_o_min_ord4_rk00004,4,0.2772523497189498,1.5,3,Air Pollution
FTD->FTD,o_min,xgb_tree_d1,m056528_o_min_ord12_rk00014,12,0.2769313784450736,2.292481250360578,5,Temperature
FTD->FTD,o_min,xgb_tree_d1,m052521_o_min_ord8_rk00007,8,0.2768159828381032,1.9056390622295665,4,Socioeconomic
FTD->FTD,o_min,xgb_tree_d1,m051519_o_min_ord7_rk00005,7,0.2765481730932247,1.3787834934861753,3,Democracy
FTD->FTD,o_min,xgb_tree_d1,m047520_o_min_ord3_rk00006,3,0.2751323380049003,-0.0,1,Air Pollution
FTD->FTD,o_min,xgb_tree_d1,m052523_o_min_ord8_rk00009,8,0.2750064871419714,2.5,6,Precipitation/droughts
FTD->FTD,o_min,xgb_tree_d1,m047531_o_min_ord3_rk00017,3,0.2747459482666496,0.9182958340544896,2,Air Pollution
FTD->FTD,o_min,xgb_tree_d1,m057524_o_min_ord13_rk00010,13,0.2736679564771328,2.2577560641285177,5,Temperature
FTD->FTD,o_min,xgb_tree_d1,m049524_o_min_ord5_rk00010,5,0.273404918793084,1.9219280948873623,4,Air Pollution
FTD->FTD,o_min,xgb_tree_d1,m049517_o_min_ord5_rk00003,5,0.2732639301368867,1.9219280948873623,4,Air Pollution
FTD->FTD,o_min,xgb_tree_d1,m049529_o_min_ord5_rk00015,5,0.2731125792855376,1.3709505944546687,3,Air Pollution
FTD->FTD,o_min,xgb_tree_d1,m048527_o_min_ord4_rk00013,4,0.2722904593278221,2.0,4,Air Pollution
FTD->FTD,o_min,xgb_tree_d1,m047530_o_min_ord3_rk00016,3,0.271025838267484,0.9182958340544896,2,Democracy
FTD->FTD,o_min,xgb_tree_d1,m051520_o_min_ord7_rk00006,7,0.2703404396087598,2.1280852788913944,5,Air Pollution
FTD->FTD,o_min,xgb_tree_d1,m049521_o_min_ord5_rk00007,5,0.2695164393253912,1.9219280948873623,4,Air Pollution
FTD->FTD,o_min,xgb_tree_d1,m053534_o_min_ord9_rk00020,9,0.2693948877235612,2.197159723424149,5,Air Pollution
FTD->FTD,o_min,xgb_tree_d1,m047526_o_min_ord3_rk00012,3,0.268484779982622,0.9182958340544896,2,Air Pollution
FTD->FTD,o_min,xgb_tree_d1,m050517_o_min_ord6_rk00003,6,0.2654733901661229,1.7924812503605778,4,Air Pollution
FTD->FTD,o_min,xgb_tree_d1,m047519_o_min_ord3_rk00005,3,0.2635806069600391,0.9182958340544896,2,Air Pollution
FTD->FTD,o_min,xgb_tree_d1,m047515_o_min_ord3_rk00001,3,0.263403170070948,0.9182958340544896,2,Air Pollution
FTD->FTD,o_min,xgb_tree_d1,m053515_o_min_ord9_rk00001,9,0.2627726298519333,2.197159723424149,5,Socioeconomic
FTD->FTD,o_min,xgb_tree_d1,m047532_o_min_ord3_rk00018,3,0.2573651953956301,1.584962500721156,3,Air Pollution
FTD->FTD,o_min,xgb_tree_d1,m054529_o_min_ord10_rk00015,10,0.2559149629534046,2.4464393446710155,6,Air Pollution
FTD->FTD,o_min,xgb_tree_d1,m047533_o_min_ord3_rk00019,3,0.2488631037283512,0.9182958340544896,2,Socioeconomic
FTD->FTD,o_max,ols,m000017_o_max_ord3_rk00018,3,0.3467350055014342,-0.0,1,Democracy
FTD->FTD,o_max,ols,m000000_o_max_ord3_rk00001,3,0.3443029693542669,-0.0,1,Democracy
FTD->FTD,o_max,ols,m001004_o_max_ord4_rk00005,4,0.3425683809701412,-0.0,1,Democracy
FTD->FTD,o_max,ols,m001001_o_max_ord4_rk00002,4,0.3423220699589843,-0.0,1,Democracy
FTD->FTD,o_max,ols,m001002_o_max_ord4_rk00003,4,0.3420349701254903,-0.0,1,Democracy
FTD->FTD,o_max,ols,m001008_o_max_ord4_rk00009,4,0.3388726497840125,-0.0,1,Democracy
FTD->FTD,o_max,ols,m001011_o_max_ord4_rk00012,4,0.3386308231646157,-0.0,1,Democracy
FTD->FTD,o_max,ols,m001013_o_max_ord4_rk00014,4,0.3371716283453558,-0.0,1,Democracy
FTD->FTD,o_max,ols,m001015_o_max_ord4_rk00016,4,0.3362816595353117,-0.0,1,Democracy
FTD->FTD,o_max,ols,m002003_o_max_ord5_rk00004,5,0.3362741566469319,-0.0,1,Democracy
FTD->FTD,o_max,ols,m002002_o_max_ord5_rk00003,5,0.3314668505336903,-0.0,1,Democracy
FTD->FTD,o_max,ols,m002000_o_max_ord5_rk00001,5,0.3291321798975781,-0.0,1,Democracy
FTD->FTD,o_max,ols,m002017_o_max_ord5_rk00018,5,0.3286466678304605,-0.0,1,Democracy
FTD->FTD,o_max,ols,m003004_o_max_ord6_rk00005,6,0.3285974812747917,-0.0,1,Democracy
FTD->FTD,o_max,ols,m003011_o_max_ord6_rk00012,6,0.3277147561188016,-0.0,1,Democracy
FTD->FTD,o_max,ols,m001009_o_max_ord4_rk00010,4,0.3262876243836116,-0.0,1,Democracy
FTD->FTD,o_max,ols,m002010_o_max_ord5_rk00011,5,0.3261673647006905,-0.0,1,Democracy
FTD->FTD,o_max,ols,m003007_o_max_ord6_rk00008,6,0.3243626803027896,-0.0,1,Democracy
FTD->FTD,o_max,ols,m003002_o_max_ord6_rk00003,6,0.3227994677759502,-0.0,1,Democracy
FTD->FTD,o_max,ols,m003015_o_max_ord6_rk00016,6,0.3208369232418844,-0.0,1,Democracy
FTD->FTD,o_max,ols,m001000_o_max_ord4_rk00001,4,0.3196448578150741,-0.0,1,Democracy
FTD->FTD,o_max,ols,m002015_o_max_ord5_rk00016,5,0.3183932394403653,-0.0,1,Democracy
FTD->FTD,o_max,ols,m002004_o_max_ord5_rk00005,5,0.3168906951227151,-0.0,1,Democracy
FTD->FTD,o_max,ols,m004012_o_max_ord7_rk00013,7,0.3146358930453331,-0.0,1,Democracy
FTD->FTD,o_max,ols,m003017_o_max_ord6_rk00018,6,0.3131682759229798,-0.0,1,Democracy
FTD->FTD,o_max,ols,m002006_o_max_ord5_rk00007,5,0.3130575613164392,-0.0,1,Democracy
FTD->FTD,o_max,ols,m002019_o_max_ord5_rk00020,5,0.3117968426097702,-0.0,1,Democracy
FTD->FTD,o_max,ols,m003000_o_max_ord6_rk00001,6,0.3113390435086003,-0.0,1,Democracy
FTD->FTD,o_max,ols,m003019_o_max_ord6_rk00020,6,0.3109973909764171,-0.0,1,Democracy
FTD->FTD,o_max,ols,m004007_o_max_ord7_rk00008,7,0.3109601069488455,-0.0,1,Democracy
FTD->FTD,o_max,ols,m003012_o_max_ord6_rk00013,6,0.3106543315738237,-0.0,1,Democracy
FTD->FTD,o_max,ols,m004006_o_max_ord7_rk00007,7,0.3098375354751868,-0.0,1,Democracy
FTD->FTD,o_max,ols,m004004_o_max_ord7_rk00005,7,0.3088679418389737,-0.0,1,Democracy
FTD->FTD,o_max,ols,m002001_o_max_ord5_rk00002,5,0.3053131700271535,-0.0,1,Democracy
FTD->FTD,o_max,ols,m003006_o_max_ord6_rk00007,6,0.3049323950090787,-0.0,1,Democracy
FTD->FTD,o_max,ols,m001018_o_max_ord4_rk00019,4,0.3035395561688879,-0.0,1,Democracy
FTD->FTD,o_max,ols,m000015_o_max_ord3_rk00016,3,0.3033129824039374,-0.0,1,Democracy
FTD->FTD,o_max,ols,m000001_o_max_ord3_rk00002,3,0.3027961068574282,-0.0,1,Air Pollution
FTD->FTD,o_max,ols,m006007_o_max_ord9_rk00008,9,0.302670310597469,-0.0,1,Democracy
FTD->FTD,o_max,ols,m005010_o_max_ord8_rk00011,8,0.3025897960548708,-0.0,1,Democracy
FTD->FTD,o_max,ols,m000018_o_max_ord3_rk00019,3,0.3015250027593016,-0.0,1,Democracy
FTD->FTD,o_max,ols,m004019_o_max_ord7_rk00020,7,0.3013583370909658,-0.0,1,Democracy
FTD->FTD,o_max,ols,m005000_o_max_ord8_rk00001,8,0.3012437321821171,-0.0,1,Democracy
FTD->FTD,o_max,ols,m000007_o_max_ord3_rk00008,3,0.2997644417152766,-0.0,1,Democracy
FTD->FTD,o_max,ols,m006008_o_max_ord9_rk00009,9,0.298688564510164,-0.0,1,Democracy
FTD->FTD,o_max,ols,m006017_o_max_ord9_rk00018,9,0.2983878812418259,-0.0,1,Democracy
FTD->FTD,o_max,ols,m004017_o_max_ord7_rk00018,7,0.2980263635754328,-0.0,1,Democracy
FTD->FTD,o_max,ols,m002008_o_max_ord5_rk00009,5,0.2973394686561383,-0.0,1,Democracy
FTD->FTD,o_max,ols,m003005_o_max_ord6_rk00006,6,0.2972015160527282,-0.0,1,Democracy
FTD->FTD,o_max,ols,m000014_o_max_ord3_rk00015,3,0.2958273410914853,-0.0,1,Democracy
FTD->FTD,o_max,ols,m006003_o_max_ord9_rk00004,9,0.2951046000012836,-0.0,1,Democracy
FTD->FTD,o_max,ols,m000012_o_max_ord3_rk00013,3,0.2946101235501932,-0.0,1,Democracy
FTD->FTD,o_max,ols,m012007_o_max_ord15_rk00008,15,0.2944411080214463,-0.0,1,Democracy
FTD->FTD,o_max,ols,m000008_o_max_ord3_rk00009,3,0.2942406642810782,-0.0,1,Democracy
FTD->FTD,o_max,ols,m003008_o_max_ord6_rk00009,6,0.2941999398330539,-0.0,1,Democracy
FTD->FTD,o_max,ols,m002013_o_max_ord5_rk00014,5,0.2940701014672564,-0.0,1,Democracy
FTD->FTD,o_max,ols,m008019_o_max_ord11_rk00020,11,0.2935514471341824,-0.0,1,Democracy
FTD->FTD,o_max,ols,m000006_o_max_ord3_rk00007,3,0.292588897193568,-0.0,1,Democracy
FTD->FTD,o_max,ols,m006009_o_max_ord9_rk00010,9,0.2922004764827937,-0.0,1,Democracy
FTD->FTD,o_max,ols,m007003_o_max_ord10_rk00004,10,0.291815548753226,-0.0,1,Democracy
FTD->FTD,o_max,ols,m013002_o_max_ord16_rk00003,16,0.2917815895013511,-0.0,1,Democracy
FTD->FTD,o_max,ols,m006013_o_max_ord9_rk00014,9,0.2914108973719302,-0.0,1,Democracy
FTD->FTD,o_max,ols,m000004_o_max_ord3_rk00005,3,0.2907928676571311,-0.0,1,Democracy
FTD->FTD,o_max,ols,m006000_o_max_ord9_rk00001,9,0.2905758357485702,-0.0,1,Democracy
FTD->FTD,o_max,ols,m006015_o_max_ord9_rk00016,9,0.2895395551692393,-0.0,1,Democracy
FTD->FTD,o_max,ols,m004010_o_max_ord7_rk00011,7,0.2893763844038244,-0.0,1,Democracy
FTD->FTD,o_max,ols,m000003_o_max_ord3_rk00004,3,0.2893516080001279,-0.0,1,Democracy
FTD->FTD,o_max,ols,m007014_o_max_ord10_rk00015,10,0.289101439331611,0.4689955935892812,2,Democracy
FTD->FTD,o_max,ols,m002012_o_max_ord5_rk00013,5,0.2889677658562002,-0.0,1,Democracy
FTD->FTD,o_max,ols,m001010_o_max_ord4_rk00011,4,0.2889438025607268,-0.0,1,Democracy
FTD->FTD,o_max,ols,m004003_o_max_ord7_rk00004,7,0.2883644546585813,-0.0,1,Democracy
FTD->FTD,o_max,ols,m001017_o_max_ord4_rk00018,4,0.2880178521467798,-0.0,1,Democracy
FTD->FTD,o_max,ols,m011019_o_max_ord14_rk00020,14,0.2879850105168862,-0.0,1,Democracy
FTD->FTD,o_max,ols,m004013_o_max_ord7_rk00014,7,0.2873635232022156,-0.0,1,Democracy
FTD->FTD,o_max,ols,m007005_o_max_ord10_rk00006,10,0.2867982731227495,-0.0,1,Democracy
FTD->FTD,o_max,ols,m011018_o_max_ord14_rk00019,14,0.2865973417385288,0.37123232664087563,2,Democracy
FTD->FTD,o_max,ols,m008009_o_max_ord11_rk00010,11,0.2865858212987281,-0.0,1,Democracy
FTD->FTD,o_max,ols,m013018_o_max_ord16_rk00019,16,0.286403758192624,-0.0,1,Democracy
FTD->FTD,o_max,ols,m007013_o_max_ord10_rk00014,10,0.2858928812739227,-0.0,1,Democracy
FTD->FTD,o_max,ols,m000010_o_max_ord3_rk00011,3,0.2858203659809234,-0.0,1,Democracy
FTD->FTD,o_max,ols,m000009_o_max_ord3_rk00010,3,0.2843485301246147,-0.0,1,Democracy
FTD->FTD,o_max,ols,m005012_o_max_ord8_rk00013,8,0.2838153572779441,-0.0,1,Democracy
FTD->FTD,o_max,ols,m007006_o_max_ord10_rk00007,10,0.283718711585199,-0.0,1,Democracy
FTD->FTD,o_max,ols,m011014_o_max_ord14_rk00015,14,0.2833723925213299,0.37123232664087563,2,Democracy
FTD->FTD,o_max,ols,m008008_o_max_ord11_rk00009,11,0.2832288631055435,-0.0,1,Democracy
FTD->FTD,o_max,ols,m007015_o_max_ord10_rk00016,10,0.283212294740704,-0.0,1,Democracy
FTD->FTD,o_max,ols,m008007_o_max_ord11_rk00008,11,0.2824698162345407,-0.0,1,Democracy
FTD->FTD,o_max,ols,m000011_o_max_ord3_rk00012,3,0.282309524331977,-0.0,1,Democracy
FTD->FTD,o_max,ols,m005002_o_max_ord8_rk00003,8,0.282111865894746,-0.0,1,Democracy
FTD->FTD,o_max,ols,m009000_o_max_ord12_rk00001,12,0.2820173896669393,-0.0,1,Democracy
FTD->FTD,o_max,ols,m010013_o_max_ord13_rk00014,13,0.2818797793793089,-0.0,1,Democracy
FTD->FTD,o_max,ols,m009011_o_max_ord12_rk00012,12,0.2812042919623411,-0.0,1,Democracy
FTD->FTD,o_max,ols,m013007_o_max_ord16_rk00008,16,0.280885504002338,0.3372900666170139,2,Democracy
FTD->FTD,o_max,ols,m014013_o_max_ord17_rk00014,17,0.2801582322577977,-0.0,1,Democracy
FTD->FTD,o_max,ols,m012005_o_max_ord15_rk00006,15,0.2796379069966175,0.35335933502142136,2,Democracy
FTD->FTD,o_max,ols,m010007_o_max_ord13_rk00008,13,0.2793184712945998,-0.0,1,Democracy
FTD->FTD,o_max,ols,m009002_o_max_ord12_rk00003,12,0.2789130884763865,-0.0,1,Democracy
FTD->FTD,o_max,ols,m003001_o_max_ord6_rk00002,6,0.2771788101414772,-0.0,1,Democracy
FTD->FTD,o_max,ols,m007010_o_max_ord10_rk00011,10,0.2768525739930711,-0.0,1,Democracy
FTD->FTD,o_max,ols,m007001_o_max_ord10_rk00002,10,0.2767246894067835,-0.0,1,Democracy
FTD->FTD,o_max,ols,m007004_o_max_ord10_rk00005,10,0.2765933769972634,-0.0,1,Democracy
FTD->FTD,o_max,ols,m012019_o_max_ord15_rk00020,15,0.2761855406013266,0.35335933502142136,2,Democracy
FTD->FTD,o_max,ols,m010001_o_max_ord13_rk00002,13,0.275534283646449,-0.0,1,Democracy
FTD->FTD,o_max,ols,m009005_o_max_ord12_rk00006,12,0.2735704894531939,-0.0,1,Democracy
FTD->FTD,o_max,ols,m008015_o_max_ord11_rk00016,11,0.2733956685000691,-0.0,1,Democracy
FTD->FTD,o_max,ols,m008003_o_max_ord11_rk00004,11,0.2733335218313597,-0.0,1,Democracy
FTD->FTD,o_max,ols,m011002_o_max_ord14_rk00003,14,0.2732693586994157,-0.0,1,Democracy
FTD->FTD,o_max,ols,m008000_o_max_ord11_rk00001,11,0.2730718533305991,-0.0,1,Democracy
FTD->FTD,o_max,ols,m008013_o_max_ord11_rk00014,11,0.2728680729144117,-0.0,1,Democracy
FTD->FTD,o_max,ols,m010000_o_max_ord13_rk00001,13,0.2726946981316422,-0.0,1,Democracy
FTD->FTD,o_max,ols,m009018_o_max_ord12_rk00019,12,0.2724930483796901,-0.0,1,Democracy
FTD->FTD,o_max,ols,m010012_o_max_ord13_rk00013,13,0.2724338144433242,-0.0,1,Democracy
FTD->FTD,o_max,ols,m006019_o_max_ord9_rk00020,9,0.2721074304254005,-0.0,1,Democracy
FTD->FTD,o_max,ols,m008005_o_max_ord11_rk00006,11,0.2719181026096172,-0.0,1,Democracy
FTD->FTD,o_max,ols,m000019_o_max_ord3_rk00020,3,0.2716953697282827,-0.0,1,Democracy
FTD->FTD,o_max,ols,m008010_o_max_ord11_rk00011,11,0.2716517977577417,-0.0,1,Democracy
FTD->FTD,o_max,ols,m012001_o_max_ord15_rk00002,15,0.27077360694266,-0.0,1,Democracy
FTD->FTD,o_max,ols,m001005_o_max_ord4_rk00006,4,0.2703618231169239,-0.0,1,Democracy
FTD->FTD,o_max,ols,m009007_o_max_ord12_rk00008,12,0.2703501491524345,-0.0,1,Democracy
FTD->FTD,o_max,ols,m010002_o_max_ord13_rk00003,13,0.2701048931071403,-0.0,1,Democracy
FTD->FTD,o_max,ols,m008014_o_max_ord11_rk00015,11,0.270045846387467,-0.0,1,Democracy
FTD->FTD,o_max,ols,m010014_o_max_ord13_rk00015,13,0.2700283007244553,-0.0,1,Democracy
FTD->FTD,o_max,ols,m005011_o_max_ord8_rk00012,8,0.2697311636324192,-0.0,1,Democracy
FTD->FTD,o_max,ols,m001016_o_max_ord4_rk00017,4,0.2692697799182075,-0.0,1,Democracy
FTD->FTD,o_max,ols,m009013_o_max_ord12_rk00014,12,0.2690086621067074,-0.0,1,Democracy
FTD->FTD,o_max,ols,m011000_o_max_ord14_rk00001,14,0.2688272450795241,-0.0,1,Democracy
FTD->FTD,o_max,ols,m000005_o_max_ord3_rk00006,3,0.2687751761901742,-0.0,1,Democracy
FTD->FTD,o_max,ols,m009015_o_max_ord12_rk00016,12,0.2684903805585685,-0.0,1,Democracy
FTD->FTD,o_max,ols,m009001_o_max_ord12_rk00002,12,0.268293086914842,-0.0,1,Democracy
FTD->FTD,o_max,ols,m009006_o_max_ord12_rk00007,12,0.2679104179634666,-0.0,1,Democracy
FTD->FTD,o_max,ols,m007002_o_max_ord10_rk00003,10,0.2675557023889566,-0.0,1,Democracy
FTD->FTD,o_max,ols,m008004_o_max_ord11_rk00005,11,0.2674451030357756,-0.0,1,Democracy
FTD->FTD,o_max,ols,m006004_o_max_ord9_rk00005,9,0.2673616050978687,-0.0,1,Democracy
FTD->FTD,o_max,ols,m010004_o_max_ord13_rk00005,13,0.2670585071099217,-0.0,1,Democracy
FTD->FTD,o_max,ols,m011005_o_max_ord14_rk00006,14,0.2669442493292675,-0.0,1,Democracy
FTD->FTD,o_max,ols,m010003_o_max_ord13_rk00004,13,0.2668886482854747,-0.0,1,Democracy
FTD->FTD,o_max,ols,m011004_o_max_ord14_rk00005,14,0.2668446361415901,-0.0,1,Democracy
FTD->FTD,o_max,ols,m008006_o_max_ord11_rk00007,11,0.2665493548759063,-0.0,1,Democracy
FTD->FTD,o_max,ols,m010005_o_max_ord13_rk00006,13,0.2658490226997946,-0.0,1,Democracy
FTD->FTD,o_max,ols,m009016_o_max_ord12_rk00017,12,0.2655707992465154,-0.0,1,Democracy
FTD->FTD,o_max,ols,m012015_o_max_ord15_rk00016,15,0.2655147435317041,-0.0,1,Democracy
FTD->FTD,o_max,ols,m007011_o_max_ord10_rk00012,10,0.2653654414428955,0.4689955935892812,2,Democracy
FTD->FTD,o_max,ols,m009009_o_max_ord12_rk00010,12,0.2650554109016003,-0.0,1,Democracy
FTD->FTD,o_max,ols,m010010_o_max_ord13_rk00011,13,0.2648825257691247,-0.0,1,Democracy
FTD->FTD,o_max,ols,m010008_o_max_ord13_rk00009,13,0.2646571823009571,-0.0,1,Democracy
FTD->FTD,o_max,ols,m004002_o_max_ord7_rk00003,7,0.2641188885698625,-0.0,1,Democracy
FTD->FTD,o_max,ols,m010017_o_max_ord13_rk00018,13,0.2637995864306958,-0.0,1,Democracy
FTD->FTD,o_max,ols,m010019_o_max_ord13_rk00020,13,0.263661340386159,-0.0,1,Democracy
FTD->FTD,o_max,ols,m008001_o_max_ord11_rk00002,11,0.2631590829301303,-0.0,1,Democracy
FTD->FTD,o_max,ols,m011012_o_max_ord14_rk00013,14,0.2630809642502494,-0.0,1,Democracy
FTD->FTD,o_max,ols,m004015_o_max_ord7_rk00016,7,0.2627214432039132,-0.0,1,Democracy
FTD->FTD,o_max,ols,m010016_o_max_ord13_rk00017,13,0.2622346496811066,-0.0,1,Democracy
FTD->FTD,o_max,ols,m010015_o_max_ord13_rk00016,13,0.2622019904374736,-0.0,1,Democracy
FTD->FTD,o_max,ols,m001012_o_max_ord4_rk00013,4,0.262143058983504,-0.0,1,Democracy
FTD->FTD,o_max,ols,m006001_o_max_ord9_rk00002,9,0.2621013914453576,-0.0,1,Democracy
FTD->FTD,o_max,ols,m007000_o_max_ord10_rk00001,10,0.2618663194811458,-0.0,1,Democracy
FTD->FTD,o_max,ols,m009004_o_max_ord12_rk00005,12,0.2618365319730567,-0.0,1,Democracy
FTD->FTD,o_max,ols,m007009_o_max_ord10_rk00010,10,0.26182969140863,-0.0,1,Democracy
FTD->FTD,o_max,ols,m009012_o_max_ord12_rk00013,12,0.2610173644788198,-0.0,1,Democracy
FTD->FTD,o_max,ols,m009010_o_max_ord12_rk00011,12,0.2599425724450112,-0.0,1,Democracy
FTD->FTD,o_max,ols,m010009_o_max_ord13_rk00010,13,0.2593090842602178,-0.0,1,Democracy
FTD->FTD,o_max,ols,m000016_o_max_ord3_rk00017,3,0.2592226347727874,-0.0,1,Democracy
FTD->FTD,o_max,ols,m009003_o_max_ord12_rk00004,12,0.259038991724918,-0.0,1,Democracy
FTD->FTD,o_max,ols,m012002_o_max_ord15_rk00003,15,0.2590200533745357,-0.0,1,Democracy
FTD->FTD,o_max,ols,m007018_o_max_ord10_rk00019,10,0.2584294928996644,-0.0,1,Democracy
FTD->FTD,o_max,ols,m008011_o_max_ord11_rk00012,11,0.2577253550382665,-0.0,1,Democracy
FTD->FTD,o_max,ols,m007017_o_max_ord10_rk00018,10,0.2570428793330405,-0.0,1,Democracy
FTD->FTD,o_max,ols,m011001_o_max_ord14_rk00002,14,0.2564571626366619,-0.0,1,Democracy
FTD->FTD,o_max,ols,m000013_o_max_ord3_rk00014,3,0.2563908701441654,-0.0,1,Democracy
FTD->FTD,o_max,ols,m009008_o_max_ord12_rk00009,12,0.2561362089057794,-0.0,1,Democracy
FTD->FTD,o_max,ols,m011006_o_max_ord14_rk00007,14,0.2553427889943107,-0.0,1,Democracy
FTD->FTD,o_max,ols,m012017_o_max_ord15_rk00018,15,0.2552894420527308,-0.0,1,Democracy
FTD->FTD,o_max,ols,m008002_o_max_ord11_rk00003,11,0.2549807335090204,-0.0,1,Democracy
FTD->FTD,o_max,ols,m012008_o_max_ord15_rk00009,15,0.2543073013943273,-0.0,1,Democracy
FTD->FTD,o_max,ols,m010006_o_max_ord13_rk00007,13,0.2542271335421352,-0.0,1,Democracy
FTD->FTD,o_max,ols,m008017_o_max_ord11_rk00018,11,0.2537218866077141,0.4394969869215134,2,Democracy
FTD->FTD,o_max,ols,m007016_o_max_ord10_rk00017,10,0.2534391174841377,-0.0,1,Democracy
FTD->FTD,o_max,ols,m003009_o_max_ord6_rk00010,6,0.2523533891977839,-0.0,1,Democracy
FTD->FTD,o_max,ols,m004001_o_max_ord7_rk00002,7,0.2522284120846143,-0.0,1,Democracy
FTD->FTD,o_max,ols,m002011_o_max_ord5_rk00012,5,0.2521888195226612,-0.0,1,Democracy
FTD->FTD,o_max,ols,m002009_o_max_ord5_rk00010,5,0.2519533852111686,-0.0,1,Democracy
FTD->FTD,o_max,ols,m001003_o_max_ord4_rk00004,4,0.2510325707327432,-0.0,1,Democracy
FTD->FTD,o_max,ols,m005009_o_max_ord8_rk00010,8,0.2507137529267205,-0.0,1,Democracy
FTD->FTD,o_max,ols,m012013_o_max_ord15_rk00014,15,0.2498801385412573,0.35335933502142136,2,Democracy
FTD->FTD,o_max,ols,m005008_o_max_ord8_rk00009,8,0.249800850030946,-0.0,1,Democracy
FTD->FTD,o_max,ols,m005018_o_max_ord8_rk00019,8,0.2495438698362144,-0.0,1,Democracy
FTD->FTD,o_max,ols,m006010_o_max_ord9_rk00011,9,0.2490610262682776,-0.0,1,Democracy
FTD->FTD,o_max,ols,m011010_o_max_ord14_rk00011,14,0.2485427722037619,0.37123232664087563,2,Democracy
FTD->FTD,o_max,ols,m005013_o_max_ord8_rk00014,8,0.2475891028928258,-0.0,1,Democracy
FTD->FTD,o_max,ols,m007007_o_max_ord10_rk00008,10,0.2470090008004856,-0.0,1,Democracy
FTD->FTD,o_max,ols,m004000_o_max_ord7_rk00001,7,0.2466118818837794,-0.0,1,Democracy
FTD->FTD,o_max,ols,m006014_o_max_ord9_rk00015,9,0.2457525638533808,-0.0,1,Democracy
FTD->FTD,o_max,ols,m001014_o_max_ord4_rk00015,4,0.2450170697656601,-0.0,1,Democracy
FTD->FTD,o_max,ols,m002018_o_max_ord5_rk00019,5,0.2445326987695826,-0.0,1,Democracy
FTD->FTD,o_max,ols,m012010_o_max_ord15_rk00011,15,0.2442259904162437,-0.0,1,Democracy
FTD->FTD,o_max,ols,m013015_o_max_ord16_rk00016,16,0.2439882456212583,-0.0,1,Democracy
FTD->FTD,o_max,ols,m007019_o_max_ord10_rk00020,10,0.2406558082985317,-0.0,1,Democracy
FTD->FTD,o_max,ols,m005019_o_max_ord8_rk00020,8,0.2402602810569788,-0.0,1,Democracy
FTD->FTD,o_max,ols,m012004_o_max_ord15_rk00005,15,0.2401321937576866,-0.0,1,Democracy
FTD->FTD,o_max,ols,m003016_o_max_ord6_rk00017,6,0.24009829374263,-0.0,1,Democracy
FTD->FTD,o_max,ols,m005005_o_max_ord8_rk00006,8,0.2389539164713426,-0.0,1,Democracy
FTD->FTD,o_max,ols,m010011_o_max_ord13_rk00012,13,0.2383088002233123,-0.0,1,Democracy
FTD->FTD,o_max,ols,m005007_o_max_ord8_rk00008,8,0.2376330104686224,-0.0,1,Democracy
FTD->FTD,o_max,ols,m011003_o_max_ord14_rk00004,14,0.2369032359211853,-0.0,1,Democracy
FTD->FTD,o_max,ols,m004016_o_max_ord7_rk00017,7,0.2366984234435449,-0.0,1,Democracy
FTD->FTD,o_max,ols,m004008_o_max_ord7_rk00009,7,0.2366756884176171,-0.0,1,Democracy
FTD->FTD,o_max,ols,m013000_o_max_ord16_rk00001,16,0.2360447790103139,-0.0,1,Democracy
FTD->FTD,o_max,ols,m005016_o_max_ord8_rk00017,8,0.2355656165740264,-0.0,1,Democracy
FTD->FTD,o_max,ols,m002014_o_max_ord5_rk00015,5,0.2345618993258929,-0.0,1,Democracy
FTD->FTD,o_max,ols,m002007_o_max_ord5_rk00008,5,0.2345511644277729,-0.0,1,Democracy
FTD->FTD,o_max,ols,m005001_o_max_ord8_rk00002,8,0.2330014259369783,-0.0,1,Democracy
FTD->FTD,o_max,ols,m012000_o_max_ord15_rk00001,15,0.2327429784059606,-0.0,1,Democracy
FTD->FTD,o_max,ols,m003003_o_max_ord6_rk00004,6,0.2294562446282589,-0.0,1,Democracy
FTD->FTD,o_max,ols,m003018_o_max_ord6_rk00019,6,0.2272273638469166,-0.0,1,Democracy
FTD->FTD,o_max,ols,m011007_o_max_ord14_rk00008,14,0.2268462488113737,-0.0,1,Democracy
FTD->FTD,o_max,ols,m006006_o_max_ord9_rk00007,9,0.2238610047734937,-0.0,1,Democracy
FTD->FTD,o_max,ols,m003014_o_max_ord6_rk00015,6,0.2203524045637149,-0.0,1,Democracy
FTD->FTD,o_max,ols,m006012_o_max_ord9_rk00013,9,0.2193469121624708,-0.0,1,Democracy
FTD->FTD,o_max,ols,m003010_o_max_ord6_rk00011,6,0.2176593132012872,-0.0,1,Democracy
FTD->FTD,o_max,ols,m000002_o_max_ord3_rk00003,3,0.2151110502575745,-0.0,1,Democracy
FTD->FTD,o_max,ols,m002005_o_max_ord5_rk00006,5,0.2145899894973454,-0.0,1,Democracy
FTD->FTD,o_max,ols,m004005_o_max_ord7_rk00006,7,0.2099788537844393,-0.0,1,Democracy
FTD->FTD,o_max,ols,m005017_o_max_ord8_rk00018,8,0.2011370235343355,-0.0,1,Democracy
FTD->FTD,o_max,ols,m004014_o_max_ord7_rk00015,7,0.1956601759154796,-0.0,1,Democracy
FTD->FTD,o_max,ols,m005014_o_max_ord8_rk00015,8,0.1953296737669922,-0.0,1,Democracy
FTD->FTD,o_max,ols,m006011_o_max_ord9_rk00012,9,0.1917339803701261,-0.0,1,Democracy
FTD->FTD,o_max,ols,m008018_o_max_ord11_rk00019,11,0.1894363566596337,-0.0,1,Democracy
FTD->FTD,o_max,ols,m004018_o_max_ord7_rk00019,7,0.1858462582548011,-0.0,1,Democracy
FTD->FTD,o_max,ols,m011017_o_max_ord14_rk00018,14,0.1840994075438208,-0.0,1,Democracy
FTD->FTD,o_max,ols,m011013_o_max_ord14_rk00014,14,0.1804434955847367,-0.0,1,Democracy
FTD->FTD,o_max,ols,m005006_o_max_ord8_rk00007,8,0.1764346979119531,-0.0,1,Democracy
FTD->FTD,o_max,ols,m005015_o_max_ord8_rk00016,8,0.1749688729439635,-0.0,1,Democracy
FTD->FTD,o_max,ols,m004009_o_max_ord7_rk00010,7,0.1734545391614418,-0.0,1,Democracy
FTD->FTD,o_max,ols,m005004_o_max_ord8_rk00005,8,0.1696262033096072,-0.0,1,Democracy
FTD->FTD,o_max,ols,m006005_o_max_ord9_rk00006,9,0.1692624409266895,-0.0,1,Democracy
FTD->FTD,o_max,ols,m001006_o_max_ord4_rk00007,4,0.1688329066596908,-0.0,1,Democracy
FTD->FTD,o_max,ols,m011015_o_max_ord14_rk00016,14,0.1666479256907034,-0.0,1,Democracy
FTD->FTD,o_max,ols,m013012_o_max_ord16_rk00013,16,0.1547436316335628,-0.0,1,Democracy
FTD->FTD,o_max,ols,m012006_o_max_ord15_rk00007,15,0.1490391058893768,-0.0,1,Democracy
FTD->FTD,o_max,ols,m006002_o_max_ord9_rk00003,9,0.1467999313693764,-0.0,1,Democracy
FTD->FTD,o_max,ols,m013017_o_max_ord16_rk00018,16,0.1458068466364742,0.3372900666170139,2,Democracy
FTD->FTD,o_max,ols,m005003_o_max_ord8_rk00004,8,0.1433766738423032,-0.0,1,Democracy
FTD->FTD,o_max,ols,m004011_o_max_ord7_rk00012,7,0.1432949555786926,-0.0,1,Democracy
FTD->FTD,o_max,ols,m007012_o_max_ord10_rk00013,10,0.1376854139857624,-0.0,1,Democracy
FTD->FTD,o_max,ols,m006018_o_max_ord9_rk00019,9,0.1157943770475492,-0.0,1,Democracy
FTD->FTD,o_max,ols,m013009_o_max_ord16_rk00010,16,0.1093879963165153,0.3372900666170139,2,Democracy
FTD->FTD,o_max,ols,m002016_o_max_ord5_rk00017,5,0.1061936069012077,-0.0,1,Democracy
FTD->AD,o_min,xgb_tree_d1,m058520_o_min_ord14_rk00006,14,0.2506369232406513,2.8423709931771084,8,Temperature
FTD->AD,o_min,xgb_tree_d1,m061517_o_min_ord17_rk00003,17,0.2469382033106748,2.7045348998193433,7,Temperature
FTD->AD,o_min,xgb_tree_d1,m054532_o_min_ord10_rk00018,10,0.2440580493693086,2.4464393446710155,6,Temperature
FTD->AD,o_min,xgb_tree_d1,m061530_o_min_ord17_rk00016,17,0.2411604496098476,2.6312929881819,7,Temperature
FTD->AD,o_min,xgb_tree_d1,m053522_o_min_ord9_rk00008,9,0.2382990001858965,2.5032583347756456,6,Temperature
FTD->AD,o_min,xgb_tree_d1,m061527_o_min_ord17_rk00013,17,0.2376057258717241,2.7045348998193433,7,Temperature
FTD->AD,o_min,xgb_tree_d1,m060516_o_min_ord16_rk00002,16,0.2368114972748951,2.5306390622295662,6,Temperature
FTD->AD,o_min,xgb_tree_d1,m057522_o_min_ord13_rk00008,13,0.2367127974626665,2.6612262562697895,7,Temperature
FTD->AD,o_min,xgb_tree_d1,m069527_o_min_ord25_rk00013,25,0.2361655869535539,2.8676013115120567,9,Democracy
FTD->AD,o_min,xgb_tree_d1,m069534_o_min_ord25_rk00020,25,0.2355199774781303,2.833411192621123,9,Democracy
FTD->AD,o_min,xgb_tree_d1,m061531_o_min_ord17_rk00017,17,0.2344593682230129,2.6312929881819,7,Temperature
FTD->AD,o_min,xgb_tree_d1,m054520_o_min_ord10_rk00006,10,0.2339559846523958,2.4464393446710155,6,Temperature
FTD->AD,o_min,xgb_tree_d1,m064530_o_min_ord20_rk00016,20,0.2339331111996572,2.6841837197791887,7,Temperature
FTD->AD,o_min,xgb_tree_d1,m054518_o_min_ord10_rk00004,10,0.233536825758285,2.4464393446710155,6,Temperature
FTD->AD,o_min,xgb_tree_d1,m055520_o_min_ord11_rk00006,11,0.2333108383118284,2.481714572986073,6,Democracy
FTD->AD,o_min,xgb_tree_d1,m059527_o_min_ord15_rk00013,15,0.2325163749615683,2.8225797618424915,8,Temperature
FTD->AD,o_min,xgb_tree_d1,m057526_o_min_ord13_rk00012,13,0.2322007055239398,2.449311833026446,6,Temperature
FTD->AD,o_min,xgb_tree_d1,m069533_o_min_ord25_rk00019,25,0.2321037884547659,2.8676013115120567,9,Democracy
FTD->AD,o_min,xgb_tree_d1,m057517_o_min_ord13_rk00003,13,0.2320462478736488,2.6612262562697895,7,Temperature
FTD->AD,o_min,xgb_tree_d1,m067533_o_min_ord23_rk00019,23,0.2320385197366876,2.9424955222917832,9,Democracy
FTD->AD,o_min,xgb_tree_d1,m065528_o_min_ord21_rk00014,21,0.2318172319009246,2.9463875191311275,9,Democracy
FTD->AD,o_min,xgb_tree_d1,m069516_o_min_ord25_rk00002,25,0.2317422819367985,2.8676013115120567,9,Democracy
FTD->AD,o_min,xgb_tree_d1,m058530_o_min_ord14_rk00016,14,0.2313253576675716,2.6455933144511468,7,Temperature
FTD->AD,o_min,xgb_tree_d1,m069524_o_min_ord25_rk00010,25,0.2308754937071665,2.8888840705376357,9,Democracy
FTD->AD,o_min,xgb_tree_d1,m073527_o_min_ord29_rk00013,29,0.2293622515868207,2.8961239954868447,10,Democracy
FTD->AD,o_min,xgb_tree_d1,m067525_o_min_ord23_rk00011,23,0.2281631767553834,2.7029400873210467,8,Democracy
FTD->AD,o_min,xgb_tree_d1,m061522_o_min_ord17_rk00008,17,0.2276413567244071,2.513645929358371,6,Temperature
FTD->AD,o_min,xgb_tree_d1,m054519_o_min_ord10_rk00005,10,0.2271397312232671,2.2464393446710154,5,Democracy
FTD->AD,o_min,xgb_tree_d1,m070529_o_min_ord26_rk00015,26,0.2265613191888537,2.8536700092563416,9,Democracy
FTD->AD,o_min,xgb_tree_d1,m053518_o_min_ord9_rk00004,9,0.2258964007214573,2.197159723424149,5,Temperature
FTD->AD,o_min,xgb_tree_d1,m057531_o_min_ord13_rk00017,13,0.2252318867936612,2.2954656791802917,5,Air Pollution
FTD->AD,o_min,xgb_tree_d1,m068532_o_min_ord24_rk00018,24,0.2238359405036579,2.83429531609601,9,Democracy
FTD->AD,o_min,xgb_tree_d1,m064527_o_min_ord20_rk00013,20,0.2230619802150767,2.6841837197791887,7,Temperature
FTD->AD,o_min,xgb_tree_d1,m061519_o_min_ord17_rk00005,17,0.2229099587052389,2.6312929881819,7,Temperature
FTD->AD,o_min,xgb_tree_d1,m056516_o_min_ord12_rk00002,12,0.2226964825783859,2.4591479170272446,6,Temperature
FTD->AD,o_min,xgb_tree_d1,m061532_o_min_ord17_rk00018,17,0.2221821369400813,2.4692407821722844,6,Temperature
FTD->AD,o_min,xgb_tree_d1,m067524_o_min_ord23_rk00010,23,0.2220258210492888,2.8768531307993075,9,Democracy
FTD->AD,o_min,xgb_tree_d1,m063527_o_min_ord19_rk00013,19,0.2217301516187564,2.6292492238560348,7,Temperature
FTD->AD,o_min,xgb_tree_d1,m056525_o_min_ord12_rk00011,12,0.2208884283018902,2.688721875540867,7,Temperature
FTD->AD,o_min,xgb_tree_d1,m071520_o_min_ord27_rk00006,27,0.2208307322436788,2.815460540067162,9,Democracy
FTD->AD,o_min,xgb_tree_d1,m070517_o_min_ord26_rk00003,26,0.2204262968224155,2.8536700092563416,9,Democracy
FTD->AD,o_min,xgb_tree_d1,m060518_o_min_ord16_rk00004,16,0.220369673358928,2.452819531114783,6,Temperature
FTD->AD,o_min,xgb_tree_d1,m062517_o_min_ord18_rk00003,18,0.2195748228974327,2.7107770844150676,7,Temperature
FTD->AD,o_min,xgb_tree_d1,m067517_o_min_ord23_rk00003,23,0.2185634443924051,2.9424955222917832,9,Democracy
FTD->AD,o_min,xgb_tree_d1,m056530_o_min_ord12_rk00016,12,0.2185127872043977,2.688721875540867,7,Temperature
FTD->AD,o_min,xgb_tree_d1,m067519_o_min_ord23_rk00005,23,0.2184861231447823,2.859880977513952,9,Democracy
FTD->AD,o_min,xgb_tree_d1,m058521_o_min_ord14_rk00007,14,0.2180501000185102,2.5027361715940035,6,Air Pollution
FTD->AD,o_min,xgb_tree_d1,m054534_o_min_ord10_rk00020,10,0.2178402966195816,2.721928094887362,7,Air Pollution
FTD->AD,o_min,xgb_tree_d1,m064524_o_min_ord20_rk00010,20,0.2176490107211108,2.6841837197791887,7,Temperature
FTD->AD,o_min,xgb_tree_d1,m073534_o_min_ord29_rk00020,29,0.2174878424412243,2.983342099382735,10,Democracy
FTD->AD,o_min,xgb_tree_d1,m052519_o_min_ord8_rk00005,8,0.2169721604752369,2.5,6,Air Pollution
FTD->AD,o_min,xgb_tree_d1,m072523_o_min_ord28_rk00009,28,0.2166079318908502,2.865764637179023,9,Democracy
FTD->AD,o_min,xgb_tree_d1,m067534_o_min_ord23_rk00020,23,0.2153970818529114,2.8598809775139515,9,Democracy
FTD->AD,o_min,xgb_tree_d1,m066525_o_min_ord22_rk00011,22,0.2152151070187591,2.9019469592513696,9,Democracy
FTD->AD,o_min,xgb_tree_d1,m070531_o_min_ord26_rk00017,26,0.2150809831360037,2.8536700092563416,9,Democracy
FTD->AD,o_min,xgb_tree_d1,m074521_o_min_ord30_rk00007,30,0.2143251601018907,2.7874302980927217,9,Democracy
FTD->AD,o_min,xgb_tree_d1,m059516_o_min_ord15_rk00002,15,0.2140415452602245,2.4729055953200563,6,Temperature
FTD->AD,o_min,xgb_tree_d1,m055532_o_min_ord11_rk00018,11,0.2139665114076536,2.663532754804255,7,Temperature
FTD->AD,o_min,xgb_tree_d1,m068517_o_min_ord24_rk00003,24,0.213932900815166,2.907268229617389,9,Democracy
FTD->AD,o_min,xgb_tree_d1,m062523_o_min_ord18_rk00009,18,0.2136126393529079,2.4613201402110088,6,Temperature
FTD->AD,o_min,xgb_tree_d1,m066530_o_min_ord22_rk00016,22,0.2125137595932934,2.867633890971212,9,Democracy
FTD->AD,o_min,xgb_tree_d1,m058532_o_min_ord14_rk00018,14,0.21250678450408,2.270942421748537,5,Temperature
FTD->AD,o_min,xgb_tree_d1,m071534_o_min_ord27_rk00020,27,0.2123256474943421,2.9024425973114867,9,Democracy
FTD->AD,o_min,xgb_tree_d1,m062534_o_min_ord18_rk00020,18,0.2115757932264383,2.6416041678685938,7,Precipitation/droughts
FTD->AD,o_min,xgb_tree_d1,m067523_o_min_ord23_rk00009,23,0.2108056130783403,2.9140163035068443,9,Democracy
FTD->AD,o_min,xgb_tree_d1,m073519_o_min_ord29_rk00005,29,0.2098118507321872,2.8271584782454653,9,Democracy
FTD->AD,o_min,xgb_tree_d1,m072517_o_min_ord28_rk00003,28,0.2089407795466757,2.7754316010011366,9,Democracy
FTD->AD,o_min,xgb_tree_d1,m073528_o_min_ord29_rk00014,29,0.2076022317586684,2.8271584782454653,9,Democracy
FTD->AD,o_min,xgb_tree_d1,m060527_o_min_ord16_rk00013,16,0.2075026855305042,2.6556390622295662,7,Temperature
FTD->AD,o_min,xgb_tree_d1,m053529_o_min_ord9_rk00015,9,0.207036623799837,2.197159723424149,5,Socioeconomic
FTD->AD,o_min,xgb_tree_d1,m053527_o_min_ord9_rk00013,9,0.2064693772853969,2.197159723424149,5,Socioeconomic
FTD->AD,o_min,xgb_tree_d1,m073523_o_min_ord29_rk00009,29,0.2057534741040872,2.8271584782454653,9,Democracy
FTD->AD,o_min,xgb_tree_d1,m059526_o_min_ord15_rk00012,15,0.2055401878986877,2.4729055953200563,6,Temperature
FTD->AD,o_min,xgb_tree_d1,m066521_o_min_ord22_rk00007,22,0.2048727981541909,2.9317206879810787,9,Democracy
FTD->AD,o_min,xgb_tree_d1,m055529_o_min_ord11_rk00015,11,0.2048573417977277,2.663532754804255,7,Temperature
FTD->AD,o_min,xgb_tree_d1,m068529_o_min_ord24_rk00015,24,0.2047734942380115,2.907268229617389,9,Democracy
FTD->AD,o_min,xgb_tree_d1,m068527_o_min_ord24_rk00013,24,0.2045823333983386,2.907268229617389,9,Democracy
FTD->AD,o_min,xgb_tree_d1,m068526_o_min_ord24_rk00012,24,0.2040069931706297,2.840199876515855,9,Democracy
FTD->AD,o_min,xgb_tree_d1,m074523_o_min_ord30_rk00009,30,0.2038197619141412,2.9437621626224817,10,Democracy
FTD->AD,o_min,xgb_tree_d1,m053521_o_min_ord9_rk00007,9,0.2025136947906824,2.5032583347756456,6,Air Pollution
FTD->AD,o_min,xgb_tree_d1,m052518_o_min_ord8_rk00004,8,0.2022488227071125,2.25,5,Temperature
FTD->AD,o_min,xgb_tree_d1,m067528_o_min_ord23_rk00014,23,0.2016967214562882,2.8927021732601896,9,Democracy
FTD->AD,o_min,xgb_tree_d1,m071528_o_min_ord27_rk00014,27,0.2007854122120121,2.815460540067162,9,Democracy
FTD->AD,o_min,xgb_tree_d1,m068519_o_min_ord24_rk00005,24,0.1995202867833914,2.907268229617389,9,Democracy
FTD->AD,o_min,xgb_tree_d1,m061518_o_min_ord17_rk00004,17,0.1995091813736624,2.6312929881819,7,Temperature
FTD->AD,o_min,xgb_tree_d1,m064529_o_min_ord20_rk00015,20,0.1991227888785305,2.6841837197791887,7,Temperature
FTD->AD,o_min,xgb_tree_d1,m053532_o_min_ord9_rk00018,9,0.1974792572489604,2.0588138903312014,5,Democracy
FTD->AD,o_min,xgb_tree_d1,m057529_o_min_ord13_rk00015,13,0.1969992286052485,2.6031579868726,7,Temperature
FTD->AD,o_min,xgb_tree_d1,m064517_o_min_ord20_rk00003,20,0.1963496979803405,2.6841837197791887,7,Temperature
FTD->AD,o_min,xgb_tree_d1,m061528_o_min_ord17_rk00014,17,0.1951117313278453,2.6601297526332566,7,Democracy
FTD->AD,o_min,xgb_tree_d1,m052517_o_min_ord8_rk00003,8,0.1940889126023816,2.1556390622295662,5,Socioeconomic
FTD->AD,o_min,xgb_tree_d1,m054525_o_min_ord10_rk00011,10,0.1936102084499016,2.2464393446710154,5,Socioeconomic
FTD->AD,o_min,xgb_tree_d1,m063520_o_min_ord19_rk00006,19,0.1934949330926354,2.6947814605842733,7,Temperature
FTD->AD,o_min,xgb_tree_d1,m063521_o_min_ord19_rk00007,19,0.1932148503598256,2.6292492238560348,7,Temperature
FTD->AD,o_min,xgb_tree_d1,m059523_o_min_ord15_rk00009,15,0.1929379738415646,2.256564762130954,5,Temperature
FTD->AD,o_min,xgb_tree_d1,m054527_o_min_ord10_rk00013,10,0.1928486839060699,2.2464393446710154,5,Socioeconomic
FTD->AD,o_min,xgb_tree_d1,m061525_o_min_ord17_rk00011,17,0.192106523622393,2.6601297526332566,8,Democracy
FTD->AD,o_min,xgb_tree_d1,m062527_o_min_ord18_rk00013,18,0.1910282742160488,2.683542362433231,7,Temperature
FTD->AD,o_min,xgb_tree_d1,m072532_o_min_ord28_rk00018,28,0.1909067428706472,3.0210687638074782,10,Democracy
FTD->AD,o_min,xgb_tree_d1,m063515_o_min_ord19_rk00001,19,0.1893442055085491,2.6947814605842733,7,Temperature
FTD->AD,o_min,xgb_tree_d1,m052533_o_min_ord8_rk00019,8,0.1890682976796854,2.5,6,Air Pollution
FTD->AD,o_min,xgb_tree_d1,m069530_o_min_ord25_rk00016,25,0.1887335816776274,2.84307418942857,8,Democracy
FTD->AD,o_min,xgb_tree_d1,m064520_o_min_ord20_rk00006,20,0.1886723394142935,2.884183719779189,8,Precipitation/droughts
FTD->AD,o_min,xgb_tree_d1,m064516_o_min_ord20_rk00002,20,0.1883969579716885,2.746439344671016,8,Democracy
FTD->AD,o_min,xgb_tree_d1,m062524_o_min_ord18_rk00010,18,0.1875609845074201,2.6416041678685938,7,Temperature
FTD->AD,o_min,xgb_tree_d1,m071527_o_min_ord27_rk00013,27,0.1871539043835755,2.9024425973114867,9,Democracy
FTD->AD,o_min,xgb_tree_d1,m074520_o_min_ord30_rk00006,30,0.1863160670077212,2.9437621626224817,10,Democracy
FTD->AD,o_min,xgb_tree_d1,m053528_o_min_ord9_rk00014,9,0.1855859793166783,2.5032583347756456,6,Temperature
FTD->AD,o_min,xgb_tree_d1,m063533_o_min_ord19_rk00019,19,0.1850948718431985,2.694781460584273,7,Temperature
FTD->AD,o_min,xgb_tree_d1,m055522_o_min_ord11_rk00008,11,0.1850764767892607,2.481714572986073,6,Temperature
FTD->AD,o_min,xgb_tree_d1,m074528_o_min_ord30_rk00014,30,0.1848154673599498,2.9437621626224817,10,Democracy
FTD->AD,o_min,xgb_tree_d1,m066520_o_min_ord22_rk00006,22,0.1846571424979702,2.737872392231515,8,Democracy
FTD->AD,o_min,xgb_tree_d1,m073522_o_min_ord29_rk00008,29,0.1845395538325707,2.900915908846073,9,Democracy
FTD->AD,o_min,xgb_tree_d1,m069532_o_min_ord25_rk00018,25,0.1844899019604933,2.8888840705376357,9,Democracy
FTD->AD,o_min,xgb_tree_d1,m058515_o_min_ord14_rk00001,14,0.1839978890899277,2.8962915290459277,8,Temperature
FTD->AD,o_min,xgb_tree_d1,m061534_o_min_ord17_rk00020,17,0.1839779596565056,2.7045348998193433,7,Temperature
FTD->AD,o_min,xgb_tree_d1,m056519_o_min_ord12_rk00005,12,0.1838346474873914,2.6258145836939115,7,Temperature
FTD->AD,o_min,xgb_tree_d1,m057518_o_min_ord13_rk00004,13,0.1835490261095173,2.873140679513133,8,Temperature
FTD->AD,o_min,xgb_tree_d1,m071531_o_min_ord27_rk00017,27,0.183496722480335,2.815460540067162,9,Democracy
FTD->AD,o_min,xgb_tree_d1,m059524_o_min_ord15_rk00010,15,0.1832390246557785,2.8225797618424915,8,Temperature
FTD->AD,o_min,xgb_tree_d1,m072527_o_min_ord28_rk00013,28,0.1824350293511994,2.935698780751651,9,Democracy
FTD->AD,o_min,xgb_tree_d1,m057520_o_min_ord13_rk00006,13,0.1822478656571086,2.873140679513133,8,Precipitation/droughts
FTD->AD,o_min,xgb_tree_d1,m072520_o_min_ord28_rk00006,28,0.1815100956961163,2.937193208607594,10,Democracy
FTD->AD,o_min,xgb_tree_d1,m053520_o_min_ord9_rk00006,9,0.1814656486569859,2.2810361125534238,5,Air Pollution
FTD->AD,o_min,xgb_tree_d1,m069526_o_min_ord25_rk00012,25,0.1813456650196572,2.8676013115120567,9,Democracy
FTD->AD,o_min,xgb_tree_d1,m066515_o_min_ord22_rk00001,22,0.1813401784511968,2.9540036423298544,9,Democracy
FTD->AD,o_min,xgb_tree_d1,m071529_o_min_ord27_rk00015,27,0.181032686833505,2.9341001148030923,9,Democracy
FTD->AD,o_min,xgb_tree_d1,m058524_o_min_ord14_rk00010,14,0.1809992806103936,2.8423709931771084,8,Temperature
FTD->AD,o_min,xgb_tree_d1,m063523_o_min_ord19_rk00009,19,0.1807157694436438,2.6292492238560348,7,Temperature
FTD->AD,o_min,xgb_tree_d1,m059519_o_min_ord15_rk00005,15,0.1806083476587646,2.8225797618424915,8,Temperature
FTD->AD,o_min,xgb_tree_d1,m056521_o_min_ord12_rk00007,12,0.1803436418722852,2.8553885422075336,8,Precipitation/droughts
FTD->AD,o_min,xgb_tree_d1,m057530_o_min_ord13_rk00016,13,0.1802923735014946,2.7192945256669794,7,Temperature
FTD->AD,o_min,xgb_tree_d1,m072534_o_min_ord28_rk00020,28,0.1800637989706469,2.937193208607594,10,Democracy
FTD->AD,o_min,xgb_tree_d1,m054533_o_min_ord10_rk00019,10,0.1799278678690687,2.4464393446710155,6,Temperature
FTD->AD,o_min,xgb_tree_d1,m066534_o_min_ord22_rk00020,22,0.1797843119687879,2.737872392231515,8,Democracy
FTD->AD,o_min,xgb_tree_d1,m069531_o_min_ord25_rk00017,25,0.1796618161463603,2.8888840705376357,9,Democracy
FTD->AD,o_min,xgb_tree_d1,m064515_o_min_ord20_rk00001,20,0.179659601187333,2.6841837197791887,7,Temperature
FTD->AD,o_min,xgb_tree_d1,m059531_o_min_ord15_rk00017,15,0.179454542026916,2.8225797618424915,8,Temperature
FTD->AD,o_min,xgb_tree_d1,m053525_o_min_ord9_rk00011,9,0.1792504741093913,2.725480556997868,7,Air Pollution
FTD->AD,o_min,xgb_tree_d1,m064528_o_min_ord20_rk00014,20,0.1792177625363674,2.7709505944546686,8,Democracy
FTD->AD,o_min,xgb_tree_d1,m057521_o_min_ord13_rk00007,13,0.1790247846448458,2.6612262562697895,7,Temperature
FTD->AD,o_min,xgb_tree_d1,m055534_o_min_ord11_rk00020,11,0.1789503142625744,2.2998963911678914,6,Temperature
FTD->AD,o_min,xgb_tree_d1,m071515_o_min_ord27_rk00001,27,0.1788383895388381,2.815460540067162,9,Democracy
FTD->AD,o_min,xgb_tree_d1,m057523_o_min_ord13_rk00009,13,0.1787156909019613,2.873140679513133,8,Precipitation/droughts
FTD->AD,o_min,xgb_tree_d1,m065534_o_min_ord21_rk00020,21,0.1785667729090468,2.7606668272315975,8,Democracy
FTD->AD,o_min,xgb_tree_d1,m058517_o_min_ord14_rk00003,14,0.1781776900462637,2.8423709931771084,8,Temperature
FTD->AD,o_min,xgb_tree_d1,m060530_o_min_ord16_rk00016,16,0.1781298284364756,2.686278124459133,7,Air Pollution
FTD->AD,o_min,xgb_tree_d1,m072526_o_min_ord28_rk00012,28,0.1779250634752415,2.865764637179023,9,Democracy
FTD->AD,o_min,xgb_tree_d1,m059517_o_min_ord15_rk00003,15,0.1778083170222005,2.8225797618424915,8,Temperature
FTD->AD,o_min,xgb_tree_d1,m053533_o_min_ord9_rk00019,9,0.177599903008003,2.1971597234241496,5,Socioeconomic
FTD->AD,o_min,xgb_tree_d1,m058516_o_min_ord14_rk00002,14,0.1771887453945196,2.8423709931771084,8,Temperature
FTD->AD,o_min,xgb_tree_d1,m058525_o_min_ord14_rk00011,14,0.1771325322310442,2.8423709931771084,8,Temperature
FTD->AD,o_min,xgb_tree_d1,m058533_o_min_ord14_rk00019,14,0.1771221948247328,2.610577243331642,7,Temperature
FTD->AD,o_min,xgb_tree_d1,m060517_o_min_ord16_rk00003,16,0.1769004669675344,2.452819531114783,6,Temperature
FTD->AD,o_min,xgb_tree_d1,m067522_o_min_ord23_rk00008,23,0.176640617918635,2.9140163035068443,9,Democracy
FTD->AD,o_min,xgb_tree_d1,m059520_o_min_ord15_rk00006,15,0.1766219163192856,2.8225797618424915,8,Temperature
FTD->AD,o_min,xgb_tree_d1,m069525_o_min_ord25_rk00011,25,0.1765782294605293,2.8676013115120567,9,Democracy
FTD->AD,o_min,xgb_tree_d1,m059515_o_min_ord15_rk00001,15,0.1765438139053494,2.872905595320056,8,Temperature
FTD->AD,o_min,xgb_tree_d1,m060528_o_min_ord16_rk00014,16,0.175947057020768,2.8584585933443494,8,Temperature
FTD->AD,o_min,xgb_tree_d1,m055524_o_min_ord11_rk00010,11,0.1758493731981388,2.413088436425758,6,Temperature
FTD->AD,o_min,xgb_tree_d1,m053516_o_min_ord9_rk00002,9,0.175535278241297,2.725480556997868,7,Precipitation/droughts
FTD->AD,o_min,xgb_tree_d1,m064534_o_min_ord20_rk00020,20,0.174962075682455,2.6841837197791887,7,Temperature
FTD->AD,o_min,xgb_tree_d1,m070532_o_min_ord26_rk00018,26,0.1748333771864572,2.8536700092563416,9,Democracy
FTD->AD,o_min,xgb_tree_d1,m065530_o_min_ord21_rk00016,21,0.1748259362155027,2.851149423893032,8,Democracy
FTD->AD,o_min,xgb_tree_d1,m053523_o_min_ord9_rk00009,9,0.174331916031069,2.2810361125534238,5,Temperature
FTD->AD,o_min,xgb_tree_d1,m058519_o_min_ord14_rk00005,14,0.174321724166113,2.8423709931771084,8,Temperature
FTD->AD,o_min,xgb_tree_d1,m072516_o_min_ord28_rk00002,28,0.1742373601964438,2.865764637179023,9,Democracy
FTD->AD,o_min,xgb_tree_d1,m057519_o_min_ord13_rk00005,13,0.1741882179191172,2.6612262562697895,7,Temperature
FTD->AD,o_min,xgb_tree_d1,m057528_o_min_ord13_rk00014,13,0.1741673613708579,2.6612262562697895,7,Temperature
FTD->AD,o_min,xgb_tree_d1,m059522_o_min_ord15_rk00008,15,0.1741329928177393,2.4729055953200563,6,Democracy
FTD->AD,o_min,xgb_tree_d1,m056526_o_min_ord12_rk00012,12,0.173882352943535,2.8553885422075336,8,Precipitation/droughts
FTD->AD,o_min,xgb_tree_d1,m073526_o_min_ord29_rk00012,29,0.1737830511135473,2.8566327186686844,9,Democracy
FTD->AD,o_min,xgb_tree_d1,m064531_o_min_ord20_rk00017,20,0.1736824048711283,2.865957320949175,8,Democracy
FTD->AD,o_min,xgb_tree_d1,m069517_o_min_ord25_rk00003,25,0.1736738090821402,2.8530201924480454,9,Democracy
FTD->AD,o_min,xgb_tree_d1,m066527_o_min_ord22_rk00013,22,0.1736506423337755,2.9019469592513696,9,Democracy
FTD->AD,o_min,xgb_tree_d1,m055531_o_min_ord11_rk00017,11,0.173630005420189,2.663532754804255,7,Precipitation/droughts
FTD->AD,o_min,xgb_tree_d1,m053517_o_min_ord9_rk00003,9,0.1734956926588891,2.1971597234241496,5,Socioeconomic
FTD->AD,o_min,xgb_tree_d1,m065529_o_min_ord21_rk00015,21,0.173025835181531,2.9463875191311275,9,Temperature
FTD->AD,o_min,xgb_tree_d1,m062519_o_min_ord18_rk00005,18,0.1726266790008752,2.683542362433231,7,Temperature
FTD->AD,o_min,xgb_tree_d1,m061533_o_min_ord17_rk00019,17,0.1724630753790912,2.9109922530150456,9,Temperature
FTD->AD,o_min,xgb_tree_d1,m065525_o_min_ord21_rk00011,21,0.1717235769268785,2.7606668272315975,8,Democracy
FTD->AD,o_min,xgb_tree_d1,m065519_o_min_ord21_rk00005,21,0.171641204951114,2.7199643047423914,8,Democracy
FTD->AD,o_min,xgb_tree_d1,m072528_o_min_ord28_rk00014,28,0.1716316272631614,2.8962915290459277,9,Democracy
FTD->AD,o_min,xgb_tree_d1,m058526_o_min_ord14_rk00012,14,0.1715001605205273,2.5027361715940035,6,Air Pollution
FTD->AD,o_min,xgb_tree_d1,m072531_o_min_ord28_rk00017,28,0.1713810559264156,2.7754316010011366,9,Democracy
FTD->AD,o_min,xgb_tree_d1,m057534_o_min_ord13_rk00020,13,0.1707569302037955,2.4116022179746714,6,Temperature
FTD->AD,o_min,xgb_tree_d1,m071530_o_min_ord27_rk00016,27,0.17055395865171,2.976516671385561,10,Democracy
FTD->AD,o_min,xgb_tree_d1,m058527_o_min_ord14_rk00013,14,0.17040727425052,2.5027361715940035,6,Air Pollution
FTD->AD,o_min,xgb_tree_d1,m065517_o_min_ord21_rk00003,21,0.1703218359572582,2.7373227798185953,7,Temperature
FTD->AD,o_min,xgb_tree_d1,m062530_o_min_ord18_rk00016,18,0.170188339573455,2.6688388898504303,8,Democracy
FTD->AD,o_min,xgb_tree_d1,m067527_o_min_ord23_rk00013,23,0.1700259444396962,2.7837353286220776,9,Democracy
FTD->AD,o_min,xgb_tree_d1,m053531_o_min_ord9_rk00017,9,0.1697512470122479,2.197159723424149,5,Air Pollution
FTD->AD,o_min,xgb_tree_d1,m056517_o_min_ord12_rk00003,12,0.1695167930120786,2.688721875540867,7,Temperature
FTD->AD,o_min,xgb_tree_d1,m049530_o_min_ord5_rk00016,5,0.169504633642609,1.5219280948873621,3,Air Pollution
FTD->AD,o_min,xgb_tree_d1,m069515_o_min_ord25_rk00001,25,0.1694398450789106,2.8676013115120567,9,Democracy
FTD->AD,o_min,xgb_tree_d1,m069518_o_min_ord25_rk00004,25,0.169239178776372,2.8676013115120567,9,Democracy
FTD->AD,o_min,xgb_tree_d1,m062533_o_min_ord18_rk00019,18,0.1687582103466987,2.6688388898504303,8,Democracy
FTD->AD,o_min,xgb_tree_d1,m068522_o_min_ord24_rk00008,24,0.16845575998298,2.8699100232740657,9,Democracy
FTD->AD,o_min,xgb_tree_d1,m061520_o_min_ord17_rk00006,17,0.168411710063405,2.939829017466402,9,Democracy
FTD->AD,o_min,xgb_tree_d1,m071519_o_min_ord27_rk00005,27,0.1681381468980506,2.815460540067162,9,Democracy
FTD->AD,o_min,xgb_tree_d1,m058531_o_min_ord14_rk00017,14,0.1680993871652514,2.6455933144511468,7,Temperature
FTD->AD,o_min,xgb_tree_d1,m051521_o_min_ord7_rk00007,7,0.168098242651749,2.2359263506290326,5,Precipitation/droughts
FTD->AD,o_min,xgb_tree_d1,m058523_o_min_ord14_rk00009,14,0.1680437096037883,2.2359263506290326,5,Temperature
FTD->AD,o_min,xgb_tree_d1,m060529_o_min_ord16_rk00015,16,0.1679733762509475,2.5550365325772653,7,Democracy
FTD->AD,o_min,xgb_tree_d1,m053519_o_min_ord9_rk00005,9,0.1678884576013602,2.2810361125534238,5,Air Pollution
FTD->AD,o_min,xgb_tree_d1,m067529_o_min_ord23_rk00015,23,0.1678360764736071,2.6967788068829472,8,Democracy
FTD->AD,o_min,xgb_tree_d1,m064525_o_min_ord20_rk00011,20,0.1678355395495563,2.6037016960573482,7,Democracy
FTD->AD,o_min,xgb_tree_d1,m054524_o_min_ord10_rk00010,10,0.1678267091714562,2.2464393446710154,5,Temperature
FTD->AD,o_min,xgb_tree_d1,m068515_o_min_ord24_rk00001,24,0.1675639754826224,2.8699100232740657,9,Democracy
FTD->AD,o_min,xgb_tree_d1,m069522_o_min_ord25_rk00008,25,0.1674337617218443,2.8676013115120567,9,Democracy
FTD->AD,o_min,xgb_tree_d1,m064532_o_min_ord20_rk00018,20,0.1673810324488475,2.9414460711655215,9,Democracy
FTD->AD,o_min,xgb_tree_d1,m062522_o_min_ord18_rk00008,18,0.167238577772347,2.905764584655453,8,Democracy
FTD->AD,o_min,xgb_tree_d1,m055530_o_min_ord11_rk00016,11,0.167190544951339,2.481714572986073,6,Temperature
FTD->AD,o_min,xgb_tree_d1,m049520_o_min_ord5_rk00006,5,0.1671428226016623,1.9219280948873623,4,Air Pollution
FTD->AD,o_min,xgb_tree_d1,m074518_o_min_ord30_rk00004,30,0.1668474005298659,2.7874302980927217,9,Democracy
FTD->AD,o_min,xgb_tree_d1,m065515_o_min_ord21_rk00001,21,0.1666966249055678,2.9463875191311275,9,Democracy
FTD->AD,o_min,xgb_tree_d1,m054530_o_min_ord10_rk00016,10,0.1666360429505953,2.4464393446710155,6,Temperature
FTD->AD,o_min,xgb_tree_d1,m060534_o_min_ord16_rk00020,16,0.166597704337685,2.4834585933443494,7,Democracy
FTD->AD,o_min,xgb_tree_d1,m053534_o_min_ord9_rk00020,9,0.16635074909674,2.197159723424149,5,Air Pollution
FTD->AD,o_min,xgb_tree_d1,m065523_o_min_ord21_rk00009,21,0.1663219227236303,2.6606732334168424,7,Democracy
FTD->AD,o_min,xgb_tree_d1,m068518_o_min_ord24_rk00004,24,0.1660782940258125,2.8699100232740657,9,Democracy
FTD->AD,o_min,xgb_tree_d1,m073520_o_min_ord29_rk00006,29,0.1660619548413184,2.7447322877088034,8,Democracy
FTD->AD,o_min,xgb_tree_d1,m072525_o_min_ord28_rk00011,28,0.1660034736162938,2.7754316010011366,9,Democracy
FTD->AD,o_min,xgb_tree_d1,m065520_o_min_ord21_rk00006,21,0.1659620365331491,2.9463875191311275,9,Democracy
FTD->AD,o_min,xgb_tree_d1,m073530_o_min_ord29_rk00016,29,0.1653709811669391,2.8566327186686844,9,Democracy
FTD->AD,o_min,xgb_tree_d1,m063526_o_min_ord19_rk00012,19,0.1653332478943503,2.694781460584273,7,Precipitation/droughts
FTD->AD,o_min,xgb_tree_d1,m051517_o_min_ord7_rk00003,7,0.1652329378768993,2.2359263506290326,5,Precipitation/droughts
FTD->AD,o_min,xgb_tree_d1,m062532_o_min_ord18_rk00018,18,0.1651495609363554,2.858278308418045,9,Democracy
FTD->AD,o_min,xgb_tree_d1,m074519_o_min_ord30_rk00005,30,0.1651281359425987,2.8640835117703762,9,Democracy
FTD->AD,o_min,xgb_tree_d1,m070527_o_min_ord26_rk00013,26,0.1650816034196486,2.8536700092563416,9,Democracy
FTD->AD,o_min,xgb_tree_d1,m056523_o_min_ord12_rk00009,12,0.1649234416281378,2.688721875540867,7,Temperature
FTD->AD,o_min,xgb_tree_d1,m066517_o_min_ord22_rk00003,22,0.164912058349275,2.9540036423298544,9,Democracy
FTD->AD,o_min,xgb_tree_d1,m062529_o_min_ord18_rk00015,18,0.1646174522016142,2.858278308418045,9,Democracy
FTD->AD,o_min,xgb_tree_d1,m071517_o_min_ord27_rk00003,27,0.1645931042797144,2.815460540067162,9,Democracy
FTD->AD,o_min,xgb_tree_d1,m074527_o_min_ord30_rk00013,30,0.1645124761585445,2.7874302980927217,9,Democracy
FTD->AD,o_min,xgb_tree_d1,m065531_o_min_ord21_rk00017,21,0.164422153535757,2.9463875191311275,9,Democracy
FTD->AD,o_min,xgb_tree_d1,m055528_o_min_ord11_rk00014,11,0.1642074259728441,2.663532754804255,7,Temperature
FTD->AD,o_min,xgb_tree_d1,m070523_o_min_ord26_rk00009,26,0.1641362054776012,2.8252517372886508,9,Democracy
FTD->AD,o_min,xgb_tree_d1,m060526_o_min_ord16_rk00012,16,0.1641245148272806,2.7806390622295662,8,Temperature
FTD->AD,o_min,xgb_tree_d1,m057532_o_min_ord13_rk00018,13,0.1640956069997351,2.7773627950641693,8,Temperature
FTD->AD,o_min,xgb_tree_d1,m060523_o_min_ord16_rk00009,16,0.16406977259437,2.7806390622295662,8,Democracy
FTD->AD,o_min,xgb_tree_d1,m059521_o_min_ord15_rk00007,15,0.1639385125367426,2.689246428509158,7,Air Pollution
FTD->AD,o_min,xgb_tree_d1,m067515_o_min_ord23_rk00001,23,0.1638795156357985,2.9140163035068443,9,Democracy
FTD->AD,o_min,xgb_tree_d1,m070519_o_min_ord26_rk00005,26,0.1637434530997915,2.8536700092563416,9,Democracy
FTD->AD,o_min,xgb_tree_d1,m068525_o_min_ord24_rk00011,24,0.1636540117237198,2.892079563925711,9,Democracy
FTD->AD,o_min,xgb_tree_d1,m070520_o_min_ord26_rk00006,26,0.1636475162684191,2.8252517372886508,9,Democracy
FTD->AD,o_min,xgb_tree_d1,m053526_o_min_ord9_rk00012,9,0.1635425294675307,2.197159723424149,5,Temperature
FTD->AD,o_min,xgb_tree_d1,m067518_o_min_ord23_rk00004,23,0.16346366536357,2.9140163035068443,9,Democracy
FTD->AD,o_min,xgb_tree_d1,m047528_o_min_ord3_rk00014,3,0.1633680669674853,0.9182958340544896,2,Air Pollution
FTD->AD,o_min,xgb_tree_d1,m064521_o_min_ord20_rk00007,20,0.1633619508303957,2.739353872167201,9,Democracy
FTD->AD,o_min,xgb_tree_d1,m055518_o_min_ord11_rk00004,11,0.1632521295702933,2.663532754804255,7,Temperature
FTD->AD,o_min,xgb_tree_d1,m050526_o_min_ord6_rk00012,6,0.1632237418446303,1.9182958340544896,4,Precipitation/droughts
FTD->AD,o_min,xgb_tree_d1,m071518_o_min_ord27_rk00004,27,0.1630765340555253,2.815460540067162,9,Democracy
FTD->AD,o_min,xgb_tree_d1,m060533_o_min_ord16_rk00019,16,0.1626823280443222,2.8584585933443494,8,Temperature
FTD->AD,o_min,xgb_tree_d1,m072518_o_min_ord28_rk00004,28,0.162654137293955,2.865764637179023,9,Democracy
FTD->AD,o_min,xgb_tree_d1,m070521_o_min_ord26_rk00007,26,0.1625050324213427,2.8252517372886508,9,Democracy
FTD->AD,o_min,xgb_tree_d1,m060524_o_min_ord16_rk00010,16,0.1622967669636273,2.6556390622295662,7,Temperature
FTD->AD,o_min,xgb_tree_d1,m069521_o_min_ord25_rk00007,25,0.162081098547807,2.8888840705376357,9,Democracy
FTD->AD,o_min,xgb_tree_d1,m061516_o_min_ord17_rk00002,17,0.161998417836218,2.498077546623641,7,Democracy
FTD->AD,o_min,xgb_tree_d1,m053530_o_min_ord9_rk00016,9,0.1616195325500987,2.197159723424149,5,Democracy
FTD->AD,o_min,xgb_tree_d1,m070526_o_min_ord26_rk00012,26,0.1615918484233012,2.8536700092563416,9,Democracy
FTD->AD,o_min,xgb_tree_d1,m057516_o_min_ord13_rk00002,13,0.1615831484545897,2.6235166412180155,7,Temperature
FTD->AD,o_min,xgb_tree_d1,m061521_o_min_ord17_rk00007,17,0.1613420740587817,2.41896119556797,6,Democracy
FTD->AD,o_min,xgb_tree_d1,m059525_o_min_ord15_rk00011,15,0.161266889833326,2.5492553971685,7,Democracy
FTD->AD,o_min,xgb_tree_d1,m058529_o_min_ord14_rk00015,14,0.1612362173032452,2.610577243331642,7,Temperature
FTD->AD,o_min,xgb_tree_d1,m055515_o_min_ord11_rk00001,11,0.1611190710148639,2.7321588913645702,7,Air Pollution
FTD->AD,o_min,xgb_tree_d1,m063530_o_min_ord19_rk00016,19,0.1608977747132772,2.9000516989995426,9,Democracy
FTD->AD,o_min,xgb_tree_d1,m066516_o_min_ord22_rk00002,22,0.1608852298750195,2.9019469592513696,9,Democracy
FTD->AD,o_min,xgb_tree_d1,m054523_o_min_ord10_rk00009,10,0.1604170154145642,2.4464393446710155,6,Temperature
FTD->AD,o_min,xgb_tree_d1,m053524_o_min_ord9_rk00010,9,0.1604088505392904,2.197159723424149,5,Socioeconomic
FTD->AD,o_min,xgb_tree_d1,m062515_o_min_ord18_rk00001,18,0.1601914228988168,2.858278308418045,9,Democracy
FTD->AD,o_min,xgb_tree_d1,m058522_o_min_ord14_rk00008,14,0.1601552028992358,2.6455933144511468,7,Temperature
FTD->AD,o_min,xgb_tree_d1,m070518_o_min_ord26_rk00004,26,0.1601395935523898,2.811231430496332,9,Democracy
FTD->AD,o_min,xgb_tree_d1,m071524_o_min_ord27_rk00010,27,0.1600197327973196,2.815460540067162,9,Democracy
FTD->AD,o_min,xgb_tree_d1,m065527_o_min_ord21_rk00013,21,0.1598826724306431,2.6606732334168424,7,Democracy
FTD->AD,o_min,xgb_tree_d1,m063525_o_min_ord19_rk00011,19,0.1596120765543429,2.694781460584273,8,Democracy
FTD->AD,o_min,xgb_tree_d1,m072529_o_min_ord28_rk00015,28,0.1595821719469983,2.865764637179023,9,Democracy
FTD->AD,o_min,xgb_tree_d1,m074532_o_min_ord30_rk00018,30,0.1595672800064328,2.9437621626224817,10,Democracy
FTD->AD,o_min,xgb_tree_d1,m068533_o_min_ord24_rk00019,24,0.1595304593362211,2.8699100232740657,9,Democracy
FTD->AD,o_min,xgb_tree_d1,m073532_o_min_ord29_rk00018,29,0.1594764397407928,2.8271584782454653,9,Democracy
FTD->AD,o_min,xgb_tree_d1,m074522_o_min_ord30_rk00008,30,0.1594088724661675,2.9437621626224817,10,Democracy
FTD->AD,o_min,xgb_tree_d1,m063529_o_min_ord19_rk00015,19,0.1592771102134604,2.4370658315190226,7,Democracy
FTD->AD,o_min,xgb_tree_d1,m048531_o_min_ord4_rk00017,4,0.159260181296938,1.5,3,Air Pollution
FTD->AD,o_min,xgb_tree_d1,m063534_o_min_ord19_rk00020,19,0.1591334904219516,2.984769618706743,9,Temperature
FTD->AD,o_min,xgb_tree_d1,m057533_o_min_ord13_rk00019,13,0.1589662553852547,2.6612262562697895,7,Temperature
FTD->AD,o_min,xgb_tree_d1,m068528_o_min_ord24_rk00014,24,0.1589189461671674,2.907268229617389,9,Democracy
FTD->AD,o_min,xgb_tree_d1,m070516_o_min_ord26_rk00002,26,0.1587519627206554,2.8536700092563416,9,Democracy
FTD->AD,o_min,xgb_tree_d1,m064522_o_min_ord20_rk00008,20,0.1586193430420499,2.865957320949175,8,Democracy
FTD->AD,o_min,xgb_tree_d1,m061524_o_min_ord17_rk00010,17,0.1585828763309386,2.498077546623641,7,Democracy
FTD->AD,o_min,xgb_tree_d1,m070530_o_min_ord26_rk00016,26,0.158459391024504,2.8536700092563416,9,Democracy
FTD->AD,o_min,xgb_tree_d1,m071516_o_min_ord27_rk00002,27,0.1584486196744632,2.815460540067162,9,Democracy
FTD->AD,o_min,xgb_tree_d1,m069523_o_min_ord25_rk00009,25,0.1583451604252521,2.8676013115120567,9,Democracy
FTD->AD,o_min,xgb_tree_d1,m065516_o_min_ord21_rk00002,21,0.158280799137488,2.915195993795242,9,Democracy
FTD->AD,o_min,xgb_tree_d1,m069519_o_min_ord25_rk00005,25,0.1582691774388359,2.823465189601647,9,Democracy
FTD->AD,o_min,xgb_tree_d1,m062531_o_min_ord18_rk00017,18,0.1581995982728626,2.9057645846554525,9,Temperature
FTD->AD,o_min,xgb_tree_d1,m054517_o_min_ord10_rk00003,10,0.1579552865710592,2.170950594454669,5,Air Pollution
FTD->AD,o_min,xgb_tree_d1,m070528_o_min_ord26_rk00014,26,0.1576073479789103,2.8252517372886508,9,Democracy
FTD->AD,o_min,xgb_tree_d1,m069529_o_min_ord25_rk00015,25,0.1575897801206982,2.8888840705376357,9,Democracy
FTD->AD,o_min,xgb_tree_d1,m059529_o_min_ord15_rk00015,15,0.1575626578594543,2.656564762130954,7,Temperature
FTD->AD,o_min,xgb_tree_d1,m071533_o_min_ord27_rk00019,27,0.1575401696365849,2.815460540067162,9,Democracy
FTD->AD,o_min,xgb_tree_d1,m060520_o_min_ord16_rk00006,16,0.1574782783875166,2.8584585933443494,8,Temperature
FTD->AD,o_min,xgb_tree_d1,m061529_o_min_ord17_rk00015,17,0.1574742632842781,2.380430487800112,6,Democracy
FTD->AD,o_min,xgb_tree_d1,m074531_o_min_ord30_rk00017,30,0.1574024901657079,2.9437621626224817,10,Democracy
FTD->AD,o_min,xgb_tree_d1,m057524_o_min_ord13_rk00010,13,0.1572150717016707,2.2577560641285177,5,Temperature
FTD->AD,o_min,xgb_tree_d1,m070522_o_min_ord26_rk00008,26,0.1569514175093381,2.8536700092563416,9,Democracy
FTD->AD,o_min,xgb_tree_d1,m073533_o_min_ord29_rk00019,29,0.1569175598376438,2.8271584782454653,9,Democracy
FTD->AD,o_min,xgb_tree_d1,m063518_o_min_ord19_rk00004,19,0.1568167770440663,2.9053077763737467,8,Democracy
FTD->AD,o_min,xgb_tree_d1,m073525_o_min_ord29_rk00011,29,0.1566048001132949,2.900915908846073,9,Democracy
FTD->AD,o_min,xgb_tree_d1,m056518_o_min_ord12_rk00004,12,0.1566027426606616,2.584962500721156,7,Temperature
FTD->AD,o_min,xgb_tree_d1,m067521_o_min_ord23_rk00007,23,0.156135943417229,2.8927021732601896,9,Democracy
FTD->AD,o_min,xgb_tree_d1,m052524_o_min_ord8_rk00010,8,0.1560450933060232,1.561278124459133,3,Precipitation/droughts
FTD->AD,o_min,xgb_tree_d1,m047525_o_min_ord3_rk00011,3,0.1557000288593422,0.9182958340544896,2,Temperature
FTD->AD,o_min,xgb_tree_d1,m052516_o_min_ord8_rk00002,8,0.1556324530242359,2.25,5,Temperature
FTD->AD,o_min,xgb_tree_d1,m056533_o_min_ord12_rk00019,12,0.1555245602634646,2.292481250360578,5,Temperature
FTD->AD,o_min,xgb_tree_d1,m055523_o_min_ord11_rk00009,11,0.1552697544301992,2.299896391167891,5,Temperature
FTD->AD,o_min,xgb_tree_d1,m069520_o_min_ord25_rk00006,25,0.1551564585738923,2.8676013115120567,9,Democracy
FTD->AD,o_min,xgb_tree_d1,m048526_o_min_ord4_rk00012,4,0.1551209206518993,1.5,3,Air Pollution
FTD->AD,o_min,xgb_tree_d1,m067531_o_min_ord23_rk00017,23,0.1549929602248635,2.8208985013296144,9,Democracy
FTD->AD,o_min,xgb_tree_d1,m068530_o_min_ord24_rk00016,24,0.1549601143756271,2.8699100232740657,9,Democracy
FTD->AD,o_min,xgb_tree_d1,m063517_o_min_ord19_rk00003,19,0.1549308654979873,2.8000446184790095,9,Democracy
FTD->AD,o_min,xgb_tree_d1,m063531_o_min_ord19_rk00017,19,0.15486414230395,2.5820599105802575,8,Democracy
FTD->AD,o_min,xgb_tree_d1,m074517_o_min_ord30_rk00003,30,0.1545273647306163,2.8640835117703762,9,Democracy
FTD->AD,o_min,xgb_tree_d1,m059534_o_min_ord15_rk00020,15,0.1543978819209517,2.689246428509158,7,Air Pollution
FTD->AD,o_min,xgb_tree_d1,m057527_o_min_ord13_rk00013,13,0.154006222823023,2.6031579868726,7,Temperature
FTD->AD,o_min,xgb_tree_d1,m066519_o_min_ord22_rk00005,22,0.1540013190681792,2.9151512344992474,9,Temperature
FTD->AD,o_min,xgb_tree_d1,m056515_o_min_ord12_rk00001,12,0.1537247373563492,2.688721875540867,7,Temperature
FTD->AD,o_min,xgb_tree_d1,m066533_o_min_ord22_rk00019,22,0.1535551401448346,2.8045965297024473,9,Democracy
FTD->AD,o_min,xgb_tree_d1,m056520_o_min_ord12_rk00006,12,0.1534764670431508,2.6258145836939115,7,Temperature
FTD->AD,o_min,xgb_tree_d1,m066528_o_min_ord22_rk00014,22,0.1533820799357843,2.6405219626825924,8,Democracy
FTD->AD,o_min,xgb_tree_d1,m050523_o_min_ord6_rk00009,6,0.1531739881753359,1.9182958340544896,4,Precipitation/droughts
FTD->AD,o_min,xgb_tree_d1,m055517_o_min_ord11_rk00003,11,0.1530149506394611,2.663532754804255,7,Temperature
FTD->AD,o_min,xgb_tree_d1,m049519_o_min_ord5_rk00005,5,0.1529568268530452,1.5219280948873621,3,Air Pollution
FTD->AD,o_min,xgb_tree_d1,m066522_o_min_ord22_rk00008,22,0.1529368553742448,2.9019469592513696,9,Democracy
FTD->AD,o_min,xgb_tree_d1,m070515_o_min_ord26_rk00001,26,0.1528265038470246,2.8536700092563416,9,Democracy
FTD->AD,o_min,xgb_tree_d1,m074533_o_min_ord30_rk00019,30,0.1525457768061385,2.7874302980927217,9,Democracy
FTD->AD,o_min,xgb_tree_d1,m060522_o_min_ord16_rk00008,16,0.1524694096708451,2.6556390622295662,7,Temperature
FTD->AD,o_min,xgb_tree_d1,m068520_o_min_ord24_rk00006,24,0.1523870419152196,2.8699100232740657,9,Democracy
FTD->AD,o_min,xgb_tree_d1,m066523_o_min_ord22_rk00009,22,0.1523382268862234,2.8045965297024473,9,Democracy
FTD->AD,o_min,xgb_tree_d1,m071525_o_min_ord27_rk00011,27,0.1523203042785136,2.815460540067162,9,Democracy
FTD->AD,o_min,xgb_tree_d1,m065521_o_min_ord21_rk00007,21,0.1521196866303589,2.851149423893032,8,Democracy
FTD->AD,o_min,xgb_tree_d1,m073524_o_min_ord29_rk00010,29,0.1517612355883025,2.983342099382735,10,Democracy
FTD->AD,o_min,xgb_tree_d1,m056534_o_min_ord12_rk00020,12,0.1517047742585057,2.8553885422075336,8,Temperature
FTD->AD,o_min,xgb_tree_d1,m053515_o_min_ord9_rk00001,9,0.151688684962547,2.197159723424149,5,Socioeconomic
FTD->AD,o_min,xgb_tree_d1,m063524_o_min_ord19_rk00010,19,0.1516832010725634,2.694781460584273,7,Temperature
FTD->AD,o_min,xgb_tree_d1,m068516_o_min_ord24_rk00002,24,0.1515653776252848,2.907268229617389,9,Democracy
FTD->AD,o_min,xgb_tree_d1,m074516_o_min_ord30_rk00002,30,0.1515095478270822,2.7874302980927217,9,Democracy
FTD->AD,o_min,xgb_tree_d1,m056531_o_min_ord12_rk00017,12,0.1514977351316826,2.4591479170272446,6,Temperature
FTD->AD,o_min,xgb_tree_d1,m063516_o_min_ord19_rk00002,19,0.1514582287836011,2.8000446184790095,9,Democracy
FTD->AD,o_min,xgb_tree_d1,m072519_o_min_ord28_rk00005,28,0.1513058781218551,2.704003029572565,8,Democracy
FTD->AD,o_min,xgb_tree_d1,m055521_o_min_ord11_rk00007,11,0.1512379840023384,2.299896391167891,5,Temperature
FTD->AD,o_min,xgb_tree_d1,m068531_o_min_ord24_rk00017,24,0.1511236914788479,2.8699100232740657,9,Democracy
FTD->AD,o_min,xgb_tree_d1,m054521_o_min_ord10_rk00007,10,0.1511181889180793,2.4464393446710155,6,Temperature
FTD->AD,o_min,xgb_tree_d1,m048521_o_min_ord4_rk00007,4,0.1510720448491699,1.5,3,Air Pollution
FTD->AD,o_min,xgb_tree_d1,m074526_o_min_ord30_rk00012,30,0.1510686928975927,2.7874302980927217,9,Democracy
FTD->AD,o_min,xgb_tree_d1,m056524_o_min_ord12_rk00010,12,0.1510095319450287,2.6258145836939115,7,Temperature
FTD->AD,o_min,xgb_tree_d1,m060532_o_min_ord16_rk00018,16,0.1507759379534982,2.8584585933443494,8,Temperature
FTD->AD,o_min,xgb_tree_d1,m049529_o_min_ord5_rk00015,5,0.1506148112369806,1.3709505944546687,3,Air Pollution
FTD->AD,o_min,xgb_tree_d1,m057515_o_min_ord13_rk00001,13,0.1505231942318897,2.6612262562697895,7,Temperature
FTD->AD,o_min,xgb_tree_d1,m062518_o_min_ord18_rk00004,18,0.1505062651456902,2.4885548621928453,7,Democracy
FTD->AD,o_min,xgb_tree_d1,m051524_o_min_ord7_rk00010,7,0.150461939840468,1.8423709931771088,4,Air Pollution
FTD->AD,o_min,xgb_tree_d1,m052527_o_min_ord8_rk00013,8,0.1503171589430828,2.25,5,Precipitation/droughts
FTD->AD,o_min,xgb_tree_d1,m052522_o_min_ord8_rk00008,8,0.1501484701332064,2.25,5,Temperature
FTD->AD,o_min,xgb_tree_d1,m054516_o_min_ord10_rk00002,10,0.1500111652351184,2.2464393446710154,5,Socioeconomic
FTD->AD,o_min,xgb_tree_d1,m058518_o_min_ord14_rk00004,14,0.1498036624073679,2.610577243331642,7,Temperature
FTD->AD,o_min,xgb_tree_d1,m066532_o_min_ord22_rk00018,22,0.1498017321526801,2.7155894378827394,7,Democracy
FTD->AD,o_min,xgb_tree_d1,m074525_o_min_ord30_rk00011,30,0.1495542040741222,2.8640835117703762,9,Democracy
FTD->AD,o_min,xgb_tree_d1,m052529_o_min_ord8_rk00015,8,0.1495406027388522,2.1556390622295662,5,Air Pollution
FTD->AD,o_min,xgb_tree_d1,m066524_o_min_ord22_rk00010,22,0.1494569957513518,2.9019469592513696,9,Democracy
FTD->AD,o_min,xgb_tree_d1,m050524_o_min_ord6_rk00010,6,0.1494039265307322,2.2516291673878226,5,Precipitation/droughts
FTD->AD,o_min,xgb_tree_d1,m059530_o_min_ord15_rk00016,15,0.1493165008706451,2.256564762130954,5,Temperature
FTD->AD,o_min,xgb_tree_d1,m054522_o_min_ord10_rk00008,10,0.1492961887566947,2.7219280948873625,7,Temperature
FTD->AD,o_min,xgb_tree_d1,m067520_o_min_ord23_rk00006,23,0.1491235707834427,2.9424955222917832,9,Democracy
FTD->AD,o_min,xgb_tree_d1,m058534_o_min_ord14_rk00020,14,0.149012647964377,2.5027361715940035,6,Air Pollution
FTD->AD,o_min,xgb_tree_d1,m066529_o_min_ord22_rk00015,22,0.1489812585364166,2.9019469592513696,9,Democracy
FTD->AD,o_min,xgb_tree_d1,m055527_o_min_ord11_rk00013,11,0.1489477095024559,2.1180782093497093,5,Temperature
FTD->AD,o_min,xgb_tree_d1,m050534_o_min_ord6_rk00020,6,0.1489442334859778,2.2516291673878226,5,Precipitation/droughts
FTD->AD,o_min,xgb_tree_d1,m063532_o_min_ord19_rk00018,19,0.1488725609660949,2.8000446184790095,9,Democracy
FTD->AD,o_min,xgb_tree_d1,m055516_o_min_ord11_rk00002,11,0.1487965281349652,2.663532754804255,7,Temperature
FTD->AD,o_min,xgb_tree_d1,m050517_o_min_ord6_rk00003,6,0.148793212115615,1.7924812503605778,4,Air Pollution
FTD->AD,o_min,xgb_tree_d1,m056528_o_min_ord12_rk00014,12,0.1487564367821376,2.292481250360578,5,Temperature
FTD->AD,o_min,xgb_tree_d1,m059533_o_min_ord15_rk00019,15,0.1486907118585989,2.8225797618424915,8,Temperature
FTD->AD,o_min,xgb_tree_d1,m071522_o_min_ord27_rk00008,27,0.1484651809812042,2.815460540067162,9,Democracy
FTD->AD,o_min,xgb_tree_d1,m066531_o_min_ord22_rk00017,22,0.1484239575879115,2.9540036423298544,9,Democracy
FTD->AD,o_min,xgb_tree_d1,m074530_o_min_ord30_rk00016,30,0.1482667658579749,2.8770954959558153,9,Democracy
FTD->AD,o_min,xgb_tree_d1,m051534_o_min_ord7_rk00020,7,0.1482472053772349,2.5216406363433186,6,Precipitation/droughts
FTD->AD,o_min,xgb_tree_d1,m069528_o_min_ord25_rk00014,25,0.1482111725121407,2.8676013115120567,9,Democracy
FTD->AD,o_min,xgb_tree_d1,m054531_o_min_ord10_rk00017,10,0.1481616933786739,2.2464393446710154,5,Socioeconomic
FTD->AD,o_min,xgb_tree_d1,m067532_o_min_ord23_rk00018,23,0.1481492319657085,2.766763175336722,9,Democracy
FTD->AD,o_min,xgb_tree_d1,m067530_o_min_ord23_rk00016,23,0.1480910672448533,2.7837353286220776,9,Democracy
FTD->AD,o_min,xgb_tree_d1,m061526_o_min_ord17_rk00012,17,0.1479655591002382,2.7045348998193433,7,Temperature
FTD->AD,o_min,xgb_tree_d1,m060525_o_min_ord16_rk00011,16,0.1476524207633481,2.452819531114783,6,Temperature
FTD->AD,o_min,xgb_tree_d1,m052520_o_min_ord8_rk00006,8,0.1474378851656851,2.25,5,Temperature
FTD->AD,o_min,xgb_tree_d1,m049524_o_min_ord5_rk00010,5,0.1474095282444915,1.9219280948873623,4,Air Pollution
FTD->AD,o_min,xgb_tree_d1,m052530_o_min_ord8_rk00016,8,0.1473692751773182,2.1556390622295662,5,Air Pollution
FTD->AD,o_min,xgb_tree_d1,m050532_o_min_ord6_rk00018,6,0.1471824260070752,1.7924812503605778,4,Air Pollution
FTD->AD,o_min,xgb_tree_d1,m052515_o_min_ord8_rk00001,8,0.1469952220376285,2.25,5,Air Pollution
FTD->AD,o_min,xgb_tree_d1,m074524_o_min_ord30_rk00010,30,0.1469675197098121,2.9437621626224817,10,Democracy
FTD->AD,o_min,xgb_tree_d1,m061523_o_min_ord17_rk00009,17,0.1466913577856849,2.7333716642706998,7,Air Pollution
FTD->AD,o_min,xgb_tree_d1,m067526_o_min_ord23_rk00012,23,0.1465316302739423,2.8440319350530703,9,Democracy
FTD->AD,o_min,xgb_tree_d1,m051515_o_min_ord7_rk00001,7,0.1463744755000765,2.2359263506290326,5,Precipitation/droughts
FTD->AD,o_min,xgb_tree_d1,m061515_o_min_ord17_rk00001,17,0.1463202732167013,2.7333716642706998,7,Air Pollution
FTD->AD,o_min,xgb_tree_d1,m055533_o_min_ord11_rk00019,11,0.1460014947126215,2.299896391167891,5,Temperature
FTD->AD,o_min,xgb_tree_d1,m050528_o_min_ord6_rk00014,6,0.1457016991909143,1.4591479170272448,3,Socioeconomic
FTD->AD,o_min,xgb_tree_d1,m050521_o_min_ord6_rk00007,6,0.1454789154405351,1.9182958340544893,4,Precipitation/droughts
FTD->AD,o_min,xgb_tree_d1,m049526_o_min_ord5_rk00012,5,0.1451558781634672,1.5219280948873621,3,Air Pollution
FTD->AD,o_min,xgb_tree_d1,m064518_o_min_ord20_rk00004,20,0.1450738536115426,2.739353872167201,9,Democracy
FTD->AD,o_min,xgb_tree_d1,m072522_o_min_ord28_rk00008,28,0.1448484057629762,2.780394654123194,8,Democracy
FTD->AD,o_min,xgb_tree_d1,m054515_o_min_ord10_rk00001,10,0.1444749564007439,2.7219280948873625,7,Air Pollution
FTD->AD,o_min,xgb_tree_d1,m072533_o_min_ord28_rk00019,28,0.1444169400415296,2.7754316010011366,9,Democracy
FTD->AD,o_min,xgb_tree_d1,m067516_o_min_ord23_rk00002,23,0.1441412069512035,2.9140163035068443,9,Democracy
FTD->AD,o_min,xgb_tree_d1,m052531_o_min_ord8_rk00017,8,0.1441072133793801,2.1556390622295662,5,Air Pollution
FTD->AD,o_min,xgb_tree_d1,m062525_o_min_ord18_rk00011,18,0.1440889579380055,2.591793226077496,8,Democracy
FTD->AD,o_min,xgb_tree_d1,m073531_o_min_ord29_rk00017,29,0.1438284103552466,2.983342099382735,10,Democracy
FTD->AD,o_min,xgb_tree_d1,m068521_o_min_ord24_rk00007,24,0.1437227571147332,2.907268229617389,9,Democracy
FTD->AD,o_min,xgb_tree_d1,m051531_o_min_ord7_rk00017,7,0.1435622759810062,1.5566567074628228,3,Democracy
FTD->AD,o_min,xgb_tree_d1,m048528_o_min_ord4_rk00014,4,0.1435592414367273,1.5,3,Air Pollution
FTD->AD,o_min,xgb_tree_d1,m074534_o_min_ord30_rk00020,30,0.1435263488350618,2.7874302980927217,9,Democracy
FTD->AD,o_min,xgb_tree_d1,m073517_o_min_ord29_rk00003,29,0.1434541480680933,2.8271584782454653,9,Democracy
FTD->AD,o_min,xgb_tree_d1,m049516_o_min_ord5_rk00002,5,0.1430808971617383,1.5219280948873621,3,Air Pollution
FTD->AD,o_min,xgb_tree_d1,m070533_o_min_ord26_rk00019,26,0.1428894168695972,2.8536700092563416,9,Democracy
FTD->AD,o_min,xgb_tree_d1,m070534_o_min_ord26_rk00020,26,0.1428280233773065,2.8536700092563416,9,Democracy
FTD->AD,o_min,xgb_tree_d1,m062521_o_min_ord18_rk00007,18,0.1423760488912269,2.7107770844150676,7,Precipitation/droughts
FTD->AD,o_min,xgb_tree_d1,m060531_o_min_ord16_rk00017,16,0.1422855471474273,2.625,7,Temperature
FTD->AD,o_min,xgb_tree_d1,m073518_o_min_ord29_rk00004,29,0.1419860645764616,2.8271584782454653,9,Democracy
FTD->AD,o_min,xgb_tree_d1,m068534_o_min_ord24_rk00020,24,0.1418843250208811,2.907268229617389,9,Democracy
FTD->AD,o_min,xgb_tree_d1,m058528_o_min_ord14_rk00014,14,0.1416124227073872,2.699513850319966,7,Air Pollution
FTD->AD,o_min,xgb_tree_d1,m070524_o_min_ord26_rk00010,26,0.1416018971305573,2.8252517372886508,9,Democracy
FTD->AD,o_min,xgb_tree_d1,m049517_o_min_ord5_rk00003,5,0.1414880758220634,1.9219280948873623,4,Air Pollution
FTD->AD,o_min,xgb_tree_d1,m048516_o_min_ord4_rk00002,4,0.1411305220978219,1.5,3,Air Pollution
FTD->AD,o_min,xgb_tree_d1,m048529_o_min_ord4_rk00015,4,0.1409352839526263,1.5,3,Air Pollution
FTD->AD,o_min,xgb_tree_d1,m054528_o_min_ord10_rk00014,10,0.1408785954863383,2.2464393446710154,5,Temperature
FTD->AD,o_min,xgb_tree_d1,m051528_o_min_ord7_rk00014,7,0.1404418027979886,1.8423709931771088,4,Air Pollution
FTD->AD,o_min,xgb_tree_d1,m049521_o_min_ord5_rk00007,5,0.1402327209824019,1.9219280948873623,4,Air Pollution
FTD->AD,o_min,xgb_tree_d1,m065518_o_min_ord21_rk00004,21,0.1401445197790123,2.753918758180346,9,Democracy
FTD->AD,o_min,xgb_tree_d1,m073515_o_min_ord29_rk00001,29,0.1401181341290694,2.8271584782454653,9,Democracy
FTD->AD,o_min,xgb_tree_d1,m068523_o_min_ord24_rk00009,24,0.1392811107941146,2.7509619827626763,9,Democracy
FTD->AD,o_min,xgb_tree_d1,m051520_o_min_ord7_rk00006,7,0.1391603259400491,2.1280852788913944,5,Air Pollution
FTD->AD,o_min,xgb_tree_d1,m052523_o_min_ord8_rk00009,8,0.1388836967930561,2.5,6,Precipitation/droughts
FTD->AD,o_min,xgb_tree_d1,m056532_o_min_ord12_rk00018,12,0.1386687633744081,2.292481250360578,5,Temperature
FTD->AD,o_min,xgb_tree_d1,m051527_o_min_ord7_rk00013,7,0.1382803173065918,1.8423709931771088,4,Air Pollution
FTD->AD,o_min,xgb_tree_d1,m057525_o_min_ord13_rk00011,13,0.1382445019743744,2.7192945256669794,7,Air Pollution
FTD->AD,o_min,xgb_tree_d1,m052528_o_min_ord8_rk00014,8,0.1380528423999404,2.25,5,Precipitation/droughts
FTD->AD,o_min,xgb_tree_d1,m065526_o_min_ord21_rk00012,21,0.1379646522175857,2.7179717342678,8,Democracy
FTD->AD,o_min,xgb_tree_d1,m048523_o_min_ord4_rk00009,4,0.1378940258505567,1.5,3,Air Pollution
FTD->AD,o_min,xgb_tree_d1,m056527_o_min_ord12_rk00013,12,0.1378400368793386,2.688721875540867,7,Air Pollution
FTD->AD,o_min,xgb_tree_d1,m054529_o_min_ord10_rk00015,10,0.1376846805967625,2.4464393446710155,6,Air Pollution
FTD->AD,o_min,xgb_tree_d1,m048533_o_min_ord4_rk00019,4,0.1376382428478276,1.5,3,Air Pollution
FTD->AD,o_min,xgb_tree_d1,m055526_o_min_ord11_rk00012,11,0.1372347620923352,2.481714572986073,6,Air Pollution
FTD->AD,o_min,xgb_tree_d1,m050529_o_min_ord6_rk00015,6,0.1361988952636501,1.9182958340544893,4,Air Pollution
FTD->AD,o_min,xgb_tree_d1,m065524_o_min_ord21_rk00010,21,0.136121811176069,2.6606732334168424,7,Democracy
FTD->AD,o_min,xgb_tree_d1,m068524_o_min_ord24_rk00010,24,0.1355572115113767,2.907268229617389,9,Democracy
FTD->AD,o_min,xgb_tree_d1,m063528_o_min_ord19_rk00014,19,0.135555049747911,2.6100635408770723,7,Democracy
FTD->AD,o_min,xgb_tree_d1,m072524_o_min_ord28_rk00010,28,0.1354689885491652,2.865764637179023,9,Democracy
FTD->AD,o_min,xgb_tree_d1,m064523_o_min_ord20_rk00009,20,0.1351543059294785,2.739353872167201,9,Democracy
FTD->AD,o_min,xgb_tree_d1,m062526_o_min_ord18_rk00012,18,0.1351137471580764,2.4830067805200744,6,Democracy
FTD->AD,o_min,xgb_tree_d1,m050533_o_min_ord6_rk00019,6,0.1348703463124488,1.9182958340544896,4,Precipitation/droughts
FTD->AD,o_min,xgb_tree_d1,m073521_o_min_ord29_rk00007,29,0.1348172535781686,2.8271584782454653,9,Democracy
FTD->AD,o_min,xgb_tree_d1,m047520_o_min_ord3_rk00006,3,0.134611408840949,-0.0,1,Air Pollution
FTD->AD,o_min,xgb_tree_d1,m062528_o_min_ord18_rk00014,18,0.1345525540094554,2.4387439204017474,7,Democracy
FTD->AD,o_min,xgb_tree_d1,m048520_o_min_ord4_rk00006,4,0.1339415280079637,1.5,3,Air Pollution
FTD->AD,o_min,xgb_tree_d1,m050527_o_min_ord6_rk00013,6,0.1335782308331934,1.9182958340544893,4,Air Pollution
FTD->AD,o_min,xgb_tree_d1,m049532_o_min_ord5_rk00018,5,0.1331987988825745,1.5219280948873621,3,Air Pollution
FTD->AD,o_min,xgb_tree_d1,m066518_o_min_ord22_rk00004,22,0.1331422325843472,2.731431053591683,9,Democracy
FTD->AD,o_min,xgb_tree_d1,m048527_o_min_ord4_rk00013,4,0.1331085829361953,2.0,4,Air Pollution
FTD->AD,o_min,xgb_tree_d1,m056522_o_min_ord12_rk00008,12,0.1328790756519061,2.688721875540867,7,Temperature
FTD->AD,o_min,xgb_tree_d1,m048519_o_min_ord4_rk00005,4,0.1328585779146947,1.5,3,Socioeconomic
FTD->AD,o_min,xgb_tree_d1,m049534_o_min_ord5_rk00020,5,0.1328199987276881,1.9219280948873623,4,Precipitation/droughts
FTD->AD,o_min,xgb_tree_d1,m049525_o_min_ord5_rk00011,5,0.13281941379565,1.5219280948873621,3,Air Pollution
FTD->AD,o_min,xgb_tree_d1,m048525_o_min_ord4_rk00011,4,0.1327524567903952,1.5,3,Air Pollution
FTD->AD,o_min,xgb_tree_d1,m060519_o_min_ord16_rk00005,16,0.1321381350383004,2.7334585933443494,7,Air Pollution
FTD->AD,o_min,xgb_tree_d1,m049527_o_min_ord5_rk00013,5,0.1321003305247597,1.9219280948873623,4,Air Pollution
FTD->AD,o_min,xgb_tree_d1,m064519_o_min_ord20_rk00005,20,0.1317847635634934,2.7464393446710154,7,Precipitation/droughts
FTD->AD,o_min,xgb_tree_d1,m049522_o_min_ord5_rk00008,5,0.1317325574270434,1.5219280948873621,3,Air Pollution
FTD->AD,o_min,xgb_tree_d1,m071526_o_min_ord27_rk00012,27,0.1313772599963005,2.815460540067162,9,Democracy
FTD->AD,o_min,xgb_tree_d1,m054526_o_min_ord10_rk00012,10,0.1311519882956406,2.4464393446710155,6,Air Pollution
FTD->AD,o_min,xgb_tree_d1,m047527_o_min_ord3_rk00013,3,0.1308138435029018,0.9182958340544896,2,Democracy
FTD->AD,o_min,xgb_tree_d1,m055525_o_min_ord11_rk00011,11,0.1306286994803288,2.2998963911678914,5,Socioeconomic
FTD->AD,o_min,xgb_tree_d1,m051523_o_min_ord7_rk00009,7,0.130577849233185,1.9502120649147465,4,Precipitation/droughts
FTD->AD,o_min,xgb_tree_d1,m051525_o_min_ord7_rk00011,7,0.1300755757297129,1.950212064914747,4,Air Pollution
FTD->AD,o_min,xgb_tree_d1,m050515_o_min_ord6_rk00001,6,0.1297030711500469,1.4591479170272448,3,Democracy
FTD->AD,o_min,xgb_tree_d1,m049531_o_min_ord5_rk00017,5,0.1293955040654576,1.9219280948873623,4,Precipitation/droughts
FTD->AD,o_min,xgb_tree_d1,m050516_o_min_ord6_rk00002,6,0.1292692928428968,1.9182958340544896,4,Air Pollution
FTD->AD,o_min,xgb_tree_d1,m071523_o_min_ord27_rk00009,27,0.1292505410108976,2.741386465993088,8,Democracy
FTD->AD,o_min,xgb_tree_d1,m050519_o_min_ord6_rk00005,6,0.1291271840723079,1.9182958340544893,4,Air Pollution
FTD->AD,o_min,xgb_tree_d1,m051522_o_min_ord7_rk00008,7,0.1288453120344957,2.2359263506290326,5,Precipitation/droughts
FTD->AD,o_min,xgb_tree_d1,m072521_o_min_ord28_rk00007,28,0.1283796606503081,2.7754316010011366,9,Democracy
FTD->AD,o_min,xgb_tree_d1,m047517_o_min_ord3_rk00003,3,0.1282794696824971,1.584962500721156,3,Air Pollution
FTD->AD,o_min,xgb_tree_d1,m050520_o_min_ord6_rk00006,6,0.1282573147489072,1.9182958340544893,4,Air Pollution
FTD->AD,o_min,xgb_tree_d1,m072530_o_min_ord28_rk00016,28,0.1282375464122624,2.935698780751651,9,Democracy
FTD->AD,o_min,xgb_tree_d1,m051530_o_min_ord7_rk00016,7,0.1281873545940819,1.9502120649147465,4,Air Pollution
FTD->AD,o_min,xgb_tree_d1,m050530_o_min_ord6_rk00016,6,0.1280971989162848,1.9182958340544896,4,Air Pollution
FTD->AD,o_min,xgb_tree_d1,m050525_o_min_ord6_rk00011,6,0.1273926242207831,1.4591479170272448,3,Democracy
FTD->AD,o_min,xgb_tree_d1,m049518_o_min_ord5_rk00004,5,0.1269098824363096,1.5219280948873621,3,Air Pollution
FTD->AD,o_min,xgb_tree_d1,m064526_o_min_ord20_rk00012,20,0.1266565104380773,2.739353872167201,9,Democracy
FTD->AD,o_min,xgb_tree_d1,m048522_o_min_ord4_rk00008,4,0.1262825090377536,1.5,3,Air Pollution
FTD->AD,o_min,xgb_tree_d1,m049528_o_min_ord5_rk00014,5,0.1261292253802713,1.5219280948873621,3,Precipitation/droughts
FTD->AD,o_min,xgb_tree_d1,m060515_o_min_ord16_rk00001,16,0.1256990636623826,2.7334585933443494,7,Air Pollution
FTD->AD,o_min,xgb_tree_d1,m052521_o_min_ord8_rk00007,8,0.1255570853603382,1.9056390622295665,4,Socioeconomic
FTD->AD,o_min,xgb_tree_d1,m050522_o_min_ord6_rk00008,6,0.1254806390329097,1.9182958340544893,4,Air Pollution
FTD->AD,o_min,xgb_tree_d1,m050531_o_min_ord6_rk00017,6,0.1252838918794893,1.584962500721156,3,Air Pollution
FTD->AD,o_min,xgb_tree_d1,m049523_o_min_ord5_rk00009,5,0.1252748912623404,1.5219280948873621,3,Precipitation/droughts
FTD->AD,o_min,xgb_tree_d1,m070525_o_min_ord26_rk00011,26,0.1242036044176465,2.8536700092563416,9,Democracy
FTD->AD,o_min,xgb_tree_d1,m071532_o_min_ord27_rk00018,27,0.1240785466441934,2.861575817764811,9,Democracy
FTD->AD,o_min,xgb_tree_d1,m048518_o_min_ord4_rk00004,4,0.1234771980439681,1.5,3,Air Pollution
FTD->AD,o_min,xgb_tree_d1,m074515_o_min_ord30_rk00001,30,0.123319053753464,2.8640835117703762,9,Democracy
FTD->AD,o_min,xgb_tree_d1,m063519_o_min_ord19_rk00005,19,0.1219484532592025,2.7603136973125117,7,Precipitation/droughts
FTD->AD,o_min,xgb_tree_d1,m074529_o_min_ord30_rk00015,30,0.1218490196748535,2.8640835117703762,9,Democracy
FTD->AD,o_min,xgb_tree_d1,m052526_o_min_ord8_rk00012,8,0.1217814075437934,2.25,5,Precipitation/droughts
FTD->AD,o_min,xgb_tree_d1,m050518_o_min_ord6_rk00004,6,0.1216726525545499,1.9182958340544896,4,Air Pollution
FTD->AD,o_min,xgb_tree_d1,m060521_o_min_ord16_rk00007,16,0.1215502072301584,2.6556390622295662,7,Temperature
FTD->AD,o_min,xgb_tree_d1,m048524_o_min_ord4_rk00010,4,0.1210729922753461,1.5,3,Air Pollution
FTD->AD,o_min,xgb_tree_d1,m047518_o_min_ord3_rk00004,3,0.1205829092995265,0.9182958340544896,2,Democracy
FTD->AD,o_min,xgb_tree_d1,m048517_o_min_ord4_rk00003,4,0.1200295287775137,1.5,3,Air Pollution
FTD->AD,o_min,xgb_tree_d1,m051532_o_min_ord7_rk00018,7,0.1197573594416336,1.8423709931771086,4,Democracy
FTD->AD,o_min,xgb_tree_d1,m048515_o_min_ord4_rk00001,4,0.119717453572588,1.0,2,Air Pollution
FTD->AD,o_min,xgb_tree_d1,m065533_o_min_ord21_rk00019,21,0.119245033630787,2.7199643047423914,7,Democracy
FTD->AD,o_min,xgb_tree_d1,m047524_o_min_ord3_rk00010,3,0.1192050744934911,0.9182958340544896,2,Democracy
FTD->AD,o_min,xgb_tree_d1,m047521_o_min_ord3_rk00007,3,0.1187486177000173,0.9182958340544896,2,Democracy
FTD->AD,o_min,xgb_tree_d1,m048532_o_min_ord4_rk00018,4,0.1182332699926625,1.5,3,Temperature
FTD->AD,o_min,xgb_tree_d1,m062516_o_min_ord18_rk00002,18,0.1181095798244842,2.7107770844150676,7,Precipitation/droughts
FTD->AD,o_min,xgb_tree_d1,m049533_o_min_ord5_rk00019,5,0.1178374255920203,1.5219280948873621,3,Air Pollution
FTD->AD,o_min,xgb_tree_d1,m064533_o_min_ord20_rk00019,20,0.1178193065429632,2.7282129458410016,7,Democracy
FTD->AD,o_min,xgb_tree_d1,m065522_o_min_ord21_rk00008,21,0.1175227858628668,2.7199643047423914,7,Democracy
FTD->AD,o_min,xgb_tree_d1,m065532_o_min_ord21_rk00018,21,0.1167522634718934,2.753918758180346,9,Democracy
FTD->AD,o_min,xgb_tree_d1,m066526_o_min_ord22_rk00012,22,0.1166241950304101,2.7136874387933565,8,Democracy
FTD->AD,o_min,xgb_tree_d1,m052525_o_min_ord8_rk00011,8,0.1153434657607074,1.75,4,Democracy
FTD->AD,o_min,xgb_tree_d1,m052534_o_min_ord8_rk00020,8,0.1147121232471561,2.25,5,Air Pollution
FTD->AD,o_min,xgb_tree_d1,m056529_o_min_ord12_rk00015,12,0.1146526446868783,2.688721875540867,7,Air Pollution
FTD->AD,o_min,xgb_tree_d1,m048534_o_min_ord4_rk00020,4,0.1145057973533916,1.5,3,Air Pollution
FTD->AD,o_min,xgb_tree_d1,m051533_o_min_ord7_rk00019,7,0.1139750739308554,1.8423709931771086,4,Democracy
FTD->AD,o_min,xgb_tree_d1,m059528_o_min_ord15_rk00014,15,0.1123796347863917,2.689246428509158,7,Air Pollution
FTD->AD,o_min,xgb_tree_d1,m059532_o_min_ord15_rk00018,15,0.1123697722385317,2.689246428509158,7,Air Pollution
FTD->AD,o_min,xgb_tree_d1,m047534_o_min_ord3_rk00020,3,0.1122341640074883,1.584962500721156,3,Air Pollution
FTD->AD,o_min,xgb_tree_d1,m052532_o_min_ord8_rk00018,8,0.112020898195257,2.0,4,Air Pollution
FTD->AD,o_min,xgb_tree_d1,m063522_o_min_ord19_rk00008,19,0.1117602803568286,2.7153266987718094,7,Democracy
FTD->AD,o_min,xgb_tree_d1,m072515_o_min_ord28_rk00001,28,0.1113927885785329,2.780394654123194,8,Democracy
FTD->AD,o_min,xgb_tree_d1,m051518_o_min_ord7_rk00004,7,0.1109595575463293,1.9502120649147465,4,Air Pollution
FTD->AD,o_min,xgb_tree_d1,m059518_o_min_ord15_rk00004,15,0.10982344121838,2.739572261986723,7,Air Pollution
FTD->AD,o_min,xgb_tree_d1,m073529_o_min_ord29_rk00015,29,0.1097504604734938,2.900915908846073,9,Democracy
FTD->AD,o_min,xgb_tree_d1,m055519_o_min_ord11_rk00005,11,0.1097052772889753,2.663532754804255,7,Air Pollution
FTD->AD,o_min,xgb_tree_d1,m051526_o_min_ord7_rk00012,7,0.1075085026362893,1.8423709931771086,4,Democracy
FTD->AD,o_min,xgb_tree_d1,m071521_o_min_ord27_rk00007,27,0.1067895138546263,2.8139107630313687,8,Democracy
FTD->AD,o_min,xgb_tree_d1,m062520_o_min_ord18_rk00006,18,0.1054009194769709,2.752715278979705,7,Democracy
FTD->AD,o_min,xgb_tree_d1,m047530_o_min_ord3_rk00016,3,0.1049517384982252,0.9182958340544896,2,Democracy
FTD->AD,o_min,xgb_tree_d1,m073516_o_min_ord29_rk00002,29,0.1048752337954692,2.900915908846073,9,Democracy
FTD->AD,o_min,xgb_tree_d1,m047531_o_min_ord3_rk00017,3,0.1032959300931244,0.9182958340544896,2,Air Pollution
FTD->AD,o_min,xgb_tree_d1,m051519_o_min_ord7_rk00005,7,0.1019048122639522,1.3787834934861753,3,Democracy
FTD->AD,o_max,ols,m003018_o_max_ord6_rk00019,6,0.2053362455552292,-0.0,1,Democracy
FTD->AD,o_max,ols,m003009_o_max_ord6_rk00010,6,0.2050098114653233,-0.0,1,Democracy
FTD->AD,o_max,ols,m004016_o_max_ord7_rk00017,7,0.2049896295985516,-0.0,1,Democracy
FTD->AD,o_max,ols,m003003_o_max_ord6_rk00004,6,0.2017430009238214,-0.0,1,Democracy
FTD->AD,o_max,ols,m002011_o_max_ord5_rk00012,5,0.1999018298828379,-0.0,1,Democracy
FTD->AD,o_max,ols,m004018_o_max_ord7_rk00019,7,0.1992196667113852,-0.0,1,Democracy
FTD->AD,o_max,ols,m004008_o_max_ord7_rk00009,7,0.1941952715791088,-0.0,1,Democracy
FTD->AD,o_max,ols,m002007_o_max_ord5_rk00008,5,0.1930036170666181,-0.0,1,Democracy
FTD->AD,o_max,ols,m005015_o_max_ord8_rk00016,8,0.1928811305466451,-0.0,1,Democracy
FTD->AD,o_max,ols,m001009_o_max_ord4_rk00010,4,0.191348065822392,-0.0,1,Democracy
FTD->AD,o_max,ols,m003016_o_max_ord6_rk00017,6,0.1909138166135076,-0.0,1,Democracy
FTD->AD,o_max,ols,m004005_o_max_ord7_rk00006,7,0.1891348564052736,-0.0,1,Democracy
FTD->AD,o_max,ols,m002017_o_max_ord5_rk00018,5,0.1879281979284895,-0.0,1,Democracy
FTD->AD,o_max,ols,m003010_o_max_ord6_rk00011,6,0.1829066968295792,-0.0,1,Democracy
FTD->AD,o_max,ols,m000012_o_max_ord3_rk00013,3,0.1723256708553781,-0.0,1,Democracy
FTD->AD,o_max,ols,m003011_o_max_ord6_rk00012,6,0.1721475628864376,-0.0,1,Democracy
FTD->AD,o_max,ols,m002002_o_max_ord5_rk00003,5,0.168915173092424,-0.0,1,Democracy
FTD->AD,o_max,ols,m000009_o_max_ord3_rk00010,3,0.1679937058120812,-0.0,1,Democracy
FTD->AD,o_max,ols,m003004_o_max_ord6_rk00005,6,0.1673417577427698,-0.0,1,Democracy
FTD->AD,o_max,ols,m004012_o_max_ord7_rk00013,7,0.1657761409231656,-0.0,1,Democracy
FTD->AD,o_max,ols,m003002_o_max_ord6_rk00003,6,0.1651859447978793,-0.0,1,Democracy
FTD->AD,o_max,ols,m000001_o_max_ord3_rk00002,3,0.1640812410375541,-0.0,1,Air Pollution
FTD->AD,o_max,ols,m000018_o_max_ord3_rk00019,3,0.1631241113249921,-0.0,1,Democracy
FTD->AD,o_max,ols,m001011_o_max_ord4_rk00012,4,0.1627176461630624,-0.0,1,Democracy
FTD->AD,o_max,ols,m001000_o_max_ord4_rk00001,4,0.1626470709274368,-0.0,1,Democracy
FTD->AD,o_max,ols,m002006_o_max_ord5_rk00007,5,0.1625671356142999,-0.0,1,Democracy
FTD->AD,o_max,ols,m002000_o_max_ord5_rk00001,5,0.1623274520641849,-0.0,1,Democracy
FTD->AD,o_max,ols,m000008_o_max_ord3_rk00009,3,0.1612846396599688,-0.0,1,Democracy
FTD->AD,o_max,ols,m000010_o_max_ord3_rk00011,3,0.1609757509043877,-0.0,1,Democracy
FTD->AD,o_max,ols,m001004_o_max_ord4_rk00005,4,0.1606795273934002,-0.0,1,Democracy
FTD->AD,o_max,ols,m000016_o_max_ord3_rk00017,3,0.1584685679820707,-0.0,1,Democracy
FTD->AD,o_max,ols,m005010_o_max_ord8_rk00011,8,0.1579766911263104,-0.0,1,Democracy
FTD->AD,o_max,ols,m000019_o_max_ord3_rk00020,3,0.1577044708910304,-0.0,1,Democracy
FTD->AD,o_max,ols,m000013_o_max_ord3_rk00014,3,0.1575058704219646,-0.0,1,Democracy
FTD->AD,o_max,ols,m004006_o_max_ord7_rk00007,7,0.1574548722044384,-0.0,1,Democracy
FTD->AD,o_max,ols,m000000_o_max_ord3_rk00001,3,0.1571379949052229,-0.0,1,Democracy
FTD->AD,o_max,ols,m003015_o_max_ord6_rk00016,6,0.1571210849508276,-0.0,1,Democracy
FTD->AD,o_max,ols,m004004_o_max_ord7_rk00005,7,0.15703170330407,-0.0,1,Democracy
FTD->AD,o_max,ols,m001002_o_max_ord4_rk00003,4,0.1558520807198642,-0.0,1,Democracy
FTD->AD,o_max,ols,m000005_o_max_ord3_rk00006,3,0.1554848342596054,-0.0,1,Democracy
FTD->AD,o_max,ols,m000004_o_max_ord3_rk00005,3,0.1548665367593741,-0.0,1,Democracy
FTD->AD,o_max,ols,m000017_o_max_ord3_rk00018,3,0.1544636181060884,-0.0,1,Democracy
FTD->AD,o_max,ols,m001001_o_max_ord4_rk00002,4,0.1543319190340847,-0.0,1,Democracy
FTD->AD,o_max,ols,m002001_o_max_ord5_rk00002,5,0.1539470560274416,-0.0,1,Democracy
FTD->AD,o_max,ols,m002004_o_max_ord5_rk00005,5,0.1534577428266137,-0.0,1,Democracy
FTD->AD,o_max,ols,m003007_o_max_ord6_rk00008,6,0.1526336801457397,-0.0,1,Democracy
FTD->AD,o_max,ols,m001018_o_max_ord4_rk00019,4,0.1522839110124288,-0.0,1,Democracy
FTD->AD,o_max,ols,m000007_o_max_ord3_rk00008,3,0.1517615605886979,-0.0,1,Democracy
FTD->AD,o_max,ols,m003008_o_max_ord6_rk00009,6,0.151641091130059,-0.0,1,Democracy
FTD->AD,o_max,ols,m003000_o_max_ord6_rk00001,6,0.1510046206373169,-0.0,1,Democracy
FTD->AD,o_max,ols,m002003_o_max_ord5_rk00004,5,0.1495395142602702,-0.0,1,Democracy
FTD->AD,o_max,ols,m001014_o_max_ord4_rk00015,4,0.1478014493356997,-0.0,1,Democracy
FTD->AD,o_max,ols,m000011_o_max_ord3_rk00012,3,0.147712838308474,-0.0,1,Democracy
FTD->AD,o_max,ols,m001008_o_max_ord4_rk00009,4,0.1456052302473087,-0.0,1,Democracy
FTD->AD,o_max,ols,m001017_o_max_ord4_rk00018,4,0.1451953470463611,-0.0,1,Democracy
FTD->AD,o_max,ols,m003006_o_max_ord6_rk00007,6,0.1445406362558349,-0.0,1,Democracy
FTD->AD,o_max,ols,m000014_o_max_ord3_rk00015,3,0.1439017609254926,-0.0,1,Democracy
FTD->AD,o_max,ols,m004017_o_max_ord7_rk00018,7,0.1432658354408683,-0.0,1,Democracy
FTD->AD,o_max,ols,m001010_o_max_ord4_rk00011,4,0.1422930218935539,-0.0,1,Democracy
FTD->AD,o_max,ols,m000003_o_max_ord3_rk00004,3,0.1420981504584068,-0.0,1,Democracy
FTD->AD,o_max,ols,m000002_o_max_ord3_rk00003,3,0.1419749335853566,-0.0,1,Democracy
FTD->AD,o_max,ols,m002015_o_max_ord5_rk00016,5,0.1409976557453551,-0.0,1,Democracy
FTD->AD,o_max,ols,m004007_o_max_ord7_rk00008,7,0.1393274789442269,-0.0,1,Democracy
FTD->AD,o_max,ols,m002010_o_max_ord5_rk00011,5,0.1377218377930966,-0.0,1,Democracy
FTD->AD,o_max,ols,m004014_o_max_ord7_rk00015,7,0.1353373129730843,-0.0,1,Democracy
FTD->AD,o_max,ols,m000006_o_max_ord3_rk00007,3,0.1351351607424772,-0.0,1,Democracy
FTD->AD,o_max,ols,m001003_o_max_ord4_rk00004,4,0.1350579394189593,-0.0,1,Democracy
FTD->AD,o_max,ols,m001013_o_max_ord4_rk00014,4,0.1345776217513488,-0.0,1,Democracy
FTD->AD,o_max,ols,m000015_o_max_ord3_rk00016,3,0.1325575059193827,-0.0,1,Democracy
FTD->AD,o_max,ols,m002012_o_max_ord5_rk00013,5,0.1297860541348517,-0.0,1,Democracy
FTD->AD,o_max,ols,m004009_o_max_ord7_rk00010,7,0.1292548334624368,-0.0,1,Democracy
FTD->AD,o_max,ols,m001005_o_max_ord4_rk00006,4,0.1292380597793931,-0.0,1,Democracy
FTD->AD,o_max,ols,m002019_o_max_ord5_rk00020,5,0.1288460617621174,-0.0,1,Democracy
FTD->AD,o_max,ols,m005019_o_max_ord8_rk00020,8,0.1258745132956139,-0.0,1,Democracy
FTD->AD,o_max,ols,m003017_o_max_ord6_rk00018,6,0.1223568206023126,-0.0,1,Democracy
FTD->AD,o_max,ols,m005007_o_max_ord8_rk00008,8,0.1211894893031323,-0.0,1,Democracy
FTD->AD,o_max,ols,m001016_o_max_ord4_rk00017,4,0.1178767386177671,-0.0,1,Democracy
FTD->AD,o_max,ols,m002018_o_max_ord5_rk00019,5,0.1173684374588875,-0.0,1,Democracy
FTD->AD,o_max,ols,m003012_o_max_ord6_rk00013,6,0.1167826592488396,-0.0,1,Democracy
FTD->AD,o_max,ols,m002013_o_max_ord5_rk00014,5,0.1152999410605394,-0.0,1,Democracy
FTD->AD,o_max,ols,m001012_o_max_ord4_rk00013,4,0.1120676964478992,-0.0,1,Democracy
FTD->AD,o_max,ols,m003019_o_max_ord6_rk00020,6,0.1099092061698883,-0.0,1,Democracy
FTD->AD,o_max,ols,m001015_o_max_ord4_rk00016,4,0.1049620428550953,-0.0,1,Democracy
FTD->AD,o_max,ols,m005004_o_max_ord8_rk00005,8,0.1014671289892834,-0.0,1,Democracy
AD+FTD->AD,o_min,ols,m048528_o_min_ord4_rk00014,4,0.2634406873309605,1.5,3,Air Pollution
AD+FTD->AD,o_min,ols,m058515_o_min_ord14_rk00001,14,0.2631395635497624,2.8962915290459277,8,Temperature
AD+FTD->AD,o_min,ols,m059533_o_min_ord15_rk00019,15,0.2511274798790601,2.8225797618424915,8,Temperature
AD+FTD->AD,o_min,ols,m058522_o_min_ord14_rk00008,14,0.2410283020141311,2.6455933144511468,7,Temperature
AD+FTD->AD,o_min,ols,m049527_o_min_ord5_rk00013,5,0.2409943705537329,1.9219280948873623,4,Air Pollution
AD+FTD->AD,o_min,ols,m057515_o_min_ord13_rk00001,13,0.2402654683370417,2.6612262562697895,7,Temperature
AD+FTD->AD,o_min,ols,m057518_o_min_ord13_rk00004,13,0.2402446829770156,2.873140679513133,8,Temperature
AD+FTD->AD,o_min,ols,m058529_o_min_ord14_rk00015,14,0.2402050970866747,2.610577243331642,7,Temperature
AD+FTD->AD,o_min,ols,m056515_o_min_ord12_rk00001,12,0.2394203903709888,2.688721875540867,7,Temperature
AD+FTD->AD,o_min,ols,m059515_o_min_ord15_rk00001,15,0.236139541258794,2.872905595320056,8,Temperature
AD+FTD->AD,o_min,ols,m060528_o_min_ord16_rk00014,16,0.2354606891663407,2.8584585933443494,8,Temperature
AD+FTD->AD,o_min,ols,m056530_o_min_ord12_rk00016,12,0.2350045862138994,2.688721875540867,7,Temperature
AD+FTD->AD,o_min,ols,m056522_o_min_ord12_rk00008,12,0.2346688974229067,2.688721875540867,7,Temperature
AD+FTD->AD,o_min,ols,m058531_o_min_ord14_rk00017,14,0.2318419379225168,2.6455933144511468,7,Temperature
AD+FTD->AD,o_min,ols,m057516_o_min_ord13_rk00002,13,0.2317763467394794,2.6235166412180155,7,Temperature
AD+FTD->AD,o_min,ols,m060532_o_min_ord16_rk00018,16,0.2304510077649719,2.8584585933443494,8,Temperature
AD+FTD->AD,o_min,ols,m055532_o_min_ord11_rk00018,11,0.2304138948126021,2.663532754804255,7,Temperature
AD+FTD->AD,o_min,ols,m056526_o_min_ord12_rk00012,12,0.2267430060576644,2.8553885422075336,8,Precipitation/droughts
AD+FTD->AD,o_min,ols,m048523_o_min_ord4_rk00009,4,0.2265709057062125,1.5,3,Air Pollution
AD+FTD->AD,o_min,ols,m056521_o_min_ord12_rk00007,12,0.2212728354824296,2.8553885422075336,8,Precipitation/droughts
AD+FTD->AD,o_min,ols,m055516_o_min_ord11_rk00002,11,0.220916683067325,2.663532754804255,7,Temperature
AD+FTD->AD,o_min,ols,m058517_o_min_ord14_rk00003,14,0.2190877107407215,2.8423709931771084,8,Temperature
AD+FTD->AD,o_min,ols,m055529_o_min_ord11_rk00015,11,0.2165969442655142,2.663532754804255,7,Temperature
AD+FTD->AD,o_min,ols,m056525_o_min_ord12_rk00011,12,0.2149504523880232,2.688721875540867,7,Temperature
AD+FTD->AD,o_min,ols,m057517_o_min_ord13_rk00003,13,0.2101456927182746,2.6612262562697895,7,Temperature
AD+FTD->AD,o_min,ols,m057527_o_min_ord13_rk00013,13,0.2082819133109417,2.6031579868726,7,Temperature
AD+FTD->AD,o_min,ols,m057521_o_min_ord13_rk00007,13,0.2081277414287433,2.6612262562697895,7,Temperature
AD+FTD->AD,o_min,ols,m058520_o_min_ord14_rk00006,14,0.2066939946746873,2.8423709931771084,8,Temperature
AD+FTD->AD,o_min,ols,m057533_o_min_ord13_rk00019,13,0.2061283611207399,2.6612262562697895,7,Temperature
AD+FTD->AD,o_min,ols,m056520_o_min_ord12_rk00006,12,0.2011059263835097,2.6258145836939115,7,Temperature
AD+FTD->AD,o_min,ols,m055515_o_min_ord11_rk00001,11,0.2003095150943825,2.7321588913645702,7,Air Pollution
AD+FTD->AD,o_min,ols,m056524_o_min_ord12_rk00010,12,0.192934769184885,2.6258145836939115,7,Temperature
AD+FTD->AD,o_min,ols,m059527_o_min_ord15_rk00013,15,0.1913676261874886,2.8225797618424915,8,Temperature
AD+FTD->AD,o_min,ols,m055531_o_min_ord11_rk00017,11,0.1828539951991649,2.663532754804255,7,Precipitation/droughts
AD+FTD->AD,o_min,ols,m055528_o_min_ord11_rk00014,11,0.1819536865925806,2.663532754804255,7,Temperature
AD+FTD->AD,o_min,ols,m047525_o_min_ord3_rk00011,3,0.1808935158319182,0.9182958340544896,2,Temperature
AD+FTD->AD,o_min,ols,m048517_o_min_ord4_rk00003,4,0.1668629982362739,1.5,3,Air Pollution
AD+FTD->AD,o_min,ols,m049524_o_min_ord5_rk00010,5,0.1598177999296746,1.9219280948873623,4,Air Pollution
AD+FTD->AD,o_min,ols,m060520_o_min_ord16_rk00006,16,0.1577369044266294,2.8584585933443494,8,Temperature
AD+FTD->AD,o_min,ols,m048527_o_min_ord4_rk00013,4,0.1553518305029977,2.0,4,Air Pollution
AD+FTD->AD,o_min,ols,m058533_o_min_ord14_rk00019,14,0.1548484428823794,2.610577243331642,7,Temperature
AD+FTD->AD,o_min,ols,m054515_o_min_ord10_rk00001,10,0.1542747476059275,2.7219280948873625,7,Air Pollution
AD+FTD->AD,o_min,ols,m058530_o_min_ord14_rk00016,14,0.1509308831017884,2.6455933144511468,7,Temperature
AD+FTD->AD,o_min,ols,m048520_o_min_ord4_rk00006,4,0.1503091016394235,1.5,3,Air Pollution
AD+FTD->AD,o_min,ols,m054533_o_min_ord10_rk00019,10,0.1470923145380956,2.4464393446710155,6,Temperature
AD+FTD->AD,o_min,ols,m057519_o_min_ord13_rk00005,13,0.1391717155818544,2.6612262562697895,7,Temperature
AD+FTD->AD,o_min,ols,m064532_o_min_ord20_rk00018,20,0.136701242991152,2.9414460711655215,9,Democracy
AD+FTD->AD,o_min,ols,m054523_o_min_ord10_rk00009,10,0.129945357065477,2.4464393446710155,6,Temperature
AD+FTD->AD,o_min,ols,m048525_o_min_ord4_rk00011,4,0.127879913649327,1.5,3,Air Pollution
AD+FTD->AD,o_min,ols,m056518_o_min_ord12_rk00004,12,0.1228649541505286,2.584962500721156,7,Temperature
AD+FTD->AD,o_min,ols,m048534_o_min_ord4_rk00020,4,0.1218314774123716,1.5,3,Air Pollution
AD+FTD->AD,o_min,ols,m054521_o_min_ord10_rk00007,10,0.121714239673233,2.4464393446710155,6,Temperature
AD+FTD->AD,o_min,ols,m055517_o_min_ord11_rk00003,11,0.1216559981167777,2.663532754804255,7,Temperature
AD+FTD->AD,o_min,ols,m048530_o_min_ord4_rk00016,4,0.1212059425292473,2.0,4,Air Pollution
AD+FTD->AD,o_min,ols,m059531_o_min_ord15_rk00017,15,0.1199738304910089,2.8225797618424915,8,Temperature
AD+FTD->AD,o_min,ols,m057522_o_min_ord13_rk00008,13,0.1175667256151135,2.6612262562697895,7,Temperature
AD+FTD->AD,o_min,ols,m058524_o_min_ord14_rk00010,14,0.1161024753895859,2.8423709931771084,8,Temperature
AD+FTD->AD,o_min,ols,m053525_o_min_ord9_rk00011,9,0.1141851867212044,2.725480556997868,7,Air Pollution
AD+FTD->AD,o_min,ols,m053516_o_min_ord9_rk00002,9,0.1135927829137699,2.725480556997868,7,Precipitation/droughts
AD+FTD->AD,o_min,ols,m048518_o_min_ord4_rk00004,4,0.1126970174812929,1.5,3,Air Pollution
AD+FTD->AD,o_min,ols,m066529_o_min_ord22_rk00015,22,0.1119470384518375,2.9019469592513696,9,Democracy
AD+FTD->AD,o_min,ols,m058525_o_min_ord14_rk00011,14,0.1088219223237901,2.8423709931771084,8,Temperature
AD+FTD->AD,o_min,ols,m047528_o_min_ord3_rk00014,3,0.1047399375919475,0.9182958340544896,2,Air Pollution
AD+FTD->AD,o_min,ols,m067521_o_min_ord23_rk00007,23,0.1039385975047612,2.8927021732601896,9,Democracy
AD+FTD->AD,o_max,xgb_tree_d1,m011002_o_max_ord14_rk00003,14,0.1961324065246803,-0.0,1,Democracy
AD+FTD->AD,o_max,xgb_tree_d1,m006014_o_max_ord9_rk00015,9,0.1942180508103957,-0.0,1,Democracy
AD+FTD->AD,o_max,xgb_tree_d1,m011009_o_max_ord14_rk00010,14,0.1921642853908913,-0.0,1,Democracy
AD+FTD->AD,o_max,xgb_tree_d1,m008005_o_max_ord11_rk00006,11,0.1909778008158313,-0.0,1,Democracy
AD+FTD->AD,o_max,xgb_tree_d1,m005014_o_max_ord8_rk00015,8,0.190848029953895,-0.0,1,Democracy
AD+FTD->AD,o_max,xgb_tree_d1,m011012_o_max_ord14_rk00013,14,0.1908115308101964,-0.0,1,Democracy
AD+FTD->AD,o_max,xgb_tree_d1,m001013_o_max_ord4_rk00014,4,0.1902776858662137,-0.0,1,Democracy
AD+FTD->AD,o_max,xgb_tree_d1,m005019_o_max_ord8_rk00020,8,0.1899058357258245,-0.0,1,Democracy
AD+FTD->AD,o_max,xgb_tree_d1,m009008_o_max_ord12_rk00009,12,0.1896024204930159,-0.0,1,Democracy
AD+FTD->AD,o_max,xgb_tree_d1,m002010_o_max_ord5_rk00011,5,0.1893307187758,-0.0,1,Democracy
AD+FTD->AD,o_max,xgb_tree_d1,m008013_o_max_ord11_rk00014,11,0.1884872970123511,-0.0,1,Democracy
AD+FTD->AD,o_max,xgb_tree_d1,m002011_o_max_ord5_rk00012,5,0.1882162023000034,-0.0,1,Democracy
AD+FTD->AD,o_max,xgb_tree_d1,m011011_o_max_ord14_rk00012,14,0.1880030139898798,-0.0,1,Democracy
AD+FTD->AD,o_max,xgb_tree_d1,m008001_o_max_ord11_rk00002,11,0.1879767194243945,-0.0,1,Democracy
AD+FTD->AD,o_max,xgb_tree_d1,m027012_o_max_ord30_rk00013,30,0.1877039574237539,1.4989350663300531,6,Democracy
AD+FTD->AD,o_max,xgb_tree_d1,m011003_o_max_ord14_rk00004,14,0.1872366561220751,-0.0,1,Democracy
AD+FTD->AD,o_max,xgb_tree_d1,m011000_o_max_ord14_rk00001,14,0.1872275005873498,-0.0,1,Democracy
AD+FTD->AD,o_max,xgb_tree_d1,m011001_o_max_ord14_rk00002,14,0.1868080247699302,-0.0,1,Democracy
AD+FTD->AD,o_max,xgb_tree_d1,m009000_o_max_ord12_rk00001,12,0.1867765358959151,-0.0,1,Democracy
AD+FTD->AD,o_max,xgb_tree_d1,m008014_o_max_ord11_rk00015,11,0.186732841563552,-0.0,1,Democracy
AD+FTD->AD,o_max,xgb_tree_d1,m006005_o_max_ord9_rk00006,9,0.186632841934878,-0.0,1,Democracy
AD+FTD->AD,o_max,xgb_tree_d1,m026007_o_max_ord29_rk00008,29,0.1865963925482567,1.1991018361613466,5,Democracy
AD+FTD->AD,o_max,xgb_tree_d1,m009006_o_max_ord12_rk00007,12,0.1865810524994394,-0.0,1,Democracy
AD+FTD->AD,o_max,xgb_tree_d1,m011015_o_max_ord14_rk00016,14,0.1864478843879919,-0.0,1,Democracy
AD+FTD->AD,o_max,xgb_tree_d1,m010013_o_max_ord13_rk00014,13,0.1863709418054547,-0.0,1,Democracy
AD+FTD->AD,o_max,xgb_tree_d1,m017019_o_max_ord20_rk00020,20,0.186317450590129,-0.0,1,Democracy
AD+FTD->AD,o_max,xgb_tree_d1,m012016_o_max_ord15_rk00017,15,0.1862908120459093,0.35335933502142136,2,Democracy
AD+FTD->AD,o_max,xgb_tree_d1,m004008_o_max_ord7_rk00009,7,0.1858703985069024,-0.0,1,Democracy
AD+FTD->AD,o_max,xgb_tree_d1,m011005_o_max_ord14_rk00006,14,0.1858372653488217,-0.0,1,Democracy
AD+FTD->AD,o_max,xgb_tree_d1,m011008_o_max_ord14_rk00009,14,0.185749483112667,-0.0,1,Democracy
AD+FTD->AD,o_max,xgb_tree_d1,m026002_o_max_ord29_rk00003,29,0.1856335182542193,1.1991018361613466,5,Democracy
AD+FTD->AD,o_max,xgb_tree_d1,m011013_o_max_ord14_rk00014,14,0.1855881731931699,-0.0,1,Democracy
AD+FTD->AD,o_max,xgb_tree_d1,m018003_o_max_ord21_rk00004,21,0.1854718578063829,0.2761954276479391,2,Democracy
AD+FTD->AD,o_max,xgb_tree_d1,m014001_o_max_ord17_rk00002,17,0.1854495839703475,-0.0,1,Democracy
AD+FTD->AD,o_max,xgb_tree_d1,m007017_o_max_ord10_rk00018,10,0.1853011528170828,-0.0,1,Democracy
AD+FTD->AD,o_max,xgb_tree_d1,m022012_o_max_ord25_rk00013,25,0.1852900731009852,1.32151018873626,5,Democracy
AD+FTD->AD,o_max,xgb_tree_d1,m006004_o_max_ord9_rk00005,9,0.1852011715919461,-0.0,1,Democracy
AD+FTD->AD,o_max,xgb_tree_d1,m018001_o_max_ord21_rk00002,21,0.1851152156548482,-0.0,1,Democracy
AD+FTD->AD,o_max,xgb_tree_d1,m007002_o_max_ord10_rk00003,10,0.1848831582381056,-0.0,1,Democracy
AD+FTD->AD,o_max,xgb_tree_d1,m001007_o_max_ord4_rk00008,4,0.1848020241619301,-0.0,1,Air Pollution
AD+FTD->AD,o_max,xgb_tree_d1,m009019_o_max_ord12_rk00020,12,0.1847932116108578,-0.0,1,Democracy
AD+FTD->AD,o_max,xgb_tree_d1,m003016_o_max_ord6_rk00017,6,0.1847092034206835,-0.0,1,Democracy
AD+FTD->AD,o_max,xgb_tree_d1,m011019_o_max_ord14_rk00020,14,0.18465953090713,-0.0,1,Democracy
AD+FTD->AD,o_max,xgb_tree_d1,m009007_o_max_ord12_rk00008,12,0.1844111342609402,-0.0,1,Democracy
AD+FTD->AD,o_max,xgb_tree_d1,m005004_o_max_ord8_rk00005,8,0.1844095219938192,-0.0,1,Democracy
AD+FTD->AD,o_max,xgb_tree_d1,m001011_o_max_ord4_rk00012,4,0.184408269511586,-0.0,1,Democracy
AD+FTD->AD,o_max,xgb_tree_d1,m022005_o_max_ord25_rk00006,25,0.1842827632728958,0.996118213778296,4,Democracy
AD+FTD->AD,o_max,xgb_tree_d1,m002006_o_max_ord5_rk00007,5,0.1840742653546874,-0.0,1,Democracy
AD+FTD->AD,o_max,xgb_tree_d1,m007009_o_max_ord10_rk00010,10,0.1839895350989319,-0.0,1,Democracy
AD+FTD->AD,o_max,xgb_tree_d1,m022006_o_max_ord25_rk00007,25,0.1839465094392451,0.8663137138648347,3,Democracy
AD+FTD->AD,o_max,xgb_tree_d1,m026016_o_max_ord29_rk00017,29,0.183939876985586,0.9944663403237343,4,Democracy
AD+FTD->AD,o_max,xgb_tree_d1,m015002_o_max_ord18_rk00003,18,0.1838936755663174,-0.0,1,Democracy
AD+FTD->AD,o_max,xgb_tree_d1,m009016_o_max_ord12_rk00017,12,0.183821923703355,-0.0,1,Democracy
AD+FTD->AD,o_max,xgb_tree_d1,m026000_o_max_ord29_rk00001,29,0.1837175202492827,1.1991018361613466,5,Democracy
AD+FTD->AD,o_max,xgb_tree_d1,m022017_o_max_ord25_rk00018,25,0.1836814000815102,0.996118213778296,4,Democracy
AD+FTD->AD,o_max,xgb_tree_d1,m020014_o_max_ord23_rk00015,23,0.183524424252515,0.8076702057269436,3,Democracy
AD+FTD->AD,o_max,xgb_tree_d1,m022018_o_max_ord25_rk00019,25,0.1835152885958214,0.6395563653739031,3,Democracy
AD+FTD->AD,o_max,xgb_tree_d1,m009018_o_max_ord12_rk00019,12,0.1834955239175871,-0.0,1,Democracy
AD+FTD->AD,o_max,xgb_tree_d1,m022014_o_max_ord25_rk00015,25,0.1834174754376535,1.106313713864835,5,Democracy
AD+FTD->AD,o_max,xgb_tree_d1,m022015_o_max_ord25_rk00016,25,0.1833814716492132,0.996118213778296,4,Democracy
AD+FTD->AD,o_max,xgb_tree_d1,m026013_o_max_ord29_rk00014,29,0.1833022770534931,1.1991018361613466,5,Democracy
AD+FTD->AD,o_max,xgb_tree_d1,m026009_o_max_ord29_rk00010,29,0.1832510487779479,1.401475275184332,6,Democracy
AD+FTD->AD,o_max,xgb_tree_d1,m015008_o_max_ord18_rk00009,18,0.1831372527579349,-0.0,1,Democracy
AD+FTD->AD,o_max,xgb_tree_d1,m009003_o_max_ord12_rk00004,12,0.183007659412854,-0.0,1,Democracy
AD+FTD->AD,o_max,xgb_tree_d1,m026012_o_max_ord29_rk00013,29,0.1827805644478035,1.1991018361613466,5,Democracy
AD+FTD->AD,o_max,xgb_tree_d1,m011010_o_max_ord14_rk00011,14,0.1827538179158991,0.37123232664087563,2,Democracy
AD+FTD->AD,o_max,xgb_tree_d1,m008011_o_max_ord11_rk00012,11,0.1827229468465406,-0.0,1,Democracy
AD+FTD->AD,o_max,xgb_tree_d1,m013006_o_max_ord16_rk00007,16,0.1826973220702056,-0.0,1,Democracy
AD+FTD->AD,o_max,xgb_tree_d1,m018002_o_max_ord21_rk00003,21,0.1825949363458527,0.2761954276479391,2,Democracy
AD+FTD->AD,o_max,xgb_tree_d1,m026014_o_max_ord29_rk00015,29,0.1825114562162481,0.9944663403237343,4,Democracy
AD+FTD->AD,o_max,xgb_tree_d1,m008009_o_max_ord11_rk00010,11,0.1823851103217121,-0.0,1,Democracy
AD+FTD->AD,o_max,xgb_tree_d1,m001015_o_max_ord4_rk00016,4,0.1823499712536348,-0.0,1,Democracy
AD+FTD->AD,o_max,xgb_tree_d1,m026015_o_max_ord29_rk00016,29,0.1822801826665612,1.2770049139968558,5,Democracy
AD+FTD->AD,o_max,xgb_tree_d1,m020018_o_max_ord23_rk00019,23,0.1822602050824527,0.8076702057269436,3,Democracy
AD+FTD->AD,o_max,xgb_tree_d1,m010003_o_max_ord13_rk00004,13,0.1822278925971217,-0.0,1,Democracy
AD+FTD->AD,o_max,xgb_tree_d1,m026003_o_max_ord29_rk00004,29,0.1821766591503748,1.1991018361613466,5,Democracy
AD+FTD->AD,o_max,xgb_tree_d1,m014007_o_max_ord17_rk00008,17,0.1819879120114756,-0.0,1,Democracy
AD+FTD->AD,o_max,xgb_tree_d1,m027003_o_max_ord30_rk00004,30,0.1819457892788627,1.1721597626314755,5,Democracy
AD+FTD->AD,o_max,xgb_tree_d1,m013012_o_max_ord16_rk00013,16,0.1817628723877885,-0.0,1,Democracy
AD+FTD->AD,o_max,xgb_tree_d1,m003009_o_max_ord6_rk00010,6,0.1817515503621315,-0.0,1,Democracy
AD+FTD->AD,o_max,xgb_tree_d1,m006015_o_max_ord9_rk00016,9,0.1817177363081764,-0.0,1,Democracy
AD+FTD->AD,o_max,xgb_tree_d1,m014013_o_max_ord17_rk00014,17,0.1816288003603973,-0.0,1,Democracy
AD+FTD->AD,o_max,xgb_tree_d1,m023010_o_max_ord26_rk00011,26,0.1816253540757553,0.8451064151274781,3,Democracy
AD+FTD->AD,o_max,xgb_tree_d1,m022011_o_max_ord25_rk00012,25,0.1815067498008912,0.7641140545540274,3,Democracy
AD+FTD->AD,o_max,xgb_tree_d1,m017001_o_max_ord20_rk00002,20,0.1815053358176619,-0.0,1,Democracy
AD+FTD->AD,o_max,xgb_tree_d1,m027004_o_max_ord30_rk00005,30,0.1814913569194867,1.1721597626314755,5,Democracy
AD+FTD->AD,o_max,xgb_tree_d1,m018008_o_max_ord21_rk00009,21,0.1814711226087264,0.2761954276479391,2,Democracy
AD+FTD->AD,o_max,xgb_tree_d1,m015015_o_max_ord18_rk00016,18,0.1814644489851171,-0.0,1,Democracy
AD+FTD->AD,o_max,xgb_tree_d1,m016005_o_max_ord19_rk00006,19,0.1814092338534927,-0.0,1,Democracy
AD+FTD->AD,o_max,xgb_tree_d1,m024008_o_max_ord27_rk00009,27,0.1813419662313307,1.042344321483692,4,Democracy
AD+FTD->AD,o_max,xgb_tree_d1,m026019_o_max_ord29_rk00020,29,0.1812078173737208,1.3110022671212271,6,Democracy
AD+FTD->AD,o_max,xgb_tree_d1,m026004_o_max_ord29_rk00005,29,0.1809893937066748,1.2770049139968558,5,Democracy
AD+FTD->AD,o_max,xgb_tree_d1,m000001_o_max_ord3_rk00002,3,0.1809780459896243,-0.0,1,Air Pollution
AD+FTD->AD,o_max,xgb_tree_d1,m027015_o_max_ord30_rk00016,30,0.1809578680770907,1.1721597626314755,5,Democracy
AD+FTD->AD,o_max,xgb_tree_d1,m001019_o_max_ord4_rk00020,4,0.1809306917131248,-0.0,1,Air Pollution
AD+FTD->AD,o_max,xgb_tree_d1,m015014_o_max_ord18_rk00015,18,0.1808322974345977,0.3095434291503252,2,Democracy
AD+FTD->AD,o_max,xgb_tree_d1,m018017_o_max_ord21_rk00018,21,0.1807838245164152,0.2761954276479391,2,Democracy
AD+FTD->AD,o_max,xgb_tree_d1,m026008_o_max_ord29_rk00009,29,0.1807303495169823,1.1991018361613466,5,Democracy
AD+FTD->AD,o_max,xgb_tree_d1,m026001_o_max_ord29_rk00002,29,0.1807131461482409,1.1425175164144374,4,Democracy
AD+FTD->AD,o_max,xgb_tree_d1,m017009_o_max_ord20_rk00010,20,0.1806434203949884,0.2863969571159562,2,Democracy
AD+FTD->AD,o_max,xgb_tree_d1,m022010_o_max_ord25_rk00011,25,0.1805786273233749,1.2252357794710609,5,Democracy
AD+FTD->AD,o_max,xgb_tree_d1,m023018_o_max_ord26_rk00019,26,0.1805739818978473,0.7441942138263227,3,Democracy
AD+FTD->AD,o_max,xgb_tree_d1,m006001_o_max_ord9_rk00002,9,0.1805096893057729,-0.0,1,Democracy
AD+FTD->AD,o_max,xgb_tree_d1,m018018_o_max_ord21_rk00019,21,0.1804865007771185,-0.0,1,Democracy
AD+FTD->AD,o_max,xgb_tree_d1,m013001_o_max_ord16_rk00002,16,0.180420310136289,-0.0,1,Democracy
AD+FTD->AD,o_max,xgb_tree_d1,m012002_o_max_ord15_rk00003,15,0.1803908919148801,-0.0,1,Democracy
AD+FTD->AD,o_max,xgb_tree_d1,m006003_o_max_ord9_rk00004,9,0.1803885592136768,-0.0,1,Democracy
AD+FTD->AD,o_max,xgb_tree_d1,m006008_o_max_ord9_rk00009,9,0.1803860147536403,-0.0,1,Democracy
AD+FTD->AD,o_max,xgb_tree_d1,m022002_o_max_ord25_rk00003,25,0.1803690359674231,0.7950402793845223,2,Democracy
AD+FTD->AD,o_max,xgb_tree_d1,m018016_o_max_ord21_rk00017,21,0.1803589110016957,0.5489544344250401,3,Democracy
AD+FTD->AD,o_max,xgb_tree_d1,m022000_o_max_ord25_rk00001,25,0.1802370138907745,1.0954312795575998,4,Democracy
AD+FTD->AD,o_max,xgb_tree_d1,m022019_o_max_ord25_rk00020,25,0.1802222054243202,1.2252357794710609,5,Democracy
AD+FTD->AD,o_max,xgb_tree_d1,m014018_o_max_ord17_rk00019,17,0.1801026221130501,-0.0,1,Democracy
AD+FTD->AD,o_max,xgb_tree_d1,m004014_o_max_ord7_rk00015,7,0.180048321551497,-0.0,1,Democracy
AD+FTD->AD,o_max,xgb_tree_d1,m014012_o_max_ord17_rk00013,17,0.1799754329048355,-0.0,1,Democracy
AD+FTD->AD,o_max,xgb_tree_d1,m014011_o_max_ord17_rk00012,17,0.1799431706272264,-0.0,1,Democracy
AD+FTD->AD,o_max,xgb_tree_d1,m022001_o_max_ord25_rk00002,25,0.1799394215469834,0.996118213778296,4,Democracy
AD+FTD->AD,o_max,xgb_tree_d1,m006007_o_max_ord9_rk00008,9,0.1799006397313757,-0.0,1,Democracy
AD+FTD->AD,o_max,xgb_tree_d1,m006017_o_max_ord9_rk00018,9,0.1798172201711653,-0.0,1,Democracy
AD+FTD->AD,o_max,xgb_tree_d1,m027013_o_max_ord30_rk00014,30,0.1797873431698643,1.3699740752745007,6,Democracy
AD+FTD->AD,o_max,xgb_tree_d1,m014004_o_max_ord17_rk00005,17,0.1797153761208172,-0.0,1,Democracy
AD+FTD->AD,o_max,xgb_tree_d1,m021013_o_max_ord24_rk00014,24,0.1797049327221781,0.785235442391543,3,Democracy
AD+FTD->AD,o_max,xgb_tree_d1,m021006_o_max_ord24_rk00007,24,0.1796173915232035,0.8886865525783176,3,Democracy
AD+FTD->AD,o_max,xgb_tree_d1,m026005_o_max_ord29_rk00006,29,0.1795904693832245,1.1063667712836147,5,Democracy
AD+FTD->AD,o_max,xgb_tree_d1,m012006_o_max_ord15_rk00007,15,0.1795699207223637,-0.0,1,Democracy
AD+FTD->AD,o_max,xgb_tree_d1,m003007_o_max_ord6_rk00008,6,0.1794701171377962,-0.0,1,Democracy
AD+FTD->AD,o_max,xgb_tree_d1,m022016_o_max_ord25_rk00017,25,0.1794503898806423,1.2252357794710609,5,Democracy
AD+FTD->AD,o_max,xgb_tree_d1,m018019_o_max_ord21_rk00020,21,0.1793901248600206,0.2761954276479391,2,Democracy
AD+FTD->AD,o_max,xgb_tree_d1,m011018_o_max_ord14_rk00019,14,0.1793900373734976,0.37123232664087563,2,Democracy
AD+FTD->AD,o_max,xgb_tree_d1,m013009_o_max_ord16_rk00010,16,0.1793758889128057,0.3372900666170139,2,Democracy
AD+FTD->AD,o_max,xgb_tree_d1,m022013_o_max_ord25_rk00014,25,0.1792048586109584,0.996118213778296,4,Democracy
AD+FTD->AD,o_max,xgb_tree_d1,m015018_o_max_ord18_rk00019,18,0.1791413716855883,-0.0,1,Democracy
AD+FTD->AD,o_max,xgb_tree_d1,m013014_o_max_ord16_rk00015,16,0.1791139192731473,0.3372900666170139,2,Democracy
AD+FTD->AD,o_max,xgb_tree_d1,m018014_o_max_ord21_rk00015,21,0.1790193270739121,-0.0,1,Democracy
AD+FTD->AD,o_max,xgb_tree_d1,m015017_o_max_ord18_rk00018,18,0.17899564037739,-0.0,1,Democracy
AD+FTD->AD,o_max,xgb_tree_d1,m011014_o_max_ord14_rk00015,14,0.1789369480279119,0.37123232664087563,2,Democracy
AD+FTD->AD,o_max,xgb_tree_d1,m006009_o_max_ord9_rk00010,9,0.1788968703293912,-0.0,1,Democracy
AD+FTD->AD,o_max,xgb_tree_d1,m023013_o_max_ord26_rk00014,26,0.1788949405642589,1.1929993566060646,5,Democracy
AD+FTD->AD,o_max,xgb_tree_d1,m023008_o_max_ord26_rk00009,26,0.1788390872537266,1.2884926890861643,5,Democracy
AD+FTD->AD,o_max,xgb_tree_d1,m012003_o_max_ord15_rk00004,15,0.178672071539956,-0.0,1,Democracy
AD+FTD->AD,o_max,xgb_tree_d1,m014006_o_max_ord17_rk00007,17,0.1786345957968479,-0.0,1,Democracy
AD+FTD->AD,o_max,xgb_tree_d1,m017014_o_max_ord20_rk00015,20,0.1786311783904147,-0.0,1,Democracy
AD+FTD->AD,o_max,xgb_tree_d1,m003017_o_max_ord6_rk00018,6,0.1786125242459884,-0.0,1,Democracy
AD+FTD->AD,o_max,xgb_tree_d1,m006018_o_max_ord9_rk00019,9,0.178603467188393,-0.0,1,Democracy
AD+FTD->AD,o_max,xgb_tree_d1,m026011_o_max_ord29_rk00012,29,0.1785969800254282,1.3110022671212271,6,Democracy
AD+FTD->AD,o_max,xgb_tree_d1,m024018_o_max_ord27_rk00019,27,0.1785597687020806,1.257162987432089,5,Democracy
AD+FTD->AD,o_max,xgb_tree_d1,m023014_o_max_ord26_rk00015,26,0.1785325675098291,1.1929993566060646,5,Democracy
AD+FTD->AD,o_max,xgb_tree_d1,m015000_o_max_ord18_rk00001,18,0.1785072481085724,0.9182958340544896,2,Democracy
AD+FTD->AD,o_max,xgb_tree_d1,m012011_o_max_ord15_rk00012,15,0.1784747481957698,-0.0,1,Democracy
AD+FTD->AD,o_max,xgb_tree_d1,m014015_o_max_ord17_rk00016,17,0.1784611104388759,-0.0,1,Democracy
AD+FTD->AD,o_max,xgb_tree_d1,m010005_o_max_ord13_rk00006,13,0.1784504103674417,-0.0,1,Democracy
AD+FTD->AD,o_max,xgb_tree_d1,m011016_o_max_ord14_rk00017,14,0.1784140178852462,-0.0,1,Democracy
AD+FTD->AD,o_max,xgb_tree_d1,m026006_o_max_ord29_rk00007,29,0.1784111791494672,1.3110022671212271,6,Democracy
AD+FTD->AD,o_max,xgb_tree_d1,m022003_o_max_ord25_rk00004,25,0.1784012304733806,0.8743095546405661,4,Democracy
AD+FTD->AD,o_max,xgb_tree_d1,m023016_o_max_ord26_rk00017,26,0.1783581786854625,0.969918434275037,4,Democracy
AD+FTD->AD,o_max,xgb_tree_d1,m012000_o_max_ord15_rk00001,15,0.1782809510598376,-0.0,1,Democracy
AD+FTD->AD,o_max,xgb_tree_d1,m027019_o_max_ord30_rk00020,30,0.1782533883672132,1.080424344959478,5,Democracy
AD+FTD->AD,o_max,xgb_tree_d1,m027017_o_max_ord30_rk00018,30,0.1782074770199748,0.972253928364927,4,Democracy
AD+FTD->AD,o_max,xgb_tree_d1,m023017_o_max_ord26_rk00018,26,0.1781823613717239,0.7441942138263227,3,Democracy
AD+FTD->AD,o_max,xgb_tree_d1,m009011_o_max_ord12_rk00012,12,0.1781823383171968,-0.0,1,Democracy
AD+FTD->AD,o_max,xgb_tree_d1,m013004_o_max_ord16_rk00005,16,0.1780955322535911,-0.0,1,Democracy
AD+FTD->AD,o_max,xgb_tree_d1,m015019_o_max_ord18_rk00020,18,0.1780657662783866,-0.0,1,Democracy
AD+FTD->AD,o_max,xgb_tree_d1,m020013_o_max_ord23_rk00014,23,0.1780473936328405,0.7653636126766978,4,Democracy
AD+FTD->AD,o_max,xgb_tree_d1,m026010_o_max_ord29_rk00011,29,0.177975312604805,0.9944663403237343,4,Democracy
AD+FTD->AD,o_max,xgb_tree_d1,m027011_o_max_ord30_rk00012,30,0.1779746918423728,1.3699740752745007,6,Democracy
AD+FTD->AD,o_max,xgb_tree_d1,m018013_o_max_ord21_rk00014,21,0.177882841087878,0.2761954276479391,2,Democracy
AD+FTD->AD,o_max,xgb_tree_d1,m013017_o_max_ord16_rk00018,16,0.1778780963976366,0.3372900666170139,2,Democracy
AD+FTD->AD,o_max,xgb_tree_d1,m012017_o_max_ord15_rk00018,15,0.1778655368678021,-0.0,1,Democracy
AD+FTD->AD,o_max,xgb_tree_d1,m021018_o_max_ord24_rk00019,24,0.1778336896938845,1.0238995733215066,4,Democracy
AD+FTD->AD,o_max,xgb_tree_d1,m012013_o_max_ord15_rk00014,15,0.1778329120997074,0.35335933502142136,2,Democracy
AD+FTD->AD,o_max,xgb_tree_d1,m023005_o_max_ord26_rk00006,26,0.1778135568509522,1.0681873374585056,4,Democracy
AD+FTD->AD,o_max,xgb_tree_d1,m023006_o_max_ord26_rk00007,26,0.1777824367442088,1.1929993566060646,5,Democracy
AD+FTD->AD,o_max,xgb_tree_d1,m026017_o_max_ord29_rk00018,29,0.1777802414150243,1.1425175164144374,4,Democracy
AD+FTD->AD,o_max,xgb_tree_d1,m006000_o_max_ord9_rk00001,9,0.1777028255336356,-0.0,1,Democracy
AD+FTD->AD,o_max,xgb_tree_d1,m014002_o_max_ord17_rk00003,17,0.1776902235636392,-0.0,1,Democracy
AD+FTD->AD,o_max,xgb_tree_d1,m013002_o_max_ord16_rk00003,16,0.1776104823644324,-0.0,1,Democracy
AD+FTD->AD,o_max,xgb_tree_d1,m018007_o_max_ord21_rk00008,21,0.1775484681945852,0.2761954276479391,2,Democracy
AD+FTD->AD,o_max,xgb_tree_d1,m021017_o_max_ord24_rk00018,24,0.177532313504533,1.3563429881688323,5,Democracy
AD+FTD->AD,o_max,xgb_tree_d1,m027009_o_max_ord30_rk00010,30,0.1774759259287812,1.2496527261266068,5,Democracy
AD+FTD->AD,o_max,xgb_tree_d1,m027010_o_max_ord30_rk00011,30,0.1774010477977468,1.1721597626314755,5,Democracy
AD+FTD->AD,o_max,xgb_tree_d1,m023019_o_max_ord26_rk00020,26,0.177381782720129,1.2884926890861643,5,Democracy
AD+FTD->AD,o_max,xgb_tree_d1,m027018_o_max_ord30_rk00019,30,0.1773315805725832,1.5656017329967198,7,Democracy
AD+FTD->AD,o_max,xgb_tree_d1,m027001_o_max_ord30_rk00002,30,0.1773031905672145,1.1721597626314755,5,Democracy
AD+FTD->AD,o_max,xgb_tree_d1,m010001_o_max_ord13_rk00002,13,0.1773002401793605,-0.0,1,Democracy
AD+FTD->AD,o_max,xgb_tree_d1,m013011_o_max_ord16_rk00012,16,0.1772969449856977,-0.0,1,Democracy
AD+FTD->AD,o_max,xgb_tree_d1,m009010_o_max_ord12_rk00011,12,0.1772368010086343,-0.0,1,Democracy
AD+FTD->AD,o_max,xgb_tree_d1,m015003_o_max_ord18_rk00004,18,0.1772324698072355,-0.0,1,Democracy
AD+FTD->AD,o_max,xgb_tree_d1,m006002_o_max_ord9_rk00003,9,0.1772239865708624,-0.0,1,Democracy
AD+FTD->AD,o_max,xgb_tree_d1,m015005_o_max_ord18_rk00006,18,0.1772051786085275,-0.0,1,Democracy
AD+FTD->AD,o_max,xgb_tree_d1,m015001_o_max_ord18_rk00002,18,0.1771296312052446,-0.0,1,Democracy
AD+FTD->AD,o_max,xgb_tree_d1,m013007_o_max_ord16_rk00008,16,0.1771241816361625,0.3372900666170139,2,Democracy
AD+FTD->AD,o_max,xgb_tree_d1,m020005_o_max_ord23_rk00006,23,0.1770950842563443,1.1545676820893709,4,Democracy
AD+FTD->AD,o_max,xgb_tree_d1,m022007_o_max_ord25_rk00008,25,0.1770302199837952,0.8743095546405661,4,Democracy
AD+FTD->AD,o_max,xgb_tree_d1,m022008_o_max_ord25_rk00009,25,0.1770016029145819,0.7641140545540274,3,Democracy
AD+FTD->AD,o_max,xgb_tree_d1,m010010_o_max_ord13_rk00011,13,0.1769515606218872,-0.0,1,Democracy
AD+FTD->AD,o_max,xgb_tree_d1,m003008_o_max_ord6_rk00009,6,0.1769499003632819,-0.0,1,Democracy
AD+FTD->AD,o_max,xgb_tree_d1,m006016_o_max_ord9_rk00017,9,0.1769220303123282,-0.0,1,Democracy
AD+FTD->AD,o_max,xgb_tree_d1,m021014_o_max_ord24_rk00015,24,0.1769200168229243,1.2593984370492772,5,Democracy
AD+FTD->AD,o_max,xgb_tree_d1,m012009_o_max_ord15_rk00010,15,0.176898312233536,-0.0,1,Democracy
AD+FTD->AD,o_max,xgb_tree_d1,m020008_o_max_ord23_rk00009,23,0.1768714405542616,1.3012517848198515,4,Democracy
AD+FTD->AD,o_max,xgb_tree_d1,m022009_o_max_ord25_rk00010,25,0.1768515076433707,0.6343095546405662,2,Democracy
AD+FTD->AD,o_max,xgb_tree_d1,m010012_o_max_ord13_rk00013,13,0.1768160255995164,-0.0,1,Democracy
AD+FTD->AD,o_max,xgb_tree_d1,m010015_o_max_ord13_rk00016,13,0.1768060415705656,-0.0,1,Democracy
AD+FTD->AD,o_max,xgb_tree_d1,m020003_o_max_ord23_rk00004,23,0.1767851702507981,0.9123163027543336,3,Democracy
AD+FTD->AD,o_max,xgb_tree_d1,m015012_o_max_ord18_rk00013,18,0.1767560752421013,-0.0,1,Democracy
AD+FTD->AD,o_max,xgb_tree_d1,m000002_o_max_ord3_rk00003,3,0.1767153526626939,-0.0,1,Democracy
AD+FTD->AD,o_max,xgb_tree_d1,m018010_o_max_ord21_rk00011,21,0.1766819070773666,-0.0,1,Democracy
AD+FTD->AD,o_max,xgb_tree_d1,m010009_o_max_ord13_rk00010,13,0.1766785558802844,-0.0,1,Democracy
AD+FTD->AD,o_max,xgb_tree_d1,m011006_o_max_ord14_rk00007,14,0.1766359185219695,-0.0,1,Democracy
AD+FTD->AD,o_max,xgb_tree_d1,m013000_o_max_ord16_rk00001,16,0.1766319504427979,-0.0,1,Democracy
AD+FTD->AD,o_max,xgb_tree_d1,m027014_o_max_ord30_rk00015,30,0.1766073157734068,1.1721597626314755,5,Democracy
AD+FTD->AD,o_max,xgb_tree_d1,m017005_o_max_ord20_rk00006,20,0.1765906055261838,-0.0,1,Democracy
AD+FTD->AD,o_max,xgb_tree_d1,m012015_o_max_ord15_rk00016,15,0.1765799692663062,-0.0,1,Democracy
AD+FTD->AD,o_max,xgb_tree_d1,m017011_o_max_ord20_rk00012,20,0.1765492911572893,1.1411535278793057,3,Democracy
AD+FTD->AD,o_max,xgb_tree_d1,m009013_o_max_ord12_rk00014,12,0.1765200675710841,-0.0,1,Democracy
AD+FTD->AD,o_max,xgb_tree_d1,m013016_o_max_ord16_rk00017,16,0.176515811842314,-0.0,1,Democracy
AD+FTD->AD,o_max,xgb_tree_d1,m020004_o_max_ord23_rk00005,23,0.1764739081148658,1.0666152167384504,3,Democracy
AD+FTD->AD,o_max,xgb_tree_d1,m027002_o_max_ord30_rk00003,30,0.1764013013366715,1.2496527261266068,5,Democracy
AD+FTD->AD,o_max,xgb_tree_d1,m014005_o_max_ord17_rk00006,17,0.1763802062118409,0.3227569588973982,2,Democracy
AD+FTD->AD,o_max,xgb_tree_d1,m024007_o_max_ord27_rk00008,27,0.1763750047141402,1.257162987432089,5,Democracy
AD+FTD->AD,o_max,xgb_tree_d1,m027005_o_max_ord30_rk00006,30,0.1763612265378691,1.2803301792260264,6,Democracy
AD+FTD->AD,o_max,xgb_tree_d1,m006012_o_max_ord9_rk00013,9,0.1763561406183386,-0.0,1,Democracy
AD+FTD->AD,o_max,xgb_tree_d1,m006010_o_max_ord9_rk00011,9,0.1763338219942477,-0.0,1,Democracy
AD+FTD->AD,o_max,xgb_tree_d1,m012001_o_max_ord15_rk00002,15,0.1763172943015339,-0.0,1,Democracy
AD+FTD->AD,o_max,xgb_tree_d1,m012007_o_max_ord15_rk00008,15,0.1762321632567128,-0.0,1,Democracy
AD+FTD->AD,o_max,xgb_tree_d1,m023007_o_max_ord26_rk00008,26,0.1762268985210882,0.969918434275037,4,Democracy
AD+FTD->AD,o_max,xgb_tree_d1,m020016_o_max_ord23_rk00017,23,0.1760217587465222,0.2580186686648155,2,Democracy
AD+FTD->AD,o_max,xgb_tree_d1,m013018_o_max_ord16_rk00019,16,0.1759496369017478,-0.0,1,Democracy
AD+FTD->AD,o_max,xgb_tree_d1,m012004_o_max_ord15_rk00005,15,0.1758852239683147,-0.0,1,Democracy
AD+FTD->AD,o_max,xgb_tree_d1,m020007_o_max_ord23_rk00008,23,0.1757667770372984,1.0666152167384504,3,Democracy
AD+FTD->AD,o_max,xgb_tree_d1,m023011_o_max_ord26_rk00012,26,0.1757105907137203,0.969918434275037,4,Democracy
AD+FTD->AD,o_max,xgb_tree_d1,m000000_o_max_ord3_rk00001,3,0.1756517228574624,-0.0,1,Democracy
AD+FTD->AD,o_max,xgb_tree_d1,m024017_o_max_ord27_rk00018,27,0.175609591572062,1.042344321483692,4,Democracy
AD+FTD->AD,o_max,xgb_tree_d1,m023003_o_max_ord26_rk00004,26,0.1755939363784076,0.8451064151274781,3,Democracy
AD+FTD->AD,o_max,xgb_tree_d1,m027008_o_max_ord30_rk00009,30,0.1755931320397338,1.1721597626314755,5,Democracy
AD+FTD->AD,o_max,xgb_tree_d1,m013005_o_max_ord16_rk00006,16,0.1755625534207374,-0.0,1,Democracy
AD+FTD->AD,o_max,xgb_tree_d1,m013015_o_max_ord16_rk00016,16,0.1755612165603559,-0.0,1,Democracy
AD+FTD->AD,o_max,xgb_tree_d1,m001010_o_max_ord4_rk00011,4,0.1755520251856417,-0.0,1,Democracy
AD+FTD->AD,o_max,xgb_tree_d1,m021010_o_max_ord24_rk00011,24,0.175485219262784,1.0434356963218767,3,Democracy
AD+FTD->AD,o_max,xgb_tree_d1,m003006_o_max_ord6_rk00007,6,0.1754829047452295,-0.0,1,Democracy
AD+FTD->AD,o_max,xgb_tree_d1,m026018_o_max_ord29_rk00019,29,0.1754802686436526,1.1425175164144374,4,Democracy
AD+FTD->AD,o_max,xgb_tree_d1,m023002_o_max_ord26_rk00003,26,0.175472074994814,1.0681873374585056,4,Democracy
AD+FTD->AD,o_max,xgb_tree_d1,m011004_o_max_ord14_rk00005,14,0.1754490805791015,-0.0,1,Democracy
AD+FTD->AD,o_max,xgb_tree_d1,m024013_o_max_ord27_rk00014,27,0.175340798873686,1.1625336732554155,5,Democracy
AD+FTD->AD,o_max,xgb_tree_d1,m017010_o_max_ord20_rk00011,20,0.1753124123266878,-0.0,1,Democracy
AD+FTD->AD,o_max,xgb_tree_d1,m020000_o_max_ord23_rk00001,23,0.1752954241715979,0.828055725379504,2,Democracy
AD+FTD->AD,o_max,xgb_tree_d1,m021002_o_max_ord24_rk00003,24,0.1752796388038816,1.1241854163060885,4,Democracy
AD+FTD->AD,o_max,xgb_tree_d1,m018000_o_max_ord21_rk00001,21,0.1752604618453468,0.863120568566631,2,Democracy
AD+FTD->AD,o_max,xgb_tree_d1,m006019_o_max_ord9_rk00020,9,0.1752103747696279,-0.0,1,Democracy
AD+FTD->AD,o_max,xgb_tree_d1,m003014_o_max_ord6_rk00015,6,0.1751907471586633,-0.0,1,Democracy
AD+FTD->AD,o_max,xgb_tree_d1,m016008_o_max_ord19_rk00009,19,0.1751792260773117,-0.0,1,Democracy
AD+FTD->AD,o_max,xgb_tree_d1,m024010_o_max_ord27_rk00011,27,0.1751372981341438,0.9451696091196164,4,Democracy
AD+FTD->AD,o_max,xgb_tree_d1,m010000_o_max_ord13_rk00001,13,0.1751207479392684,-0.0,1,Democracy
AD+FTD->AD,o_max,xgb_tree_d1,m017017_o_max_ord20_rk00018,20,0.1751074710884242,0.2863969571159562,2,Democracy
AD+FTD->AD,o_max,xgb_tree_d1,m001000_o_max_ord4_rk00001,4,0.1750403503838027,-0.0,1,Democracy
AD+FTD->AD,o_max,xgb_tree_d1,m009017_o_max_ord12_rk00018,12,0.1750347426834541,-0.0,1,Democracy
AD+FTD->AD,o_max,xgb_tree_d1,m024003_o_max_ord27_rk00004,27,0.1750311488767646,1.257162987432089,5,Democracy
AD+FTD->AD,o_max,xgb_tree_d1,m027007_o_max_ord30_rk00008,30,0.1750184221603293,1.2496527261266068,5,Democracy
AD+FTD->AD,o_max,xgb_tree_d1,m008010_o_max_ord11_rk00011,11,0.1749994687241847,-0.0,1,Democracy
AD+FTD->AD,o_max,xgb_tree_d1,m017000_o_max_ord20_rk00001,20,0.1749543445744702,0.8812908992306927,2,Democracy
AD+FTD->AD,o_max,xgb_tree_d1,m006006_o_max_ord9_rk00007,9,0.1749433820698408,-0.0,1,Democracy
AD+FTD->AD,o_max,xgb_tree_d1,m027016_o_max_ord30_rk00017,30,0.1749341843986219,1.3699740752745007,6,Democracy
AD+FTD->AD,o_max,xgb_tree_d1,m009012_o_max_ord12_rk00013,12,0.1748879626044295,-0.0,1,Democracy
AD+FTD->AD,o_max,xgb_tree_d1,m014010_o_max_ord17_rk00011,17,0.1748744892346589,-0.0,1,Democracy
AD+FTD->AD,o_max,xgb_tree_d1,m003003_o_max_ord6_rk00004,6,0.1748571037890025,-0.0,1,Democracy
AD+FTD->AD,o_max,xgb_tree_d1,m015011_o_max_ord18_rk00012,18,0.1748304696285841,0.3095434291503252,2,Democracy
AD+FTD->AD,o_max,xgb_tree_d1,m020019_o_max_ord23_rk00020,23,0.1748066622219003,0.4262286569981449,2,Democracy
AD+FTD->AD,o_max,xgb_tree_d1,m006013_o_max_ord9_rk00014,9,0.1747977935037521,-0.0,1,Democracy
AD+FTD->AD,o_max,xgb_tree_d1,m001003_o_max_ord4_rk00004,4,0.1747776465812739,-0.0,1,Democracy
AD+FTD->AD,o_max,xgb_tree_d1,m002008_o_max_ord5_rk00009,5,0.1747716946849479,-0.0,1,Democracy
AD+FTD->AD,o_max,xgb_tree_d1,m008002_o_max_ord11_rk00003,11,0.1747609511691084,-0.0,1,Democracy
AD+FTD->AD,o_max,xgb_tree_d1,m027006_o_max_ord30_rk00007,30,0.1747361300323895,1.3699740752745007,6,Democracy
AD+FTD->AD,o_max,xgb_tree_d1,m003019_o_max_ord6_rk00020,6,0.174732620621427,-0.0,1,Democracy
AD+FTD->AD,o_max,xgb_tree_d1,m012010_o_max_ord15_rk00011,15,0.1747173476345696,-0.0,1,Democracy
AD+FTD->AD,o_max,xgb_tree_d1,m021015_o_max_ord24_rk00016,24,0.1747114480629107,0.9833557549816875,5,Democracy
AD+FTD->AD,o_max,xgb_tree_d1,m023012_o_max_ord26_rk00013,26,0.1746856089472295,1.1929993566060646,5,Democracy
AD+FTD->AD,o_max,xgb_tree_d1,m003011_o_max_ord6_rk00012,6,0.174678469892425,-0.0,1,Democracy
AD+FTD->AD,o_max,xgb_tree_d1,m015004_o_max_ord18_rk00005,18,0.1746492168461645,0.3095434291503252,2,Democracy
AD+FTD->AD,o_max,xgb_tree_d1,m018004_o_max_ord21_rk00005,21,0.1745955050545813,1.115520093581932,3,Democracy
AD+FTD->AD,o_max,xgb_tree_d1,m018005_o_max_ord21_rk00006,21,0.1745933088169026,-0.0,1,Democracy
AD+FTD->AD,o_max,xgb_tree_d1,m024011_o_max_ord27_rk00012,27,0.1745492633028681,0.824980257347893,3,Democracy
AD+FTD->AD,o_max,xgb_tree_d1,m024014_o_max_ord27_rk00015,27,0.1744874606394459,1.257162987432089,5,Democracy
AD+FTD->AD,o_max,xgb_tree_d1,m017008_o_max_ord20_rk00009,20,0.1744803183683766,0.2863969571159562,2,Democracy
AD+FTD->AD,o_max,xgb_tree_d1,m023004_o_max_ord26_rk00005,26,0.174469548319499,0.969918434275037,4,Democracy
AD+FTD->AD,o_max,xgb_tree_d1,m017004_o_max_ord20_rk00005,20,0.1744537795717393,-0.0,1,Democracy
AD+FTD->AD,o_max,xgb_tree_d1,m024012_o_max_ord27_rk00013,27,0.1744206753300319,1.1625336732554155,5,Democracy
AD+FTD->AD,o_max,xgb_tree_d1,m017012_o_max_ord20_rk00013,20,0.1744167589946361,0.2863969571159562,2,Democracy
AD+FTD->AD,o_max,xgb_tree_d1,m006011_o_max_ord9_rk00012,9,0.1743990050109967,-0.0,1,Democracy
AD+FTD->AD,o_max,xgb_tree_d1,m001012_o_max_ord4_rk00013,4,0.1743696596299272,-0.0,1,Democracy
AD+FTD->AD,o_max,xgb_tree_d1,m020002_o_max_ord23_rk00003,23,0.1743151084395504,1.0666152167384504,3,Democracy
AD+FTD->AD,o_max,xgb_tree_d1,m005013_o_max_ord8_rk00014,8,0.1742977141473956,-0.0,1,Democracy
AD+FTD->AD,o_max,xgb_tree_d1,m008017_o_max_ord11_rk00018,11,0.1742867936927452,0.4394969869215134,2,Democracy
AD+FTD->AD,o_max,xgb_tree_d1,m020009_o_max_ord23_rk00010,23,0.17425402178935,0.4262286569981449,2,Democracy
AD+FTD->AD,o_max,xgb_tree_d1,m001008_o_max_ord4_rk00009,4,0.1742451058121046,-0.0,1,Democracy
AD+FTD->AD,o_max,xgb_tree_d1,m015007_o_max_ord18_rk00008,18,0.1742417610268773,-0.0,1,Democracy
AD+FTD->AD,o_max,xgb_tree_d1,m008007_o_max_ord11_rk00008,11,0.1742342454334755,-0.0,1,Democracy
AD+FTD->AD,o_max,xgb_tree_d1,m001009_o_max_ord4_rk00010,4,0.1742262847572028,-0.0,1,Democracy
AD+FTD->AD,o_max,xgb_tree_d1,m003013_o_max_ord6_rk00014,6,0.1742155833976744,-0.0,1,Democracy
AD+FTD->AD,o_max,xgb_tree_d1,m002007_o_max_ord5_rk00008,5,0.1742045333575592,-0.0,1,Democracy
AD+FTD->AD,o_max,xgb_tree_d1,m018011_o_max_ord21_rk00012,21,0.1742020340579751,0.2761954276479391,2,Democracy
AD+FTD->AD,o_max,xgb_tree_d1,m010017_o_max_ord13_rk00018,13,0.1741824939126118,-0.0,1,Democracy
AD+FTD->AD,o_max,xgb_tree_d1,m016015_o_max_ord19_rk00016,19,0.174149027816944,-0.0,1,Democracy
AD+FTD->AD,o_max,xgb_tree_d1,m008006_o_max_ord11_rk00007,11,0.1741424539143079,-0.0,1,Democracy
AD+FTD->AD,o_max,xgb_tree_d1,m022004_o_max_ord25_rk00005,25,0.1741354254453011,0.8663137138648347,3,Democracy
AD+FTD->AD,o_max,xgb_tree_d1,m010018_o_max_ord13_rk00019,13,0.1740907111861077,-0.0,1,Democracy
AD+FTD->AD,o_max,xgb_tree_d1,m012008_o_max_ord15_rk00009,15,0.1739799667069127,-0.0,1,Democracy
AD+FTD->AD,o_max,xgb_tree_d1,m000014_o_max_ord3_rk00015,3,0.173928633129471,-0.0,1,Democracy
AD+FTD->AD,o_max,xgb_tree_d1,m002015_o_max_ord5_rk00016,5,0.1739212656939681,-0.0,1,Democracy
AD+FTD->AD,o_max,xgb_tree_d1,m007018_o_max_ord10_rk00019,10,0.1738392036225368,-0.0,1,Democracy
AD+FTD->AD,o_max,xgb_tree_d1,m020006_o_max_ord23_rk00007,23,0.1737363911590057,0.5131851787372753,3,Democracy
AD+FTD->AD,o_max,xgb_tree_d1,m004015_o_max_ord7_rk00016,7,0.1736724185997143,-0.0,1,Democracy
AD+FTD->AD,o_max,xgb_tree_d1,m009002_o_max_ord12_rk00003,12,0.1736527032052623,-0.0,1,Democracy
AD+FTD->AD,o_max,xgb_tree_d1,m008016_o_max_ord11_rk00017,11,0.1736492405362217,-0.0,1,Democracy
AD+FTD->AD,o_max,xgb_tree_d1,m016009_o_max_ord19_rk00010,19,0.173584835301056,-0.0,1,Democracy
AD+FTD->AD,o_max,xgb_tree_d1,m011017_o_max_ord14_rk00018,14,0.1735817063101919,-0.0,1,Democracy
AD+FTD->AD,o_max,xgb_tree_d1,m016016_o_max_ord19_rk00017,19,0.1735765173920194,-0.0,1,Democracy
AD+FTD->AD,o_max,xgb_tree_d1,m000017_o_max_ord3_rk00018,3,0.1735493118951515,-0.0,1,Democracy
AD+FTD->AD,o_max,xgb_tree_d1,m018015_o_max_ord21_rk00016,21,0.173435416612763,1.115520093581932,3,Democracy
AD+FTD->AD,o_max,xgb_tree_d1,m003000_o_max_ord6_rk00001,6,0.1734254049780896,-0.0,1,Democracy
AD+FTD->AD,o_max,xgb_tree_d1,m003018_o_max_ord6_rk00019,6,0.1733923454483283,-0.0,1,Democracy
AD+FTD->AD,o_max,xgb_tree_d1,m021009_o_max_ord24_rk00010,24,0.1733777529124275,1.0238995733215066,4,Democracy
AD+FTD->AD,o_max,xgb_tree_d1,m024004_o_max_ord27_rk00005,27,0.1733693414527889,1.042344321483692,4,Democracy
AD+FTD->AD,o_max,xgb_tree_d1,m003002_o_max_ord6_rk00003,6,0.1733318526972314,-0.0,1,Democracy
AD+FTD->AD,o_max,xgb_tree_d1,m023009_o_max_ord26_rk00010,26,0.1733209149984752,1.075875645896709,5,Democracy
AD+FTD->AD,o_max,xgb_tree_d1,m008003_o_max_ord11_rk00004,11,0.1732700220306122,-0.0,1,Democracy
AD+FTD->AD,o_max,xgb_tree_d1,m024001_o_max_ord27_rk00002,27,0.1732051402004196,1.1625336732554155,5,Democracy
AD+FTD->AD,o_max,xgb_tree_d1,m000003_o_max_ord3_rk00004,3,0.1731722830684114,-0.0,1,Democracy
AD+FTD->AD,o_max,xgb_tree_d1,m001005_o_max_ord4_rk00006,4,0.1731597546782077,-0.0,1,Democracy
AD+FTD->AD,o_max,xgb_tree_d1,m013013_o_max_ord16_rk00014,16,0.1731523004324517,-0.0,1,Democracy
AD+FTD->AD,o_max,xgb_tree_d1,m016001_o_max_ord19_rk00002,19,0.1731360659255406,-0.0,1,Democracy
AD+FTD->AD,o_max,xgb_tree_d1,m002004_o_max_ord5_rk00005,5,0.1731040557677374,-0.0,1,Democracy
AD+FTD->AD,o_max,xgb_tree_d1,m017018_o_max_ord20_rk00019,20,0.1730789638941793,1.1411535278793057,3,Democracy
AD+FTD->AD,o_max,xgb_tree_d1,m023015_o_max_ord26_rk00016,26,0.1730624226067907,0.8501514254479945,4,Democracy
AD+FTD->AD,o_max,xgb_tree_d1,m008004_o_max_ord11_rk00005,11,0.1730593350641515,-0.0,1,Democracy
AD+FTD->AD,o_max,xgb_tree_d1,m019000_o_max_ord22_rk00001,22,0.1730248266861767,0.8453509366224364,2,Democracy
AD+FTD->AD,o_max,xgb_tree_d1,m011007_o_max_ord14_rk00008,14,0.1729588146554231,-0.0,1,Democracy
AD+FTD->AD,o_max,xgb_tree_d1,m009015_o_max_ord12_rk00016,12,0.1729506279740447,-0.0,1,Democracy
AD+FTD->AD,o_max,xgb_tree_d1,m012012_o_max_ord15_rk00013,15,0.172936613651549,-0.0,1,Democracy
AD+FTD->AD,o_max,xgb_tree_d1,m000011_o_max_ord3_rk00012,3,0.1729173507990286,-0.0,1,Democracy
AD+FTD->AD,o_max,xgb_tree_d1,m001002_o_max_ord4_rk00003,4,0.1728967340243846,-0.0,1,Democracy
AD+FTD->AD,o_max,xgb_tree_d1,m016007_o_max_ord19_rk00008,19,0.1728446039209695,-0.0,1,Democracy
AD+FTD->AD,o_max,xgb_tree_d1,m016010_o_max_ord19_rk00011,19,0.1728224212789592,-0.0,1,Democracy
AD+FTD->AD,o_max,xgb_tree_d1,m014019_o_max_ord17_rk00020,17,0.172792955282151,0.3227569588973982,2,Democracy
AD+FTD->AD,o_max,xgb_tree_d1,m000008_o_max_ord3_rk00009,3,0.172762318274675,-0.0,1,Democracy
AD+FTD->AD,o_max,xgb_tree_d1,m003005_o_max_ord6_rk00006,6,0.1727351140164087,-0.0,1,Democracy
AD+FTD->AD,o_max,xgb_tree_d1,m009009_o_max_ord12_rk00010,12,0.1727348299238765,-0.0,1,Democracy
AD+FTD->AD,o_max,xgb_tree_d1,m004013_o_max_ord7_rk00014,7,0.1727327868765638,-0.0,1,Democracy
AD+FTD->AD,o_max,xgb_tree_d1,m012014_o_max_ord15_rk00015,15,0.1727139638796385,-0.0,1,Democracy
AD+FTD->AD,o_max,xgb_tree_d1,m017002_o_max_ord20_rk00003,20,0.1726795318656984,-0.0,1,Democracy
AD+FTD->AD,o_max,xgb_tree_d1,m009004_o_max_ord12_rk00005,12,0.1726347625075998,-0.0,1,Democracy
AD+FTD->AD,o_max,xgb_tree_d1,m021000_o_max_ord24_rk00001,24,0.1726207340898562,0.8112781244591328,2,Democracy
AD+FTD->AD,o_max,xgb_tree_d1,m000010_o_max_ord3_rk00011,3,0.1724456803323498,-0.0,1,Democracy
AD+FTD->AD,o_max,xgb_tree_d1,m007019_o_max_ord10_rk00020,10,0.1723657092355573,-0.0,1,Democracy
AD+FTD->AD,o_max,xgb_tree_d1,m025017_o_max_ord28_rk00018,28,0.1723239526154386,1.2274025692592483,5,Democracy
AD+FTD->AD,o_max,xgb_tree_d1,m003010_o_max_ord6_rk00011,6,0.1723003070076447,-0.0,1,Democracy
AD+FTD->AD,o_max,xgb_tree_d1,m019004_o_max_ord22_rk00005,22,0.1722703701260518,1.090652803252992,3,Democracy
AD+FTD->AD,o_max,xgb_tree_d1,m014016_o_max_ord17_rk00017,17,0.1722525287885016,-0.0,1,Democracy
AD+FTD->AD,o_max,xgb_tree_d1,m019009_o_max_ord22_rk00010,22,0.1722337983421313,0.5304060778306042,3,Democracy
AD+FTD->AD,o_max,xgb_tree_d1,m018009_o_max_ord21_rk00010,21,0.1722207097625596,0.2761954276479391,2,Democracy
AD+FTD->AD,o_max,xgb_tree_d1,m008019_o_max_ord11_rk00020,11,0.1722159693410997,-0.0,1,Democracy
AD+FTD->AD,o_max,xgb_tree_d1,m003015_o_max_ord6_rk00016,6,0.1722106757282918,-0.0,1,Democracy
AD+FTD->AD,o_max,xgb_tree_d1,m016012_o_max_ord19_rk00013,19,0.1722043899932641,0.2974722489192896,2,Democracy
AD+FTD->AD,o_max,xgb_tree_d1,m004011_o_max_ord7_rk00012,7,0.1721737241622641,-0.0,1,Democracy
AD+FTD->AD,o_max,xgb_tree_d1,m000018_o_max_ord3_rk00019,3,0.1721517839533806,-0.0,1,Democracy
AD+FTD->AD,o_max,xgb_tree_d1,m005009_o_max_ord8_rk00010,8,0.1721337562423577,-0.0,1,Democracy
AD+FTD->AD,o_max,xgb_tree_d1,m002016_o_max_ord5_rk00017,5,0.1721305897914384,-0.0,1,Democracy
AD+FTD->AD,o_max,xgb_tree_d1,m005008_o_max_ord8_rk00009,8,0.1721292297872138,-0.0,1,Democracy
AD+FTD->AD,o_max,xgb_tree_d1,m018006_o_max_ord21_rk00007,21,0.1721243513774865,1.115520093581932,3,Democracy
AD+FTD->AD,o_max,xgb_tree_d1,m020001_o_max_ord23_rk00002,23,0.1721005087972468,0.9123163027543336,3,Democracy
AD+FTD->AD,o_max,xgb_tree_d1,m008015_o_max_ord11_rk00016,11,0.1720943927388371,-0.0,1,Democracy
AD+FTD->AD,o_max,xgb_tree_d1,m004007_o_max_ord7_rk00008,7,0.1720837852908701,-0.0,1,Democracy
AD+FTD->AD,o_max,xgb_tree_d1,m015016_o_max_ord18_rk00017,18,0.1720828394869091,0.3095434291503252,2,Democracy
AD+FTD->AD,o_max,xgb_tree_d1,m001017_o_max_ord4_rk00018,4,0.172079229647591,-0.0,1,Democracy
AD+FTD->AD,o_max,xgb_tree_d1,m021001_o_max_ord24_rk00002,24,0.1720702673765453,0.8886865525783176,3,Democracy
AD+FTD->AD,o_max,xgb_tree_d1,m004018_o_max_ord7_rk00019,7,0.1720534493403264,-0.0,1,Democracy
AD+FTD->AD,o_max,xgb_tree_d1,m023001_o_max_ord26_rk00002,26,0.1720008201330836,0.969918434275037,4,Democracy
AD+FTD->AD,o_max,xgb_tree_d1,m023000_o_max_ord26_rk00001,26,0.1719800079535959,0.7793498372920851,2,Democracy
AD+FTD->AD,o_max,xgb_tree_d1,m016003_o_max_ord19_rk00004,19,0.1719757623613466,-0.0,1,Democracy
AD+FTD->AD,o_max,xgb_tree_d1,m016018_o_max_ord19_rk00019,19,0.1719352101188013,0.2974722489192896,2,Democracy
AD+FTD->AD,o_max,xgb_tree_d1,m009014_o_max_ord12_rk00015,12,0.1719069505721812,-0.0,1,Democracy
AD+FTD->AD,o_max,xgb_tree_d1,m012005_o_max_ord15_rk00006,15,0.1719067867331595,0.35335933502142136,2,Democracy
AD+FTD->AD,o_max,xgb_tree_d1,m021016_o_max_ord24_rk00017,24,0.171903091151828,0.6583514224564075,3,Democracy
AD+FTD->AD,o_max,xgb_tree_d1,m025004_o_max_ord28_rk00005,28,0.1719005459203163,1.2274025692592483,5,Democracy
AD+FTD->AD,o_max,xgb_tree_d1,m002017_o_max_ord5_rk00018,5,0.1718683671303275,-0.0,1,Democracy
AD+FTD->AD,o_max,xgb_tree_d1,m024002_o_max_ord27_rk00003,27,0.1718381123346745,1.042344321483692,4,Democracy
AD+FTD->AD,o_max,xgb_tree_d1,m004001_o_max_ord7_rk00002,7,0.1718342367583095,-0.0,1,Democracy
AD+FTD->AD,o_max,xgb_tree_d1,m000004_o_max_ord3_rk00005,3,0.1717380376561713,-0.0,1,Democracy
AD+FTD->AD,o_max,xgb_tree_d1,m005016_o_max_ord8_rk00017,8,0.1717356633636196,-0.0,1,Democracy
AD+FTD->AD,o_max,xgb_tree_d1,m008012_o_max_ord11_rk00013,11,0.1717323863547202,-0.0,1,Democracy
AD+FTD->AD,o_max,xgb_tree_d1,m017013_o_max_ord20_rk00014,20,0.1717231481176704,0.2863969571159562,2,Democracy
AD+FTD->AD,o_max,xgb_tree_d1,m004009_o_max_ord7_rk00010,7,0.1717066177481014,-0.0,1,Democracy
AD+FTD->AD,o_max,xgb_tree_d1,m012019_o_max_ord15_rk00020,15,0.171662166211872,0.35335933502142136,2,Democracy
AD+FTD->AD,o_max,xgb_tree_d1,m021008_o_max_ord24_rk00009,24,0.1716619573302275,0.6583514224564075,3,Democracy
AD+FTD->AD,o_max,xgb_tree_d1,m002013_o_max_ord5_rk00014,5,0.1715716880533339,-0.0,1,Democracy
AD+FTD->AD,o_max,xgb_tree_d1,m009005_o_max_ord12_rk00006,12,0.1715273537846413,-0.0,1,Democracy
AD+FTD->AD,o_max,xgb_tree_d1,m003001_o_max_ord6_rk00002,6,0.1714726340968303,-0.0,1,Democracy
AD+FTD->AD,o_max,xgb_tree_d1,m019006_o_max_ord22_rk00007,22,0.1714578140517341,0.5304060778306042,3,Democracy
AD+FTD->AD,o_max,xgb_tree_d1,m016014_o_max_ord19_rk00015,19,0.1714394752602747,0.2974722489192896,2,Democracy
AD+FTD->AD,o_max,xgb_tree_d1,m021005_o_max_ord24_rk00006,24,0.1714120630258728,0.6583514224564075,3,Democracy
AD+FTD->AD,o_max,xgb_tree_d1,m021007_o_max_ord24_rk00008,24,0.1714060051241995,0.6583514224564075,3,Democracy
AD+FTD->AD,o_max,xgb_tree_d1,m014003_o_max_ord17_rk00004,17,0.1713635701563673,-0.0,1,Democracy
AD+FTD->AD,o_max,xgb_tree_d1,m007005_o_max_ord10_rk00006,10,0.171310820151166,-0.0,1,Democracy
AD+FTD->AD,o_max,xgb_tree_d1,m002012_o_max_ord5_rk00013,5,0.1711737386553237,-0.0,1,Democracy
AD+FTD->AD,o_max,xgb_tree_d1,m000009_o_max_ord3_rk00010,3,0.1711661576322378,-0.0,1,Democracy
AD+FTD->AD,o_max,xgb_tree_d1,m002005_o_max_ord5_rk00006,5,0.1711047706104131,-0.0,1,Democracy
AD+FTD->AD,o_max,xgb_tree_d1,m007004_o_max_ord10_rk00005,10,0.1710900907520548,-0.0,1,Democracy
AD+FTD->AD,o_max,xgb_tree_d1,m014009_o_max_ord17_rk00010,17,0.1710460096452594,-0.0,1,Democracy
AD+FTD->AD,o_max,xgb_tree_d1,m014014_o_max_ord17_rk00015,17,0.1710276173712955,0.3227569588973982,2,Democracy
AD+FTD->AD,o_max,xgb_tree_d1,m020015_o_max_ord23_rk00016,23,0.1710186279216206,1.0534081504863568,4,Democracy
AD+FTD->AD,o_max,xgb_tree_d1,m005000_o_max_ord8_rk00001,8,0.171002721406915,-0.0,1,Democracy
AD+FTD->AD,o_max,xgb_tree_d1,m002018_o_max_ord5_rk00019,5,0.1709974344786804,-0.0,1,Democracy
AD+FTD->AD,o_max,xgb_tree_d1,m016019_o_max_ord19_rk00020,19,0.1709825650611807,0.2974722489192896,2,Democracy
AD+FTD->AD,o_max,xgb_tree_d1,m014008_o_max_ord17_rk00009,17,0.1709543646735747,-0.0,1,Democracy
AD+FTD->AD,o_max,xgb_tree_d1,m016002_o_max_ord19_rk00003,19,0.1709507138054399,-0.0,1,Democracy
AD+FTD->AD,o_max,xgb_tree_d1,m001004_o_max_ord4_rk00005,4,0.1709047003868622,-0.0,1,Democracy
AD+FTD->AD,o_max,xgb_tree_d1,m008000_o_max_ord11_rk00001,11,0.1709036306114962,-0.0,1,Democracy
AD+FTD->AD,o_max,xgb_tree_d1,m004003_o_max_ord7_rk00004,7,0.1708511319590087,-0.0,1,Democracy
AD+FTD->AD,o_max,xgb_tree_d1,m014017_o_max_ord17_rk00018,17,0.1708237865450803,0.3227569588973982,2,Democracy
AD+FTD->AD,o_max,xgb_tree_d1,m016006_o_max_ord19_rk00007,19,0.1707854334371638,-0.0,1,Democracy
AD+FTD->AD,o_max,xgb_tree_d1,m000006_o_max_ord3_rk00007,3,0.1707758176922511,-0.0,1,Democracy
AD+FTD->AD,o_max,xgb_tree_d1,m005005_o_max_ord8_rk00006,8,0.170739497849875,-0.0,1,Democracy
AD+FTD->AD,o_max,xgb_tree_d1,m005007_o_max_ord8_rk00008,8,0.1707146384000238,-0.0,1,Democracy
AD+FTD->AD,o_max,xgb_tree_d1,m019017_o_max_ord22_rk00018,22,0.1707089654416403,0.9373012413074895,3,Democracy
AD+FTD->AD,o_max,xgb_tree_d1,m004005_o_max_ord7_rk00006,7,0.170695910911671,-0.0,1,Democracy
AD+FTD->AD,o_max,xgb_tree_d1,m019010_o_max_ord22_rk00011,22,0.1706515043205113,0.266764987803026,2,Democracy
AD+FTD->AD,o_max,xgb_tree_d1,m005015_o_max_ord8_rk00016,8,0.1706437752188149,-0.0,1,Democracy
AD+FTD->AD,o_max,xgb_tree_d1,m001001_o_max_ord4_rk00002,4,0.1706300260110311,-0.0,1,Democracy
AD+FTD->AD,o_max,xgb_tree_d1,m004019_o_max_ord7_rk00020,7,0.1705712864880016,-0.0,1,Democracy
AD+FTD->AD,o_max,xgb_tree_d1,m021003_o_max_ord24_rk00004,24,0.1705132661612644,1.0238995733215066,4,Democracy
AD+FTD->AD,o_max,xgb_tree_d1,m002009_o_max_ord5_rk00010,5,0.1705118247976748,-0.0,1,Democracy
AD+FTD->AD,o_max,xgb_tree_d1,m019016_o_max_ord22_rk00017,22,0.170457250675196,0.266764987803026,2,Democracy
AD+FTD->AD,o_max,xgb_tree_d1,m021011_o_max_ord24_rk00012,24,0.1704382477375106,0.7416847557897409,4,Democracy
AD+FTD->AD,o_max,xgb_tree_d1,m019003_o_max_ord22_rk00004,22,0.170429447375038,0.266764987803026,2,Democracy
AD+FTD->AD,o_max,xgb_tree_d1,m002001_o_max_ord5_rk00002,5,0.1704023566713275,-0.0,1,Democracy
AD+FTD->AD,o_max,xgb_tree_d1,m025015_o_max_ord28_rk00016,28,0.1703865189224419,1.0984868380293622,4,Democracy
AD+FTD->AD,o_max,xgb_tree_d1,m016004_o_max_ord19_rk00005,19,0.1703743977324008,0.2974722489192896,2,Democracy
AD+FTD->AD,o_max,xgb_tree_d1,m027000_o_max_ord30_rk00001,30,0.1703497477221432,1.2486092328524885,4,Democracy
AD+FTD->AD,o_max,xgb_tree_d1,m002019_o_max_ord5_rk00020,5,0.170306891207345,-0.0,1,Democracy
AD+FTD->AD,o_max,xgb_tree_d1,m007014_o_max_ord10_rk00015,10,0.1702780299868933,0.4689955935892812,2,Democracy
AD+FTD->AD,o_max,xgb_tree_d1,m017015_o_max_ord20_rk00016,20,0.1702315993407452,0.5689955935892812,3,Democracy
AD+FTD->AD,o_max,xgb_tree_d1,m021012_o_max_ord24_rk00013,24,0.1702132933544304,0.5435644431995964,2,Democracy
AD+FTD->AD,o_max,xgb_tree_d1,m005012_o_max_ord8_rk00013,8,0.1702088626302699,-0.0,1,Democracy
AD+FTD->AD,o_max,xgb_tree_d1,m025009_o_max_ord28_rk00010,28,0.1701860363266171,1.0178015074140134,4,Democracy
AD+FTD->AD,o_max,xgb_tree_d1,m002003_o_max_ord5_rk00004,5,0.1701854519296393,-0.0,1,Democracy
AD+FTD->AD,o_max,xgb_tree_d1,m008008_o_max_ord11_rk00009,11,0.1701677339661003,-0.0,1,Democracy
AD+FTD->AD,o_max,xgb_tree_d1,m021019_o_max_ord24_rk00020,24,0.1701475024277299,1.2720552088742005,4,Democracy
AD+FTD->AD,o_max,xgb_tree_d1,m019008_o_max_ord22_rk00009,22,0.1700984061608518,0.5304060778306042,3,Democracy
AD+FTD->AD,o_max,xgb_tree_d1,m018012_o_max_ord21_rk00013,21,0.1700514348907573,1.115520093581932,3,Democracy
AD+FTD->AD,o_max,xgb_tree_d1,m003004_o_max_ord6_rk00005,6,0.1700477080282088,-0.0,1,Democracy
AD+FTD->AD,o_max,xgb_tree_d1,m000015_o_max_ord3_rk00016,3,0.1700348004730835,-0.0,1,Democracy
AD+FTD->AD,o_max,xgb_tree_d1,m019001_o_max_ord22_rk00002,22,0.1700184478426281,1.090652803252992,3,Democracy
AD+FTD->AD,o_max,xgb_tree_d1,m001006_o_max_ord4_rk00007,4,0.1698504689708145,-0.0,1,Democracy
AD+FTD->AD,o_max,xgb_tree_d1,m024015_o_max_ord27_rk00016,27,0.1698462888058395,0.824980257347893,3,Democracy
AD+FTD->AD,o_max,xgb_tree_d1,m002014_o_max_ord5_rk00015,5,0.1697952304004432,-0.0,1,Democracy
AD+FTD->AD,o_max,xgb_tree_d1,m019018_o_max_ord22_rk00019,22,0.1696449499728494,0.266764987803026,2,Democracy
AD+FTD->AD,o_max,xgb_tree_d1,m005003_o_max_ord8_rk00004,8,0.1696406351380732,-0.0,1,Democracy
AD+FTD->AD,o_max,xgb_tree_d1,m001014_o_max_ord4_rk00015,4,0.1695568146800548,-0.0,1,Democracy
AD+FTD->AD,o_max,xgb_tree_d1,m015013_o_max_ord18_rk00014,18,0.169538048751246,0.3095434291503252,2,Democracy
AD+FTD->AD,o_max,xgb_tree_d1,m015010_o_max_ord18_rk00011,18,0.16953748542475,-0.0,1,Democracy
AD+FTD->AD,o_max,xgb_tree_d1,m004006_o_max_ord7_rk00007,7,0.1695373057504116,-0.0,1,Democracy
AD+FTD->AD,o_max,xgb_tree_d1,m008018_o_max_ord11_rk00019,11,0.1695342433945479,-0.0,1,Democracy
AD+FTD->AD,o_max,xgb_tree_d1,m010007_o_max_ord13_rk00008,13,0.1695144670606554,-0.0,1,Democracy
AD+FTD->AD,o_max,xgb_tree_d1,m025012_o_max_ord28_rk00013,28,0.1694802624434421,1.2274025692592483,5,Democracy
AD+FTD->AD,o_max,xgb_tree_d1,m025005_o_max_ord28_rk00006,28,0.1694458287714008,1.2274025692592483,5,Democracy
AD+FTD->AD,o_max,xgb_tree_d1,m009001_o_max_ord12_rk00002,12,0.1694388026467687,-0.0,1,Democracy
AD+FTD->AD,o_max,xgb_tree_d1,m001018_o_max_ord4_rk00019,4,0.16941933902198,-0.0,1,Democracy
AD+FTD->AD,o_max,xgb_tree_d1,m003012_o_max_ord6_rk00013,6,0.169394885151441,-0.0,1,Democracy
AD+FTD->AD,o_max,xgb_tree_d1,m004010_o_max_ord7_rk00011,7,0.1693861440343705,-0.0,1,Democracy
AD+FTD->AD,o_max,xgb_tree_d1,m019011_o_max_ord22_rk00012,22,0.1693358835682592,0.266764987803026,2,Democracy
AD+FTD->AD,o_max,xgb_tree_d1,m000007_o_max_ord3_rk00008,3,0.169297211426416,-0.0,1,Democracy
AD+FTD->AD,o_max,xgb_tree_d1,m024005_o_max_ord27_rk00006,27,0.1692663838801227,0.9451696091196164,4,Democracy
AD+FTD->AD,o_max,xgb_tree_d1,m000005_o_max_ord3_rk00006,3,0.1691864221685082,-0.0,1,Democracy
AD+FTD->AD,o_max,xgb_tree_d1,m016017_o_max_ord19_rk00018,19,0.1691682601338771,0.2974722489192896,2,Democracy
AD+FTD->AD,o_max,xgb_tree_d1,m021004_o_max_ord24_rk00005,24,0.1691588387352997,0.8886865525783176,3,Democracy
AD+FTD->AD,o_max,xgb_tree_d1,m000019_o_max_ord3_rk00020,3,0.1691573136670111,-0.0,1,Democracy
AD+FTD->AD,o_max,xgb_tree_d1,m007008_o_max_ord10_rk00009,10,0.1691395930475996,-0.0,1,Democracy
AD+FTD->AD,o_max,xgb_tree_d1,m002002_o_max_ord5_rk00003,5,0.169124967840392,-0.0,1,Democracy
AD+FTD->AD,o_max,xgb_tree_d1,m005011_o_max_ord8_rk00012,8,0.1690881883197467,-0.0,1,Democracy
AD+FTD->AD,o_max,xgb_tree_d1,m016000_o_max_ord19_rk00001,19,0.1689914164543627,0.8997437586982626,2,Democracy
AD+FTD->AD,o_max,xgb_tree_d1,m024009_o_max_ord27_rk00010,27,0.1689561286078617,1.042344321483692,4,Democracy
AD+FTD->AD,o_max,xgb_tree_d1,m019007_o_max_ord22_rk00008,22,0.1689532793557244,0.266764987803026,2,Democracy
AD+FTD->AD,o_max,xgb_tree_d1,m004012_o_max_ord7_rk00013,7,0.1688812489636109,-0.0,1,Democracy
AD+FTD->AD,o_max,xgb_tree_d1,m001016_o_max_ord4_rk00017,4,0.1688407342806986,-0.0,1,Democracy
AD+FTD->AD,o_max,xgb_tree_d1,m025003_o_max_ord28_rk00004,28,0.1688033594706341,1.2274025692592483,5,Democracy
AD+FTD->AD,o_max,xgb_tree_d1,m002000_o_max_ord5_rk00001,5,0.168768921689888,-0.0,1,Democracy
AD+FTD->AD,o_max,xgb_tree_d1,m017007_o_max_ord20_rk00008,20,0.168757392624948,0.2863969571159562,2,Democracy
AD+FTD->AD,o_max,xgb_tree_d1,m004004_o_max_ord7_rk00005,7,0.1687243598822628,-0.0,1,Democracy
AD+FTD->AD,o_max,xgb_tree_d1,m005006_o_max_ord8_rk00007,8,0.168724267793637,-0.0,1,Democracy
AD+FTD->AD,o_max,xgb_tree_d1,m004017_o_max_ord7_rk00018,7,0.1686038597867826,-0.0,1,Democracy
AD+FTD->AD,o_max,xgb_tree_d1,m019005_o_max_ord22_rk00006,22,0.1685978583602162,-0.0,1,Democracy
AD+FTD->AD,o_max,xgb_tree_d1,m024000_o_max_ord27_rk00001,27,0.1685768825030164,0.7642045065086203,2,Democracy
AD+FTD->AD,o_max,xgb_tree_d1,m000016_o_max_ord3_rk00017,3,0.1685728085368973,-0.0,1,Democracy
AD+FTD->AD,o_max,xgb_tree_d1,m019019_o_max_ord22_rk00020,22,0.1685677128343318,0.266764987803026,2,Democracy
AD+FTD->AD,o_max,xgb_tree_d1,m019015_o_max_ord22_rk00016,22,0.1685430521713616,0.266764987803026,2,Democracy
AD+FTD->AD,o_max,xgb_tree_d1,m025011_o_max_ord28_rk00012,28,0.1685382993350087,1.2274025692592483,5,Democracy
AD+FTD->AD,o_max,xgb_tree_d1,m005002_o_max_ord8_rk00003,8,0.1685166225767671,-0.0,1,Democracy
AD+FTD->AD,o_max,xgb_tree_d1,m010014_o_max_ord13_rk00015,13,0.168360827678728,-0.0,1,Democracy
AD+FTD->AD,o_max,xgb_tree_d1,m013003_o_max_ord16_rk00004,16,0.168255600426929,0.9544340029249649,2,Democracy
AD+FTD->AD,o_max,xgb_tree_d1,m010016_o_max_ord13_rk00017,13,0.1682544430031985,-0.0,1,Democracy
AD+FTD->AD,o_max,xgb_tree_d1,m017003_o_max_ord20_rk00004,20,0.1682505458676465,0.2863969571159562,2,Democracy
AD+FTD->AD,o_max,xgb_tree_d1,m019012_o_max_ord22_rk00013,22,0.1682434140359692,0.266764987803026,2,Democracy
AD+FTD->AD,o_max,xgb_tree_d1,m004016_o_max_ord7_rk00017,7,0.1682006283998449,-0.0,1,Democracy
AD+FTD->AD,o_max,xgb_tree_d1,m005010_o_max_ord8_rk00011,8,0.1681818849456694,-0.0,1,Democracy
AD+FTD->AD,o_max,xgb_tree_d1,m004000_o_max_ord7_rk00001,7,0.168175435855125,-0.0,1,Democracy
AD+FTD->AD,o_max,xgb_tree_d1,m025014_o_max_ord28_rk00015,28,0.1681052443628511,1.3056334087653163,5,Democracy
AD+FTD->AD,o_max,xgb_tree_d1,m004002_o_max_ord7_rk00003,7,0.1680248996331041,-0.0,1,Democracy
AD+FTD->AD,o_max,xgb_tree_d1,m016011_o_max_ord19_rk00012,19,0.1679925928532463,0.2974722489192896,2,Democracy
AD+FTD->AD,o_max,xgb_tree_d1,m020011_o_max_ord23_rk00012,23,0.1678973290355188,0.6784070909375675,3,Democracy
AD+FTD->AD,o_max,xgb_tree_d1,m013010_o_max_ord16_rk00011,16,0.1677375292906279,-0.0,1,Democracy
AD+FTD->AD,o_max,xgb_tree_d1,m024016_o_max_ord27_rk00017,27,0.1676679375643431,1.1625336732554155,5,Democracy
AD+FTD->AD,o_max,xgb_tree_d1,m025016_o_max_ord28_rk00017,28,0.1676468639627666,0.9217544759335055,4,Democracy
AD+FTD->AD,o_max,xgb_tree_d1,m000013_o_max_ord3_rk00014,3,0.1676219117449008,-0.0,1,Democracy
AD+FTD->AD,o_max,xgb_tree_d1,m014000_o_max_ord17_rk00001,17,0.1675589711711761,0.9366673818775624,2,Democracy
AD+FTD->AD,o_max,xgb_tree_d1,m013019_o_max_ord16_rk00020,16,0.1675537046068336,-0.0,1,Democracy
AD+FTD->AD,o_max,xgb_tree_d1,m007000_o_max_ord10_rk00001,10,0.1674846992195198,-0.0,1,Democracy
AD+FTD->AD,o_max,xgb_tree_d1,m005018_o_max_ord8_rk00019,8,0.1674092337623933,-0.0,1,Democracy
AD+FTD->AD,o_max,xgb_tree_d1,m007011_o_max_ord10_rk00012,10,0.1672879582773487,0.4689955935892812,2,Democracy
AD+FTD->AD,o_max,xgb_tree_d1,m025018_o_max_ord28_rk00019,28,0.1672014164590266,0.9591963191047147,3,Democracy
AD+FTD->AD,o_max,xgb_tree_d1,m025008_o_max_ord28_rk00009,28,0.1671561327641645,1.3432994441819814,6,Democracy
AD+FTD->AD,o_max,xgb_tree_d1,m007016_o_max_ord10_rk00017,10,0.1670978313661589,-0.0,1,Democracy
AD+FTD->AD,o_max,xgb_tree_d1,m025000_o_max_ord28_rk00001,28,0.1669706271509196,0.9591963191047147,3,Democracy
AD+FTD->AD,o_max,xgb_tree_d1,m007010_o_max_ord10_rk00011,10,0.1669046098320361,-0.0,1,Democracy
AD+FTD->AD,o_max,xgb_tree_d1,m000012_o_max_ord3_rk00013,3,0.1667839258992473,-0.0,1,Democracy
AD+FTD->AD,o_max,xgb_tree_d1,m015006_o_max_ord18_rk00007,18,0.1667753955781412,-0.0,1,Democracy
AD+FTD->AD,o_max,xgb_tree_d1,m007013_o_max_ord10_rk00014,10,0.166727170329114,-0.0,1,Democracy
AD+FTD->AD,o_max,xgb_tree_d1,m024006_o_max_ord27_rk00007,27,0.1666251499530197,0.9451696091196164,4,Democracy
AD+FTD->AD,o_max,xgb_tree_d1,m025001_o_max_ord28_rk00002,28,0.166612110407639,1.2274025692592483,5,Democracy
AD+FTD->AD,o_max,xgb_tree_d1,m024019_o_max_ord27_rk00020,27,0.16656767777148,0.908653933541588,3,Democracy
AD+FTD->AD,o_max,xgb_tree_d1,m010008_o_max_ord13_rk00009,13,0.1665506977886721,-0.0,1,Democracy
AD+FTD->AD,o_max,xgb_tree_d1,m025002_o_max_ord28_rk00003,28,0.1664823410395289,1.1336983823367468,5,Democracy
AD+FTD->AD,o_max,xgb_tree_d1,m025019_o_max_ord28_rk00020,28,0.1664819297945441,1.1336983823367468,5,Democracy
AD+FTD->AD,o_max,xgb_tree_d1,m005001_o_max_ord8_rk00002,8,0.1664578007026727,-0.0,1,Democracy
AD+FTD->AD,o_max,xgb_tree_d1,m007003_o_max_ord10_rk00004,10,0.1663905035281057,-0.0,1,Democracy
AD+FTD->AD,o_max,xgb_tree_d1,m017006_o_max_ord20_rk00007,20,0.1663812768335574,0.2863969571159562,2,Democracy
AD+FTD->AD,o_max,xgb_tree_d1,m025013_o_max_ord28_rk00014,28,0.1663579955103457,1.2274025692592483,5,Democracy
AD+FTD->AD,o_max,xgb_tree_d1,m005017_o_max_ord8_rk00018,8,0.1662398972384768,-0.0,1,Democracy
AD+FTD->AD,o_max,xgb_tree_d1,m007001_o_max_ord10_rk00002,10,0.1661806659040241,-0.0,1,Democracy
AD+FTD->AD,o_max,xgb_tree_d1,m016013_o_max_ord19_rk00014,19,0.1661411711995893,-0.0,1,Democracy
AD+FTD->AD,o_max,xgb_tree_d1,m019014_o_max_ord22_rk00015,22,0.1661189479105017,1.3315796225857794,4,Democracy
AD+FTD->AD,o_max,xgb_tree_d1,m020017_o_max_ord23_rk00018,23,0.1660938783312362,0.5131851787372753,3,Democracy
AD+FTD->AD,o_max,xgb_tree_d1,m017016_o_max_ord20_rk00017,20,0.1659985703577958,0.2863969571159562,2,Democracy
AD+FTD->AD,o_max,xgb_tree_d1,m007007_o_max_ord10_rk00008,10,0.165941463566833,-0.0,1,Democracy
AD+FTD->AD,o_max,xgb_tree_d1,m025007_o_max_ord28_rk00008,28,0.1657606599724795,1.1336983823367468,5,Democracy
AD+FTD->AD,o_max,xgb_tree_d1,m007006_o_max_ord10_rk00007,10,0.1657317484598809,-0.0,1,Democracy
AD+FTD->AD,o_max,xgb_tree_d1,m020012_o_max_ord23_rk00013,23,0.1655914459919246,0.5131851787372753,3,Democracy
AD+FTD->AD,o_max,xgb_tree_d1,m010002_o_max_ord13_rk00003,13,0.1655232348960628,-0.0,1,Democracy
AD+FTD->AD,o_max,xgb_tree_d1,m013008_o_max_ord16_rk00009,16,0.1653913177626503,-0.0,1,Democracy
AD+FTD->AD,o_max,xgb_tree_d1,m019002_o_max_ord22_rk00003,22,0.165313962872282,0.266764987803026,2,Democracy
AD+FTD->AD,o_max,xgb_tree_d1,m025010_o_max_ord28_rk00011,28,0.1652547377326305,1.0178015074140134,4,Democracy
AD+FTD->AD,o_max,xgb_tree_d1,m010011_o_max_ord13_rk00012,13,0.1652118496139136,-0.0,1,Democracy
AD+FTD->AD,o_max,xgb_tree_d1,m010006_o_max_ord13_rk00007,13,0.1651566177599174,-0.0,1,Democracy
AD+FTD->AD,o_max,xgb_tree_d1,m010019_o_max_ord13_rk00020,13,0.1649483086649931,-0.0,1,Democracy
AD+FTD->AD,o_max,xgb_tree_d1,m007012_o_max_ord10_rk00013,10,0.1648527347752962,-0.0,1,Democracy
AD+FTD->AD,o_max,xgb_tree_d1,m019013_o_max_ord22_rk00014,22,0.1646040221301571,-0.0,1,Democracy
AD+FTD->AD,o_max,xgb_tree_d1,m025006_o_max_ord28_rk00007,28,0.1643713817590996,1.0178015074140134,4,Democracy
AD+FTD->AD,o_max,xgb_tree_d1,m015009_o_max_ord18_rk00010,18,0.1640349155466935,-0.0,1,Democracy
AD+FTD->AD,o_max,xgb_tree_d1,m007015_o_max_ord10_rk00016,10,0.1632320326175259,-0.0,1,Democracy
AD+FTD->AD,o_max,xgb_tree_d1,m010004_o_max_ord13_rk00005,13,0.163211184909613,-0.0,1,Democracy
AD+FTD->AD,o_max,xgb_tree_d1,m012018_o_max_ord15_rk00019,15,0.1631398696472256,-0.0,1,Democracy
AD+FTD->AD,o_max,xgb_tree_d1,m020010_o_max_ord23_rk00011,23,0.1599501916719485,0.5131851787372753,3,Democracy
AD+FTD->FTD,o_min,xgb_tree_d2,m074530_o_min_ord30_rk00016,30,0.3438228336382246,2.8770954959558153,9,Democracy
AD+FTD->FTD,o_min,xgb_tree_d2,m058532_o_min_ord14_rk00018,14,0.3435903655155556,2.270942421748537,5,Temperature
AD+FTD->FTD,o_min,xgb_tree_d2,m059522_o_min_ord15_rk00008,15,0.3432343876100704,2.4729055953200563,6,Democracy
AD+FTD->FTD,o_min,xgb_tree_d2,m052517_o_min_ord8_rk00003,8,0.3430335902726862,2.1556390622295662,5,Socioeconomic
AD+FTD->FTD,o_min,xgb_tree_d2,m053517_o_min_ord9_rk00003,9,0.3426878034968269,2.1971597234241496,5,Socioeconomic
AD+FTD->FTD,o_min,xgb_tree_d2,m058521_o_min_ord14_rk00007,14,0.3426079186746857,2.5027361715940035,6,Air Pollution
AD+FTD->FTD,o_min,xgb_tree_d2,m066519_o_min_ord22_rk00005,22,0.3424497666496693,2.9151512344992474,9,Temperature
AD+FTD->FTD,o_min,xgb_tree_d2,m057534_o_min_ord13_rk00020,13,0.3422425545712362,2.4116022179746714,6,Temperature
AD+FTD->FTD,o_min,xgb_tree_d2,m056516_o_min_ord12_rk00002,12,0.3422150302059236,2.4591479170272446,6,Temperature
AD+FTD->FTD,o_min,xgb_tree_d2,m054527_o_min_ord10_rk00013,10,0.3420349150767608,2.2464393446710154,5,Socioeconomic
AD+FTD->FTD,o_min,xgb_tree_d2,m074521_o_min_ord30_rk00007,30,0.3419476324644198,2.7874302980927217,9,Democracy
AD+FTD->FTD,o_min,xgb_tree_d2,m054526_o_min_ord10_rk00012,10,0.3412575744424094,2.4464393446710155,6,Air Pollution
AD+FTD->FTD,o_min,xgb_tree_d2,m059523_o_min_ord15_rk00009,15,0.3412035549442022,2.256564762130954,5,Temperature
AD+FTD->FTD,o_min,xgb_tree_d2,m063515_o_min_ord19_rk00001,19,0.3411989234075929,2.6947814605842733,7,Temperature
AD+FTD->FTD,o_min,xgb_tree_d2,m063527_o_min_ord19_rk00013,19,0.3409087109057882,2.6292492238560348,7,Temperature
AD+FTD->FTD,o_min,xgb_tree_d2,m066522_o_min_ord22_rk00008,22,0.3406986737680612,2.9019469592513696,9,Democracy
AD+FTD->FTD,o_min,xgb_tree_d2,m053527_o_min_ord9_rk00013,9,0.3405731006022874,2.197159723424149,5,Socioeconomic
AD+FTD->FTD,o_min,xgb_tree_d2,m070531_o_min_ord26_rk00017,26,0.3405568296790251,2.8536700092563416,9,Democracy
AD+FTD->FTD,o_min,xgb_tree_d2,m074520_o_min_ord30_rk00006,30,0.3405312209632831,2.9437621626224817,10,Democracy
AD+FTD->FTD,o_min,xgb_tree_d2,m062517_o_min_ord18_rk00003,18,0.3404411077565916,2.7107770844150676,7,Temperature
AD+FTD->FTD,o_min,xgb_tree_d2,m053529_o_min_ord9_rk00015,9,0.3404039828876486,2.197159723424149,5,Socioeconomic
AD+FTD->FTD,o_min,xgb_tree_d2,m048530_o_min_ord4_rk00016,4,0.3402651922041023,2.0,4,Air Pollution
AD+FTD->FTD,o_min,xgb_tree_d2,m063524_o_min_ord19_rk00010,19,0.340140271572937,2.694781460584273,7,Temperature
AD+FTD->FTD,o_min,xgb_tree_d2,m060516_o_min_ord16_rk00002,16,0.3400713767164529,2.5306390622295662,6,Temperature
AD+FTD->FTD,o_min,xgb_tree_d2,m074517_o_min_ord30_rk00003,30,0.3400572479519648,2.8640835117703762,9,Democracy
AD+FTD->FTD,o_min,xgb_tree_d2,m074532_o_min_ord30_rk00018,30,0.3399714535150629,2.9437621626224817,10,Democracy
AD+FTD->FTD,o_min,xgb_tree_d2,m052528_o_min_ord8_rk00014,8,0.3399696569742511,2.25,5,Precipitation/droughts
AD+FTD->FTD,o_min,xgb_tree_d2,m058530_o_min_ord14_rk00016,14,0.3399577570778881,2.6455933144511468,7,Temperature
AD+FTD->FTD,o_min,xgb_tree_d2,m067524_o_min_ord23_rk00010,23,0.3397908810702285,2.8768531307993075,9,Democracy
AD+FTD->FTD,o_min,xgb_tree_d2,m074527_o_min_ord30_rk00013,30,0.3397708783824706,2.7874302980927217,9,Democracy
AD+FTD->FTD,o_min,xgb_tree_d2,m071515_o_min_ord27_rk00001,27,0.3396297583069015,2.815460540067162,9,Democracy
AD+FTD->FTD,o_min,xgb_tree_d2,m053530_o_min_ord9_rk00016,9,0.3395991725118223,2.197159723424149,5,Democracy
AD+FTD->FTD,o_min,xgb_tree_d2,m068516_o_min_ord24_rk00002,24,0.3395987697324143,2.907268229617389,9,Democracy
AD+FTD->FTD,o_min,xgb_tree_d2,m071519_o_min_ord27_rk00005,27,0.3395804939124949,2.815460540067162,9,Democracy
AD+FTD->FTD,o_min,xgb_tree_d2,m061522_o_min_ord17_rk00008,17,0.3395219927149631,2.513645929358371,6,Temperature
AD+FTD->FTD,o_min,xgb_tree_d2,m061515_o_min_ord17_rk00001,17,0.3394982490508895,2.7333716642706998,7,Air Pollution
AD+FTD->FTD,o_min,xgb_tree_d2,m066525_o_min_ord22_rk00011,22,0.3394537596929213,2.9019469592513696,9,Democracy
AD+FTD->FTD,o_min,xgb_tree_d2,m070529_o_min_ord26_rk00015,26,0.3394459054607089,2.8536700092563416,9,Democracy
AD+FTD->FTD,o_min,xgb_tree_d2,m074519_o_min_ord30_rk00005,30,0.339395291671972,2.8640835117703762,9,Democracy
AD+FTD->FTD,o_min,xgb_tree_d2,m060518_o_min_ord16_rk00004,16,0.339392799682203,2.452819531114783,6,Temperature
AD+FTD->FTD,o_min,xgb_tree_d2,m071526_o_min_ord27_rk00012,27,0.3392009289992266,2.815460540067162,9,Democracy
AD+FTD->FTD,o_min,xgb_tree_d2,m071524_o_min_ord27_rk00010,27,0.3391800046523011,2.815460540067162,9,Democracy
AD+FTD->FTD,o_min,xgb_tree_d2,m064533_o_min_ord20_rk00019,20,0.3391392934142927,2.7282129458410016,7,Democracy
AD+FTD->FTD,o_min,xgb_tree_d2,m074524_o_min_ord30_rk00010,30,0.3391237614725407,2.9437621626224817,10,Democracy
AD+FTD->FTD,o_min,xgb_tree_d2,m063533_o_min_ord19_rk00019,19,0.3390876177083095,2.694781460584273,7,Temperature
AD+FTD->FTD,o_min,xgb_tree_d2,m059516_o_min_ord15_rk00002,15,0.3390535596336197,2.4729055953200563,6,Temperature
AD+FTD->FTD,o_min,xgb_tree_d2,m070519_o_min_ord26_rk00005,26,0.339039145574731,2.8536700092563416,9,Democracy
AD+FTD->FTD,o_min,xgb_tree_d2,m062516_o_min_ord18_rk00002,18,0.3389836749419042,2.7107770844150676,7,Precipitation/droughts
AD+FTD->FTD,o_min,xgb_tree_d2,m074518_o_min_ord30_rk00004,30,0.3389436314440402,2.7874302980927217,9,Democracy
AD+FTD->FTD,o_min,xgb_tree_d2,m071520_o_min_ord27_rk00006,27,0.338927943325544,2.815460540067162,9,Democracy
AD+FTD->FTD,o_min,xgb_tree_d2,m063526_o_min_ord19_rk00012,19,0.3388904750835014,2.694781460584273,7,Precipitation/droughts
AD+FTD->FTD,o_min,xgb_tree_d2,m062524_o_min_ord18_rk00010,18,0.3388049637150887,2.6416041678685938,7,Temperature
AD+FTD->FTD,o_min,xgb_tree_d2,m071522_o_min_ord27_rk00008,27,0.3387231313354892,2.815460540067162,9,Democracy
AD+FTD->FTD,o_min,xgb_tree_d2,m060527_o_min_ord16_rk00013,16,0.3387092587570975,2.6556390622295662,7,Temperature
AD+FTD->FTD,o_min,xgb_tree_d2,m065516_o_min_ord21_rk00002,21,0.3385961148184677,2.915195993795242,9,Democracy
AD+FTD->FTD,o_min,xgb_tree_d2,m058527_o_min_ord14_rk00013,14,0.3385700701881187,2.5027361715940035,6,Air Pollution
AD+FTD->FTD,o_min,xgb_tree_d2,m059532_o_min_ord15_rk00018,15,0.3385623333109084,2.689246428509158,7,Air Pollution
AD+FTD->FTD,o_min,xgb_tree_d2,m069517_o_min_ord25_rk00003,25,0.3385163464126256,2.8530201924480454,9,Democracy
AD+FTD->FTD,o_min,xgb_tree_d2,m060515_o_min_ord16_rk00001,16,0.3385084943485176,2.7334585933443494,7,Air Pollution
AD+FTD->FTD,o_min,xgb_tree_d2,m053524_o_min_ord9_rk00010,9,0.3384655712476211,2.197159723424149,5,Socioeconomic
AD+FTD->FTD,o_min,xgb_tree_d2,m072532_o_min_ord28_rk00018,28,0.3384523732822559,3.0210687638074782,10,Democracy
AD+FTD->FTD,o_min,xgb_tree_d2,m065529_o_min_ord21_rk00015,21,0.3383890156473247,2.9463875191311275,9,Temperature
AD+FTD->FTD,o_min,xgb_tree_d2,m074522_o_min_ord30_rk00008,30,0.3383429797258682,2.9437621626224817,10,Democracy
AD+FTD->FTD,o_min,xgb_tree_d2,m074531_o_min_ord30_rk00017,30,0.3383206003126282,2.9437621626224817,10,Democracy
AD+FTD->FTD,o_min,xgb_tree_d2,m068532_o_min_ord24_rk00018,24,0.3381476477639932,2.83429531609601,9,Democracy
AD+FTD->FTD,o_min,xgb_tree_d2,m054519_o_min_ord10_rk00005,10,0.3381236859593386,2.2464393446710154,5,Democracy
AD+FTD->FTD,o_min,xgb_tree_d2,m071516_o_min_ord27_rk00002,27,0.3381132161966892,2.815460540067162,9,Democracy
AD+FTD->FTD,o_min,xgb_tree_d2,m062519_o_min_ord18_rk00005,18,0.3380465680857833,2.683542362433231,7,Temperature
AD+FTD->FTD,o_min,xgb_tree_d2,m054525_o_min_ord10_rk00011,10,0.3379464076621812,2.2464393446710154,5,Socioeconomic
AD+FTD->FTD,o_min,xgb_tree_d2,m057526_o_min_ord13_rk00012,13,0.3379156031045162,2.449311833026446,6,Temperature
AD+FTD->FTD,o_min,xgb_tree_d2,m064515_o_min_ord20_rk00001,20,0.3378961645401624,2.6841837197791887,7,Temperature
AD+FTD->FTD,o_min,xgb_tree_d2,m072530_o_min_ord28_rk00016,28,0.3378618031134042,2.935698780751651,9,Democracy
AD+FTD->FTD,o_min,xgb_tree_d2,m065528_o_min_ord21_rk00014,21,0.3378235926088131,2.9463875191311275,9,Democracy
AD+FTD->FTD,o_min,xgb_tree_d2,m054520_o_min_ord10_rk00006,10,0.3378142642675936,2.4464393446710155,6,Temperature
AD+FTD->FTD,o_min,xgb_tree_d2,m071525_o_min_ord27_rk00011,27,0.3376811539039149,2.815460540067162,9,Democracy
AD+FTD->FTD,o_min,xgb_tree_d2,m071533_o_min_ord27_rk00019,27,0.3375943324811797,2.815460540067162,9,Democracy
AD+FTD->FTD,o_min,xgb_tree_d2,m074516_o_min_ord30_rk00002,30,0.3375753709413133,2.7874302980927217,9,Democracy
AD+FTD->FTD,o_min,xgb_tree_d2,m059521_o_min_ord15_rk00007,15,0.3375704163805771,2.689246428509158,7,Air Pollution
AD+FTD->FTD,o_min,xgb_tree_d2,m063528_o_min_ord19_rk00014,19,0.3374816653560465,2.6100635408770723,7,Democracy
AD+FTD->FTD,o_min,xgb_tree_d2,m055520_o_min_ord11_rk00006,11,0.3374279184741345,2.481714572986073,6,Democracy
AD+FTD->FTD,o_min,xgb_tree_d2,m071517_o_min_ord27_rk00003,27,0.3374258866642029,2.815460540067162,9,Democracy
AD+FTD->FTD,o_min,xgb_tree_d2,m065524_o_min_ord21_rk00010,21,0.3373638776815317,2.6606732334168424,7,Democracy
AD+FTD->FTD,o_min,xgb_tree_d2,m062523_o_min_ord18_rk00009,18,0.3373546092219011,2.4613201402110088,6,Temperature
AD+FTD->FTD,o_min,xgb_tree_d2,m059528_o_min_ord15_rk00014,15,0.3373206405333281,2.689246428509158,7,Air Pollution
AD+FTD->FTD,o_min,xgb_tree_d2,m061534_o_min_ord17_rk00020,17,0.3372510238369531,2.7045348998193433,7,Temperature
AD+FTD->FTD,o_min,xgb_tree_d2,m070515_o_min_ord26_rk00001,26,0.3372466838092284,2.8536700092563416,9,Democracy
AD+FTD->FTD,o_min,xgb_tree_d2,m063521_o_min_ord19_rk00007,19,0.3372322445380483,2.6292492238560348,7,Temperature
AD+FTD->FTD,o_min,xgb_tree_d2,m066516_o_min_ord22_rk00002,22,0.3371550792155661,2.9019469592513696,9,Democracy
AD+FTD->FTD,o_min,xgb_tree_d2,m072527_o_min_ord28_rk00013,28,0.3371397868764957,2.935698780751651,9,Democracy
AD+FTD->FTD,o_min,xgb_tree_d2,m074526_o_min_ord30_rk00012,30,0.3371302620574791,2.7874302980927217,9,Democracy
AD+FTD->FTD,o_min,xgb_tree_d2,m070534_o_min_ord26_rk00020,26,0.3371099687149621,2.8536700092563416,9,Democracy
AD+FTD->FTD,o_min,xgb_tree_d2,m057531_o_min_ord13_rk00017,13,0.3371034702425917,2.2954656791802917,5,Air Pollution
AD+FTD->FTD,o_min,xgb_tree_d2,m053533_o_min_ord9_rk00019,9,0.3370908953944604,2.1971597234241496,5,Socioeconomic
AD+FTD->FTD,o_min,xgb_tree_d2,m065523_o_min_ord21_rk00009,21,0.3370874034068279,2.6606732334168424,7,Democracy
AD+FTD->FTD,o_min,xgb_tree_d2,m067525_o_min_ord23_rk00011,23,0.33699602463054,2.7029400873210467,8,Democracy
AD+FTD->FTD,o_min,xgb_tree_d2,m071527_o_min_ord27_rk00013,27,0.3369729366718031,2.9024425973114867,9,Democracy
AD+FTD->FTD,o_min,xgb_tree_d2,m072524_o_min_ord28_rk00010,28,0.3369679697168519,2.865764637179023,9,Democracy
AD+FTD->FTD,o_min,xgb_tree_d2,m053520_o_min_ord9_rk00006,9,0.3369516142124735,2.2810361125534238,5,Air Pollution
AD+FTD->FTD,o_min,xgb_tree_d2,m074515_o_min_ord30_rk00001,30,0.3369262862499148,2.8640835117703762,9,Democracy
AD+FTD->FTD,o_min,xgb_tree_d2,m071528_o_min_ord27_rk00014,27,0.3368522171456174,2.815460540067162,9,Democracy
AD+FTD->FTD,o_min,xgb_tree_d2,m063523_o_min_ord19_rk00009,19,0.3368125660809584,2.6292492238560348,7,Temperature
AD+FTD->FTD,o_min,xgb_tree_d2,m068528_o_min_ord24_rk00014,24,0.3367924889591199,2.907268229617389,9,Democracy
AD+FTD->FTD,o_min,xgb_tree_d2,m062527_o_min_ord18_rk00013,18,0.3367298318000623,2.683542362433231,7,Temperature
AD+FTD->FTD,o_min,xgb_tree_d2,m070516_o_min_ord26_rk00002,26,0.3367198993185292,2.8536700092563416,9,Democracy
AD+FTD->FTD,o_min,xgb_tree_d2,m070517_o_min_ord26_rk00003,26,0.3366887154305515,2.8536700092563416,9,Democracy
AD+FTD->FTD,o_min,xgb_tree_d2,m068530_o_min_ord24_rk00016,24,0.3366668363960309,2.8699100232740657,9,Democracy
AD+FTD->FTD,o_min,xgb_tree_d2,m065519_o_min_ord21_rk00005,21,0.3365736746353931,2.7199643047423914,8,Democracy
AD+FTD->FTD,o_min,xgb_tree_d2,m071518_o_min_ord27_rk00004,27,0.3365656514499705,2.815460540067162,9,Democracy
AD+FTD->FTD,o_min,xgb_tree_d2,m074529_o_min_ord30_rk00015,30,0.3365359097968659,2.8640835117703762,9,Democracy
AD+FTD->FTD,o_min,xgb_tree_d2,m058520_o_min_ord14_rk00006,14,0.3364850202207817,2.8423709931771084,8,Temperature
AD+FTD->FTD,o_min,xgb_tree_d2,m060517_o_min_ord16_rk00003,16,0.3364131797470855,2.452819531114783,6,Temperature
AD+FTD->FTD,o_min,xgb_tree_d2,m064522_o_min_ord20_rk00008,20,0.3364027668352245,2.865957320949175,8,Democracy
AD+FTD->FTD,o_min,xgb_tree_d2,m065527_o_min_ord21_rk00013,21,0.3363983130140693,2.6606732334168424,7,Democracy
AD+FTD->FTD,o_min,xgb_tree_d2,m054531_o_min_ord10_rk00017,10,0.3363004322949822,2.2464393446710154,5,Socioeconomic
AD+FTD->FTD,o_min,xgb_tree_d2,m067529_o_min_ord23_rk00015,23,0.3362980282856279,2.6967788068829472,8,Democracy
AD+FTD->FTD,o_min,xgb_tree_d2,m064534_o_min_ord20_rk00020,20,0.3362549082862882,2.6841837197791887,7,Temperature
AD+FTD->FTD,o_min,xgb_tree_d2,m054516_o_min_ord10_rk00002,10,0.3362245754777122,2.2464393446710154,5,Socioeconomic
AD+FTD->FTD,o_min,xgb_tree_d2,m064529_o_min_ord20_rk00015,20,0.3361684182589296,2.6841837197791887,7,Temperature
AD+FTD->FTD,o_min,xgb_tree_d2,m062520_o_min_ord18_rk00006,18,0.336030980402107,2.752715278979705,7,Democracy
AD+FTD->FTD,o_min,xgb_tree_d2,m068522_o_min_ord24_rk00008,24,0.3360281712485338,2.8699100232740657,9,Democracy
AD+FTD->FTD,o_min,xgb_tree_d2,m073534_o_min_ord29_rk00020,29,0.3360118276109169,2.983342099382735,10,Democracy
AD+FTD->FTD,o_min,xgb_tree_d2,m060521_o_min_ord16_rk00007,16,0.3359536624134626,2.6556390622295662,7,Temperature
AD+FTD->FTD,o_min,xgb_tree_d2,m055527_o_min_ord11_rk00013,11,0.335938667566088,2.1180782093497093,5,Temperature
AD+FTD->FTD,o_min,xgb_tree_d2,m065525_o_min_ord21_rk00011,21,0.3358193659808519,2.7606668272315975,8,Democracy
AD+FTD->FTD,o_min,xgb_tree_d2,m074534_o_min_ord30_rk00020,30,0.3358140831748303,2.7874302980927217,9,Democracy
AD+FTD->FTD,o_min,xgb_tree_d2,m058528_o_min_ord14_rk00014,14,0.3358127978942371,2.699513850319966,7,Air Pollution
AD+FTD->FTD,o_min,xgb_tree_d2,m064519_o_min_ord20_rk00005,20,0.335674682164665,2.7464393446710154,7,Precipitation/droughts
AD+FTD->FTD,o_min,xgb_tree_d2,m062534_o_min_ord18_rk00020,18,0.3356531855091078,2.6416041678685938,7,Precipitation/droughts
AD+FTD->FTD,o_min,xgb_tree_d2,m068527_o_min_ord24_rk00013,24,0.3356351414224273,2.907268229617389,9,Democracy
AD+FTD->FTD,o_min,xgb_tree_d2,m066515_o_min_ord22_rk00001,22,0.3355957768471593,2.9540036423298544,9,Democracy
AD+FTD->FTD,o_min,xgb_tree_d2,m070533_o_min_ord26_rk00019,26,0.3355728281191418,2.8536700092563416,9,Democracy
AD+FTD->FTD,o_min,xgb_tree_d2,m060522_o_min_ord16_rk00008,16,0.335535413411081,2.6556390622295662,7,Temperature
AD+FTD->FTD,o_min,xgb_tree_d2,m068521_o_min_ord24_rk00007,24,0.3355242441937303,2.907268229617389,9,Democracy
AD+FTD->FTD,o_min,xgb_tree_d2,m074525_o_min_ord30_rk00011,30,0.3355035572836712,2.8640835117703762,9,Democracy
AD+FTD->FTD,o_min,xgb_tree_d2,m066517_o_min_ord22_rk00003,22,0.3354914985091605,2.9540036423298544,9,Democracy
AD+FTD->FTD,o_min,xgb_tree_d2,m068534_o_min_ord24_rk00020,24,0.3354538810849191,2.907268229617389,9,Democracy
AD+FTD->FTD,o_min,xgb_tree_d2,m070522_o_min_ord26_rk00008,26,0.3354252263341941,2.8536700092563416,9,Democracy
AD+FTD->FTD,o_min,xgb_tree_d2,m066534_o_min_ord22_rk00020,22,0.335390230468078,2.737872392231515,8,Democracy
AD+FTD->FTD,o_min,xgb_tree_d2,m070526_o_min_ord26_rk00012,26,0.3353707630400101,2.8536700092563416,9,Democracy
AD+FTD->FTD,o_min,xgb_tree_d2,m063519_o_min_ord19_rk00005,19,0.3353616030296605,2.7603136973125117,7,Precipitation/droughts
AD+FTD->FTD,o_min,xgb_tree_d2,m068524_o_min_ord24_rk00010,24,0.3353486065568528,2.907268229617389,9,Democracy
AD+FTD->FTD,o_min,xgb_tree_d2,m057522_o_min_ord13_rk00008,13,0.3353243729427557,2.6612262562697895,7,Temperature
AD+FTD->FTD,o_min,xgb_tree_d2,m068529_o_min_ord24_rk00015,24,0.3353038922573726,2.907268229617389,9,Democracy
AD+FTD->FTD,o_min,xgb_tree_d2,m073528_o_min_ord29_rk00014,29,0.3352455152928696,2.8271584782454653,9,Democracy
AD+FTD->FTD,o_min,xgb_tree_d2,m066532_o_min_ord22_rk00018,22,0.335202161968283,2.7155894378827394,7,Democracy
AD+FTD->FTD,o_min,xgb_tree_d2,m074533_o_min_ord30_rk00019,30,0.3351825882736925,2.7874302980927217,9,Democracy
AD+FTD->FTD,o_min,xgb_tree_d2,m070530_o_min_ord26_rk00016,26,0.335141488268875,2.8536700092563416,9,Democracy
AD+FTD->FTD,o_min,xgb_tree_d2,m068525_o_min_ord24_rk00011,24,0.3351324383464986,2.892079563925711,9,Democracy
AD+FTD->FTD,o_min,xgb_tree_d2,m059518_o_min_ord15_rk00004,15,0.3350807733469686,2.739572261986723,7,Air Pollution
AD+FTD->FTD,o_min,xgb_tree_d2,m070523_o_min_ord26_rk00009,26,0.3350670208537298,2.8252517372886508,9,Democracy
AD+FTD->FTD,o_min,xgb_tree_d2,m064524_o_min_ord20_rk00010,20,0.3350423330901461,2.6841837197791887,7,Temperature
AD+FTD->FTD,o_min,xgb_tree_d2,m061525_o_min_ord17_rk00011,17,0.3349978700191134,2.6601297526332566,8,Democracy
AD+FTD->FTD,o_min,xgb_tree_d2,m053531_o_min_ord9_rk00017,9,0.3349268211359002,2.197159723424149,5,Air Pollution
AD+FTD->FTD,o_min,xgb_tree_d2,m072526_o_min_ord28_rk00012,28,0.334921461258268,2.865764637179023,9,Democracy
AD+FTD->FTD,o_min,xgb_tree_d2,m061520_o_min_ord17_rk00006,17,0.3349046358987312,2.939829017466402,9,Democracy
AD+FTD->FTD,o_min,xgb_tree_d2,m065533_o_min_ord21_rk00019,21,0.3348932905745254,2.7199643047423914,7,Democracy
AD+FTD->FTD,o_min,xgb_tree_d2,m072519_o_min_ord28_rk00005,28,0.3348802365032856,2.704003029572565,8,Democracy
AD+FTD->FTD,o_min,xgb_tree_d2,m071532_o_min_ord27_rk00018,27,0.3348750915913919,2.861575817764811,9,Democracy
AD+FTD->FTD,o_min,xgb_tree_d2,m073533_o_min_ord29_rk00019,29,0.3347543403311762,2.8271584782454653,9,Democracy
AD+FTD->FTD,o_min,xgb_tree_d2,m071534_o_min_ord27_rk00020,27,0.3347000684150406,2.9024425973114867,9,Democracy
AD+FTD->FTD,o_min,xgb_tree_d2,m066520_o_min_ord22_rk00006,22,0.3346465279947939,2.737872392231515,8,Democracy
AD+FTD->FTD,o_min,xgb_tree_d2,m073515_o_min_ord29_rk00001,29,0.3345950952523315,2.8271584782454653,9,Democracy
AD+FTD->FTD,o_min,xgb_tree_d2,m064527_o_min_ord20_rk00013,20,0.334417961211889,2.6841837197791887,7,Temperature
AD+FTD->FTD,o_min,xgb_tree_d2,m070520_o_min_ord26_rk00006,26,0.3344135687481235,2.8252517372886508,9,Democracy
AD+FTD->FTD,o_min,xgb_tree_d2,m058526_o_min_ord14_rk00012,14,0.3343745472319852,2.5027361715940035,6,Air Pollution
AD+FTD->FTD,o_min,xgb_tree_d2,m063518_o_min_ord19_rk00004,19,0.3342600547909473,2.9053077763737467,8,Democracy
AD+FTD->FTD,o_min,xgb_tree_d2,m071531_o_min_ord27_rk00017,27,0.3341912979421757,2.815460540067162,9,Democracy
AD+FTD->FTD,o_min,xgb_tree_d2,m068526_o_min_ord24_rk00012,24,0.3341738687924184,2.840199876515855,9,Democracy
AD+FTD->FTD,o_min,xgb_tree_d2,m073521_o_min_ord29_rk00007,29,0.3341661353127242,2.8271584782454653,9,Democracy
AD+FTD->FTD,o_min,xgb_tree_d2,m064530_o_min_ord20_rk00016,20,0.3341339390443603,2.6841837197791887,7,Temperature
AD+FTD->FTD,o_min,xgb_tree_d2,m061517_o_min_ord17_rk00003,17,0.3340542792728572,2.7045348998193433,7,Temperature
AD+FTD->FTD,o_min,xgb_tree_d2,m066533_o_min_ord22_rk00019,22,0.33399645749997,2.8045965297024473,9,Democracy
AD+FTD->FTD,o_min,xgb_tree_d2,m066529_o_min_ord22_rk00015,22,0.3339812901273984,2.9019469592513696,9,Democracy
AD+FTD->FTD,o_min,xgb_tree_d2,m063530_o_min_ord19_rk00016,19,0.333915524594407,2.9000516989995426,9,Democracy
AD+FTD->FTD,o_min,xgb_tree_d2,m054529_o_min_ord10_rk00015,10,0.3338568460141736,2.4464393446710155,6,Air Pollution
AD+FTD->FTD,o_min,xgb_tree_d2,m070525_o_min_ord26_rk00011,26,0.3338285396060959,2.8536700092563416,9,Democracy
AD+FTD->FTD,o_min,xgb_tree_d2,m061528_o_min_ord17_rk00014,17,0.3337448310704294,2.6601297526332566,7,Democracy
AD+FTD->FTD,o_min,xgb_tree_d2,m060531_o_min_ord16_rk00017,16,0.3336403977559464,2.625,7,Temperature
AD+FTD->FTD,o_min,xgb_tree_d2,m068518_o_min_ord24_rk00004,24,0.3335086914458087,2.8699100232740657,9,Democracy
AD+FTD->FTD,o_min,xgb_tree_d2,m068517_o_min_ord24_rk00003,24,0.3333928375367615,2.907268229617389,9,Democracy
AD+FTD->FTD,o_min,xgb_tree_d2,m053521_o_min_ord9_rk00007,9,0.3332055808924509,2.5032583347756456,6,Air Pollution
AD+FTD->FTD,o_min,xgb_tree_d2,m067526_o_min_ord23_rk00012,23,0.3331983833898104,2.8440319350530703,9,Democracy
AD+FTD->FTD,o_min,xgb_tree_d2,m068523_o_min_ord24_rk00009,24,0.3331485483159309,2.7509619827626763,9,Democracy
AD+FTD->FTD,o_min,xgb_tree_d2,m060519_o_min_ord16_rk00005,16,0.3331344086143082,2.7334585933443494,7,Air Pollution
AD+FTD->FTD,o_min,xgb_tree_d2,m066526_o_min_ord22_rk00012,22,0.3330916981687456,2.7136874387933565,8,Democracy
AD+FTD->FTD,o_min,xgb_tree_d2,m068515_o_min_ord24_rk00001,24,0.3329846678951254,2.8699100232740657,9,Democracy
AD+FTD->FTD,o_min,xgb_tree_d2,m071521_o_min_ord27_rk00007,27,0.3329179183131008,2.8139107630313687,8,Democracy
AD+FTD->FTD,o_min,xgb_tree_d2,m054517_o_min_ord10_rk00003,10,0.3329005684268461,2.170950594454669,5,Air Pollution
AD+FTD->FTD,o_min,xgb_tree_d2,m068533_o_min_ord24_rk00019,24,0.3328498901541126,2.8699100232740657,9,Democracy
AD+FTD->FTD,o_min,xgb_tree_d2,m068531_o_min_ord24_rk00017,24,0.3328201318898279,2.8699100232740657,9,Democracy
AD+FTD->FTD,o_min,xgb_tree_d2,m060529_o_min_ord16_rk00015,16,0.3327954141164349,2.5550365325772653,7,Democracy
AD+FTD->FTD,o_min,xgb_tree_d2,m052524_o_min_ord8_rk00010,8,0.3327604121919298,1.561278124459133,3,Precipitation/droughts
AD+FTD->FTD,o_min,xgb_tree_d2,m073523_o_min_ord29_rk00009,29,0.3327246502905416,2.8271584782454653,9,Democracy
AD+FTD->FTD,o_min,xgb_tree_d2,m063520_o_min_ord19_rk00006,19,0.3327025288575754,2.6947814605842733,7,Temperature
AD+FTD->FTD,o_min,xgb_tree_d2,m071523_o_min_ord27_rk00009,27,0.3325914396931044,2.741386465993088,8,Democracy
AD+FTD->FTD,o_min,xgb_tree_d2,m073532_o_min_ord29_rk00018,29,0.3325723669067155,2.8271584782454653,9,Democracy
AD+FTD->FTD,o_min,xgb_tree_d2,m056529_o_min_ord12_rk00015,12,0.3325493814372982,2.688721875540867,7,Air Pollution
AD+FTD->FTD,o_min,xgb_tree_d2,m073517_o_min_ord29_rk00003,29,0.332532291181903,2.8271584782454653,9,Democracy
AD+FTD->FTD,o_min,xgb_tree_d2,m067518_o_min_ord23_rk00004,23,0.3325222946434812,2.9140163035068443,9,Democracy
AD+FTD->FTD,o_min,xgb_tree_d2,m061527_o_min_ord17_rk00013,17,0.3324039572710708,2.7045348998193433,7,Temperature
AD+FTD->FTD,o_min,xgb_tree_d2,m052515_o_min_ord8_rk00001,8,0.3323411658363695,2.25,5,Air Pollution
AD+FTD->FTD,o_min,xgb_tree_d2,m070518_o_min_ord26_rk00004,26,0.3322552962970662,2.811231430496332,9,Democracy
AD+FTD->FTD,o_min,xgb_tree_d2,m072528_o_min_ord28_rk00014,28,0.3322090225953978,2.8962915290459277,9,Democracy
AD+FTD->FTD,o_min,xgb_tree_d2,m059525_o_min_ord15_rk00011,15,0.3321341906383309,2.5492553971685,7,Democracy
AD+FTD->FTD,o_min,xgb_tree_d2,m068519_o_min_ord24_rk00005,24,0.3320860210042836,2.907268229617389,9,Democracy
AD+FTD->FTD,o_min,xgb_tree_d2,m074528_o_min_ord30_rk00014,30,0.3320739049732248,2.9437621626224817,10,Democracy
AD+FTD->FTD,o_min,xgb_tree_d2,m073531_o_min_ord29_rk00017,29,0.3320696694853647,2.983342099382735,10,Democracy
AD+FTD->FTD,o_min,xgb_tree_d2,m054534_o_min_ord10_rk00020,10,0.3320581476121033,2.721928094887362,7,Air Pollution
AD+FTD->FTD,o_min,xgb_tree_d2,m060530_o_min_ord16_rk00016,16,0.3320275638392364,2.686278124459133,7,Air Pollution
AD+FTD->FTD,o_min,xgb_tree_d2,m056532_o_min_ord12_rk00018,12,0.331922908295636,2.292481250360578,5,Temperature
AD+FTD->FTD,o_min,xgb_tree_d2,m061526_o_min_ord17_rk00012,17,0.3318365141412033,2.7045348998193433,7,Temperature
AD+FTD->FTD,o_min,xgb_tree_d2,m065522_o_min_ord21_rk00008,21,0.3318085045677521,2.7199643047423914,7,Democracy
AD+FTD->FTD,o_min,xgb_tree_d2,m067521_o_min_ord23_rk00007,23,0.3317312005634951,2.8927021732601896,9,Democracy
AD+FTD->FTD,o_min,xgb_tree_d2,m073524_o_min_ord29_rk00010,29,0.3317143641684424,2.983342099382735,10,Democracy
AD+FTD->FTD,o_min,xgb_tree_d2,m069529_o_min_ord25_rk00015,25,0.3316956648444725,2.8888840705376357,9,Democracy
AD+FTD->FTD,o_min,xgb_tree_d2,m064525_o_min_ord20_rk00011,20,0.3316202058835777,2.6037016960573482,7,Democracy
AD+FTD->FTD,o_min,xgb_tree_d2,m065515_o_min_ord21_rk00001,21,0.3315780139426582,2.9463875191311275,9,Democracy
AD+FTD->FTD,o_min,xgb_tree_d2,m053522_o_min_ord9_rk00008,9,0.3313609732634536,2.5032583347756456,6,Temperature
AD+FTD->FTD,o_min,xgb_tree_d2,m059520_o_min_ord15_rk00006,15,0.3312450257818599,2.8225797618424915,8,Temperature
AD+FTD->FTD,o_min,xgb_tree_d2,m055526_o_min_ord11_rk00012,11,0.3312294817226919,2.481714572986073,6,Air Pollution
AD+FTD->FTD,o_min,xgb_tree_d2,m059526_o_min_ord15_rk00012,15,0.3312025680318542,2.4729055953200563,6,Temperature
AD+FTD->FTD,o_min,xgb_tree_d2,m067515_o_min_ord23_rk00001,23,0.3311765638507008,2.9140163035068443,9,Democracy
AD+FTD->FTD,o_min,xgb_tree_d2,m067520_o_min_ord23_rk00006,23,0.3311231673770503,2.9424955222917832,9,Democracy
AD+FTD->FTD,o_min,xgb_tree_d2,m051531_o_min_ord7_rk00017,7,0.3310312437601417,1.5566567074628228,3,Democracy
AD+FTD->FTD,o_min,xgb_tree_d2,m058519_o_min_ord14_rk00005,14,0.3310020815446703,2.8423709931771084,8,Temperature
AD+FTD->FTD,o_min,xgb_tree_d2,m071529_o_min_ord27_rk00015,27,0.3309325594580049,2.9341001148030923,9,Democracy
AD+FTD->FTD,o_min,xgb_tree_d2,m070521_o_min_ord26_rk00007,26,0.3309103830013433,2.8252517372886508,9,Democracy
AD+FTD->FTD,o_min,xgb_tree_d2,m061518_o_min_ord17_rk00004,17,0.330892424978881,2.6312929881819,7,Temperature
AD+FTD->FTD,o_min,xgb_tree_d2,m048516_o_min_ord4_rk00002,4,0.3308923803726169,1.5,3,Air Pollution
AD+FTD->FTD,o_min,xgb_tree_d2,m055519_o_min_ord11_rk00005,11,0.3307632475839231,2.663532754804255,7,Air Pollution
AD+FTD->FTD,o_min,xgb_tree_d2,m064520_o_min_ord20_rk00006,20,0.3307611982082944,2.884183719779189,8,Precipitation/droughts
AD+FTD->FTD,o_min,xgb_tree_d2,m067519_o_min_ord23_rk00005,23,0.3307436231484917,2.859880977513952,9,Democracy
AD+FTD->FTD,o_min,xgb_tree_d2,m074523_o_min_ord30_rk00009,30,0.3307422665763017,2.9437621626224817,10,Democracy
AD+FTD->FTD,o_min,xgb_tree_d2,m073525_o_min_ord29_rk00011,29,0.3307013919183449,2.900915908846073,9,Democracy
AD+FTD->FTD,o_min,xgb_tree_d2,m064517_o_min_ord20_rk00003,20,0.3306835314252994,2.6841837197791887,7,Temperature
AD+FTD->FTD,o_min,xgb_tree_d2,m048527_o_min_ord4_rk00013,4,0.3305481856920835,2.0,4,Air Pollution
AD+FTD->FTD,o_min,xgb_tree_d2,m058531_o_min_ord14_rk00017,14,0.3305192175827991,2.6455933144511468,7,Temperature
AD+FTD->FTD,o_min,xgb_tree_d2,m057528_o_min_ord13_rk00014,13,0.3303954223063572,2.6612262562697895,7,Temperature
AD+FTD->FTD,o_min,xgb_tree_d2,m072533_o_min_ord28_rk00019,28,0.3303282395749645,2.7754316010011366,9,Democracy
AD+FTD->FTD,o_min,xgb_tree_d2,m072516_o_min_ord28_rk00002,28,0.3303144594347473,2.865764637179023,9,Democracy
AD+FTD->FTD,o_min,xgb_tree_d2,m055525_o_min_ord11_rk00011,11,0.3302893410424316,2.2998963911678914,5,Socioeconomic
AD+FTD->FTD,o_min,xgb_tree_d2,m067534_o_min_ord23_rk00020,23,0.3301934575826035,2.8598809775139515,9,Democracy
AD+FTD->FTD,o_min,xgb_tree_d2,m067533_o_min_ord23_rk00019,23,0.33016650869097,2.9424955222917832,9,Democracy
AD+FTD->FTD,o_min,xgb_tree_d2,m070528_o_min_ord26_rk00014,26,0.330048938673103,2.8252517372886508,9,Democracy
AD+FTD->FTD,o_min,xgb_tree_d2,m061523_o_min_ord17_rk00009,17,0.3300459251199346,2.7333716642706998,7,Air Pollution
AD+FTD->FTD,o_min,xgb_tree_d2,m060523_o_min_ord16_rk00009,16,0.3300245974509582,2.7806390622295662,8,Democracy
AD+FTD->FTD,o_min,xgb_tree_d2,m067517_o_min_ord23_rk00003,23,0.3299837923326604,2.9424955222917832,9,Democracy
AD+FTD->FTD,o_min,xgb_tree_d2,m070524_o_min_ord26_rk00010,26,0.3299033922071691,2.8252517372886508,9,Democracy
AD+FTD->FTD,o_min,xgb_tree_d2,m058523_o_min_ord14_rk00009,14,0.3298840629279922,2.2359263506290326,5,Temperature
AD+FTD->FTD,o_min,xgb_tree_d2,m067528_o_min_ord23_rk00014,23,0.3297751318262918,2.8927021732601896,9,Democracy
AD+FTD->FTD,o_min,xgb_tree_d2,m061516_o_min_ord17_rk00002,17,0.3297479595000923,2.498077546623641,7,Democracy
AD+FTD->FTD,o_min,xgb_tree_d2,m060524_o_min_ord16_rk00010,16,0.3297198394523275,2.6556390622295662,7,Temperature
AD+FTD->FTD,o_min,xgb_tree_d2,m065520_o_min_ord21_rk00006,21,0.3295381555891005,2.9463875191311275,9,Democracy
AD+FTD->FTD,o_min,xgb_tree_d2,m051515_o_min_ord7_rk00001,7,0.3294888295138121,2.2359263506290326,5,Precipitation/droughts
AD+FTD->FTD,o_min,xgb_tree_d2,m073518_o_min_ord29_rk00004,29,0.3294379512864973,2.8271584782454653,9,Democracy
AD+FTD->FTD,o_min,xgb_tree_d2,m058534_o_min_ord14_rk00020,14,0.3293933035804514,2.5027361715940035,6,Air Pollution
AD+FTD->FTD,o_min,xgb_tree_d2,m068520_o_min_ord24_rk00006,24,0.3293223789837654,2.8699100232740657,9,Democracy
AD+FTD->FTD,o_min,xgb_tree_d2,m070527_o_min_ord26_rk00013,26,0.3292971452575755,2.8536700092563416,9,Democracy
AD+FTD->FTD,o_min,xgb_tree_d2,m053534_o_min_ord9_rk00020,9,0.3292701620605179,2.197159723424149,5,Air Pollution
AD+FTD->FTD,o_min,xgb_tree_d2,m051522_o_min_ord7_rk00008,7,0.3292441854983219,2.2359263506290326,5,Precipitation/droughts
AD+FTD->FTD,o_min,xgb_tree_d2,m072518_o_min_ord28_rk00004,28,0.329152556308486,2.865764637179023,9,Democracy
AD+FTD->FTD,o_min,xgb_tree_d2,m054518_o_min_ord10_rk00004,10,0.3291461391149961,2.4464393446710155,6,Temperature
AD+FTD->FTD,o_min,xgb_tree_d2,m053528_o_min_ord9_rk00014,9,0.3291313541552677,2.5032583347756456,6,Temperature
AD+FTD->FTD,o_min,xgb_tree_d2,m072522_o_min_ord28_rk00008,28,0.32911417161923,2.780394654123194,8,Democracy
AD+FTD->FTD,o_min,xgb_tree_d2,m051517_o_min_ord7_rk00003,7,0.3290734645263756,2.2359263506290326,5,Precipitation/droughts
AD+FTD->FTD,o_min,xgb_tree_d2,m059534_o_min_ord15_rk00020,15,0.3288428503342894,2.689246428509158,7,Air Pollution
AD+FTD->FTD,o_min,xgb_tree_d2,m067531_o_min_ord23_rk00017,23,0.3288290276683659,2.8208985013296144,9,Democracy
AD+FTD->FTD,o_min,xgb_tree_d2,m073519_o_min_ord29_rk00005,29,0.3287365840125175,2.8271584782454653,9,Democracy
AD+FTD->FTD,o_min,xgb_tree_d2,m051521_o_min_ord7_rk00007,7,0.3287010825851501,2.2359263506290326,5,Precipitation/droughts
AD+FTD->FTD,o_min,xgb_tree_d2,m061519_o_min_ord17_rk00005,17,0.328651574008024,2.6312929881819,7,Temperature
AD+FTD->FTD,o_min,xgb_tree_d2,m054533_o_min_ord10_rk00019,10,0.3286499341365163,2.4464393446710155,6,Temperature
AD+FTD->FTD,o_min,xgb_tree_d2,m065530_o_min_ord21_rk00016,21,0.3286298487321699,2.851149423893032,8,Democracy
AD+FTD->FTD,o_min,xgb_tree_d2,m073516_o_min_ord29_rk00002,29,0.3285521672596051,2.900915908846073,9,Democracy
AD+FTD->FTD,o_min,xgb_tree_d2,m053515_o_min_ord9_rk00001,9,0.3285119953164896,2.197159723424149,5,Socioeconomic
AD+FTD->FTD,o_min,xgb_tree_d2,m051534_o_min_ord7_rk00020,7,0.3284937843934424,2.5216406363433186,6,Precipitation/droughts
AD+FTD->FTD,o_min,xgb_tree_d2,m070532_o_min_ord26_rk00018,26,0.3284895471009119,2.8536700092563416,9,Democracy
AD+FTD->FTD,o_min,xgb_tree_d2,m064526_o_min_ord20_rk00012,20,0.3284137223532097,2.739353872167201,9,Democracy
AD+FTD->FTD,o_min,xgb_tree_d2,m069521_o_min_ord25_rk00007,25,0.3283771099022625,2.8888840705376357,9,Democracy
AD+FTD->FTD,o_min,xgb_tree_d2,m064531_o_min_ord20_rk00017,20,0.3282820090877169,2.865957320949175,8,Democracy
AD+FTD->FTD,o_min,xgb_tree_d2,m069530_o_min_ord25_rk00016,25,0.328271016783714,2.84307418942857,8,Democracy
AD+FTD->FTD,o_min,xgb_tree_d2,m064532_o_min_ord20_rk00018,20,0.3282470056322375,2.9414460711655215,9,Democracy
AD+FTD->FTD,o_min,xgb_tree_d2,m061524_o_min_ord17_rk00010,17,0.3281733397849902,2.498077546623641,7,Democracy
AD+FTD->FTD,o_min,xgb_tree_d2,m064521_o_min_ord20_rk00007,20,0.3281356452269807,2.739353872167201,9,Democracy
AD+FTD->FTD,o_min,xgb_tree_d2,m053523_o_min_ord9_rk00009,9,0.328115226348375,2.2810361125534238,5,Temperature
AD+FTD->FTD,o_min,xgb_tree_d2,m053526_o_min_ord9_rk00012,9,0.3279985644588155,2.197159723424149,5,Temperature
AD+FTD->FTD,o_min,xgb_tree_d2,m062518_o_min_ord18_rk00004,18,0.3279659541009517,2.4885548621928453,7,Democracy
AD+FTD->FTD,o_min,xgb_tree_d2,m067522_o_min_ord23_rk00008,23,0.3279248306801755,2.9140163035068443,9,Democracy
AD+FTD->FTD,o_min,xgb_tree_d2,m069515_o_min_ord25_rk00001,25,0.3277524763892141,2.8676013115120567,9,Democracy
AD+FTD->FTD,o_min,xgb_tree_d2,m058515_o_min_ord14_rk00001,14,0.3277468521803138,2.8962915290459277,8,Temperature
AD+FTD->FTD,o_min,xgb_tree_d2,m048519_o_min_ord4_rk00005,4,0.3277388393929134,1.5,3,Socioeconomic
AD+FTD->FTD,o_min,xgb_tree_d2,m072525_o_min_ord28_rk00011,28,0.3276933660783607,2.7754316010011366,9,Democracy
AD+FTD->FTD,o_min,xgb_tree_d2,m073522_o_min_ord29_rk00008,29,0.3276221279315466,2.900915908846073,9,Democracy
AD+FTD->FTD,o_min,xgb_tree_d2,m062531_o_min_ord18_rk00017,18,0.3275974582392192,2.9057645846554525,9,Temperature
AD+FTD->FTD,o_min,xgb_tree_d2,m073530_o_min_ord29_rk00016,29,0.3274974466478259,2.8566327186686844,9,Democracy
AD+FTD->FTD,o_min,xgb_tree_d2,m061532_o_min_ord17_rk00018,17,0.3274675528588392,2.4692407821722844,6,Temperature
AD+FTD->FTD,o_min,xgb_tree_d2,m067532_o_min_ord23_rk00018,23,0.3274627595742393,2.766763175336722,9,Democracy
AD+FTD->FTD,o_min,xgb_tree_d2,m059517_o_min_ord15_rk00003,15,0.327434338653531,2.8225797618424915,8,Temperature
AD+FTD->FTD,o_min,xgb_tree_d2,m047526_o_min_ord3_rk00012,3,0.3272618359817081,0.9182958340544896,2,Air Pollution
AD+FTD->FTD,o_min,xgb_tree_d2,m061529_o_min_ord17_rk00015,17,0.3272339151332746,2.380430487800112,6,Democracy
AD+FTD->FTD,o_min,xgb_tree_d2,m063517_o_min_ord19_rk00003,19,0.3272261934278642,2.8000446184790095,9,Democracy
AD+FTD->FTD,o_min,xgb_tree_d2,m058522_o_min_ord14_rk00008,14,0.327181811273185,2.6455933144511468,7,Temperature
AD+FTD->FTD,o_min,xgb_tree_d2,m057529_o_min_ord13_rk00015,13,0.3271583945008073,2.6031579868726,7,Temperature
AD+FTD->FTD,o_min,xgb_tree_d2,m063534_o_min_ord19_rk00020,19,0.3271258464505766,2.984769618706743,9,Temperature
AD+FTD->FTD,o_min,xgb_tree_d2,m062521_o_min_ord18_rk00007,18,0.3269653624693858,2.7107770844150676,7,Precipitation/droughts
AD+FTD->FTD,o_min,xgb_tree_d2,m060532_o_min_ord16_rk00018,16,0.3269324228120037,2.8584585933443494,8,Temperature
AD+FTD->FTD,o_min,xgb_tree_d2,m067516_o_min_ord23_rk00002,23,0.3266924110213325,2.9140163035068443,9,Democracy
AD+FTD->FTD,o_min,xgb_tree_d2,m048532_o_min_ord4_rk00018,4,0.3266490619678779,1.5,3,Temperature
AD+FTD->FTD,o_min,xgb_tree_d2,m055532_o_min_ord11_rk00018,11,0.3264647169194702,2.663532754804255,7,Temperature
AD+FTD->FTD,o_min,xgb_tree_d2,m069518_o_min_ord25_rk00004,25,0.3264622419204495,2.8676013115120567,9,Democracy
AD+FTD->FTD,o_min,xgb_tree_d2,m053519_o_min_ord9_rk00005,9,0.3264356449870866,2.2810361125534238,5,Air Pollution
AD+FTD->FTD,o_min,xgb_tree_d2,m058529_o_min_ord14_rk00015,14,0.3264247215575915,2.610577243331642,7,Temperature
AD+FTD->FTD,o_min,xgb_tree_d2,m069523_o_min_ord25_rk00009,25,0.3262804684420779,2.8676013115120567,9,Democracy
AD+FTD->FTD,o_min,xgb_tree_d2,m066521_o_min_ord22_rk00007,22,0.3261996357747522,2.9317206879810787,9,Democracy
AD+FTD->FTD,o_min,xgb_tree_d2,m063525_o_min_ord19_rk00011,19,0.3261432516798411,2.694781460584273,8,Democracy
AD+FTD->FTD,o_min,xgb_tree_d2,m059527_o_min_ord15_rk00013,15,0.326123020879008,2.8225797618424915,8,Temperature
AD+FTD->FTD,o_min,xgb_tree_d2,m072515_o_min_ord28_rk00001,28,0.3260528426372155,2.780394654123194,8,Democracy
AD+FTD->FTD,o_min,xgb_tree_d2,m072529_o_min_ord28_rk00015,28,0.326004552405945,2.865764637179023,9,Democracy
AD+FTD->FTD,o_min,xgb_tree_d2,m069520_o_min_ord25_rk00006,25,0.3260011383336311,2.8676013115120567,9,Democracy
AD+FTD->FTD,o_min,xgb_tree_d2,m067530_o_min_ord23_rk00016,23,0.3259145403935676,2.7837353286220776,9,Democracy
AD+FTD->FTD,o_min,xgb_tree_d2,m060520_o_min_ord16_rk00006,16,0.3256443635313725,2.8584585933443494,8,Temperature
AD+FTD->FTD,o_min,xgb_tree_d2,m073520_o_min_ord29_rk00006,29,0.3256143454607723,2.7447322877088034,8,Democracy
AD+FTD->FTD,o_min,xgb_tree_d2,m055530_o_min_ord11_rk00016,11,0.3255931299745378,2.481714572986073,6,Temperature
AD+FTD->FTD,o_min,xgb_tree_d2,m072534_o_min_ord28_rk00020,28,0.3254439571461861,2.937193208607594,10,Democracy
AD+FTD->FTD,o_min,xgb_tree_d2,m072521_o_min_ord28_rk00007,28,0.3253938405332914,2.7754316010011366,9,Democracy
AD+FTD->FTD,o_min,xgb_tree_d2,m071530_o_min_ord27_rk00016,27,0.3253304695598185,2.976516671385561,10,Democracy
AD+FTD->FTD,o_min,xgb_tree_d2,m062522_o_min_ord18_rk00008,18,0.3252237961514883,2.905764584655453,8,Democracy
AD+FTD->FTD,o_min,xgb_tree_d2,m056517_o_min_ord12_rk00003,12,0.3249863450448501,2.688721875540867,7,Temperature
AD+FTD->FTD,o_min,xgb_tree_d2,m047515_o_min_ord3_rk00001,3,0.3249561664041492,0.9182958340544896,2,Air Pollution
AD+FTD->FTD,o_min,xgb_tree_d2,m069527_o_min_ord25_rk00013,25,0.3249460067095124,2.8676013115120567,9,Democracy
AD+FTD->FTD,o_min,xgb_tree_d2,m052520_o_min_ord8_rk00006,8,0.3248202332290544,2.25,5,Temperature
AD+FTD->FTD,o_min,xgb_tree_d2,m061533_o_min_ord17_rk00019,17,0.3248193727742297,2.9109922530150456,9,Temperature
AD+FTD->FTD,o_min,xgb_tree_d2,m058517_o_min_ord14_rk00003,14,0.3247329473106606,2.8423709931771084,8,Temperature
AD+FTD->FTD,o_min,xgb_tree_d2,m066531_o_min_ord22_rk00017,22,0.3247188944218427,2.9540036423298544,9,Democracy
AD+FTD->FTD,o_min,xgb_tree_d2,m062533_o_min_ord18_rk00019,18,0.3247101825748432,2.6688388898504303,8,Democracy
AD+FTD->FTD,o_min,xgb_tree_d2,m054532_o_min_ord10_rk00018,10,0.3245856408108667,2.4464393446710155,6,Temperature
AD+FTD->FTD,o_min,xgb_tree_d2,m065534_o_min_ord21_rk00020,21,0.3245496561909168,2.7606668272315975,8,Democracy
AD+FTD->FTD,o_min,xgb_tree_d2,m048524_o_min_ord4_rk00010,4,0.3244311051660794,1.5,3,Air Pollution
AD+FTD->FTD,o_min,xgb_tree_d2,m057527_o_min_ord13_rk00013,13,0.3244233318478641,2.6031579868726,7,Temperature
AD+FTD->FTD,o_min,xgb_tree_d2,m048533_o_min_ord4_rk00019,4,0.3243853366261288,1.5,3,Air Pollution
AD+FTD->FTD,o_min,xgb_tree_d2,m054530_o_min_ord10_rk00016,10,0.3243618115007299,2.4464393446710155,6,Temperature
AD+FTD->FTD,o_min,xgb_tree_d2,m069532_o_min_ord25_rk00018,25,0.3242583848222246,2.8888840705376357,9,Democracy
AD+FTD->FTD,o_min,xgb_tree_d2,m057532_o_min_ord13_rk00018,13,0.3240232954716934,2.7773627950641693,8,Temperature
AD+FTD->FTD,o_min,xgb_tree_d2,m055529_o_min_ord11_rk00015,11,0.3238350621681554,2.663532754804255,7,Temperature
AD+FTD->FTD,o_min,xgb_tree_d2,m059524_o_min_ord15_rk00010,15,0.3238096059235051,2.8225797618424915,8,Temperature
AD+FTD->FTD,o_min,xgb_tree_d2,m050524_o_min_ord6_rk00010,6,0.3237269359202088,2.2516291673878226,5,Precipitation/droughts
AD+FTD->FTD,o_min,xgb_tree_d2,m067523_o_min_ord23_rk00009,23,0.3237157901520059,2.9140163035068443,9,Democracy
AD+FTD->FTD,o_min,xgb_tree_d2,m060528_o_min_ord16_rk00014,16,0.3232338388257547,2.8584585933443494,8,Temperature
AD+FTD->FTD,o_min,xgb_tree_d2,m054523_o_min_ord10_rk00009,10,0.323159695524531,2.4464393446710155,6,Temperature
AD+FTD->FTD,o_min,xgb_tree_d2,m049530_o_min_ord5_rk00016,5,0.3230881723563167,1.5219280948873621,3,Air Pollution
AD+FTD->FTD,o_min,xgb_tree_d2,m062528_o_min_ord18_rk00014,18,0.3229933624679855,2.4387439204017474,7,Democracy
AD+FTD->FTD,o_min,xgb_tree_d2,m058516_o_min_ord14_rk00002,14,0.3229662561905155,2.8423709931771084,8,Temperature
AD+FTD->FTD,o_min,xgb_tree_d2,m073526_o_min_ord29_rk00012,29,0.3229573981074536,2.8566327186686844,9,Democracy
AD+FTD->FTD,o_min,xgb_tree_d2,m052516_o_min_ord8_rk00002,8,0.3229070246262978,2.25,5,Temperature
AD+FTD->FTD,o_min,xgb_tree_d2,m066524_o_min_ord22_rk00010,22,0.3228901454454639,2.9019469592513696,9,Democracy
AD+FTD->FTD,o_min,xgb_tree_d2,m059533_o_min_ord15_rk00019,15,0.3228496808759922,2.8225797618424915,8,Temperature
AD+FTD->FTD,o_min,xgb_tree_d2,m059519_o_min_ord15_rk00005,15,0.322839712800019,2.8225797618424915,8,Temperature
AD+FTD->FTD,o_min,xgb_tree_d2,m054522_o_min_ord10_rk00008,10,0.3227635486689633,2.7219280948873625,7,Temperature
AD+FTD->FTD,o_min,xgb_tree_d2,m054524_o_min_ord10_rk00010,10,0.3227471411627726,2.2464393446710154,5,Temperature
AD+FTD->FTD,o_min,xgb_tree_d2,m062532_o_min_ord18_rk00018,18,0.3227327260230745,2.858278308418045,9,Democracy
AD+FTD->FTD,o_min,xgb_tree_d2,m055534_o_min_ord11_rk00020,11,0.322489144812671,2.2998963911678914,6,Temperature
AD+FTD->FTD,o_min,xgb_tree_d2,m057524_o_min_ord13_rk00010,13,0.322422960003206,2.2577560641285177,5,Temperature
AD+FTD->FTD,o_min,xgb_tree_d2,m052522_o_min_ord8_rk00008,8,0.3223333245723688,2.25,5,Temperature
AD+FTD->FTD,o_min,xgb_tree_d2,m055518_o_min_ord11_rk00004,11,0.3221510581743828,2.663532754804255,7,Temperature
AD+FTD->FTD,o_min,xgb_tree_d2,m059529_o_min_ord15_rk00015,15,0.3221004408571029,2.656564762130954,7,Temperature
AD+FTD->FTD,o_min,xgb_tree_d2,m054521_o_min_ord10_rk00007,10,0.3220257003437993,2.4464393446710155,6,Temperature
AD+FTD->FTD,o_min,xgb_tree_d2,m066527_o_min_ord22_rk00013,22,0.3219434994409786,2.9019469592513696,9,Democracy
AD+FTD->FTD,o_min,xgb_tree_d2,m065531_o_min_ord21_rk00017,21,0.321899671711181,2.9463875191311275,9,Democracy
AD+FTD->FTD,o_min,xgb_tree_d2,m057533_o_min_ord13_rk00019,13,0.3217335688975481,2.6612262562697895,7,Temperature
AD+FTD->FTD,o_min,xgb_tree_d2,m060534_o_min_ord16_rk00020,16,0.3216556267476534,2.4834585933443494,7,Democracy
AD+FTD->FTD,o_min,xgb_tree_d2,m055531_o_min_ord11_rk00017,11,0.3215485306399924,2.663532754804255,7,Precipitation/droughts
AD+FTD->FTD,o_min,xgb_tree_d2,m055524_o_min_ord11_rk00010,11,0.3214911147095051,2.413088436425758,6,Temperature
AD+FTD->FTD,o_min,xgb_tree_d2,m060533_o_min_ord16_rk00019,16,0.3214518450821486,2.8584585933443494,8,Temperature
AD+FTD->FTD,o_min,xgb_tree_d2,m069528_o_min_ord25_rk00014,25,0.3214290203680893,2.8676013115120567,9,Democracy
AD+FTD->FTD,o_min,xgb_tree_d2,m059530_o_min_ord15_rk00016,15,0.3214071606962866,2.256564762130954,5,Temperature
AD+FTD->FTD,o_min,xgb_tree_d2,m060526_o_min_ord16_rk00012,16,0.3213680895404081,2.7806390622295662,8,Temperature
AD+FTD->FTD,o_min,xgb_tree_d2,m048526_o_min_ord4_rk00012,4,0.3213627060050131,1.5,3,Air Pollution
AD+FTD->FTD,o_min,xgb_tree_d2,m073529_o_min_ord29_rk00015,29,0.3213465670937674,2.900915908846073,9,Democracy
AD+FTD->FTD,o_min,xgb_tree_d2,m061530_o_min_ord17_rk00016,17,0.321316088930344,2.6312929881819,7,Temperature
AD+FTD->FTD,o_min,xgb_tree_d2,m061531_o_min_ord17_rk00017,17,0.3212569574681132,2.6312929881819,7,Temperature
AD+FTD->FTD,o_min,xgb_tree_d2,m057521_o_min_ord13_rk00007,13,0.3212436708214603,2.6612262562697895,7,Temperature
AD+FTD->FTD,o_min,xgb_tree_d2,m064516_o_min_ord20_rk00002,20,0.321137955480419,2.746439344671016,8,Democracy
AD+FTD->FTD,o_min,xgb_tree_d2,m057517_o_min_ord13_rk00003,13,0.3211343463042231,2.6612262562697895,7,Temperature
AD+FTD->FTD,o_min,xgb_tree_d2,m063522_o_min_ord19_rk00008,19,0.321130681493036,2.7153266987718094,7,Democracy
AD+FTD->FTD,o_min,xgb_tree_d2,m065521_o_min_ord21_rk00007,21,0.3209753874915213,2.851149423893032,8,Democracy
AD+FTD->FTD,o_min,xgb_tree_d2,m054528_o_min_ord10_rk00014,10,0.3209043558948192,2.2464393446710154,5,Temperature
AD+FTD->FTD,o_min,xgb_tree_d2,m069534_o_min_ord25_rk00020,25,0.3208795046630995,2.833411192621123,9,Democracy
AD+FTD->FTD,o_min,xgb_tree_d2,m057518_o_min_ord13_rk00004,13,0.3207907313177019,2.873140679513133,8,Temperature
AD+FTD->FTD,o_min,xgb_tree_d2,m063532_o_min_ord19_rk00018,19,0.3207363611021728,2.8000446184790095,9,Democracy
AD+FTD->FTD,o_min,xgb_tree_d2,m059531_o_min_ord15_rk00017,15,0.3207136394340926,2.8225797618424915,8,Temperature
AD+FTD->FTD,o_min,xgb_tree_d2,m057525_o_min_ord13_rk00011,13,0.3206581122472957,2.7192945256669794,7,Air Pollution
AD+FTD->FTD,o_min,xgb_tree_d2,m052526_o_min_ord8_rk00012,8,0.3204302640210353,2.25,5,Precipitation/droughts
AD+FTD->FTD,o_min,xgb_tree_d2,m055523_o_min_ord11_rk00009,11,0.3202278624335088,2.299896391167891,5,Temperature
AD+FTD->FTD,o_min,xgb_tree_d2,m066530_o_min_ord22_rk00016,22,0.320182810498581,2.867633890971212,9,Democracy
AD+FTD->FTD,o_min,xgb_tree_d2,m052527_o_min_ord8_rk00013,8,0.3201603439069382,2.25,5,Precipitation/droughts
AD+FTD->FTD,o_min,xgb_tree_d2,m057519_o_min_ord13_rk00005,13,0.3201248762081843,2.6612262562697895,7,Temperature
AD+FTD->FTD,o_min,xgb_tree_d2,m058518_o_min_ord14_rk00004,14,0.3200639564615742,2.610577243331642,7,Temperature
AD+FTD->FTD,o_min,xgb_tree_d2,m051523_o_min_ord7_rk00009,7,0.3199744434897268,1.9502120649147465,4,Precipitation/droughts
AD+FTD->FTD,o_min,xgb_tree_d2,m056522_o_min_ord12_rk00008,12,0.3198339639632731,2.688721875540867,7,Temperature
AD+FTD->FTD,o_min,xgb_tree_d2,m069519_o_min_ord25_rk00005,25,0.3198201840744314,2.823465189601647,9,Democracy
AD+FTD->FTD,o_min,xgb_tree_d2,m047528_o_min_ord3_rk00014,3,0.3198137302827385,0.9182958340544896,2,Air Pollution
AD+FTD->FTD,o_min,xgb_tree_d2,m069525_o_min_ord25_rk00011,25,0.3197947332549458,2.8676013115120567,9,Democracy
AD+FTD->FTD,o_min,xgb_tree_d2,m055521_o_min_ord11_rk00007,11,0.3197886847643352,2.299896391167891,5,Temperature
AD+FTD->FTD,o_min,xgb_tree_d2,m053516_o_min_ord9_rk00002,9,0.3197119875711953,2.725480556997868,7,Precipitation/droughts
AD+FTD->FTD,o_min,xgb_tree_d2,m048523_o_min_ord4_rk00009,4,0.3196258660428792,1.5,3,Air Pollution
AD+FTD->FTD,o_min,xgb_tree_d2,m056527_o_min_ord12_rk00013,12,0.3195839775514695,2.688721875540867,7,Air Pollution
AD+FTD->FTD,o_min,xgb_tree_d2,m065532_o_min_ord21_rk00018,21,0.3194464766974665,2.753918758180346,9,Democracy
AD+FTD->FTD,o_min,xgb_tree_d2,m053532_o_min_ord9_rk00018,9,0.3194425995971947,2.0588138903312014,5,Democracy
AD+FTD->FTD,o_min,xgb_tree_d2,m063516_o_min_ord19_rk00002,19,0.3193529537230868,2.8000446184790095,9,Democracy
AD+FTD->FTD,o_min,xgb_tree_d2,m055533_o_min_ord11_rk00019,11,0.3193305618353912,2.299896391167891,5,Temperature
AD+FTD->FTD,o_min,xgb_tree_d2,m056523_o_min_ord12_rk00009,12,0.3190708812916303,2.688721875540867,7,Temperature
AD+FTD->FTD,o_min,xgb_tree_d2,m057515_o_min_ord13_rk00001,13,0.3189603580840476,2.6612262562697895,7,Temperature
AD+FTD->FTD,o_min,xgb_tree_d2,m058533_o_min_ord14_rk00019,14,0.318775166625581,2.610577243331642,7,Temperature
AD+FTD->FTD,o_min,xgb_tree_d2,m072531_o_min_ord28_rk00017,28,0.3183886773541015,2.7754316010011366,9,Democracy
AD+FTD->FTD,o_min,xgb_tree_d2,m052534_o_min_ord8_rk00020,8,0.3183104603724934,2.25,5,Air Pollution
AD+FTD->FTD,o_min,xgb_tree_d2,m069524_o_min_ord25_rk00010,25,0.3183034697863314,2.8888840705376357,9,Democracy
AD+FTD->FTD,o_min,xgb_tree_d2,m056528_o_min_ord12_rk00014,12,0.3180269214558897,2.292481250360578,5,Temperature
AD+FTD->FTD,o_min,xgb_tree_d2,m057530_o_min_ord13_rk00016,13,0.31798300056885,2.7192945256669794,7,Temperature
AD+FTD->FTD,o_min,xgb_tree_d2,m065518_o_min_ord21_rk00004,21,0.3179212999781917,2.753918758180346,9,Democracy
AD+FTD->FTD,o_min,xgb_tree_d2,m062526_o_min_ord18_rk00012,18,0.3178768914853537,2.4830067805200744,6,Democracy
AD+FTD->FTD,o_min,xgb_tree_d2,m062525_o_min_ord18_rk00011,18,0.3178541557641775,2.591793226077496,8,Democracy
AD+FTD->FTD,o_min,xgb_tree_d2,m049520_o_min_ord5_rk00006,5,0.3177943740878834,1.9219280948873623,4,Air Pollution
AD+FTD->FTD,o_min,xgb_tree_d2,m064528_o_min_ord20_rk00014,20,0.3176935942563398,2.7709505944546686,8,Democracy
AD+FTD->FTD,o_min,xgb_tree_d2,m047517_o_min_ord3_rk00003,3,0.317673950121926,1.584962500721156,3,Air Pollution
AD+FTD->FTD,o_min,xgb_tree_d2,m055515_o_min_ord11_rk00001,11,0.3176683710037409,2.7321588913645702,7,Air Pollution
AD+FTD->FTD,o_min,xgb_tree_d2,m066528_o_min_ord22_rk00014,22,0.317572362875515,2.6405219626825924,8,Democracy
AD+FTD->FTD,o_min,xgb_tree_d2,m056525_o_min_ord12_rk00011,12,0.3175673887317863,2.688721875540867,7,Temperature
AD+FTD->FTD,o_min,xgb_tree_d2,m072520_o_min_ord28_rk00006,28,0.3175244998371037,2.937193208607594,10,Democracy
AD+FTD->FTD,o_min,xgb_tree_d2,m050528_o_min_ord6_rk00014,6,0.3174544660468987,1.4591479170272448,3,Socioeconomic
AD+FTD->FTD,o_min,xgb_tree_d2,m065517_o_min_ord21_rk00003,21,0.3174039947534114,2.7373227798185953,7,Temperature
AD+FTD->FTD,o_min,xgb_tree_d2,m052523_o_min_ord8_rk00009,8,0.317370814933444,2.5,6,Precipitation/droughts
AD+FTD->FTD,o_min,xgb_tree_d2,m066518_o_min_ord22_rk00004,22,0.317294158509642,2.731431053591683,9,Democracy
AD+FTD->FTD,o_min,xgb_tree_d2,m056530_o_min_ord12_rk00016,12,0.3172710718778986,2.688721875540867,7,Temperature
AD+FTD->FTD,o_min,xgb_tree_d2,m069526_o_min_ord25_rk00012,25,0.317179160319053,2.8676013115120567,9,Democracy
AD+FTD->FTD,o_min,xgb_tree_d2,m048521_o_min_ord4_rk00007,4,0.3168789741734327,1.5,3,Air Pollution
AD+FTD->FTD,o_min,xgb_tree_d2,m061521_o_min_ord17_rk00007,17,0.3166927909393038,2.41896119556797,6,Democracy
AD+FTD->FTD,o_min,xgb_tree_d2,m069522_o_min_ord25_rk00008,25,0.3165395341056076,2.8676013115120567,9,Democracy
AD+FTD->FTD,o_min,xgb_tree_d2,m058525_o_min_ord14_rk00011,14,0.3164972065346323,2.8423709931771084,8,Temperature
AD+FTD->FTD,o_min,xgb_tree_d2,m073527_o_min_ord29_rk00013,29,0.3164246928018033,2.8961239954868447,10,Democracy
AD+FTD->FTD,o_min,xgb_tree_d2,m064523_o_min_ord20_rk00009,20,0.3163395808430718,2.739353872167201,9,Democracy
AD+FTD->FTD,o_min,xgb_tree_d2,m057523_o_min_ord13_rk00009,13,0.3162488020081683,2.873140679513133,8,Precipitation/droughts
AD+FTD->FTD,o_min,xgb_tree_d2,m047520_o_min_ord3_rk00006,3,0.3161965763951002,-0.0,1,Air Pollution
AD+FTD->FTD,o_min,xgb_tree_d2,m072523_o_min_ord28_rk00009,28,0.3157844005936624,2.865764637179023,9,Democracy
AD+FTD->FTD,o_min,xgb_tree_d2,m050534_o_min_ord6_rk00020,6,0.3156543637505266,2.2516291673878226,5,Precipitation/droughts
AD+FTD->FTD,o_min,xgb_tree_d2,m050521_o_min_ord6_rk00007,6,0.3154829809563088,1.9182958340544893,4,Precipitation/droughts
AD+FTD->FTD,o_min,xgb_tree_d2,m057516_o_min_ord13_rk00002,13,0.315478114250163,2.6235166412180155,7,Temperature
AD+FTD->FTD,o_min,xgb_tree_d2,m055517_o_min_ord11_rk00003,11,0.3154079073803835,2.663532754804255,7,Temperature
AD+FTD->FTD,o_min,xgb_tree_d2,m069531_o_min_ord25_rk00017,25,0.3153131326125583,2.8888840705376357,9,Democracy
AD+FTD->FTD,o_min,xgb_tree_d2,m050526_o_min_ord6_rk00012,6,0.3152762028698838,1.9182958340544896,4,Precipitation/droughts
AD+FTD->FTD,o_min,xgb_tree_d2,m066523_o_min_ord22_rk00009,22,0.3151088907877563,2.8045965297024473,9,Democracy
AD+FTD->FTD,o_min,xgb_tree_d2,m063529_o_min_ord19_rk00015,19,0.3150579526850796,2.4370658315190226,7,Democracy
AD+FTD->FTD,o_min,xgb_tree_d2,m054515_o_min_ord10_rk00001,10,0.3148910120220448,2.7219280948873625,7,Air Pollution
AD+FTD->FTD,o_min,xgb_tree_d2,m052518_o_min_ord8_rk00004,8,0.3148125916135849,2.25,5,Temperature
AD+FTD->FTD,o_min,xgb_tree_d2,m056534_o_min_ord12_rk00020,12,0.3146803947751706,2.8553885422075336,8,Temperature
AD+FTD->FTD,o_min,xgb_tree_d2,m056518_o_min_ord12_rk00004,12,0.3138829198931294,2.584962500721156,7,Temperature
AD+FTD->FTD,o_min,xgb_tree_d2,m065526_o_min_ord21_rk00012,21,0.3137732528174596,2.7179717342678,8,Democracy
AD+FTD->FTD,o_min,xgb_tree_d2,m047518_o_min_ord3_rk00004,3,0.3136078753709975,0.9182958340544896,2,Democracy
AD+FTD->FTD,o_min,xgb_tree_d2,m055516_o_min_ord11_rk00002,11,0.313137410424827,2.663532754804255,7,Temperature
AD+FTD->FTD,o_min,xgb_tree_d2,m056531_o_min_ord12_rk00017,12,0.312764738877488,2.4591479170272446,6,Temperature
AD+FTD->FTD,o_min,xgb_tree_d2,m060525_o_min_ord16_rk00011,16,0.3126820195810929,2.452819531114783,6,Temperature
AD+FTD->FTD,o_min,xgb_tree_d2,m048522_o_min_ord4_rk00008,4,0.3126129738348517,1.5,3,Air Pollution
AD+FTD->FTD,o_min,xgb_tree_d2,m047527_o_min_ord3_rk00013,3,0.3122644538617659,0.9182958340544896,2,Democracy
AD+FTD->FTD,o_min,xgb_tree_d2,m058524_o_min_ord14_rk00010,14,0.3119559405529438,2.8423709931771084,8,Temperature
AD+FTD->FTD,o_min,xgb_tree_d2,m047519_o_min_ord3_rk00005,3,0.3117155391073749,0.9182958340544896,2,Air Pollution
AD+FTD->FTD,o_min,xgb_tree_d2,m056533_o_min_ord12_rk00019,12,0.31164751384517,2.292481250360578,5,Temperature
AD+FTD->FTD,o_min,xgb_tree_d2,m052525_o_min_ord8_rk00011,8,0.3116198953508036,1.75,4,Democracy
AD+FTD->FTD,o_min,xgb_tree_d2,m062530_o_min_ord18_rk00016,18,0.3115167559295156,2.6688388898504303,8,Democracy
AD+FTD->FTD,o_min,xgb_tree_d2,m050523_o_min_ord6_rk00009,6,0.3113661144157122,1.9182958340544896,4,Precipitation/droughts
AD+FTD->FTD,o_min,xgb_tree_d2,m047523_o_min_ord3_rk00009,3,0.3113520166620694,1.584962500721156,3,Air Pollution
AD+FTD->FTD,o_min,xgb_tree_d2,m055522_o_min_ord11_rk00008,11,0.3113332503342209,2.481714572986073,6,Temperature
AD+FTD->FTD,o_min,xgb_tree_d2,m056526_o_min_ord12_rk00012,12,0.3112131998151854,2.8553885422075336,8,Precipitation/droughts
AD+FTD->FTD,o_min,xgb_tree_d2,m069533_o_min_ord25_rk00019,25,0.3110555653037357,2.8676013115120567,9,Democracy
AD+FTD->FTD,o_min,xgb_tree_d2,m048534_o_min_ord4_rk00020,4,0.310969610815128,1.5,3,Air Pollution
AD+FTD->FTD,o_min,xgb_tree_d2,m047524_o_min_ord3_rk00010,3,0.3109676161439009,0.9182958340544896,2,Democracy
AD+FTD->FTD,o_min,xgb_tree_d2,m062529_o_min_ord18_rk00015,18,0.3107803376472932,2.858278308418045,9,Democracy
AD+FTD->FTD,o_min,xgb_tree_d2,m069516_o_min_ord25_rk00002,25,0.310741279107981,2.8676013115120567,9,Democracy
AD+FTD->FTD,o_min,xgb_tree_d2,m056515_o_min_ord12_rk00001,12,0.3105417876505565,2.688721875540867,7,Temperature
AD+FTD->FTD,o_min,xgb_tree_d2,m072517_o_min_ord28_rk00003,28,0.3103867549056119,2.7754316010011366,9,Democracy
AD+FTD->FTD,o_min,xgb_tree_d2,m056519_o_min_ord12_rk00005,12,0.3101761705450921,2.6258145836939115,7,Temperature
AD+FTD->FTD,o_min,xgb_tree_d2,m047530_o_min_ord3_rk00016,3,0.3101485284354424,0.9182958340544896,2,Democracy
AD+FTD->FTD,o_min,xgb_tree_d2,m059515_o_min_ord15_rk00001,15,0.3099334172507848,2.872905595320056,8,Temperature
AD+FTD->FTD,o_min,xgb_tree_d2,m048515_o_min_ord4_rk00001,4,0.3099005146258542,1.0,2,Air Pollution
AD+FTD->FTD,o_min,xgb_tree_d2,m047516_o_min_ord3_rk00002,3,0.3098472105003254,0.9182958340544896,2,Democracy
AD+FTD->FTD,o_min,xgb_tree_d2,m047529_o_min_ord3_rk00015,3,0.3095955546654595,1.584962500721156,3,Air Pollution
AD+FTD->FTD,o_min,xgb_tree_d2,m062515_o_min_ord18_rk00001,18,0.3092017921361876,2.858278308418045,9,Democracy
AD+FTD->FTD,o_min,xgb_tree_d2,m049531_o_min_ord5_rk00017,5,0.3090612256773124,1.9219280948873623,4,Precipitation/droughts
AD+FTD->FTD,o_min,xgb_tree_d2,m052521_o_min_ord8_rk00007,8,0.308801081447042,1.9056390622295665,4,Socioeconomic
AD+FTD->FTD,o_min,xgb_tree_d2,m049515_o_min_ord5_rk00001,5,0.3087941358695586,1.5219280948873621,3,Precipitation/droughts
AD+FTD->FTD,o_min,xgb_tree_d2,m064518_o_min_ord20_rk00004,20,0.3085446621521737,2.739353872167201,9,Democracy
AD+FTD->FTD,o_min,xgb_tree_d2,m049526_o_min_ord5_rk00012,5,0.3084973818538633,1.5219280948873621,3,Air Pollution
AD+FTD->FTD,o_min,xgb_tree_d2,m048528_o_min_ord4_rk00014,4,0.3081499732465559,1.5,3,Air Pollution
AD+FTD->FTD,o_min,xgb_tree_d2,m067527_o_min_ord23_rk00013,23,0.3080006650275367,2.7837353286220776,9,Democracy
AD+FTD->FTD,o_min,xgb_tree_d2,m052519_o_min_ord8_rk00005,8,0.3079592103271296,2.5,6,Air Pollution
AD+FTD->FTD,o_min,xgb_tree_d2,m047525_o_min_ord3_rk00011,3,0.3078122124758632,0.9182958340544896,2,Temperature
AD+FTD->FTD,o_min,xgb_tree_d2,m051516_o_min_ord7_rk00002,7,0.3077476178191103,1.3787834934861753,3,Democracy
AD+FTD->FTD,o_min,xgb_tree_d2,m047533_o_min_ord3_rk00019,3,0.3077028974923037,0.9182958340544896,2,Socioeconomic
AD+FTD->FTD,o_min,xgb_tree_d2,m047534_o_min_ord3_rk00020,3,0.3077028386947825,1.584962500721156,3,Air Pollution
AD+FTD->FTD,o_min,xgb_tree_d2,m051526_o_min_ord7_rk00012,7,0.3076470508294103,1.8423709931771086,4,Democracy
AD+FTD->FTD,o_min,xgb_tree_d2,m063531_o_min_ord19_rk00017,19,0.3074618843371377,2.5820599105802575,8,Democracy
AD+FTD->FTD,o_min,xgb_tree_d2,m052531_o_min_ord8_rk00017,8,0.3074027865699618,2.1556390622295662,5,Air Pollution
AD+FTD->FTD,o_min,xgb_tree_d2,m048517_o_min_ord4_rk00003,4,0.3071968291497347,1.5,3,Air Pollution
AD+FTD->FTD,o_min,xgb_tree_d2,m047531_o_min_ord3_rk00017,3,0.3067975554651685,0.9182958340544896,2,Air Pollution
AD+FTD->FTD,o_min,xgb_tree_d2,m049528_o_min_ord5_rk00014,5,0.3067909675492172,1.5219280948873621,3,Precipitation/droughts
AD+FTD->FTD,o_min,xgb_tree_d2,m050520_o_min_ord6_rk00006,6,0.3066286014260609,1.9182958340544893,4,Air Pollution
AD+FTD->FTD,o_min,xgb_tree_d2,m048518_o_min_ord4_rk00004,4,0.3063254481315832,1.5,3,Air Pollution
AD+FTD->FTD,o_min,xgb_tree_d2,m051525_o_min_ord7_rk00011,7,0.3062439356327017,1.950212064914747,4,Air Pollution
AD+FTD->FTD,o_min,xgb_tree_d2,m050525_o_min_ord6_rk00011,6,0.306173496830462,1.4591479170272448,3,Democracy
AD+FTD->FTD,o_min,xgb_tree_d2,m051518_o_min_ord7_rk00004,7,0.3057725159614963,1.9502120649147465,4,Air Pollution
AD+FTD->FTD,o_min,xgb_tree_d2,m047532_o_min_ord3_rk00018,3,0.3057275327067372,1.584962500721156,3,Air Pollution
AD+FTD->FTD,o_min,xgb_tree_d2,m049523_o_min_ord5_rk00009,5,0.305439760485872,1.5219280948873621,3,Precipitation/droughts
AD+FTD->FTD,o_min,xgb_tree_d2,m055528_o_min_ord11_rk00014,11,0.3052327981561271,2.663532754804255,7,Temperature
AD+FTD->FTD,o_min,xgb_tree_d2,m052530_o_min_ord8_rk00016,8,0.3048670876138732,2.1556390622295662,5,Air Pollution
AD+FTD->FTD,o_min,xgb_tree_d2,m056524_o_min_ord12_rk00010,12,0.3047689530861694,2.6258145836939115,7,Temperature
AD+FTD->FTD,o_min,xgb_tree_d2,m057520_o_min_ord13_rk00006,13,0.304618994906439,2.873140679513133,8,Precipitation/droughts
AD+FTD->FTD,o_min,xgb_tree_d2,m050522_o_min_ord6_rk00008,6,0.3044130524691568,1.9182958340544893,4,Air Pollution
AD+FTD->FTD,o_min,xgb_tree_d2,m050533_o_min_ord6_rk00019,6,0.3039533498385709,1.9182958340544896,4,Precipitation/droughts
AD+FTD->FTD,o_min,xgb_tree_d2,m052529_o_min_ord8_rk00015,8,0.3038199118420054,2.1556390622295662,5,Air Pollution
AD+FTD->FTD,o_min,xgb_tree_d2,m050530_o_min_ord6_rk00016,6,0.3037435777616735,1.9182958340544896,4,Air Pollution
AD+FTD->FTD,o_min,xgb_tree_d2,m051519_o_min_ord7_rk00005,7,0.303622897982329,1.3787834934861753,3,Democracy
AD+FTD->FTD,o_min,xgb_tree_d2,m053525_o_min_ord9_rk00011,9,0.3031737783988467,2.725480556997868,7,Air Pollution
AD+FTD->FTD,o_min,xgb_tree_d2,m051530_o_min_ord7_rk00016,7,0.3028327294169139,1.9502120649147465,4,Air Pollution
AD+FTD->FTD,o_min,xgb_tree_d2,m049518_o_min_ord5_rk00004,5,0.3027376714206928,1.5219280948873621,3,Air Pollution
AD+FTD->FTD,o_min,xgb_tree_d2,m049519_o_min_ord5_rk00005,5,0.3027199417967825,1.5219280948873621,3,Air Pollution
AD+FTD->FTD,o_min,xgb_tree_d2,m056520_o_min_ord12_rk00006,12,0.3025547654461775,2.6258145836939115,7,Temperature
AD+FTD->FTD,o_min,xgb_tree_d2,m051529_o_min_ord7_rk00015,7,0.3017415447652133,1.8423709931771086,4,Democracy
AD+FTD->FTD,o_min,xgb_tree_d2,m048531_o_min_ord4_rk00017,4,0.3015947584431947,1.5,3,Air Pollution
AD+FTD->FTD,o_min,xgb_tree_d2,m050515_o_min_ord6_rk00001,6,0.301341560716155,1.4591479170272448,3,Democracy
AD+FTD->FTD,o_min,xgb_tree_d2,m053518_o_min_ord9_rk00004,9,0.3012487885162217,2.197159723424149,5,Temperature
AD+FTD->FTD,o_min,xgb_tree_d2,m049533_o_min_ord5_rk00019,5,0.3009838394312567,1.5219280948873621,3,Air Pollution
AD+FTD->FTD,o_min,xgb_tree_d2,m051528_o_min_ord7_rk00014,7,0.3009435206947179,1.8423709931771088,4,Air Pollution
AD+FTD->FTD,o_min,xgb_tree_d2,m051527_o_min_ord7_rk00013,7,0.3008518909756507,1.8423709931771088,4,Air Pollution
AD+FTD->FTD,o_min,xgb_tree_d2,m049525_o_min_ord5_rk00011,5,0.300727425818019,1.5219280948873621,3,Air Pollution
AD+FTD->FTD,o_min,xgb_tree_d2,m049527_o_min_ord5_rk00013,5,0.3005934544178551,1.9219280948873623,4,Air Pollution
AD+FTD->FTD,o_min,xgb_tree_d2,m051533_o_min_ord7_rk00019,7,0.3005758209121314,1.8423709931771086,4,Democracy
AD+FTD->FTD,o_min,xgb_tree_d2,m049522_o_min_ord5_rk00008,5,0.2999774767069261,1.5219280948873621,3,Air Pollution
AD+FTD->FTD,o_min,xgb_tree_d2,m050531_o_min_ord6_rk00017,6,0.2994613581947423,1.584962500721156,3,Air Pollution
AD+FTD->FTD,o_min,xgb_tree_d2,m049517_o_min_ord5_rk00003,5,0.2994163782916601,1.9219280948873623,4,Air Pollution
AD+FTD->FTD,o_min,xgb_tree_d2,m050519_o_min_ord6_rk00005,6,0.2994118315674754,1.9182958340544893,4,Air Pollution
AD+FTD->FTD,o_min,xgb_tree_d2,m050517_o_min_ord6_rk00003,6,0.2992869692930446,1.7924812503605778,4,Air Pollution
AD+FTD->FTD,o_min,xgb_tree_d2,m051532_o_min_ord7_rk00018,7,0.299228500308041,1.8423709931771086,4,Democracy
AD+FTD->FTD,o_min,xgb_tree_d2,m047521_o_min_ord3_rk00007,3,0.2991108692855478,0.9182958340544896,2,Democracy
AD+FTD->FTD,o_min,xgb_tree_d2,m051524_o_min_ord7_rk00010,7,0.2986483058803354,1.8423709931771088,4,Air Pollution
AD+FTD->FTD,o_min,xgb_tree_d2,m050527_o_min_ord6_rk00013,6,0.298462351141404,1.9182958340544893,4,Air Pollution
AD+FTD->FTD,o_min,xgb_tree_d2,m049534_o_min_ord5_rk00020,5,0.2983175108671414,1.9219280948873623,4,Precipitation/droughts
AD+FTD->FTD,o_min,xgb_tree_d2,m052532_o_min_ord8_rk00018,8,0.2979959239448769,2.0,4,Air Pollution
AD+FTD->FTD,o_min,xgb_tree_d2,m048525_o_min_ord4_rk00011,4,0.2975124158035835,1.5,3,Air Pollution
AD+FTD->FTD,o_min,xgb_tree_d2,m051520_o_min_ord7_rk00006,7,0.2974476864175266,2.1280852788913944,5,Air Pollution
AD+FTD->FTD,o_min,xgb_tree_d2,m049521_o_min_ord5_rk00007,5,0.2963792418096265,1.9219280948873623,4,Air Pollution
AD+FTD->FTD,o_min,xgb_tree_d2,m052533_o_min_ord8_rk00019,8,0.2963461740314888,2.5,6,Air Pollution
AD+FTD->FTD,o_min,xgb_tree_d2,m049532_o_min_ord5_rk00018,5,0.2963405606329282,1.5219280948873621,3,Air Pollution
AD+FTD->FTD,o_min,xgb_tree_d2,m050532_o_min_ord6_rk00018,6,0.296215531851031,1.7924812503605778,4,Air Pollution
AD+FTD->FTD,o_min,xgb_tree_d2,m050518_o_min_ord6_rk00004,6,0.2955458188352764,1.9182958340544896,4,Air Pollution
AD+FTD->FTD,o_min,xgb_tree_d2,m048529_o_min_ord4_rk00015,4,0.295267431946479,1.5,3,Air Pollution
AD+FTD->FTD,o_min,xgb_tree_d2,m050516_o_min_ord6_rk00002,6,0.2949455514802482,1.9182958340544896,4,Air Pollution
AD+FTD->FTD,o_min,xgb_tree_d2,m047522_o_min_ord3_rk00008,3,0.2937929681521758,0.9182958340544896,2,Democracy
AD+FTD->FTD,o_min,xgb_tree_d2,m049516_o_min_ord5_rk00002,5,0.2930457215106965,1.5219280948873621,3,Air Pollution
AD+FTD->FTD,o_min,xgb_tree_d2,m050529_o_min_ord6_rk00015,6,0.2916491328825102,1.9182958340544893,4,Air Pollution
AD+FTD->FTD,o_min,xgb_tree_d2,m056521_o_min_ord12_rk00007,12,0.2910630296024039,2.8553885422075336,8,Precipitation/droughts
AD+FTD->FTD,o_min,xgb_tree_d2,m049529_o_min_ord5_rk00015,5,0.2848854614770371,1.3709505944546687,3,Air Pollution
AD+FTD->FTD,o_min,xgb_tree_d2,m048520_o_min_ord4_rk00006,4,0.2760322477096052,1.5,3,Air Pollution
AD+FTD->FTD,o_min,xgb_tree_d2,m049524_o_min_ord5_rk00010,5,0.2510364013823741,1.9219280948873623,4,Air Pollution
AD+FTD->FTD,o_max,ols,m010002_o_max_ord13_rk00003,13,0.3422531347992424,-0.0,1,Democracy
AD+FTD->FTD,o_max,ols,m011000_o_max_ord14_rk00001,14,0.3380118905359197,-0.0,1,Democracy
AD+FTD->FTD,o_max,ols,m007003_o_max_ord10_rk00004,10,0.3368173129075481,-0.0,1,Democracy
AD+FTD->FTD,o_max,ols,m010001_o_max_ord13_rk00002,13,0.3351350987800955,-0.0,1,Democracy
AD+FTD->FTD,o_max,ols,m010006_o_max_ord13_rk00007,13,0.3351321609031131,-0.0,1,Democracy
AD+FTD->FTD,o_max,ols,m009002_o_max_ord12_rk00003,12,0.3351196473784615,-0.0,1,Democracy
AD+FTD->FTD,o_max,ols,m011017_o_max_ord14_rk00018,14,0.3349367901103144,-0.0,1,Democracy
AD+FTD->FTD,o_max,ols,m011001_o_max_ord14_rk00002,14,0.3347035497145881,-0.0,1,Democracy
AD+FTD->FTD,o_max,ols,m011007_o_max_ord14_rk00008,14,0.3345476532863286,-0.0,1,Democracy
AD+FTD->FTD,o_max,ols,m009004_o_max_ord12_rk00005,12,0.333850557127553,-0.0,1,Democracy
AD+FTD->FTD,o_max,ols,m010019_o_max_ord13_rk00020,13,0.3334445224850512,-0.0,1,Democracy
AD+FTD->FTD,o_max,ols,m011004_o_max_ord14_rk00005,14,0.3333252039673988,-0.0,1,Democracy
AD+FTD->FTD,o_max,ols,m008007_o_max_ord11_rk00008,11,0.3333203432476751,-0.0,1,Democracy
AD+FTD->FTD,o_max,ols,m005008_o_max_ord8_rk00009,8,0.3331308732609062,-0.0,1,Democracy
AD+FTD->FTD,o_max,ols,m009016_o_max_ord12_rk00017,12,0.3327610653896266,-0.0,1,Democracy
AD+FTD->FTD,o_max,ols,m006000_o_max_ord9_rk00001,9,0.3327590549752491,-0.0,1,Democracy
AD+FTD->FTD,o_max,ols,m010008_o_max_ord13_rk00009,13,0.33253468119469,-0.0,1,Democracy
AD+FTD->FTD,o_max,ols,m008008_o_max_ord11_rk00009,11,0.3324873272140638,-0.0,1,Democracy
AD+FTD->FTD,o_max,ols,m010003_o_max_ord13_rk00004,13,0.3318321062355096,-0.0,1,Democracy
AD+FTD->FTD,o_max,ols,m011006_o_max_ord14_rk00007,14,0.3317710517132416,-0.0,1,Democracy
AD+FTD->FTD,o_max,ols,m007014_o_max_ord10_rk00015,10,0.3315431118383299,0.4689955935892812,2,Democracy
AD+FTD->FTD,o_max,ols,m007013_o_max_ord10_rk00014,10,0.3314617064744334,-0.0,1,Democracy
AD+FTD->FTD,o_max,ols,m008019_o_max_ord11_rk00020,11,0.3313995528711537,-0.0,1,Democracy
AD+FTD->FTD,o_max,ols,m006015_o_max_ord9_rk00016,9,0.331350452803438,-0.0,1,Democracy
AD+FTD->FTD,o_max,ols,m012002_o_max_ord15_rk00003,15,0.3310437544046916,-0.0,1,Democracy
AD+FTD->FTD,o_max,ols,m012001_o_max_ord15_rk00002,15,0.3310359596292932,-0.0,1,Democracy
AD+FTD->FTD,o_max,ols,m007005_o_max_ord10_rk00006,10,0.3300193851753473,-0.0,1,Democracy
AD+FTD->FTD,o_max,ols,m010007_o_max_ord13_rk00008,13,0.3297382233050889,-0.0,1,Democracy
AD+FTD->FTD,o_max,ols,m012006_o_max_ord15_rk00007,15,0.3293438854781735,-0.0,1,Democracy
AD+FTD->FTD,o_max,ols,m012000_o_max_ord15_rk00001,15,0.3292600291906344,-0.0,1,Democracy
AD+FTD->FTD,o_max,ols,m007010_o_max_ord10_rk00011,10,0.328894098031665,-0.0,1,Democracy
AD+FTD->FTD,o_max,ols,m009001_o_max_ord12_rk00002,12,0.328149930988062,-0.0,1,Democracy
AD+FTD->FTD,o_max,ols,m010000_o_max_ord13_rk00001,13,0.3280541775223109,-0.0,1,Democracy
AD+FTD->FTD,o_max,ols,m012005_o_max_ord15_rk00006,15,0.3275508854032474,0.35335933502142136,2,Democracy
AD+FTD->FTD,o_max,ols,m001004_o_max_ord4_rk00005,4,0.3274074779747319,-0.0,1,Democracy
AD+FTD->FTD,o_max,ols,m001001_o_max_ord4_rk00002,4,0.3272265092856142,-0.0,1,Democracy
AD+FTD->FTD,o_max,ols,m008009_o_max_ord11_rk00010,11,0.3269083154138048,-0.0,1,Democracy
AD+FTD->FTD,o_max,ols,m008010_o_max_ord11_rk00011,11,0.3266857734859938,-0.0,1,Democracy
AD+FTD->FTD,o_max,ols,m006017_o_max_ord9_rk00018,9,0.3262992556580193,-0.0,1,Democracy
AD+FTD->FTD,o_max,ols,m008003_o_max_ord11_rk00004,11,0.3250936099418041,-0.0,1,Democracy
AD+FTD->FTD,o_max,ols,m008000_o_max_ord11_rk00001,11,0.324587477543679,-0.0,1,Democracy
AD+FTD->FTD,o_max,ols,m009005_o_max_ord12_rk00006,12,0.3243900151422926,-0.0,1,Democracy
AD+FTD->FTD,o_max,ols,m010004_o_max_ord13_rk00005,13,0.3243894347234414,-0.0,1,Democracy
AD+FTD->FTD,o_max,ols,m009000_o_max_ord12_rk00001,12,0.3241633230252865,-0.0,1,Democracy
AD+FTD->FTD,o_max,ols,m009018_o_max_ord12_rk00019,12,0.3241549717053201,-0.0,1,Democracy
AD+FTD->FTD,o_max,ols,m002003_o_max_ord5_rk00004,5,0.3238232711802254,-0.0,1,Democracy
AD+FTD->FTD,o_max,ols,m011002_o_max_ord14_rk00003,14,0.3235962395872264,-0.0,1,Democracy
AD+FTD->FTD,o_max,ols,m007011_o_max_ord10_rk00012,10,0.3235478788596375,0.4689955935892812,2,Democracy
AD+FTD->FTD,o_max,ols,m009013_o_max_ord12_rk00014,12,0.3235238349785422,-0.0,1,Democracy
AD+FTD->FTD,o_max,ols,m009011_o_max_ord12_rk00012,12,0.3235210355153202,-0.0,1,Democracy
AD+FTD->FTD,o_max,ols,m000017_o_max_ord3_rk00018,3,0.3234692311166033,-0.0,1,Democracy
AD+FTD->FTD,o_max,ols,m002019_o_max_ord5_rk00020,5,0.3234123008321804,-0.0,1,Democracy
AD+FTD->FTD,o_max,ols,m003015_o_max_ord6_rk00016,6,0.3230767641064503,-0.0,1,Democracy
AD+FTD->FTD,o_max,ols,m011014_o_max_ord14_rk00015,14,0.3226486490594846,0.37123232664087563,2,Democracy
AD+FTD->FTD,o_max,ols,m001013_o_max_ord4_rk00014,4,0.3225219438171186,-0.0,1,Democracy
AD+FTD->FTD,o_max,ols,m000000_o_max_ord3_rk00001,3,0.3224967949199313,-0.0,1,Democracy
AD+FTD->FTD,o_max,ols,m009012_o_max_ord12_rk00013,12,0.3221502181400032,-0.0,1,Democracy
AD+FTD->FTD,o_max,ols,m001015_o_max_ord4_rk00016,4,0.322011241360059,-0.0,1,Democracy
AD+FTD->FTD,o_max,ols,m013000_o_max_ord16_rk00001,16,0.3219434352234706,-0.0,1,Democracy
AD+FTD->FTD,o_max,ols,m013006_o_max_ord16_rk00007,16,0.3217937103096298,-0.0,1,Democracy
AD+FTD->FTD,o_max,ols,m000012_o_max_ord3_rk00013,3,0.3213821874732169,-0.0,1,Democracy
AD+FTD->FTD,o_max,ols,m010013_o_max_ord13_rk00014,13,0.3211652678734209,-0.0,1,Democracy
AD+FTD->FTD,o_max,ols,m010016_o_max_ord13_rk00017,13,0.3204435417912036,-0.0,1,Democracy
AD+FTD->FTD,o_max,ols,m010017_o_max_ord13_rk00018,13,0.3203453229474722,-0.0,1,Democracy
AD+FTD->FTD,o_max,ols,m008006_o_max_ord11_rk00007,11,0.3201393030845924,-0.0,1,Democracy
AD+FTD->FTD,o_max,ols,m002017_o_max_ord5_rk00018,5,0.3196736016229852,-0.0,1,Democracy
AD+FTD->FTD,o_max,ols,m005002_o_max_ord8_rk00003,8,0.3196455557342093,-0.0,1,Democracy
AD+FTD->FTD,o_max,ols,m001008_o_max_ord4_rk00009,4,0.3195982746013215,-0.0,1,Democracy
AD+FTD->FTD,o_max,ols,m012010_o_max_ord15_rk00011,15,0.3193812672483027,-0.0,1,Democracy
AD+FTD->FTD,o_max,ols,m005000_o_max_ord8_rk00001,8,0.3193800711704295,-0.0,1,Democracy
AD+FTD->FTD,o_max,ols,m006008_o_max_ord9_rk00009,9,0.3187270562388877,-0.0,1,Democracy
AD+FTD->FTD,o_max,ols,m011003_o_max_ord14_rk00004,14,0.3185165104103129,-0.0,1,Democracy
AD+FTD->FTD,o_max,ols,m013007_o_max_ord16_rk00008,16,0.3184713583802823,0.3372900666170139,2,Democracy
AD+FTD->FTD,o_max,ols,m008005_o_max_ord11_rk00006,11,0.3181369220128307,-0.0,1,Democracy
AD+FTD->FTD,o_max,ols,m009009_o_max_ord12_rk00010,12,0.3181230498481222,-0.0,1,Democracy
AD+FTD->FTD,o_max,ols,m008014_o_max_ord11_rk00015,11,0.3172208609223623,-0.0,1,Democracy
AD+FTD->FTD,o_max,ols,m001011_o_max_ord4_rk00012,4,0.3169733884460139,-0.0,1,Democracy
AD+FTD->FTD,o_max,ols,m010011_o_max_ord13_rk00012,13,0.3162851268857075,-0.0,1,Democracy
AD+FTD->FTD,o_max,ols,m001002_o_max_ord4_rk00003,4,0.3161126722389064,-0.0,1,Democracy
AD+FTD->FTD,o_max,ols,m009007_o_max_ord12_rk00008,12,0.3160837607607721,-0.0,1,Democracy
AD+FTD->FTD,o_max,ols,m000007_o_max_ord3_rk00008,3,0.3160530528343451,-0.0,1,Democracy
AD+FTD->FTD,o_max,ols,m012019_o_max_ord15_rk00020,15,0.3159640141094241,0.35335933502142136,2,Democracy
AD+FTD->FTD,o_max,ols,m009003_o_max_ord12_rk00004,12,0.3158939688871368,-0.0,1,Democracy
AD+FTD->FTD,o_max,ols,m010012_o_max_ord13_rk00013,13,0.3157106040734961,-0.0,1,Democracy
AD+FTD->FTD,o_max,ols,m009015_o_max_ord12_rk00016,12,0.3155027323100979,-0.0,1,Democracy
AD+FTD->FTD,o_max,ols,m008015_o_max_ord11_rk00016,11,0.3152122866665837,-0.0,1,Democracy
AD+FTD->FTD,o_max,ols,m010009_o_max_ord13_rk00010,13,0.3148713940650076,-0.0,1,Democracy
AD+FTD->FTD,o_max,ols,m001018_o_max_ord4_rk00019,4,0.3148350402631488,-0.0,1,Democracy
AD+FTD->FTD,o_max,ols,m007006_o_max_ord10_rk00007,10,0.3147562972665881,-0.0,1,Democracy
AD+FTD->FTD,o_max,ols,m010010_o_max_ord13_rk00011,13,0.3141120045607233,-0.0,1,Democracy
AD+FTD->FTD,o_max,ols,m003019_o_max_ord6_rk00020,6,0.3140565519096618,-0.0,1,Democracy
AD+FTD->FTD,o_max,ols,m006003_o_max_ord9_rk00004,9,0.3139712787310642,-0.0,1,Democracy
AD+FTD->FTD,o_max,ols,m007002_o_max_ord10_rk00003,10,0.3139443983164545,-0.0,1,Democracy
AD+FTD->FTD,o_max,ols,m007004_o_max_ord10_rk00005,10,0.3138584609564258,-0.0,1,Democracy
AD+FTD->FTD,o_max,ols,m004019_o_max_ord7_rk00020,7,0.3138447457077791,-0.0,1,Democracy
AD+FTD->FTD,o_max,ols,m001009_o_max_ord4_rk00010,4,0.3133934725434479,-0.0,1,Democracy
AD+FTD->FTD,o_max,ols,m006007_o_max_ord9_rk00008,9,0.3129944346544459,-0.0,1,Democracy
AD+FTD->FTD,o_max,ols,m011015_o_max_ord14_rk00016,14,0.312925195428158,-0.0,1,Democracy
AD+FTD->FTD,o_max,ols,m012004_o_max_ord15_rk00005,15,0.312906386671266,-0.0,1,Democracy
AD+FTD->FTD,o_max,ols,m010005_o_max_ord13_rk00006,13,0.3128136478577258,-0.0,1,Democracy
AD+FTD->FTD,o_max,ols,m001017_o_max_ord4_rk00018,4,0.3125137554486579,-0.0,1,Democracy
AD+FTD->FTD,o_max,ols,m002010_o_max_ord5_rk00011,5,0.3124382413545737,-0.0,1,Democracy
AD+FTD->FTD,o_max,ols,m012014_o_max_ord15_rk00015,15,0.3123430434001903,-0.0,1,Democracy
AD+FTD->FTD,o_max,ols,m011005_o_max_ord14_rk00006,14,0.3119938607644837,-0.0,1,Democracy
AD+FTD->FTD,o_max,ols,m007001_o_max_ord10_rk00002,10,0.3119093393238402,-0.0,1,Democracy
AD+FTD->FTD,o_max,ols,m010014_o_max_ord13_rk00015,13,0.3115143390918272,-0.0,1,Democracy
AD+FTD->FTD,o_max,ols,m000006_o_max_ord3_rk00007,3,0.3111058736370141,-0.0,1,Democracy
AD+FTD->FTD,o_max,ols,m008013_o_max_ord11_rk00014,11,0.3110565675579025,-0.0,1,Democracy
AD+FTD->FTD,o_max,ols,m000015_o_max_ord3_rk00016,3,0.3109299867876114,-0.0,1,Democracy
AD+FTD->FTD,o_max,ols,m003004_o_max_ord6_rk00005,6,0.3106349736648363,-0.0,1,Democracy
AD+FTD->FTD,o_max,ols,m000011_o_max_ord3_rk00012,3,0.3100213750034393,-0.0,1,Democracy
AD+FTD->FTD,o_max,ols,m007000_o_max_ord10_rk00001,10,0.3093689566161097,-0.0,1,Democracy
AD+FTD->FTD,o_max,ols,m009017_o_max_ord12_rk00018,12,0.3092369903226304,-0.0,1,Democracy
AD+FTD->FTD,o_max,ols,m008017_o_max_ord11_rk00018,11,0.3089599012377957,0.4394969869215134,2,Democracy
AD+FTD->FTD,o_max,ols,m005012_o_max_ord8_rk00013,8,0.3086779203010478,-0.0,1,Democracy
AD+FTD->FTD,o_max,ols,m005018_o_max_ord8_rk00019,8,0.308667095563607,-0.0,1,Democracy
AD+FTD->FTD,o_max,ols,m003007_o_max_ord6_rk00008,6,0.3083741751200264,-0.0,1,Democracy
AD+FTD->FTD,o_max,ols,m012009_o_max_ord15_rk00010,15,0.3078849873065993,-0.0,1,Democracy
AD+FTD->FTD,o_max,ols,m013002_o_max_ord16_rk00003,16,0.3078607347161577,-0.0,1,Democracy
AD+FTD->FTD,o_max,ols,m008004_o_max_ord11_rk00005,11,0.3074568681145797,-0.0,1,Democracy
AD+FTD->FTD,o_max,ols,m000019_o_max_ord3_rk00020,3,0.3070703318892551,-0.0,1,Democracy
AD+FTD->FTD,o_max,ols,m008018_o_max_ord11_rk00019,11,0.3066327081176797,-0.0,1,Democracy
AD+FTD->FTD,o_max,ols,m002012_o_max_ord5_rk00013,5,0.3061662434274956,-0.0,1,Democracy
AD+FTD->FTD,o_max,ols,m003017_o_max_ord6_rk00018,6,0.3060494397312731,-0.0,1,Democracy
AD+FTD->FTD,o_max,ols,m011009_o_max_ord14_rk00010,14,0.3054501284073336,-0.0,1,Democracy
AD+FTD->FTD,o_max,ols,m011013_o_max_ord14_rk00014,14,0.305248441669001,-0.0,1,Democracy
AD+FTD->FTD,o_max,ols,m007015_o_max_ord10_rk00016,10,0.3052373450225693,-0.0,1,Democracy
AD+FTD->FTD,o_max,ols,m000009_o_max_ord3_rk00010,3,0.3050155377984742,-0.0,1,Democracy
AD+FTD->FTD,o_max,ols,m000010_o_max_ord3_rk00011,3,0.3049589822169453,-0.0,1,Democracy
AD+FTD->FTD,o_max,ols,m006006_o_max_ord9_rk00007,9,0.3048837240586066,-0.0,1,Democracy
AD+FTD->FTD,o_max,ols,m006009_o_max_ord9_rk00010,9,0.3048194539857278,-0.0,1,Democracy
AD+FTD->FTD,o_max,ols,m000014_o_max_ord3_rk00015,3,0.3048140565658415,-0.0,1,Democracy
AD+FTD->FTD,o_max,ols,m011019_o_max_ord14_rk00020,14,0.304309428062694,-0.0,1,Democracy
AD+FTD->FTD,o_max,ols,m000003_o_max_ord3_rk00004,3,0.3043080394718037,-0.0,1,Democracy
AD+FTD->FTD,o_max,ols,m002015_o_max_ord5_rk00016,5,0.3041837130547329,-0.0,1,Democracy
AD+FTD->FTD,o_max,ols,m013017_o_max_ord16_rk00018,16,0.3038123266145554,0.3372900666170139,2,Democracy
AD+FTD->FTD,o_max,ols,m004007_o_max_ord7_rk00008,7,0.3035653735459375,-0.0,1,Democracy
AD+FTD->FTD,o_max,ols,m005010_o_max_ord8_rk00011,8,0.3034778734351088,-0.0,1,Democracy
AD+FTD->FTD,o_max,ols,m004002_o_max_ord7_rk00003,7,0.3034295341115601,-0.0,1,Democracy
AD+FTD->FTD,o_max,ols,m011018_o_max_ord14_rk00019,14,0.3020439736628616,0.37123232664087563,2,Democracy
AD+FTD->FTD,o_max,ols,m008001_o_max_ord11_rk00002,11,0.3018373433991446,-0.0,1,Democracy
AD+FTD->FTD,o_max,ols,m000013_o_max_ord3_rk00014,3,0.3005028801983759,-0.0,1,Democracy
AD+FTD->FTD,o_max,ols,m004003_o_max_ord7_rk00004,7,0.3003394739086011,-0.0,1,Democracy
AD+FTD->FTD,o_max,ols,m000016_o_max_ord3_rk00017,3,0.2999370092608453,-0.0,1,Democracy
AD+FTD->FTD,o_max,ols,m000008_o_max_ord3_rk00009,3,0.2996228237882121,-0.0,1,Democracy
AD+FTD->FTD,o_max,ols,m001016_o_max_ord4_rk00017,4,0.2992721124215273,-0.0,1,Democracy
AD+FTD->FTD,o_max,ols,m003011_o_max_ord6_rk00012,6,0.298905564629956,-0.0,1,Democracy
AD+FTD->FTD,o_max,ols,m000005_o_max_ord3_rk00006,3,0.2977922489166996,-0.0,1,Democracy
AD+FTD->FTD,o_max,ols,m009006_o_max_ord12_rk00007,12,0.2973062490220896,-0.0,1,Democracy
AD+FTD->FTD,o_max,ols,m011010_o_max_ord14_rk00011,14,0.2972527477263933,0.37123232664087563,2,Democracy
AD+FTD->FTD,o_max,ols,m002002_o_max_ord5_rk00003,5,0.2970207415131018,-0.0,1,Democracy
AD+FTD->FTD,o_max,ols,m002000_o_max_ord5_rk00001,5,0.2969302272290263,-0.0,1,Democracy
AD+FTD->FTD,o_max,ols,m001010_o_max_ord4_rk00011,4,0.2968188115360642,-0.0,1,Democracy
AD+FTD->FTD,o_max,ols,m013012_o_max_ord16_rk00013,16,0.2956937600231321,-0.0,1,Democracy
AD+FTD->FTD,o_max,ols,m000004_o_max_ord3_rk00005,3,0.2956617872111933,-0.0,1,Democracy
AD+FTD->FTD,o_max,ols,m000018_o_max_ord3_rk00019,3,0.295649799498814,-0.0,1,Democracy
AD+FTD->FTD,o_max,ols,m012007_o_max_ord15_rk00008,15,0.2956025673673091,-0.0,1,Democracy
AD+FTD->FTD,o_max,ols,m003002_o_max_ord6_rk00003,6,0.2955636577878555,-0.0,1,Democracy
AD+FTD->FTD,o_max,ols,m002004_o_max_ord5_rk00005,5,0.2949474827127942,-0.0,1,Democracy
AD+FTD->FTD,o_max,ols,m012013_o_max_ord15_rk00014,15,0.2949138694460675,0.35335933502142136,2,Democracy
AD+FTD->FTD,o_max,ols,m004013_o_max_ord7_rk00014,7,0.2947761259985705,-0.0,1,Democracy
AD+FTD->FTD,o_max,ols,m001005_o_max_ord4_rk00006,4,0.2945173745813124,-0.0,1,Democracy
AD+FTD->FTD,o_max,ols,m008002_o_max_ord11_rk00003,11,0.2945142811893134,-0.0,1,Democracy
AD+FTD->FTD,o_max,ols,m006012_o_max_ord9_rk00013,9,0.2938290504784986,-0.0,1,Democracy
AD+FTD->FTD,o_max,ols,m007007_o_max_ord10_rk00008,10,0.293766519288836,-0.0,1,Democracy
AD+FTD->FTD,o_max,ols,m014018_o_max_ord17_rk00019,17,0.2935653028236799,-0.0,1,Democracy
AD+FTD->FTD,o_max,ols,m006019_o_max_ord9_rk00020,9,0.2932878864968011,-0.0,1,Democracy
AD+FTD->FTD,o_max,ols,m009008_o_max_ord12_rk00009,12,0.292799407897726,-0.0,1,Democracy
AD+FTD->FTD,o_max,ols,m004004_o_max_ord7_rk00005,7,0.2926617135113795,-0.0,1,Democracy
AD+FTD->FTD,o_max,ols,m007017_o_max_ord10_rk00018,10,0.2924360964310295,-0.0,1,Democracy
AD+FTD->FTD,o_max,ols,m001012_o_max_ord4_rk00013,4,0.2920308546549497,-0.0,1,Democracy
AD+FTD->FTD,o_max,ols,m008011_o_max_ord11_rk00012,11,0.2918953291490725,-0.0,1,Democracy
AD+FTD->FTD,o_max,ols,m012017_o_max_ord15_rk00018,15,0.291134608492429,-0.0,1,Democracy
AD+FTD->FTD,o_max,ols,m004012_o_max_ord7_rk00013,7,0.2909943830082161,-0.0,1,Democracy
AD+FTD->FTD,o_max,ols,m005001_o_max_ord8_rk00002,8,0.2884703757345052,-0.0,1,Democracy
AD+FTD->FTD,o_max,ols,m009010_o_max_ord12_rk00011,12,0.2882762695296913,-0.0,1,Democracy
AD+FTD->FTD,o_max,ols,m006010_o_max_ord9_rk00011,9,0.2872216434533093,-0.0,1,Democracy
AD+FTD->FTD,o_max,ols,m004006_o_max_ord7_rk00007,7,0.2871870815781998,-0.0,1,Democracy
AD+FTD->FTD,o_max,ols,m004017_o_max_ord7_rk00018,7,0.286569034660856,-0.0,1,Democracy
AD+FTD->FTD,o_max,ols,m004015_o_max_ord7_rk00016,7,0.286532389384687,-0.0,1,Democracy
AD+FTD->FTD,o_max,ols,m006014_o_max_ord9_rk00015,9,0.2860902322300608,-0.0,1,Democracy
AD+FTD->FTD,o_max,ols,m006013_o_max_ord9_rk00014,9,0.2847724524277911,-0.0,1,Democracy
AD+FTD->FTD,o_max,ols,m004011_o_max_ord7_rk00012,7,0.2836952327323809,-0.0,1,Democracy
AD+FTD->FTD,o_max,ols,m003006_o_max_ord6_rk00007,6,0.2834603301229249,-0.0,1,Democracy
AD+FTD->FTD,o_max,ols,m003005_o_max_ord6_rk00006,6,0.2833850315355939,-0.0,1,Democracy
AD+FTD->FTD,o_max,ols,m002009_o_max_ord5_rk00010,5,0.2828731725088818,-0.0,1,Democracy
AD+FTD->FTD,o_max,ols,m010015_o_max_ord13_rk00016,13,0.2828651655913379,-0.0,1,Democracy
AD+FTD->FTD,o_max,ols,m008016_o_max_ord11_rk00017,11,0.282725992062624,-0.0,1,Democracy
AD+FTD->FTD,o_max,ols,m002008_o_max_ord5_rk00009,5,0.2826178772997539,-0.0,1,Democracy
AD+FTD->FTD,o_max,ols,m006004_o_max_ord9_rk00005,9,0.2819878348095851,-0.0,1,Democracy
AD+FTD->FTD,o_max,ols,m005005_o_max_ord8_rk00006,8,0.281497575515942,-0.0,1,Democracy
AD+FTD->FTD,o_max,ols,m003000_o_max_ord6_rk00001,6,0.2788782600365632,-0.0,1,Democracy
AD+FTD->FTD,o_max,ols,m014013_o_max_ord17_rk00014,17,0.2781607697678853,-0.0,1,Democracy
AD+FTD->FTD,o_max,ols,m003001_o_max_ord6_rk00002,6,0.2781009459020966,-0.0,1,Democracy
AD+FTD->FTD,o_max,ols,m007019_o_max_ord10_rk00020,10,0.278064046009535,-0.0,1,Democracy
AD+FTD->FTD,o_max,ols,m012008_o_max_ord15_rk00009,15,0.2778176155067334,-0.0,1,Democracy
AD+FTD->FTD,o_max,ols,m002006_o_max_ord5_rk00007,5,0.2769870608131456,-0.0,1,Democracy
AD+FTD->FTD,o_max,ols,m001000_o_max_ord4_rk00001,4,0.2756181004891639,-0.0,1,Democracy
AD+FTD->FTD,o_max,ols,m006001_o_max_ord9_rk00002,9,0.2743138847898966,-0.0,1,Democracy
AD+FTD->FTD,o_max,ols,m002018_o_max_ord5_rk00019,5,0.2739583149072023,-0.0,1,Democracy
AD+FTD->FTD,o_max,ols,m011012_o_max_ord14_rk00013,14,0.2729981719455717,-0.0,1,Democracy
AD+FTD->FTD,o_max,ols,m005013_o_max_ord8_rk00014,8,0.2725749220372543,-0.0,1,Democracy
AD+FTD->FTD,o_max,ols,m007016_o_max_ord10_rk00017,10,0.2724368980646789,-0.0,1,Democracy
AD+FTD->FTD,o_max,ols,m002014_o_max_ord5_rk00015,5,0.2723759409662556,-0.0,1,Democracy
AD+FTD->FTD,o_max,ols,m003012_o_max_ord6_rk00013,6,0.269280924436648,-0.0,1,Democracy
AD+FTD->FTD,o_max,ols,m001003_o_max_ord4_rk00004,4,0.2674481969052352,-0.0,1,Democracy
AD+FTD->FTD,o_max,ols,m000001_o_max_ord3_rk00002,3,0.267282420264164,-0.0,1,Air Pollution
AD+FTD->FTD,o_max,ols,m012015_o_max_ord15_rk00016,15,0.2633515970612952,-0.0,1,Democracy
AD+FTD->FTD,o_max,ols,m013009_o_max_ord16_rk00010,16,0.261284376070005,0.3372900666170139,2,Democracy
AD+FTD->FTD,o_max,ols,m013018_o_max_ord16_rk00019,16,0.2606846821116314,-0.0,1,Democracy
AD+FTD->FTD,o_max,ols,m013015_o_max_ord16_rk00016,16,0.2604454648492796,-0.0,1,Democracy
AD+FTD->FTD,o_max,ols,m007018_o_max_ord10_rk00019,10,0.2603099390351167,-0.0,1,Democracy
AD+FTD->FTD,o_max,ols,m007009_o_max_ord10_rk00010,10,0.2603014614496475,-0.0,1,Democracy
AD+FTD->FTD,o_max,ols,m001014_o_max_ord4_rk00015,4,0.2597838846895158,-0.0,1,Democracy
AD+FTD->FTD,o_max,ols,m004000_o_max_ord7_rk00001,7,0.2585918822965021,-0.0,1,Democracy
AD+FTD->FTD,o_max,ols,m005016_o_max_ord8_rk00017,8,0.25794747598136,-0.0,1,Democracy
AD+FTD->FTD,o_max,ols,m004001_o_max_ord7_rk00002,7,0.2571019285128152,-0.0,1,Democracy
AD+FTD->FTD,o_max,ols,m005009_o_max_ord8_rk00010,8,0.2556715176414462,-0.0,1,Democracy
AD+FTD->FTD,o_max,ols,m003014_o_max_ord6_rk00015,6,0.2553748531744899,-0.0,1,Democracy
AD+FTD->FTD,o_max,ols,m002001_o_max_ord5_rk00002,5,0.2516473401367579,-0.0,1,Democracy
AD+FTD->FTD,o_max,ols,m003008_o_max_ord6_rk00009,6,0.2489099769015911,-0.0,1,Democracy
AD+FTD->FTD,o_max,ols,m005014_o_max_ord8_rk00015,8,0.2488567282039074,-0.0,1,Democracy
AD+FTD->FTD,o_max,ols,m002005_o_max_ord5_rk00006,5,0.2470375032915014,-0.0,1,Democracy
AD+FTD->FTD,o_max,ols,m000002_o_max_ord3_rk00003,3,0.2424470132937338,-0.0,1,Democracy
AD+FTD->FTD,o_max,ols,m005019_o_max_ord8_rk00020,8,0.2420980373508129,-0.0,1,Democracy
AD+FTD->FTD,o_max,ols,m002013_o_max_ord5_rk00014,5,0.2411746502866004,-0.0,1,Democracy
AD+FTD->FTD,o_max,ols,m004010_o_max_ord7_rk00011,7,0.2377913944223789,-0.0,1,Democracy
AD+FTD->FTD,o_max,ols,m004016_o_max_ord7_rk00017,7,0.2369896183447846,-0.0,1,Democracy
AD+FTD->FTD,o_max,ols,m005006_o_max_ord8_rk00007,8,0.2366957042367066,-0.0,1,Democracy
AD+FTD->FTD,o_max,ols,m005007_o_max_ord8_rk00008,8,0.2358155513684119,-0.0,1,Democracy
AD+FTD->FTD,o_max,ols,m002016_o_max_ord5_rk00017,5,0.2350402962581602,-0.0,1,Democracy
AD+FTD->FTD,o_max,ols,m006005_o_max_ord9_rk00006,9,0.2338086575223303,-0.0,1,Democracy
AD+FTD->FTD,o_max,ols,m006011_o_max_ord9_rk00012,9,0.2323576447258346,-0.0,1,Democracy
AD+FTD->FTD,o_max,ols,m005011_o_max_ord8_rk00012,8,0.2310340385146739,-0.0,1,Democracy
AD+FTD->FTD,o_max,ols,m003009_o_max_ord6_rk00010,6,0.2251292791877966,-0.0,1,Democracy
AD+FTD->FTD,o_max,ols,m003013_o_max_ord6_rk00014,6,0.2186795980381023,-0.0,1,Democracy
AD+FTD->FTD,o_max,ols,m003003_o_max_ord6_rk00004,6,0.2174722422021462,-0.0,1,Democracy
AD+FTD->FTD,o_max,ols,m001006_o_max_ord4_rk00007,4,0.2164878581692819,-0.0,1,Democracy
AD+FTD->FTD,o_max,ols,m006002_o_max_ord9_rk00003,9,0.2156161931308226,-0.0,1,Democracy
AD+FTD->FTD,o_max,ols,m002011_o_max_ord5_rk00012,5,0.2151033511300398,-0.0,1,Democracy
AD+FTD->FTD,o_max,ols,m004008_o_max_ord7_rk00009,7,0.2118294965903498,-0.0,1,Democracy
AD+FTD->FTD,o_max,ols,m002007_o_max_ord5_rk00008,5,0.2105122826648442,-0.0,1,Democracy
AD+FTD->FTD,o_max,ols,m003018_o_max_ord6_rk00019,6,0.2057359539365221,-0.0,1,Democracy
AD+FTD->FTD,o_max,ols,m004014_o_max_ord7_rk00015,7,0.20102275085416,-0.0,1,Democracy
AD+FTD->FTD,o_max,ols,m004005_o_max_ord7_rk00006,7,0.2006609313679733,-0.0,1,Democracy
AD+FTD->FTD,o_max,ols,m016019_o_max_ord19_rk00020,19,0.1994880905542061,0.2974722489192896,2,Democracy
AD+FTD->FTD,o_max,ols,m005015_o_max_ord8_rk00016,8,0.1973904072275235,-0.0,1,Democracy
AD+FTD->FTD,o_max,ols,m003016_o_max_ord6_rk00017,6,0.1953675617453942,-0.0,1,Democracy
AD+FTD->FTD,o_max,ols,m004018_o_max_ord7_rk00019,7,0.1950548332496098,-0.0,1,Democracy
AD+FTD->FTD,o_max,ols,m001019_o_max_ord4_rk00020,4,0.1936186229910292,-0.0,1,Air Pollution
AD+FTD->FTD,o_max,ols,m005017_o_max_ord8_rk00018,8,0.1930546382581954,-0.0,1,Democracy
AD+FTD->FTD,o_max,ols,m007012_o_max_ord10_rk00013,10,0.1914602821891778,-0.0,1,Democracy
AD+FTD->FTD,o_max,ols,m006018_o_max_ord9_rk00019,9,0.1889105955131095,-0.0,1,Democracy
AD+FTD->FTD,o_max,ols,m012012_o_max_ord15_rk00013,15,0.1887642304214434,-0.0,1,Democracy
AD+FTD->FTD,o_max,ols,m003010_o_max_ord6_rk00011,6,0.1877849575845462,-0.0,1,Democracy
AD+FTD->FTD,o_max,ols,m007008_o_max_ord10_rk00009,10,0.1851986632754801,-0.0,1,Democracy
AD+FTD->FTD,o_max,ols,m005004_o_max_ord8_rk00005,8,0.1835992229661173,-0.0,1,Democracy
AD+FTD->FTD,o_max,ols,m004009_o_max_ord7_rk00010,7,0.1834589352236899,-0.0,1,Democracy
AD+FTD->FTD,o_max,ols,m011011_o_max_ord14_rk00012,14,0.1796587891967451,-0.0,1,Democracy
AD+FTD->FTD,o_max,ols,m018005_o_max_ord21_rk00006,21,0.170158558900293,-0.0,1,Democracy
AD+FTD->FTD,o_max,ols,m005003_o_max_ord8_rk00004,8,0.1601723099594589,-0.0,1,Democracy
AD+FTD->FTD,o_max,ols,m016016_o_max_ord19_rk00017,19,0.1593252344044773,-0.0,1,Democracy
AD+FTD->FTD,o_max,ols,m012016_o_max_ord15_rk00017,15,0.1572526899326669,0.35335933502142136,2,Democracy
AD+FTD->FTD,o_max,ols,m017015_o_max_ord20_rk00016,20,0.1568315434874584,0.5689955935892812,3,Democracy
AD+FTD->FTD,o_max,ols,m017017_o_max_ord20_rk00018,20,0.156119752015712,0.2863969571159562,2,Democracy
AD+FTD->FTD,o_max,ols,m014008_o_max_ord17_rk00009,17,0.1508924229589882,-0.0,1,Democracy
AD+FTD->FTD,o_max,ols,m018010_o_max_ord21_rk00011,21,0.1459861507884882,-0.0,1,Democracy
AD+FTD->FTD,o_max,ols,m014007_o_max_ord17_rk00008,17,0.13532671392342,-0.0,1,Democracy
AD+FTD->FTD,o_max,ols,m015017_o_max_ord18_rk00018,18,0.1304230857874182,-0.0,1,Democracy
AD+FTD->FTD,o_max,ols,m017010_o_max_ord20_rk00011,20,0.1230224583752914,-0.0,1,Democracy
AD+FTD->FTD,o_max,ols,m013019_o_max_ord16_rk00020,16,0.1217207853909243,-0.0,1,Democracy
AD+FTD->FTD,o_max,ols,m015009_o_max_ord18_rk00010,18,0.119682273437177,-0.0,1,Democracy
AD+FTD->FTD,o_max,ols,m015014_o_max_ord18_rk00015,18,0.1109284667348916,0.3095434291503252,2,Democracy
AD+FTD->FTD,o_max,ols,m014016_o_max_ord17_rk00017,17,0.1053649626457459,-0.0,1,Democracy
AD+FTD->FTD,o_max,ols,m013011_o_max_ord16_rk00012,16,0.1034401006642572,-0.0,1,Democracy
